"Front","Back","Tag","ID"
"<div style=""text-align: left; font-family: -apple-system, sans-serif;""><div style=""font-size: 11px; color: #888; margin-bottom: 6px;"">[T02 - Funció pública] Pregunta 1</div><div style=""font-weight: bold; font-size: 16px; margin-bottom: 14px; line-height: 1.4;"">En quina situació queda un funcionari autoritzat a col·laborar més de sis mesos amb una organització internacional?</div><div style=""font-size: 14px; line-height: 1.6;""><div style=""padding: 5px 0;""><b>A)</b> En serveis especials.</div><div style=""padding: 5px 0;""><b>B)</b> En expectativa de destinació.</div><div style=""padding: 5px 0;""><b>C)</b> En servei actiu.</div><div style=""padding: 5px 0;""><b>D)</b> En excedència per incompatibilitats.</div></div></div>","<div style=""text-align: left; font-family: -apple-system, sans-serif;""><div style=""font-weight: bold; font-size: 16px; color: #10b981; margin-bottom: 8px;"">✓ Resposta Correcta: A</div><div style=""font-size: 14px; margin-bottom: 12px; padding: 10px; background: rgba(16,185,129,0.1); border-radius: 6px; border-left: 4px solid #10b981;"">A) En serveis especials.</div><hr style=""border: 0; border-top: 1px solid #ddd; margin: 12px 0;""><div style=""font-size: 13px; color: #444; line-height: 1.4;""><b style=""color: #111;"">Explicació:</b> La col·laboració internacional autoritzada per un període superior a sis mesos és un dels supòsits de serveis especials.</div></div>","T02_-_Funcio_publica","17709"
"<div style=""text-align: left; font-family: -apple-system, sans-serif;""><div style=""font-size: 11px; color: #888; margin-bottom: 6px;"">[T02 - Funció pública] Pregunta 2</div><div style=""font-weight: bold; font-size: 16px; margin-bottom: 14px; line-height: 1.4;"">Quines funcions exerceix el personal eventual?</div><div style=""font-size: 14px; line-height: 1.6;""><div style=""padding: 5px 0;""><b>A)</b> Funcions ordinàries de substitució temporal de funcionaris.</div><div style=""padding: 5px 0;""><b>B)</b> Funcions de confiança o assessorament especial.</div><div style=""padding: 5px 0;""><b>C)</b> Funcions instrumentals sotmeses a contracte laboral fix.</div><div style=""padding: 5px 0;""><b>D)</b> Funcions reservades a l’exercici de potestats públiques.</div></div></div>","<div style=""text-align: left; font-family: -apple-system, sans-serif;""><div style=""font-weight: bold; font-size: 16px; color: #10b981; margin-bottom: 8px;"">✓ Resposta Correcta: B</div><div style=""font-size: 14px; margin-bottom: 12px; padding: 10px; background: rgba(16,185,129,0.1); border-radius: 6px; border-left: 4px solid #10b981;"">B) Funcions de confiança o assessorament especial.</div><hr style=""border: 0; border-top: 1px solid #ddd; margin: 12px 0;""><div style=""font-size: 13px; color: #444; line-height: 1.4;""><b style=""color: #111;"">Explicació:</b> La raó de ser del personal eventual és prestar suport de confiança o assessorament especial a les autoritats que el nomenen.</div></div>","T02_-_Funcio_publica","17691"
"<div style=""text-align: left; font-family: -apple-system, sans-serif;""><div style=""font-size: 11px; color: #888; margin-bottom: 6px;"">[T02 - Funció pública] Pregunta 3</div><div style=""font-weight: bold; font-size: 16px; margin-bottom: 14px; line-height: 1.4;"">Quin termini hi ha per sol·licitar la compatibilitat d’un nou lloc que pot ser compatible?</div><div style=""font-size: 14px; line-height: 1.6;""><div style=""padding: 5px 0;""><b>A)</b> Deu dies des de la presa de possessió.</div><div style=""padding: 5px 0;""><b>B)</b> Cinc dies des del nomenament.</div><div style=""padding: 5px 0;""><b>C)</b> Un mes des de l’inici de l’activitat.</div><div style=""padding: 5px 0;""><b>D)</b> Quinze dies des de la publicació.</div></div></div>","<div style=""text-align: left; font-family: -apple-system, sans-serif;""><div style=""font-weight: bold; font-size: 16px; color: #10b981; margin-bottom: 8px;"">✓ Resposta Correcta: A</div><div style=""font-size: 14px; margin-bottom: 12px; padding: 10px; background: rgba(16,185,129,0.1); border-radius: 6px; border-left: 4px solid #10b981;"">A) Deu dies des de la presa de possessió.</div><hr style=""border: 0; border-top: 1px solid #ddd; margin: 12px 0;""><div style=""font-size: 13px; color: #444; line-height: 1.4;""><b style=""color: #111;"">Explicació:</b> La sol·licitud s’ha de presentar en un termini breu de deu dies comptats des de la presa de possessió del nou lloc.</div></div>","T02_-_Funcio_publica","17740"
"<div style=""text-align: left; font-family: -apple-system, sans-serif;""><div style=""font-size: 11px; color: #888; margin-bottom: 6px;"">[T02 - Funció pública] Pregunta 4</div><div style=""font-weight: bold; font-size: 16px; margin-bottom: 14px; line-height: 1.4;"">Quin càrrec comporta el pas a serveis especials quan és incompatible amb la funció pública?</div><div style=""font-size: 14px; line-height: 1.6;""><div style=""padding: 5px 0;""><b>A)</b> Una adscripció provisional a un lloc vacant.</div><div style=""padding: 5px 0;""><b>B)</b> Un lloc obtingut per concurs dins el mateix departament.</div><div style=""padding: 5px 0;""><b>C)</b> Un càrrec electe o polític.</div><div style=""padding: 5px 0;""><b>D)</b> Una comissió de serveis de caràcter temporal.</div></div></div>","<div style=""text-align: left; font-family: -apple-system, sans-serif;""><div style=""font-weight: bold; font-size: 16px; color: #10b981; margin-bottom: 8px;"">✓ Resposta Correcta: C</div><div style=""font-size: 14px; margin-bottom: 12px; padding: 10px; background: rgba(16,185,129,0.1); border-radius: 6px; border-left: 4px solid #10b981;"">C) Un càrrec electe o polític.</div><hr style=""border: 0; border-top: 1px solid #ddd; margin: 12px 0;""><div style=""font-size: 13px; color: #444; line-height: 1.4;""><b style=""color: #111;"">Explicació:</b> Els càrrecs electes o polítics incompatibles amb l’exercici ordinari de la funció pública justifiquen aquesta situació administrativa.</div></div>","T02_-_Funcio_publica","17711"
"<div style=""text-align: left; font-family: -apple-system, sans-serif;""><div style=""font-size: 11px; color: #888; margin-bottom: 6px;"">[T02 - Funció pública] Pregunta 5</div><div style=""font-weight: bold; font-size: 16px; margin-bottom: 14px; line-height: 1.4;"">Quin efecte té la renúncia a la condició de funcionari de la Generalitat?</div><div style=""font-size: 14px; line-height: 1.6;""><div style=""padding: 5px 0;""><b>A)</b> No inhabilita per tornar a ingressar a la funció pública.</div><div style=""padding: 5px 0;""><b>B)</b> Comporta la separació definitiva del servei per sanció.</div><div style=""padding: 5px 0;""><b>C)</b> Conserva automàticament el lloc de treball anterior.</div><div style=""padding: 5px 0;""><b>D)</b> Impedeix participar en processos selectius durant cinc anys.</div></div></div>","<div style=""text-align: left; font-family: -apple-system, sans-serif;""><div style=""font-weight: bold; font-size: 16px; color: #10b981; margin-bottom: 8px;"">✓ Resposta Correcta: A</div><div style=""font-size: 14px; margin-bottom: 12px; padding: 10px; background: rgba(16,185,129,0.1); border-radius: 6px; border-left: 4px solid #10b981;"">A) No inhabilita per tornar a ingressar a la funció pública.</div><hr style=""border: 0; border-top: 1px solid #ddd; margin: 12px 0;""><div style=""font-size: 13px; color: #444; line-height: 1.4;""><b style=""color: #111;"">Explicació:</b> La renúncia extingeix la relació vigent, però no és una sanció i no impedeix un nou accés mitjançant el procediment corresponent.</div></div>","T02_-_Funcio_publica","17705"
"<div style=""text-align: left; font-family: -apple-system, sans-serif;""><div style=""font-size: 11px; color: #888; margin-bottom: 6px;"">[T02 - Funció pública] Pregunta 6</div><div style=""font-weight: bold; font-size: 16px; margin-bottom: 14px; line-height: 1.4;"">Durant quin període impedeix la compatibilitat haver intervingut en un assumpte per raó del lloc públic?</div><div style=""font-size: 14px; line-height: 1.6;""><div style=""padding: 5px 0;""><b>A)</b> Durant els cinc darrers anys.</div><div style=""padding: 5px 0;""><b>B)</b> Durant els sis darrers mesos.</div><div style=""padding: 5px 0;""><b>C)</b> Durant els tres darrers anys.</div><div style=""padding: 5px 0;""><b>D)</b> Durant els dos darrers anys.</div></div></div>","<div style=""text-align: left; font-family: -apple-system, sans-serif;""><div style=""font-weight: bold; font-size: 16px; color: #10b981; margin-bottom: 8px;"">✓ Resposta Correcta: D</div><div style=""font-size: 14px; margin-bottom: 12px; padding: 10px; background: rgba(16,185,129,0.1); border-radius: 6px; border-left: 4px solid #10b981;"">D) Durant els dos darrers anys.</div><hr style=""border: 0; border-top: 1px solid #ddd; margin: 12px 0;""><div style=""font-size: 13px; color: #444; line-height: 1.4;""><b style=""color: #111;"">Explicació:</b> La prohibició s’estén als assumptes en què la persona intervé, ha intervingut en els dos anys anteriors o haurà d’intervenir.</div></div>","T02_-_Funcio_publica","17743"
"<div style=""text-align: left; font-family: -apple-system, sans-serif;""><div style=""font-size: 11px; color: #888; margin-bottom: 6px;"">[T02 - Funció pública] Pregunta 7</div><div style=""font-weight: bold; font-size: 16px; margin-bottom: 14px; line-height: 1.4;"">Què ha de fer un empleat públic davant un assumpte en què té un interès personal?</div><div style=""font-size: 14px; line-height: 1.6;""><div style=""padding: 5px 0;""><b>A)</b> Delegar-ne la signatura però mantenir-ne la decisió.</div><div style=""padding: 5px 0;""><b>B)</b> Continuar la tramitació si no rep una ordre contrària.</div><div style=""padding: 5px 0;""><b>C)</b> Abstenir-se d’intervenir-hi.</div><div style=""padding: 5px 0;""><b>D)</b> Informar-ne després d’haver resolt el procediment.</div></div></div>","<div style=""text-align: left; font-family: -apple-system, sans-serif;""><div style=""font-weight: bold; font-size: 16px; color: #10b981; margin-bottom: 8px;"">✓ Resposta Correcta: C</div><div style=""font-size: 14px; margin-bottom: 12px; padding: 10px; background: rgba(16,185,129,0.1); border-radius: 6px; border-left: 4px solid #10b981;"">C) Abstenir-se d’intervenir-hi.</div><hr style=""border: 0; border-top: 1px solid #ddd; margin: 12px 0;""><div style=""font-size: 13px; color: #444; line-height: 1.4;""><b style=""color: #111;"">Explicació:</b> L’abstenció evita conflictes entre l’interès personal i les responsabilitats inherents al lloc públic.</div></div>","T02_-_Funcio_publica","17701"
"<div style=""text-align: left; font-family: -apple-system, sans-serif;""><div style=""font-size: 11px; color: #888; margin-bottom: 6px;"">[T02 - Funció pública] Pregunta 8</div><div style=""font-weight: bold; font-size: 16px; margin-bottom: 14px; line-height: 1.4;"">Quina norma regula les incompatibilitats del personal al servei de l’Administració de la Generalitat?</div><div style=""font-size: 14px; line-height: 1.6;""><div style=""padding: 5px 0;""><b>A)</b> El Reial decret legislatiu 5/2015, de 30 d’octubre.</div><div style=""padding: 5px 0;""><b>B)</b> El Decret 243/1995, de 27 de juny.</div><div style=""padding: 5px 0;""><b>C)</b> La Llei 21/1987, de 26 de novembre.</div><div style=""padding: 5px 0;""><b>D)</b> El Decret 123/1997, de 13 de maig.</div></div></div>","<div style=""text-align: left; font-family: -apple-system, sans-serif;""><div style=""font-weight: bold; font-size: 16px; color: #10b981; margin-bottom: 8px;"">✓ Resposta Correcta: C</div><div style=""font-size: 14px; margin-bottom: 12px; padding: 10px; background: rgba(16,185,129,0.1); border-radius: 6px; border-left: 4px solid #10b981;"">C) La Llei 21/1987, de 26 de novembre.</div><hr style=""border: 0; border-top: 1px solid #ddd; margin: 12px 0;""><div style=""font-size: 13px; color: #444; line-height: 1.4;""><b style=""color: #111;"">Explicació:</b> La Llei 21/1987 estableix el règim català d’incompatibilitats i les condicions per autoritzar activitats públiques o privades.</div></div>","T02_-_Funcio_publica","17680"
"<div style=""text-align: left; font-family: -apple-system, sans-serif;""><div style=""font-size: 11px; color: #888; margin-bottom: 6px;"">[T02 - Funció pública] Pregunta 9</div><div style=""font-weight: bold; font-size: 16px; margin-bottom: 14px; line-height: 1.4;"">Quin dret reconeix el Decret legislatiu 1/1997 respecte de l’expedient personal?</div><div style=""font-size: 14px; line-height: 1.6;""><div style=""padding: 5px 0;""><b>A)</b> Restringir-ne l’accés als representants sindicals.</div><div style=""padding: 5px 0;""><b>B)</b> Modificar-ne directament les anotacions administratives.</div><div style=""padding: 5px 0;""><b>C)</b> Eliminar-ne els antecedents disciplinaris sense resolució.</div><div style=""padding: 5px 0;""><b>D)</b> Conèixer l’expedient individual i accedir-hi lliurement.</div></div></div>","<div style=""text-align: left; font-family: -apple-system, sans-serif;""><div style=""font-weight: bold; font-size: 16px; color: #10b981; margin-bottom: 8px;"">✓ Resposta Correcta: D</div><div style=""font-size: 14px; margin-bottom: 12px; padding: 10px; background: rgba(16,185,129,0.1); border-radius: 6px; border-left: 4px solid #10b981;"">D) Conèixer l’expedient individual i accedir-hi lliurement.</div><hr style=""border: 0; border-top: 1px solid #ddd; margin: 12px 0;""><div style=""font-size: 13px; color: #444; line-height: 1.4;""><b style=""color: #111;"">Explicació:</b> L’accés a l’expedient permet al funcionari conèixer la informació administrativa que afecta la seva relació de servei.</div></div>","T02_-_Funcio_publica","17699"
"<div style=""text-align: left; font-family: -apple-system, sans-serif;""><div style=""font-size: 11px; color: #888; margin-bottom: 6px;"">[T02 - Funció pública] Pregunta 10</div><div style=""font-weight: bold; font-size: 16px; margin-bottom: 14px; line-height: 1.4;"">Quina consideració té el personal directiu professional en el desplegament del TREBEP?</div><div style=""font-size: 14px; line-height: 1.6;""><div style=""padding: 5px 0;""><b>A)</b> Es troba fora dels considerats empleats públics.</div><div style=""padding: 5px 0;""><b>B)</b> Es classifica com a personal laboral temporal.</div><div style=""padding: 5px 0;""><b>C)</b> Forma part dels funcionaris de carrera.</div><div style=""padding: 5px 0;""><b>D)</b> S’integra en el personal eventual.</div></div></div>","<div style=""text-align: left; font-family: -apple-system, sans-serif;""><div style=""font-weight: bold; font-size: 16px; color: #10b981; margin-bottom: 8px;"">✓ Resposta Correcta: A</div><div style=""font-size: 14px; margin-bottom: 12px; padding: 10px; background: rgba(16,185,129,0.1); border-radius: 6px; border-left: 4px solid #10b981;"">A) Es troba fora dels considerats empleats públics.</div><hr style=""border: 0; border-top: 1px solid #ddd; margin: 12px 0;""><div style=""font-size: 13px; color: #444; line-height: 1.4;""><b style=""color: #111;"">Explicació:</b> El temari el situa fora de les classes d’empleats públics, tot i que presta funcions directives professionals a les administracions.</div></div>","T02_-_Funcio_publica","17694"
"<div style=""text-align: left; font-family: -apple-system, sans-serif;""><div style=""font-size: 11px; color: #888; margin-bottom: 6px;"">[T02 - Funció pública] Pregunta 11</div><div style=""font-weight: bold; font-size: 16px; margin-bottom: 14px; line-height: 1.4;"">Quines funcions es reserven als funcionaris de carrera?</div><div style=""font-size: 14px; line-height: 1.6;""><div style=""padding: 5px 0;""><b>A)</b> Les activitats instrumentals sotmeses a contracte laboral temporal.</div><div style=""padding: 5px 0;""><b>B)</b> Les tasques de confiança i assessorament especial.</div><div style=""padding: 5px 0;""><b>C)</b> Les funcions directives sotmeses a una relació d’alta direcció.</div><div style=""padding: 5px 0;""><b>D)</b> La participació en potestats públiques o la salvaguarda dels interessos generals.</div></div></div>","<div style=""text-align: left; font-family: -apple-system, sans-serif;""><div style=""font-weight: bold; font-size: 16px; color: #10b981; margin-bottom: 8px;"">✓ Resposta Correcta: D</div><div style=""font-size: 14px; margin-bottom: 12px; padding: 10px; background: rgba(16,185,129,0.1); border-radius: 6px; border-left: 4px solid #10b981;"">D) La participació en potestats públiques o la salvaguarda dels interessos generals.</div><hr style=""border: 0; border-top: 1px solid #ddd; margin: 12px 0;""><div style=""font-size: 13px; color: #444; line-height: 1.4;""><b style=""color: #111;"">Explicació:</b> La intervenció directa o indirecta en les potestats públiques i la protecció dels interessos generals justifiquen la naturalesa funcionarial d’aquests llocs.</div></div>","T02_-_Funcio_publica","17683"
"<div style=""text-align: left; font-family: -apple-system, sans-serif;""><div style=""font-size: 11px; color: #888; margin-bottom: 6px;"">[T02 - Funció pública] Pregunta 12</div><div style=""font-weight: bold; font-size: 16px; margin-bottom: 14px; line-height: 1.4;"">Quins principis ordenen la funció pública?</div><div style=""font-size: 14px; line-height: 1.6;""><div style=""padding: 5px 0;""><b>A)</b> Mèrit, capacitat, celeritat, especialització i confiança.</div><div style=""padding: 5px 0;""><b>B)</b> Legalitat, objectivitat, economia, eficàcia i eficiència.</div><div style=""padding: 5px 0;""><b>C)</b> Igualtat, publicitat, concurrència, jerarquia i mobilitat.</div><div style=""padding: 5px 0;""><b>D)</b> Transparència, imparcialitat, antiguitat, carrera i coordinació.</div></div></div>","<div style=""text-align: left; font-family: -apple-system, sans-serif;""><div style=""font-weight: bold; font-size: 16px; color: #10b981; margin-bottom: 8px;"">✓ Resposta Correcta: B</div><div style=""font-size: 14px; margin-bottom: 12px; padding: 10px; background: rgba(16,185,129,0.1); border-radius: 6px; border-left: 4px solid #10b981;"">B) Legalitat, objectivitat, economia, eficàcia i eficiència.</div><hr style=""border: 0; border-top: 1px solid #ddd; margin: 12px 0;""><div style=""font-size: 13px; color: #444; line-height: 1.4;""><b style=""color: #111;"">Explicació:</b> Aquests cinc principis orienten l’organització i el funcionament de la funció pública com a instrument de l’Administració.</div></div>","T02_-_Funcio_publica","17674"
"<div style=""text-align: left; font-family: -apple-system, sans-serif;""><div style=""font-size: 11px; color: #888; margin-bottom: 6px;"">[T02 - Funció pública] Pregunta 13</div><div style=""font-weight: bold; font-size: 16px; margin-bottom: 14px; line-height: 1.4;"">Quins llocs pot ocupar el personal laboral?</div><div style=""font-size: 14px; line-height: 1.6;""><div style=""padding: 5px 0;""><b>A)</b> Llocs reservats a l’exercici de potestats públiques.</div><div style=""padding: 5px 0;""><b>B)</b> Llocs no permanents, periòdics o instrumentals i activitats pròpies d’oficis.</div><div style=""padding: 5px 0;""><b>C)</b> Càrrecs de confiança i assessorament especial.</div><div style=""padding: 5px 0;""><b>D)</b> Llocs de comandament proveïts per lliure designació.</div></div></div>","<div style=""text-align: left; font-family: -apple-system, sans-serif;""><div style=""font-weight: bold; font-size: 16px; color: #10b981; margin-bottom: 8px;"">✓ Resposta Correcta: B</div><div style=""font-size: 14px; margin-bottom: 12px; padding: 10px; background: rgba(16,185,129,0.1); border-radius: 6px; border-left: 4px solid #10b981;"">B) Llocs no permanents, periòdics o instrumentals i activitats pròpies d’oficis.</div><hr style=""border: 0; border-top: 1px solid #ddd; margin: 12px 0;""><div style=""font-size: 13px; color: #444; line-height: 1.4;""><b style=""color: #111;"">Explicació:</b> El temari vincula el personal laboral a necessitats no permanents o discontínues i a funcions d’ofici o de caràcter instrumental.</div></div>","T02_-_Funcio_publica","17689"
"<div style=""text-align: left; font-family: -apple-system, sans-serif;""><div style=""font-size: 11px; color: #888; margin-bottom: 6px;"">[T02 - Funció pública] Pregunta 14</div><div style=""font-weight: bold; font-size: 16px; margin-bottom: 14px; line-height: 1.4;"">Quin límit de jornada permet reconèixer la compatibilitat entre una activitat pública i una de privada?</div><div style=""font-size: 14px; line-height: 1.6;""><div style=""padding: 5px 0;""><b>A)</b> Que les dues jornades tinguin exactament la mateixa durada.</div><div style=""padding: 5px 0;""><b>B)</b> Que la suma no superi la jornada ordinària incrementada en un 25%.</div><div style=""padding: 5px 0;""><b>C)</b> Que la suma no superi la jornada ordinària incrementada en un 50%.</div><div style=""padding: 5px 0;""><b>D)</b> Que l’activitat privada no superi una tercera part de la jornada pública.</div></div></div>","<div style=""text-align: left; font-family: -apple-system, sans-serif;""><div style=""font-weight: bold; font-size: 16px; color: #10b981; margin-bottom: 8px;"">✓ Resposta Correcta: C</div><div style=""font-size: 14px; margin-bottom: 12px; padding: 10px; background: rgba(16,185,129,0.1); border-radius: 6px; border-left: 4px solid #10b981;"">C) Que la suma no superi la jornada ordinària incrementada en un 50%.</div><hr style=""border: 0; border-top: 1px solid #ddd; margin: 12px 0;""><div style=""font-size: 13px; color: #444; line-height: 1.4;""><b style=""color: #111;"">Explicació:</b> El límit global evita que la segona activitat impedeixi el compliment adequat de la jornada i de les responsabilitats públiques.</div></div>","T02_-_Funcio_publica","17744"
"<div style=""text-align: left; font-family: -apple-system, sans-serif;""><div style=""font-size: 11px; color: #888; margin-bottom: 6px;"">[T02 - Funció pública] Pregunta 15</div><div style=""font-weight: bold; font-size: 16px; margin-bottom: 14px; line-height: 1.4;"">Quin requisit exigeix l’excedència voluntària per interès particular?</div><div style=""font-size: 14px; line-height: 1.6;""><div style=""padding: 5px 0;""><b>A)</b> Haver prestat cinc anys de servei actiu.</div><div style=""padding: 5px 0;""><b>B)</b> Haver participat en l’últim concurs de trasllats.</div><div style=""padding: 5px 0;""><b>C)</b> Tenir un grau personal consolidat.</div><div style=""padding: 5px 0;""><b>D)</b> Haver ocupat dos anys el mateix lloc definitiu.</div></div></div>","<div style=""text-align: left; font-family: -apple-system, sans-serif;""><div style=""font-weight: bold; font-size: 16px; color: #10b981; margin-bottom: 8px;"">✓ Resposta Correcta: A</div><div style=""font-size: 14px; margin-bottom: 12px; padding: 10px; background: rgba(16,185,129,0.1); border-radius: 6px; border-left: 4px solid #10b981;"">A) Haver prestat cinc anys de servei actiu.</div><hr style=""border: 0; border-top: 1px solid #ddd; margin: 12px 0;""><div style=""font-size: 13px; color: #444; line-height: 1.4;""><b style=""color: #111;"">Explicació:</b> Aquesta excedència requereix una antiguitat prèvia de cinc anys i la seva concessió depèn de les necessitats del servei.</div></div>","T02_-_Funcio_publica","17718"
"<div style=""text-align: left; font-family: -apple-system, sans-serif;""><div style=""font-size: 11px; color: #888; margin-bottom: 6px;"">[T02 - Funció pública] Pregunta 16</div><div style=""font-weight: bold; font-size: 16px; margin-bottom: 14px; line-height: 1.4;"">Quin règim de drets i responsabilitats té el funcionari en servei actiu?</div><div style=""font-size: 14px; line-height: 1.6;""><div style=""padding: 5px 0;""><b>A)</b> Queda sotmès al règim laboral de l’organisme on presta serveis.</div><div style=""padding: 5px 0;""><b>B)</b> Perd els drets de carrera fins a obtenir una nova destinació.</div><div style=""padding: 5px 0;""><b>C)</b> Manté tots els drets, deures i responsabilitats funcionarials.</div><div style=""padding: 5px 0;""><b>D)</b> Conserva els drets econòmics però queda exempt de deures.</div></div></div>","<div style=""text-align: left; font-family: -apple-system, sans-serif;""><div style=""font-weight: bold; font-size: 16px; color: #10b981; margin-bottom: 8px;"">✓ Resposta Correcta: C</div><div style=""font-size: 14px; margin-bottom: 12px; padding: 10px; background: rgba(16,185,129,0.1); border-radius: 6px; border-left: 4px solid #10b981;"">C) Manté tots els drets, deures i responsabilitats funcionarials.</div><hr style=""border: 0; border-top: 1px solid #ddd; margin: 12px 0;""><div style=""font-size: 13px; color: #444; line-height: 1.4;""><b style=""color: #111;"">Explicació:</b> La situació de servei actiu implica l’exercici ple de la relació estatutària, tant en drets com en obligacions.</div></div>","T02_-_Funcio_publica","17707"
"<div style=""text-align: left; font-family: -apple-system, sans-serif;""><div style=""font-size: 11px; color: #888; margin-bottom: 6px;"">[T02 - Funció pública] Pregunta 17</div><div style=""font-weight: bold; font-size: 16px; margin-bottom: 14px; line-height: 1.4;"">Quines retribucions percep un funcionari en expectativa de destinació?</div><div style=""font-size: 14px; line-height: 1.6;""><div style=""padding: 5px 0;""><b>A)</b> El sou base sense triennis ni complements.</div><div style=""padding: 5px 0;""><b>B)</b> Les bàsiques i la totalitat del complement específic.</div><div style=""padding: 5px 0;""><b>C)</b> Les bàsiques, el complement de destinació del grau personal i el 50% del complement específic.</div><div style=""padding: 5px 0;""><b>D)</b> Les mateixes retribucions íntegres del lloc suprimit.</div></div></div>","<div style=""text-align: left; font-family: -apple-system, sans-serif;""><div style=""font-weight: bold; font-size: 16px; color: #10b981; margin-bottom: 8px;"">✓ Resposta Correcta: C</div><div style=""font-size: 14px; margin-bottom: 12px; padding: 10px; background: rgba(16,185,129,0.1); border-radius: 6px; border-left: 4px solid #10b981;"">C) Les bàsiques, el complement de destinació del grau personal i el 50% del complement específic.</div><hr style=""border: 0; border-top: 1px solid #ddd; margin: 12px 0;""><div style=""font-size: 13px; color: #444; line-height: 1.4;""><b style=""color: #111;"">Explicació:</b> El règim econòmic manté una part rellevant de les retribucions, però redueix a la meitat el complement específic.</div></div>","T02_-_Funcio_publica","17723"
"<div style=""text-align: left; font-family: -apple-system, sans-serif;""><div style=""font-size: 11px; color: #888; margin-bottom: 6px;"">[T02 - Funció pública] Pregunta 18</div><div style=""font-weight: bold; font-size: 16px; margin-bottom: 14px; line-height: 1.4;"">A quin personal s’aplica el Reglament disciplinari aprovat pel Decret 243/1995?</div><div style=""font-size: 14px; line-height: 1.6;""><div style=""padding: 5px 0;""><b>A)</b> Als càrrecs electes i als membres del Parlament de Catalunya.</div><div style=""padding: 5px 0;""><b>B)</b> Al personal funcionari, aspirant, interí, eventual i amb contracte administratiu dels departaments.</div><div style=""padding: 5px 0;""><b>C)</b> Al personal de qualsevol administració estatal o europea.</div><div style=""padding: 5px 0;""><b>D)</b> Al personal laboral de totes les empreses privades contractistes.</div></div></div>","<div style=""text-align: left; font-family: -apple-system, sans-serif;""><div style=""font-weight: bold; font-size: 16px; color: #10b981; margin-bottom: 8px;"">✓ Resposta Correcta: B</div><div style=""font-size: 14px; margin-bottom: 12px; padding: 10px; background: rgba(16,185,129,0.1); border-radius: 6px; border-left: 4px solid #10b981;"">B) Al personal funcionari, aspirant, interí, eventual i amb contracte administratiu dels departaments.</div><hr style=""border: 0; border-top: 1px solid #ddd; margin: 12px 0;""><div style=""font-size: 13px; color: #444; line-height: 1.4;""><b style=""color: #111;"">Explicació:</b> L’àmbit del reglament se centra en el personal vinculat als departaments de la Generalitat mitjançant les relacions indicades.</div></div>","T02_-_Funcio_publica","17751"
"<div style=""text-align: left; font-family: -apple-system, sans-serif;""><div style=""font-size: 11px; color: #888; margin-bottom: 6px;"">[T02 - Funció pública] Pregunta 19</div><div style=""font-weight: bold; font-size: 16px; margin-bottom: 14px; line-height: 1.4;"">Quina relació mantenen els funcionaris amb l’Administració?</div><div style=""font-size: 14px; line-height: 1.6;""><div style=""padding: 5px 0;""><b>A)</b> Una relació estatutària regulada pel dret de la funció pública.</div><div style=""padding: 5px 0;""><b>B)</b> Una relació mercantil regulada pels contractes de serveis.</div><div style=""padding: 5px 0;""><b>C)</b> Una relació representativa regulada pels òrgans sindicals.</div><div style=""padding: 5px 0;""><b>D)</b> Una relació laboral ordinària regulada principalment per conveni col·lectiu.</div></div></div>","<div style=""text-align: left; font-family: -apple-system, sans-serif;""><div style=""font-weight: bold; font-size: 16px; color: #10b981; margin-bottom: 8px;"">✓ Resposta Correcta: A</div><div style=""font-size: 14px; margin-bottom: 12px; padding: 10px; background: rgba(16,185,129,0.1); border-radius: 6px; border-left: 4px solid #10b981;"">A) Una relació estatutària regulada pel dret de la funció pública.</div><hr style=""border: 0; border-top: 1px solid #ddd; margin: 12px 0;""><div style=""font-size: 13px; color: #444; line-height: 1.4;""><b style=""color: #111;"">Explicació:</b> La relació estatutària diferencia els funcionaris del personal sotmès a contracte laboral i determina els seus drets i obligacions mitjançant normes administratives.</div></div>","T02_-_Funcio_publica","17675"
"<div style=""text-align: left; font-family: -apple-system, sans-serif;""><div style=""font-size: 11px; color: #888; margin-bottom: 6px;"">[T02 - Funció pública] Pregunta 20</div><div style=""font-weight: bold; font-size: 16px; margin-bottom: 14px; line-height: 1.4;"">Quins principis regeixen el procediment disciplinari del Decret legislatiu 1/1997?</div><div style=""font-size: 14px; line-height: 1.6;""><div style=""padding: 5px 0;""><b>A)</b> Legalitat, contradicció, audiència, presumpció d’innocència i proporcionalitat.</div><div style=""padding: 5px 0;""><b>B)</b> Igualtat, mèrit, capacitat, publicitat i celeritat.</div><div style=""padding: 5px 0;""><b>C)</b> Confiança, idoneïtat, concurrència, mobilitat i carrera.</div><div style=""padding: 5px 0;""><b>D)</b> Eficàcia, eficiència, economia, jerarquia i coordinació.</div></div></div>","<div style=""text-align: left; font-family: -apple-system, sans-serif;""><div style=""font-weight: bold; font-size: 16px; color: #10b981; margin-bottom: 8px;"">✓ Resposta Correcta: A</div><div style=""font-size: 14px; margin-bottom: 12px; padding: 10px; background: rgba(16,185,129,0.1); border-radius: 6px; border-left: 4px solid #10b981;"">A) Legalitat, contradicció, audiència, presumpció d’innocència i proporcionalitat.</div><hr style=""border: 0; border-top: 1px solid #ddd; margin: 12px 0;""><div style=""font-size: 13px; color: #444; line-height: 1.4;""><b style=""color: #111;"">Explicació:</b> Aquests principis protegeixen les garanties de l’inculpat i exigeixen que la resposta disciplinària sigui legal i proporcionada.</div></div>","T02_-_Funcio_publica","17748"
"<div style=""text-align: left; font-family: -apple-system, sans-serif;""><div style=""font-size: 11px; color: #888; margin-bottom: 6px;"">[T02 - Funció pública] Pregunta 21</div><div style=""font-weight: bold; font-size: 16px; margin-bottom: 14px; line-height: 1.4;"">Què regula el Decret 123/1997, de 13 de maig?</div><div style=""font-size: 14px; line-height: 1.6;""><div style=""padding: 5px 0;""><b>A)</b> Les bases estatals del règim estatutari dels empleats públics.</div><div style=""padding: 5px 0;""><b>B)</b> La provisió de llocs de treball i la promoció professional dels funcionaris de la Generalitat.</div><div style=""padding: 5px 0;""><b>C)</b> Les incompatibilitats del personal de les administracions catalanes.</div><div style=""padding: 5px 0;""><b>D)</b> El règim disciplinari de la funció pública de la Generalitat.</div></div></div>","<div style=""text-align: left; font-family: -apple-system, sans-serif;""><div style=""font-weight: bold; font-size: 16px; color: #10b981; margin-bottom: 8px;"">✓ Resposta Correcta: B</div><div style=""font-size: 14px; margin-bottom: 12px; padding: 10px; background: rgba(16,185,129,0.1); border-radius: 6px; border-left: 4px solid #10b981;"">B) La provisió de llocs de treball i la promoció professional dels funcionaris de la Generalitat.</div><hr style=""border: 0; border-top: 1px solid #ddd; margin: 12px 0;""><div style=""font-size: 13px; color: #444; line-height: 1.4;""><b style=""color: #111;"">Explicació:</b> Aquest decret desplega els procediments de provisió de llocs i promoció professional dins l’Administració de la Generalitat.</div></div>","T02_-_Funcio_publica","17681"
"<div style=""text-align: left; font-family: -apple-system, sans-serif;""><div style=""font-size: 11px; color: #888; margin-bottom: 6px;"">[T02 - Funció pública] Pregunta 22</div><div style=""font-weight: bold; font-size: 16px; margin-bottom: 14px; line-height: 1.4;"">Quin efecte té un canvi de lloc públic sobre un reconeixement de compatibilitat vigent?</div><div style=""font-size: 14px; line-height: 1.6;""><div style=""padding: 5px 0;""><b>A)</b> El reconeixement queda automàticament sense efecte.</div><div style=""padding: 5px 0;""><b>B)</b> Es manté fins que finalitza l’any pressupostari.</div><div style=""padding: 5px 0;""><b>C)</b> Es transforma en una autorització provisional.</div><div style=""padding: 5px 0;""><b>D)</b> Es prorroga durant sis mesos per adaptar els horaris.</div></div></div>","<div style=""text-align: left; font-family: -apple-system, sans-serif;""><div style=""font-weight: bold; font-size: 16px; color: #10b981; margin-bottom: 8px;"">✓ Resposta Correcta: A</div><div style=""font-size: 14px; margin-bottom: 12px; padding: 10px; background: rgba(16,185,129,0.1); border-radius: 6px; border-left: 4px solid #10b981;"">A) El reconeixement queda automàticament sense efecte.</div><hr style=""border: 0; border-top: 1px solid #ddd; margin: 12px 0;""><div style=""font-size: 13px; color: #444; line-height: 1.4;""><b style=""color: #111;"">Explicació:</b> La compatibilitat s’atorga en funció d’unes condicions concretes; si canvia el lloc o les seves condicions, cal una nova valoració.</div></div>","T02_-_Funcio_publica","17741"
"<div style=""text-align: left; font-family: -apple-system, sans-serif;""><div style=""font-size: 11px; color: #888; margin-bottom: 6px;"">[T02 - Funció pública] Pregunta 23</div><div style=""font-weight: bold; font-size: 16px; margin-bottom: 14px; line-height: 1.4;"">Quina consideració té el trasllat per raó de violència de gènere?</div><div style=""font-size: 14px; line-height: 1.6;""><div style=""padding: 5px 0;""><b>A)</b> Mobilitat voluntària entre administracions.</div><div style=""padding: 5px 0;""><b>B)</b> Comissió de serveis ordinària.</div><div style=""padding: 5px 0;""><b>C)</b> Adscripció provisional per concurs.</div><div style=""padding: 5px 0;""><b>D)</b> Trasllat forçós.</div></div></div>","<div style=""text-align: left; font-family: -apple-system, sans-serif;""><div style=""font-weight: bold; font-size: 16px; color: #10b981; margin-bottom: 8px;"">✓ Resposta Correcta: D</div><div style=""font-size: 14px; margin-bottom: 12px; padding: 10px; background: rgba(16,185,129,0.1); border-radius: 6px; border-left: 4px solid #10b981;"">D) Trasllat forçós.</div><hr style=""border: 0; border-top: 1px solid #ddd; margin: 12px 0;""><div style=""font-size: 13px; color: #444; line-height: 1.4;""><b style=""color: #111;"">Explicació:</b> Tot i respondre a una necessitat de protecció de la interessada, jurídicament rep la consideració de trasllat forçós i exigeix protegir-ne la intimitat.</div></div>","T02_-_Funcio_publica","17726"
"<div style=""text-align: left; font-family: -apple-system, sans-serif;""><div style=""font-size: 11px; color: #888; margin-bottom: 6px;"">[T02 - Funció pública] Pregunta 24</div><div style=""font-weight: bold; font-size: 16px; margin-bottom: 14px; line-height: 1.4;"">Quin règim estatutari s’aplica al funcionari destinat en una altra administració?</div><div style=""font-size: 14px; line-height: 1.6;""><div style=""padding: 5px 0;""><b>A)</b> El règim laboral comú aplicable al personal temporal.</div><div style=""padding: 5px 0;""><b>B)</b> El règim especial del personal eventual.</div><div style=""padding: 5px 0;""><b>C)</b> El règim del departament d’origen durant tota la destinació.</div><div style=""padding: 5px 0;""><b>D)</b> El règim vigent a l’administració on presta els serveis.</div></div></div>","<div style=""text-align: left; font-family: -apple-system, sans-serif;""><div style=""font-weight: bold; font-size: 16px; color: #10b981; margin-bottom: 8px;"">✓ Resposta Correcta: D</div><div style=""font-size: 14px; margin-bottom: 12px; padding: 10px; background: rgba(16,185,129,0.1); border-radius: 6px; border-left: 4px solid #10b981;"">D) El règim vigent a l’administració on presta els serveis.</div><hr style=""border: 0; border-top: 1px solid #ddd; margin: 12px 0;""><div style=""font-size: 13px; color: #444; line-height: 1.4;""><b style=""color: #111;"">Explicació:</b> Durant la prestació de serveis, les condicions estatutàries es regeixen per la normativa de l’administració de destinació.</div></div>","T02_-_Funcio_publica","17714"
"<div style=""text-align: left; font-family: -apple-system, sans-serif;""><div style=""font-size: 11px; color: #888; margin-bottom: 6px;"">[T02 - Funció pública] Pregunta 25</div><div style=""font-weight: bold; font-size: 16px; margin-bottom: 14px; line-height: 1.4;"">Quan es poden superar excepcionalment els límits retributius anuals?</div><div style=""font-size: 14px; line-height: 1.6;""><div style=""padding: 5px 0;""><b>A)</b> Amb acord exprés de l’òrgan competent i per especial interès del servei.</div><div style=""padding: 5px 0;""><b>B)</b> Quan el segon lloc és de durada inferior a un any.</div><div style=""padding: 5px 0;""><b>C)</b> Quan la persona renuncia als complements del lloc principal.</div><div style=""padding: 5px 0;""><b>D)</b> Quan les dues activitats es desenvolupen a temps parcial.</div></div></div>","<div style=""text-align: left; font-family: -apple-system, sans-serif;""><div style=""font-weight: bold; font-size: 16px; color: #10b981; margin-bottom: 8px;"">✓ Resposta Correcta: A</div><div style=""font-size: 14px; margin-bottom: 12px; padding: 10px; background: rgba(16,185,129,0.1); border-radius: 6px; border-left: 4px solid #10b981;"">A) Amb acord exprés de l’òrgan competent i per especial interès del servei.</div><hr style=""border: 0; border-top: 1px solid #ddd; margin: 12px 0;""><div style=""font-size: 13px; color: #444; line-height: 1.4;""><b style=""color: #111;"">Explicació:</b> La superació necessita una decisió expressa del Consell Executiu o del ple local i una justificació reforçada d’interès del servei.</div></div>","T02_-_Funcio_publica","17738"
"<div style=""text-align: left; font-family: -apple-system, sans-serif;""><div style=""font-size: 11px; color: #888; margin-bottom: 6px;"">[T02 - Funció pública] Pregunta 26</div><div style=""font-weight: bold; font-size: 16px; margin-bottom: 14px; line-height: 1.4;"">Quin criteri s’ha de prioritzar quan la mobilitat implica un canvi de residència?</div><div style=""font-size: 14px; line-height: 1.6;""><div style=""padding: 5px 0;""><b>A)</b> La lliure designació.</div><div style=""padding: 5px 0;""><b>B)</b> La voluntarietat.</div><div style=""padding: 5px 0;""><b>C)</b> La rotació obligatòria.</div><div style=""padding: 5px 0;""><b>D)</b> L’antiguitat en el cos.</div></div></div>","<div style=""text-align: left; font-family: -apple-system, sans-serif;""><div style=""font-weight: bold; font-size: 16px; color: #10b981; margin-bottom: 8px;"">✓ Resposta Correcta: B</div><div style=""font-size: 14px; margin-bottom: 12px; padding: 10px; background: rgba(16,185,129,0.1); border-radius: 6px; border-left: 4px solid #10b981;"">B) La voluntarietat.</div><hr style=""border: 0; border-top: 1px solid #ddd; margin: 12px 0;""><div style=""font-size: 13px; color: #444; line-height: 1.4;""><b style=""color: #111;"">Explicació:</b> El canvi de residència té un impacte personal especial i, per això, el temari indica que s’ha de prioritzar la voluntat del funcionari.</div></div>","T02_-_Funcio_publica","17725"
"<div style=""text-align: left; font-family: -apple-system, sans-serif;""><div style=""font-size: 11px; color: #888; margin-bottom: 6px;"">[T02 - Funció pública] Pregunta 27</div><div style=""font-weight: bold; font-size: 16px; margin-bottom: 14px; line-height: 1.4;"">Quin efecte té haver prestat serveis com a personal eventual en l’accés a la funció pública?</div><div style=""font-size: 14px; line-height: 1.6;""><div style=""padding: 5px 0;""><b>A)</b> Consolida un grau personal inicial.</div><div style=""padding: 5px 0;""><b>B)</b> No constitueix mèrit per accedir-hi.</div><div style=""padding: 5px 0;""><b>C)</b> Permet l’accés directe a una escala funcionarial.</div><div style=""padding: 5px 0;""><b>D)</b> Eximeix de la fase d’oposició.</div></div></div>","<div style=""text-align: left; font-family: -apple-system, sans-serif;""><div style=""font-weight: bold; font-size: 16px; color: #10b981; margin-bottom: 8px;"">✓ Resposta Correcta: B</div><div style=""font-size: 14px; margin-bottom: 12px; padding: 10px; background: rgba(16,185,129,0.1); border-radius: 6px; border-left: 4px solid #10b981;"">B) No constitueix mèrit per accedir-hi.</div><hr style=""border: 0; border-top: 1px solid #ddd; margin: 12px 0;""><div style=""font-size: 13px; color: #444; line-height: 1.4;""><b style=""color: #111;"">Explicació:</b> L’experiència eventual no pot convertir-se en una via privilegiada d’accés, que continua subjecta als principis d’igualtat, mèrit i capacitat.</div></div>","T02_-_Funcio_publica","17693"
"<div style=""text-align: left; font-family: -apple-system, sans-serif;""><div style=""font-size: 11px; color: #888; margin-bottom: 6px;"">[T02 - Funció pública] Pregunta 28</div><div style=""font-weight: bold; font-size: 16px; margin-bottom: 14px; line-height: 1.4;"">Quina competència té la Generalitat sobre el personal laboral de les administracions públiques catalanes?</div><div style=""font-size: 14px; line-height: 1.6;""><div style=""padding: 5px 0;""><b>A)</b> Competència exclusiva.</div><div style=""padding: 5px 0;""><b>B)</b> Competència executiva subordinada als ens locals.</div><div style=""padding: 5px 0;""><b>C)</b> Competència compartida amb les diputacions.</div><div style=""padding: 5px 0;""><b>D)</b> Competència consultiva sense capacitat normativa.</div></div></div>","<div style=""text-align: left; font-family: -apple-system, sans-serif;""><div style=""font-weight: bold; font-size: 16px; color: #10b981; margin-bottom: 8px;"">✓ Resposta Correcta: A</div><div style=""font-size: 14px; margin-bottom: 12px; padding: 10px; background: rgba(16,185,129,0.1); border-radius: 6px; border-left: 4px solid #10b981;"">A) Competència exclusiva.</div><hr style=""border: 0; border-top: 1px solid #ddd; margin: 12px 0;""><div style=""font-size: 13px; color: #444; line-height: 1.4;""><b style=""color: #111;"">Explicació:</b> L’Estatut atribueix a la Generalitat competència exclusiva en matèria de personal laboral al servei de les administracions públiques catalanes.</div></div>","T02_-_Funcio_publica","17678"
"<div style=""text-align: left; font-family: -apple-system, sans-serif;""><div style=""font-size: 11px; color: #888; margin-bottom: 6px;"">[T02 - Funció pública] Pregunta 29</div><div style=""font-weight: bold; font-size: 16px; margin-bottom: 14px; line-height: 1.4;"">Quin lloc docent pot compatibilitzar-se amb un lloc públic principal?</div><div style=""font-size: 14px; line-height: 1.6;""><div style=""padding: 5px 0;""><b>A)</b> Professor universitari associat a temps parcial i de durada determinada.</div><div style=""padding: 5px 0;""><b>B)</b> Catedràtic universitari a temps complet i indefinit.</div><div style=""padding: 5px 0;""><b>C)</b> Director d’un centre docent amb dedicació exclusiva.</div><div style=""padding: 5px 0;""><b>D)</b> Professor titular a jornada completa en dos centres públics.</div></div></div>","<div style=""text-align: left; font-family: -apple-system, sans-serif;""><div style=""font-weight: bold; font-size: 16px; color: #10b981; margin-bottom: 8px;"">✓ Resposta Correcta: A</div><div style=""font-size: 14px; margin-bottom: 12px; padding: 10px; background: rgba(16,185,129,0.1); border-radius: 6px; border-left: 4px solid #10b981;"">A) Professor universitari associat a temps parcial i de durada determinada.</div><hr style=""border: 0; border-top: 1px solid #ddd; margin: 12px 0;""><div style=""font-size: 13px; color: #444; line-height: 1.4;""><b style=""color: #111;"">Explicació:</b> La dedicació parcial i la durada determinada permeten compatibilitzar la docència universitària associada amb l’activitat principal.</div></div>","T02_-_Funcio_publica","17734"
"<div style=""text-align: left; font-family: -apple-system, sans-serif;""><div style=""font-size: 11px; color: #888; margin-bottom: 6px;"">[T02 - Funció pública] Pregunta 30</div><div style=""font-weight: bold; font-size: 16px; margin-bottom: 14px; line-height: 1.4;"">En quin percentatge es pot incrementar com a màxim la retribució principal del grup C o equivalent?</div><div style=""font-size: 14px; line-height: 1.6;""><div style=""padding: 5px 0;""><b>A)</b> En un 40%.</div><div style=""padding: 5px 0;""><b>B)</b> En un 30%.</div><div style=""padding: 5px 0;""><b>C)</b> En un 50%.</div><div style=""padding: 5px 0;""><b>D)</b> En un 35%.</div></div></div>","<div style=""text-align: left; font-family: -apple-system, sans-serif;""><div style=""font-weight: bold; font-size: 16px; color: #10b981; margin-bottom: 8px;"">✓ Resposta Correcta: A</div><div style=""font-size: 14px; margin-bottom: 12px; padding: 10px; background: rgba(16,185,129,0.1); border-radius: 6px; border-left: 4px solid #10b981;"">A) En un 40%.</div><hr style=""border: 0; border-top: 1px solid #ddd; margin: 12px 0;""><div style=""font-size: 13px; color: #444; line-height: 1.4;""><b style=""color: #111;"">Explicació:</b> La taula fixa límits progressius per grup: el grup C o equivalent té un increment màxim del 40%.</div></div>","T02_-_Funcio_publica","17737"
"<div style=""text-align: left; font-family: -apple-system, sans-serif;""><div style=""font-size: 11px; color: #888; margin-bottom: 6px;"">[T02 - Funció pública] Pregunta 31</div><div style=""font-weight: bold; font-size: 16px; margin-bottom: 14px; line-height: 1.4;"">Quin termini màxim té el nomenament interí per cobrir una plaça que no pot ocupar un funcionari de carrera?</div><div style=""font-size: 14px; line-height: 1.6;""><div style=""padding: 5px 0;""><b>A)</b> Dotze mesos.</div><div style=""padding: 5px 0;""><b>B)</b> Cinc anys.</div><div style=""padding: 5px 0;""><b>C)</b> Tres anys.</div><div style=""padding: 5px 0;""><b>D)</b> Nou mesos.</div></div></div>","<div style=""text-align: left; font-family: -apple-system, sans-serif;""><div style=""font-weight: bold; font-size: 16px; color: #10b981; margin-bottom: 8px;"">✓ Resposta Correcta: C</div><div style=""font-size: 14px; margin-bottom: 12px; padding: 10px; background: rgba(16,185,129,0.1); border-radius: 6px; border-left: 4px solid #10b981;"">C) Tres anys.</div><hr style=""border: 0; border-top: 1px solid #ddd; margin: 12px 0;""><div style=""font-size: 13px; color: #444; line-height: 1.4;""><b style=""color: #111;"">Explicació:</b> La cobertura interina d’una plaça vacant es limita a tres anys quan no és possible proveir-la amb personal funcionari de carrera.</div></div>","T02_-_Funcio_publica","17685"
"<div style=""text-align: left; font-family: -apple-system, sans-serif;""><div style=""font-size: 11px; color: #888; margin-bottom: 6px;"">[T02 - Funció pública] Pregunta 32</div><div style=""font-weight: bold; font-size: 16px; margin-bottom: 14px; line-height: 1.4;"">Quins principis regeixen la provisió de llocs de treball?</div><div style=""font-size: 14px; line-height: 1.6;""><div style=""padding: 5px 0;""><b>A)</b> Jerarquia, economia, eficàcia i mobilitat.</div><div style=""padding: 5px 0;""><b>B)</b> Igualtat, mèrit, capacitat i publicitat.</div><div style=""padding: 5px 0;""><b>C)</b> Confiança, responsabilitat, antiguitat i celeritat.</div><div style=""padding: 5px 0;""><b>D)</b> Idoneïtat, concurrència, permanència i carrera.</div></div></div>","<div style=""text-align: left; font-family: -apple-system, sans-serif;""><div style=""font-weight: bold; font-size: 16px; color: #10b981; margin-bottom: 8px;"">✓ Resposta Correcta: B</div><div style=""font-size: 14px; margin-bottom: 12px; padding: 10px; background: rgba(16,185,129,0.1); border-radius: 6px; border-left: 4px solid #10b981;"">B) Igualtat, mèrit, capacitat i publicitat.</div><hr style=""border: 0; border-top: 1px solid #ddd; margin: 12px 0;""><div style=""font-size: 13px; color: #444; line-height: 1.4;""><b style=""color: #111;"">Explicació:</b> Aquests principis garanteixen que la provisió ordinària sigui oberta i basada en les aptituds i els mèrits acreditats.</div></div>","T02_-_Funcio_publica","17728"
"<div style=""text-align: left; font-family: -apple-system, sans-serif;""><div style=""font-size: 11px; color: #888; margin-bottom: 6px;"">[T02 - Funció pública] Pregunta 33</div><div style=""font-weight: bold; font-size: 16px; margin-bottom: 14px; line-height: 1.4;"">Qui pot quedar en situació d’expectativa de destinació?</div><div style=""font-size: 14px; line-height: 1.6;""><div style=""padding: 5px 0;""><b>A)</b> El funcionari amb el lloc suprimit que encara no ha obtingut una nova destinació.</div><div style=""padding: 5px 0;""><b>B)</b> El funcionari que sol·licita una excedència per interès particular.</div><div style=""padding: 5px 0;""><b>C)</b> El funcionari que presta serveis en una altra administració.</div><div style=""padding: 5px 0;""><b>D)</b> El funcionari elegit per a un càrrec polític incompatible.</div></div></div>","<div style=""text-align: left; font-family: -apple-system, sans-serif;""><div style=""font-weight: bold; font-size: 16px; color: #10b981; margin-bottom: 8px;"">✓ Resposta Correcta: A</div><div style=""font-size: 14px; margin-bottom: 12px; padding: 10px; background: rgba(16,185,129,0.1); border-radius: 6px; border-left: 4px solid #10b981;"">A) El funcionari amb el lloc suprimit que encara no ha obtingut una nova destinació.</div><hr style=""border: 0; border-top: 1px solid #ddd; margin: 12px 0;""><div style=""font-size: 13px; color: #444; line-height: 1.4;""><b style=""color: #111;"">Explicació:</b> Aquesta situació protegeix temporalment el personal afectat per una redistribució d’efectius o una racionalització organitzativa.</div></div>","T02_-_Funcio_publica","17721"
"<div style=""text-align: left; font-family: -apple-system, sans-serif;""><div style=""font-size: 11px; color: #888; margin-bottom: 6px;"">[T02 - Funció pública] Pregunta 34</div><div style=""font-weight: bold; font-size: 16px; margin-bottom: 14px; line-height: 1.4;"">Quin dels drets següents és un dret individual exercit col·lectivament?</div><div style=""font-size: 14px; line-height: 1.6;""><div style=""padding: 5px 0;""><b>A)</b> El respecte a la intimitat.</div><div style=""padding: 5px 0;""><b>B)</b> La defensa jurídica.</div><div style=""padding: 5px 0;""><b>C)</b> La formació contínua.</div><div style=""padding: 5px 0;""><b>D)</b> La negociació col·lectiva.</div></div></div>","<div style=""text-align: left; font-family: -apple-system, sans-serif;""><div style=""font-weight: bold; font-size: 16px; color: #10b981; margin-bottom: 8px;"">✓ Resposta Correcta: D</div><div style=""font-size: 14px; margin-bottom: 12px; padding: 10px; background: rgba(16,185,129,0.1); border-radius: 6px; border-left: 4px solid #10b981;"">D) La negociació col·lectiva.</div><hr style=""border: 0; border-top: 1px solid #ddd; margin: 12px 0;""><div style=""font-size: 13px; color: #444; line-height: 1.4;""><b style=""color: #111;"">Explicació:</b> La negociació col·lectiva s’exerceix mitjançant representants i organitzacions sindicals per determinar condicions de treball.</div></div>","T02_-_Funcio_publica","17698"
"<div style=""text-align: left; font-family: -apple-system, sans-serif;""><div style=""font-size: 11px; color: #888; margin-bottom: 6px;"">[T02 - Funció pública] Pregunta 35</div><div style=""font-weight: bold; font-size: 16px; margin-bottom: 14px; line-height: 1.4;"">Quina activitat privada no es pot autoritzar?</div><div style=""font-size: 14px; line-height: 1.6;""><div style=""padding: 5px 0;""><b>A)</b> Una creació literària independent de qualsevol relació de serveis.</div><div style=""padding: 5px 0;""><b>B)</b> Una participació ocasional en un col·loqui professional.</div><div style=""padding: 5px 0;""><b>C)</b> Una activitat directament relacionada amb les funcions del lloc públic.</div><div style=""padding: 5px 0;""><b>D)</b> L’administració ordinària del patrimoni familiar.</div></div></div>","<div style=""text-align: left; font-family: -apple-system, sans-serif;""><div style=""font-weight: bold; font-size: 16px; color: #10b981; margin-bottom: 8px;"">✓ Resposta Correcta: C</div><div style=""font-size: 14px; margin-bottom: 12px; padding: 10px; background: rgba(16,185,129,0.1); border-radius: 6px; border-left: 4px solid #10b981;"">C) Una activitat directament relacionada amb les funcions del lloc públic.</div><hr style=""border: 0; border-top: 1px solid #ddd; margin: 12px 0;""><div style=""font-size: 13px; color: #444; line-height: 1.4;""><b style=""color: #111;"">Explicació:</b> La relació directa entre l’activitat privada i les funcions públiques pot comprometre la imparcialitat i genera incompatibilitat.</div></div>","T02_-_Funcio_publica","17742"
"<div style=""text-align: left; font-family: -apple-system, sans-serif;""><div style=""font-size: 11px; color: #888; margin-bottom: 6px;"">[T02 - Funció pública] Pregunta 36</div><div style=""font-weight: bold; font-size: 16px; margin-bottom: 14px; line-height: 1.4;"">Quina situació administrativa correspon a un funcionari elegit membre del Parlament Europeu?</div><div style=""font-size: 14px; line-height: 1.6;""><div style=""padding: 5px 0;""><b>A)</b> Serveis especials.</div><div style=""padding: 5px 0;""><b>B)</b> Servei en altres administracions públiques.</div><div style=""padding: 5px 0;""><b>C)</b> Excedència voluntària per interès particular.</div><div style=""padding: 5px 0;""><b>D)</b> Suspensió de funcions.</div></div></div>","<div style=""text-align: left; font-family: -apple-system, sans-serif;""><div style=""font-weight: bold; font-size: 16px; color: #10b981; margin-bottom: 8px;"">✓ Resposta Correcta: A</div><div style=""font-size: 14px; margin-bottom: 12px; padding: 10px; background: rgba(16,185,129,0.1); border-radius: 6px; border-left: 4px solid #10b981;"">A) Serveis especials.</div><hr style=""border: 0; border-top: 1px solid #ddd; margin: 12px 0;""><div style=""font-size: 13px; color: #444; line-height: 1.4;""><b style=""color: #111;"">Explicació:</b> L’exercici d’un mandat al Parlament Europeu és incompatible amb el servei ordinari i determina el pas a serveis especials.</div></div>","T02_-_Funcio_publica","17710"
"<div style=""text-align: left; font-family: -apple-system, sans-serif;""><div style=""font-size: 11px; color: #888; margin-bottom: 6px;"">[T02 - Funció pública] Pregunta 37</div><div style=""font-weight: bold; font-size: 16px; margin-bottom: 14px; line-height: 1.4;"">Quina naturalesa té la suspensió de funcions dins la relació de servei?</div><div style=""font-size: 14px; line-height: 1.6;""><div style=""padding: 5px 0;""><b>A)</b> És un sistema ordinari de provisió de llocs.</div><div style=""padding: 5px 0;""><b>B)</b> És una situació administrativa del funcionari sancionat.</div><div style=""padding: 5px 0;""><b>C)</b> És un permís retribuït vinculat a la conciliació.</div><div style=""padding: 5px 0;""><b>D)</b> És una modalitat de promoció professional.</div></div></div>","<div style=""text-align: left; font-family: -apple-system, sans-serif;""><div style=""font-weight: bold; font-size: 16px; color: #10b981; margin-bottom: 8px;"">✓ Resposta Correcta: B</div><div style=""font-size: 14px; margin-bottom: 12px; padding: 10px; background: rgba(16,185,129,0.1); border-radius: 6px; border-left: 4px solid #10b981;"">B) És una situació administrativa del funcionari sancionat.</div><hr style=""border: 0; border-top: 1px solid #ddd; margin: 12px 0;""><div style=""font-size: 13px; color: #444; line-height: 1.4;""><b style=""color: #111;"">Explicació:</b> La suspensió altera temporalment la situació administrativa a conseqüència d’un procediment disciplinari o judicial.</div></div>","T02_-_Funcio_publica","17717"
"<div style=""text-align: left; font-family: -apple-system, sans-serif;""><div style=""font-size: 11px; color: #888; margin-bottom: 6px;"">[T02 - Funció pública] Pregunta 38</div><div style=""font-weight: bold; font-size: 16px; margin-bottom: 14px; line-height: 1.4;"">Quina finalitat té el Decret legislatiu 1/1997, de 31 d’octubre?</div><div style=""font-size: 14px; line-height: 1.6;""><div style=""padding: 5px 0;""><b>A)</b> Refondre en un text únic determinats preceptes vigents en matèria de funció pública.</div><div style=""padding: 5px 0;""><b>B)</b> Aprovar el reglament general de provisió de llocs de treball.</div><div style=""padding: 5px 0;""><b>C)</b> Establir el règim disciplinari del personal dels departaments.</div><div style=""padding: 5px 0;""><b>D)</b> Regular les incompatibilitats del personal de la Generalitat.</div></div></div>","<div style=""text-align: left; font-family: -apple-system, sans-serif;""><div style=""font-weight: bold; font-size: 16px; color: #10b981; margin-bottom: 8px;"">✓ Resposta Correcta: A</div><div style=""font-size: 14px; margin-bottom: 12px; padding: 10px; background: rgba(16,185,129,0.1); border-radius: 6px; border-left: 4px solid #10b981;"">A) Refondre en un text únic determinats preceptes vigents en matèria de funció pública.</div><hr style=""border: 0; border-top: 1px solid #ddd; margin: 12px 0;""><div style=""font-size: 13px; color: #444; line-height: 1.4;""><b style=""color: #111;"">Explicació:</b> El Decret legislatiu 1/1997 reuneix en un text únic diversos preceptes legals catalans vigents sobre funció pública.</div></div>","T02_-_Funcio_publica","17679"
"<div style=""text-align: left; font-family: -apple-system, sans-serif;""><div style=""font-size: 11px; color: #888; margin-bottom: 6px;"">[T02 - Funció pública] Pregunta 39</div><div style=""font-weight: bold; font-size: 16px; margin-bottom: 14px; line-height: 1.4;"">Quins són els sistemes ordinaris de provisió de llocs de treball?</div><div style=""font-size: 14px; line-height: 1.6;""><div style=""padding: 5px 0;""><b>A)</b> L’adscripció provisional i la reassignació d’efectius.</div><div style=""padding: 5px 0;""><b>B)</b> La comissió de serveis i l’encàrrec de funcions.</div><div style=""padding: 5px 0;""><b>C)</b> La permuta i la mobilitat interdepartamental.</div><div style=""padding: 5px 0;""><b>D)</b> El concurs i la lliure designació.</div></div></div>","<div style=""text-align: left; font-family: -apple-system, sans-serif;""><div style=""font-weight: bold; font-size: 16px; color: #10b981; margin-bottom: 8px;"">✓ Resposta Correcta: D</div><div style=""font-size: 14px; margin-bottom: 12px; padding: 10px; background: rgba(16,185,129,0.1); border-radius: 6px; border-left: 4px solid #10b981;"">D) El concurs i la lliure designació.</div><hr style=""border: 0; border-top: 1px solid #ddd; margin: 12px 0;""><div style=""font-size: 13px; color: #444; line-height: 1.4;""><b style=""color: #111;"">Explicació:</b> El concurs i la lliure designació són els mecanismes ordinaris; la resta són instruments extraordinaris o de mobilitat.</div></div>","T02_-_Funcio_publica","17727"
"<div style=""text-align: left; font-family: -apple-system, sans-serif;""><div style=""font-size: 11px; color: #888; margin-bottom: 6px;"">[T02 - Funció pública] Pregunta 40</div><div style=""font-weight: bold; font-size: 16px; margin-bottom: 14px; line-height: 1.4;"">Quina matèria comparteix la Generalitat amb l’Estat en l’àmbit de la funció pública?</div><div style=""font-size: 14px; line-height: 1.6;""><div style=""padding: 5px 0;""><b>A)</b> La gestió ordinària del personal laboral de les administracions catalanes.</div><div style=""padding: 5px 0;""><b>B)</b> L’adquisició i la pèrdua de la condició de funcionari.</div><div style=""padding: 5px 0;""><b>C)</b> L’organització interna dels departaments de la Generalitat.</div><div style=""padding: 5px 0;""><b>D)</b> La denominació dels cossos i les escales pròpies de Catalunya.</div></div></div>","<div style=""text-align: left; font-family: -apple-system, sans-serif;""><div style=""font-weight: bold; font-size: 16px; color: #10b981; margin-bottom: 8px;"">✓ Resposta Correcta: B</div><div style=""font-size: 14px; margin-bottom: 12px; padding: 10px; background: rgba(16,185,129,0.1); border-radius: 6px; border-left: 4px solid #10b981;"">B) L’adquisició i la pèrdua de la condició de funcionari.</div><hr style=""border: 0; border-top: 1px solid #ddd; margin: 12px 0;""><div style=""font-size: 13px; color: #444; line-height: 1.4;""><b style=""color: #111;"">Explicació:</b> El temari inclou l’adquisició i la pèrdua de la condició de funcionari entre els principis ordenadors en què la competència és compartida amb l’Estat.</div></div>","T02_-_Funcio_publica","17677"
"<div style=""text-align: left; font-family: -apple-system, sans-serif;""><div style=""font-size: 11px; color: #888; margin-bottom: 6px;"">[T02 - Funció pública] Pregunta 41</div><div style=""font-weight: bold; font-size: 16px; margin-bottom: 14px; line-height: 1.4;"">Quins principis constitucionals regeixen l’accés a l’ocupació pública?</div><div style=""font-size: 14px; line-height: 1.6;""><div style=""padding: 5px 0;""><b>A)</b> Igualtat, mèrit i capacitat.</div><div style=""padding: 5px 0;""><b>B)</b> Objectivitat, carrera i lliure designació.</div><div style=""padding: 5px 0;""><b>C)</b> Jerarquia, confiança i antiguitat.</div><div style=""padding: 5px 0;""><b>D)</b> Eficàcia, economia i mobilitat.</div></div></div>","<div style=""text-align: left; font-family: -apple-system, sans-serif;""><div style=""font-weight: bold; font-size: 16px; color: #10b981; margin-bottom: 8px;"">✓ Resposta Correcta: A</div><div style=""font-size: 14px; margin-bottom: 12px; padding: 10px; background: rgba(16,185,129,0.1); border-radius: 6px; border-left: 4px solid #10b981;"">A) Igualtat, mèrit i capacitat.</div><hr style=""border: 0; border-top: 1px solid #ddd; margin: 12px 0;""><div style=""font-size: 13px; color: #444; line-height: 1.4;""><b style=""color: #111;"">Explicació:</b> Aquests principis garanteixen que l’accés es basi en condicions comunes i en l’aptitud acreditada de les persones candidates.</div></div>","T02_-_Funcio_publica","17703"
"<div style=""text-align: left; font-family: -apple-system, sans-serif;""><div style=""font-size: 11px; color: #888; margin-bottom: 6px;"">[T02 - Funció pública] Pregunta 42</div><div style=""font-weight: bold; font-size: 16px; margin-bottom: 14px; line-height: 1.4;"">Quina durada màxima té l’expectativa de destinació?</div><div style=""font-size: 14px; line-height: 1.6;""><div style=""padding: 5px 0;""><b>A)</b> Un any.</div><div style=""padding: 5px 0;""><b>B)</b> Sis mesos.</div><div style=""padding: 5px 0;""><b>C)</b> Dos anys.</div><div style=""padding: 5px 0;""><b>D)</b> Tres anys.</div></div></div>","<div style=""text-align: left; font-family: -apple-system, sans-serif;""><div style=""font-weight: bold; font-size: 16px; color: #10b981; margin-bottom: 8px;"">✓ Resposta Correcta: A</div><div style=""font-size: 14px; margin-bottom: 12px; padding: 10px; background: rgba(16,185,129,0.1); border-radius: 6px; border-left: 4px solid #10b981;"">A) Un any.</div><hr style=""border: 0; border-top: 1px solid #ddd; margin: 12px 0;""><div style=""font-size: 13px; color: #444; line-height: 1.4;""><b style=""color: #111;"">Explicació:</b> Transcorregut el termini màxim d’un any sense nova destinació, el funcionari passa a excedència forçosa.</div></div>","T02_-_Funcio_publica","17722"
"<div style=""text-align: left; font-family: -apple-system, sans-serif;""><div style=""font-size: 11px; color: #888; margin-bottom: 6px;"">[T02 - Funció pública] Pregunta 43</div><div style=""font-weight: bold; font-size: 16px; margin-bottom: 14px; line-height: 1.4;"">Quin ordre segueix l’adquisició de la condició de funcionari?</div><div style=""font-size: 14px; line-height: 1.6;""><div style=""padding: 5px 0;""><b>A)</b> Nomenament, procés selectiu, presa de possessió i acatament.</div><div style=""padding: 5px 0;""><b>B)</b> Procés selectiu, nomenament, acatament de l’ordenament i presa de possessió.</div><div style=""padding: 5px 0;""><b>C)</b> Acatament, nomenament, procés selectiu i presa de possessió.</div><div style=""padding: 5px 0;""><b>D)</b> Procés selectiu, presa de possessió, nomenament i acatament.</div></div></div>","<div style=""text-align: left; font-family: -apple-system, sans-serif;""><div style=""font-weight: bold; font-size: 16px; color: #10b981; margin-bottom: 8px;"">✓ Resposta Correcta: B</div><div style=""font-size: 14px; margin-bottom: 12px; padding: 10px; background: rgba(16,185,129,0.1); border-radius: 6px; border-left: 4px solid #10b981;"">B) Procés selectiu, nomenament, acatament de l’ordenament i presa de possessió.</div><hr style=""border: 0; border-top: 1px solid #ddd; margin: 12px 0;""><div style=""font-size: 13px; color: #444; line-height: 1.4;""><b style=""color: #111;"">Explicació:</b> La condició funcionarial culmina amb la presa de possessió després de superar el procés, ser nomenat i acatar el marc jurídic.</div></div>","T02_-_Funcio_publica","17704"
"<div style=""text-align: left; font-family: -apple-system, sans-serif;""><div style=""font-size: 11px; color: #888; margin-bottom: 6px;"">[T02 - Funció pública] Pregunta 44</div><div style=""font-weight: bold; font-size: 16px; margin-bottom: 14px; line-height: 1.4;"">Com han d’exercir les tasques assignades els empleats públics?</div><div style=""font-size: 14px; line-height: 1.6;""><div style=""padding: 5px 0;""><b>A)</b> Amb diligència i vetllant pels interessos generals.</div><div style=""padding: 5px 0;""><b>B)</b> Amb discrecionalitat i prioritzant els interessos particulars.</div><div style=""padding: 5px 0;""><b>C)</b> Amb autonomia respecte de l’ordenament jurídic.</div><div style=""padding: 5px 0;""><b>D)</b> Amb preferència pels objectius del seu col·lectiu professional.</div></div></div>","<div style=""text-align: left; font-family: -apple-system, sans-serif;""><div style=""font-weight: bold; font-size: 16px; color: #10b981; margin-bottom: 8px;"">✓ Resposta Correcta: A</div><div style=""font-size: 14px; margin-bottom: 12px; padding: 10px; background: rgba(16,185,129,0.1); border-radius: 6px; border-left: 4px solid #10b981;"">A) Amb diligència i vetllant pels interessos generals.</div><hr style=""border: 0; border-top: 1px solid #ddd; margin: 12px 0;""><div style=""font-size: 13px; color: #444; line-height: 1.4;""><b style=""color: #111;"">Explicació:</b> El codi de conducta vincula l’exercici diligent de les funcions amb el servei objectiu als interessos generals.</div></div>","T02_-_Funcio_publica","17700"
"<div style=""text-align: left; font-family: -apple-system, sans-serif;""><div style=""font-size: 11px; color: #888; margin-bottom: 6px;"">[T02 - Funció pública] Pregunta 45</div><div style=""font-weight: bold; font-size: 16px; margin-bottom: 14px; line-height: 1.4;"">Quin límit absolut no poden superar les remuneracions de les activitats compatibles?</div><div style=""font-size: 14px; line-height: 1.6;""><div style=""padding: 5px 0;""><b>A)</b> La remuneració mitjana dels funcionaris del mateix grup.</div><div style=""padding: 5px 0;""><b>B)</b> El doble de les retribucions bàsiques del lloc principal.</div><div style=""padding: 5px 0;""><b>C)</b> La retribució del conseller del departament corresponent.</div><div style=""padding: 5px 0;""><b>D)</b> La remuneració màxima prevista per al càrrec de director general.</div></div></div>","<div style=""text-align: left; font-family: -apple-system, sans-serif;""><div style=""font-weight: bold; font-size: 16px; color: #10b981; margin-bottom: 8px;"">✓ Resposta Correcta: D</div><div style=""font-size: 14px; margin-bottom: 12px; padding: 10px; background: rgba(16,185,129,0.1); border-radius: 6px; border-left: 4px solid #10b981;"">D) La remuneració màxima prevista per al càrrec de director general.</div><hr style=""border: 0; border-top: 1px solid #ddd; margin: 12px 0;""><div style=""font-size: 13px; color: #444; line-height: 1.4;""><b style=""color: #111;"">Explicació:</b> La suma de remuneracions queda subjecta a un topall general vinculat al càrrec de director general en els pressupostos aplicables.</div></div>","T02_-_Funcio_publica","17736"
"<div style=""text-align: left; font-family: -apple-system, sans-serif;""><div style=""font-size: 11px; color: #888; margin-bottom: 6px;"">[T02 - Funció pública] Pregunta 46</div><div style=""font-weight: bold; font-size: 16px; margin-bottom: 14px; line-height: 1.4;"">Quins llocs es poden proveir mitjançant concurs específic?</div><div style=""font-size: 14px; line-height: 1.6;""><div style=""padding: 5px 0;""><b>A)</b> Subdirectors generals i secretaris d’alts càrrecs.</div><div style=""padding: 5px 0;""><b>B)</b> Personal eventual de confiança i assessorament.</div><div style=""padding: 5px 0;""><b>C)</b> Caps de negociat, secció o servei i llocs singulars amb responsabilitats especials.</div><div style=""padding: 5px 0;""><b>D)</b> Places temporals cobertes per acumulació de tasques.</div></div></div>","<div style=""text-align: left; font-family: -apple-system, sans-serif;""><div style=""font-weight: bold; font-size: 16px; color: #10b981; margin-bottom: 8px;"">✓ Resposta Correcta: C</div><div style=""font-size: 14px; margin-bottom: 12px; padding: 10px; background: rgba(16,185,129,0.1); border-radius: 6px; border-left: 4px solid #10b981;"">C) Caps de negociat, secció o servei i llocs singulars amb responsabilitats especials.</div><hr style=""border: 0; border-top: 1px solid #ddd; margin: 12px 0;""><div style=""font-size: 13px; color: #444; line-height: 1.4;""><b style=""color: #111;"">Explicació:</b> El concurs específic s’utilitza per a llocs de comandament o singulars que exigeixen tècniques, responsabilitats o condicions pròpies.</div></div>","T02_-_Funcio_publica","17729"
"<div style=""text-align: left; font-family: -apple-system, sans-serif;""><div style=""font-size: 11px; color: #888; margin-bottom: 6px;"">[T02 - Funció pública] Pregunta 47</div><div style=""font-weight: bold; font-size: 16px; margin-bottom: 14px; line-height: 1.4;"">Quin efecte tenen les baixes, els permisos i les llicències sobre el servei actiu?</div><div style=""font-size: 14px; line-height: 1.6;""><div style=""padding: 5px 0;""><b>A)</b> Suspenen la condició de funcionari mentre duren.</div><div style=""padding: 5px 0;""><b>B)</b> No interrompen la situació de servei actiu.</div><div style=""padding: 5px 0;""><b>C)</b> Comporten el pas temporal a serveis especials.</div><div style=""padding: 5px 0;""><b>D)</b> Generen una excedència voluntària automàtica.</div></div></div>","<div style=""text-align: left; font-family: -apple-system, sans-serif;""><div style=""font-weight: bold; font-size: 16px; color: #10b981; margin-bottom: 8px;"">✓ Resposta Correcta: B</div><div style=""font-size: 14px; margin-bottom: 12px; padding: 10px; background: rgba(16,185,129,0.1); border-radius: 6px; border-left: 4px solid #10b981;"">B) No interrompen la situació de servei actiu.</div><hr style=""border: 0; border-top: 1px solid #ddd; margin: 12px 0;""><div style=""font-size: 13px; color: #444; line-height: 1.4;""><b style=""color: #111;"">Explicació:</b> Aquestes absències estan previstes dins la relació ordinària de servei i no alteren la situació administrativa del funcionari.</div></div>","T02_-_Funcio_publica","17708"
"<div style=""text-align: left; font-family: -apple-system, sans-serif;""><div style=""font-size: 11px; color: #888; margin-bottom: 6px;"">[T02 - Funció pública] Pregunta 48</div><div style=""font-weight: bold; font-size: 16px; margin-bottom: 14px; line-height: 1.4;"">Quina activitat queda fora del règim d’incompatibilitats?</div><div style=""font-size: 14px; line-height: 1.6;""><div style=""padding: 5px 0;""><b>A)</b> L’administració del patrimoni personal o familiar.</div><div style=""padding: 5px 0;""><b>B)</b> Un segon lloc públic sense declaració d’interès del servei.</div><div style=""padding: 5px 0;""><b>C)</b> Una participació superior al 10% en una empresa vinculada al sector públic.</div><div style=""padding: 5px 0;""><b>D)</b> Una activitat privada relacionada amb les funcions del lloc públic.</div></div></div>","<div style=""text-align: left; font-family: -apple-system, sans-serif;""><div style=""font-weight: bold; font-size: 16px; color: #10b981; margin-bottom: 8px;"">✓ Resposta Correcta: A</div><div style=""font-size: 14px; margin-bottom: 12px; padding: 10px; background: rgba(16,185,129,0.1); border-radius: 6px; border-left: 4px solid #10b981;"">A) L’administració del patrimoni personal o familiar.</div><hr style=""border: 0; border-top: 1px solid #ddd; margin: 12px 0;""><div style=""font-size: 13px; color: #444; line-height: 1.4;""><b style=""color: #111;"">Explicació:</b> La gestió ordinària del patrimoni propi o familiar no es considera una segona activitat professional incompatible.</div></div>","T02_-_Funcio_publica","17730"
"<div style=""text-align: left; font-family: -apple-system, sans-serif;""><div style=""font-size: 11px; color: #888; margin-bottom: 6px;"">[T02 - Funció pública] Pregunta 49</div><div style=""font-weight: bold; font-size: 16px; margin-bottom: 14px; line-height: 1.4;"">Quina funció compleix la funció pública dins l’Administració?</div><div style=""font-size: 14px; line-height: 1.6;""><div style=""padding: 5px 0;""><b>A)</b> És el sistema de control jurisdiccional dels actes administratius.</div><div style=""padding: 5px 0;""><b>B)</b> És el mecanisme de representació sindical del personal públic.</div><div style=""padding: 5px 0;""><b>C)</b> És el règim centrat en la regulació de la contractació laboral.</div><div style=""padding: 5px 0;""><b>D)</b> És un instrument per gestionar i realitzar els interessos públics encomanats.</div></div></div>","<div style=""text-align: left; font-family: -apple-system, sans-serif;""><div style=""font-weight: bold; font-size: 16px; color: #10b981; margin-bottom: 8px;"">✓ Resposta Correcta: D</div><div style=""font-size: 14px; margin-bottom: 12px; padding: 10px; background: rgba(16,185,129,0.1); border-radius: 6px; border-left: 4px solid #10b981;"">D) És un instrument per gestionar i realitzar els interessos públics encomanats.</div><hr style=""border: 0; border-top: 1px solid #ddd; margin: 12px 0;""><div style=""font-size: 13px; color: #444; line-height: 1.4;""><b style=""color: #111;"">Explicació:</b> La funció pública posa els recursos humans de l’Administració al servei de la gestió dels interessos generals que aquesta té encomanats.</div></div>","T02_-_Funcio_publica","17673"
"<div style=""text-align: left; font-family: -apple-system, sans-serif;""><div style=""font-size: 11px; color: #888; margin-bottom: 6px;"">[T02 - Funció pública] Pregunta 50</div><div style=""font-weight: bold; font-size: 16px; margin-bottom: 14px; line-height: 1.4;"">Què ha de fer qui accedeix a un nou lloc incompatible abans de prendre possessió?</div><div style=""font-size: 14px; line-height: 1.6;""><div style=""padding: 5px 0;""><b>A)</b> Esperar la resolució d’un concurs de provisió.</div><div style=""padding: 5px 0;""><b>B)</b> Sol·licitar una excedència de cinc anys.</div><div style=""padding: 5px 0;""><b>C)</b> Optar per un dels dos llocs.</div><div style=""padding: 5px 0;""><b>D)</b> Renunciar a totes les retribucions complementàries.</div></div></div>","<div style=""text-align: left; font-family: -apple-system, sans-serif;""><div style=""font-weight: bold; font-size: 16px; color: #10b981; margin-bottom: 8px;"">✓ Resposta Correcta: C</div><div style=""font-size: 14px; margin-bottom: 12px; padding: 10px; background: rgba(16,185,129,0.1); border-radius: 6px; border-left: 4px solid #10b981;"">C) Optar per un dels dos llocs.</div><hr style=""border: 0; border-top: 1px solid #ddd; margin: 12px 0;""><div style=""font-size: 13px; color: #444; line-height: 1.4;""><b style=""color: #111;"">Explicació:</b> La incompatibilitat impedeix mantenir els dos llocs; si no hi ha opció expressa, s’entén escollit el nou lloc.</div></div>","T02_-_Funcio_publica","17739"
"<div style=""text-align: left; font-family: -apple-system, sans-serif;""><div style=""font-size: 11px; color: #888; margin-bottom: 6px;"">[T02 - Funció pública] Pregunta 51</div><div style=""font-weight: bold; font-size: 16px; margin-bottom: 14px; line-height: 1.4;"">Quina durada màxima té un programa temporal cobert per funcionaris interins abans d’una possible ampliació?</div><div style=""font-size: 14px; line-height: 1.6;""><div style=""padding: 5px 0;""><b>A)</b> Cinc anys, sense possibilitat d’ampliació.</div><div style=""padding: 5px 0;""><b>B)</b> Tres anys, ampliables fins a dotze mesos més.</div><div style=""padding: 5px 0;""><b>C)</b> Un any, ampliable fins a sis mesos més.</div><div style=""padding: 5px 0;""><b>D)</b> Dos anys, ampliables fins a nou mesos més.</div></div></div>","<div style=""text-align: left; font-family: -apple-system, sans-serif;""><div style=""font-weight: bold; font-size: 16px; color: #10b981; margin-bottom: 8px;"">✓ Resposta Correcta: B</div><div style=""font-size: 14px; margin-bottom: 12px; padding: 10px; background: rgba(16,185,129,0.1); border-radius: 6px; border-left: 4px solid #10b981;"">B) Tres anys, ampliables fins a dotze mesos més.</div><hr style=""border: 0; border-top: 1px solid #ddd; margin: 12px 0;""><div style=""font-size: 13px; color: #444; line-height: 1.4;""><b style=""color: #111;"">Explicació:</b> Els programes temporals poden justificar personal interí durant tres anys i admeten una ampliació màxima de dotze mesos.</div></div>","T02_-_Funcio_publica","17686"
"<div style=""text-align: left; font-family: -apple-system, sans-serif;""><div style=""font-size: 11px; color: #888; margin-bottom: 6px;"">[T02 - Funció pública] Pregunta 52</div><div style=""font-weight: bold; font-size: 16px; margin-bottom: 14px; line-height: 1.4;"">Quina reserva manté el funcionari de la Generalitat que presta serveis en una altra administració?</div><div style=""font-size: 14px; line-height: 1.6;""><div style=""padding: 5px 0;""><b>A)</b> Reserva la plaça i la destinació durant tres anys.</div><div style=""padding: 5px 0;""><b>B)</b> No manté reserva de plaça ni de destinació.</div><div style=""padding: 5px 0;""><b>C)</b> Reserva el complement específic del lloc d’origen.</div><div style=""padding: 5px 0;""><b>D)</b> Reserva el lloc fins que finalitzi el primer concurs.</div></div></div>","<div style=""text-align: left; font-family: -apple-system, sans-serif;""><div style=""font-weight: bold; font-size: 16px; color: #10b981; margin-bottom: 8px;"">✓ Resposta Correcta: B</div><div style=""font-size: 14px; margin-bottom: 12px; padding: 10px; background: rgba(16,185,129,0.1); border-radius: 6px; border-left: 4px solid #10b981;"">B) No manté reserva de plaça ni de destinació.</div><hr style=""border: 0; border-top: 1px solid #ddd; margin: 12px 0;""><div style=""font-size: 13px; color: #444; line-height: 1.4;""><b style=""color: #111;"">Explicació:</b> La situació conserva la condició funcionarial, però no garanteix el retorn al mateix lloc ni a la mateixa destinació.</div></div>","T02_-_Funcio_publica","17713"
"<div style=""text-align: left; font-family: -apple-system, sans-serif;""><div style=""font-size: 11px; color: #888; margin-bottom: 6px;"">[T02 - Funció pública] Pregunta 53</div><div style=""font-weight: bold; font-size: 16px; margin-bottom: 14px; line-height: 1.4;"">Quins criteris regeixen la designació del personal directiu professional?</div><div style=""font-size: 14px; line-height: 1.6;""><div style=""padding: 5px 0;""><b>A)</b> Confiança política, antiguitat i lliure cessament.</div><div style=""padding: 5px 0;""><b>B)</b> Jerarquia, mobilitat i especialització territorial.</div><div style=""padding: 5px 0;""><b>C)</b> Mèrit, capacitat i idoneïtat, amb publicitat i concurrència.</div><div style=""padding: 5px 0;""><b>D)</b> Igualtat, celeritat i adscripció provisional.</div></div></div>","<div style=""text-align: left; font-family: -apple-system, sans-serif;""><div style=""font-weight: bold; font-size: 16px; color: #10b981; margin-bottom: 8px;"">✓ Resposta Correcta: C</div><div style=""font-size: 14px; margin-bottom: 12px; padding: 10px; background: rgba(16,185,129,0.1); border-radius: 6px; border-left: 4px solid #10b981;"">C) Mèrit, capacitat i idoneïtat, amb publicitat i concurrència.</div><hr style=""border: 0; border-top: 1px solid #ddd; margin: 12px 0;""><div style=""font-size: 13px; color: #444; line-height: 1.4;""><b style=""color: #111;"">Explicació:</b> La designació ha de combinar l’avaluació de la idoneïtat amb procediments oberts que garanteixin publicitat i concurrència.</div></div>","T02_-_Funcio_publica","17695"
"<div style=""text-align: left; font-family: -apple-system, sans-serif;""><div style=""font-size: 11px; color: #888; margin-bottom: 6px;"">[T02 - Funció pública] Pregunta 54</div><div style=""font-weight: bold; font-size: 16px; margin-bottom: 14px; line-height: 1.4;"">Quina competència reserva la Constitució a l’Estat en matèria de funcionaris públics?</div><div style=""font-size: 14px; line-height: 1.6;""><div style=""padding: 5px 0;""><b>A)</b> Dictar les bases del règim estatutari dels funcionaris públics.</div><div style=""padding: 5px 0;""><b>B)</b> Organitzar els cossos i les escales de la Generalitat.</div><div style=""padding: 5px 0;""><b>C)</b> Gestionar les relacions de llocs de treball de les comunitats autònomes.</div><div style=""padding: 5px 0;""><b>D)</b> Regular tota la selecció del personal de les administracions catalanes.</div></div></div>","<div style=""text-align: left; font-family: -apple-system, sans-serif;""><div style=""font-weight: bold; font-size: 16px; color: #10b981; margin-bottom: 8px;"">✓ Resposta Correcta: A</div><div style=""font-size: 14px; margin-bottom: 12px; padding: 10px; background: rgba(16,185,129,0.1); border-radius: 6px; border-left: 4px solid #10b981;"">A) Dictar les bases del règim estatutari dels funcionaris públics.</div><hr style=""border: 0; border-top: 1px solid #ddd; margin: 12px 0;""><div style=""font-size: 13px; color: #444; line-height: 1.4;""><b style=""color: #111;"">Explicació:</b> L’article 149.1.18 de la Constitució atribueix a l’Estat la legislació bàsica del règim estatutari, sobre la qual les comunitats autònomes poden desenvolupar les seves competències.</div></div>","T02_-_Funcio_publica","17676"
"<div style=""text-align: left; font-family: -apple-system, sans-serif;""><div style=""font-size: 11px; color: #888; margin-bottom: 6px;"">[T02 - Funció pública] Pregunta 55</div><div style=""font-weight: bold; font-size: 16px; margin-bottom: 14px; line-height: 1.4;"">Quin termini té l’inculpat per contestar el plec de càrrecs i aportar documents?</div><div style=""font-size: 14px; line-height: 1.6;""><div style=""padding: 5px 0;""><b>A)</b> Cinc dies.</div><div style=""padding: 5px 0;""><b>B)</b> Un mes.</div><div style=""padding: 5px 0;""><b>C)</b> Quinze dies.</div><div style=""padding: 5px 0;""><b>D)</b> Deu dies.</div></div></div>","<div style=""text-align: left; font-family: -apple-system, sans-serif;""><div style=""font-weight: bold; font-size: 16px; color: #10b981; margin-bottom: 8px;"">✓ Resposta Correcta: D</div><div style=""font-size: 14px; margin-bottom: 12px; padding: 10px; background: rgba(16,185,129,0.1); border-radius: 6px; border-left: 4px solid #10b981;"">D) Deu dies.</div><hr style=""border: 0; border-top: 1px solid #ddd; margin: 12px 0;""><div style=""font-size: 13px; color: #444; line-height: 1.4;""><b style=""color: #111;"">Explicació:</b> El termini de deu dies permet preparar la resposta i aportar els documents necessaris per exercir el dret de defensa.</div></div>","T02_-_Funcio_publica","17753"
"<div style=""text-align: left; font-family: -apple-system, sans-serif;""><div style=""font-size: 11px; color: #888; margin-bottom: 6px;"">[T02 - Funció pública] Pregunta 56</div><div style=""font-weight: bold; font-size: 16px; margin-bottom: 14px; line-height: 1.4;"">Quan es pot autoritzar un segon lloc o activitat en el sector públic?</div><div style=""font-size: 14px; line-height: 1.6;""><div style=""padding: 5px 0;""><b>A)</b> Quan les dues activitats pertanyen a administracions diferents.</div><div style=""padding: 5px 0;""><b>B)</b> Quan el funcionari té més de cinc anys d’antiguitat.</div><div style=""padding: 5px 0;""><b>C)</b> Quan el segon lloc té una retribució inferior al principal.</div><div style=""padding: 5px 0;""><b>D)</b> Quan ho exigeix l’interès del mateix servei públic.</div></div></div>","<div style=""text-align: left; font-family: -apple-system, sans-serif;""><div style=""font-weight: bold; font-size: 16px; color: #10b981; margin-bottom: 8px;"">✓ Resposta Correcta: D</div><div style=""font-size: 14px; margin-bottom: 12px; padding: 10px; background: rgba(16,185,129,0.1); border-radius: 6px; border-left: 4px solid #10b981;"">D) Quan ho exigeix l’interès del mateix servei públic.</div><hr style=""border: 0; border-top: 1px solid #ddd; margin: 12px 0;""><div style=""font-size: 13px; color: #444; line-height: 1.4;""><b style=""color: #111;"">Explicació:</b> La compatibilitat pública és excepcional i necessita una justificació vinculada a l’interès del servei, no a les preferències personals.</div></div>","T02_-_Funcio_publica","17733"
"<div style=""text-align: left; font-family: -apple-system, sans-serif;""><div style=""font-size: 11px; color: #888; margin-bottom: 6px;"">[T02 - Funció pública] Pregunta 57</div><div style=""font-weight: bold; font-size: 16px; margin-bottom: 14px; line-height: 1.4;"">Quan és compatible la producció literària, artística, científica o tècnica?</div><div style=""font-size: 14px; line-height: 1.6;""><div style=""padding: 5px 0;""><b>A)</b> Quan implica una participació estable en una empresa pública.</div><div style=""padding: 5px 0;""><b>B)</b> Quan es realitza dins l’horari ordinari del lloc públic.</div><div style=""padding: 5px 0;""><b>C)</b> Quan està directament relacionada amb els expedients gestionats.</div><div style=""padding: 5px 0;""><b>D)</b> Quan no deriva d’una relació de treball o de prestació de serveis.</div></div></div>","<div style=""text-align: left; font-family: -apple-system, sans-serif;""><div style=""font-weight: bold; font-size: 16px; color: #10b981; margin-bottom: 8px;"">✓ Resposta Correcta: D</div><div style=""font-size: 14px; margin-bottom: 12px; padding: 10px; background: rgba(16,185,129,0.1); border-radius: 6px; border-left: 4px solid #10b981;"">D) Quan no deriva d’una relació de treball o de prestació de serveis.</div><hr style=""border: 0; border-top: 1px solid #ddd; margin: 12px 0;""><div style=""font-size: 13px; color: #444; line-height: 1.4;""><b style=""color: #111;"">Explicació:</b> La creació intel·lectual queda fora del règim d’incompatibilitats quan és autònoma i no neix d’una altra relació professional.</div></div>","T02_-_Funcio_publica","17732"
"<div style=""text-align: left; font-family: -apple-system, sans-serif;""><div style=""font-size: 11px; color: #888; margin-bottom: 6px;"">[T02 - Funció pública] Pregunta 58</div><div style=""font-weight: bold; font-size: 16px; margin-bottom: 14px; line-height: 1.4;"">Quina activitat docent es considera d’interès públic a efectes de compatibilitat?</div><div style=""font-size: 14px; line-height: 1.6;""><div style=""padding: 5px 0;""><b>A)</b> La formació, selecció o perfeccionament habitual del personal en centres de funcionaris.</div><div style=""padding: 5px 0;""><b>B)</b> La direcció d’una empresa de formació contractista de l’Administració.</div><div style=""padding: 5px 0;""><b>C)</b> La docència privada desvinculada de les funcions públiques.</div><div style=""padding: 5px 0;""><b>D)</b> La preparació ocasional d’oposicions en una acadèmia privada.</div></div></div>","<div style=""text-align: left; font-family: -apple-system, sans-serif;""><div style=""font-weight: bold; font-size: 16px; color: #10b981; margin-bottom: 8px;"">✓ Resposta Correcta: A</div><div style=""font-size: 14px; margin-bottom: 12px; padding: 10px; background: rgba(16,185,129,0.1); border-radius: 6px; border-left: 4px solid #10b981;"">A) La formació, selecció o perfeccionament habitual del personal en centres de funcionaris.</div><hr style=""border: 0; border-top: 1px solid #ddd; margin: 12px 0;""><div style=""font-size: 13px; color: #444; line-height: 1.4;""><b style=""color: #111;"">Explicació:</b> La formació del personal públic pot justificar una segona activitat perquè contribueix directament a la qualitat del servei.</div></div>","T02_-_Funcio_publica","17735"
"<div style=""text-align: left; font-family: -apple-system, sans-serif;""><div style=""font-size: 11px; color: #888; margin-bottom: 6px;"">[T02 - Funció pública] Pregunta 59</div><div style=""font-weight: bold; font-size: 16px; margin-bottom: 14px; line-height: 1.4;"">Quines modalitats pot tenir el contracte del personal laboral segons la seva durada?</div><div style=""font-size: 14px; line-height: 1.6;""><div style=""padding: 5px 0;""><b>A)</b> Permanent, interí o eventual.</div><div style=""padding: 5px 0;""><b>B)</b> Estatutari, provisional o especial.</div><div style=""padding: 5px 0;""><b>C)</b> Fix, per temps indefinit o temporal.</div><div style=""padding: 5px 0;""><b>D)</b> De carrera, en pràctiques o de confiança.</div></div></div>","<div style=""text-align: left; font-family: -apple-system, sans-serif;""><div style=""font-weight: bold; font-size: 16px; color: #10b981; margin-bottom: 8px;"">✓ Resposta Correcta: C</div><div style=""font-size: 14px; margin-bottom: 12px; padding: 10px; background: rgba(16,185,129,0.1); border-radius: 6px; border-left: 4px solid #10b981;"">C) Fix, per temps indefinit o temporal.</div><hr style=""border: 0; border-top: 1px solid #ddd; margin: 12px 0;""><div style=""font-size: 13px; color: #444; line-height: 1.4;""><b style=""color: #111;"">Explicació:</b> La classificació del personal laboral depèn de la durada contractual i no de la integració en cossos o escales funcionarials.</div></div>","T02_-_Funcio_publica","17690"
"<div style=""text-align: left; font-family: -apple-system, sans-serif;""><div style=""font-size: 11px; color: #888; margin-bottom: 6px;"">[T02 - Funció pública] Pregunta 60</div><div style=""font-weight: bold; font-size: 16px; margin-bottom: 14px; line-height: 1.4;"">Quin acte incorpora una persona a la relació jurídica estatutària després del procés selectiu?</div><div style=""font-size: 14px; line-height: 1.6;""><div style=""padding: 5px 0;""><b>A)</b> La declaració de compatibilitat.</div><div style=""padding: 5px 0;""><b>B)</b> El nomenament.</div><div style=""padding: 5px 0;""><b>C)</b> La contractació laboral.</div><div style=""padding: 5px 0;""><b>D)</b> L’adscripció provisional.</div></div></div>","<div style=""text-align: left; font-family: -apple-system, sans-serif;""><div style=""font-weight: bold; font-size: 16px; color: #10b981; margin-bottom: 8px;"">✓ Resposta Correcta: B</div><div style=""font-size: 14px; margin-bottom: 12px; padding: 10px; background: rgba(16,185,129,0.1); border-radius: 6px; border-left: 4px solid #10b981;"">B) El nomenament.</div><hr style=""border: 0; border-top: 1px solid #ddd; margin: 12px 0;""><div style=""font-size: 13px; color: #444; line-height: 1.4;""><b style=""color: #111;"">Explicació:</b> El nomenament és l’acte formal que situa la persona seleccionada dins la relació estatutària, abans de la presa de possessió corresponent.</div></div>","T02_-_Funcio_publica","17684"
"<div style=""text-align: left; font-family: -apple-system, sans-serif;""><div style=""font-size: 11px; color: #888; margin-bottom: 6px;"">[T02 - Funció pública] Pregunta 61</div><div style=""font-weight: bold; font-size: 16px; margin-bottom: 14px; line-height: 1.4;"">A quins criteris se sotmet l’avaluació del personal directiu professional?</div><div style=""font-size: 14px; line-height: 1.6;""><div style=""padding: 5px 0;""><b>A)</b> Eficàcia, eficiència, responsabilitat de gestió i control de resultats i objectius.</div><div style=""padding: 5px 0;""><b>B)</b> Antiguitat, permanència, inamovibilitat i carrera horitzontal.</div><div style=""padding: 5px 0;""><b>C)</b> Confiança, discrecionalitat, representació i negociació col·lectiva.</div><div style=""padding: 5px 0;""><b>D)</b> Publicitat, celeritat, mobilitat i provisió per concurs.</div></div></div>","<div style=""text-align: left; font-family: -apple-system, sans-serif;""><div style=""font-weight: bold; font-size: 16px; color: #10b981; margin-bottom: 8px;"">✓ Resposta Correcta: A</div><div style=""font-size: 14px; margin-bottom: 12px; padding: 10px; background: rgba(16,185,129,0.1); border-radius: 6px; border-left: 4px solid #10b981;"">A) Eficàcia, eficiència, responsabilitat de gestió i control de resultats i objectius.</div><hr style=""border: 0; border-top: 1px solid #ddd; margin: 12px 0;""><div style=""font-size: 13px; color: #444; line-height: 1.4;""><b style=""color: #111;"">Explicació:</b> La direcció professional es valora pels resultats de la gestió i pel compliment d’objectius, no per l’estabilitat pròpia de la carrera funcionarial.</div></div>","T02_-_Funcio_publica","17696"
"<div style=""text-align: left; font-family: -apple-system, sans-serif;""><div style=""font-size: 11px; color: #888; margin-bottom: 6px;"">[T02 - Funció pública] Pregunta 62</div><div style=""font-weight: bold; font-size: 16px; margin-bottom: 14px; line-height: 1.4;"">Quina circumstància pot originar la suspensió de funcions d’un funcionari?</div><div style=""font-size: 14px; line-height: 1.6;""><div style=""padding: 5px 0;""><b>A)</b> La participació en un concurs de provisió de llocs.</div><div style=""padding: 5px 0;""><b>B)</b> La sol·licitud d’una excedència per interès particular.</div><div style=""padding: 5px 0;""><b>C)</b> Una sanció derivada d’un expedient disciplinari o d’un procediment judicial.</div><div style=""padding: 5px 0;""><b>D)</b> El nomenament per a un càrrec de confiança.</div></div></div>","<div style=""text-align: left; font-family: -apple-system, sans-serif;""><div style=""font-weight: bold; font-size: 16px; color: #10b981; margin-bottom: 8px;"">✓ Resposta Correcta: C</div><div style=""font-size: 14px; margin-bottom: 12px; padding: 10px; background: rgba(16,185,129,0.1); border-radius: 6px; border-left: 4px solid #10b981;"">C) Una sanció derivada d’un expedient disciplinari o d’un procediment judicial.</div><hr style=""border: 0; border-top: 1px solid #ddd; margin: 12px 0;""><div style=""font-size: 13px; color: #444; line-height: 1.4;""><b style=""color: #111;"">Explicació:</b> La suspensió s’associa a una resposta disciplinària o judicial i no a un mecanisme ordinari de mobilitat o provisió.</div></div>","T02_-_Funcio_publica","17715"
"<div style=""text-align: left; font-family: -apple-system, sans-serif;""><div style=""font-size: 11px; color: #888; margin-bottom: 6px;"">[T02 - Funció pública] Pregunta 63</div><div style=""font-weight: bold; font-size: 16px; margin-bottom: 14px; line-height: 1.4;"">Quin òrgan resol les compatibilitats en l’àmbit de les corporacions locals?</div><div style=""font-size: 14px; line-height: 1.6;""><div style=""padding: 5px 0;""><b>A)</b> El ple de la corporació.</div><div style=""padding: 5px 0;""><b>B)</b> El conseller de Sanitat i Seguretat Social.</div><div style=""padding: 5px 0;""><b>C)</b> El rector de la universitat.</div><div style=""padding: 5px 0;""><b>D)</b> El conseller d’Ensenyament.</div></div></div>","<div style=""text-align: left; font-family: -apple-system, sans-serif;""><div style=""font-weight: bold; font-size: 16px; color: #10b981; margin-bottom: 8px;"">✓ Resposta Correcta: A</div><div style=""font-size: 14px; margin-bottom: 12px; padding: 10px; background: rgba(16,185,129,0.1); border-radius: 6px; border-left: 4px solid #10b981;"">A) El ple de la corporació.</div><hr style=""border: 0; border-top: 1px solid #ddd; margin: 12px 0;""><div style=""font-size: 13px; color: #444; line-height: 1.4;""><b style=""color: #111;"">Explicació:</b> En l’àmbit local, la decisió correspon al ple de la corporació i no a un òrgan de l’Administració de la Generalitat.</div></div>","T02_-_Funcio_publica","17747"
"<div style=""text-align: left; font-family: -apple-system, sans-serif;""><div style=""font-size: 11px; color: #888; margin-bottom: 6px;"">[T02 - Funció pública] Pregunta 64</div><div style=""font-weight: bold; font-size: 16px; margin-bottom: 14px; line-height: 1.4;"">Quina durada màxima té un expedient disciplinari amb caràcter general?</div><div style=""font-size: 14px; line-height: 1.6;""><div style=""padding: 5px 0;""><b>A)</b> Deu mesos.</div><div style=""padding: 5px 0;""><b>B)</b> Dotze mesos.</div><div style=""padding: 5px 0;""><b>C)</b> Sis mesos.</div><div style=""padding: 5px 0;""><b>D)</b> Vuit mesos.</div></div></div>","<div style=""text-align: left; font-family: -apple-system, sans-serif;""><div style=""font-weight: bold; font-size: 16px; color: #10b981; margin-bottom: 8px;"">✓ Resposta Correcta: D</div><div style=""font-size: 14px; margin-bottom: 12px; padding: 10px; background: rgba(16,185,129,0.1); border-radius: 6px; border-left: 4px solid #10b981;"">D) Vuit mesos.</div><hr style=""border: 0; border-top: 1px solid #ddd; margin: 12px 0;""><div style=""font-size: 13px; color: #444; line-height: 1.4;""><b style=""color: #111;"">Explicació:</b> El termini general és de vuit mesos, encara que pot superar-se si l’Administració justifica una pròrroga o hi ha conducta dilatòria de l’inculpat.</div></div>","T02_-_Funcio_publica","17750"
"<div style=""text-align: left; font-family: -apple-system, sans-serif;""><div style=""font-size: 11px; color: #888; margin-bottom: 6px;"">[T02 - Funció pública] Pregunta 65</div><div style=""font-weight: bold; font-size: 16px; margin-bottom: 14px; line-height: 1.4;"">Com es formalitza la relació del personal laboral amb l’Administració?</div><div style=""font-size: 14px; line-height: 1.6;""><div style=""padding: 5px 0;""><b>A)</b> Mitjançant una designació lliure de caràcter eventual.</div><div style=""padding: 5px 0;""><b>B)</b> Mitjançant un nomenament estatutari publicat al diari oficial.</div><div style=""padding: 5px 0;""><b>C)</b> Mitjançant una adscripció administrativa provisional.</div><div style=""padding: 5px 0;""><b>D)</b> Mitjançant un contracte laboral per escrit.</div></div></div>","<div style=""text-align: left; font-family: -apple-system, sans-serif;""><div style=""font-weight: bold; font-size: 16px; color: #10b981; margin-bottom: 8px;"">✓ Resposta Correcta: D</div><div style=""font-size: 14px; margin-bottom: 12px; padding: 10px; background: rgba(16,185,129,0.1); border-radius: 6px; border-left: 4px solid #10b981;"">D) Mitjançant un contracte laboral per escrit.</div><hr style=""border: 0; border-top: 1px solid #ddd; margin: 12px 0;""><div style=""font-size: 13px; color: #444; line-height: 1.4;""><b style=""color: #111;"">Explicació:</b> El personal laboral queda sotmès al dret laboral a partir d’un contracte escrit, complementat per les normes i els convenis aplicables.</div></div>","T02_-_Funcio_publica","17688"
"<div style=""text-align: left; font-family: -apple-system, sans-serif;""><div style=""font-size: 11px; color: #888; margin-bottom: 6px;"">[T02 - Funció pública] Pregunta 66</div><div style=""font-weight: bold; font-size: 16px; margin-bottom: 14px; line-height: 1.4;"">Quina protecció econòmica inicial té l’excedència per violència de gènere o sexual?</div><div style=""font-size: 14px; line-height: 1.6;""><div style=""padding: 5px 0;""><b>A)</b> El cinquanta per cent de les retribucions durant un any.</div><div style=""padding: 5px 0;""><b>B)</b> Retribucions íntegres durant els dos primers mesos.</div><div style=""padding: 5px 0;""><b>C)</b> Retribucions bàsiques durant els sis primers mesos.</div><div style=""padding: 5px 0;""><b>D)</b> Cap retribució des del primer dia.</div></div></div>","<div style=""text-align: left; font-family: -apple-system, sans-serif;""><div style=""font-weight: bold; font-size: 16px; color: #10b981; margin-bottom: 8px;"">✓ Resposta Correcta: B</div><div style=""font-size: 14px; margin-bottom: 12px; padding: 10px; background: rgba(16,185,129,0.1); border-radius: 6px; border-left: 4px solid #10b981;"">B) Retribucions íntegres durant els dos primers mesos.</div><hr style=""border: 0; border-top: 1px solid #ddd; margin: 12px 0;""><div style=""font-size: 13px; color: #444; line-height: 1.4;""><b style=""color: #111;"">Explicació:</b> Aquesta excedència incorpora una protecció reforçada, amb dos mesos de retribucions íntegres i reserva inicial del lloc.</div></div>","T02_-_Funcio_publica","17720"
"<div style=""text-align: left; font-family: -apple-system, sans-serif;""><div style=""font-size: 11px; color: #888; margin-bottom: 6px;"">[T02 - Funció pública] Pregunta 67</div><div style=""font-weight: bold; font-size: 16px; margin-bottom: 14px; line-height: 1.4;"">Què ha de respectar un trasllat motivat per necessitats de servei o funcionals?</div><div style=""font-size: 14px; line-height: 1.6;""><div style=""padding: 5px 0;""><b>A)</b> La conservació de totes les funcions del lloc d’origen.</div><div style=""padding: 5px 0;""><b>B)</b> La lliure elecció del nou lloc pel funcionari.</div><div style=""padding: 5px 0;""><b>C)</b> La reserva indefinida del lloc de treball anterior.</div><div style=""padding: 5px 0;""><b>D)</b> Les retribucions i les condicions essencials de treball.</div></div></div>","<div style=""text-align: left; font-family: -apple-system, sans-serif;""><div style=""font-weight: bold; font-size: 16px; color: #10b981; margin-bottom: 8px;"">✓ Resposta Correcta: D</div><div style=""font-size: 14px; margin-bottom: 12px; padding: 10px; background: rgba(16,185,129,0.1); border-radius: 6px; border-left: 4px solid #10b981;"">D) Les retribucions i les condicions essencials de treball.</div><hr style=""border: 0; border-top: 1px solid #ddd; margin: 12px 0;""><div style=""font-size: 13px; color: #444; line-height: 1.4;""><b style=""color: #111;"">Explicació:</b> La mobilitat per necessitats administratives ha d’estar motivada i no pot alterar els elements essencials de la relació de servei.</div></div>","T02_-_Funcio_publica","17724"
"<div style=""text-align: left; font-family: -apple-system, sans-serif;""><div style=""font-size: 11px; color: #888; margin-bottom: 6px;"">[T02 - Funció pública] Pregunta 68</div><div style=""font-weight: bold; font-size: 16px; margin-bottom: 14px; line-height: 1.4;"">Com són el nomenament i el cessament del personal eventual?</div><div style=""font-size: 14px; line-height: 1.6;""><div style=""padding: 5px 0;""><b>A)</b> Reglats i vinculats a un concurs de mèrits.</div><div style=""padding: 5px 0;""><b>B)</b> Temporals però sotmesos a una borsa d’interins.</div><div style=""padding: 5px 0;""><b>C)</b> Definitius després de superar una oposició.</div><div style=""padding: 5px 0;""><b>D)</b> Lliures i de caràcter no permanent.</div></div></div>","<div style=""text-align: left; font-family: -apple-system, sans-serif;""><div style=""font-weight: bold; font-size: 16px; color: #10b981; margin-bottom: 8px;"">✓ Resposta Correcta: D</div><div style=""font-size: 14px; margin-bottom: 12px; padding: 10px; background: rgba(16,185,129,0.1); border-radius: 6px; border-left: 4px solid #10b981;"">D) Lliures i de caràcter no permanent.</div><hr style=""border: 0; border-top: 1px solid #ddd; margin: 12px 0;""><div style=""font-size: 13px; color: #444; line-height: 1.4;""><b style=""color: #111;"">Explicació:</b> La confiança que fonamenta aquest personal explica que el nomenament i el cessament siguin lliures i no generin estabilitat permanent.</div></div>","T02_-_Funcio_publica","17692"
"<div style=""text-align: left; font-family: -apple-system, sans-serif;""><div style=""font-size: 11px; color: #888; margin-bottom: 6px;"">[T02 - Funció pública] Pregunta 69</div><div style=""font-weight: bold; font-size: 16px; margin-bottom: 14px; line-height: 1.4;"">Com classifica el Decret 243/1995 les faltes disciplinàries?</div><div style=""font-size: 14px; line-height: 1.6;""><div style=""padding: 5px 0;""><b>A)</b> En definitives, provisionals i cautelars.</div><div style=""padding: 5px 0;""><b>B)</b> En molt greus, greus i lleus.</div><div style=""padding: 5px 0;""><b>C)</b> En principals, accessòries i complementàries.</div><div style=""padding: 5px 0;""><b>D)</b> En administratives, laborals i judicials.</div></div></div>","<div style=""text-align: left; font-family: -apple-system, sans-serif;""><div style=""font-weight: bold; font-size: 16px; color: #10b981; margin-bottom: 8px;"">✓ Resposta Correcta: B</div><div style=""font-size: 14px; margin-bottom: 12px; padding: 10px; background: rgba(16,185,129,0.1); border-radius: 6px; border-left: 4px solid #10b981;"">B) En molt greus, greus i lleus.</div><hr style=""border: 0; border-top: 1px solid #ddd; margin: 12px 0;""><div style=""font-size: 13px; color: #444; line-height: 1.4;""><b style=""color: #111;"">Explicació:</b> La gravetat de la conducta determina la classificació de la falta i condiciona les sancions que es poden imposar.</div></div>","T02_-_Funcio_publica","17752"
"<div style=""text-align: left; font-family: -apple-system, sans-serif;""><div style=""font-size: 11px; color: #888; margin-bottom: 6px;"">[T02 - Funció pública] Pregunta 70</div><div style=""font-weight: bold; font-size: 16px; margin-bottom: 14px; line-height: 1.4;"">Quan es troba un funcionari en situació de servei actiu?</div><div style=""font-size: 14px; line-height: 1.6;""><div style=""padding: 5px 0;""><b>A)</b> Quan ocupa un càrrec polític incompatible amb la funció pública.</div><div style=""padding: 5px 0;""><b>B)</b> Quan el seu lloc ha estat suprimit i encara no ha obtingut destinació.</div><div style=""padding: 5px 0;""><b>C)</b> Quan presta serveis com a funcionari públic i no li correspon cap altra situació administrativa.</div><div style=""padding: 5px 0;""><b>D)</b> Quan presta serveis en una altra administració sense reserva de destinació.</div></div></div>","<div style=""text-align: left; font-family: -apple-system, sans-serif;""><div style=""font-weight: bold; font-size: 16px; color: #10b981; margin-bottom: 8px;"">✓ Resposta Correcta: C</div><div style=""font-size: 14px; margin-bottom: 12px; padding: 10px; background: rgba(16,185,129,0.1); border-radius: 6px; border-left: 4px solid #10b981;"">C) Quan presta serveis com a funcionari públic i no li correspon cap altra situació administrativa.</div><hr style=""border: 0; border-top: 1px solid #ddd; margin: 12px 0;""><div style=""font-size: 13px; color: #444; line-height: 1.4;""><b style=""color: #111;"">Explicació:</b> El servei actiu és la situació ordinària del funcionari que exerceix efectivament les seves funcions sense encaixar en una situació especial.</div></div>","T02_-_Funcio_publica","17706"
"<div style=""text-align: left; font-family: -apple-system, sans-serif;""><div style=""font-size: 11px; color: #888; margin-bottom: 6px;"">[T02 - Funció pública] Pregunta 71</div><div style=""font-weight: bold; font-size: 16px; margin-bottom: 14px; line-height: 1.4;"">Quina durada màxima té l’excedència per tenir cura de cada fill?</div><div style=""font-size: 14px; line-height: 1.6;""><div style=""padding: 5px 0;""><b>A)</b> Tres anys.</div><div style=""padding: 5px 0;""><b>B)</b> Un any.</div><div style=""padding: 5px 0;""><b>C)</b> Dos anys.</div><div style=""padding: 5px 0;""><b>D)</b> Cinc anys.</div></div></div>","<div style=""text-align: left; font-family: -apple-system, sans-serif;""><div style=""font-weight: bold; font-size: 16px; color: #10b981; margin-bottom: 8px;"">✓ Resposta Correcta: A</div><div style=""font-size: 14px; margin-bottom: 12px; padding: 10px; background: rgba(16,185,129,0.1); border-radius: 6px; border-left: 4px solid #10b981;"">A) Tres anys.</div><hr style=""border: 0; border-top: 1px solid #ddd; margin: 12px 0;""><div style=""font-size: 13px; color: #444; line-height: 1.4;""><b style=""color: #111;"">Explicació:</b> El període es vincula a cada fill, tant per naixement com per adopció, i computa a efectes de triennis i grau personal.</div></div>","T02_-_Funcio_publica","17719"
"<div style=""text-align: left; font-family: -apple-system, sans-serif;""><div style=""font-size: 11px; color: #888; margin-bottom: 6px;"">[T02 - Funció pública] Pregunta 72</div><div style=""font-weight: bold; font-size: 16px; margin-bottom: 14px; line-height: 1.4;"">Qui resol la compatibilitat del personal de l’àmbit universitari?</div><div style=""font-size: 14px; line-height: 1.6;""><div style=""padding: 5px 0;""><b>A)</b> El rector de la universitat.</div><div style=""padding: 5px 0;""><b>B)</b> El conseller competent en funció pública.</div><div style=""padding: 5px 0;""><b>C)</b> El ple de la corporació local.</div><div style=""padding: 5px 0;""><b>D)</b> El conseller d’Ensenyament.</div></div></div>","<div style=""text-align: left; font-family: -apple-system, sans-serif;""><div style=""font-weight: bold; font-size: 16px; color: #10b981; margin-bottom: 8px;"">✓ Resposta Correcta: A</div><div style=""font-size: 14px; margin-bottom: 12px; padding: 10px; background: rgba(16,185,129,0.1); border-radius: 6px; border-left: 4px solid #10b981;"">A) El rector de la universitat.</div><hr style=""border: 0; border-top: 1px solid #ddd; margin: 12px 0;""><div style=""font-size: 13px; color: #444; line-height: 1.4;""><b style=""color: #111;"">Explicació:</b> L’àmbit universitari disposa d’una autoritat pròpia per resoldre aquestes declaracions: el rector de la universitat.</div></div>","T02_-_Funcio_publica","17746"
"<div style=""text-align: left; font-family: -apple-system, sans-serif;""><div style=""font-size: 11px; color: #888; margin-bottom: 6px;"">[T02 - Funció pública] Pregunta 73</div><div style=""font-weight: bold; font-size: 16px; margin-bottom: 14px; line-height: 1.4;"">A qui s’ha d’informar dels expedients disciplinaris?</div><div style=""font-size: 14px; line-height: 1.6;""><div style=""padding: 5px 0;""><b>A)</b> Als consells d’administració de les empreses públiques.</div><div style=""padding: 5px 0;""><b>B)</b> Als tribunals de selecció de personal.</div><div style=""padding: 5px 0;""><b>C)</b> Als òrgans de representació col·lectiva.</div><div style=""padding: 5px 0;""><b>D)</b> Als òrgans de provisió per concurs.</div></div></div>","<div style=""text-align: left; font-family: -apple-system, sans-serif;""><div style=""font-weight: bold; font-size: 16px; color: #10b981; margin-bottom: 8px;"">✓ Resposta Correcta: C</div><div style=""font-size: 14px; margin-bottom: 12px; padding: 10px; background: rgba(16,185,129,0.1); border-radius: 6px; border-left: 4px solid #10b981;"">C) Als òrgans de representació col·lectiva.</div><hr style=""border: 0; border-top: 1px solid #ddd; margin: 12px 0;""><div style=""font-size: 13px; color: #444; line-height: 1.4;""><b style=""color: #111;"">Explicació:</b> La informació als òrgans representatius incorpora una garantia col·lectiva de seguiment del procediment disciplinari.</div></div>","T02_-_Funcio_publica","17749"
"<div style=""text-align: left; font-family: -apple-system, sans-serif;""><div style=""font-size: 11px; color: #888; margin-bottom: 6px;"">[T02 - Funció pública] Pregunta 74</div><div style=""font-weight: bold; font-size: 16px; margin-bottom: 14px; line-height: 1.4;"">Qui resol la compatibilitat d’un segon lloc respecte del personal sanitari?</div><div style=""font-size: 14px; line-height: 1.6;""><div style=""padding: 5px 0;""><b>A)</b> El ple de la corporació.</div><div style=""padding: 5px 0;""><b>B)</b> El conseller de Sanitat i Seguretat Social.</div><div style=""padding: 5px 0;""><b>C)</b> El rector de la universitat.</div><div style=""padding: 5px 0;""><b>D)</b> El conseller competent en funció pública.</div></div></div>","<div style=""text-align: left; font-family: -apple-system, sans-serif;""><div style=""font-weight: bold; font-size: 16px; color: #10b981; margin-bottom: 8px;"">✓ Resposta Correcta: B</div><div style=""font-size: 14px; margin-bottom: 12px; padding: 10px; background: rgba(16,185,129,0.1); border-radius: 6px; border-left: 4px solid #10b981;"">B) El conseller de Sanitat i Seguretat Social.</div><hr style=""border: 0; border-top: 1px solid #ddd; margin: 12px 0;""><div style=""font-size: 13px; color: #444; line-height: 1.4;""><b style=""color: #111;"">Explicació:</b> La taula atribueix al conseller de Sanitat i Seguretat Social l’autorització o denegació relativa al personal sanitari.</div></div>","T02_-_Funcio_publica","17745"
"<div style=""text-align: left; font-family: -apple-system, sans-serif;""><div style=""font-size: 11px; color: #888; margin-bottom: 6px;"">[T02 - Funció pública] Pregunta 75</div><div style=""font-weight: bold; font-size: 16px; margin-bottom: 14px; line-height: 1.4;"">Quins principis regeixen la selecció dels funcionaris interins?</div><div style=""font-size: 14px; line-height: 1.6;""><div style=""padding: 5px 0;""><b>A)</b> Igualtat, mèrit, capacitat, publicitat i celeritat.</div><div style=""padding: 5px 0;""><b>B)</b> Confiança, idoneïtat, concurrència, eficàcia i antiguitat.</div><div style=""padding: 5px 0;""><b>C)</b> Objectivitat, economia, jerarquia, estabilitat i carrera.</div><div style=""padding: 5px 0;""><b>D)</b> Professionalitat, especialització, discrecionalitat, mobilitat i permanència.</div></div></div>","<div style=""text-align: left; font-family: -apple-system, sans-serif;""><div style=""font-weight: bold; font-size: 16px; color: #10b981; margin-bottom: 8px;"">✓ Resposta Correcta: A</div><div style=""font-size: 14px; margin-bottom: 12px; padding: 10px; background: rgba(16,185,129,0.1); border-radius: 6px; border-left: 4px solid #10b981;"">A) Igualtat, mèrit, capacitat, publicitat i celeritat.</div><hr style=""border: 0; border-top: 1px solid #ddd; margin: 12px 0;""><div style=""font-size: 13px; color: #444; line-height: 1.4;""><b style=""color: #111;"">Explicació:</b> La temporalitat del nomenament no elimina les garanties d’accés; s’hi afegeix la celeritat per respondre a la necessitat urgent.</div></div>","T02_-_Funcio_publica","17687"
"<div style=""text-align: left; font-family: -apple-system, sans-serif;""><div style=""font-size: 11px; color: #888; margin-bottom: 6px;"">[T02 - Funció pública] Pregunta 76</div><div style=""font-weight: bold; font-size: 16px; margin-bottom: 14px; line-height: 1.4;"">Quin dret individual correspon específicament als funcionaris de carrera?</div><div style=""font-size: 14px; line-height: 1.6;""><div style=""padding: 5px 0;""><b>A)</b> El dret a la llibertat sindical.</div><div style=""padding: 5px 0;""><b>B)</b> El dret a la negociació col·lectiva.</div><div style=""padding: 5px 0;""><b>C)</b> El dret de reunió.</div><div style=""padding: 5px 0;""><b>D)</b> La inamovibilitat en la condició de funcionari de carrera.</div></div></div>","<div style=""text-align: left; font-family: -apple-system, sans-serif;""><div style=""font-weight: bold; font-size: 16px; color: #10b981; margin-bottom: 8px;"">✓ Resposta Correcta: D</div><div style=""font-size: 14px; margin-bottom: 12px; padding: 10px; background: rgba(16,185,129,0.1); border-radius: 6px; border-left: 4px solid #10b981;"">D) La inamovibilitat en la condició de funcionari de carrera.</div><hr style=""border: 0; border-top: 1px solid #ddd; margin: 12px 0;""><div style=""font-size: 13px; color: #444; line-height: 1.4;""><b style=""color: #111;"">Explicació:</b> La inamovibilitat protegeix l’estabilitat de la condició funcionarial; els altres drets indicats tenen caràcter col·lectiu.</div></div>","T02_-_Funcio_publica","17697"
"<div style=""text-align: left; font-family: -apple-system, sans-serif;""><div style=""font-size: 11px; color: #888; margin-bottom: 6px;"">[T02 - Funció pública] Pregunta 77</div><div style=""font-weight: bold; font-size: 16px; margin-bottom: 14px; line-height: 1.4;"">Quan pot un empleat públic desobeir una ordre professional d’un superior?</div><div style=""font-size: 14px; line-height: 1.6;""><div style=""padding: 5px 0;""><b>A)</b> Quan l’ordre constitueix una infracció.</div><div style=""padding: 5px 0;""><b>B)</b> Quan l’ordre exigeix complir l’horari establert.</div><div style=""padding: 5px 0;""><b>C)</b> Quan l’ordre modifica la distribució de tasques.</div><div style=""padding: 5px 0;""><b>D)</b> Quan discrepa del criteri tècnic aplicat.</div></div></div>","<div style=""text-align: left; font-family: -apple-system, sans-serif;""><div style=""font-weight: bold; font-size: 16px; color: #10b981; margin-bottom: 8px;"">✓ Resposta Correcta: A</div><div style=""font-size: 14px; margin-bottom: 12px; padding: 10px; background: rgba(16,185,129,0.1); border-radius: 6px; border-left: 4px solid #10b981;"">A) Quan l’ordre constitueix una infracció.</div><hr style=""border: 0; border-top: 1px solid #ddd; margin: 12px 0;""><div style=""font-size: 13px; color: #444; line-height: 1.4;""><b style=""color: #111;"">Explicació:</b> El deure d’obediència no empara ordres contràries a la legalitat; la discrepància ordinària no justifica la desobediència.</div></div>","T02_-_Funcio_publica","17702"
"<div style=""text-align: left; font-family: -apple-system, sans-serif;""><div style=""font-size: 11px; color: #888; margin-bottom: 6px;"">[T02 - Funció pública] Pregunta 78</div><div style=""font-weight: bold; font-size: 16px; margin-bottom: 14px; line-height: 1.4;"">Quina condició conserva un funcionari que presta serveis en una altra administració pública?</div><div style=""font-size: 14px; line-height: 1.6;""><div style=""padding: 5px 0;""><b>A)</b> La condició de personal laboral de l’administració de destinació.</div><div style=""padding: 5px 0;""><b>B)</b> La reserva automàtica del càrrec polític d’origen.</div><div style=""padding: 5px 0;""><b>C)</b> La consideració de personal eventual de la nova administració.</div><div style=""padding: 5px 0;""><b>D)</b> La condició de funcionari de la Generalitat.</div></div></div>","<div style=""text-align: left; font-family: -apple-system, sans-serif;""><div style=""font-weight: bold; font-size: 16px; color: #10b981; margin-bottom: 8px;"">✓ Resposta Correcta: D</div><div style=""font-size: 14px; margin-bottom: 12px; padding: 10px; background: rgba(16,185,129,0.1); border-radius: 6px; border-left: 4px solid #10b981;"">D) La condició de funcionari de la Generalitat.</div><hr style=""border: 0; border-top: 1px solid #ddd; margin: 12px 0;""><div style=""font-size: 13px; color: #444; line-height: 1.4;""><b style=""color: #111;"">Explicació:</b> El canvi d’administració no extingeix el vincle funcionarial d’origen, encara que el règim aplicable passi a ser el de la destinació.</div></div>","T02_-_Funcio_publica","17712"
"<div style=""text-align: left; font-family: -apple-system, sans-serif;""><div style=""font-size: 11px; color: #888; margin-bottom: 6px;"">[T02 - Funció pública] Pregunta 79</div><div style=""font-weight: bold; font-size: 16px; margin-bottom: 14px; line-height: 1.4;"">Quin efecte principal té la suspensió de funcions?</div><div style=""font-size: 14px; line-height: 1.6;""><div style=""padding: 5px 0;""><b>A)</b> La privació temporal de l’exercici de les funcions.</div><div style=""padding: 5px 0;""><b>B)</b> El canvi automàtic a una altra administració.</div><div style=""padding: 5px 0;""><b>C)</b> La reserva temporal d’un segon lloc de treball.</div><div style=""padding: 5px 0;""><b>D)</b> La pèrdua definitiva de la condició de funcionari.</div></div></div>","<div style=""text-align: left; font-family: -apple-system, sans-serif;""><div style=""font-weight: bold; font-size: 16px; color: #10b981; margin-bottom: 8px;"">✓ Resposta Correcta: A</div><div style=""font-size: 14px; margin-bottom: 12px; padding: 10px; background: rgba(16,185,129,0.1); border-radius: 6px; border-left: 4px solid #10b981;"">A) La privació temporal de l’exercici de les funcions.</div><hr style=""border: 0; border-top: 1px solid #ddd; margin: 12px 0;""><div style=""font-size: 13px; color: #444; line-height: 1.4;""><b style=""color: #111;"">Explicació:</b> La suspensió impedeix exercir temporalment les funcions, però no equival necessàriament a la separació definitiva del servei.</div></div>","T02_-_Funcio_publica","17716"
"<div style=""text-align: left; font-family: -apple-system, sans-serif;""><div style=""font-size: 11px; color: #888; margin-bottom: 6px;"">[T02 - Funció pública] Pregunta 80</div><div style=""font-weight: bold; font-size: 16px; margin-bottom: 14px; line-height: 1.4;"">Quin caràcter té la relació dels funcionaris de carrera amb l’Administració?</div><div style=""font-size: 14px; line-height: 1.6;""><div style=""padding: 5px 0;""><b>A)</b> Administratiu i eventual.</div><div style=""padding: 5px 0;""><b>B)</b> Estatutari i permanent.</div><div style=""padding: 5px 0;""><b>C)</b> Laboral i temporal.</div><div style=""padding: 5px 0;""><b>D)</b> Mercantil i indefinit.</div></div></div>","<div style=""text-align: left; font-family: -apple-system, sans-serif;""><div style=""font-weight: bold; font-size: 16px; color: #10b981; margin-bottom: 8px;"">✓ Resposta Correcta: B</div><div style=""font-size: 14px; margin-bottom: 12px; padding: 10px; background: rgba(16,185,129,0.1); border-radius: 6px; border-left: 4px solid #10b981;"">B) Estatutari i permanent.</div><hr style=""border: 0; border-top: 1px solid #ddd; margin: 12px 0;""><div style=""font-size: 13px; color: #444; line-height: 1.4;""><b style=""color: #111;"">Explicació:</b> Els funcionaris de carrera s’incorporen a l’Administració mitjançant una relació estatutària de caràcter permanent.</div></div>","T02_-_Funcio_publica","17682"
"<div style=""text-align: left; font-family: -apple-system, sans-serif;""><div style=""font-size: 11px; color: #888; margin-bottom: 6px;"">[T02 - Funció pública] Pregunta 81</div><div style=""font-weight: bold; font-size: 16px; margin-bottom: 14px; line-height: 1.4;"">Quin límit anual s’aplica a la participació no habitual en cursos de formació de funcionaris?</div><div style=""font-size: 14px; line-height: 1.6;""><div style=""padding: 5px 0;""><b>A)</b> Cent hores.</div><div style=""padding: 5px 0;""><b>B)</b> Cinquanta hores.</div><div style=""padding: 5px 0;""><b>C)</b> Cent cinquanta hores.</div><div style=""padding: 5px 0;""><b>D)</b> Setanta-cinc hores.</div></div></div>","<div style=""text-align: left; font-family: -apple-system, sans-serif;""><div style=""font-weight: bold; font-size: 16px; color: #10b981; margin-bottom: 8px;"">✓ Resposta Correcta: D</div><div style=""font-size: 14px; margin-bottom: 12px; padding: 10px; background: rgba(16,185,129,0.1); border-radius: 6px; border-left: 4px solid #10b981;"">D) Setanta-cinc hores.</div><hr style=""border: 0; border-top: 1px solid #ddd; margin: 12px 0;""><div style=""font-size: 13px; color: #444; line-height: 1.4;""><b style=""color: #111;"">Explicació:</b> L’activitat formativa queda exempta d’incompatibilitat si no és permanent ni habitual i no supera les 75 hores anuals.</div></div>","T02_-_Funcio_publica","17731"
"<div style=""text-align: left; font-family: -apple-system, sans-serif;""><div style=""font-size: 11px; color: #888; margin-bottom: 6px;"">[T02 - Funció pública] Pregunta 82</div><div style=""font-weight: bold; font-size: 16px; margin-bottom: 14px; line-height: 1.4;"">Segons l’article 95.2.k del Reial decret legislatiu 5/2015, què constitueix falta molt greu en matèria de drets sindicals?</div><div style=""font-size: 14px; line-height: 1.6;""><div style=""padding: 5px 0;""><b>A)</b> La convocatòria de reunions autoritzades.</div><div style=""padding: 5px 0;""><b>B)</b> La representació sindical.</div><div style=""padding: 5px 0;""><b>C)</b> La negociació col·lectiva.</div><div style=""padding: 5px 0;""><b>D)</b> L’obstaculització de llibertats públiques i drets sindicals.</div></div></div>","<div style=""text-align: left; font-family: -apple-system, sans-serif;""><div style=""font-weight: bold; font-size: 16px; color: #10b981; margin-bottom: 8px;"">✓ Resposta Correcta: D</div><div style=""font-size: 14px; margin-bottom: 12px; padding: 10px; background: rgba(16,185,129,0.1); border-radius: 6px; border-left: 4px solid #10b981;"">D) L’obstaculització de llibertats públiques i drets sindicals.</div><hr style=""border: 0; border-top: 1px solid #ddd; margin: 12px 0;""><div style=""font-size: 13px; color: #444; line-height: 1.4;""><b style=""color: #111;"">Explicació:</b> L’article 95.2.k considera molt greu l’obstaculització de llibertats públiques i drets sindicals.</div></div>","T02_-_Funcio_publica","7096"
"<div style=""text-align: left; font-family: -apple-system, sans-serif;""><div style=""font-size: 11px; color: #888; margin-bottom: 6px;"">[T02 - Funció pública] Pregunta 83</div><div style=""font-weight: bold; font-size: 16px; margin-bottom: 14px; line-height: 1.4;"">En quant a la carrera professional i la promoció interna dels funcionaris de carrera, a què ens estem referint quan parlem de l’ascens des d’un cos o escala d’un subgrup, o grup de classificació professional en el supòsit que aquest no tingui subgrup, a un altre de superior?</div><div style=""font-size: 14px; line-height: 1.6;""><div style=""padding: 5px 0;""><b>A)</b> Carrera horitzontal.</div><div style=""padding: 5px 0;""><b>B)</b> Carrera vertical.</div><div style=""padding: 5px 0;""><b>C)</b> Promoció interna vertical.</div><div style=""padding: 5px 0;""><b>D)</b> Cap de les opcions és correcte.</div></div></div>","<div style=""text-align: left; font-family: -apple-system, sans-serif;""><div style=""font-weight: bold; font-size: 16px; color: #10b981; margin-bottom: 8px;"">✓ Resposta Correcta: C</div><div style=""font-size: 14px; margin-bottom: 12px; padding: 10px; background: rgba(16,185,129,0.1); border-radius: 6px; border-left: 4px solid #10b981;"">C) Promoció interna vertical.</div><hr style=""border: 0; border-top: 1px solid #ddd; margin: 12px 0;""><div style=""font-size: 13px; color: #444; line-height: 1.4;""><b style=""color: #111;"">Explicació:</b> La promoció interna vertical consisteix en l’ascens des d’un cos o escala d’un subgrup, o grup de classificació professional en el supòsit que aquest no tingui subgrup, a un altre de superior, d’acord amb el que estableix l’article 18 de l'Estatut Bàsic de l’Empleat Públic.</div></div>","T02_-_Funcio_publica","4616"
"<div style=""text-align: left; font-family: -apple-system, sans-serif;""><div style=""font-size: 11px; color: #888; margin-bottom: 6px;"">[T02 - Funció pública] Pregunta 84</div><div style=""font-weight: bold; font-size: 16px; margin-bottom: 14px; line-height: 1.4;"">Segons l’article 96 del Reial decret legislatiu 5/2015, quina sanció té caràcter més lleu entre les previstes per aquest mateix article?</div><div style=""font-size: 14px; line-height: 1.6;""><div style=""padding: 5px 0;""><b>A)</b> L’advertència.</div><div style=""padding: 5px 0;""><b>B)</b> El trasllat forçós.</div><div style=""padding: 5px 0;""><b>C)</b> La separació del servei.</div><div style=""padding: 5px 0;""><b>D)</b> El demèrit.</div></div></div>","<div style=""text-align: left; font-family: -apple-system, sans-serif;""><div style=""font-weight: bold; font-size: 16px; color: #10b981; margin-bottom: 8px;"">✓ Resposta Correcta: A</div><div style=""font-size: 14px; margin-bottom: 12px; padding: 10px; background: rgba(16,185,129,0.1); border-radius: 6px; border-left: 4px solid #10b981;"">A) L’advertència.</div><hr style=""border: 0; border-top: 1px solid #ddd; margin: 12px 0;""><div style=""font-size: 13px; color: #444; line-height: 1.4;""><b style=""color: #111;"">Explicació:</b> Entre les sancions enumerades a l’article 96.1, l’advertència és la de menor intensitat.</div></div>","T02_-_Funcio_publica","7132"
"<div style=""text-align: left; font-family: -apple-system, sans-serif;""><div style=""font-size: 11px; color: #888; margin-bottom: 6px;"">[T02 - Funció pública] Pregunta 85</div><div style=""font-weight: bold; font-size: 16px; margin-bottom: 14px; line-height: 1.4;"">Segons l’article 95.2.h del Reial decret legislatiu 5/2015, què constitueix falta molt greu en matèria electoral?</div><div style=""font-size: 14px; line-height: 1.6;""><div style=""padding: 5px 0;""><b>A)</b> L’abstenció política.</div><div style=""padding: 5px 0;""><b>B)</b> L’expressió d’opinió privada.</div><div style=""padding: 5px 0;""><b>C)</b> La publicació d’articles acadèmics.</div><div style=""padding: 5px 0;""><b>D)</b> La utilització de facultats per influir en processos electorals.</div></div></div>","<div style=""text-align: left; font-family: -apple-system, sans-serif;""><div style=""font-weight: bold; font-size: 16px; color: #10b981; margin-bottom: 8px;"">✓ Resposta Correcta: D</div><div style=""font-size: 14px; margin-bottom: 12px; padding: 10px; background: rgba(16,185,129,0.1); border-radius: 6px; border-left: 4px solid #10b981;"">D) La utilització de facultats per influir en processos electorals.</div><hr style=""border: 0; border-top: 1px solid #ddd; margin: 12px 0;""><div style=""font-size: 13px; color: #444; line-height: 1.4;""><b style=""color: #111;"">Explicació:</b> L’article 95.2.h considera molt greu la violació de la imparcialitat utilitzant facultats del càrrec per influir en processos electorals.</div></div>","T02_-_Funcio_publica","7093"
"<div style=""text-align: left; font-family: -apple-system, sans-serif;""><div style=""font-size: 11px; color: #888; margin-bottom: 6px;"">[T02 - Funció pública] Pregunta 86</div><div style=""font-weight: bold; font-size: 16px; margin-bottom: 14px; line-height: 1.4;"">Segons l’article 94.3 del Reial decret legislatiu 5/2015, què ha de fer l’Administració si hi ha indicis fundats de criminalitat?</div><div style=""font-size: 14px; line-height: 1.6;""><div style=""padding: 5px 0;""><b>A)</b> Suspendre la tramitació i posar-ho en coneixement del Ministeri Fiscal.</div><div style=""padding: 5px 0;""><b>B)</b> Continuar el procediment fins a resolució.</div><div style=""padding: 5px 0;""><b>C)</b> Traslladar-ho al superior jeràrquic.</div><div style=""padding: 5px 0;""><b>D)</b> Esperar denúncia del particular.</div></div></div>","<div style=""text-align: left; font-family: -apple-system, sans-serif;""><div style=""font-weight: bold; font-size: 16px; color: #10b981; margin-bottom: 8px;"">✓ Resposta Correcta: A</div><div style=""font-size: 14px; margin-bottom: 12px; padding: 10px; background: rgba(16,185,129,0.1); border-radius: 6px; border-left: 4px solid #10b981;"">A) Suspendre la tramitació i posar-ho en coneixement del Ministeri Fiscal.</div><hr style=""border: 0; border-top: 1px solid #ddd; margin: 12px 0;""><div style=""font-size: 13px; color: #444; line-height: 1.4;""><b style=""color: #111;"">Explicació:</b> Quan hi ha indicis fundats de criminalitat, s’ha de suspendre la tramitació del procediment disciplinari i comunicar-ho al Ministeri Fiscal.</div></div>","T02_-_Funcio_publica","7083"
"<div style=""text-align: left; font-family: -apple-system, sans-serif;""><div style=""font-size: 11px; color: #888; margin-bottom: 6px;"">[T02 - Funció pública] Pregunta 87</div><div style=""font-weight: bold; font-size: 16px; margin-bottom: 14px; line-height: 1.4;"">Segons l’article 96 del Reial decret legislatiu 5/2015, quin criteri s’ha de tenir en compte per determinar l’abast de la sanció?</div><div style=""font-size: 14px; line-height: 1.6;""><div style=""padding: 5px 0;""><b>A)</b> El grau d’intencionalitat, negligència, dany causat o reincidència.</div><div style=""padding: 5px 0;""><b>B)</b> Només l’antiguitat.</div><div style=""padding: 5px 0;""><b>C)</b> Només la categoria professional.</div><div style=""padding: 5px 0;""><b>D)</b> Només la jornada laboral.</div></div></div>","<div style=""text-align: left; font-family: -apple-system, sans-serif;""><div style=""font-weight: bold; font-size: 16px; color: #10b981; margin-bottom: 8px;"">✓ Resposta Correcta: A</div><div style=""font-size: 14px; margin-bottom: 12px; padding: 10px; background: rgba(16,185,129,0.1); border-radius: 6px; border-left: 4px solid #10b981;"">A) El grau d’intencionalitat, negligència, dany causat o reincidència.</div><hr style=""border: 0; border-top: 1px solid #ddd; margin: 12px 0;""><div style=""font-size: 13px; color: #444; line-height: 1.4;""><b style=""color: #111;"">Explicació:</b> L’article 96.3 estableix que l’abast de la sanció s’ha de determinar atenent factors com la intencionalitat, el dany, la reiteració o el grau de participació.</div></div>","T02_-_Funcio_publica","7134"
"<div style=""text-align: left; font-family: -apple-system, sans-serif;""><div style=""font-size: 11px; color: #888; margin-bottom: 6px;"">[T02 - Funció pública] Pregunta 88</div><div style=""font-weight: bold; font-size: 16px; margin-bottom: 14px; line-height: 1.4;"">Segons l’article 95.2.b del Reial decret legislatiu 5/2015, quin tipus de discriminació constitueix falta molt greu?</div><div style=""font-size: 14px; line-height: 1.6;""><div style=""padding: 5px 0;""><b>A)</b> Només la discriminació per sexe.</div><div style=""padding: 5px 0;""><b>B)</b> La discriminació interna sense efectes.</div><div style=""padding: 5px 0;""><b>C)</b> Qualsevol actuació que suposi discriminació per raó de condició o circumstància personal o social.</div><div style=""padding: 5px 0;""><b>D)</b> Només la discriminació racial.</div></div></div>","<div style=""text-align: left; font-family: -apple-system, sans-serif;""><div style=""font-weight: bold; font-size: 16px; color: #10b981; margin-bottom: 8px;"">✓ Resposta Correcta: C</div><div style=""font-size: 14px; margin-bottom: 12px; padding: 10px; background: rgba(16,185,129,0.1); border-radius: 6px; border-left: 4px solid #10b981;"">C) Qualsevol actuació que suposi discriminació per raó de condició o circumstància personal o social.</div><hr style=""border: 0; border-top: 1px solid #ddd; margin: 12px 0;""><div style=""font-size: 13px; color: #444; line-height: 1.4;""><b style=""color: #111;"">Explicació:</b> L’article 95.2.b considera falta molt greu qualsevol actuació discriminatòria per múltiples motius, incloent origen, sexe, edat, orientació sexual o qualsevol altra circumstància personal o social.</div></div>","T02_-_Funcio_publica","7087"
"<div style=""text-align: left; font-family: -apple-system, sans-serif;""><div style=""font-size: 11px; color: #888; margin-bottom: 6px;"">[T02 - Funció pública] Pregunta 89</div><div style=""font-weight: bold; font-size: 16px; margin-bottom: 14px; line-height: 1.4;"">Segons l’article 95 del Reial decret legislatiu 5/2015, és falta molt greu l’obstaculització de llibertats públiques?</div><div style=""font-size: 14px; line-height: 1.6;""><div style=""padding: 5px 0;""><b>A)</b> No, és sempre falta lleu.</div><div style=""padding: 5px 0;""><b>B)</b> Sí, quan afecta llibertats públiques i drets sindicals.</div><div style=""padding: 5px 0;""><b>C)</b> Només si hi ha denúncia judicial.</div><div style=""padding: 5px 0;""><b>D)</b> Només si afecta funcionaris.</div></div></div>","<div style=""text-align: left; font-family: -apple-system, sans-serif;""><div style=""font-weight: bold; font-size: 16px; color: #10b981; margin-bottom: 8px;"">✓ Resposta Correcta: B</div><div style=""font-size: 14px; margin-bottom: 12px; padding: 10px; background: rgba(16,185,129,0.1); border-radius: 6px; border-left: 4px solid #10b981;"">B) Sí, quan afecta llibertats públiques i drets sindicals.</div><hr style=""border: 0; border-top: 1px solid #ddd; margin: 12px 0;""><div style=""font-size: 13px; color: #444; line-height: 1.4;""><b style=""color: #111;"">Explicació:</b> L’article 95.2.k tipifica com a molt greu l’obstaculització de llibertats públiques i drets sindicals.</div></div>","T02_-_Funcio_publica","7108"
"<div style=""text-align: left; font-family: -apple-system, sans-serif;""><div style=""font-size: 11px; color: #888; margin-bottom: 6px;"">[T02 - Funció pública] Pregunta 90</div><div style=""font-weight: bold; font-size: 16px; margin-bottom: 14px; line-height: 1.4;"">Segons l’article 93.2 del Reial decret legislatiu 5/2015, la responsabilitat per inducció requereix que existeixi una falta disciplinària?</div><div style=""font-size: 14px; line-height: 1.6;""><div style=""padding: 5px 0;""><b>A)</b> Només si ho declara un jutge penal.</div><div style=""padding: 5px 0;""><b>B)</b> No, és independent de qualsevol conducta tipificada.</div><div style=""padding: 5px 0;""><b>C)</b> No, encara que no hi hagi infracció.</div><div style=""padding: 5px 0;""><b>D)</b> Sí, perquè ha de tractar-se d’actes o conductes constitutius de falta disciplinària.</div></div></div>","<div style=""text-align: left; font-family: -apple-system, sans-serif;""><div style=""font-weight: bold; font-size: 16px; color: #10b981; margin-bottom: 8px;"">✓ Resposta Correcta: D</div><div style=""font-size: 14px; margin-bottom: 12px; padding: 10px; background: rgba(16,185,129,0.1); border-radius: 6px; border-left: 4px solid #10b981;"">D) Sí, perquè ha de tractar-se d’actes o conductes constitutius de falta disciplinària.</div><hr style=""border: 0; border-top: 1px solid #ddd; margin: 12px 0;""><div style=""font-size: 13px; color: #444; line-height: 1.4;""><b style=""color: #111;"">Explicació:</b> L’article 93.2 parla d’actes o conductes constitutius de falta disciplinària, per tant cal que existeixi una infracció tipificada.</div></div>","T02_-_Funcio_publica","7073"
"<div style=""text-align: left; font-family: -apple-system, sans-serif;""><div style=""font-size: 11px; color: #888; margin-bottom: 6px;"">[T02 - Funció pública] Pregunta 91</div><div style=""font-weight: bold; font-size: 16px; margin-bottom: 14px; line-height: 1.4;"">Segons l’article 98 del Reial decret legislatiu 5/2015, quins principis han d’informar el procediment disciplinari?</div><div style=""font-size: 14px; line-height: 1.6;""><div style=""padding: 5px 0;""><b>A)</b> Control i oportunitat.</div><div style=""padding: 5px 0;""><b>B)</b> Eficàcia, celeritat i economia processal amb respecte als drets de defensa.</div><div style=""padding: 5px 0;""><b>C)</b> Jerarquia, publicitat i discrecionalitat.</div><div style=""padding: 5px 0;""><b>D)</b> Autoritat i immediatesa.</div></div></div>","<div style=""text-align: left; font-family: -apple-system, sans-serif;""><div style=""font-weight: bold; font-size: 16px; color: #10b981; margin-bottom: 8px;"">✓ Resposta Correcta: B</div><div style=""font-size: 14px; margin-bottom: 12px; padding: 10px; background: rgba(16,185,129,0.1); border-radius: 6px; border-left: 4px solid #10b981;"">B) Eficàcia, celeritat i economia processal amb respecte als drets de defensa.</div><hr style=""border: 0; border-top: 1px solid #ddd; margin: 12px 0;""><div style=""font-size: 13px; color: #444; line-height: 1.4;""><b style=""color: #111;"">Explicació:</b> L’article 98.2 estableix que el procediment s’ha d’estructurar atenent els principis d’eficàcia, celeritat i economia processal amb ple respecte als drets de defensa.</div></div>","T02_-_Funcio_publica","7148"
"<div style=""text-align: left; font-family: -apple-system, sans-serif;""><div style=""font-size: 11px; color: #888; margin-bottom: 6px;"">[T02 - Funció pública] Pregunta 92</div><div style=""font-weight: bold; font-size: 16px; margin-bottom: 14px; line-height: 1.4;"">Segons l’article 95.2.m del Reial decret legislatiu 5/2015, què constitueix falta molt greu durant una vaga?</div><div style=""font-size: 14px; line-height: 1.6;""><div style=""padding: 5px 0;""><b>A)</b> La negociació sindical.</div><div style=""padding: 5px 0;""><b>B)</b> La participació en piquets informatius.</div><div style=""padding: 5px 0;""><b>C)</b> L’incompliment de l’obligació d’atendre els serveis essencials.</div><div style=""padding: 5px 0;""><b>D)</b> La comunicació de la vaga.</div></div></div>","<div style=""text-align: left; font-family: -apple-system, sans-serif;""><div style=""font-weight: bold; font-size: 16px; color: #10b981; margin-bottom: 8px;"">✓ Resposta Correcta: C</div><div style=""font-size: 14px; margin-bottom: 12px; padding: 10px; background: rgba(16,185,129,0.1); border-radius: 6px; border-left: 4px solid #10b981;"">C) L’incompliment de l’obligació d’atendre els serveis essencials.</div><hr style=""border: 0; border-top: 1px solid #ddd; margin: 12px 0;""><div style=""font-size: 13px; color: #444; line-height: 1.4;""><b style=""color: #111;"">Explicació:</b> L’article 95.2.m estableix com a molt greu l’incompliment de l’obligació d’atendre serveis essencials en cas de vaga.</div></div>","T02_-_Funcio_publica","7098"
"<div style=""text-align: left; font-family: -apple-system, sans-serif;""><div style=""font-size: 11px; color: #888; margin-bottom: 6px;"">[T02 - Funció pública] Pregunta 93</div><div style=""font-weight: bold; font-size: 16px; margin-bottom: 14px; line-height: 1.4;"">Segons l’article 97 del Reial decret legislatiu 5/2015, el termini de prescripció de les sancions comença abans o després que la resolució sancionadora sigui ferma?</div><div style=""font-size: 14px; line-height: 1.6;""><div style=""padding: 5px 0;""><b>A)</b> Després, des de la fermesa de la resolució sancionadora.</div><div style=""padding: 5px 0;""><b>B)</b> Abans, des de la comissió dels fets.</div><div style=""padding: 5px 0;""><b>C)</b> Abans, des de la incoació.</div><div style=""padding: 5px 0;""><b>D)</b> Des de la notificació provisional.</div></div></div>","<div style=""text-align: left; font-family: -apple-system, sans-serif;""><div style=""font-weight: bold; font-size: 16px; color: #10b981; margin-bottom: 8px;"">✓ Resposta Correcta: A</div><div style=""font-size: 14px; margin-bottom: 12px; padding: 10px; background: rgba(16,185,129,0.1); border-radius: 6px; border-left: 4px solid #10b981;"">A) Després, des de la fermesa de la resolució sancionadora.</div><hr style=""border: 0; border-top: 1px solid #ddd; margin: 12px 0;""><div style=""font-size: 13px; color: #444; line-height: 1.4;""><b style=""color: #111;"">Explicació:</b> L’article 97.2 estableix que el termini de prescripció de les sancions es compta des de la fermesa de la resolució sancionadora, és a dir, un cop és definitiva.</div></div>","T02_-_Funcio_publica","7145"
"<div style=""text-align: left; font-family: -apple-system, sans-serif;""><div style=""font-size: 11px; color: #888; margin-bottom: 6px;"">[T02 - Funció pública] Pregunta 94</div><div style=""font-weight: bold; font-size: 16px; margin-bottom: 14px; line-height: 1.4;"">Quina llei regula les incompatibilitats del personal al servei de les administracions públiques?</div><div style=""font-size: 14px; line-height: 1.6;""><div style=""padding: 5px 0;""><b>A)</b> Llei 53/1984, d’incompatibilitats del personal al servei de les administracions públiques.</div><div style=""padding: 5px 0;""><b>B)</b> Llei 12/1987, d’incompatibilitats del personal al servei de les administracions públiques.</div><div style=""padding: 5px 0;""><b>C)</b> Llei 1/1993, d’incompatibilitats del personal al servei de les administracions públiques.</div><div style=""padding: 5px 0;""><b>D)</b> Llei 5/2007, d’incompatibilitats del personal al servei de les administracions públiques.</div></div></div>","<div style=""text-align: left; font-family: -apple-system, sans-serif;""><div style=""font-weight: bold; font-size: 16px; color: #10b981; margin-bottom: 8px;"">✓ Resposta Correcta: A</div><div style=""font-size: 14px; margin-bottom: 12px; padding: 10px; background: rgba(16,185,129,0.1); border-radius: 6px; border-left: 4px solid #10b981;"">A) Llei 53/1984, d’incompatibilitats del personal al servei de les administracions públiques.</div><hr style=""border: 0; border-top: 1px solid #ddd; margin: 12px 0;""><div style=""font-size: 13px; color: #444; line-height: 1.4;""><b style=""color: #111;"">Explicació:</b> La Llei 53/1984 regula les incompatibilitats del personal al servei de les administracions públiques. Així mateix, a Catalunya també tenim la Llei 21/1987, de 26 de novembre, d'Incompatibilitats del personal al servei de l'Administració de la Generalitat.</div></div>","T02_-_Funcio_publica","5382"
"<div style=""text-align: left; font-family: -apple-system, sans-serif;""><div style=""font-size: 11px; color: #888; margin-bottom: 6px;"">[T02 - Funció pública] Pregunta 95</div><div style=""font-weight: bold; font-size: 16px; margin-bottom: 14px; line-height: 1.4;"">Segons el Reial decret legislatiu 5/2015, de 30 d’octubre, pel qual s’aprova el text refós de la Llei de l’Estatut bàsic de l’empleat públic, quin títol regula el règim disciplinari?</div><div style=""font-size: 14px; line-height: 1.6;""><div style=""padding: 5px 0;""><b>A)</b> El Títol VII.</div><div style=""padding: 5px 0;""><b>B)</b> El Títol IV.</div><div style=""padding: 5px 0;""><b>C)</b> El Títol V.</div><div style=""padding: 5px 0;""><b>D)</b> El Títol VI.</div></div></div>","<div style=""text-align: left; font-family: -apple-system, sans-serif;""><div style=""font-weight: bold; font-size: 16px; color: #10b981; margin-bottom: 8px;"">✓ Resposta Correcta: A</div><div style=""font-size: 14px; margin-bottom: 12px; padding: 10px; background: rgba(16,185,129,0.1); border-radius: 6px; border-left: 4px solid #10b981;"">A) El Títol VII.</div><hr style=""border: 0; border-top: 1px solid #ddd; margin: 12px 0;""><div style=""font-size: 13px; color: #444; line-height: 1.4;""><b style=""color: #111;"">Explicació:</b> El règim disciplinari es regula al Títol VII del Reial decret legislatiu 5/2015, que comprèn els articles 93 a 98 i estableix la responsabilitat, les faltes, les sancions, la prescripció i el procediment disciplinari.</div></div>","T02_-_Funcio_publica","7175"
"<div style=""text-align: left; font-family: -apple-system, sans-serif;""><div style=""font-size: 11px; color: #888; margin-bottom: 6px;"">[T02 - Funció pública] Pregunta 96</div><div style=""font-weight: bold; font-size: 16px; margin-bottom: 14px; line-height: 1.4;"">Segons l’article 98 del Reial decret legislatiu 5/2015, les mesures provisionals dintre del règim disciplinari han d’adoptar-se mitjançant quin tipus de resolució?</div><div style=""font-size: 14px; line-height: 1.6;""><div style=""padding: 5px 0;""><b>A)</b> Resolució motivada.</div><div style=""padding: 5px 0;""><b>B)</b> Informe intern.</div><div style=""padding: 5px 0;""><b>C)</b> Ordre directa del superior.</div><div style=""padding: 5px 0;""><b>D)</b> Acord sindical.</div></div></div>","<div style=""text-align: left; font-family: -apple-system, sans-serif;""><div style=""font-weight: bold; font-size: 16px; color: #10b981; margin-bottom: 8px;"">✓ Resposta Correcta: A</div><div style=""font-size: 14px; margin-bottom: 12px; padding: 10px; background: rgba(16,185,129,0.1); border-radius: 6px; border-left: 4px solid #10b981;"">A) Resolució motivada.</div><hr style=""border: 0; border-top: 1px solid #ddd; margin: 12px 0;""><div style=""font-size: 13px; color: #444; line-height: 1.4;""><b style=""color: #111;"">Explicació:</b> L’article 98.3 estableix que les mesures provisionals s’han d’adoptar mitjançant resolució motivada.</div></div>","T02_-_Funcio_publica","7160"
"<div style=""text-align: left; font-family: -apple-system, sans-serif;""><div style=""font-size: 11px; color: #888; margin-bottom: 6px;"">[T02 - Funció pública] Pregunta 97</div><div style=""font-weight: bold; font-size: 16px; margin-bottom: 14px; line-height: 1.4;"">Segons l’article 97 del Reial decret legislatiu 5/2015, quin és el termini de prescripció de les infraccions greus?</div><div style=""font-size: 14px; line-height: 1.6;""><div style=""padding: 5px 0;""><b>A)</b> Sis mesos.</div><div style=""padding: 5px 0;""><b>B)</b> Quatre anys.</div><div style=""padding: 5px 0;""><b>C)</b> Dos anys.</div><div style=""padding: 5px 0;""><b>D)</b> Un any.</div></div></div>","<div style=""text-align: left; font-family: -apple-system, sans-serif;""><div style=""font-weight: bold; font-size: 16px; color: #10b981; margin-bottom: 8px;"">✓ Resposta Correcta: C</div><div style=""font-size: 14px; margin-bottom: 12px; padding: 10px; background: rgba(16,185,129,0.1); border-radius: 6px; border-left: 4px solid #10b981;"">C) Dos anys.</div><hr style=""border: 0; border-top: 1px solid #ddd; margin: 12px 0;""><div style=""font-size: 13px; color: #444; line-height: 1.4;""><b style=""color: #111;"">Explicació:</b> L’article 97.1 estableix que les infraccions greus prescriuen al cap de dos anys.</div></div>","T02_-_Funcio_publica","7141"
"<div style=""text-align: left; font-family: -apple-system, sans-serif;""><div style=""font-size: 11px; color: #888; margin-bottom: 6px;"">[T02 - Funció pública] Pregunta 98</div><div style=""font-weight: bold; font-size: 16px; margin-bottom: 14px; line-height: 1.4;"">Quin supòsit pot justificar la creació d’altres situacions administratives segons l’article 85 del Estatut Bàsic de l'Empleat Públic?</div><div style=""font-size: 14px; line-height: 1.6;""><div style=""padding: 5px 0;""><b>A)</b> Per motius econòmics segons els pressupostos generals.</div><div style=""padding: 5px 0;""><b>B)</b> Reestructuració interna o excés de personal.</div><div style=""padding: 5px 0;""><b>C)</b> Jubilació imminent de més del 50% dels funcionaris dintre d'una mateixa escala del mateix cos.</div><div style=""padding: 5px 0;""><b>D)</b> Per ordre del o la conseller/a d'interior. </div></div></div>","<div style=""text-align: left; font-family: -apple-system, sans-serif;""><div style=""font-weight: bold; font-size: 16px; color: #10b981; margin-bottom: 8px;"">✓ Resposta Correcta: B</div><div style=""font-size: 14px; margin-bottom: 12px; padding: 10px; background: rgba(16,185,129,0.1); border-radius: 6px; border-left: 4px solid #10b981;"">B) Reestructuració interna o excés de personal.</div><hr style=""border: 0; border-top: 1px solid #ddd; margin: 12px 0;""><div style=""font-size: 13px; color: #444; line-height: 1.4;""><b style=""color: #111;"">Explicació:</b> L’article 85 estableix que es poden regular altres situacions administratives quan per raons organitzatives, de reestructuració interna o excés de personal, resulti una impossibilitat transitòria d'assignar un lloc de treball o la conveniència d'incentivar la cessació en el servei actiu. Sempre s'haurà de regular per llei. </div></div>","T02_-_Funcio_publica","4791"
"<div style=""text-align: left; font-family: -apple-system, sans-serif;""><div style=""font-size: 11px; color: #888; margin-bottom: 6px;"">[T02 - Funció pública] Pregunta 99</div><div style=""font-weight: bold; font-size: 16px; margin-bottom: 14px; line-height: 1.4;"">Què significa el principi d'imparcialitat per al personal funcionari?</div><div style=""font-size: 14px; line-height: 1.6;""><div style=""padding: 5px 0;""><b>A)</b> Delegar tasques només a persones de confiança.</div><div style=""padding: 5px 0;""><b>B)</b> Actuar segons preferències pròpies.</div><div style=""padding: 5px 0;""><b>C)</b> Actuar sense biaix ni favoritismes en el desenvolupament de les seves funcions.</div><div style=""padding: 5px 0;""><b>D)</b> Participar activament en campanyes polítiques.</div></div></div>","<div style=""text-align: left; font-family: -apple-system, sans-serif;""><div style=""font-weight: bold; font-size: 16px; color: #10b981; margin-bottom: 8px;"">✓ Resposta Correcta: C</div><div style=""font-size: 14px; margin-bottom: 12px; padding: 10px; background: rgba(16,185,129,0.1); border-radius: 6px; border-left: 4px solid #10b981;"">C) Actuar sense biaix ni favoritismes en el desenvolupament de les seves funcions.</div><hr style=""border: 0; border-top: 1px solid #ddd; margin: 12px 0;""><div style=""font-size: 13px; color: #444; line-height: 1.4;""><b style=""color: #111;"">Explicació:</b> El principi d'imparcialitat obliga el personal funcionari a actuar sense biaix ni favoritismes, assegurant l'equitat en el servei públic.</div></div>","T02_-_Funcio_publica","4609"
"<div style=""text-align: left; font-family: -apple-system, sans-serif;""><div style=""font-size: 11px; color: #888; margin-bottom: 6px;"">[T02 - Funció pública] Pregunta 100</div><div style=""font-weight: bold; font-size: 16px; margin-bottom: 14px; line-height: 1.4;"">Segons el Reial decret legislatiu 5/2015, quants articles té el Títol VII, Règim disciplinari?</div><div style=""font-size: 14px; line-height: 1.6;""><div style=""padding: 5px 0;""><b>A)</b> Vuit articles.</div><div style=""padding: 5px 0;""><b>B)</b> Cinc articles.</div><div style=""padding: 5px 0;""><b>C)</b> Deu articles.</div><div style=""padding: 5px 0;""><b>D)</b> Sis articles.</div></div></div>","<div style=""text-align: left; font-family: -apple-system, sans-serif;""><div style=""font-weight: bold; font-size: 16px; color: #10b981; margin-bottom: 8px;"">✓ Resposta Correcta: D</div><div style=""font-size: 14px; margin-bottom: 12px; padding: 10px; background: rgba(16,185,129,0.1); border-radius: 6px; border-left: 4px solid #10b981;"">D) Sis articles.</div><hr style=""border: 0; border-top: 1px solid #ddd; margin: 12px 0;""><div style=""font-size: 13px; color: #444; line-height: 1.4;""><b style=""color: #111;"">Explicació:</b> El Títol VII del Reial decret legislatiu 5/2015 comprèn els articles 93 a 98, ambdós inclosos, és a dir, un total de sis articles.</div></div>","T02_-_Funcio_publica","7172"
"<div style=""text-align: left; font-family: -apple-system, sans-serif;""><div style=""font-size: 11px; color: #888; margin-bottom: 6px;"">[T02 - Funció pública] Pregunta 101</div><div style=""font-weight: bold; font-size: 16px; margin-bottom: 14px; line-height: 1.4;"">Segons l’article 95 del Reial decret legislatiu 5/2015, la negligència en la custòdia de secrets oficials que provoqui la seva difusió és quin tipus de falta?</div><div style=""font-size: 14px; line-height: 1.6;""><div style=""padding: 5px 0;""><b>A)</b> Infracció administrativa.</div><div style=""padding: 5px 0;""><b>B)</b> Conducta atípica.</div><div style=""padding: 5px 0;""><b>C)</b> Falta molt greu.</div><div style=""padding: 5px 0;""><b>D)</b> Falta lleu.</div></div></div>","<div style=""text-align: left; font-family: -apple-system, sans-serif;""><div style=""font-weight: bold; font-size: 16px; color: #10b981; margin-bottom: 8px;"">✓ Resposta Correcta: C</div><div style=""font-size: 14px; margin-bottom: 12px; padding: 10px; background: rgba(16,185,129,0.1); border-radius: 6px; border-left: 4px solid #10b981;"">C) Falta molt greu.</div><hr style=""border: 0; border-top: 1px solid #ddd; margin: 12px 0;""><div style=""font-size: 13px; color: #444; line-height: 1.4;""><b style=""color: #111;"">Explicació:</b> L’article 95.2.f estableix que la negligència en la custòdia de secrets oficials que provoqui publicació o difusió indeguda és falta molt greu.</div></div>","T02_-_Funcio_publica","7117"
"<div style=""text-align: left; font-family: -apple-system, sans-serif;""><div style=""font-size: 11px; color: #888; margin-bottom: 6px;"">[T02 - Funció pública] Pregunta 102</div><div style=""font-weight: bold; font-size: 16px; margin-bottom: 14px; line-height: 1.4;"">Segons l’article 95 del Reial decret legislatiu 5/2015, l’abandonament del servei constitueix quin tipus de falta disciplinària?</div><div style=""font-size: 14px; line-height: 1.6;""><div style=""padding: 5px 0;""><b>A)</b> Infracció administrativa no disciplinària.</div><div style=""padding: 5px 0;""><b>B)</b> No està tipificada.</div><div style=""padding: 5px 0;""><b>C)</b> Falta molt greu.</div><div style=""padding: 5px 0;""><b>D)</b> Falta lleu.</div></div></div>","<div style=""text-align: left; font-family: -apple-system, sans-serif;""><div style=""font-weight: bold; font-size: 16px; color: #10b981; margin-bottom: 8px;"">✓ Resposta Correcta: C</div><div style=""font-size: 14px; margin-bottom: 12px; padding: 10px; background: rgba(16,185,129,0.1); border-radius: 6px; border-left: 4px solid #10b981;"">C) Falta molt greu.</div><hr style=""border: 0; border-top: 1px solid #ddd; margin: 12px 0;""><div style=""font-size: 13px; color: #444; line-height: 1.4;""><b style=""color: #111;"">Explicació:</b> L’article 95.2.c del Reial decret legislatiu 5/2015 estableix que l’abandonament del servei és una falta molt greu.</div></div>","T02_-_Funcio_publica","7114"
"<div style=""text-align: left; font-family: -apple-system, sans-serif;""><div style=""font-size: 11px; color: #888; margin-bottom: 6px;"">[T02 - Funció pública] Pregunta 103</div><div style=""font-weight: bold; font-size: 16px; margin-bottom: 14px; line-height: 1.4;"">Segons l’article 98 del Reial decret legislatiu 5/2015, la separació entre fase instructora i sancionadora implica què?</div><div style=""font-size: 14px; line-height: 1.6;""><div style=""padding: 5px 0;""><b>A)</b> Que siguin confidencials.</div><div style=""padding: 5px 0;""><b>B)</b> Que siguin optatives.</div><div style=""padding: 5px 0;""><b>C)</b> Que siguin verbals.</div><div style=""padding: 5px 0;""><b>D)</b> Que s’encomanin a òrgans diferents.</div></div></div>","<div style=""text-align: left; font-family: -apple-system, sans-serif;""><div style=""font-weight: bold; font-size: 16px; color: #10b981; margin-bottom: 8px;"">✓ Resposta Correcta: D</div><div style=""font-size: 14px; margin-bottom: 12px; padding: 10px; background: rgba(16,185,129,0.1); border-radius: 6px; border-left: 4px solid #10b981;"">D) Que s’encomanin a òrgans diferents.</div><hr style=""border: 0; border-top: 1px solid #ddd; margin: 12px 0;""><div style=""font-size: 13px; color: #444; line-height: 1.4;""><b style=""color: #111;"">Explicació:</b> L’article 98.2 exigeix la deguda separació entre la fase instructora i la sancionadora, atribuïdes a òrgans diferents.</div></div>","T02_-_Funcio_publica","7162"
"<div style=""text-align: left; font-family: -apple-system, sans-serif;""><div style=""font-size: 11px; color: #888; margin-bottom: 6px;"">[T02 - Funció pública] Pregunta 104</div><div style=""font-weight: bold; font-size: 16px; margin-bottom: 14px; line-height: 1.4;"">Quines són les dues úniques retribucions bàsiques segons l’article 23 de l’EBEP?</div><div style=""font-size: 14px; line-height: 1.6;""><div style=""padding: 5px 0;""><b>A)</b> Sou base i complement de destí.</div><div style=""padding: 5px 0;""><b>B)</b> Triennis i productivitat.</div><div style=""padding: 5px 0;""><b>C)</b> Complement específic i triennis.</div><div style=""padding: 5px 0;""><b>D)</b> Sou i triennis.</div></div></div>","<div style=""text-align: left; font-family: -apple-system, sans-serif;""><div style=""font-weight: bold; font-size: 16px; color: #10b981; margin-bottom: 8px;"">✓ Resposta Correcta: D</div><div style=""font-size: 14px; margin-bottom: 12px; padding: 10px; background: rgba(16,185,129,0.1); border-radius: 6px; border-left: 4px solid #10b981;"">D) Sou i triennis.</div><hr style=""border: 0; border-top: 1px solid #ddd; margin: 12px 0;""><div style=""font-size: 13px; color: #444; line-height: 1.4;""><b style=""color: #111;"">Explicació:</b> Segons l’article 23, les retribucions bàsiques són el sou assignat al grup/subgrup i els triennis.</div></div>","T02_-_Funcio_publica","5509"
"<div style=""text-align: left; font-family: -apple-system, sans-serif;""><div style=""font-size: 11px; color: #888; margin-bottom: 6px;"">[T02 - Funció pública] Pregunta 105</div><div style=""font-weight: bold; font-size: 16px; margin-bottom: 14px; line-height: 1.4;"">Segons el Reial decret legislatiu 5/2015, com s’anomena l’article 93 del Títol VII?</div><div style=""font-size: 14px; line-height: 1.6;""><div style=""padding: 5px 0;""><b>A)</b> Exercici de la potestat disciplinària.</div><div style=""padding: 5px 0;""><b>B)</b> Faltes disciplinàries.</div><div style=""padding: 5px 0;""><b>C)</b> Prescripció de les faltes i sancions.</div><div style=""padding: 5px 0;""><b>D)</b> Responsabilitat disciplinària.</div></div></div>","<div style=""text-align: left; font-family: -apple-system, sans-serif;""><div style=""font-weight: bold; font-size: 16px; color: #10b981; margin-bottom: 8px;"">✓ Resposta Correcta: D</div><div style=""font-size: 14px; margin-bottom: 12px; padding: 10px; background: rgba(16,185,129,0.1); border-radius: 6px; border-left: 4px solid #10b981;"">D) Responsabilitat disciplinària.</div><hr style=""border: 0; border-top: 1px solid #ddd; margin: 12px 0;""><div style=""font-size: 13px; color: #444; line-height: 1.4;""><b style=""color: #111;"">Explicació:</b> L’article 93 del Reial decret legislatiu 5/2015 porta per títol “Responsabilitat disciplinària” i obre el Títol VII relatiu al règim disciplinari.</div></div>","T02_-_Funcio_publica","7166"
"<div style=""text-align: left; font-family: -apple-system, sans-serif;""><div style=""font-size: 11px; color: #888; margin-bottom: 6px;"">[T02 - Funció pública] Pregunta 106</div><div style=""font-weight: bold; font-size: 16px; margin-bottom: 14px; line-height: 1.4;"">Segons l’article 94.2.b del Reial decret legislatiu 5/2015, què passa amb les disposicions sancionadores favorables?</div><div style=""font-size: 14px; line-height: 1.6;""><div style=""padding: 5px 0;""><b>A)</b> S’apliquen retroactivament al presumpte infractor.</div><div style=""padding: 5px 0;""><b>B)</b> No s’apliquen mai retroactivament.</div><div style=""padding: 5px 0;""><b>C)</b> S’apliquen només si ho autoritza el superior.</div><div style=""padding: 5px 0;""><b>D)</b> Només s’apliquen si hi ha sentència ferma.</div></div></div>","<div style=""text-align: left; font-family: -apple-system, sans-serif;""><div style=""font-weight: bold; font-size: 16px; color: #10b981; margin-bottom: 8px;"">✓ Resposta Correcta: A</div><div style=""font-size: 14px; margin-bottom: 12px; padding: 10px; background: rgba(16,185,129,0.1); border-radius: 6px; border-left: 4px solid #10b981;"">A) S’apliquen retroactivament al presumpte infractor.</div><hr style=""border: 0; border-top: 1px solid #ddd; margin: 12px 0;""><div style=""font-size: 13px; color: #444; line-height: 1.4;""><b style=""color: #111;"">Explicació:</b> El mateix apartat estableix la retroactivitat de les disposicions favorables al presumpte infractor.</div></div>","T02_-_Funcio_publica","7080"
"<div style=""text-align: left; font-family: -apple-system, sans-serif;""><div style=""font-size: 11px; color: #888; margin-bottom: 6px;"">[T02 - Funció pública] Pregunta 107</div><div style=""font-weight: bold; font-size: 16px; margin-bottom: 14px; line-height: 1.4;"">Qui són els que en virtut d'un nomenament legal, estan vinculats a una Administració Pública per una relació estatutària regulada pel dret administratiu per a l'exercici de serveis professionals retribuïts de caràcter permanent?</div><div style=""font-size: 14px; line-height: 1.6;""><div style=""padding: 5px 0;""><b>A)</b> Personal eventual</div><div style=""padding: 5px 0;""><b>B)</b> Funcionaris interins</div><div style=""padding: 5px 0;""><b>C)</b> Funcionaris de carrera</div><div style=""padding: 5px 0;""><b>D)</b> Personal laboral fix</div></div></div>","<div style=""text-align: left; font-family: -apple-system, sans-serif;""><div style=""font-weight: bold; font-size: 16px; color: #10b981; margin-bottom: 8px;"">✓ Resposta Correcta: C</div><div style=""font-size: 14px; margin-bottom: 12px; padding: 10px; background: rgba(16,185,129,0.1); border-radius: 6px; border-left: 4px solid #10b981;"">C) Funcionaris de carrera</div><hr style=""border: 0; border-top: 1px solid #ddd; margin: 12px 0;""><div style=""font-size: 13px; color: #444; line-height: 1.4;""><b style=""color: #111;"">Explicació:</b> Segons l'article 8 del text refós de la Llei de l’Estatut bàsic de l’empleat públic.</div></div>","T02_-_Funcio_publica","3844"
"<div style=""text-align: left; font-family: -apple-system, sans-serif;""><div style=""font-size: 11px; color: #888; margin-bottom: 6px;"">[T02 - Funció pública] Pregunta 108</div><div style=""font-weight: bold; font-size: 16px; margin-bottom: 14px; line-height: 1.4;"">Què són els triennis segons l’article 23 de l’EBEP?</div><div style=""font-size: 14px; line-height: 1.6;""><div style=""padding: 5px 0;""><b>A)</b> Un increment de sou automàtic cada 2 anys.</div><div style=""padding: 5px 0;""><b>B)</b> Una reducció horària.</div><div style=""padding: 5px 0;""><b>C)</b> Una quantitat fixa per cada 3 anys de servei.</div><div style=""padding: 5px 0;""><b>D)</b> Una paga extraordinària cada 3 anys.</div></div></div>","<div style=""text-align: left; font-family: -apple-system, sans-serif;""><div style=""font-weight: bold; font-size: 16px; color: #10b981; margin-bottom: 8px;"">✓ Resposta Correcta: C</div><div style=""font-size: 14px; margin-bottom: 12px; padding: 10px; background: rgba(16,185,129,0.1); border-radius: 6px; border-left: 4px solid #10b981;"">C) Una quantitat fixa per cada 3 anys de servei.</div><hr style=""border: 0; border-top: 1px solid #ddd; margin: 12px 0;""><div style=""font-size: 13px; color: #444; line-height: 1.4;""><b style=""color: #111;"">Explicació:</b> Els triennis, que consisteixen en una quantitat, que ha de ser igual per a cada subgrup o grup de classificació professional, en el supòsit que aquest no tingui subgrup, per cada tres anys de servei.</div></div>","T02_-_Funcio_publica","5511"
"<div style=""text-align: left; font-family: -apple-system, sans-serif;""><div style=""font-size: 11px; color: #888; margin-bottom: 6px;"">[T02 - Funció pública] Pregunta 109</div><div style=""font-weight: bold; font-size: 16px; margin-bottom: 14px; line-height: 1.4;"">Segons l’article 95 del Reial decret legislatiu 5/2015, la desobediència oberta a ordres d’un superior, si no constitueixen infracció manifesta de l’ordenament jurídic, és quin tipus de falta?</div><div style=""font-size: 14px; line-height: 1.6;""><div style=""padding: 5px 0;""><b>A)</b> Infracció penal.</div><div style=""padding: 5px 0;""><b>B)</b> Només advertiment.</div><div style=""padding: 5px 0;""><b>C)</b> Falta molt greu.</div><div style=""padding: 5px 0;""><b>D)</b> Falta lleu.</div></div></div>","<div style=""text-align: left; font-family: -apple-system, sans-serif;""><div style=""font-weight: bold; font-size: 16px; color: #10b981; margin-bottom: 8px;"">✓ Resposta Correcta: C</div><div style=""font-size: 14px; margin-bottom: 12px; padding: 10px; background: rgba(16,185,129,0.1); border-radius: 6px; border-left: 4px solid #10b981;"">C) Falta molt greu.</div><hr style=""border: 0; border-top: 1px solid #ddd; margin: 12px 0;""><div style=""font-size: 13px; color: #444; line-height: 1.4;""><b style=""color: #111;"">Explicació:</b> L’article 95.2.i tipifica com a falta molt greu la desobediència oberta a ordres o instruccions d’un superior, llevat que aquestes constitueixin infracció manifesta de l’ordenament jurídic.</div></div>","T02_-_Funcio_publica","7118"
"<div style=""text-align: left; font-family: -apple-system, sans-serif;""><div style=""font-size: 11px; color: #888; margin-bottom: 6px;"">[T02 - Funció pública] Pregunta 110</div><div style=""font-weight: bold; font-size: 16px; margin-bottom: 14px; line-height: 1.4;"">Quin és el capítol del títol III del TREBEP que no s'aplica, practicament en la seva totalitat, al personal docent ni estatutari dels serveis de salut?</div><div style=""font-size: 14px; line-height: 1.6;""><div style=""padding: 5px 0;""><b>A)</b> El capítol I del títol III.</div><div style=""padding: 5px 0;""><b>B)</b> El capítol V del títol III.</div><div style=""padding: 5px 0;""><b>C)</b> El capítol VI del títol III.</div><div style=""padding: 5px 0;""><b>D)</b> El capítol II del títol III.</div></div></div>","<div style=""text-align: left; font-family: -apple-system, sans-serif;""><div style=""font-weight: bold; font-size: 16px; color: #10b981; margin-bottom: 8px;"">✓ Resposta Correcta: D</div><div style=""font-size: 14px; margin-bottom: 12px; padding: 10px; background: rgba(16,185,129,0.1); border-radius: 6px; border-left: 4px solid #10b981;"">D) El capítol II del títol III.</div><hr style=""border: 0; border-top: 1px solid #ddd; margin: 12px 0;""><div style=""font-size: 13px; color: #444; line-height: 1.4;""><b style=""color: #111;"">Explicació:</b> L'article 2.3 especifica que el personal docent i el personal estatutari dels serveis de salut es regiran per la seva legislació específica i pel TREBEP, excepte el capítol II del títol III, a excepció de l’article 20, i els articles 22.3, 24 i 84.</div></div>","T02_-_Funcio_publica","6024"
"<div style=""text-align: left; font-family: -apple-system, sans-serif;""><div style=""font-size: 11px; color: #888; margin-bottom: 6px;"">[T02 - Funció pública] Pregunta 111</div><div style=""font-weight: bold; font-size: 16px; margin-bottom: 14px; line-height: 1.4;"">Segons l’article 96 del Reial decret legislatiu 5/2015, què succeeix si es declara improcedent l’acomiadament disciplinari del personal laboral fix?</div><div style=""font-size: 14px; line-height: 1.6;""><div style=""padding: 5px 0;""><b>A)</b> Es converteix en advertència.</div><div style=""padding: 5px 0;""><b>B)</b> Escau la readmissió.</div><div style=""padding: 5px 0;""><b>C)</b> Es confirma l’acomiadament.</div><div style=""padding: 5px 0;""><b>D)</b> Es redueix la sanció.</div></div></div>","<div style=""text-align: left; font-family: -apple-system, sans-serif;""><div style=""font-weight: bold; font-size: 16px; color: #10b981; margin-bottom: 8px;"">✓ Resposta Correcta: B</div><div style=""font-size: 14px; margin-bottom: 12px; padding: 10px; background: rgba(16,185,129,0.1); border-radius: 6px; border-left: 4px solid #10b981;"">B) Escau la readmissió.</div><hr style=""border: 0; border-top: 1px solid #ddd; margin: 12px 0;""><div style=""font-size: 13px; color: #444; line-height: 1.4;""><b style=""color: #111;"">Explicació:</b> L’article 96.2 estableix que escau la readmissió del personal laboral fix quan l’acomiadament disciplinari sigui declarat improcedent.</div></div>","T02_-_Funcio_publica","7133"
"<div style=""text-align: left; font-family: -apple-system, sans-serif;""><div style=""font-size: 11px; color: #888; margin-bottom: 6px;"">[T02 - Funció pública] Pregunta 112</div><div style=""font-weight: bold; font-size: 16px; margin-bottom: 14px; line-height: 1.4;"">Segons l’article 98 del Reial decret legislatiu 5/2015, si la suspensió provisional s’eleva a definitiva, què ha de fer el funcionari?</div><div style=""font-size: 14px; line-height: 1.6;""><div style=""padding: 5px 0;""><b>A)</b> Conservar totes les retribucions.</div><div style=""padding: 5px 0;""><b>B)</b> Rebre indemnització.</div><div style=""padding: 5px 0;""><b>C)</b> Cobrar interessos.</div><div style=""padding: 5px 0;""><b>D)</b> Retornar el que hagi percebut durant la suspensió provisional.</div></div></div>","<div style=""text-align: left; font-family: -apple-system, sans-serif;""><div style=""font-weight: bold; font-size: 16px; color: #10b981; margin-bottom: 8px;"">✓ Resposta Correcta: D</div><div style=""font-size: 14px; margin-bottom: 12px; padding: 10px; background: rgba(16,185,129,0.1); border-radius: 6px; border-left: 4px solid #10b981;"">D) Retornar el que hagi percebut durant la suspensió provisional.</div><hr style=""border: 0; border-top: 1px solid #ddd; margin: 12px 0;""><div style=""font-size: 13px; color: #444; line-height: 1.4;""><b style=""color: #111;"">Explicació:</b> L’article 98.4 estableix que si la suspensió provisional esdevé definitiva, el funcionari ha de retornar el percebut durant aquell temps.</div></div>","T02_-_Funcio_publica","7155"
"<div style=""text-align: left; font-family: -apple-system, sans-serif;""><div style=""font-size: 11px; color: #888; margin-bottom: 6px;"">[T02 - Funció pública] Pregunta 113</div><div style=""font-weight: bold; font-size: 16px; margin-bottom: 14px; line-height: 1.4;"">Segons l’article 98 del Reial decret legislatiu 5/2015, si la suspensió provisional no és declarada ferma, com es computa el temps de durada?</div><div style=""font-size: 14px; line-height: 1.6;""><div style=""padding: 5px 0;""><b>A)</b> Com de servei actiu.</div><div style=""padding: 5px 0;""><b>B)</b> Com a baixa voluntària.</div><div style=""padding: 5px 0;""><b>C)</b> Com a suspensió definitiva.</div><div style=""padding: 5px 0;""><b>D)</b> Com a excedència.</div></div></div>","<div style=""text-align: left; font-family: -apple-system, sans-serif;""><div style=""font-weight: bold; font-size: 16px; color: #10b981; margin-bottom: 8px;"">✓ Resposta Correcta: A</div><div style=""font-size: 14px; margin-bottom: 12px; padding: 10px; background: rgba(16,185,129,0.1); border-radius: 6px; border-left: 4px solid #10b981;"">A) Com de servei actiu.</div><hr style=""border: 0; border-top: 1px solid #ddd; margin: 12px 0;""><div style=""font-size: 13px; color: #444; line-height: 1.4;""><b style=""color: #111;"">Explicació:</b> L’article 98.4 estableix que si la suspensió no és declarada ferma, el temps es computa com de servei actiu.</div></div>","T02_-_Funcio_publica","7158"
"<div style=""text-align: left; font-family: -apple-system, sans-serif;""><div style=""font-size: 11px; color: #888; margin-bottom: 6px;"">[T02 - Funció pública] Pregunta 114</div><div style=""font-weight: bold; font-size: 16px; margin-bottom: 14px; line-height: 1.4;"">Segons el Reial decret legislatiu 5/2015, quin és el primer article del Títol VII, Règim disciplinari?</div><div style=""font-size: 14px; line-height: 1.6;""><div style=""padding: 5px 0;""><b>A)</b> L’article 92, Objecte.</div><div style=""padding: 5px 0;""><b>B)</b> L’article 96, Sancions.</div><div style=""padding: 5px 0;""><b>C)</b> L’article 93, Responsabilitat disciplinària.</div><div style=""padding: 5px 0;""><b>D)</b> L’article 95, Faltes disciplinàries.</div></div></div>","<div style=""text-align: left; font-family: -apple-system, sans-serif;""><div style=""font-weight: bold; font-size: 16px; color: #10b981; margin-bottom: 8px;"">✓ Resposta Correcta: C</div><div style=""font-size: 14px; margin-bottom: 12px; padding: 10px; background: rgba(16,185,129,0.1); border-radius: 6px; border-left: 4px solid #10b981;"">C) L’article 93, Responsabilitat disciplinària.</div><hr style=""border: 0; border-top: 1px solid #ddd; margin: 12px 0;""><div style=""font-size: 13px; color: #444; line-height: 1.4;""><b style=""color: #111;"">Explicació:</b> El Títol VII del Reial decret legislatiu 5/2015 s’inicia amb l’article 93, que regula la responsabilitat disciplinària.</div></div>","T02_-_Funcio_publica","7173"
"<div style=""text-align: left; font-family: -apple-system, sans-serif;""><div style=""font-size: 11px; color: #888; margin-bottom: 6px;"">[T02 - Funció pública] Pregunta 115</div><div style=""font-weight: bold; font-size: 16px; margin-bottom: 14px; line-height: 1.4;"">Quina és una situació administrativa dels funcionaris de carrera segons la normativa actual?</div><div style=""font-size: 14px; line-height: 1.6;""><div style=""padding: 5px 0;""><b>A)</b> Serveis especials.</div><div style=""padding: 5px 0;""><b>B)</b> Extinció de la relació laboral.</div><div style=""padding: 5px 0;""><b>C)</b> Reducció automàtica de jornada.</div><div style=""padding: 5px 0;""><b>D)</b> Permís de maternitat il·limitat.</div></div></div>","<div style=""text-align: left; font-family: -apple-system, sans-serif;""><div style=""font-weight: bold; font-size: 16px; color: #10b981; margin-bottom: 8px;"">✓ Resposta Correcta: A</div><div style=""font-size: 14px; margin-bottom: 12px; padding: 10px; background: rgba(16,185,129,0.1); border-radius: 6px; border-left: 4px solid #10b981;"">A) Serveis especials.</div><hr style=""border: 0; border-top: 1px solid #ddd; margin: 12px 0;""><div style=""font-size: 13px; color: #444; line-height: 1.4;""><b style=""color: #111;"">Explicació:</b> L’article 85 estableix que els funcionaris poden estar en serveis especials, que suposa un canvi temporal en la seva situació administrativa.</div></div>","T02_-_Funcio_publica","4789"
"<div style=""text-align: left; font-family: -apple-system, sans-serif;""><div style=""font-size: 11px; color: #888; margin-bottom: 6px;"">[T02 - Funció pública] Pregunta 116</div><div style=""font-weight: bold; font-size: 16px; margin-bottom: 14px; line-height: 1.4;"">Quin d'aquests NO és un fonament d'actuació recollit a l'article 1.3 del TREBEP?</div><div style=""font-size: 14px; line-height: 1.6;""><div style=""padding: 5px 0;""><b>A)</b> Igualtat, mèrit i capacitat en l'accés.</div><div style=""padding: 5px 0;""><b>B)</b> Jerarquia en l'atribució de funcions.</div><div style=""padding: 5px 0;""><b>C)</b> Promoció d'empreses públiques.</div><div style=""padding: 5px 0;""><b>D)</b> Sotmetiment ple a la llei i al Dret.</div></div></div>","<div style=""text-align: left; font-family: -apple-system, sans-serif;""><div style=""font-weight: bold; font-size: 16px; color: #10b981; margin-bottom: 8px;"">✓ Resposta Correcta: C</div><div style=""font-size: 14px; margin-bottom: 12px; padding: 10px; background: rgba(16,185,129,0.1); border-radius: 6px; border-left: 4px solid #10b981;"">C) Promoció d'empreses públiques.</div><hr style=""border: 0; border-top: 1px solid #ddd; margin: 12px 0;""><div style=""font-size: 13px; color: #444; line-height: 1.4;""><b style=""color: #111;"">Explicació:</b> La promoció d'empreses públiques no apareix com a fonament d'actuació a l'article 1.3. La resta sí que formen part dels principis rectors de l'actuació del personal públic.</div></div>","T02_-_Funcio_publica","6020"
"<div style=""text-align: left; font-family: -apple-system, sans-serif;""><div style=""font-size: 11px; color: #888; margin-bottom: 6px;"">[T02 - Funció pública] Pregunta 117</div><div style=""font-weight: bold; font-size: 16px; margin-bottom: 14px; line-height: 1.4;"">Segons l’article 98 del Reial decret legislatiu 5/2015, què han d’assegurar les mesures provisionals en el règim disciplinari?</div><div style=""font-size: 14px; line-height: 1.6;""><div style=""padding: 5px 0;""><b>A)</b> La sanció immediata.</div><div style=""padding: 5px 0;""><b>B)</b> La pèrdua del lloc de treball.</div><div style=""padding: 5px 0;""><b>C)</b> La substitució del procediment.</div><div style=""padding: 5px 0;""><b>D)</b> L’eficàcia de la resolució final que pugui recaure.</div></div></div>","<div style=""text-align: left; font-family: -apple-system, sans-serif;""><div style=""font-weight: bold; font-size: 16px; color: #10b981; margin-bottom: 8px;"">✓ Resposta Correcta: D</div><div style=""font-size: 14px; margin-bottom: 12px; padding: 10px; background: rgba(16,185,129,0.1); border-radius: 6px; border-left: 4px solid #10b981;"">D) L’eficàcia de la resolució final que pugui recaure.</div><hr style=""border: 0; border-top: 1px solid #ddd; margin: 12px 0;""><div style=""font-size: 13px; color: #444; line-height: 1.4;""><b style=""color: #111;"">Explicació:</b> L’article 98.3 indica que les mesures provisionals han d’assegurar l’eficàcia de la resolució final.</div></div>","T02_-_Funcio_publica","7161"
"<div style=""text-align: left; font-family: -apple-system, sans-serif;""><div style=""font-size: 11px; color: #888; margin-bottom: 6px;"">[T02 - Funció pública] Pregunta 118</div><div style=""font-weight: bold; font-size: 16px; margin-bottom: 14px; line-height: 1.4;"">Segons l’article 98 del Reial decret legislatiu 5/2015, el temps en suspensió provisional computa per al compliment de la suspensió ferma?</div><div style=""font-size: 14px; line-height: 1.6;""><div style=""padding: 5px 0;""><b>A)</b> Només en faltes lleus.</div><div style=""padding: 5px 0;""><b>B)</b> Només si supera tres mesos.</div><div style=""padding: 5px 0;""><b>C)</b> Sí, és d’abonament per al compliment de la suspensió ferma.</div><div style=""padding: 5px 0;""><b>D)</b> No, mai.</div></div></div>","<div style=""text-align: left; font-family: -apple-system, sans-serif;""><div style=""font-weight: bold; font-size: 16px; color: #10b981; margin-bottom: 8px;"">✓ Resposta Correcta: C</div><div style=""font-size: 14px; margin-bottom: 12px; padding: 10px; background: rgba(16,185,129,0.1); border-radius: 6px; border-left: 4px solid #10b981;"">C) Sí, és d’abonament per al compliment de la suspensió ferma.</div><hr style=""border: 0; border-top: 1px solid #ddd; margin: 12px 0;""><div style=""font-size: 13px; color: #444; line-height: 1.4;""><b style=""color: #111;"">Explicació:</b> L’article 98.4 disposa que el temps de permanència en suspensió provisional és d’abonament per al compliment de la suspensió ferma.</div></div>","T02_-_Funcio_publica","7157"
"<div style=""text-align: left; font-family: -apple-system, sans-serif;""><div style=""font-size: 11px; color: #888; margin-bottom: 6px;"">[T02 - Funció pública] Pregunta 119</div><div style=""font-weight: bold; font-size: 16px; margin-bottom: 14px; line-height: 1.4;"">Segons l’article 97 del Reial decret legislatiu 5/2015, quan prescriuen les sancions imposades per faltes greus?</div><div style=""font-size: 14px; line-height: 1.6;""><div style=""padding: 5px 0;""><b>A)</b> Al cap de dos anys.</div><div style=""padding: 5px 0;""><b>B)</b> Al cap de tres anys.</div><div style=""padding: 5px 0;""><b>C)</b> Al cap de sis mesos.</div><div style=""padding: 5px 0;""><b>D)</b> Al cap d’un any.</div></div></div>","<div style=""text-align: left; font-family: -apple-system, sans-serif;""><div style=""font-weight: bold; font-size: 16px; color: #10b981; margin-bottom: 8px;"">✓ Resposta Correcta: A</div><div style=""font-size: 14px; margin-bottom: 12px; padding: 10px; background: rgba(16,185,129,0.1); border-radius: 6px; border-left: 4px solid #10b981;"">A) Al cap de dos anys.</div><hr style=""border: 0; border-top: 1px solid #ddd; margin: 12px 0;""><div style=""font-size: 13px; color: #444; line-height: 1.4;""><b style=""color: #111;"">Explicació:</b> L’article 97.1 estableix que les sancions imposades per faltes greus prescriuen al cap de dos anys.</div></div>","T02_-_Funcio_publica","7138"
"<div style=""text-align: left; font-family: -apple-system, sans-serif;""><div style=""font-size: 11px; color: #888; margin-bottom: 6px;"">[T02 - Funció pública] Pregunta 120</div><div style=""font-weight: bold; font-size: 16px; margin-bottom: 14px; line-height: 1.4;"">Segons l’article 96 del Reial decret legislatiu 5/2015, quina és la durada màxima de la suspensió ferma de funcions?</div><div style=""font-size: 14px; line-height: 1.6;""><div style=""padding: 5px 0;""><b>A)</b> Fins a 10 anys.</div><div style=""padding: 5px 0;""><b>B)</b> Sense límit temporal.</div><div style=""padding: 5px 0;""><b>C)</b> Fins a 6 anys.</div><div style=""padding: 5px 0;""><b>D)</b> Fins a 12 anys.</div></div></div>","<div style=""text-align: left; font-family: -apple-system, sans-serif;""><div style=""font-weight: bold; font-size: 16px; color: #10b981; margin-bottom: 8px;"">✓ Resposta Correcta: C</div><div style=""font-size: 14px; margin-bottom: 12px; padding: 10px; background: rgba(16,185,129,0.1); border-radius: 6px; border-left: 4px solid #10b981;"">C) Fins a 6 anys.</div><hr style=""border: 0; border-top: 1px solid #ddd; margin: 12px 0;""><div style=""font-size: 13px; color: #444; line-height: 1.4;""><b style=""color: #111;"">Explicació:</b> L’article 96.1.c fixa una durada màxima de 6 anys per a la suspensió ferma de funcions o de feina i sou.</div></div>","T02_-_Funcio_publica","7129"
"<div style=""text-align: left; font-family: -apple-system, sans-serif;""><div style=""font-size: 11px; color: #888; margin-bottom: 6px;"">[T02 - Funció pública] Pregunta 121</div><div style=""font-weight: bold; font-size: 16px; margin-bottom: 14px; line-height: 1.4;"">Segons l’article 95.2.d del Reial decret legislatiu 5/2015, quin tipus d’acords constitueixen falta molt greu?</div><div style=""font-size: 14px; line-height: 1.6;""><div style=""padding: 5px 0;""><b>A)</b> Els acords sense informe previ.</div><div style=""padding: 5px 0;""><b>B)</b> Els acords discutibles jurídicament.</div><div style=""padding: 5px 0;""><b>C)</b> Els acords manifestament il·legals que causin perjudici greu.</div><div style=""padding: 5px 0;""><b>D)</b> Els acords no executius.</div></div></div>","<div style=""text-align: left; font-family: -apple-system, sans-serif;""><div style=""font-weight: bold; font-size: 16px; color: #10b981; margin-bottom: 8px;"">✓ Resposta Correcta: C</div><div style=""font-size: 14px; margin-bottom: 12px; padding: 10px; background: rgba(16,185,129,0.1); border-radius: 6px; border-left: 4px solid #10b981;"">C) Els acords manifestament il·legals que causin perjudici greu.</div><hr style=""border: 0; border-top: 1px solid #ddd; margin: 12px 0;""><div style=""font-size: 13px; color: #444; line-height: 1.4;""><b style=""color: #111;"">Explicació:</b> L’article 95.2.d considera falta molt greu l’adopció d’acords manifestament il·legals que causin perjudici greu a l’Administració o als ciutadans.</div></div>","T02_-_Funcio_publica","7089"
"<div style=""text-align: left; font-family: -apple-system, sans-serif;""><div style=""font-size: 11px; color: #888; margin-bottom: 6px;"">[T02 - Funció pública] Pregunta 122</div><div style=""font-weight: bold; font-size: 16px; margin-bottom: 14px; line-height: 1.4;"">Segons l’article 95 del Reial decret legislatiu 5/2015, l’incompliment de les normes sobre incompatibilitats que doni lloc a una situació d’incompatibilitat és quin tipus de falta?</div><div style=""font-size: 14px; line-height: 1.6;""><div style=""padding: 5px 0;""><b>A)</b> Falta molt greu.</div><div style=""padding: 5px 0;""><b>B)</b> Falta lleu.</div><div style=""padding: 5px 0;""><b>C)</b> Falta greu.</div><div style=""padding: 5px 0;""><b>D)</b> Infracció administrativa menor.</div></div></div>","<div style=""text-align: left; font-family: -apple-system, sans-serif;""><div style=""font-weight: bold; font-size: 16px; color: #10b981; margin-bottom: 8px;"">✓ Resposta Correcta: A</div><div style=""font-size: 14px; margin-bottom: 12px; padding: 10px; background: rgba(16,185,129,0.1); border-radius: 6px; border-left: 4px solid #10b981;"">A) Falta molt greu.</div><hr style=""border: 0; border-top: 1px solid #ddd; margin: 12px 0;""><div style=""font-size: 13px; color: #444; line-height: 1.4;""><b style=""color: #111;"">Explicació:</b> L’article 95.2.n disposa que és falta molt greu l’incompliment de les normes d’incompatibilitats quan generi una situació efectiva d’incompatibilitat.</div></div>","T02_-_Funcio_publica","7121"
"<div style=""text-align: left; font-family: -apple-system, sans-serif;""><div style=""font-size: 11px; color: #888; margin-bottom: 6px;"">[T02 - Funció pública] Pregunta 123</div><div style=""font-weight: bold; font-size: 16px; margin-bottom: 14px; line-height: 1.4;"">Quina modalitat de carrera professional consisteix en l’accés a cossos o escales del mateix subgrup professional?</div><div style=""font-size: 14px; line-height: 1.6;""><div style=""padding: 5px 0;""><b>A)</b> Promoció interna horitzontal.</div><div style=""padding: 5px 0;""><b>B)</b> Cap de les opcions és correcte.</div><div style=""padding: 5px 0;""><b>C)</b> Carrera horitzontal.</div><div style=""padding: 5px 0;""><b>D)</b> Carrera vertical.</div></div></div>","<div style=""text-align: left; font-family: -apple-system, sans-serif;""><div style=""font-weight: bold; font-size: 16px; color: #10b981; margin-bottom: 8px;"">✓ Resposta Correcta: A</div><div style=""font-size: 14px; margin-bottom: 12px; padding: 10px; background: rgba(16,185,129,0.1); border-radius: 6px; border-left: 4px solid #10b981;"">A) Promoció interna horitzontal.</div><hr style=""border: 0; border-top: 1px solid #ddd; margin: 12px 0;""><div style=""font-size: 13px; color: #444; line-height: 1.4;""><b style=""color: #111;"">Explicació:</b> Promoció interna horitzontal, que consisteix en l’accés a cossos o escales del mateix subgrup professional, d’acord amb el que disposa l’article 18 de l'Estatut Bàsic de l’Empleat Públic.</div></div>","T02_-_Funcio_publica","4617"
"<div style=""text-align: left; font-family: -apple-system, sans-serif;""><div style=""font-size: 11px; color: #888; margin-bottom: 6px;"">[T02 - Funció pública] Pregunta 124</div><div style=""font-weight: bold; font-size: 16px; margin-bottom: 14px; line-height: 1.4;"">Segons l’article 98 del Reial decret legislatiu 5/2015, la suspensió provisional pot superar els sis mesos en quin cas?</div><div style=""font-size: 14px; line-height: 1.6;""><div style=""padding: 5px 0;""><b>A)</b> Quan hi hagi acord sindical.</div><div style=""padding: 5px 0;""><b>B)</b> Quan hi hagi paralització del procediment imputable a l’interessat.</div><div style=""padding: 5px 0;""><b>C)</b> Quan hi hagi denúncia ciutadana.</div><div style=""padding: 5px 0;""><b>D)</b> Quan ho decideixi el superior.</div></div></div>","<div style=""text-align: left; font-family: -apple-system, sans-serif;""><div style=""font-weight: bold; font-size: 16px; color: #10b981; margin-bottom: 8px;"">✓ Resposta Correcta: B</div><div style=""font-size: 14px; margin-bottom: 12px; padding: 10px; background: rgba(16,185,129,0.1); border-radius: 6px; border-left: 4px solid #10b981;"">B) Quan hi hagi paralització del procediment imputable a l’interessat.</div><hr style=""border: 0; border-top: 1px solid #ddd; margin: 12px 0;""><div style=""font-size: 13px; color: #444; line-height: 1.4;""><b style=""color: #111;"">Explicació:</b> L’article 98.3 estableix l’excepció al límit de sis mesos quan la paralització del procediment sigui imputable a l’interessat.</div></div>","T02_-_Funcio_publica","7163"
"<div style=""text-align: left; font-family: -apple-system, sans-serif;""><div style=""font-size: 11px; color: #888; margin-bottom: 6px;"">[T02 - Funció pública] Pregunta 125</div><div style=""font-weight: bold; font-size: 16px; margin-bottom: 14px; line-height: 1.4;"">Segons el Reial decret legislatiu 5/2015, com s’anomena l’article 95 del Títol VII?</div><div style=""font-size: 14px; line-height: 1.6;""><div style=""padding: 5px 0;""><b>A)</b> Prescripció de les faltes i sancions.</div><div style=""padding: 5px 0;""><b>B)</b> Procediment disciplinari i mesures provisionals.</div><div style=""padding: 5px 0;""><b>C)</b> Faltes disciplinàries.</div><div style=""padding: 5px 0;""><b>D)</b> Sancions.</div></div></div>","<div style=""text-align: left; font-family: -apple-system, sans-serif;""><div style=""font-weight: bold; font-size: 16px; color: #10b981; margin-bottom: 8px;"">✓ Resposta Correcta: C</div><div style=""font-size: 14px; margin-bottom: 12px; padding: 10px; background: rgba(16,185,129,0.1); border-radius: 6px; border-left: 4px solid #10b981;"">C) Faltes disciplinàries.</div><hr style=""border: 0; border-top: 1px solid #ddd; margin: 12px 0;""><div style=""font-size: 13px; color: #444; line-height: 1.4;""><b style=""color: #111;"">Explicació:</b> L’article 95 del Reial decret legislatiu 5/2015 porta per títol “Faltes disciplinàries”.</div></div>","T02_-_Funcio_publica","7168"
"<div style=""text-align: left; font-family: -apple-system, sans-serif;""><div style=""font-size: 11px; color: #888; margin-bottom: 6px;"">[T02 - Funció pública] Pregunta 126</div><div style=""font-weight: bold; font-size: 16px; margin-bottom: 14px; line-height: 1.4;"">Com es determina l’import del sou segons l’article 23 de l’EBEP?</div><div style=""font-size: 14px; line-height: 1.6;""><div style=""padding: 5px 0;""><b>A)</b> En funció del grup o subgrup de classificació professional.</div><div style=""padding: 5px 0;""><b>B)</b> En funció del lloc de treball.</div><div style=""padding: 5px 0;""><b>C)</b> Segons la comunitat autònoma.</div><div style=""padding: 5px 0;""><b>D)</b> Segons l’Administració de destinació.</div></div></div>","<div style=""text-align: left; font-family: -apple-system, sans-serif;""><div style=""font-weight: bold; font-size: 16px; color: #10b981; margin-bottom: 8px;"">✓ Resposta Correcta: A</div><div style=""font-size: 14px; margin-bottom: 12px; padding: 10px; background: rgba(16,185,129,0.1); border-radius: 6px; border-left: 4px solid #10b981;"">A) En funció del grup o subgrup de classificació professional.</div><hr style=""border: 0; border-top: 1px solid #ddd; margin: 12px 0;""><div style=""font-size: 13px; color: #444; line-height: 1.4;""><b style=""color: #111;"">Explicació:</b> El sou és assignat a cada subgrup o grup de classificació professional, en el supòsit que aquest no tingui subgrup.</div></div>","T02_-_Funcio_publica","5510"
"<div style=""text-align: left; font-family: -apple-system, sans-serif;""><div style=""font-size: 11px; color: #888; margin-bottom: 6px;"">[T02 - Funció pública] Pregunta 127</div><div style=""font-weight: bold; font-size: 16px; margin-bottom: 14px; line-height: 1.4;"">Segons l’article 95 del Reial decret legislatiu 5/2015, l’obstaculització de llibertats públiques i drets sindicals és quin tipus de falta?</div><div style=""font-size: 14px; line-height: 1.6;""><div style=""padding: 5px 0;""><b>A)</b> Falta lleu.</div><div style=""padding: 5px 0;""><b>B)</b> Conducta no tipificada.</div><div style=""padding: 5px 0;""><b>C)</b> Responsabilitat contractual.</div><div style=""padding: 5px 0;""><b>D)</b> Falta molt greu.</div></div></div>","<div style=""text-align: left; font-family: -apple-system, sans-serif;""><div style=""font-weight: bold; font-size: 16px; color: #10b981; margin-bottom: 8px;"">✓ Resposta Correcta: D</div><div style=""font-size: 14px; margin-bottom: 12px; padding: 10px; background: rgba(16,185,129,0.1); border-radius: 6px; border-left: 4px solid #10b981;"">D) Falta molt greu.</div><hr style=""border: 0; border-top: 1px solid #ddd; margin: 12px 0;""><div style=""font-size: 13px; color: #444; line-height: 1.4;""><b style=""color: #111;"">Explicació:</b> L’article 95.2.k considera falta molt greu l’obstaculització de l’exercici de llibertats públiques i drets sindicals.</div></div>","T02_-_Funcio_publica","7116"