"Front","Back","Tag","ID"
"<div style=""text-align: left; font-family: -apple-system, sans-serif;""><div style=""font-size: 11px; color: #888; margin-bottom: 6px;"">[T11 - Electricitat] Pregunta 1</div><div style=""font-weight: bold; font-size: 16px; margin-bottom: 14px; line-height: 1.4;"">Com varia el potencial del terreny en allunyar-se del punt on entra el corrent?</div><div style=""font-size: 14px; line-height: 1.6;""><div style=""padding: 5px 0;""><b>A)</b> Alterna entre valors positius i negatius cada pocs metres.</div><div style=""padding: 5px 0;""><b>B)</b> És més elevat a prop del punt de contacte i disminueix progressivament amb la distància.</div><div style=""padding: 5px 0;""><b>C)</b> Es manté constant perquè el terra és un conductor ideal sense resistència.</div><div style=""padding: 5px 0;""><b>D)</b> És més baix a prop del punt de contacte i augmenta progressivament amb la distància.</div></div></div>","<div style=""text-align: left; font-family: -apple-system, sans-serif;""><div style=""font-weight: bold; font-size: 16px; color: #10b981; margin-bottom: 8px;"">✓ Resposta Correcta: B</div><div style=""font-size: 14px; margin-bottom: 12px; padding: 10px; background: rgba(16,185,129,0.1); border-radius: 6px; border-left: 4px solid #10b981;"">B) És més elevat a prop del punt de contacte i disminueix progressivament amb la distància.</div><hr style=""border: 0; border-top: 1px solid #ddd; margin: 12px 0;""><div style=""font-size: 13px; color: #444; line-height: 1.4;""><b style=""color: #111;"">Explicació:</b> La dispersió del corrent origina un gradient amb diferències de potencial més marcades prop del punt energitzat.</div></div>","T11_-_Electricitat","16512"
"<div style=""text-align: left; font-family: -apple-system, sans-serif;""><div style=""font-size: 11px; color: #888; margin-bottom: 6px;"">[T11 - Electricitat] Pregunta 2</div><div style=""font-weight: bold; font-size: 16px; margin-bottom: 14px; line-height: 1.4;"">Per què el recorregut del corrent pel cos modifica el risc?</div><div style=""font-size: 14px; line-height: 1.6;""><div style=""padding: 5px 0;""><b>A)</b> Perquè el recorregut modifica les cremades superficials però no els efectes sobre els òrgans interns.</div><div style=""padding: 5px 0;""><b>B)</b> Perquè els diferents teixits tenen resistències diferents i alguns recorreguts poden incloure el cor.</div><div style=""padding: 5px 0;""><b>C)</b> Perquè el corrent deixa de seguir les lleis del circuit quan travessa òrgans interns.</div><div style=""padding: 5px 0;""><b>D)</b> Perquè tots els teixits tenen la mateixa resistència però varia la tensió de la font.</div></div></div>","<div style=""text-align: left; font-family: -apple-system, sans-serif;""><div style=""font-weight: bold; font-size: 16px; color: #10b981; margin-bottom: 8px;"">✓ Resposta Correcta: B</div><div style=""font-size: 14px; margin-bottom: 12px; padding: 10px; background: rgba(16,185,129,0.1); border-radius: 6px; border-left: 4px solid #10b981;"">B) Perquè els diferents teixits tenen resistències diferents i alguns recorreguts poden incloure el cor.</div><hr style=""border: 0; border-top: 1px solid #ddd; margin: 12px 0;""><div style=""font-size: 13px; color: #444; line-height: 1.4;""><b style=""color: #111;"">Explicació:</b> La resistència i els òrgans afectats depenen del camí seguit pel corrent.</div></div>","T11_-_Electricitat","16496"
"<div style=""text-align: left; font-family: -apple-system, sans-serif;""><div style=""font-size: 11px; color: #888; margin-bottom: 6px;"">[T11 - Electricitat] Pregunta 3</div><div style=""font-weight: bold; font-size: 16px; margin-bottom: 14px; line-height: 1.4;"">Quina conversió d’energia realitza un generador elèctric?</div><div style=""font-size: 14px; line-height: 1.6;""><div style=""padding: 5px 0;""><b>A)</b> Converteix energia elèctrica en energia mecànica.</div><div style=""padding: 5px 0;""><b>B)</b> Converteix energia mecànica en energia elèctrica.</div><div style=""padding: 5px 0;""><b>C)</b> Converteix energia química en energia elèctrica.</div><div style=""padding: 5px 0;""><b>D)</b> Converteix energia elèctrica en energia tèrmica.</div></div></div>","<div style=""text-align: left; font-family: -apple-system, sans-serif;""><div style=""font-weight: bold; font-size: 16px; color: #10b981; margin-bottom: 8px;"">✓ Resposta Correcta: B</div><div style=""font-size: 14px; margin-bottom: 12px; padding: 10px; background: rgba(16,185,129,0.1); border-radius: 6px; border-left: 4px solid #10b981;"">B) Converteix energia mecànica en energia elèctrica.</div><hr style=""border: 0; border-top: 1px solid #ddd; margin: 12px 0;""><div style=""font-size: 13px; color: #444; line-height: 1.4;""><b style=""color: #111;"">Explicació:</b> El generador realitza la conversió inversa al motor: transforma moviment mecànic en energia elèctrica.</div></div>","T11_-_Electricitat","16475"
"<div style=""text-align: left; font-family: -apple-system, sans-serif;""><div style=""font-size: 11px; color: #888; margin-bottom: 6px;"">[T11 - Electricitat] Pregunta 4</div><div style=""font-weight: bold; font-size: 16px; margin-bottom: 14px; line-height: 1.4;"">En el símil hidràulic, quin concepte representa la potència elèctrica?</div><div style=""font-size: 14px; line-height: 1.6;""><div style=""padding: 5px 0;""><b>A)</b> La pressió de l’aigua considerada sense tenir en compte el cabal.</div><div style=""padding: 5px 0;""><b>B)</b> El volum total d’aigua que ha circulat en un període.</div><div style=""padding: 5px 0;""><b>C)</b> La pèrdua de càrrega causada per la rugositat.</div><div style=""padding: 5px 0;""><b>D)</b> La reacció del raig d’aigua, relacionada amb pressió per cabal.</div></div></div>","<div style=""text-align: left; font-family: -apple-system, sans-serif;""><div style=""font-weight: bold; font-size: 16px; color: #10b981; margin-bottom: 8px;"">✓ Resposta Correcta: D</div><div style=""font-size: 14px; margin-bottom: 12px; padding: 10px; background: rgba(16,185,129,0.1); border-radius: 6px; border-left: 4px solid #10b981;"">D) La reacció del raig d’aigua, relacionada amb pressió per cabal.</div><hr style=""border: 0; border-top: 1px solid #ddd; margin: 12px 0;""><div style=""font-size: 13px; color: #444; line-height: 1.4;""><b style=""color: #111;"">Explicació:</b> La potència s’associa a l’efecte combinat de pressió i cabal del raig.</div></div>","T11_-_Electricitat","16365"
"<div style=""text-align: left; font-family: -apple-system, sans-serif;""><div style=""font-size: 11px; color: #888; margin-bottom: 6px;"">[T11 - Electricitat] Pregunta 5</div><div style=""font-weight: bold; font-size: 16px; margin-bottom: 14px; line-height: 1.4;"">Per què la càrrega elèctrica és una magnitud important encara que no s’utilitzi gaire a la pràctica operativa?</div><div style=""font-size: 14px; line-height: 1.6;""><div style=""padding: 5px 0;""><b>A)</b> Perquè és fonamental per entendre altres magnituds que se’n deriven.</div><div style=""padding: 5px 0;""><b>B)</b> Perquè permet mesurar directament la resistència dels materials aïllants.</div><div style=""padding: 5px 0;""><b>C)</b> Perquè substitueix la intensitat quan el circuit és de corrent altern.</div><div style=""padding: 5px 0;""><b>D)</b> Perquè indica la tensió màxima segura en ambients humits.</div></div></div>","<div style=""text-align: left; font-family: -apple-system, sans-serif;""><div style=""font-weight: bold; font-size: 16px; color: #10b981; margin-bottom: 8px;"">✓ Resposta Correcta: A</div><div style=""font-size: 14px; margin-bottom: 12px; padding: 10px; background: rgba(16,185,129,0.1); border-radius: 6px; border-left: 4px solid #10b981;"">A) Perquè és fonamental per entendre altres magnituds que se’n deriven.</div><hr style=""border: 0; border-top: 1px solid #ddd; margin: 12px 0;""><div style=""font-size: 13px; color: #444; line-height: 1.4;""><b style=""color: #111;"">Explicació:</b> La càrrega no és habitual en l’ús pràctic, però ajuda a entendre magnituds derivades com la intensitat.</div></div>","T11_-_Electricitat","14835"
"<div style=""text-align: left; font-family: -apple-system, sans-serif;""><div style=""font-size: 11px; color: #888; margin-bottom: 6px;"">[T11 - Electricitat] Pregunta 6</div><div style=""font-weight: bold; font-size: 16px; margin-bottom: 14px; line-height: 1.4;"">Com es defineix un ampere?</div><div style=""font-size: 14px; line-height: 1.6;""><div style=""padding: 5px 0;""><b>A)</b> Com el pas d’un coulomb de càrrega per cada segon.</div><div style=""padding: 5px 0;""><b>B)</b> Com el pas d’un volt de tensió per cada ohm de resistència.</div><div style=""padding: 5px 0;""><b>C)</b> Com la força necessària per moure un coulomb dins d’un conductor.</div><div style=""padding: 5px 0;""><b>D)</b> Com la quantitat d’energia consumida durant una hora.</div></div></div>","<div style=""text-align: left; font-family: -apple-system, sans-serif;""><div style=""font-weight: bold; font-size: 16px; color: #10b981; margin-bottom: 8px;"">✓ Resposta Correcta: A</div><div style=""font-size: 14px; margin-bottom: 12px; padding: 10px; background: rgba(16,185,129,0.1); border-radius: 6px; border-left: 4px solid #10b981;"">A) Com el pas d’un coulomb de càrrega per cada segon.</div><hr style=""border: 0; border-top: 1px solid #ddd; margin: 12px 0;""><div style=""font-size: 13px; color: #444; line-height: 1.4;""><b style=""color: #111;"">Explicació:</b> Un ampere equival al pas d’un coulomb de càrrega per segon.</div></div>","T11_-_Electricitat","14841"
"<div style=""text-align: left; font-family: -apple-system, sans-serif;""><div style=""font-size: 11px; color: #888; margin-bottom: 6px;"">[T11 - Electricitat] Pregunta 7</div><div style=""font-weight: bold; font-size: 16px; margin-bottom: 14px; line-height: 1.4;"">Quant dura un cicle complet d’una ona de 50 Hz?</div><div style=""font-size: 14px; line-height: 1.6;""><div style=""padding: 5px 0;""><b>A)</b> 10 ms.</div><div style=""padding: 5px 0;""><b>B)</b> 50 ms.</div><div style=""padding: 5px 0;""><b>C)</b> 20 ms.</div><div style=""padding: 5px 0;""><b>D)</b> 40 ms.</div></div></div>","<div style=""text-align: left; font-family: -apple-system, sans-serif;""><div style=""font-weight: bold; font-size: 16px; color: #10b981; margin-bottom: 8px;"">✓ Resposta Correcta: C</div><div style=""font-size: 14px; margin-bottom: 12px; padding: 10px; background: rgba(16,185,129,0.1); border-radius: 6px; border-left: 4px solid #10b981;"">C) 20 ms.</div><hr style=""border: 0; border-top: 1px solid #ddd; margin: 12px 0;""><div style=""font-size: 13px; color: #444; line-height: 1.4;""><b style=""color: #111;"">Explicació:</b> A 50 cicles per segon, cada cicle dura 1/50 s, és a dir, 20 ms.</div></div>","T11_-_Electricitat","16394"
"<div style=""text-align: left; font-family: -apple-system, sans-serif;""><div style=""font-size: 11px; color: #888; margin-bottom: 6px;"">[T11 - Electricitat] Pregunta 8</div><div style=""font-weight: bold; font-size: 16px; margin-bottom: 14px; line-height: 1.4;"">En la fórmula I = V / R, què representa la lletra R?</div><div style=""font-size: 14px; line-height: 1.6;""><div style=""padding: 5px 0;""><b>A)</b> La potència, expressada en watts.</div><div style=""padding: 5px 0;""><b>B)</b> La resistència, expressada en ohms.</div><div style=""padding: 5px 0;""><b>C)</b> La intensitat, expressada en amperes.</div><div style=""padding: 5px 0;""><b>D)</b> La tensió, expressada en volts.</div></div></div>","<div style=""text-align: left; font-family: -apple-system, sans-serif;""><div style=""font-weight: bold; font-size: 16px; color: #10b981; margin-bottom: 8px;"">✓ Resposta Correcta: B</div><div style=""font-size: 14px; margin-bottom: 12px; padding: 10px; background: rgba(16,185,129,0.1); border-radius: 6px; border-left: 4px solid #10b981;"">B) La resistència, expressada en ohms.</div><hr style=""border: 0; border-top: 1px solid #ddd; margin: 12px 0;""><div style=""font-size: 13px; color: #444; line-height: 1.4;""><b style=""color: #111;"">Explicació:</b> En la llei d’Ohm, R identifica la resistència i s’expressa en ohms.</div></div>","T11_-_Electricitat","14911"
"<div style=""text-align: left; font-family: -apple-system, sans-serif;""><div style=""font-size: 11px; color: #888; margin-bottom: 6px;"">[T11 - Electricitat] Pregunta 9</div><div style=""font-weight: bold; font-size: 16px; margin-bottom: 14px; line-height: 1.4;"">Un receptor treballa a 230 V i hi circulen 10 A. Quina potència consumeix aproximadament?</div><div style=""font-size: 14px; line-height: 1.6;""><div style=""padding: 5px 0;""><b>A)</b> 230 W.</div><div style=""padding: 5px 0;""><b>B)</b> 23 W.</div><div style=""padding: 5px 0;""><b>C)</b> 23.000 W.</div><div style=""padding: 5px 0;""><b>D)</b> 2.300 W.</div></div></div>","<div style=""text-align: left; font-family: -apple-system, sans-serif;""><div style=""font-weight: bold; font-size: 16px; color: #10b981; margin-bottom: 8px;"">✓ Resposta Correcta: D</div><div style=""font-size: 14px; margin-bottom: 12px; padding: 10px; background: rgba(16,185,129,0.1); border-radius: 6px; border-left: 4px solid #10b981;"">D) 2.300 W.</div><hr style=""border: 0; border-top: 1px solid #ddd; margin: 12px 0;""><div style=""font-size: 13px; color: #444; line-height: 1.4;""><b style=""color: #111;"">Explicació:</b> Amb P = V × I: 230 × 10 = 2.300 W.</div></div>","T11_-_Electricitat","14937"
"<div style=""text-align: left; font-family: -apple-system, sans-serif;""><div style=""font-size: 11px; color: #888; margin-bottom: 6px;"">[T11 - Electricitat] Pregunta 10</div><div style=""font-weight: bold; font-size: 16px; margin-bottom: 14px; line-height: 1.4;"">Quina magnitud s’obté multiplicant directament tensió eficaç per intensitat eficaç en AC?</div><div style=""font-size: 14px; line-height: 1.6;""><div style=""padding: 5px 0;""><b>A)</b> La potència activa, expressada en W o kW.</div><div style=""padding: 5px 0;""><b>B)</b> La potència reactiva, expressada en var o kvar.</div><div style=""padding: 5px 0;""><b>C)</b> La potència aparent, expressada en VA o kVA.</div><div style=""padding: 5px 0;""><b>D)</b> El factor de potència, expressat com cos(φ).</div></div></div>","<div style=""text-align: left; font-family: -apple-system, sans-serif;""><div style=""font-weight: bold; font-size: 16px; color: #10b981; margin-bottom: 8px;"">✓ Resposta Correcta: C</div><div style=""font-size: 14px; margin-bottom: 12px; padding: 10px; background: rgba(16,185,129,0.1); border-radius: 6px; border-left: 4px solid #10b981;"">C) La potència aparent, expressada en VA o kVA.</div><hr style=""border: 0; border-top: 1px solid #ddd; margin: 12px 0;""><div style=""font-size: 13px; color: #444; line-height: 1.4;""><b style=""color: #111;"">Explicació:</b> El producte Vef × Ief dona la potència aparent que ha de suportar la font o la xarxa.</div></div>","T11_-_Electricitat","16450"
"<div style=""text-align: left; font-family: -apple-system, sans-serif;""><div style=""font-size: 11px; color: #888; margin-bottom: 6px;"">[T11 - Electricitat] Pregunta 11</div><div style=""font-weight: bold; font-size: 16px; margin-bottom: 14px; line-height: 1.4;"">Què descriu l’efecte Joule?</div><div style=""font-size: 14px; line-height: 1.6;""><div style=""padding: 5px 0;""><b>A)</b> La transformació d’energia elèctrica en calor quan el corrent circula per un conductor amb resistència.</div><div style=""padding: 5px 0;""><b>B)</b> La generació d’un camp magnètic quan els electrons romanen en repòs dins d’un material.</div><div style=""padding: 5px 0;""><b>C)</b> La reducció de la resistència d’un conductor quan augmenta el temps de circulació del corrent.</div><div style=""padding: 5px 0;""><b>D)</b> La conversió de calor en tensió quan un conductor està sotmès a una diferència de potencial.</div></div></div>","<div style=""text-align: left; font-family: -apple-system, sans-serif;""><div style=""font-weight: bold; font-size: 16px; color: #10b981; margin-bottom: 8px;"">✓ Resposta Correcta: A</div><div style=""font-size: 14px; margin-bottom: 12px; padding: 10px; background: rgba(16,185,129,0.1); border-radius: 6px; border-left: 4px solid #10b981;"">A) La transformació d’energia elèctrica en calor quan el corrent circula per un conductor amb resistència.</div><hr style=""border: 0; border-top: 1px solid #ddd; margin: 12px 0;""><div style=""font-size: 13px; color: #444; line-height: 1.4;""><b style=""color: #111;"">Explicació:</b> L’efecte Joule explica l’escalfament produït pel pas del corrent a través d’un conductor amb resistència.</div></div>","T11_-_Electricitat","14917"
"<div style=""text-align: left; font-family: -apple-system, sans-serif;""><div style=""font-size: 11px; color: #888; margin-bottom: 6px;"">[T11 - Electricitat] Pregunta 12</div><div style=""font-weight: bold; font-size: 16px; margin-bottom: 14px; line-height: 1.4;"">Quina funció té la fase en un sistema monofàsic?</div><div style=""font-size: 14px; line-height: 1.6;""><div style=""padding: 5px 0;""><b>A)</b> Mantenir una referència de potencial sense transportar tensió activa.</div><div style=""padding: 5px 0;""><b>B)</b> Tancar el circuit actuant com a conductor de retorn.</div><div style=""padding: 5px 0;""><b>C)</b> Compensar la potència reactiva generada per les càrregues inductives.</div><div style=""padding: 5px 0;""><b>D)</b> Transportar la tensió activa que alimenta els aparells.</div></div></div>","<div style=""text-align: left; font-family: -apple-system, sans-serif;""><div style=""font-weight: bold; font-size: 16px; color: #10b981; margin-bottom: 8px;"">✓ Resposta Correcta: D</div><div style=""font-size: 14px; margin-bottom: 12px; padding: 10px; background: rgba(16,185,129,0.1); border-radius: 6px; border-left: 4px solid #10b981;"">D) Transportar la tensió activa que alimenta els aparells.</div><hr style=""border: 0; border-top: 1px solid #ddd; margin: 12px 0;""><div style=""font-size: 13px; color: #444; line-height: 1.4;""><b style=""color: #111;"">Explicació:</b> La fase és el conductor des del qual s’alimenta el receptor amb tensió activa.</div></div>","T11_-_Electricitat","16399"
"<div style=""text-align: left; font-family: -apple-system, sans-serif;""><div style=""font-size: 11px; color: #888; margin-bottom: 6px;"">[T11 - Electricitat] Pregunta 13</div><div style=""font-weight: bold; font-size: 16px; margin-bottom: 14px; line-height: 1.4;"">Què passa amb la circulació de corrent quan s’obre un circuit elèctric?</div><div style=""font-size: 14px; line-height: 1.6;""><div style=""padding: 5px 0;""><b>A)</b> Es manté igual mentre continuï existint diferència de potencial.</div><div style=""padding: 5px 0;""><b>B)</b> Es reparteix entre els conductors que queden connectats a la font.</div><div style=""padding: 5px 0;""><b>C)</b> S’interromp perquè es perd la continuïtat del camí conductor.</div><div style=""padding: 5px 0;""><b>D)</b> Augmenta perquè desapareix una part de la resistència total.</div></div></div>","<div style=""text-align: left; font-family: -apple-system, sans-serif;""><div style=""font-weight: bold; font-size: 16px; color: #10b981; margin-bottom: 8px;"">✓ Resposta Correcta: C</div><div style=""font-size: 14px; margin-bottom: 12px; padding: 10px; background: rgba(16,185,129,0.1); border-radius: 6px; border-left: 4px solid #10b981;"">C) S’interromp perquè es perd la continuïtat del camí conductor.</div><hr style=""border: 0; border-top: 1px solid #ddd; margin: 12px 0;""><div style=""font-size: 13px; color: #444; line-height: 1.4;""><b style=""color: #111;"">Explicació:</b> Obrir el circuit talla el recorregut necessari perquè les càrregues continuïn circulant.</div></div>","T11_-_Electricitat","16303"
"<div style=""text-align: left; font-family: -apple-system, sans-serif;""><div style=""font-size: 11px; color: #888; margin-bottom: 6px;"">[T11 - Electricitat] Pregunta 14</div><div style=""font-weight: bold; font-size: 16px; margin-bottom: 14px; line-height: 1.4;"">Com circulen els electrons en corrent continu?</div><div style=""font-size: 14px; line-height: 1.6;""><div style=""padding: 5px 0;""><b>A)</b> Canvien de sentit cada vegada que baixa la tensió.</div><div style=""padding: 5px 0;""><b>B)</b> Circulen sempre en el mateix sentit.</div><div style=""padding: 5px 0;""><b>C)</b> Oscil·len al voltant d’un punt sense avançar mai.</div><div style=""padding: 5px 0;""><b>D)</b> S’aturen i reprenen el moviment de manera intermitent.</div></div></div>","<div style=""text-align: left; font-family: -apple-system, sans-serif;""><div style=""font-weight: bold; font-size: 16px; color: #10b981; margin-bottom: 8px;"">✓ Resposta Correcta: B</div><div style=""font-size: 14px; margin-bottom: 12px; padding: 10px; background: rgba(16,185,129,0.1); border-radius: 6px; border-left: 4px solid #10b981;"">B) Circulen sempre en el mateix sentit.</div><hr style=""border: 0; border-top: 1px solid #ddd; margin: 12px 0;""><div style=""font-size: 13px; color: #444; line-height: 1.4;""><b style=""color: #111;"">Explicació:</b> El corrent continu es caracteritza perquè els electrons mantenen sempre el mateix sentit de circulació.</div></div>","T11_-_Electricitat","14819"
"<div style=""text-align: left; font-family: -apple-system, sans-serif;""><div style=""font-size: 11px; color: #888; margin-bottom: 6px;"">[T11 - Electricitat] Pregunta 15</div><div style=""font-weight: bold; font-size: 16px; margin-bottom: 14px; line-height: 1.4;"">En la fórmula I = V / R, què representa la lletra I?</div><div style=""font-size: 14px; line-height: 1.6;""><div style=""padding: 5px 0;""><b>A)</b> La potència generada.</div><div style=""padding: 5px 0;""><b>B)</b> La resistència elèctrica.</div><div style=""padding: 5px 0;""><b>C)</b> La intensitat de corrent.</div><div style=""padding: 5px 0;""><b>D)</b> La tensió aplicada.</div></div></div>","<div style=""text-align: left; font-family: -apple-system, sans-serif;""><div style=""font-weight: bold; font-size: 16px; color: #10b981; margin-bottom: 8px;"">✓ Resposta Correcta: C</div><div style=""font-size: 14px; margin-bottom: 12px; padding: 10px; background: rgba(16,185,129,0.1); border-radius: 6px; border-left: 4px solid #10b981;"">C) La intensitat de corrent.</div><hr style=""border: 0; border-top: 1px solid #ddd; margin: 12px 0;""><div style=""font-size: 13px; color: #444; line-height: 1.4;""><b style=""color: #111;"">Explicació:</b> La lletra I representa la intensitat de corrent, expressada en amperes.</div></div>","T11_-_Electricitat","14913"
"<div style=""text-align: left; font-family: -apple-system, sans-serif;""><div style=""font-size: 11px; color: #888; margin-bottom: 6px;"">[T11 - Electricitat] Pregunta 16</div><div style=""font-weight: bold; font-size: 16px; margin-bottom: 14px; line-height: 1.4;"">Com es mouen els electrons en un conductor amb corrent altern?</div><div style=""font-size: 14px; line-height: 1.6;""><div style=""padding: 5px 0;""><b>A)</b> Avancen de manera continuada des de la font fins al receptor i no retornen.</div><div style=""padding: 5px 0;""><b>B)</b> Es desplacen en una sola direcció durant cada període complet de l’ona.</div><div style=""padding: 5px 0;""><b>C)</b> Oscil·len sense canviar de sentit, variant la velocitat de moviment.</div><div style=""padding: 5px 0;""><b>D)</b> Oscil·len endavant i endarrere dins del conductor.</div></div></div>","<div style=""text-align: left; font-family: -apple-system, sans-serif;""><div style=""font-weight: bold; font-size: 16px; color: #10b981; margin-bottom: 8px;"">✓ Resposta Correcta: D</div><div style=""font-size: 14px; margin-bottom: 12px; padding: 10px; background: rgba(16,185,129,0.1); border-radius: 6px; border-left: 4px solid #10b981;"">D) Oscil·len endavant i endarrere dins del conductor.</div><hr style=""border: 0; border-top: 1px solid #ddd; margin: 12px 0;""><div style=""font-size: 13px; color: #444; line-height: 1.4;""><b style=""color: #111;"">Explicació:</b> En AC els electrons oscil·len localment endavant i endarrere mentre l’energia es transmet pel circuit.</div></div>","T11_-_Electricitat","16389"
"<div style=""text-align: left; font-family: -apple-system, sans-serif;""><div style=""font-size: 11px; color: #888; margin-bottom: 6px;"">[T11 - Electricitat] Pregunta 17</div><div style=""font-weight: bold; font-size: 16px; margin-bottom: 14px; line-height: 1.4;"">Quin efecte té una pell humida o suada sobre el risc elèctric?</div><div style=""font-size: 14px; line-height: 1.6;""><div style=""padding: 5px 0;""><b>A)</b> Manté la resistència constant però augmenta la tensió aplicada al cos.</div><div style=""padding: 5px 0;""><b>B)</b> Augmenta molt la resistència i redueix el corrent amb la mateixa tensió.</div><div style=""padding: 5px 0;""><b>C)</b> Redueix molt la resistència i permet més corrent amb la mateixa tensió.</div><div style=""padding: 5px 0;""><b>D)</b> Redueix la resistència però també redueix proporcionalment la intensitat que circula.</div></div></div>","<div style=""text-align: left; font-family: -apple-system, sans-serif;""><div style=""font-weight: bold; font-size: 16px; color: #10b981; margin-bottom: 8px;"">✓ Resposta Correcta: C</div><div style=""font-size: 14px; margin-bottom: 12px; padding: 10px; background: rgba(16,185,129,0.1); border-radius: 6px; border-left: 4px solid #10b981;"">C) Redueix molt la resistència i permet més corrent amb la mateixa tensió.</div><hr style=""border: 0; border-top: 1px solid #ddd; margin: 12px 0;""><div style=""font-size: 13px; color: #444; line-height: 1.4;""><b style=""color: #111;"">Explicació:</b> La humitat disminueix la resistència de contacte; amb la mateixa tensió, això facilita una intensitat més gran.</div></div>","T11_-_Electricitat","16495"
"<div style=""text-align: left; font-family: -apple-system, sans-serif;""><div style=""font-size: 11px; color: #888; margin-bottom: 6px;"">[T11 - Electricitat] Pregunta 18</div><div style=""font-weight: bold; font-size: 16px; margin-bottom: 14px; line-height: 1.4;"">Què és la potència activa o real?</div><div style=""font-size: 14px; line-height: 1.6;""><div style=""padding: 5px 0;""><b>A)</b> La potència que es transforma realment en moviment, calor o llum.</div><div style=""padding: 5px 0;""><b>B)</b> La potència associada a la tensió de pic de l’ona, sense considerar la resta del cicle.</div><div style=""padding: 5px 0;""><b>C)</b> La potència que s’intercanvia cíclicament per formar camps sense treball útil directe.</div><div style=""padding: 5px 0;""><b>D)</b> La combinació total de potència activa i reactiva que ha de subministrar la xarxa.</div></div></div>","<div style=""text-align: left; font-family: -apple-system, sans-serif;""><div style=""font-weight: bold; font-size: 16px; color: #10b981; margin-bottom: 8px;"">✓ Resposta Correcta: A</div><div style=""font-size: 14px; margin-bottom: 12px; padding: 10px; background: rgba(16,185,129,0.1); border-radius: 6px; border-left: 4px solid #10b981;"">A) La potència que es transforma realment en moviment, calor o llum.</div><hr style=""border: 0; border-top: 1px solid #ddd; margin: 12px 0;""><div style=""font-size: 13px; color: #444; line-height: 1.4;""><b style=""color: #111;"">Explicació:</b> La potència activa és la part que produeix l’efecte útil de la càrrega.</div></div>","T11_-_Electricitat","16437"
"<div style=""text-align: left; font-family: -apple-system, sans-serif;""><div style=""font-size: 11px; color: #888; margin-bottom: 6px;"">[T11 - Electricitat] Pregunta 19</div><div style=""font-weight: bold; font-size: 16px; margin-bottom: 14px; line-height: 1.4;"">Què és la caiguda de tensió en un receptor connectat en sèrie?</div><div style=""font-size: 14px; line-height: 1.6;""><div style=""padding: 5px 0;""><b>A)</b> La disminució de potencial que es produeix en travessar el receptor.</div><div style=""padding: 5px 0;""><b>B)</b> La suma de les intensitats que entren i surten del receptor.</div><div style=""padding: 5px 0;""><b>C)</b> La reducció de la resistència total causada pel receptor.</div><div style=""padding: 5px 0;""><b>D)</b> L’augment d’intensitat que es produeix després de travessar el receptor.</div></div></div>","<div style=""text-align: left; font-family: -apple-system, sans-serif;""><div style=""font-weight: bold; font-size: 16px; color: #10b981; margin-bottom: 8px;"">✓ Resposta Correcta: A</div><div style=""font-size: 14px; margin-bottom: 12px; padding: 10px; background: rgba(16,185,129,0.1); border-radius: 6px; border-left: 4px solid #10b981;"">A) La disminució de potencial que es produeix en travessar el receptor.</div><hr style=""border: 0; border-top: 1px solid #ddd; margin: 12px 0;""><div style=""font-size: 13px; color: #444; line-height: 1.4;""><b style=""color: #111;"">Explicació:</b> Després de travessar una càrrega queda menys potencial que abans d’entrar-hi.</div></div>","T11_-_Electricitat","16332"
"<div style=""text-align: left; font-family: -apple-system, sans-serif;""><div style=""font-size: 11px; color: #888; margin-bottom: 6px;"">[T11 - Electricitat] Pregunta 20</div><div style=""font-weight: bold; font-size: 16px; margin-bottom: 14px; line-height: 1.4;"">Quina afirmació sobre els dielèctrics és incorrecta?</div><div style=""font-size: 14px; line-height: 1.6;""><div style=""padding: 5px 0;""><b>A)</b> Poden impedir el pas del corrent en condicions normals.</div><div style=""padding: 5px 0;""><b>B)</b> Poden deixar de comportar-se com a aïllants si se supera la tensió de ruptura.</div><div style=""padding: 5px 0;""><b>C)</b> Són conductors aptes tant per a corrent continu com per a corrent altern.</div><div style=""padding: 5px 0;""><b>D)</b> Inclouen materials com el vidre o la ceràmica.</div></div></div>","<div style=""text-align: left; font-family: -apple-system, sans-serif;""><div style=""font-weight: bold; font-size: 16px; color: #10b981; margin-bottom: 8px;"">✓ Resposta Correcta: C</div><div style=""font-size: 14px; margin-bottom: 12px; padding: 10px; background: rgba(16,185,129,0.1); border-radius: 6px; border-left: 4px solid #10b981;"">C) Són conductors aptes tant per a corrent continu com per a corrent altern.</div><hr style=""border: 0; border-top: 1px solid #ddd; margin: 12px 0;""><div style=""font-size: 13px; color: #444; line-height: 1.4;""><b style=""color: #111;"">Explicació:</b> Els dielèctrics no són conductors; són materials aïllants en condicions normals.</div></div>","T11_-_Electricitat","14831"
"<div style=""text-align: left; font-family: -apple-system, sans-serif;""><div style=""font-size: 11px; color: #888; margin-bottom: 6px;"">[T11 - Electricitat] Pregunta 21</div><div style=""font-weight: bold; font-size: 16px; margin-bottom: 14px; line-height: 1.4;"">En corrent continu, què pot variar sense que deixi de ser CC?</div><div style=""font-size: 14px; line-height: 1.6;""><div style=""padding: 5px 0;""><b>A)</b> La polaritat, encara que la magnitud de la tensió es mantingui.</div><div style=""padding: 5px 0;""><b>B)</b> La tensió o la intensitat, mentre la polaritat es mantingui.</div><div style=""padding: 5px 0;""><b>C)</b> La polaritat i el sentit del flux, mentre la tensió sigui constant.</div><div style=""padding: 5px 0;""><b>D)</b> El sentit del flux, encara que el valor de la intensitat no variï.</div></div></div>","<div style=""text-align: left; font-family: -apple-system, sans-serif;""><div style=""font-weight: bold; font-size: 16px; color: #10b981; margin-bottom: 8px;"">✓ Resposta Correcta: B</div><div style=""font-size: 14px; margin-bottom: 12px; padding: 10px; background: rgba(16,185,129,0.1); border-radius: 6px; border-left: 4px solid #10b981;"">B) La tensió o la intensitat, mentre la polaritat es mantingui.</div><hr style=""border: 0; border-top: 1px solid #ddd; margin: 12px 0;""><div style=""font-size: 13px; color: #444; line-height: 1.4;""><b style=""color: #111;"">Explicació:</b> En corrent continu la magnitud pot variar; el criteri determinant és que la polaritat i el sentit del flux es mantinguin.</div></div>","T11_-_Electricitat","16380"
"<div style=""text-align: left; font-family: -apple-system, sans-serif;""><div style=""font-size: 11px; color: #888; margin-bottom: 6px;"">[T11 - Electricitat] Pregunta 22</div><div style=""font-weight: bold; font-size: 16px; margin-bottom: 14px; line-height: 1.4;"">Quin tipus de corrent generen directament les plaques fotovoltaiques a partir de la llum solar?</div><div style=""font-size: 14px; line-height: 1.6;""><div style=""padding: 5px 0;""><b>A)</b> Corrent altern trifàsic.</div><div style=""padding: 5px 0;""><b>B)</b> Corrent altern sinusoidal de 50 Hz.</div><div style=""padding: 5px 0;""><b>C)</b> Corrent continu.</div><div style=""padding: 5px 0;""><b>D)</b> Corrent altern monofàsic.</div></div></div>","<div style=""text-align: left; font-family: -apple-system, sans-serif;""><div style=""font-weight: bold; font-size: 16px; color: #10b981; margin-bottom: 8px;"">✓ Resposta Correcta: C</div><div style=""font-size: 14px; margin-bottom: 12px; padding: 10px; background: rgba(16,185,129,0.1); border-radius: 6px; border-left: 4px solid #10b981;"">C) Corrent continu.</div><hr style=""border: 0; border-top: 1px solid #ddd; margin: 12px 0;""><div style=""font-size: 13px; color: #444; line-height: 1.4;""><b style=""color: #111;"">Explicació:</b> La generació fotovoltaica produeix directament corrent continu.</div></div>","T11_-_Electricitat","16386"
"<div style=""text-align: left; font-family: -apple-system, sans-serif;""><div style=""font-size: 11px; color: #888; margin-bottom: 6px;"">[T11 - Electricitat] Pregunta 23</div><div style=""font-weight: bold; font-size: 16px; margin-bottom: 14px; line-height: 1.4;"">Si dos aparells funcionen durant el mateix temps, quin consumirà més energia?</div><div style=""font-size: 14px; line-height: 1.6;""><div style=""padding: 5px 0;""><b>A)</b> El que tingui menys intensitat, encara que la potència sigui més alta.</div><div style=""padding: 5px 0;""><b>B)</b> El que tingui més potència, si el temps de funcionament és igual.</div><div style=""padding: 5px 0;""><b>C)</b> El que tingui una tensió més baixa.</div><div style=""padding: 5px 0;""><b>D)</b> El que tingui més resistència nominal.</div></div></div>","<div style=""text-align: left; font-family: -apple-system, sans-serif;""><div style=""font-weight: bold; font-size: 16px; color: #10b981; margin-bottom: 8px;"">✓ Resposta Correcta: B</div><div style=""font-size: 14px; margin-bottom: 12px; padding: 10px; background: rgba(16,185,129,0.1); border-radius: 6px; border-left: 4px solid #10b981;"">B) El que tingui més potència, si el temps de funcionament és igual.</div><hr style=""border: 0; border-top: 1px solid #ddd; margin: 12px 0;""><div style=""font-size: 13px; color: #444; line-height: 1.4;""><b style=""color: #111;"">Explicació:</b> A igual temps de funcionament, més potència implica més energia consumida.</div></div>","T11_-_Electricitat","14886"
"<div style=""text-align: left; font-family: -apple-system, sans-serif;""><div style=""font-size: 11px; color: #888; margin-bottom: 6px;"">[T11 - Electricitat] Pregunta 24</div><div style=""font-weight: bold; font-size: 16px; margin-bottom: 14px; line-height: 1.4;"">Quines lleis s’utilitzen per explicar el comportament en circuits elèctrics més complexos?</div><div style=""font-size: 14px; line-height: 1.6;""><div style=""padding: 5px 0;""><b>A)</b> La llei d’Ohm.</div><div style=""padding: 5px 0;""><b>B)</b> L’efecte Joule.</div><div style=""padding: 5px 0;""><b>C)</b> Les lleis de Kirchhoff.</div><div style=""padding: 5px 0;""><b>D)</b> Les equacions de Maxwell.</div></div></div>","<div style=""text-align: left; font-family: -apple-system, sans-serif;""><div style=""font-weight: bold; font-size: 16px; color: #10b981; margin-bottom: 8px;"">✓ Resposta Correcta: C</div><div style=""font-size: 14px; margin-bottom: 12px; padding: 10px; background: rgba(16,185,129,0.1); border-radius: 6px; border-left: 4px solid #10b981;"">C) Les lleis de Kirchhoff.</div><hr style=""border: 0; border-top: 1px solid #ddd; margin: 12px 0;""><div style=""font-size: 13px; color: #444; line-height: 1.4;""><b style=""color: #111;"">Explicació:</b> Les lleis de Kirchhoff s’associen a l’anàlisi de circuits més complexos que els tractats en els fonaments bàsics.</div></div>","T11_-_Electricitat","14889"
"<div style=""text-align: left; font-family: -apple-system, sans-serif;""><div style=""font-size: 11px; color: #888; margin-bottom: 6px;"">[T11 - Electricitat] Pregunta 25</div><div style=""font-weight: bold; font-size: 16px; margin-bottom: 14px; line-height: 1.4;"">Què mesura el factor de potència d’una instal·lació?</div><div style=""font-size: 14px; line-height: 1.6;""><div style=""padding: 5px 0;""><b>A)</b> La relació entre la tensió de pic i la tensió eficaç d’una ona sinusoidal.</div><div style=""padding: 5px 0;""><b>B)</b> L’eficiència amb què la potència elèctrica subministrada es converteix en potència activa.</div><div style=""padding: 5px 0;""><b>C)</b> La variació de freqüència que produeix una càrrega inductiva.</div><div style=""padding: 5px 0;""><b>D)</b> La proporció entre el corrent de fase i el corrent del neutre.</div></div></div>","<div style=""text-align: left; font-family: -apple-system, sans-serif;""><div style=""font-weight: bold; font-size: 16px; color: #10b981; margin-bottom: 8px;"">✓ Resposta Correcta: B</div><div style=""font-size: 14px; margin-bottom: 12px; padding: 10px; background: rgba(16,185,129,0.1); border-radius: 6px; border-left: 4px solid #10b981;"">B) L’eficiència amb què la potència elèctrica subministrada es converteix en potència activa.</div><hr style=""border: 0; border-top: 1px solid #ddd; margin: 12px 0;""><div style=""font-size: 13px; color: #444; line-height: 1.4;""><b style=""color: #111;"">Explicació:</b> El factor de potència relaciona la potència útil amb la potència total subministrada.</div></div>","T11_-_Electricitat","16442"
"<div style=""text-align: left; font-family: -apple-system, sans-serif;""><div style=""font-size: 11px; color: #888; margin-bottom: 6px;"">[T11 - Electricitat] Pregunta 26</div><div style=""font-weight: bold; font-size: 16px; margin-bottom: 14px; line-height: 1.4;"">Quin canvi afebleix el camp magnètic generat per un conductor recorregut per corrent?</div><div style=""font-size: 14px; line-height: 1.6;""><div style=""padding: 5px 0;""><b>A)</b> Enrotllar el conductor formant més espires amb el mateix corrent.</div><div style=""padding: 5px 0;""><b>B)</b> Augmentar la distància respecte del conductor mantenint el mateix corrent.</div><div style=""padding: 5px 0;""><b>C)</b> Fer variar el corrent més ràpidament mantenint la mateixa distància.</div><div style=""padding: 5px 0;""><b>D)</b> Augmentar la intensitat del corrent mantenint la mateixa distància.</div></div></div>","<div style=""text-align: left; font-family: -apple-system, sans-serif;""><div style=""font-weight: bold; font-size: 16px; color: #10b981; margin-bottom: 8px;"">✓ Resposta Correcta: B</div><div style=""font-size: 14px; margin-bottom: 12px; padding: 10px; background: rgba(16,185,129,0.1); border-radius: 6px; border-left: 4px solid #10b981;"">B) Augmentar la distància respecte del conductor mantenint el mateix corrent.</div><hr style=""border: 0; border-top: 1px solid #ddd; margin: 12px 0;""><div style=""font-size: 13px; color: #444; line-height: 1.4;""><b style=""color: #111;"">Explicació:</b> La intensitat del camp disminueix a mesura que ens allunyem del conductor.</div></div>","T11_-_Electricitat","16468"
"<div style=""text-align: left; font-family: -apple-system, sans-serif;""><div style=""font-size: 11px; color: #888; margin-bottom: 6px;"">[T11 - Electricitat] Pregunta 27</div><div style=""font-weight: bold; font-size: 16px; margin-bottom: 14px; line-height: 1.4;"">Quina energia emmagatzemada és típica d’un cotxe híbrid endollable?</div><div style=""font-size: 14px; line-height: 1.6;""><div style=""padding: 5px 0;""><b>A)</b> Entre 10 i 20 kWh.</div><div style=""padding: 5px 0;""><b>B)</b> Entre 40 i 90 kWh.</div><div style=""padding: 5px 0;""><b>C)</b> Uns 2.000 W.</div><div style=""padding: 5px 0;""><b>D)</b> Entre 5 i 15 W.</div></div></div>","<div style=""text-align: left; font-family: -apple-system, sans-serif;""><div style=""font-weight: bold; font-size: 16px; color: #10b981; margin-bottom: 8px;"">✓ Resposta Correcta: A</div><div style=""font-size: 14px; margin-bottom: 12px; padding: 10px; background: rgba(16,185,129,0.1); border-radius: 6px; border-left: 4px solid #10b981;"">A) Entre 10 i 20 kWh.</div><hr style=""border: 0; border-top: 1px solid #ddd; margin: 12px 0;""><div style=""font-size: 13px; color: #444; line-height: 1.4;""><b style=""color: #111;"">Explicació:</b> Els híbrids endollables se situen habitualment entre 10 i 20 kWh d’energia emmagatzemada.</div></div>","T11_-_Electricitat","14878"
"<div style=""text-align: left; font-family: -apple-system, sans-serif;""><div style=""font-size: 11px; color: #888; margin-bottom: 6px;"">[T11 - Electricitat] Pregunta 28</div><div style=""font-weight: bold; font-size: 16px; margin-bottom: 14px; line-height: 1.4;"">A quants electrons equival aproximadament un coulomb?</div><div style=""font-size: 14px; line-height: 1.6;""><div style=""padding: 5px 0;""><b>A)</b> A 1,019 × 10⁶ electrons.</div><div style=""padding: 5px 0;""><b>B)</b> A 2,642 × 10¹² electrons.</div><div style=""padding: 5px 0;""><b>C)</b> A 6,242 × 10¹⁸ electrons.</div><div style=""padding: 5px 0;""><b>D)</b> A 6,242 × 10²⁴ electrons.</div></div></div>","<div style=""text-align: left; font-family: -apple-system, sans-serif;""><div style=""font-weight: bold; font-size: 16px; color: #10b981; margin-bottom: 8px;"">✓ Resposta Correcta: C</div><div style=""font-size: 14px; margin-bottom: 12px; padding: 10px; background: rgba(16,185,129,0.1); border-radius: 6px; border-left: 4px solid #10b981;"">C) A 6,242 × 10¹⁸ electrons.</div><hr style=""border: 0; border-top: 1px solid #ddd; margin: 12px 0;""><div style=""font-size: 13px; color: #444; line-height: 1.4;""><b style=""color: #111;"">Explicació:</b> Un coulomb equival aproximadament a 6,242 × 10¹⁸ electrons.</div></div>","T11_-_Electricitat","14834"
"<div style=""text-align: left; font-family: -apple-system, sans-serif;""><div style=""font-size: 11px; color: #888; margin-bottom: 6px;"">[T11 - Electricitat] Pregunta 29</div><div style=""font-weight: bold; font-size: 16px; margin-bottom: 14px; line-height: 1.4;"">Quins efectes pot produir un arc elèctric?</div><div style=""font-size: 14px; line-height: 1.6;""><div style=""padding: 5px 0;""><b>A)</b> Calor i llum intenses, fusió de metalls, cremades a distància, projeccions i lesions oculars.</div><div style=""padding: 5px 0;""><b>B)</b> Llum intensa però poca energia tèrmica, de manera que no arriba a fondre metalls.</div><div style=""padding: 5px 0;""><b>C)</b> Escalfament limitat al conductor, sense projeccions ni efectes fora del punt de contacte.</div><div style=""padding: 5px 0;""><b>D)</b> Projecció de material i soroll, però sense risc de cremades perquè el corrent circula per l’aire.</div></div></div>","<div style=""text-align: left; font-family: -apple-system, sans-serif;""><div style=""font-weight: bold; font-size: 16px; color: #10b981; margin-bottom: 8px;"">✓ Resposta Correcta: A</div><div style=""font-size: 14px; margin-bottom: 12px; padding: 10px; background: rgba(16,185,129,0.1); border-radius: 6px; border-left: 4px solid #10b981;"">A) Calor i llum intenses, fusió de metalls, cremades a distància, projeccions i lesions oculars.</div><hr style=""border: 0; border-top: 1px solid #ddd; margin: 12px 0;""><div style=""font-size: 13px; color: #444; line-height: 1.4;""><b style=""color: #111;"">Explicació:</b> L’arc elèctric pot alliberar una gran quantitat d’energia tèrmica i lluminosa i projectar material a alta velocitat.</div></div>","T11_-_Electricitat","16518"
"<div style=""text-align: left; font-family: -apple-system, sans-serif;""><div style=""font-size: 11px; color: #888; margin-bottom: 6px;"">[T11 - Electricitat] Pregunta 30</div><div style=""font-weight: bold; font-size: 16px; margin-bottom: 14px; line-height: 1.4;"">Per què no es pot assignar una resistència única i fixa al cos humà?</div><div style=""font-size: 14px; line-height: 1.6;""><div style=""padding: 5px 0;""><b>A)</b> Perquè tots els teixits tenen la mateixa resistència, però la longitud externa del cos varia entre persones.</div><div style=""padding: 5px 0;""><b>B)</b> Perquè canvia amb la freqüència de la xarxa, mentre que la tensió aplicada no n’afecta el valor.</div><div style=""padding: 5px 0;""><b>C)</b> Perquè depèn de factors com la humitat de la pell, el recorregut del corrent i la tensió aplicada.</div><div style=""padding: 5px 0;""><b>D)</b> Perquè varia principalment amb el tipus de corrent, però no amb la humitat ni el recorregut.</div></div></div>","<div style=""text-align: left; font-family: -apple-system, sans-serif;""><div style=""font-weight: bold; font-size: 16px; color: #10b981; margin-bottom: 8px;"">✓ Resposta Correcta: C</div><div style=""font-size: 14px; margin-bottom: 12px; padding: 10px; background: rgba(16,185,129,0.1); border-radius: 6px; border-left: 4px solid #10b981;"">C) Perquè depèn de factors com la humitat de la pell, el recorregut del corrent i la tensió aplicada.</div><hr style=""border: 0; border-top: 1px solid #ddd; margin: 12px 0;""><div style=""font-size: 13px; color: #444; line-height: 1.4;""><b style=""color: #111;"">Explicació:</b> La resistència corporal és variable perquè depèn de les condicions de contacte, del recorregut intern i de la tensió aplicada.</div></div>","T11_-_Electricitat","16494"
"<div style=""text-align: left; font-family: -apple-system, sans-serif;""><div style=""font-size: 11px; color: #888; margin-bottom: 6px;"">[T11 - Electricitat] Pregunta 31</div><div style=""font-weight: bold; font-size: 16px; margin-bottom: 14px; line-height: 1.4;"">Una font de 24 V alimenta diversos receptors en paral·lel. Quina tensió rep cada branca connectada correctament?</div><div style=""font-size: 14px; line-height: 1.6;""><div style=""padding: 5px 0;""><b>A)</b> 12 V.</div><div style=""padding: 5px 0;""><b>B)</b> 48 V.</div><div style=""padding: 5px 0;""><b>C)</b> 24 V.</div><div style=""padding: 5px 0;""><b>D)</b> 8 V.</div></div></div>","<div style=""text-align: left; font-family: -apple-system, sans-serif;""><div style=""font-weight: bold; font-size: 16px; color: #10b981; margin-bottom: 8px;"">✓ Resposta Correcta: C</div><div style=""font-size: 14px; margin-bottom: 12px; padding: 10px; background: rgba(16,185,129,0.1); border-radius: 6px; border-left: 4px solid #10b981;"">C) 24 V.</div><hr style=""border: 0; border-top: 1px solid #ddd; margin: 12px 0;""><div style=""font-size: 13px; color: #444; line-height: 1.4;""><b style=""color: #111;"">Explicació:</b> En paral·lel, cada branca rep la mateixa tensió que la font.</div></div>","T11_-_Electricitat","16356"
"<div style=""text-align: left; font-family: -apple-system, sans-serif;""><div style=""font-size: 11px; color: #888; margin-bottom: 6px;"">[T11 - Electricitat] Pregunta 32</div><div style=""font-weight: bold; font-size: 16px; margin-bottom: 14px; line-height: 1.4;"">Com s’indueix corrent en la bobina d’un generador?</div><div style=""font-size: 14px; line-height: 1.6;""><div style=""padding: 5px 0;""><b>A)</b> La bobina transforma la resistència mecànica directament en tensió eficaç.</div><div style=""padding: 5px 0;""><b>B)</b> Un camp magnètic constant manté la bobina a tensió sense cap variació.</div><div style=""padding: 5px 0;""><b>C)</b> El neutre crea un desfasament de 120° que genera el corrent de sortida.</div><div style=""padding: 5px 0;""><b>D)</b> Un camp magnètic en moviment és percebut com a variable per la bobina.</div></div></div>","<div style=""text-align: left; font-family: -apple-system, sans-serif;""><div style=""font-weight: bold; font-size: 16px; color: #10b981; margin-bottom: 8px;"">✓ Resposta Correcta: D</div><div style=""font-size: 14px; margin-bottom: 12px; padding: 10px; background: rgba(16,185,129,0.1); border-radius: 6px; border-left: 4px solid #10b981;"">D) Un camp magnètic en moviment és percebut com a variable per la bobina.</div><hr style=""border: 0; border-top: 1px solid #ddd; margin: 12px 0;""><div style=""font-size: 13px; color: #444; line-height: 1.4;""><b style=""color: #111;"">Explicació:</b> El moviment relatiu fa variar el camp que travessa la bobina i provoca inducció.</div></div>","T11_-_Electricitat","16476"
"<div style=""text-align: left; font-family: -apple-system, sans-serif;""><div style=""font-size: 11px; color: #888; margin-bottom: 6px;"">[T11 - Electricitat] Pregunta 33</div><div style=""font-weight: bold; font-size: 16px; margin-bottom: 14px; line-height: 1.4;"">Quin efecte té el desfasament de 120° sobre la potència d’un sistema trifàsic?</div><div style=""font-size: 14px; line-height: 1.6;""><div style=""padding: 5px 0;""><b>A)</b> Fa que tota la potència reactiva es converteixi en potència activa.</div><div style=""padding: 5px 0;""><b>B)</b> Fa que les tres fases assoleixin el màxim de potència al mateix instant.</div><div style=""padding: 5px 0;""><b>C)</b> Fa que la tensió de cada fase es divideixi entre les altres dues.</div><div style=""padding: 5px 0;""><b>D)</b> Fa que la suma de potències instantànies sigui més estable.</div></div></div>","<div style=""text-align: left; font-family: -apple-system, sans-serif;""><div style=""font-weight: bold; font-size: 16px; color: #10b981; margin-bottom: 8px;"">✓ Resposta Correcta: D</div><div style=""font-size: 14px; margin-bottom: 12px; padding: 10px; background: rgba(16,185,129,0.1); border-radius: 6px; border-left: 4px solid #10b981;"">D) Fa que la suma de potències instantànies sigui més estable.</div><hr style=""border: 0; border-top: 1px solid #ddd; margin: 12px 0;""><div style=""font-size: 13px; color: #444; line-height: 1.4;""><b style=""color: #111;"">Explicació:</b> El desfasament reparteix les aportacions de les fases i ajuda a obtenir una potència conjunta uniforme.</div></div>","T11_-_Electricitat","16410"
"<div style=""text-align: left; font-family: -apple-system, sans-serif;""><div style=""font-size: 11px; color: #888; margin-bottom: 6px;"">[T11 - Electricitat] Pregunta 34</div><div style=""font-weight: bold; font-size: 16px; margin-bottom: 14px; line-height: 1.4;"">Què passa si no hi ha tensió en un conductor?</div><div style=""font-size: 14px; line-height: 1.6;""><div style=""padding: 5px 0;""><b>A)</b> La resistència del conductor desapareix.</div><div style=""padding: 5px 0;""><b>B)</b> La càrrega elèctrica es transforma en potència.</div><div style=""padding: 5px 0;""><b>C)</b> El corrent passa igual si el circuit és prou gruixut.</div><div style=""padding: 5px 0;""><b>D)</b> No hi ha moviment d’electrons.</div></div></div>","<div style=""text-align: left; font-family: -apple-system, sans-serif;""><div style=""font-weight: bold; font-size: 16px; color: #10b981; margin-bottom: 8px;"">✓ Resposta Correcta: D</div><div style=""font-size: 14px; margin-bottom: 12px; padding: 10px; background: rgba(16,185,129,0.1); border-radius: 6px; border-left: 4px solid #10b981;"">D) No hi ha moviment d’electrons.</div><hr style=""border: 0; border-top: 1px solid #ddd; margin: 12px 0;""><div style=""font-size: 13px; color: #444; line-height: 1.4;""><b style=""color: #111;"">Explicació:</b> Sense tensió no hi ha l’impuls necessari perquè els electrons es moguin.</div></div>","T11_-_Electricitat","14849"
"<div style=""text-align: left; font-family: -apple-system, sans-serif;""><div style=""font-size: 11px; color: #888; margin-bottom: 6px;"">[T11 - Electricitat] Pregunta 35</div><div style=""font-weight: bold; font-size: 16px; margin-bottom: 14px; line-height: 1.4;"">Quina finalitat té una conversió DC/DC?</div><div style=""font-size: 14px; line-height: 1.6;""><div style=""padding: 5px 0;""><b>A)</b> Convertir una tensió contínua en alterna.</div><div style=""padding: 5px 0;""><b>B)</b> Elevar o reduir una tensió contínua.</div><div style=""padding: 5px 0;""><b>C)</b> Modificar la freqüència d’una tensió alterna sense canviar-ne el tipus de corrent.</div><div style=""padding: 5px 0;""><b>D)</b> Convertir una tensió alterna en contínua.</div></div></div>","<div style=""text-align: left; font-family: -apple-system, sans-serif;""><div style=""font-weight: bold; font-size: 16px; color: #10b981; margin-bottom: 8px;"">✓ Resposta Correcta: B</div><div style=""font-size: 14px; margin-bottom: 12px; padding: 10px; background: rgba(16,185,129,0.1); border-radius: 6px; border-left: 4px solid #10b981;"">B) Elevar o reduir una tensió contínua.</div><hr style=""border: 0; border-top: 1px solid #ddd; margin: 12px 0;""><div style=""font-size: 13px; color: #444; line-height: 1.4;""><b style=""color: #111;"">Explicació:</b> Els convertidors DC/DC permeten funcions step-up o step-down sobre tensió contínua.</div></div>","T11_-_Electricitat","16457"
"<div style=""text-align: left; font-family: -apple-system, sans-serif;""><div style=""font-size: 11px; color: #888; margin-bottom: 6px;"">[T11 - Electricitat] Pregunta 36</div><div style=""font-weight: bold; font-size: 16px; margin-bottom: 14px; line-height: 1.4;"">Quin aspecte, a més de la tensió i la intensitat, influeix en el comportament d’una càrrega en AC?</div><div style=""font-size: 14px; line-height: 1.6;""><div style=""padding: 5px 0;""><b>A)</b> La secció del conductor i la distància al centre de transformació.</div><div style=""padding: 5px 0;""><b>B)</b> La tensió de pic i la polaritat del neutre, independentment del receptor.</div><div style=""padding: 5px 0;""><b>C)</b> El nombre de fases i la freqüència nominal, sense considerar la càrrega.</div><div style=""padding: 5px 0;""><b>D)</b> La relació temporal entre tensió i intensitat i el tipus de càrrega.</div></div></div>","<div style=""text-align: left; font-family: -apple-system, sans-serif;""><div style=""font-weight: bold; font-size: 16px; color: #10b981; margin-bottom: 8px;"">✓ Resposta Correcta: D</div><div style=""font-size: 14px; margin-bottom: 12px; padding: 10px; background: rgba(16,185,129,0.1); border-radius: 6px; border-left: 4px solid #10b981;"">D) La relació temporal entre tensió i intensitat i el tipus de càrrega.</div><hr style=""border: 0; border-top: 1px solid #ddd; margin: 12px 0;""><div style=""font-size: 13px; color: #444; line-height: 1.4;""><b style=""color: #111;"">Explicació:</b> El desfasament i la naturalesa de la càrrega influeixen en l’energia consumida i en l’eficiència.</div></div>","T11_-_Electricitat","16422"
"<div style=""text-align: left; font-family: -apple-system, sans-serif;""><div style=""font-size: 11px; color: #888; margin-bottom: 6px;"">[T11 - Electricitat] Pregunta 37</div><div style=""font-weight: bold; font-size: 16px; margin-bottom: 14px; line-height: 1.4;"">Quina expressió calcula la caiguda de tensió en un receptor de resistència Ri travessat per una intensitat I?</div><div style=""font-size: 14px; line-height: 1.6;""><div style=""padding: 5px 0;""><b>A)</b> Vi = I × Ri.</div><div style=""padding: 5px 0;""><b>B)</b> Vi = I + Ri.</div><div style=""padding: 5px 0;""><b>C)</b> Vi = I / Ri.</div><div style=""padding: 5px 0;""><b>D)</b> Vi = Ri / I.</div></div></div>","<div style=""text-align: left; font-family: -apple-system, sans-serif;""><div style=""font-weight: bold; font-size: 16px; color: #10b981; margin-bottom: 8px;"">✓ Resposta Correcta: A</div><div style=""font-size: 14px; margin-bottom: 12px; padding: 10px; background: rgba(16,185,129,0.1); border-radius: 6px; border-left: 4px solid #10b981;"">A) Vi = I × Ri.</div><hr style=""border: 0; border-top: 1px solid #ddd; margin: 12px 0;""><div style=""font-size: 13px; color: #444; line-height: 1.4;""><b style=""color: #111;"">Explicació:</b> La caiguda de tensió s’obté aplicant la llei d’Ohm al receptor.</div></div>","T11_-_Electricitat","16333"
"<div style=""text-align: left; font-family: -apple-system, sans-serif;""><div style=""font-size: 11px; color: #888; margin-bottom: 6px;"">[T11 - Electricitat] Pregunta 38</div><div style=""font-weight: bold; font-size: 16px; margin-bottom: 14px; line-height: 1.4;"">Què caracteritza un circuit conductor tancat?</div><div style=""font-size: 14px; line-height: 1.6;""><div style=""padding: 5px 0;""><b>A)</b> Disposa d’un recorregut continu que permet el pas del corrent.</div><div style=""padding: 5px 0;""><b>B)</b> Disposa d’una interrupció que impedeix el pas del corrent.</div><div style=""padding: 5px 0;""><b>C)</b> Disposa d’una diferència de potencial nul·la entre tots els seus punts.</div><div style=""padding: 5px 0;""><b>D)</b> Disposa necessàriament de diverses branques connectades en paral·lel.</div></div></div>","<div style=""text-align: left; font-family: -apple-system, sans-serif;""><div style=""font-weight: bold; font-size: 16px; color: #10b981; margin-bottom: 8px;"">✓ Resposta Correcta: A</div><div style=""font-size: 14px; margin-bottom: 12px; padding: 10px; background: rgba(16,185,129,0.1); border-radius: 6px; border-left: 4px solid #10b981;"">A) Disposa d’un recorregut continu que permet el pas del corrent.</div><hr style=""border: 0; border-top: 1px solid #ddd; margin: 12px 0;""><div style=""font-size: 13px; color: #444; line-height: 1.4;""><b style=""color: #111;"">Explicació:</b> Un circuit tancat conserva la continuïtat del camí elèctric.</div></div>","T11_-_Electricitat","16305"
"<div style=""text-align: left; font-family: -apple-system, sans-serif;""><div style=""font-size: 11px; color: #888; margin-bottom: 6px;"">[T11 - Electricitat] Pregunta 39</div><div style=""font-weight: bold; font-size: 16px; margin-bottom: 14px; line-height: 1.4;"">Què indica la freqüència d’un corrent altern?</div><div style=""font-size: 14px; line-height: 1.6;""><div style=""padding: 5px 0;""><b>A)</b> El nombre de canvis de tensió màxima que fa l’ona cada minut.</div><div style=""padding: 5px 0;""><b>B)</b> La diferència de temps entre el pic de tensió i el pic d’intensitat.</div><div style=""padding: 5px 0;""><b>C)</b> El nombre de cicles complets que realitza l’ona cada segon.</div><div style=""padding: 5px 0;""><b>D)</b> La relació entre la tensió màxima i la tensió eficaç.</div></div></div>","<div style=""text-align: left; font-family: -apple-system, sans-serif;""><div style=""font-weight: bold; font-size: 16px; color: #10b981; margin-bottom: 8px;"">✓ Resposta Correcta: C</div><div style=""font-size: 14px; margin-bottom: 12px; padding: 10px; background: rgba(16,185,129,0.1); border-radius: 6px; border-left: 4px solid #10b981;"">C) El nombre de cicles complets que realitza l’ona cada segon.</div><hr style=""border: 0; border-top: 1px solid #ddd; margin: 12px 0;""><div style=""font-size: 13px; color: #444; line-height: 1.4;""><b style=""color: #111;"">Explicació:</b> La freqüència expressa els cicles complets per segon i es mesura en hertz.</div></div>","T11_-_Electricitat","16392"
"<div style=""text-align: left; font-family: -apple-system, sans-serif;""><div style=""font-size: 11px; color: #888; margin-bottom: 6px;"">[T11 - Electricitat] Pregunta 40</div><div style=""font-weight: bold; font-size: 16px; margin-bottom: 14px; line-height: 1.4;"">Com es comporta la intensitat en una càrrega inductiva?</div><div style=""font-size: 14px; line-height: 1.6;""><div style=""padding: 5px 0;""><b>A)</b> Va avançada respecte de la tensió.</div><div style=""padding: 5px 0;""><b>B)</b> Està en fase amb la tensió.</div><div style=""padding: 5px 0;""><b>C)</b> Va endarrerida respecte de la tensió.</div><div style=""padding: 5px 0;""><b>D)</b> Està desfasada 120° respecte de la tensió.</div></div></div>","<div style=""text-align: left; font-family: -apple-system, sans-serif;""><div style=""font-weight: bold; font-size: 16px; color: #10b981; margin-bottom: 8px;"">✓ Resposta Correcta: C</div><div style=""font-size: 14px; margin-bottom: 12px; padding: 10px; background: rgba(16,185,129,0.1); border-radius: 6px; border-left: 4px solid #10b981;"">C) Va endarrerida respecte de la tensió.</div><hr style=""border: 0; border-top: 1px solid #ddd; margin: 12px 0;""><div style=""font-size: 13px; color: #444; line-height: 1.4;""><b style=""color: #111;"">Explicació:</b> En les càrregues inductives la resposta del corrent queda retardada respecte de la tensió.</div></div>","T11_-_Electricitat","16431"
"<div style=""text-align: left; font-family: -apple-system, sans-serif;""><div style=""font-size: 11px; color: #888; margin-bottom: 6px;"">[T11 - Electricitat] Pregunta 41</div><div style=""font-weight: bold; font-size: 16px; margin-bottom: 14px; line-height: 1.4;"">En el símil hidràulic, a què equival l’energia o consum elèctric?</div><div style=""font-size: 14px; line-height: 1.6;""><div style=""padding: 5px 0;""><b>A)</b> A la pressió disponible a l’entrada del circuit hidràulic.</div><div style=""padding: 5px 0;""><b>B)</b> Al volum total d’aigua que ha circulat durant un temps determinat.</div><div style=""padding: 5px 0;""><b>C)</b> A la pèrdua de càrrega produïda en un estrenyiment.</div><div style=""padding: 5px 0;""><b>D)</b> Al cabal instantani que circula en un punt de la canonada.</div></div></div>","<div style=""text-align: left; font-family: -apple-system, sans-serif;""><div style=""font-weight: bold; font-size: 16px; color: #10b981; margin-bottom: 8px;"">✓ Resposta Correcta: B</div><div style=""font-size: 14px; margin-bottom: 12px; padding: 10px; background: rgba(16,185,129,0.1); border-radius: 6px; border-left: 4px solid #10b981;"">B) Al volum total d’aigua que ha circulat durant un temps determinat.</div><hr style=""border: 0; border-top: 1px solid #ddd; margin: 12px 0;""><div style=""font-size: 13px; color: #444; line-height: 1.4;""><b style=""color: #111;"">Explicació:</b> L’energia o consum incorpora el pas del temps, com el volum total que ha circulat durant un període.</div></div>","T11_-_Electricitat","16366"
"<div style=""text-align: left; font-family: -apple-system, sans-serif;""><div style=""font-size: 11px; color: #888; margin-bottom: 6px;"">[T11 - Electricitat] Pregunta 42</div><div style=""font-weight: bold; font-size: 16px; margin-bottom: 14px; line-height: 1.4;"">Quina diferència bàsica separa el corrent continu del corrent altern?</div><div style=""font-size: 14px; line-height: 1.6;""><div style=""padding: 5px 0;""><b>A)</b> En CC la polaritat es manté; en AC canvia periòdicament.</div><div style=""padding: 5px 0;""><b>B)</b> En CC la polaritat canvia periòdicament; en AC es manté durant el funcionament.</div><div style=""padding: 5px 0;""><b>C)</b> En CC la magnitud ha de ser constant; en AC la magnitud pot variar sense canviar de polaritat.</div><div style=""padding: 5px 0;""><b>D)</b> En CC el flux oscil·la al voltant d’un punt; en AC manté una direcció estable.</div></div></div>","<div style=""text-align: left; font-family: -apple-system, sans-serif;""><div style=""font-weight: bold; font-size: 16px; color: #10b981; margin-bottom: 8px;"">✓ Resposta Correcta: A</div><div style=""font-size: 14px; margin-bottom: 12px; padding: 10px; background: rgba(16,185,129,0.1); border-radius: 6px; border-left: 4px solid #10b981;"">A) En CC la polaritat es manté; en AC canvia periòdicament.</div><hr style=""border: 0; border-top: 1px solid #ddd; margin: 12px 0;""><div style=""font-size: 13px; color: #444; line-height: 1.4;""><b style=""color: #111;"">Explicació:</b> El criteri diferencial és la polaritat: en CC es manté i en AC s’inverteix periòdicament.</div></div>","T11_-_Electricitat","16387"
"<div style=""text-align: left; font-family: -apple-system, sans-serif;""><div style=""font-size: 11px; color: #888; margin-bottom: 6px;"">[T11 - Electricitat] Pregunta 43</div><div style=""font-weight: bold; font-size: 16px; margin-bottom: 14px; line-height: 1.4;"">Per què molts generadors, transformadors i inversors indiquen la capacitat màxima en kVA?</div><div style=""font-size: 14px; line-height: 1.6;""><div style=""padding: 5px 0;""><b>A)</b> Perquè el kVA representa el valor de potència reactiva que poden compensar.</div><div style=""padding: 5px 0;""><b>B)</b> Perquè el kVA equival a la tensió de pic disponible a la sortida.</div><div style=""padding: 5px 0;""><b>C)</b> Perquè el kVA representa la potència activa útil disponible a la càrrega.</div><div style=""padding: 5px 0;""><b>D)</b> Perquè el kVA representa la potència aparent que poden subministrar.</div></div></div>","<div style=""text-align: left; font-family: -apple-system, sans-serif;""><div style=""font-weight: bold; font-size: 16px; color: #10b981; margin-bottom: 8px;"">✓ Resposta Correcta: D</div><div style=""font-size: 14px; margin-bottom: 12px; padding: 10px; background: rgba(16,185,129,0.1); border-radius: 6px; border-left: 4px solid #10b981;"">D) Perquè el kVA representa la potència aparent que poden subministrar.</div><hr style=""border: 0; border-top: 1px solid #ddd; margin: 12px 0;""><div style=""font-size: 13px; color: #444; line-height: 1.4;""><b style=""color: #111;"">Explicació:</b> La capacitat de l’equip depèn de la potència aparent total que ha de gestionar.</div></div>","T11_-_Electricitat","16451"
"<div style=""text-align: left; font-family: -apple-system, sans-serif;""><div style=""font-size: 11px; color: #888; margin-bottom: 6px;"">[T11 - Electricitat] Pregunta 44</div><div style=""font-weight: bold; font-size: 16px; margin-bottom: 14px; line-height: 1.4;"">Com transforma l’energia una càrrega resistiva?</div><div style=""font-size: 14px; line-height: 1.6;""><div style=""padding: 5px 0;""><b>A)</b> La converteix en potència reactiva sense produir efecte útil.</div><div style=""padding: 5px 0;""><b>B)</b> La converteix en calor o llum sense emmagatzematge d’energia.</div><div style=""padding: 5px 0;""><b>C)</b> L’emmagatzema en un camp elèctric i la retorna parcialment.</div><div style=""padding: 5px 0;""><b>D)</b> L’emmagatzema en un camp magnètic i la retorna parcialment.</div></div></div>","<div style=""text-align: left; font-family: -apple-system, sans-serif;""><div style=""font-weight: bold; font-size: 16px; color: #10b981; margin-bottom: 8px;"">✓ Resposta Correcta: B</div><div style=""font-size: 14px; margin-bottom: 12px; padding: 10px; background: rgba(16,185,129,0.1); border-radius: 6px; border-left: 4px solid #10b981;"">B) La converteix en calor o llum sense emmagatzematge d’energia.</div><hr style=""border: 0; border-top: 1px solid #ddd; margin: 12px 0;""><div style=""font-size: 13px; color: #444; line-height: 1.4;""><b style=""color: #111;"">Explicació:</b> Les càrregues resistives transformen directament l’energia sense emmagatzemar-la en camps.</div></div>","T11_-_Electricitat","16423"
"<div style=""text-align: left; font-family: -apple-system, sans-serif;""><div style=""font-size: 11px; color: #888; margin-bottom: 6px;"">[T11 - Electricitat] Pregunta 45</div><div style=""font-weight: bold; font-size: 16px; margin-bottom: 14px; line-height: 1.4;"">Per què un camí paral·lel de resistència molt baixa no garanteix la seguretat d’una persona?</div><div style=""font-size: 14px; line-height: 1.6;""><div style=""padding: 5px 0;""><b>A)</b> Perquè el corrent deixa de repartir-se entre branques quan una d’elles té una resistència baixa.</div><div style=""padding: 5px 0;""><b>B)</b> Perquè un camí paral·lel de baixa resistència fa augmentar automàticament la tensió aplicada al cos.</div><div style=""padding: 5px 0;""><b>C)</b> Perquè encara pot circular pel cos una intensitat important si la seva branca presenta una resistència prou baixa.</div><div style=""padding: 5px 0;""><b>D)</b> Perquè les branques en paral·lel reben la mateixa intensitat, independentment de la resistència de cadascuna.</div></div></div>","<div style=""text-align: left; font-family: -apple-system, sans-serif;""><div style=""font-weight: bold; font-size: 16px; color: #10b981; margin-bottom: 8px;"">✓ Resposta Correcta: C</div><div style=""font-size: 14px; margin-bottom: 12px; padding: 10px; background: rgba(16,185,129,0.1); border-radius: 6px; border-left: 4px solid #10b981;"">C) Perquè encara pot circular pel cos una intensitat important si la seva branca presenta una resistència prou baixa.</div><hr style=""border: 0; border-top: 1px solid #ddd; margin: 12px 0;""><div style=""font-size: 13px; color: #444; line-height: 1.4;""><b style=""color: #111;"">Explicació:</b> Una branca alternativa de baixa resistència pot reduir el corrent corporal, però no garanteix que la intensitat que travessa el cos sigui segura.</div></div>","T11_-_Electricitat","16510"
"<div style=""text-align: left; font-family: -apple-system, sans-serif;""><div style=""font-size: 11px; color: #888; margin-bottom: 6px;"">[T11 - Electricitat] Pregunta 46</div><div style=""font-weight: bold; font-size: 16px; margin-bottom: 14px; line-height: 1.4;"">Què implica que un material tingui més resistència?</div><div style=""font-size: 14px; line-height: 1.6;""><div style=""padding: 5px 0;""><b>A)</b> Que és més difícil que el corrent flueixi a través seu.</div><div style=""padding: 5px 0;""><b>B)</b> Que pot transportar més corrent amb la mateixa secció.</div><div style=""padding: 5px 0;""><b>C)</b> Que la seva tensió interna és sempre de 0 V.</div><div style=""padding: 5px 0;""><b>D)</b> Que només pot funcionar amb corrent continu.</div></div></div>","<div style=""text-align: left; font-family: -apple-system, sans-serif;""><div style=""font-weight: bold; font-size: 16px; color: #10b981; margin-bottom: 8px;"">✓ Resposta Correcta: A</div><div style=""font-size: 14px; margin-bottom: 12px; padding: 10px; background: rgba(16,185,129,0.1); border-radius: 6px; border-left: 4px solid #10b981;"">A) Que és més difícil que el corrent flueixi a través seu.</div><hr style=""border: 0; border-top: 1px solid #ddd; margin: 12px 0;""><div style=""font-size: 13px; color: #444; line-height: 1.4;""><b style=""color: #111;"">Explicació:</b> A més resistència, més dificultat ofereix el material al pas del corrent.</div></div>","T11_-_Electricitat","14857"
"<div style=""text-align: left; font-family: -apple-system, sans-serif;""><div style=""font-size: 11px; color: #888; margin-bottom: 6px;"">[T11 - Electricitat] Pregunta 47</div><div style=""font-weight: bold; font-size: 16px; margin-bottom: 14px; line-height: 1.4;"">Què és l’energia elèctrica?</div><div style=""font-size: 14px; line-height: 1.6;""><div style=""padding: 5px 0;""><b>A)</b> La força que impulsa els electrons a moure’s a través d’un conductor.</div><div style=""padding: 5px 0;""><b>B)</b> La quantitat d’electrons que passen per un punt cada segon.</div><div style=""padding: 5px 0;""><b>C)</b> La quantitat total de treball elèctric que es realitza en un període de temps determinat.</div><div style=""padding: 5px 0;""><b>D)</b> La velocitat a la qual es realitza un treball elèctric o la quantitat d’energia que consumeix o genera un aparell per unitat de temps.</div></div></div>","<div style=""text-align: left; font-family: -apple-system, sans-serif;""><div style=""font-weight: bold; font-size: 16px; color: #10b981; margin-bottom: 8px;"">✓ Resposta Correcta: C</div><div style=""font-size: 14px; margin-bottom: 12px; padding: 10px; background: rgba(16,185,129,0.1); border-radius: 6px; border-left: 4px solid #10b981;"">C) La quantitat total de treball elèctric que es realitza en un període de temps determinat.</div><hr style=""border: 0; border-top: 1px solid #ddd; margin: 12px 0;""><div style=""font-size: 13px; color: #444; line-height: 1.4;""><b style=""color: #111;"">Explicació:</b> L’energia elèctrica mesura el treball total realitzat al llarg del temps, no la força, el flux o l’aïllament.</div></div>","T11_-_Electricitat","14868"
"<div style=""text-align: left; font-family: -apple-system, sans-serif;""><div style=""font-size: 11px; color: #888; margin-bottom: 6px;"">[T11 - Electricitat] Pregunta 48</div><div style=""font-weight: bold; font-size: 16px; margin-bottom: 14px; line-height: 1.4;"">Quines conseqüències té treballar amb intensitats molt altes?</div><div style=""font-size: 14px; line-height: 1.6;""><div style=""padding: 5px 0;""><b>A)</b> Menys pèrdues per efecte Joule i cablejat de menor secció.</div><div style=""padding: 5px 0;""><b>B)</b> Menys escalfament dels conductors i menys necessitat de protecció.</div><div style=""padding: 5px 0;""><b>C)</b> Pèrdues per efecte Joule i necessitat de cables de gran secció.</div><div style=""padding: 5px 0;""><b>D)</b> Reducció automàtica de la potència útil de tots els receptors.</div></div></div>","<div style=""text-align: left; font-family: -apple-system, sans-serif;""><div style=""font-weight: bold; font-size: 16px; color: #10b981; margin-bottom: 8px;"">✓ Resposta Correcta: C</div><div style=""font-size: 14px; margin-bottom: 12px; padding: 10px; background: rgba(16,185,129,0.1); border-radius: 6px; border-left: 4px solid #10b981;"">C) Pèrdues per efecte Joule i necessitat de cables de gran secció.</div><hr style=""border: 0; border-top: 1px solid #ddd; margin: 12px 0;""><div style=""font-size: 13px; color: #444; line-height: 1.4;""><b style=""color: #111;"">Explicació:</b> Les intensitats elevades generen més escalfament per efecte Joule. A més, exigeixen cables més gruixuts, cosa que encareix i complica la instal·lació.</div></div>","T11_-_Electricitat","16292"
"<div style=""text-align: left; font-family: -apple-system, sans-serif;""><div style=""font-size: 11px; color: #888; margin-bottom: 6px;"">[T11 - Electricitat] Pregunta 49</div><div style=""font-weight: bold; font-size: 16px; margin-bottom: 14px; line-height: 1.4;"">Com varia la força del camp magnètic generat per un conductor si augmenta la intensitat del corrent?</div><div style=""font-size: 14px; line-height: 1.6;""><div style=""padding: 5px 0;""><b>A)</b> Augmenta proporcionalment amb la intensitat.</div><div style=""padding: 5px 0;""><b>B)</b> Disminueix proporcionalment amb la intensitat.</div><div style=""padding: 5px 0;""><b>C)</b> Es manté constant mentre no canviï la distància.</div><div style=""padding: 5px 0;""><b>D)</b> Augmenta quan el corrent passa de continu a altern, encara que la intensitat sigui la mateixa.</div></div></div>","<div style=""text-align: left; font-family: -apple-system, sans-serif;""><div style=""font-weight: bold; font-size: 16px; color: #10b981; margin-bottom: 8px;"">✓ Resposta Correcta: A</div><div style=""font-size: 14px; margin-bottom: 12px; padding: 10px; background: rgba(16,185,129,0.1); border-radius: 6px; border-left: 4px solid #10b981;"">A) Augmenta proporcionalment amb la intensitat.</div><hr style=""border: 0; border-top: 1px solid #ddd; margin: 12px 0;""><div style=""font-size: 13px; color: #444; line-height: 1.4;""><b style=""color: #111;"">Explicació:</b> Més intensitat de corrent produeix un camp magnètic més intens.</div></div>","T11_-_Electricitat","16462"
"<div style=""text-align: left; font-family: -apple-system, sans-serif;""><div style=""font-size: 11px; color: #888; margin-bottom: 6px;"">[T11 - Electricitat] Pregunta 50</div><div style=""font-weight: bold; font-size: 16px; margin-bottom: 14px; line-height: 1.4;"">Quines magnituds intervenen directament en la fórmula Q = I² × R × t?</div><div style=""font-size: 14px; line-height: 1.6;""><div style=""padding: 5px 0;""><b>A)</b> Intensitat, tensió i càrrega elèctrica.</div><div style=""padding: 5px 0;""><b>B)</b> Tensió, intensitat i resistència.</div><div style=""padding: 5px 0;""><b>C)</b> Intensitat, resistència i temps.</div><div style=""padding: 5px 0;""><b>D)</b> Potència, energia i diferència de potencial.</div></div></div>","<div style=""text-align: left; font-family: -apple-system, sans-serif;""><div style=""font-weight: bold; font-size: 16px; color: #10b981; margin-bottom: 8px;"">✓ Resposta Correcta: C</div><div style=""font-size: 14px; margin-bottom: 12px; padding: 10px; background: rgba(16,185,129,0.1); border-radius: 6px; border-left: 4px solid #10b981;"">C) Intensitat, resistència i temps.</div><hr style=""border: 0; border-top: 1px solid #ddd; margin: 12px 0;""><div style=""font-size: 13px; color: #444; line-height: 1.4;""><b style=""color: #111;"">Explicació:</b> La fórmula utilitza la intensitat, la resistència del conductor i el temps durant el qual circula el corrent.</div></div>","T11_-_Electricitat","14919"
"<div style=""text-align: left; font-family: -apple-system, sans-serif;""><div style=""font-size: 11px; color: #888; margin-bottom: 6px;"">[T11 - Electricitat] Pregunta 51</div><div style=""font-weight: bold; font-size: 16px; margin-bottom: 14px; line-height: 1.4;"">En un sistema trifàsic equilibrat, com és el corrent pel neutre?</div><div style=""font-size: 14px; line-height: 1.6;""><div style=""padding: 5px 0;""><b>A)</b> És pràcticament zero quan les tres fases estan equilibrades.</div><div style=""padding: 5px 0;""><b>B)</b> És aproximadament tres vegades la intensitat d’una fase.</div><div style=""padding: 5px 0;""><b>C)</b> Té aproximadament el mateix valor que la intensitat d’una fase.</div><div style=""padding: 5px 0;""><b>D)</b> És igual a la suma aritmètica de les tres intensitats de fase.</div></div></div>","<div style=""text-align: left; font-family: -apple-system, sans-serif;""><div style=""font-weight: bold; font-size: 16px; color: #10b981; margin-bottom: 8px;"">✓ Resposta Correcta: A</div><div style=""font-size: 14px; margin-bottom: 12px; padding: 10px; background: rgba(16,185,129,0.1); border-radius: 6px; border-left: 4px solid #10b981;"">A) És pràcticament zero quan les tres fases estan equilibrades.</div><hr style=""border: 0; border-top: 1px solid #ddd; margin: 12px 0;""><div style=""font-size: 13px; color: #444; line-height: 1.4;""><b style=""color: #111;"">Explicació:</b> En un sistema trifàsic equilibrat, els corrents de les tres fases es compensen i el corrent pel neutre és pràcticament nul.</div></div>","T11_-_Electricitat","16413"
"<div style=""text-align: left; font-family: -apple-system, sans-serif;""><div style=""font-size: 11px; color: #888; margin-bottom: 6px;"">[T11 - Electricitat] Pregunta 52</div><div style=""font-weight: bold; font-size: 16px; margin-bottom: 14px; line-height: 1.4;"">Quina afirmació interpreta millor la relació pràctica entre tensió i intensitat?</div><div style=""font-size: 14px; line-height: 1.6;""><div style=""padding: 5px 0;""><b>A)</b> Per obtenir la mateixa potència amb més tensió, cal augmentar igualment la intensitat.</div><div style=""padding: 5px 0;""><b>B)</b> Per obtenir la mateixa potència amb menys tensió, cal reduir també la intensitat.</div><div style=""padding: 5px 0;""><b>C)</b> Per obtenir la mateixa potència amb més tensió, es pot treballar amb menys intensitat.</div><div style=""padding: 5px 0;""><b>D)</b> Per obtenir menys pèrdues, cal reduir tensió i mantenir la mateixa potència.</div></div></div>","<div style=""text-align: left; font-family: -apple-system, sans-serif;""><div style=""font-weight: bold; font-size: 16px; color: #10b981; margin-bottom: 8px;"">✓ Resposta Correcta: C</div><div style=""font-size: 14px; margin-bottom: 12px; padding: 10px; background: rgba(16,185,129,0.1); border-radius: 6px; border-left: 4px solid #10b981;"">C) Per obtenir la mateixa potència amb més tensió, es pot treballar amb menys intensitat.</div><hr style=""border: 0; border-top: 1px solid #ddd; margin: 12px 0;""><div style=""font-size: 13px; color: #444; line-height: 1.4;""><b style=""color: #111;"">Explicació:</b> Per a una mateixa potència, augmentar la tensió permet reduir la intensitat. Aquesta idea explica l’ús de voltatges alts en aplicacions de gran potència.</div></div>","T11_-_Electricitat","16293"
"<div style=""text-align: left; font-family: -apple-system, sans-serif;""><div style=""font-size: 11px; color: #888; margin-bottom: 6px;"">[T11 - Electricitat] Pregunta 53</div><div style=""font-weight: bold; font-size: 16px; margin-bottom: 14px; line-height: 1.4;"">Per què s’utilitzen voltatges alts en el transport de grans potències?</div><div style=""font-size: 14px; line-height: 1.6;""><div style=""padding: 5px 0;""><b>A)</b> Per fer que la potència depengui només de la resistència dels cables.</div><div style=""padding: 5px 0;""><b>B)</b> Per transportar la mateixa potència amb menys intensitat i reduir pèrdues.</div><div style=""padding: 5px 0;""><b>C)</b> Per eliminar la necessitat d’aïllar els conductors de la instal·lació.</div><div style=""padding: 5px 0;""><b>D)</b> Per augmentar la intensitat i facilitar la conductivitat dels cables.</div></div></div>","<div style=""text-align: left; font-family: -apple-system, sans-serif;""><div style=""font-weight: bold; font-size: 16px; color: #10b981; margin-bottom: 8px;"">✓ Resposta Correcta: B</div><div style=""font-size: 14px; margin-bottom: 12px; padding: 10px; background: rgba(16,185,129,0.1); border-radius: 6px; border-left: 4px solid #10b981;"">B) Per transportar la mateixa potència amb menys intensitat i reduir pèrdues.</div><hr style=""border: 0; border-top: 1px solid #ddd; margin: 12px 0;""><div style=""font-size: 13px; color: #444; line-height: 1.4;""><b style=""color: #111;"">Explicació:</b> Amb més tensió es pot transportar una mateixa potència amb menys intensitat. Això redueix les pèrdues per efecte Joule i permet fer el transport més eficient.</div></div>","T11_-_Electricitat","16290"
"<div style=""text-align: left; font-family: -apple-system, sans-serif;""><div style=""font-size: 11px; color: #888; margin-bottom: 6px;"">[T11 - Electricitat] Pregunta 54</div><div style=""font-weight: bold; font-size: 16px; margin-bottom: 14px; line-height: 1.4;"">Què representa la potència aparent?</div><div style=""font-size: 14px; line-height: 1.6;""><div style=""padding: 5px 0;""><b>A)</b> La part de potència que s’intercanvia sense produir treball útil directe.</div><div style=""padding: 5px 0;""><b>B)</b> La part de potència que es transforma íntegrament en treball útil.</div><div style=""padding: 5px 0;""><b>C)</b> La combinació de potència activa i reactiva que la xarxa ha de subministrar.</div><div style=""padding: 5px 0;""><b>D)</b> La diferència aritmètica entre potència activa i potència reactiva.</div></div></div>","<div style=""text-align: left; font-family: -apple-system, sans-serif;""><div style=""font-weight: bold; font-size: 16px; color: #10b981; margin-bottom: 8px;"">✓ Resposta Correcta: C</div><div style=""font-size: 14px; margin-bottom: 12px; padding: 10px; background: rgba(16,185,129,0.1); border-radius: 6px; border-left: 4px solid #10b981;"">C) La combinació de potència activa i reactiva que la xarxa ha de subministrar.</div><hr style=""border: 0; border-top: 1px solid #ddd; margin: 12px 0;""><div style=""font-size: 13px; color: #444; line-height: 1.4;""><b style=""color: #111;"">Explicació:</b> La potència aparent representa la capacitat total que ha d’aportar la xarxa i s’expressa en VA o kVA.</div></div>","T11_-_Electricitat","16441"
"<div style=""text-align: left; font-family: -apple-system, sans-serif;""><div style=""font-size: 11px; color: #888; margin-bottom: 6px;"">[T11 - Electricitat] Pregunta 55</div><div style=""font-weight: bold; font-size: 16px; margin-bottom: 14px; line-height: 1.4;"">Què és la potència elèctrica?</div><div style=""font-size: 14px; line-height: 1.6;""><div style=""padding: 5px 0;""><b>A)</b> La quantitat de treball o energia consumida o generada per unitat de temps.</div><div style=""padding: 5px 0;""><b>B)</b> La càrrega acumulada en un punt del circuit.</div><div style=""padding: 5px 0;""><b>C)</b> L’oposició que presenta un material al pas del corrent.</div><div style=""padding: 5px 0;""><b>D)</b> La diferència de potencial entre dos punts amb circulació de corrent.</div></div></div>","<div style=""text-align: left; font-family: -apple-system, sans-serif;""><div style=""font-weight: bold; font-size: 16px; color: #10b981; margin-bottom: 8px;"">✓ Resposta Correcta: A</div><div style=""font-size: 14px; margin-bottom: 12px; padding: 10px; background: rgba(16,185,129,0.1); border-radius: 6px; border-left: 4px solid #10b981;"">A) La quantitat de treball o energia consumida o generada per unitat de temps.</div><hr style=""border: 0; border-top: 1px solid #ddd; margin: 12px 0;""><div style=""font-size: 13px; color: #444; line-height: 1.4;""><b style=""color: #111;"">Explicació:</b> La potència expressa energia o treball per unitat de temps i indica la capacitat de fer feina.</div></div>","T11_-_Electricitat","14930"
"<div style=""text-align: left; font-family: -apple-system, sans-serif;""><div style=""font-size: 11px; color: #888; margin-bottom: 6px;"">[T11 - Electricitat] Pregunta 56</div><div style=""font-weight: bold; font-size: 16px; margin-bottom: 14px; line-height: 1.4;"">Quina condició és necessària perquè el corrent elèctric travessi el cos i produeixi dany?</div><div style=""font-size: 14px; line-height: 1.6;""><div style=""padding: 5px 0;""><b>A)</b> Que tots els punts de contacte del cos es mantinguin al mateix potencial.</div><div style=""padding: 5px 0;""><b>B)</b> Que el cos toqui un element energitzat, encara que no existeixi cap camí cap a un altre potencial.</div><div style=""padding: 5px 0;""><b>C)</b> Que el cos formi part d’un circuit tancat que permeti el pas del corrent.</div><div style=""padding: 5px 0;""><b>D)</b> Que el cos estigui pròxim a un element energitzat, encara que no hi hagi contacte.</div></div></div>","<div style=""text-align: left; font-family: -apple-system, sans-serif;""><div style=""font-weight: bold; font-size: 16px; color: #10b981; margin-bottom: 8px;"">✓ Resposta Correcta: C</div><div style=""font-size: 14px; margin-bottom: 12px; padding: 10px; background: rgba(16,185,129,0.1); border-radius: 6px; border-left: 4px solid #10b981;"">C) Que el cos formi part d’un circuit tancat que permeti el pas del corrent.</div><hr style=""border: 0; border-top: 1px solid #ddd; margin: 12px 0;""><div style=""font-size: 13px; color: #444; line-height: 1.4;""><b style=""color: #111;"">Explicació:</b> Perquè el corrent travessi el cos cal una diferència de potencial i un camí tancat que l’inclogui.</div></div>","T11_-_Electricitat","16501"
"<div style=""text-align: left; font-family: -apple-system, sans-serif;""><div style=""font-size: 11px; color: #888; margin-bottom: 6px;"">[T11 - Electricitat] Pregunta 57</div><div style=""font-weight: bold; font-size: 16px; margin-bottom: 14px; line-height: 1.4;"">Quina classificació és correcta?</div><div style=""font-size: 14px; line-height: 1.6;""><div style=""padding: 5px 0;""><b>A)</b> Coure: aïllant; silici: conductor; goma: semiconductor.</div><div style=""padding: 5px 0;""><b>B)</b> Coure: conductor; silici: semiconductor; goma: aïllant.</div><div style=""padding: 5px 0;""><b>C)</b> Coure: dielèctric; silici: conductor; goma: metall.</div><div style=""padding: 5px 0;""><b>D)</b> Coure: semiconductor; silici: aïllant; goma: conductor.</div></div></div>","<div style=""text-align: left; font-family: -apple-system, sans-serif;""><div style=""font-weight: bold; font-size: 16px; color: #10b981; margin-bottom: 8px;"">✓ Resposta Correcta: B</div><div style=""font-size: 14px; margin-bottom: 12px; padding: 10px; background: rgba(16,185,129,0.1); border-radius: 6px; border-left: 4px solid #10b981;"">B) Coure: conductor; silici: semiconductor; goma: aïllant.</div><hr style=""border: 0; border-top: 1px solid #ddd; margin: 12px 0;""><div style=""font-size: 13px; color: #444; line-height: 1.4;""><b style=""color: #111;"">Explicació:</b> La classificació correcta associa el coure amb els conductors, el silici amb els semiconductors i la goma amb els aïllants.</div></div>","T11_-_Electricitat","14830"
"<div style=""text-align: left; font-family: -apple-system, sans-serif;""><div style=""font-size: 11px; color: #888; margin-bottom: 6px;"">[T11 - Electricitat] Pregunta 58</div><div style=""font-weight: bold; font-size: 16px; margin-bottom: 14px; line-height: 1.4;"">Quina opció associa correctament magnitud i unitat?</div><div style=""font-size: 14px; line-height: 1.6;""><div style=""padding: 5px 0;""><b>A)</b> Càrrega elèctrica — coulomb.</div><div style=""padding: 5px 0;""><b>B)</b> Tensió — ohm.</div><div style=""padding: 5px 0;""><b>C)</b> Intensitat — volt.</div><div style=""padding: 5px 0;""><b>D)</b> Resistència — ampere.</div></div></div>","<div style=""text-align: left; font-family: -apple-system, sans-serif;""><div style=""font-weight: bold; font-size: 16px; color: #10b981; margin-bottom: 8px;"">✓ Resposta Correcta: A</div><div style=""font-size: 14px; margin-bottom: 12px; padding: 10px; background: rgba(16,185,129,0.1); border-radius: 6px; border-left: 4px solid #10b981;"">A) Càrrega elèctrica — coulomb.</div><hr style=""border: 0; border-top: 1px solid #ddd; margin: 12px 0;""><div style=""font-size: 13px; color: #444; line-height: 1.4;""><b style=""color: #111;"">Explicació:</b> La càrrega elèctrica es mesura en coulombs; les altres associacions intercanvien unitats d’altres magnituds.</div></div>","T11_-_Electricitat","14837"
"<div style=""text-align: left; font-family: -apple-system, sans-serif;""><div style=""font-size: 11px; color: #888; margin-bottom: 6px;"">[T11 - Electricitat] Pregunta 59</div><div style=""font-weight: bold; font-size: 16px; margin-bottom: 14px; line-height: 1.4;"">En quina unitat es mesura la potència elèctrica?</div><div style=""font-size: 14px; line-height: 1.6;""><div style=""padding: 5px 0;""><b>A)</b> Watt.</div><div style=""padding: 5px 0;""><b>B)</b> Ampere.</div><div style=""padding: 5px 0;""><b>C)</b> Watt-hora.</div><div style=""padding: 5px 0;""><b>D)</b> Volt.</div></div></div>","<div style=""text-align: left; font-family: -apple-system, sans-serif;""><div style=""font-weight: bold; font-size: 16px; color: #10b981; margin-bottom: 8px;"">✓ Resposta Correcta: A</div><div style=""font-size: 14px; margin-bottom: 12px; padding: 10px; background: rgba(16,185,129,0.1); border-radius: 6px; border-left: 4px solid #10b981;"">A) Watt.</div><hr style=""border: 0; border-top: 1px solid #ddd; margin: 12px 0;""><div style=""font-size: 13px; color: #444; line-height: 1.4;""><b style=""color: #111;"">Explicació:</b> La potència elèctrica s’expressa en watts, amb el símbol W.</div></div>","T11_-_Electricitat","14931"
"<div style=""text-align: left; font-family: -apple-system, sans-serif;""><div style=""font-size: 11px; color: #888; margin-bottom: 6px;"">[T11 - Electricitat] Pregunta 60</div><div style=""font-weight: bold; font-size: 16px; margin-bottom: 14px; line-height: 1.4;"">Si s’apliquen 12 V a una resistència de 4 Ω, quina intensitat hi circula?</div><div style=""font-size: 14px; line-height: 1.6;""><div style=""padding: 5px 0;""><b>A)</b> 3 A.</div><div style=""padding: 5px 0;""><b>B)</b> 48 A.</div><div style=""padding: 5px 0;""><b>C)</b> 2 A.</div><div style=""padding: 5px 0;""><b>D)</b> 8 A.</div></div></div>","<div style=""text-align: left; font-family: -apple-system, sans-serif;""><div style=""font-weight: bold; font-size: 16px; color: #10b981; margin-bottom: 8px;"">✓ Resposta Correcta: A</div><div style=""font-size: 14px; margin-bottom: 12px; padding: 10px; background: rgba(16,185,129,0.1); border-radius: 6px; border-left: 4px solid #10b981;"">A) 3 A.</div><hr style=""border: 0; border-top: 1px solid #ddd; margin: 12px 0;""><div style=""font-size: 13px; color: #444; line-height: 1.4;""><b style=""color: #111;"">Explicació:</b> Aplicar I = V / R dona 12 / 4 = 3 A.</div></div>","T11_-_Electricitat","14902"
"<div style=""text-align: left; font-family: -apple-system, sans-serif;""><div style=""font-size: 11px; color: #888; margin-bottom: 6px;"">[T11 - Electricitat] Pregunta 61</div><div style=""font-weight: bold; font-size: 16px; margin-bottom: 14px; line-height: 1.4;"">Quan és especialment necessari el neutre en un sistema trifàsic?</div><div style=""font-size: 14px; line-height: 1.6;""><div style=""padding: 5px 0;""><b>A)</b> Quan les tres fases estan perfectament equilibrades i no hi ha càrregues monofàsiques.</div><div style=""padding: 5px 0;""><b>B)</b> Quan es vol augmentar el desfasament de 120° fins a 180°.</div><div style=""padding: 5px 0;""><b>C)</b> Quan totes les càrregues funcionen directament entre dues fases equilibrades.</div><div style=""padding: 5px 0;""><b>D)</b> Quan hi ha càrregues monofàsiques o el sistema està desequilibrat.</div></div></div>","<div style=""text-align: left; font-family: -apple-system, sans-serif;""><div style=""font-weight: bold; font-size: 16px; color: #10b981; margin-bottom: 8px;"">✓ Resposta Correcta: D</div><div style=""font-size: 14px; margin-bottom: 12px; padding: 10px; background: rgba(16,185,129,0.1); border-radius: 6px; border-left: 4px solid #10b981;"">D) Quan hi ha càrregues monofàsiques o el sistema està desequilibrat.</div><hr style=""border: 0; border-top: 1px solid #ddd; margin: 12px 0;""><div style=""font-size: 13px; color: #444; line-height: 1.4;""><b style=""color: #111;"">Explicació:</b> El neutre serveix de retorn i referència quan les càrregues no es compensen entre les tres fases.</div></div>","T11_-_Electricitat","16419"
"<div style=""text-align: left; font-family: -apple-system, sans-serif;""><div style=""font-size: 11px; color: #888; margin-bottom: 6px;"">[T11 - Electricitat] Pregunta 62</div><div style=""font-weight: bold; font-size: 16px; margin-bottom: 14px; line-height: 1.4;"">Quina afirmació interpreta correctament l’efecte Joule?</div><div style=""font-size: 14px; line-height: 1.6;""><div style=""padding: 5px 0;""><b>A)</b> La calor disminueix quan augmenta el temps de circulació del corrent.</div><div style=""padding: 5px 0;""><b>B)</b> Com més resistència presenta el conductor, més calor es genera.</div><div style=""padding: 5px 0;""><b>C)</b> La resistència només afecta el voltatge, però no la calor generada.</div><div style=""padding: 5px 0;""><b>D)</b> La calor generada depèn només de la tensió aplicada al circuit.</div></div></div>","<div style=""text-align: left; font-family: -apple-system, sans-serif;""><div style=""font-weight: bold; font-size: 16px; color: #10b981; margin-bottom: 8px;"">✓ Resposta Correcta: B</div><div style=""font-size: 14px; margin-bottom: 12px; padding: 10px; background: rgba(16,185,129,0.1); border-radius: 6px; border-left: 4px solid #10b981;"">B) Com més resistència presenta el conductor, més calor es genera.</div><hr style=""border: 0; border-top: 1px solid #ddd; margin: 12px 0;""><div style=""font-size: 13px; color: #444; line-height: 1.4;""><b style=""color: #111;"">Explicació:</b> Amb la mateixa intensitat i el mateix temps, una resistència més alta genera més calor.</div></div>","T11_-_Electricitat","14923"
"<div style=""text-align: left; font-family: -apple-system, sans-serif;""><div style=""font-size: 11px; color: #888; margin-bottom: 6px;"">[T11 - Electricitat] Pregunta 63</div><div style=""font-weight: bold; font-size: 16px; margin-bottom: 14px; line-height: 1.4;"">Com es comporten tensió i intensitat en una càrrega resistiva ideal?</div><div style=""font-size: 14px; line-height: 1.6;""><div style=""padding: 5px 0;""><b>A)</b> La tensió i la intensitat estan en fase, sense desfasament.</div><div style=""padding: 5px 0;""><b>B)</b> La intensitat queda avançada respecte de la tensió.</div><div style=""padding: 5px 0;""><b>C)</b> La intensitat queda endarrerida respecte de la tensió.</div><div style=""padding: 5px 0;""><b>D)</b> Tensió i intensitat mantenen un desfasament fix de 120°.</div></div></div>","<div style=""text-align: left; font-family: -apple-system, sans-serif;""><div style=""font-weight: bold; font-size: 16px; color: #10b981; margin-bottom: 8px;"">✓ Resposta Correcta: A</div><div style=""font-size: 14px; margin-bottom: 12px; padding: 10px; background: rgba(16,185,129,0.1); border-radius: 6px; border-left: 4px solid #10b981;"">A) La tensió i la intensitat estan en fase, sense desfasament.</div><hr style=""border: 0; border-top: 1px solid #ddd; margin: 12px 0;""><div style=""font-size: 13px; color: #444; line-height: 1.4;""><b style=""color: #111;"">Explicació:</b> En una càrrega resistiva ideal els pics de tensió i intensitat coincideixen.</div></div>","T11_-_Electricitat","16430"
"<div style=""text-align: left; font-family: -apple-system, sans-serif;""><div style=""font-size: 11px; color: #888; margin-bottom: 6px;"">[T11 - Electricitat] Pregunta 64</div><div style=""font-weight: bold; font-size: 16px; margin-bottom: 14px; line-height: 1.4;"">Un corrent de 3 A circula durant 10 s per una resistència de 2 Ω. Quin valor de Q s’obté?</div><div style=""font-size: 14px; line-height: 1.6;""><div style=""padding: 5px 0;""><b>A)</b> 60 J.</div><div style=""padding: 5px 0;""><b>B)</b> 120 J.</div><div style=""padding: 5px 0;""><b>C)</b> 90 J.</div><div style=""padding: 5px 0;""><b>D)</b> 180 J.</div></div></div>","<div style=""text-align: left; font-family: -apple-system, sans-serif;""><div style=""font-weight: bold; font-size: 16px; color: #10b981; margin-bottom: 8px;"">✓ Resposta Correcta: D</div><div style=""font-size: 14px; margin-bottom: 12px; padding: 10px; background: rgba(16,185,129,0.1); border-radius: 6px; border-left: 4px solid #10b981;"">D) 180 J.</div><hr style=""border: 0; border-top: 1px solid #ddd; margin: 12px 0;""><div style=""font-size: 13px; color: #444; line-height: 1.4;""><b style=""color: #111;"">Explicació:</b> Amb Q = I² × R × t: 3² × 2 × 10 = 180 J.</div></div>","T11_-_Electricitat","14928"
"<div style=""text-align: left; font-family: -apple-system, sans-serif;""><div style=""font-size: 11px; color: #888; margin-bottom: 6px;"">[T11 - Electricitat] Pregunta 65</div><div style=""font-weight: bold; font-size: 16px; margin-bottom: 14px; line-height: 1.4;"">Quines configuracions fonamentals es poden utilitzar per connectar receptors en un circuit?</div><div style=""font-size: 14px; line-height: 1.6;""><div style=""padding: 5px 0;""><b>A)</b> Connexió en sèrie, connexió en paral·lel i combinacions d’ambdues.</div><div style=""padding: 5px 0;""><b>B)</b> Connexió resistiva, connexió de potència i connexió d’energia.</div><div style=""padding: 5px 0;""><b>C)</b> Connexió de font, connexió de conductor i connexió de receptor.</div><div style=""padding: 5px 0;""><b>D)</b> Connexió oberta, connexió tancada i connexió de tensió nul·la.</div></div></div>","<div style=""text-align: left; font-family: -apple-system, sans-serif;""><div style=""font-weight: bold; font-size: 16px; color: #10b981; margin-bottom: 8px;"">✓ Resposta Correcta: A</div><div style=""font-size: 14px; margin-bottom: 12px; padding: 10px; background: rgba(16,185,129,0.1); border-radius: 6px; border-left: 4px solid #10b981;"">A) Connexió en sèrie, connexió en paral·lel i combinacions d’ambdues.</div><hr style=""border: 0; border-top: 1px solid #ddd; margin: 12px 0;""><div style=""font-size: 13px; color: #444; line-height: 1.4;""><b style=""color: #111;"">Explicació:</b> Les connexions bàsiques són sèrie i paral·lel, i es poden combinar en circuits mixtos.</div></div>","T11_-_Electricitat","16327"
"<div style=""text-align: left; font-family: -apple-system, sans-serif;""><div style=""font-size: 11px; color: #888; margin-bottom: 6px;"">[T11 - Electricitat] Pregunta 66</div><div style=""font-weight: bold; font-size: 16px; margin-bottom: 14px; line-height: 1.4;"">Quin exemple correspon al corrent altern?</div><div style=""font-size: 14px; line-height: 1.6;""><div style=""padding: 5px 0;""><b>A)</b> Un panell solar aïllat.</div><div style=""padding: 5px 0;""><b>B)</b> Una pila domèstica.</div><div style=""padding: 5px 0;""><b>C)</b> Una bateria de vehicle.</div><div style=""padding: 5px 0;""><b>D)</b> La xarxa elèctrica domèstica.</div></div></div>","<div style=""text-align: left; font-family: -apple-system, sans-serif;""><div style=""font-weight: bold; font-size: 16px; color: #10b981; margin-bottom: 8px;"">✓ Resposta Correcta: D</div><div style=""font-size: 14px; margin-bottom: 12px; padding: 10px; background: rgba(16,185,129,0.1); border-radius: 6px; border-left: 4px solid #10b981;"">D) La xarxa elèctrica domèstica.</div><hr style=""border: 0; border-top: 1px solid #ddd; margin: 12px 0;""><div style=""font-size: 13px; color: #444; line-height: 1.4;""><b style=""color: #111;"">Explicació:</b> La xarxa elèctrica domèstica i industrial és un exemple de corrent altern.</div></div>","T11_-_Electricitat","14822"
"<div style=""text-align: left; font-family: -apple-system, sans-serif;""><div style=""font-size: 11px; color: #888; margin-bottom: 6px;"">[T11 - Electricitat] Pregunta 67</div><div style=""font-weight: bold; font-size: 16px; margin-bottom: 14px; line-height: 1.4;"">Com es mesura l’energia elèctrica emmagatzemada?</div><div style=""font-size: 14px; line-height: 1.6;""><div style=""padding: 5px 0;""><b>A)</b> En Ω.</div><div style=""padding: 5px 0;""><b>B)</b> En V.</div><div style=""padding: 5px 0;""><b>C)</b> En Ah.</div><div style=""padding: 5px 0;""><b>D)</b> En Wh.</div></div></div>","<div style=""text-align: left; font-family: -apple-system, sans-serif;""><div style=""font-weight: bold; font-size: 16px; color: #10b981; margin-bottom: 8px;"">✓ Resposta Correcta: D</div><div style=""font-size: 14px; margin-bottom: 12px; padding: 10px; background: rgba(16,185,129,0.1); border-radius: 6px; border-left: 4px solid #10b981;"">D) En Wh.</div><hr style=""border: 0; border-top: 1px solid #ddd; margin: 12px 0;""><div style=""font-size: 13px; color: #444; line-height: 1.4;""><b style=""color: #111;"">Explicació:</b> L’energia emmagatzemada es mesura en Wh; els Ah expressen capacitat elèctrica, no energia directament.</div></div>","T11_-_Electricitat","14875"
"<div style=""text-align: left; font-family: -apple-system, sans-serif;""><div style=""font-size: 11px; color: #888; margin-bottom: 6px;"">[T11 - Electricitat] Pregunta 68</div><div style=""font-weight: bold; font-size: 16px; margin-bottom: 14px; line-height: 1.4;"">En un circuit en sèrie de 12 V i 6 Ω de resistència total, quina intensitat circula?</div><div style=""font-size: 14px; line-height: 1.6;""><div style=""padding: 5px 0;""><b>A)</b> 72 A.</div><div style=""padding: 5px 0;""><b>B)</b> 6 A.</div><div style=""padding: 5px 0;""><b>C)</b> 0,5 A.</div><div style=""padding: 5px 0;""><b>D)</b> 2 A.</div></div></div>","<div style=""text-align: left; font-family: -apple-system, sans-serif;""><div style=""font-weight: bold; font-size: 16px; color: #10b981; margin-bottom: 8px;"">✓ Resposta Correcta: D</div><div style=""font-size: 14px; margin-bottom: 12px; padding: 10px; background: rgba(16,185,129,0.1); border-radius: 6px; border-left: 4px solid #10b981;"">D) 2 A.</div><hr style=""border: 0; border-top: 1px solid #ddd; margin: 12px 0;""><div style=""font-size: 13px; color: #444; line-height: 1.4;""><b style=""color: #111;"">Explicació:</b> Itotal = V/Rtotal = 12/6 = 2 A.</div></div>","T11_-_Electricitat","16342"
"<div style=""text-align: left; font-family: -apple-system, sans-serif;""><div style=""font-size: 11px; color: #888; margin-bottom: 6px;"">[T11 - Electricitat] Pregunta 69</div><div style=""font-weight: bold; font-size: 16px; margin-bottom: 14px; line-height: 1.4;"">Quina diferència descriu millor la manifestació de l’electricitat com a corrent elèctric o com a camp elèctric?</div><div style=""font-size: 14px; line-height: 1.6;""><div style=""padding: 5px 0;""><b>A)</b> El corrent elèctric apareix amb càrregues en repòs i el camp elèctric quan circulen per un conductor.</div><div style=""padding: 5px 0;""><b>B)</b> El corrent elèctric només existeix en materials conductors i el camp elèctric només en materials aïllants.</div><div style=""padding: 5px 0;""><b>C)</b> El corrent elèctric implica desplaçament de càrregues a través d’un conductor, mentre que el camp elèctric s’associa a càrregues en repòs.</div><div style=""padding: 5px 0;""><b>D)</b> El corrent elèctric i el camp elèctric són dues maneres equivalents de descriure sempre el mateix moviment d’electrons.</div></div></div>","<div style=""text-align: left; font-family: -apple-system, sans-serif;""><div style=""font-weight: bold; font-size: 16px; color: #10b981; margin-bottom: 8px;"">✓ Resposta Correcta: C</div><div style=""font-size: 14px; margin-bottom: 12px; padding: 10px; background: rgba(16,185,129,0.1); border-radius: 6px; border-left: 4px solid #10b981;"">C) El corrent elèctric implica desplaçament de càrregues a través d’un conductor, mentre que el camp elèctric s’associa a càrregues en repòs.</div><hr style=""border: 0; border-top: 1px solid #ddd; margin: 12px 0;""><div style=""font-size: 13px; color: #444; line-height: 1.4;""><b style=""color: #111;"">Explicació:</b> El corrent requereix desplaçament de càrregues; el camp elèctric apareix associat a càrregues que romanen en repòs.</div></div>","T11_-_Electricitat","14813"
"<div style=""text-align: left; font-family: -apple-system, sans-serif;""><div style=""font-size: 11px; color: #888; margin-bottom: 6px;"">[T11 - Electricitat] Pregunta 70</div><div style=""font-weight: bold; font-size: 16px; margin-bottom: 14px; line-height: 1.4;"">Quins valors es consideren tensions segures en condicions normals i ambient sec?</div><div style=""font-size: 14px; line-height: 1.6;""><div style=""padding: 5px 0;""><b>A)</b> Per sota de 25 V AC i 60 V DC.</div><div style=""padding: 5px 0;""><b>B)</b> Per sota de 50 V DC i 120 V AC.</div><div style=""padding: 5px 0;""><b>C)</b> Per sota de 30 V AC i 50 V DC.</div><div style=""padding: 5px 0;""><b>D)</b> Per sota de 50 V AC i 120 V DC.</div></div></div>","<div style=""text-align: left; font-family: -apple-system, sans-serif;""><div style=""font-weight: bold; font-size: 16px; color: #10b981; margin-bottom: 8px;"">✓ Resposta Correcta: D</div><div style=""font-size: 14px; margin-bottom: 12px; padding: 10px; background: rgba(16,185,129,0.1); border-radius: 6px; border-left: 4px solid #10b981;"">D) Per sota de 50 V AC i 120 V DC.</div><hr style=""border: 0; border-top: 1px solid #ddd; margin: 12px 0;""><div style=""font-size: 13px; color: #444; line-height: 1.4;""><b style=""color: #111;"">Explicació:</b> En ambient sec s’indiquen com a valors segurs tensions inferiors a 50 V AC i 120 V DC.</div></div>","T11_-_Electricitat","16499"
"<div style=""text-align: left; font-family: -apple-system, sans-serif;""><div style=""font-size: 11px; color: #888; margin-bottom: 6px;"">[T11 - Electricitat] Pregunta 71</div><div style=""font-weight: bold; font-size: 16px; margin-bottom: 14px; line-height: 1.4;"">Què passa amb la intensitat si es vol mantenir la mateixa potència amb menys tensió?</div><div style=""font-size: 14px; line-height: 1.6;""><div style=""padding: 5px 0;""><b>A)</b> La intensitat es manté sempre constant.</div><div style=""padding: 5px 0;""><b>B)</b> La intensitat deixa de dependre del circuit.</div><div style=""padding: 5px 0;""><b>C)</b> La intensitat es converteix en resistència.</div><div style=""padding: 5px 0;""><b>D)</b> La intensitat ha d’augmentar.</div></div></div>","<div style=""text-align: left; font-family: -apple-system, sans-serif;""><div style=""font-weight: bold; font-size: 16px; color: #10b981; margin-bottom: 8px;"">✓ Resposta Correcta: D</div><div style=""font-size: 14px; margin-bottom: 12px; padding: 10px; background: rgba(16,185,129,0.1); border-radius: 6px; border-left: 4px solid #10b981;"">D) La intensitat ha d’augmentar.</div><hr style=""border: 0; border-top: 1px solid #ddd; margin: 12px 0;""><div style=""font-size: 13px; color: #444; line-height: 1.4;""><b style=""color: #111;"">Explicació:</b> Per mantenir la mateixa potència amb menys tensió, cal més intensitat. Aquesta és la raó per la qual les altes potències a baixa tensió compliquen la instal·lació.</div></div>","T11_-_Electricitat","16297"
"<div style=""text-align: left; font-family: -apple-system, sans-serif;""><div style=""font-size: 11px; color: #888; margin-bottom: 6px;"">[T11 - Electricitat] Pregunta 72</div><div style=""font-weight: bold; font-size: 16px; margin-bottom: 14px; line-height: 1.4;"">Què fa un inversor elèctric?</div><div style=""font-size: 14px; line-height: 1.6;""><div style=""padding: 5px 0;""><b>A)</b> Eleva o redueix una tensió contínua sense canviar el tipus de corrent.</div><div style=""padding: 5px 0;""><b>B)</b> Converteix corrent continu en corrent altern.</div><div style=""padding: 5px 0;""><b>C)</b> Modifica una tensió alterna mantenint la freqüència d’entrada.</div><div style=""padding: 5px 0;""><b>D)</b> Converteix corrent altern en corrent continu.</div></div></div>","<div style=""text-align: left; font-family: -apple-system, sans-serif;""><div style=""font-weight: bold; font-size: 16px; color: #10b981; margin-bottom: 8px;"">✓ Resposta Correcta: B</div><div style=""font-size: 14px; margin-bottom: 12px; padding: 10px; background: rgba(16,185,129,0.1); border-radius: 6px; border-left: 4px solid #10b981;"">B) Converteix corrent continu en corrent altern.</div><hr style=""border: 0; border-top: 1px solid #ddd; margin: 12px 0;""><div style=""font-size: 13px; color: #444; line-height: 1.4;""><b style=""color: #111;"">Explicació:</b> La inversió és la conversió DC → AC.</div></div>","T11_-_Electricitat","16455"
"<div style=""text-align: left; font-family: -apple-system, sans-serif;""><div style=""font-size: 11px; color: #888; margin-bottom: 6px;"">[T11 - Electricitat] Pregunta 73</div><div style=""font-weight: bold; font-size: 16px; margin-bottom: 14px; line-height: 1.4;"">En la fórmula I = V / R, què representa la lletra V?</div><div style=""font-size: 14px; line-height: 1.6;""><div style=""padding: 5px 0;""><b>A)</b> La tensió o voltatge.</div><div style=""padding: 5px 0;""><b>B)</b> La intensitat del corrent.</div><div style=""padding: 5px 0;""><b>C)</b> La resistència del conductor.</div><div style=""padding: 5px 0;""><b>D)</b> La calor generada.</div></div></div>","<div style=""text-align: left; font-family: -apple-system, sans-serif;""><div style=""font-weight: bold; font-size: 16px; color: #10b981; margin-bottom: 8px;"">✓ Resposta Correcta: A</div><div style=""font-size: 14px; margin-bottom: 12px; padding: 10px; background: rgba(16,185,129,0.1); border-radius: 6px; border-left: 4px solid #10b981;"">A) La tensió o voltatge.</div><hr style=""border: 0; border-top: 1px solid #ddd; margin: 12px 0;""><div style=""font-size: 13px; color: #444; line-height: 1.4;""><b style=""color: #111;"">Explicació:</b> La lletra V representa la tensió o voltatge, expressada en volts.</div></div>","T11_-_Electricitat","14912"
"<div style=""text-align: left; font-family: -apple-system, sans-serif;""><div style=""font-size: 11px; color: #888; margin-bottom: 6px;"">[T11 - Electricitat] Pregunta 74</div><div style=""font-weight: bold; font-size: 16px; margin-bottom: 14px; line-height: 1.4;"">Per què un factor de potència baix pot obligar a sobredimensionar generadors, cables i transformadors?</div><div style=""font-size: 14px; line-height: 1.6;""><div style=""padding: 5px 0;""><b>A)</b> Perquè un factor de potència baix fa augmentar directament la tensió nominal de tots els equips.</div><div style=""padding: 5px 0;""><b>B)</b> Perquè la potència activa deixa de circular per les càrregues i es concentra íntegrament als transformadors.</div><div style=""padding: 5px 0;""><b>C)</b> Perquè han de suportar la potència aparent total, superior a la potència activa quan hi ha potència reactiva.</div><div style=""padding: 5px 0;""><b>D)</b> Perquè el desfasament redueix la freqüència de la xarxa i obliga a duplicar la secció dels conductors.</div></div></div>","<div style=""text-align: left; font-family: -apple-system, sans-serif;""><div style=""font-weight: bold; font-size: 16px; color: #10b981; margin-bottom: 8px;"">✓ Resposta Correcta: C</div><div style=""font-size: 14px; margin-bottom: 12px; padding: 10px; background: rgba(16,185,129,0.1); border-radius: 6px; border-left: 4px solid #10b981;"">C) Perquè han de suportar la potència aparent total, superior a la potència activa quan hi ha potència reactiva.</div><hr style=""border: 0; border-top: 1px solid #ddd; margin: 12px 0;""><div style=""font-size: 13px; color: #444; line-height: 1.4;""><b style=""color: #111;"">Explicació:</b> Els equips i conductors s’han de dimensionar per la potència aparent que han de gestionar, no només per la potència activa útil.</div></div>","T11_-_Electricitat","16448"
"<div style=""text-align: left; font-family: -apple-system, sans-serif;""><div style=""font-size: 11px; color: #888; margin-bottom: 6px;"">[T11 - Electricitat] Pregunta 75</div><div style=""font-weight: bold; font-size: 16px; margin-bottom: 14px; line-height: 1.4;"">Quin conjunt inclou exemples de corrent continu?</div><div style=""font-size: 14px; line-height: 1.6;""><div style=""padding: 5px 0;""><b>A)</b> Interruptors, receptors i conductors.</div><div style=""padding: 5px 0;""><b>B)</b> Xarxa domèstica, generadors i motors trifàsics.</div><div style=""padding: 5px 0;""><b>C)</b> Piles, bateries i panells solars.</div><div style=""padding: 5px 0;""><b>D)</b> Fase, neutre i presa de terra.</div></div></div>","<div style=""text-align: left; font-family: -apple-system, sans-serif;""><div style=""font-weight: bold; font-size: 16px; color: #10b981; margin-bottom: 8px;"">✓ Resposta Correcta: C</div><div style=""font-size: 14px; margin-bottom: 12px; padding: 10px; background: rgba(16,185,129,0.1); border-radius: 6px; border-left: 4px solid #10b981;"">C) Piles, bateries i panells solars.</div><hr style=""border: 0; border-top: 1px solid #ddd; margin: 12px 0;""><div style=""font-size: 13px; color: #444; line-height: 1.4;""><b style=""color: #111;"">Explicació:</b> Les piles, les bateries i els panells solars apareixen com a exemples de corrent continu.</div></div>","T11_-_Electricitat","14823"
"<div style=""text-align: left; font-family: -apple-system, sans-serif;""><div style=""font-size: 11px; color: #888; margin-bottom: 6px;"">[T11 - Electricitat] Pregunta 76</div><div style=""font-weight: bold; font-size: 16px; margin-bottom: 14px; line-height: 1.4;"">Quina afirmació és correcta segons la llei d’Ohm?</div><div style=""font-size: 14px; line-height: 1.6;""><div style=""padding: 5px 0;""><b>A)</b> Si la tensió i la resistència són iguals, no pot circular corrent.</div><div style=""padding: 5px 0;""><b>B)</b> Si la tensió augmenta i la resistència es manté, la intensitat disminueix.</div><div style=""padding: 5px 0;""><b>C)</b> Si la resistència augmenta i la tensió es manté, la intensitat augmenta.</div><div style=""padding: 5px 0;""><b>D)</b> Si la resistència augmenta i la tensió es manté, la intensitat disminueix.</div></div></div>","<div style=""text-align: left; font-family: -apple-system, sans-serif;""><div style=""font-weight: bold; font-size: 16px; color: #10b981; margin-bottom: 8px;"">✓ Resposta Correcta: D</div><div style=""font-size: 14px; margin-bottom: 12px; padding: 10px; background: rgba(16,185,129,0.1); border-radius: 6px; border-left: 4px solid #10b981;"">D) Si la resistència augmenta i la tensió es manté, la intensitat disminueix.</div><hr style=""border: 0; border-top: 1px solid #ddd; margin: 12px 0;""><div style=""font-size: 13px; color: #444; line-height: 1.4;""><b style=""color: #111;"">Explicació:</b> La intensitat és inversament proporcional a la resistència quan la tensió es manté constant.</div></div>","T11_-_Electricitat","14899"
"<div style=""text-align: left; font-family: -apple-system, sans-serif;""><div style=""font-size: 11px; color: #888; margin-bottom: 6px;"">[T11 - Electricitat] Pregunta 77</div><div style=""font-weight: bold; font-size: 16px; margin-bottom: 14px; line-height: 1.4;"">Com s’ha de desplaçar una persona dins una zona amb possible tensió de pas?</div><div style=""font-size: 14px; line-height: 1.6;""><div style=""padding: 5px 0;""><b>A)</b> Amb passes llargues per sortir de la zona en menys temps.</div><div style=""padding: 5px 0;""><b>B)</b> Alternant salts llargs amb aturades per reduir el temps de contacte.</div><div style=""padding: 5px 0;""><b>C)</b> Amb passes petites i els peus ben junts i tocant-se.</div><div style=""padding: 5px 0;""><b>D)</b> Amb els peus molt separats per repartir la tensió entre les dues cames.</div></div></div>","<div style=""text-align: left; font-family: -apple-system, sans-serif;""><div style=""font-weight: bold; font-size: 16px; color: #10b981; margin-bottom: 8px;"">✓ Resposta Correcta: C</div><div style=""font-size: 14px; margin-bottom: 12px; padding: 10px; background: rgba(16,185,129,0.1); border-radius: 6px; border-left: 4px solid #10b981;"">C) Amb passes petites i els peus ben junts i tocant-se.</div><hr style=""border: 0; border-top: 1px solid #ddd; margin: 12px 0;""><div style=""font-size: 13px; color: #444; line-height: 1.4;""><b style=""color: #111;"">Explicació:</b> Mantenir poca separació entre els punts de contacte amb el terra redueix la diferència de potencial entre els peus.</div></div>","T11_-_Electricitat","16515"
"<div style=""text-align: left; font-family: -apple-system, sans-serif;""><div style=""font-size: 11px; color: #888; margin-bottom: 6px;"">[T11 - Electricitat] Pregunta 78</div><div style=""font-weight: bold; font-size: 16px; margin-bottom: 14px; line-height: 1.4;"">Una vàlvula hidràulica oberta equival a quin estat del circuit elèctric?</div><div style=""font-size: 14px; line-height: 1.6;""><div style=""padding: 5px 0;""><b>A)</b> A un circuit obert.</div><div style=""padding: 5px 0;""><b>B)</b> A una caiguda de tensió.</div><div style=""padding: 5px 0;""><b>C)</b> A un circuit tancat.</div><div style=""padding: 5px 0;""><b>D)</b> A una resistència equivalent.</div></div></div>","<div style=""text-align: left; font-family: -apple-system, sans-serif;""><div style=""font-weight: bold; font-size: 16px; color: #10b981; margin-bottom: 8px;"">✓ Resposta Correcta: C</div><div style=""font-size: 14px; margin-bottom: 12px; padding: 10px; background: rgba(16,185,129,0.1); border-radius: 6px; border-left: 4px solid #10b981;"">C) A un circuit tancat.</div><hr style=""border: 0; border-top: 1px solid #ddd; margin: 12px 0;""><div style=""font-size: 13px; color: #444; line-height: 1.4;""><b style=""color: #111;"">Explicació:</b> La nomenclatura és contraposada: vàlvula oberta implica pas i equival a circuit elèctric tancat.</div></div>","T11_-_Electricitat","16372"
"<div style=""text-align: left; font-family: -apple-system, sans-serif;""><div style=""font-size: 11px; color: #888; margin-bottom: 6px;"">[T11 - Electricitat] Pregunta 79</div><div style=""font-weight: bold; font-size: 16px; margin-bottom: 14px; line-height: 1.4;"">Què caracteritza un curtcircuit respecte de la càrrega prevista?</div><div style=""font-size: 14px; line-height: 1.6;""><div style=""padding: 5px 0;""><b>A)</b> El corrent travessa la càrrega prevista i la potència es reparteix entre diversos receptors.</div><div style=""padding: 5px 0;""><b>B)</b> El circuit queda obert abans de la càrrega i no es produeix cap dissipació al conductor.</div><div style=""padding: 5px 0;""><b>C)</b> El corrent circula sense la càrrega prevista i el conductor pot dissipar energia com a calor intensa.</div><div style=""padding: 5px 0;""><b>D)</b> La font redueix la diferència de potencial fins a impedir qualsevol circulació de corrent.</div></div></div>","<div style=""text-align: left; font-family: -apple-system, sans-serif;""><div style=""font-weight: bold; font-size: 16px; color: #10b981; margin-bottom: 8px;"">✓ Resposta Correcta: A</div><div style=""font-size: 14px; margin-bottom: 12px; padding: 10px; background: rgba(16,185,129,0.1); border-radius: 6px; border-left: 4px solid #10b981;"">A) El corrent travessa la càrrega prevista i la potència es reparteix entre diversos receptors.</div><hr style=""border: 0; border-top: 1px solid #ddd; margin: 12px 0;""><div style=""font-size: 13px; color: #444; line-height: 1.4;""><b style=""color: #111;"">Explicació:</b> En una electrocució el cos forma part del camí del corrent i també rep els seus efectes.</div></div>","T11_-_Electricitat","16321"
"<div style=""text-align: left; font-family: -apple-system, sans-serif;""><div style=""font-size: 11px; color: #888; margin-bottom: 6px;"">[T11 - Electricitat] Pregunta 80</div><div style=""font-weight: bold; font-size: 16px; margin-bottom: 14px; line-height: 1.4;"">Quina diferència funcional hi ha entre la font de tensió i el receptor?</div><div style=""font-size: 14px; line-height: 1.6;""><div style=""padding: 5px 0;""><b>A)</b> La font transforma l’energia en calor; el receptor crea la diferència de potencial.</div><div style=""padding: 5px 0;""><b>B)</b> La font aporta energia i diferència de potencial; el receptor transforma l’energia rebuda.</div><div style=""padding: 5px 0;""><b>C)</b> La font i el receptor aporten energia al circuit, però en punts diferents del recorregut.</div><div style=""padding: 5px 0;""><b>D)</b> La font transporta el corrent amb poca resistència; el receptor obre i tanca el circuit.</div></div></div>","<div style=""text-align: left; font-family: -apple-system, sans-serif;""><div style=""font-weight: bold; font-size: 16px; color: #10b981; margin-bottom: 8px;"">✓ Resposta Correcta: B</div><div style=""font-size: 14px; margin-bottom: 12px; padding: 10px; background: rgba(16,185,129,0.1); border-radius: 6px; border-left: 4px solid #10b981;"">B) La font aporta energia i diferència de potencial; el receptor transforma l’energia rebuda.</div><hr style=""border: 0; border-top: 1px solid #ddd; margin: 12px 0;""><div style=""font-size: 13px; color: #444; line-height: 1.4;""><b style=""color: #111;"">Explicació:</b> La font alimenta el circuit, mentre que el receptor aprofita l’energia per produir un efecte.</div></div>","T11_-_Electricitat","16313"
"<div style=""text-align: left; font-family: -apple-system, sans-serif;""><div style=""font-size: 11px; color: #888; margin-bottom: 6px;"">[T11 - Electricitat] Pregunta 81</div><div style=""font-weight: bold; font-size: 16px; margin-bottom: 14px; line-height: 1.4;"">Quins elements es classifiquen com a EPC dielèctrics en la protecció davant el risc elèctric?</div><div style=""font-size: 14px; line-height: 1.6;""><div style=""padding: 5px 0;""><b>A)</b> Els guants i les botes dielèctriques.</div><div style=""padding: 5px 0;""><b>B)</b> Les botes i la banqueta dielèctrica.</div><div style=""padding: 5px 0;""><b>C)</b> Els guants i la perxa dielèctrica.</div><div style=""padding: 5px 0;""><b>D)</b> La perxa i la banqueta dielèctrica.</div></div></div>","<div style=""text-align: left; font-family: -apple-system, sans-serif;""><div style=""font-weight: bold; font-size: 16px; color: #10b981; margin-bottom: 8px;"">✓ Resposta Correcta: D</div><div style=""font-size: 14px; margin-bottom: 12px; padding: 10px; background: rgba(16,185,129,0.1); border-radius: 6px; border-left: 4px solid #10b981;"">D) La perxa i la banqueta dielèctrica.</div><hr style=""border: 0; border-top: 1px solid #ddd; margin: 12px 0;""><div style=""font-size: 13px; color: #444; line-height: 1.4;""><b style=""color: #111;"">Explicació:</b> La perxa i la banqueta dielèctrica s’identifiquen com a EPC.</div></div>","T11_-_Electricitat","16341"
"<div style=""text-align: left; font-family: -apple-system, sans-serif;""><div style=""font-size: 11px; color: #888; margin-bottom: 6px;"">[T11 - Electricitat] Pregunta 82</div><div style=""font-weight: bold; font-size: 16px; margin-bottom: 14px; line-height: 1.4;"">En quin ambient una espurna o un arc elèctric pot desencadenar una explosió?</div><div style=""font-size: 14px; line-height: 1.6;""><div style=""padding: 5px 0;""><b>A)</b> En ambients secs sense substàncies inflamables, pel sol fet d’existir una espurna.</div><div style=""padding: 5px 0;""><b>B)</b> En ambients humits on la presència d’aigua impedeix l’existència de mescles inflamables.</div><div style=""padding: 5px 0;""><b>C)</b> En ambients amb gasos, vapors o pols inflamables que puguin encendre’s.</div><div style=""padding: 5px 0;""><b>D)</b> En qualsevol recinte amb tensió elèctrica, encara que no hi hagi combustible ni atmosfera inflamable.</div></div></div>","<div style=""text-align: left; font-family: -apple-system, sans-serif;""><div style=""font-weight: bold; font-size: 16px; color: #10b981; margin-bottom: 8px;"">✓ Resposta Correcta: C</div><div style=""font-size: 14px; margin-bottom: 12px; padding: 10px; background: rgba(16,185,129,0.1); border-radius: 6px; border-left: 4px solid #10b981;"">C) En ambients amb gasos, vapors o pols inflamables que puguin encendre’s.</div><hr style=""border: 0; border-top: 1px solid #ddd; margin: 12px 0;""><div style=""font-size: 13px; color: #444; line-height: 1.4;""><b style=""color: #111;"">Explicació:</b> Una espurna o un arc pot actuar com a font d’ignició quan existeix una atmosfera amb gasos, vapors o pols inflamables.</div></div>","T11_-_Electricitat","16520"
"<div style=""text-align: left; font-family: -apple-system, sans-serif;""><div style=""font-size: 11px; color: #888; margin-bottom: 6px;"">[T11 - Electricitat] Pregunta 83</div><div style=""font-weight: bold; font-size: 16px; margin-bottom: 14px; line-height: 1.4;"">Quina afirmació sobre conductors i aïllants és correcta?</div><div style=""font-size: 14px; line-height: 1.6;""><div style=""padding: 5px 0;""><b>A)</b> Els conductors tenen alta resistència i els aïllants tenen baixa resistència.</div><div style=""padding: 5px 0;""><b>B)</b> Els conductors tenen baixa resistència i els aïllants tenen una resistència molt alta.</div><div style=""padding: 5px 0;""><b>C)</b> Els conductors i els aïllants tenen sempre la mateixa resistència si la tensió és constant.</div><div style=""padding: 5px 0;""><b>D)</b> Els aïllants no tenen resistència perquè no deixen passar cap corrent.</div></div></div>","<div style=""text-align: left; font-family: -apple-system, sans-serif;""><div style=""font-weight: bold; font-size: 16px; color: #10b981; margin-bottom: 8px;"">✓ Resposta Correcta: B</div><div style=""font-size: 14px; margin-bottom: 12px; padding: 10px; background: rgba(16,185,129,0.1); border-radius: 6px; border-left: 4px solid #10b981;"">B) Els conductors tenen baixa resistència i els aïllants tenen una resistència molt alta.</div><hr style=""border: 0; border-top: 1px solid #ddd; margin: 12px 0;""><div style=""font-size: 13px; color: #444; line-height: 1.4;""><b style=""color: #111;"">Explicació:</b> Els conductors faciliten el pas del corrent perquè tenen baixa resistència; els aïllants el dificulten molt.</div></div>","T11_-_Electricitat","14858"
"<div style=""text-align: left; font-family: -apple-system, sans-serif;""><div style=""font-size: 11px; color: #888; margin-bottom: 6px;"">[T11 - Electricitat] Pregunta 84</div><div style=""font-weight: bold; font-size: 16px; margin-bottom: 14px; line-height: 1.4;"">On és especialment habitual el corrent altern trifàsic?</div><div style=""font-size: 14px; line-height: 1.6;""><div style=""padding: 5px 0;""><b>A)</b> En plaques fotovoltaiques abans de qualsevol conversió.</div><div style=""padding: 5px 0;""><b>B)</b> En la distribució a gran escala, la indústria i els grans edificis.</div><div style=""padding: 5px 0;""><b>C)</b> En l’alimentació directa de circuits integrats de baixa tensió.</div><div style=""padding: 5px 0;""><b>D)</b> En petits dispositius portàtils alimentats directament amb bateria.</div></div></div>","<div style=""text-align: left; font-family: -apple-system, sans-serif;""><div style=""font-weight: bold; font-size: 16px; color: #10b981; margin-bottom: 8px;"">✓ Resposta Correcta: B</div><div style=""font-size: 14px; margin-bottom: 12px; padding: 10px; background: rgba(16,185,129,0.1); border-radius: 6px; border-left: 4px solid #10b981;"">B) En la distribució a gran escala, la indústria i els grans edificis.</div><hr style=""border: 0; border-top: 1px solid #ddd; margin: 12px 0;""><div style=""font-size: 13px; color: #444; line-height: 1.4;""><b style=""color: #111;"">Explicació:</b> El sistema trifàsic s’utilitza àmpliament quan cal transportar i utilitzar potències elevades.</div></div>","T11_-_Electricitat","16407"
"<div style=""text-align: left; font-family: -apple-system, sans-serif;""><div style=""font-size: 11px; color: #888; margin-bottom: 6px;"">[T11 - Electricitat] Pregunta 85</div><div style=""font-weight: bold; font-size: 16px; margin-bottom: 14px; line-height: 1.4;"">Com es calcula la potència total d’un sistema trifàsic equilibrat si es coneix la potència d’una fase?</div><div style=""font-size: 14px; line-height: 1.6;""><div style=""padding: 5px 0;""><b>A)</b> Dividint per tres la potència d’una fase.</div><div style=""padding: 5px 0;""><b>B)</b> Sumant 120° a la potència d’una fase.</div><div style=""padding: 5px 0;""><b>C)</b> Multiplicant per dos la potència d’una fase.</div><div style=""padding: 5px 0;""><b>D)</b> Multiplicant per tres la potència d’una fase.</div></div></div>","<div style=""text-align: left; font-family: -apple-system, sans-serif;""><div style=""font-weight: bold; font-size: 16px; color: #10b981; margin-bottom: 8px;"">✓ Resposta Correcta: D</div><div style=""font-size: 14px; margin-bottom: 12px; padding: 10px; background: rgba(16,185,129,0.1); border-radius: 6px; border-left: 4px solid #10b981;"">D) Multiplicant per tres la potència d’una fase.</div><hr style=""border: 0; border-top: 1px solid #ddd; margin: 12px 0;""><div style=""font-size: 13px; color: #444; line-height: 1.4;""><b style=""color: #111;"">Explicació:</b> En equilibri, les tres fases aporten la mateixa potència i Ptotal = 3 × Pfase.</div></div>","T11_-_Electricitat","16420"
"<div style=""text-align: left; font-family: -apple-system, sans-serif;""><div style=""font-size: 11px; color: #888; margin-bottom: 6px;"">[T11 - Electricitat] Pregunta 86</div><div style=""font-weight: bold; font-size: 16px; margin-bottom: 14px; line-height: 1.4;"">Per què una sobretensió pot acabar provocant un incendi?</div><div style=""font-size: 14px; line-height: 1.6;""><div style=""padding: 5px 0;""><b>A)</b> Perquè l’excés de tensió pot incrementar perillosament la intensitat i escalfar els components per efecte Joule.</div><div style=""padding: 5px 0;""><b>B)</b> Perquè l’augment de tensió elimina les pèrdues tèrmiques i fon l’aïllament per refredament.</div><div style=""padding: 5px 0;""><b>C)</b> Perquè la sobretensió converteix automàticament totes les càrregues en circuits oberts.</div><div style=""padding: 5px 0;""><b>D)</b> Perquè l’excés de tensió tendeix a reduir la intensitat i concentra l’escalfament a la font.</div></div></div>","<div style=""text-align: left; font-family: -apple-system, sans-serif;""><div style=""font-weight: bold; font-size: 16px; color: #10b981; margin-bottom: 8px;"">✓ Resposta Correcta: A</div><div style=""font-size: 14px; margin-bottom: 12px; padding: 10px; background: rgba(16,185,129,0.1); border-radius: 6px; border-left: 4px solid #10b981;"">A) Perquè l’excés de tensió pot incrementar perillosament la intensitat i escalfar els components per efecte Joule.</div><hr style=""border: 0; border-top: 1px solid #ddd; margin: 12px 0;""><div style=""font-size: 13px; color: #444; line-height: 1.4;""><b style=""color: #111;"">Explicació:</b> L’augment de corrent i d’escalfament associat a una sobretensió pot generar temperatures capaces d’iniciar un incendi.</div></div>","T11_-_Electricitat","16522"
"<div style=""text-align: left; font-family: -apple-system, sans-serif;""><div style=""font-size: 11px; color: #888; margin-bottom: 6px;"">[T11 - Electricitat] Pregunta 87</div><div style=""font-weight: bold; font-size: 16px; margin-bottom: 14px; line-height: 1.4;"">Quin paper pot tenir el cos humà en una electrocució?</div><div style=""font-size: 14px; line-height: 1.6;""><div style=""padding: 5px 0;""><b>A)</b> Pot actuar alhora com a receptor i com a font que anul·la la diferència de potencial.</div><div style=""padding: 5px 0;""><b>B)</b> Pot actuar alhora com a generador i com a conductor de baixa resistència ideal.</div><div style=""padding: 5px 0;""><b>C)</b> Pot actuar alhora com a font de tensió i com a interruptor del circuit.</div><div style=""padding: 5px 0;""><b>D)</b> Pot actuar alhora com a conductor i com a receptor dels efectes de l’energia.</div></div></div>","<div style=""text-align: left; font-family: -apple-system, sans-serif;""><div style=""font-weight: bold; font-size: 16px; color: #10b981; margin-bottom: 8px;"">✓ Resposta Correcta: </div><div style=""font-size: 14px; margin-bottom: 12px; padding: 10px; background: rgba(16,185,129,0.1); border-radius: 6px; border-left: 4px solid #10b981;"">) </div></div>","T11_-_Electricitat","16322"
"<div style=""text-align: left; font-family: -apple-system, sans-serif;""><div style=""font-size: 11px; color: #888; margin-bottom: 6px;"">[T11 - Electricitat] Pregunta 88</div><div style=""font-weight: bold; font-size: 16px; margin-bottom: 14px; line-height: 1.4;"">Tres receptors de 2 Ω, 3 Ω i 5 Ω estan connectats en sèrie. Quina resistència total presenten?</div><div style=""font-size: 14px; line-height: 1.6;""><div style=""padding: 5px 0;""><b>A)</b> 30 Ω.</div><div style=""padding: 5px 0;""><b>B)</b> 10 Ω.</div><div style=""padding: 5px 0;""><b>C)</b> 5 Ω.</div><div style=""padding: 5px 0;""><b>D)</b> 6 Ω.</div></div></div>","<div style=""text-align: left; font-family: -apple-system, sans-serif;""><div style=""font-weight: bold; font-size: 16px; color: #10b981; margin-bottom: 8px;"">✓ Resposta Correcta: B</div><div style=""font-size: 14px; margin-bottom: 12px; padding: 10px; background: rgba(16,185,129,0.1); border-radius: 6px; border-left: 4px solid #10b981;"">B) 10 Ω.</div><hr style=""border: 0; border-top: 1px solid #ddd; margin: 12px 0;""><div style=""font-size: 13px; color: #444; line-height: 1.4;""><b style=""color: #111;"">Explicació:</b> En sèrie, les resistències se sumen: 2 + 3 + 5 = 10 Ω.</div></div>","T11_-_Electricitat","16343"
"<div style=""text-align: left; font-family: -apple-system, sans-serif;""><div style=""font-size: 11px; color: #888; margin-bottom: 6px;"">[T11 - Electricitat] Pregunta 89</div><div style=""font-weight: bold; font-size: 16px; margin-bottom: 14px; line-height: 1.4;"">Què indica millor que un equip sigui “més potent”?</div><div style=""font-size: 14px; line-height: 1.6;""><div style=""padding: 5px 0;""><b>A)</b> Que acumula sempre més energia que qualsevol altre equip.</div><div style=""padding: 5px 0;""><b>B)</b> Que té menys resistència interna en tots els casos.</div><div style=""padding: 5px 0;""><b>C)</b> Que funciona necessàriament a més tensió.</div><div style=""padding: 5px 0;""><b>D)</b> Que pot realitzar més treball en menys temps.</div></div></div>","<div style=""text-align: left; font-family: -apple-system, sans-serif;""><div style=""font-weight: bold; font-size: 16px; color: #10b981; margin-bottom: 8px;"">✓ Resposta Correcta: D</div><div style=""font-size: 14px; margin-bottom: 12px; padding: 10px; background: rgba(16,185,129,0.1); border-radius: 6px; border-left: 4px solid #10b981;"">D) Que pot realitzar més treball en menys temps.</div><hr style=""border: 0; border-top: 1px solid #ddd; margin: 12px 0;""><div style=""font-size: 13px; color: #444; line-height: 1.4;""><b style=""color: #111;"">Explicació:</b> La potència indica capacitat de treball per unitat de temps, no energia acumulada total.</div></div>","T11_-_Electricitat","14883"
"<div style=""text-align: left; font-family: -apple-system, sans-serif;""><div style=""font-size: 11px; color: #888; margin-bottom: 6px;"">[T11 - Electricitat] Pregunta 90</div><div style=""font-weight: bold; font-size: 16px; margin-bottom: 14px; line-height: 1.4;"">Com varia el camp magnètic d’un conductor quan augmenta la distància respecte del conductor?</div><div style=""font-size: 14px; line-height: 1.6;""><div style=""padding: 5px 0;""><b>A)</b> Disminueix ràpidament i és inversament proporcional a la distància.</div><div style=""padding: 5px 0;""><b>B)</b> Disminueix quan el corrent és continu i es manté en corrent altern.</div><div style=""padding: 5px 0;""><b>C)</b> Augmenta proporcionalment a la distància.</div><div style=""padding: 5px 0;""><b>D)</b> Es manté constant mentre la intensitat no variï.</div></div></div>","<div style=""text-align: left; font-family: -apple-system, sans-serif;""><div style=""font-weight: bold; font-size: 16px; color: #10b981; margin-bottom: 8px;"">✓ Resposta Correcta: A</div><div style=""font-size: 14px; margin-bottom: 12px; padding: 10px; background: rgba(16,185,129,0.1); border-radius: 6px; border-left: 4px solid #10b981;"">A) Disminueix ràpidament i és inversament proporcional a la distància.</div><hr style=""border: 0; border-top: 1px solid #ddd; margin: 12px 0;""><div style=""font-size: 13px; color: #444; line-height: 1.4;""><b style=""color: #111;"">Explicació:</b> La intensitat del camp disminueix a mesura que ens allunyem del conductor.</div></div>","T11_-_Electricitat","16463"
"<div style=""text-align: left; font-family: -apple-system, sans-serif;""><div style=""font-size: 11px; color: #888; margin-bottom: 6px;"">[T11 - Electricitat] Pregunta 91</div><div style=""font-weight: bold; font-size: 16px; margin-bottom: 14px; line-height: 1.4;"">Per què en corrent altern una part de la potència subministrada pot no convertir-se en treball útil?</div><div style=""font-size: 14px; line-height: 1.6;""><div style=""padding: 5px 0;""><b>A)</b> Perquè el corrent altern no pot alimentar càrregues resistives.</div><div style=""padding: 5px 0;""><b>B)</b> Perquè pot existir desfasament entre tensió i intensitat.</div><div style=""padding: 5px 0;""><b>C)</b> Perquè la tensió eficaç és inferior a la tensió contínua equivalent per definició.</div><div style=""padding: 5px 0;""><b>D)</b> Perquè la intensitat total queda anul·lada pel neutre en qualsevol circuit.</div></div></div>","<div style=""text-align: left; font-family: -apple-system, sans-serif;""><div style=""font-weight: bold; font-size: 16px; color: #10b981; margin-bottom: 8px;"">✓ Resposta Correcta: B</div><div style=""font-size: 14px; margin-bottom: 12px; padding: 10px; background: rgba(16,185,129,0.1); border-radius: 6px; border-left: 4px solid #10b981;"">B) Perquè pot existir desfasament entre tensió i intensitat.</div><hr style=""border: 0; border-top: 1px solid #ddd; margin: 12px 0;""><div style=""font-size: 13px; color: #444; line-height: 1.4;""><b style=""color: #111;"">Explicació:</b> El desfasament dona lloc a intercanvi d’energia reactiva i fa que potència subministrada i útil no coincideixin.</div></div>","T11_-_Electricitat","16436"
"<div style=""text-align: left; font-family: -apple-system, sans-serif;""><div style=""font-size: 11px; color: #888; margin-bottom: 6px;"">[T11 - Electricitat] Pregunta 92</div><div style=""font-weight: bold; font-size: 16px; margin-bottom: 14px; line-height: 1.4;"">Una vàlvula hidràulica tancada equival a quin estat del circuit elèctric?</div><div style=""font-size: 14px; line-height: 1.6;""><div style=""padding: 5px 0;""><b>A)</b> A un circuit en paral·lel.</div><div style=""padding: 5px 0;""><b>B)</b> A un circuit tancat.</div><div style=""padding: 5px 0;""><b>C)</b> A un circuit obert.</div><div style=""padding: 5px 0;""><b>D)</b> A una font de tensió.</div></div></div>","<div style=""text-align: left; font-family: -apple-system, sans-serif;""><div style=""font-weight: bold; font-size: 16px; color: #10b981; margin-bottom: 8px;"">✓ Resposta Correcta: C</div><div style=""font-size: 14px; margin-bottom: 12px; padding: 10px; background: rgba(16,185,129,0.1); border-radius: 6px; border-left: 4px solid #10b981;"">C) A un circuit obert.</div><hr style=""border: 0; border-top: 1px solid #ddd; margin: 12px 0;""><div style=""font-size: 13px; color: #444; line-height: 1.4;""><b style=""color: #111;"">Explicació:</b> La vàlvula tancada talla el pas de l’aigua, igual que un circuit obert talla el corrent.</div></div>","T11_-_Electricitat","16373"
"<div style=""text-align: left; font-family: -apple-system, sans-serif;""><div style=""font-size: 11px; color: #888; margin-bottom: 6px;"">[T11 - Electricitat] Pregunta 93</div><div style=""font-weight: bold; font-size: 16px; margin-bottom: 14px; line-height: 1.4;"">De què depèn la magnitud del corrent induït per un camp magnètic variable?</div><div style=""font-size: 14px; line-height: 1.6;""><div style=""padding: 5px 0;""><b>A)</b> De la freqüència nominal de la xarxa que alimenta el sistema.</div><div style=""padding: 5px 0;""><b>B)</b> De la tensió eficaç i del nombre de fases del circuit.</div><div style=""padding: 5px 0;""><b>C)</b> De la intensitat del camp magnètic i de la velocitat amb què canvia.</div><div style=""padding: 5px 0;""><b>D)</b> De la resistència del conductor on es produeix la inducció.</div></div></div>","<div style=""text-align: left; font-family: -apple-system, sans-serif;""><div style=""font-weight: bold; font-size: 16px; color: #10b981; margin-bottom: 8px;"">✓ Resposta Correcta: C</div><div style=""font-size: 14px; margin-bottom: 12px; padding: 10px; background: rgba(16,185,129,0.1); border-radius: 6px; border-left: 4px solid #10b981;"">C) De la intensitat del camp magnètic i de la velocitat amb què canvia.</div><hr style=""border: 0; border-top: 1px solid #ddd; margin: 12px 0;""><div style=""font-size: 13px; color: #444; line-height: 1.4;""><b style=""color: #111;"">Explicació:</b> La magnitud del corrent induït augmenta amb la intensitat del camp i amb la rapidesa de la seva variació.</div></div>","T11_-_Electricitat","16466"
"<div style=""text-align: left; font-family: -apple-system, sans-serif;""><div style=""font-size: 11px; color: #888; margin-bottom: 6px;"">[T11 - Electricitat] Pregunta 94</div><div style=""font-weight: bold; font-size: 16px; margin-bottom: 14px; line-height: 1.4;"">Com es disposen els receptors en una connexió en paral·lel?</div><div style=""font-size: 14px; line-height: 1.6;""><div style=""padding: 5px 0;""><b>A)</b> Els receptors es connecten successivament perquè els travessi la mateixa caiguda de tensió.</div><div style=""padding: 5px 0;""><b>B)</b> Els receptors es disposen un darrere l’altre en un únic camí.</div><div style=""padding: 5px 0;""><b>C)</b> Els receptors comparteixen un sol recorregut i es reparteixen la tensió.</div><div style=""padding: 5px 0;""><b>D)</b> Cada receptor té un camí propi i independent des de la font.</div></div></div>","<div style=""text-align: left; font-family: -apple-system, sans-serif;""><div style=""font-weight: bold; font-size: 16px; color: #10b981; margin-bottom: 8px;"">✓ Resposta Correcta: D</div><div style=""font-size: 14px; margin-bottom: 12px; padding: 10px; background: rgba(16,185,129,0.1); border-radius: 6px; border-left: 4px solid #10b981;"">D) Cada receptor té un camí propi i independent des de la font.</div><hr style=""border: 0; border-top: 1px solid #ddd; margin: 12px 0;""><div style=""font-size: 13px; color: #444; line-height: 1.4;""><b style=""color: #111;"">Explicació:</b> El paral·lel es caracteritza per tenir diverses branques independents connectades als mateixos punts de la font.</div></div>","T11_-_Electricitat","16346"
"<div style=""text-align: left; font-family: -apple-system, sans-serif;""><div style=""font-size: 11px; color: #888; margin-bottom: 6px;"">[T11 - Electricitat] Pregunta 95</div><div style=""font-weight: bold; font-size: 16px; margin-bottom: 14px; line-height: 1.4;"">Com es comporta la intensitat en una càrrega capacitiva?</div><div style=""font-size: 14px; line-height: 1.6;""><div style=""padding: 5px 0;""><b>A)</b> Està desfasada 120° respecte de la tensió.</div><div style=""padding: 5px 0;""><b>B)</b> Va avançada respecte de la tensió.</div><div style=""padding: 5px 0;""><b>C)</b> Va endarrerida respecte de la tensió.</div><div style=""padding: 5px 0;""><b>D)</b> Està en fase amb la tensió.</div></div></div>","<div style=""text-align: left; font-family: -apple-system, sans-serif;""><div style=""font-weight: bold; font-size: 16px; color: #10b981; margin-bottom: 8px;"">✓ Resposta Correcta: B</div><div style=""font-size: 14px; margin-bottom: 12px; padding: 10px; background: rgba(16,185,129,0.1); border-radius: 6px; border-left: 4px solid #10b981;"">B) Va avançada respecte de la tensió.</div><hr style=""border: 0; border-top: 1px solid #ddd; margin: 12px 0;""><div style=""font-size: 13px; color: #444; line-height: 1.4;""><b style=""color: #111;"">Explicació:</b> En una càrrega capacitiva el corrent arriba al seu pic abans que la tensió.</div></div>","T11_-_Electricitat","16433"
"<div style=""text-align: left; font-family: -apple-system, sans-serif;""><div style=""font-size: 11px; color: #888; margin-bottom: 6px;"">[T11 - Electricitat] Pregunta 96</div><div style=""font-weight: bold; font-size: 16px; margin-bottom: 14px; line-height: 1.4;"">Quin element hidràulic equival a un interruptor elèctric?</div><div style=""font-size: 14px; line-height: 1.6;""><div style=""padding: 5px 0;""><b>A)</b> Una vàlvula.</div><div style=""padding: 5px 0;""><b>B)</b> Una pèrdua de càrrega.</div><div style=""padding: 5px 0;""><b>C)</b> Una turbina.</div><div style=""padding: 5px 0;""><b>D)</b> Una bomba.</div></div></div>","<div style=""text-align: left; font-family: -apple-system, sans-serif;""><div style=""font-weight: bold; font-size: 16px; color: #10b981; margin-bottom: 8px;"">✓ Resposta Correcta: A</div><div style=""font-size: 14px; margin-bottom: 12px; padding: 10px; background: rgba(16,185,129,0.1); border-radius: 6px; border-left: 4px solid #10b981;"">A) Una vàlvula.</div><hr style=""border: 0; border-top: 1px solid #ddd; margin: 12px 0;""><div style=""font-size: 13px; color: #444; line-height: 1.4;""><b style=""color: #111;"">Explicació:</b> La vàlvula controla el pas de l’aigua, de manera anàloga a l’interruptor amb el corrent.</div></div>","T11_-_Electricitat","16368"
"<div style=""text-align: left; font-family: -apple-system, sans-serif;""><div style=""font-size: 11px; color: #888; margin-bottom: 6px;"">[T11 - Electricitat] Pregunta 97</div><div style=""font-weight: bold; font-size: 16px; margin-bottom: 14px; line-height: 1.4;"">Què és un arc elèctric?</div><div style=""font-size: 14px; line-height: 1.6;""><div style=""padding: 5px 0;""><b>A)</b> Un curtcircuit intern que no pot produir llum ni calor fora del conductor.</div><div style=""padding: 5px 0;""><b>B)</b> El pas de corrent per l’aire ionitzat entre dos punts amb diferent tensió.</div><div style=""padding: 5px 0;""><b>C)</b> El pas de corrent per un conductor metàl·lic que manté l’aire completament aïllant.</div><div style=""padding: 5px 0;""><b>D)</b> Una sobretensió que es propaga per l’aïllament sense arribar a ionitzar l’aire.</div></div></div>","<div style=""text-align: left; font-family: -apple-system, sans-serif;""><div style=""font-weight: bold; font-size: 16px; color: #10b981; margin-bottom: 8px;"">✓ Resposta Correcta: B</div><div style=""font-size: 14px; margin-bottom: 12px; padding: 10px; background: rgba(16,185,129,0.1); border-radius: 6px; border-left: 4px solid #10b981;"">B) El pas de corrent per l’aire ionitzat entre dos punts amb diferent tensió.</div><hr style=""border: 0; border-top: 1px solid #ddd; margin: 12px 0;""><div style=""font-size: 13px; color: #444; line-height: 1.4;""><b style=""color: #111;"">Explicació:</b> En l’arc, l’aire s’ionitza i es converteix en plasma conductor entre dos potencials diferents.</div></div>","T11_-_Electricitat","16517"
"<div style=""text-align: left; font-family: -apple-system, sans-serif;""><div style=""font-size: 11px; color: #888; margin-bottom: 6px;"">[T11 - Electricitat] Pregunta 98</div><div style=""font-weight: bold; font-size: 16px; margin-bottom: 14px; line-height: 1.4;"">Quin fenomen mostra que l’aire pot convertir-se en un camí conductor no desitjat?</div><div style=""font-size: 14px; line-height: 1.6;""><div style=""padding: 5px 0;""><b>A)</b> Una connexió en sèrie.</div><div style=""padding: 5px 0;""><b>B)</b> Un arc elèctric.</div><div style=""padding: 5px 0;""><b>C)</b> Un curtcircuit metàl·lic.</div><div style=""padding: 5px 0;""><b>D)</b> Una caiguda de tensió.</div></div></div>","<div style=""text-align: left; font-family: -apple-system, sans-serif;""><div style=""font-weight: bold; font-size: 16px; color: #10b981; margin-bottom: 8px;"">✓ Resposta Correcta: B</div><div style=""font-size: 14px; margin-bottom: 12px; padding: 10px; background: rgba(16,185,129,0.1); border-radius: 6px; border-left: 4px solid #10b981;"">B) Un arc elèctric.</div><hr style=""border: 0; border-top: 1px solid #ddd; margin: 12px 0;""><div style=""font-size: 13px; color: #444; line-height: 1.4;""><b style=""color: #111;"">Explicació:</b> En un arc elèctric, l’aire deixa d’actuar com aïllant i permet el pas del corrent.</div></div>","T11_-_Electricitat","16318"
"<div style=""text-align: left; font-family: -apple-system, sans-serif;""><div style=""font-size: 11px; color: #888; margin-bottom: 6px;"">[T11 - Electricitat] Pregunta 99</div><div style=""font-weight: bold; font-size: 16px; margin-bottom: 14px; line-height: 1.4;"">Quina afirmació sobre la intensitat és correcta?</div><div style=""font-size: 14px; line-height: 1.6;""><div style=""padding: 5px 0;""><b>A)</b> Representa el flux real d’electricitat en un circuit.</div><div style=""padding: 5px 0;""><b>B)</b> És la resistència que ofereixen els aïllants al pas del corrent.</div><div style=""padding: 5px 0;""><b>C)</b> És sempre igual a la tensió quan el circuit està tancat.</div><div style=""padding: 5px 0;""><b>D)</b> És la quantitat total d’energia acumulada en un aparell.</div></div></div>","<div style=""text-align: left; font-family: -apple-system, sans-serif;""><div style=""font-weight: bold; font-size: 16px; color: #10b981; margin-bottom: 8px;"">✓ Resposta Correcta: A</div><div style=""font-size: 14px; margin-bottom: 12px; padding: 10px; background: rgba(16,185,129,0.1); border-radius: 6px; border-left: 4px solid #10b981;"">A) Representa el flux real d’electricitat en un circuit.</div><hr style=""border: 0; border-top: 1px solid #ddd; margin: 12px 0;""><div style=""font-size: 13px; color: #444; line-height: 1.4;""><b style=""color: #111;"">Explicació:</b> La intensitat descriu el flux real d’electricitat, és a dir, quanta càrrega passa per un punt en un temps determinat.</div></div>","T11_-_Electricitat","14845"
"<div style=""text-align: left; font-family: -apple-system, sans-serif;""><div style=""font-size: 11px; color: #888; margin-bottom: 6px;"">[T11 - Electricitat] Pregunta 100</div><div style=""font-weight: bold; font-size: 16px; margin-bottom: 14px; line-height: 1.4;"">Què és la intensitat de corrent?</div><div style=""font-size: 14px; line-height: 1.6;""><div style=""padding: 5px 0;""><b>A)</b> La quantitat total de treball elèctric acumulat durant un període llarg.</div><div style=""padding: 5px 0;""><b>B)</b> La quantitat d’electrons que passen per un punt d’un circuit en un temps determinat.</div><div style=""padding: 5px 0;""><b>C)</b> La diferència de potencial que impulsa els electrons dins d’un conductor.</div><div style=""padding: 5px 0;""><b>D)</b> L’oposició que ofereix un material al pas del corrent elèctric.</div></div></div>","<div style=""text-align: left; font-family: -apple-system, sans-serif;""><div style=""font-weight: bold; font-size: 16px; color: #10b981; margin-bottom: 8px;"">✓ Resposta Correcta: B</div><div style=""font-size: 14px; margin-bottom: 12px; padding: 10px; background: rgba(16,185,129,0.1); border-radius: 6px; border-left: 4px solid #10b981;"">B) La quantitat d’electrons que passen per un punt d’un circuit en un temps determinat.</div><hr style=""border: 0; border-top: 1px solid #ddd; margin: 12px 0;""><div style=""font-size: 13px; color: #444; line-height: 1.4;""><b style=""color: #111;"">Explicació:</b> La intensitat representa el flux real d’electricitat: càrrega que passa per un punt per unitat de temps.</div></div>","T11_-_Electricitat","14839"
"<div style=""text-align: left; font-family: -apple-system, sans-serif;""><div style=""font-size: 11px; color: #888; margin-bottom: 6px;"">[T11 - Electricitat] Pregunta 101</div><div style=""font-weight: bold; font-size: 16px; margin-bottom: 14px; line-height: 1.4;"">Quina afirmació sobre la llei d’Ohm és incorrecta?</div><div style=""font-size: 14px; line-height: 1.6;""><div style=""padding: 5px 0;""><b>A)</b> La intensitat és inversament proporcional a la tensió i directament proporcional a la resistència.</div><div style=""padding: 5px 0;""><b>B)</b> La intensitat disminueix quan augmenta la resistència, si la tensió es manté.</div><div style=""padding: 5px 0;""><b>C)</b> La intensitat augmenta quan augmenta la tensió, si la resistència es manté.</div><div style=""padding: 5px 0;""><b>D)</b> La resistència es pot calcular dividint la tensió entre la intensitat.</div></div></div>","<div style=""text-align: left; font-family: -apple-system, sans-serif;""><div style=""font-weight: bold; font-size: 16px; color: #10b981; margin-bottom: 8px;"">✓ Resposta Correcta: A</div><div style=""font-size: 14px; margin-bottom: 12px; padding: 10px; background: rgba(16,185,129,0.1); border-radius: 6px; border-left: 4px solid #10b981;"">A) La intensitat és inversament proporcional a la tensió i directament proporcional a la resistència.</div><hr style=""border: 0; border-top: 1px solid #ddd; margin: 12px 0;""><div style=""font-size: 13px; color: #444; line-height: 1.4;""><b style=""color: #111;"">Explicació:</b> La relació està invertida: la intensitat és directament proporcional a la tensió i inversament proporcional a la resistència.</div></div>","T11_-_Electricitat","14900"
"<div style=""text-align: left; font-family: -apple-system, sans-serif;""><div style=""font-size: 11px; color: #888; margin-bottom: 6px;"">[T11 - Electricitat] Pregunta 102</div><div style=""font-weight: bold; font-size: 16px; margin-bottom: 14px; line-height: 1.4;"">Quin criteri explica l’ús de sistemes de 24 V en camions?</div><div style=""font-size: 14px; line-height: 1.6;""><div style=""padding: 5px 0;""><b>A)</b> Obtenir més potència amb el mateix cablejat.</div><div style=""padding: 5px 0;""><b>B)</b> Fer que la intensitat sigui sempre nul·la en repòs, evitant que es descarregui la bateria.</div><div style=""padding: 5px 0;""><b>C)</b> Transformar tota l’energia elèctrica en energia tèrmica útil.</div><div style=""padding: 5px 0;""><b>D)</b> Reduir la tensió per eliminar la necessitat de cablejat elèctric gruixut.</div></div></div>","<div style=""text-align: left; font-family: -apple-system, sans-serif;""><div style=""font-weight: bold; font-size: 16px; color: #10b981; margin-bottom: 8px;"">✓ Resposta Correcta: A</div><div style=""font-size: 14px; margin-bottom: 12px; padding: 10px; background: rgba(16,185,129,0.1); border-radius: 6px; border-left: 4px solid #10b981;"">A) Obtenir més potència amb el mateix cablejat.</div><hr style=""border: 0; border-top: 1px solid #ddd; margin: 12px 0;""><div style=""font-size: 13px; color: #444; line-height: 1.4;""><b style=""color: #111;"">Explicació:</b> Els sistemes de 24 V permeten obtenir més potència amb el mateix cablejat que si es treballés amb una tensió inferior. La idea és gestionar millor la relació entre tensió, intensitat i potència.</div></div>","T11_-_Electricitat","16295"
"<div style=""text-align: left; font-family: -apple-system, sans-serif;""><div style=""font-size: 11px; color: #888; margin-bottom: 6px;"">[T11 - Electricitat] Pregunta 103</div><div style=""font-weight: bold; font-size: 16px; margin-bottom: 14px; line-height: 1.4;"">Quin efecte cardíac pot produir el corrent continu a intensitats elevades?</div><div style=""font-size: 14px; line-height: 1.6;""><div style=""padding: 5px 0;""><b>A)</b> Una oscil·lació cardíaca de 50 Hz que manté el bombeig sanguini.</div><div style=""padding: 5px 0;""><b>B)</b> Una contracció involuntària del cor que pot acabar en aturada cardíaca.</div><div style=""padding: 5px 0;""><b>C)</b> Fibril·lació ventricular amb més facilitat que el corrent altern de pocs mA.</div><div style=""padding: 5px 0;""><b>D)</b> Una disminució de la resistència cardíaca sense contracció involuntària.</div></div></div>","<div style=""text-align: left; font-family: -apple-system, sans-serif;""><div style=""font-weight: bold; font-size: 16px; color: #10b981; margin-bottom: 8px;"">✓ Resposta Correcta: B</div><div style=""font-size: 14px; margin-bottom: 12px; padding: 10px; background: rgba(16,185,129,0.1); border-radius: 6px; border-left: 4px solid #10b981;"">B) Una contracció involuntària del cor que pot acabar en aturada cardíaca.</div><hr style=""border: 0; border-top: 1px solid #ddd; margin: 12px 0;""><div style=""font-size: 13px; color: #444; line-height: 1.4;""><b style=""color: #111;"">Explicació:</b> En corrent continu no es destaca la fibril·lació ventricular, però a intensitats elevades pot produir-se una contracció involuntària del cor amb aturada cardíaca.</div></div>","T11_-_Electricitat","16489"
"<div style=""text-align: left; font-family: -apple-system, sans-serif;""><div style=""font-size: 11px; color: #888; margin-bottom: 6px;"">[T11 - Electricitat] Pregunta 104</div><div style=""font-weight: bold; font-size: 16px; margin-bottom: 14px; line-height: 1.4;"">En el context d'una emergència, què significa ""optimitzar recursos"" gràcies al coneixement elèctric?</div><div style=""font-size: 14px; line-height: 1.6;""><div style=""padding: 5px 0;""><b>A)</b> Reduir sempre el nombre d’efectius destinats al servei.</div><div style=""padding: 5px 0;""><b>B)</b> Utilitzar els equips elèctrics afectats per accelerar la intervenció.</div><div style=""padding: 5px 0;""><b>C)</b> Restablir el subministrament elèctric abans de finalitzar qualsevol servei.</div><div style=""padding: 5px 0;""><b>D)</b> Evitar danys innecessaris a equips i instal·lacions durant l’actuació.</div></div></div>","<div style=""text-align: left; font-family: -apple-system, sans-serif;""><div style=""font-weight: bold; font-size: 16px; color: #10b981; margin-bottom: 8px;"">✓ Resposta Correcta: D</div><div style=""font-size: 14px; margin-bottom: 12px; padding: 10px; background: rgba(16,185,129,0.1); border-radius: 6px; border-left: 4px solid #10b981;"">D) Evitar danys innecessaris a equips i instal·lacions durant l’actuació.</div><hr style=""border: 0; border-top: 1px solid #ddd; margin: 12px 0;""><div style=""font-size: 13px; color: #444; line-height: 1.4;""><b style=""color: #111;"">Explicació:</b> Optimitzar recursos s’entén com evitar afectacions innecessàries als equips i a les instal·lacions, no com reduir mitjans sense criteri.</div></div>","T11_-_Electricitat","14811"
"<div style=""text-align: left; font-family: -apple-system, sans-serif;""><div style=""font-size: 11px; color: #888; margin-bottom: 6px;"">[T11 - Electricitat] Pregunta 105</div><div style=""font-weight: bold; font-size: 16px; margin-bottom: 14px; line-height: 1.4;"">Quina resistència té un element si amb 10 V hi circulen 2 A?</div><div style=""font-size: 14px; line-height: 1.6;""><div style=""padding: 5px 0;""><b>A)</b> 8 Ω.</div><div style=""padding: 5px 0;""><b>B)</b> 5 Ω.</div><div style=""padding: 5px 0;""><b>C)</b> 20 Ω.</div><div style=""padding: 5px 0;""><b>D)</b> 12 Ω.</div></div></div>","<div style=""text-align: left; font-family: -apple-system, sans-serif;""><div style=""font-weight: bold; font-size: 16px; color: #10b981; margin-bottom: 8px;"">✓ Resposta Correcta: B</div><div style=""font-size: 14px; margin-bottom: 12px; padding: 10px; background: rgba(16,185,129,0.1); border-radius: 6px; border-left: 4px solid #10b981;"">B) 5 Ω.</div><hr style=""border: 0; border-top: 1px solid #ddd; margin: 12px 0;""><div style=""font-size: 13px; color: #444; line-height: 1.4;""><b style=""color: #111;"">Explicació:</b> La resistència és R = V / I, per tant 10 / 2 = 5 Ω.</div></div>","T11_-_Electricitat","14906"
"<div style=""text-align: left; font-family: -apple-system, sans-serif;""><div style=""font-size: 11px; color: #888; margin-bottom: 6px;"">[T11 - Electricitat] Pregunta 106</div><div style=""font-weight: bold; font-size: 16px; margin-bottom: 14px; line-height: 1.4;"">Quina equivalència és correcta per a una potència de 2.000 W?</div><div style=""font-size: 14px; line-height: 1.6;""><div style=""padding: 5px 0;""><b>A)</b> 200 kW.</div><div style=""padding: 5px 0;""><b>B)</b> 0,2 kW.</div><div style=""padding: 5px 0;""><b>C)</b> 20 kW.</div><div style=""padding: 5px 0;""><b>D)</b> 2 kW.</div></div></div>","<div style=""text-align: left; font-family: -apple-system, sans-serif;""><div style=""font-weight: bold; font-size: 16px; color: #10b981; margin-bottom: 8px;"">✓ Resposta Correcta: D</div><div style=""font-size: 14px; margin-bottom: 12px; padding: 10px; background: rgba(16,185,129,0.1); border-radius: 6px; border-left: 4px solid #10b981;"">D) 2 kW.</div><hr style=""border: 0; border-top: 1px solid #ddd; margin: 12px 0;""><div style=""font-size: 13px; color: #444; line-height: 1.4;""><b style=""color: #111;"">Explicació:</b> Com que 1 kW són 1.000 W, una potència de 2.000 W equival a 2 kW.</div></div>","T11_-_Electricitat","14866"
"<div style=""text-align: left; font-family: -apple-system, sans-serif;""><div style=""font-size: 11px; color: #888; margin-bottom: 6px;"">[T11 - Electricitat] Pregunta 107</div><div style=""font-weight: bold; font-size: 16px; margin-bottom: 14px; line-height: 1.4;"">Quina característica defineix una càrrega capacitiva?</div><div style=""font-size: 14px; line-height: 1.6;""><div style=""padding: 5px 0;""><b>A)</b> Transforma tota l’energia en calor o llum sense emmagatzematge.</div><div style=""padding: 5px 0;""><b>B)</b> Emmagatzema energia en camps elèctrics i s’oposa als canvis de tensió.</div><div style=""padding: 5px 0;""><b>C)</b> Fa coincidir els pics de tensió i intensitat en qualsevol condició.</div><div style=""padding: 5px 0;""><b>D)</b> Emmagatzema energia en camps magnètics i s’oposa als canvis de corrent.</div></div></div>","<div style=""text-align: left; font-family: -apple-system, sans-serif;""><div style=""font-weight: bold; font-size: 16px; color: #10b981; margin-bottom: 8px;"">✓ Resposta Correcta: B</div><div style=""font-size: 14px; margin-bottom: 12px; padding: 10px; background: rgba(16,185,129,0.1); border-radius: 6px; border-left: 4px solid #10b981;"">B) Emmagatzema energia en camps elèctrics i s’oposa als canvis de tensió.</div><hr style=""border: 0; border-top: 1px solid #ddd; margin: 12px 0;""><div style=""font-size: 13px; color: #444; line-height: 1.4;""><b style=""color: #111;"">Explicació:</b> La capacitat s’associa a l’emmagatzematge en camp elèctric i a l’oposició a variacions de tensió.</div></div>","T11_-_Electricitat","16427"
"<div style=""text-align: left; font-family: -apple-system, sans-serif;""><div style=""font-size: 11px; color: #888; margin-bottom: 6px;"">[T11 - Electricitat] Pregunta 108</div><div style=""font-weight: bold; font-size: 16px; margin-bottom: 14px; line-height: 1.4;"">Com es disposen els receptors en una connexió en sèrie?</div><div style=""font-size: 14px; line-height: 1.6;""><div style=""padding: 5px 0;""><b>A)</b> En camins separats que comparteixen la mateixa intensitat total.</div><div style=""padding: 5px 0;""><b>B)</b> En branques independents, cadascuna connectada directament a la font.</div><div style=""padding: 5px 0;""><b>C)</b> Un darrere l’altre, formant un únic camí per al corrent.</div><div style=""padding: 5px 0;""><b>D)</b> En branques paral·leles on cada receptor rep una part de la tensió.</div></div></div>","<div style=""text-align: left; font-family: -apple-system, sans-serif;""><div style=""font-weight: bold; font-size: 16px; color: #10b981; margin-bottom: 8px;"">✓ Resposta Correcta: C</div><div style=""font-size: 14px; margin-bottom: 12px; padding: 10px; background: rgba(16,185,129,0.1); border-radius: 6px; border-left: 4px solid #10b981;"">C) Un darrere l’altre, formant un únic camí per al corrent.</div><hr style=""border: 0; border-top: 1px solid #ddd; margin: 12px 0;""><div style=""font-size: 13px; color: #444; line-height: 1.4;""><b style=""color: #111;"">Explicació:</b> La sèrie es caracteritza per un únic recorregut que travessa successivament tots els receptors.</div></div>","T11_-_Electricitat","16328"
"<div style=""text-align: left; font-family: -apple-system, sans-serif;""><div style=""font-size: 11px; color: #888; margin-bottom: 6px;"">[T11 - Electricitat] Pregunta 109</div><div style=""font-weight: bold; font-size: 16px; margin-bottom: 14px; line-height: 1.4;"">Què significa que tensió i intensitat estan desfasades en corrent altern?</div><div style=""font-size: 14px; line-height: 1.6;""><div style=""padding: 5px 0;""><b>A)</b> Que els seus valors eficaços són diferents encara que els pics coincideixin.</div><div style=""padding: 5px 0;""><b>B)</b> Que circulen per conductors físicament separats.</div><div style=""padding: 5px 0;""><b>C)</b> Que una de les dues magnituds deixa de variar amb el temps.</div><div style=""padding: 5px 0;""><b>D)</b> Que els seus pics no s’assoleixen al mateix instant.</div></div></div>","<div style=""text-align: left; font-family: -apple-system, sans-serif;""><div style=""font-weight: bold; font-size: 16px; color: #10b981; margin-bottom: 8px;"">✓ Resposta Correcta: D</div><div style=""font-size: 14px; margin-bottom: 12px; padding: 10px; background: rgba(16,185,129,0.1); border-radius: 6px; border-left: 4px solid #10b981;"">D) Que els seus pics no s’assoleixen al mateix instant.</div><hr style=""border: 0; border-top: 1px solid #ddd; margin: 12px 0;""><div style=""font-size: 13px; color: #444; line-height: 1.4;""><b style=""color: #111;"">Explicació:</b> El desfasament expressa una diferència temporal o angular entre les dues ones.</div></div>","T11_-_Electricitat","16429"
"<div style=""text-align: left; font-family: -apple-system, sans-serif;""><div style=""font-size: 11px; color: #888; margin-bottom: 6px;"">[T11 - Electricitat] Pregunta 110</div><div style=""font-weight: bold; font-size: 16px; margin-bottom: 14px; line-height: 1.4;"">Quants conductors pot tenir un sistema trifàsic complet amb neutre?</div><div style=""font-size: 14px; line-height: 1.6;""><div style=""padding: 5px 0;""><b>A)</b> Tres conductors: dues fases i un neutre.</div><div style=""padding: 5px 0;""><b>B)</b> Quatre conductors: tres fases i un neutre.</div><div style=""padding: 5px 0;""><b>C)</b> Cinc conductors: quatre fases i un neutre.</div><div style=""padding: 5px 0;""><b>D)</b> Dos conductors: una fase i un neutre.</div></div></div>","<div style=""text-align: left; font-family: -apple-system, sans-serif;""><div style=""font-weight: bold; font-size: 16px; color: #10b981; margin-bottom: 8px;"">✓ Resposta Correcta: B</div><div style=""font-size: 14px; margin-bottom: 12px; padding: 10px; background: rgba(16,185,129,0.1); border-radius: 6px; border-left: 4px solid #10b981;"">B) Quatre conductors: tres fases i un neutre.</div><hr style=""border: 0; border-top: 1px solid #ddd; margin: 12px 0;""><div style=""font-size: 13px; color: #444; line-height: 1.4;""><b style=""color: #111;"">Explicació:</b> Un sistema trifàsic complet pot disposar de L1, L2, L3 i N.</div></div>","T11_-_Electricitat","16415"
"<div style=""text-align: left; font-family: -apple-system, sans-serif;""><div style=""font-size: 11px; color: #888; margin-bottom: 6px;"">[T11 - Electricitat] Pregunta 111</div><div style=""font-weight: bold; font-size: 16px; margin-bottom: 14px; line-height: 1.4;"">Quina situació mostra que el cos humà pot actuar com a conductor?</div><div style=""font-size: 14px; line-height: 1.6;""><div style=""padding: 5px 0;""><b>A)</b> Un conductor metàl·lic que transporta corrent entre dos elements del circuit.</div><div style=""padding: 5px 0;""><b>B)</b> Un receptor que transforma energia elèctrica en moviment mecànic.</div><div style=""padding: 5px 0;""><b>C)</b> Una electrocució en què el corrent travessa el cos.</div><div style=""padding: 5px 0;""><b>D)</b> Una persona aïllada que no tanca cap camí entre potencials diferents.</div></div></div>","<div style=""text-align: left; font-family: -apple-system, sans-serif;""><div style=""font-weight: bold; font-size: 16px; color: #10b981; margin-bottom: 8px;"">✓ Resposta Correcta: A</div><div style=""font-size: 14px; margin-bottom: 12px; padding: 10px; background: rgba(16,185,129,0.1); border-radius: 6px; border-left: 4px solid #10b981;"">A) Un conductor metàl·lic que transporta corrent entre dos elements del circuit.</div><hr style=""border: 0; border-top: 1px solid #ddd; margin: 12px 0;""><div style=""font-size: 13px; color: #444; line-height: 1.4;""><b style=""color: #111;"">Explicació:</b> En un curtcircuit el recorregut evita la càrrega prevista i la dissipació al conductor pot ser molt elevada.</div></div>","T11_-_Electricitat","16320"
"<div style=""text-align: left; font-family: -apple-system, sans-serif;""><div style=""font-size: 11px; color: #888; margin-bottom: 6px;"">[T11 - Electricitat] Pregunta 112</div><div style=""font-weight: bold; font-size: 16px; margin-bottom: 14px; line-height: 1.4;"">Quins elements poden interactuar amb els camps de les bobines d’un motor?</div><div style=""font-size: 14px; line-height: 1.6;""><div style=""padding: 5px 0;""><b>A)</b> Amb resistències calefactores que transformen el camp magnètic en calor.</div><div style=""padding: 5px 0;""><b>B)</b> Amb condensadors que creen un camp elèctric i anul·len el camp de la bobina.</div><div style=""padding: 5px 0;""><b>C)</b> Amb díodes que rectifiquen el camp magnètic abans de produir moviment.</div><div style=""padding: 5px 0;""><b>D)</b> Amb imants permanents o amb electroimants que aporten un altre camp magnètic.</div></div></div>","<div style=""text-align: left; font-family: -apple-system, sans-serif;""><div style=""font-weight: bold; font-size: 16px; color: #10b981; margin-bottom: 8px;"">✓ Resposta Correcta: D</div><div style=""font-size: 14px; margin-bottom: 12px; padding: 10px; background: rgba(16,185,129,0.1); border-radius: 6px; border-left: 4px solid #10b981;"">D) Amb imants permanents o amb electroimants que aporten un altre camp magnètic.</div><hr style=""border: 0; border-top: 1px solid #ddd; margin: 12px 0;""><div style=""font-size: 13px; color: #444; line-height: 1.4;""><b style=""color: #111;"">Explicació:</b> El moviment del motor apareix per la interacció entre els camps de les bobines i els d’imants permanents o electroimants.</div></div>","T11_-_Electricitat","16474"
"<div style=""text-align: left; font-family: -apple-system, sans-serif;""><div style=""font-size: 11px; color: #888; margin-bottom: 6px;"">[T11 - Electricitat] Pregunta 113</div><div style=""font-weight: bold; font-size: 16px; margin-bottom: 14px; line-height: 1.4;"">Quina és l’expressió bàsica de la llei d’Ohm?</div><div style=""font-size: 14px; line-height: 1.6;""><div style=""padding: 5px 0;""><b>A)</b> V = I / R.</div><div style=""padding: 5px 0;""><b>B)</b> I = R / V.</div><div style=""padding: 5px 0;""><b>C)</b> I = V / R.</div><div style=""padding: 5px 0;""><b>D)</b> R = I × V.</div></div></div>","<div style=""text-align: left; font-family: -apple-system, sans-serif;""><div style=""font-weight: bold; font-size: 16px; color: #10b981; margin-bottom: 8px;"">✓ Resposta Correcta: C</div><div style=""font-size: 14px; margin-bottom: 12px; padding: 10px; background: rgba(16,185,129,0.1); border-radius: 6px; border-left: 4px solid #10b981;"">C) I = V / R.</div><hr style=""border: 0; border-top: 1px solid #ddd; margin: 12px 0;""><div style=""font-size: 13px; color: #444; line-height: 1.4;""><b style=""color: #111;"">Explicació:</b> La intensitat es calcula dividint la tensió entre la resistència.</div></div>","T11_-_Electricitat","14894"
"<div style=""text-align: left; font-family: -apple-system, sans-serif;""><div style=""font-size: 11px; color: #888; margin-bottom: 6px;"">[T11 - Electricitat] Pregunta 114</div><div style=""font-weight: bold; font-size: 16px; margin-bottom: 14px; line-height: 1.4;"">Un equip funciona a 12 V i consumeix 5 A. Quina potència té?</div><div style=""font-size: 14px; line-height: 1.6;""><div style=""padding: 5px 0;""><b>A)</b> 600 W.</div><div style=""padding: 5px 0;""><b>B)</b> 17 W.</div><div style=""padding: 5px 0;""><b>C)</b> 60 W.</div><div style=""padding: 5px 0;""><b>D)</b> 120 W.</div></div></div>","<div style=""text-align: left; font-family: -apple-system, sans-serif;""><div style=""font-weight: bold; font-size: 16px; color: #10b981; margin-bottom: 8px;"">✓ Resposta Correcta: C</div><div style=""font-size: 14px; margin-bottom: 12px; padding: 10px; background: rgba(16,185,129,0.1); border-radius: 6px; border-left: 4px solid #10b981;"">C) 60 W.</div><hr style=""border: 0; border-top: 1px solid #ddd; margin: 12px 0;""><div style=""font-size: 13px; color: #444; line-height: 1.4;""><b style=""color: #111;"">Explicació:</b> La potència és P = V × I; per tant, 12 × 5 = 60 W.</div></div>","T11_-_Electricitat","14938"
"<div style=""text-align: left; font-family: -apple-system, sans-serif;""><div style=""font-size: 11px; color: #888; margin-bottom: 6px;"">[T11 - Electricitat] Pregunta 115</div><div style=""font-weight: bold; font-size: 16px; margin-bottom: 14px; line-height: 1.4;"">Com es calcula la resistència total de diversos receptors connectats en sèrie?</div><div style=""font-size: 14px; line-height: 1.6;""><div style=""padding: 5px 0;""><b>A)</b> Dividint la resistència més gran pel nombre de receptors.</div><div style=""padding: 5px 0;""><b>B)</b> Sumant els inversos de les resistències individuals.</div><div style=""padding: 5px 0;""><b>C)</b> Sumant les resistències individuals.</div><div style=""padding: 5px 0;""><b>D)</b> Multiplicant la tensió total per la intensitat del circuit.</div></div></div>","<div style=""text-align: left; font-family: -apple-system, sans-serif;""><div style=""font-weight: bold; font-size: 16px; color: #10b981; margin-bottom: 8px;"">✓ Resposta Correcta: C</div><div style=""font-size: 14px; margin-bottom: 12px; padding: 10px; background: rgba(16,185,129,0.1); border-radius: 6px; border-left: 4px solid #10b981;"">C) Sumant les resistències individuals.</div><hr style=""border: 0; border-top: 1px solid #ddd; margin: 12px 0;""><div style=""font-size: 13px; color: #444; line-height: 1.4;""><b style=""color: #111;"">Explicació:</b> En sèrie, Rtotal = R1 + R2 + R3 + ...</div></div>","T11_-_Electricitat","16334"
"<div style=""text-align: left; font-family: -apple-system, sans-serif;""><div style=""font-size: 11px; color: #888; margin-bottom: 6px;"">[T11 - Electricitat] Pregunta 116</div><div style=""font-weight: bold; font-size: 16px; margin-bottom: 14px; line-height: 1.4;"">Per obtenir la mateixa potència amb menys tensió, què cal?</div><div style=""font-size: 14px; line-height: 1.6;""><div style=""padding: 5px 0;""><b>A)</b> Menys intensitat.</div><div style=""padding: 5px 0;""><b>B)</b> Menys temps de circulació.</div><div style=""padding: 5px 0;""><b>C)</b> La mateixa resistència en qualsevol cas.</div><div style=""padding: 5px 0;""><b>D)</b> Més intensitat.</div></div></div>","<div style=""text-align: left; font-family: -apple-system, sans-serif;""><div style=""font-weight: bold; font-size: 16px; color: #10b981; margin-bottom: 8px;"">✓ Resposta Correcta: D</div><div style=""font-size: 14px; margin-bottom: 12px; padding: 10px; background: rgba(16,185,129,0.1); border-radius: 6px; border-left: 4px solid #10b981;"">D) Més intensitat.</div><hr style=""border: 0; border-top: 1px solid #ddd; margin: 12px 0;""><div style=""font-size: 13px; color: #444; line-height: 1.4;""><b style=""color: #111;"">Explicació:</b> Si la potència es manté i la tensió baixa, la intensitat ha d’augmentar perquè P = V × I.</div></div>","T11_-_Electricitat","14935"
"<div style=""text-align: left; font-family: -apple-system, sans-serif;""><div style=""font-size: 11px; color: #888; margin-bottom: 6px;"">[T11 - Electricitat] Pregunta 117</div><div style=""font-weight: bold; font-size: 16px; margin-bottom: 14px; line-height: 1.4;"">Quin element del circuit simple converteix l’energia elèctrica en moviment en el cas d’un motor?</div><div style=""font-size: 14px; line-height: 1.6;""><div style=""padding: 5px 0;""><b>A)</b> La font de tensió.</div><div style=""padding: 5px 0;""><b>B)</b> El conductor.</div><div style=""padding: 5px 0;""><b>C)</b> El receptor o càrrega.</div><div style=""padding: 5px 0;""><b>D)</b> L’interruptor.</div></div></div>","<div style=""text-align: left; font-family: -apple-system, sans-serif;""><div style=""font-weight: bold; font-size: 16px; color: #10b981; margin-bottom: 8px;"">✓ Resposta Correcta: C</div><div style=""font-size: 14px; margin-bottom: 12px; padding: 10px; background: rgba(16,185,129,0.1); border-radius: 6px; border-left: 4px solid #10b981;"">C) El receptor o càrrega.</div><hr style=""border: 0; border-top: 1px solid #ddd; margin: 12px 0;""><div style=""font-size: 13px; color: #444; line-height: 1.4;""><b style=""color: #111;"">Explicació:</b> Un motor és un receptor perquè transforma l’energia elèctrica en energia mecànica.</div></div>","T11_-_Electricitat","16324"
"<div style=""text-align: left; font-family: -apple-system, sans-serif;""><div style=""font-size: 11px; color: #888; margin-bottom: 6px;"">[T11 - Electricitat] Pregunta 118</div><div style=""font-weight: bold; font-size: 16px; margin-bottom: 14px; line-height: 1.4;"">Què genera la bobina primària d’un transformador quan s’hi aplica corrent altern?</div><div style=""font-size: 14px; line-height: 1.6;""><div style=""padding: 5px 0;""><b>A)</b> Una tensió contínua estabilitzada.</div><div style=""padding: 5px 0;""><b>B)</b> Un camp magnètic variable.</div><div style=""padding: 5px 0;""><b>C)</b> Un camp magnètic constant.</div><div style=""padding: 5px 0;""><b>D)</b> Una potència reactiva nul·la.</div></div></div>","<div style=""text-align: left; font-family: -apple-system, sans-serif;""><div style=""font-weight: bold; font-size: 16px; color: #10b981; margin-bottom: 8px;"">✓ Resposta Correcta: B</div><div style=""font-size: 14px; margin-bottom: 12px; padding: 10px; background: rgba(16,185,129,0.1); border-radius: 6px; border-left: 4px solid #10b981;"">B) Un camp magnètic variable.</div><hr style=""border: 0; border-top: 1px solid #ddd; margin: 12px 0;""><div style=""font-size: 13px; color: #444; line-height: 1.4;""><b style=""color: #111;"">Explicació:</b> L’AC de la primària crea el camp variable necessari per a la inducció.</div></div>","T11_-_Electricitat","16479"
"<div style=""text-align: left; font-family: -apple-system, sans-serif;""><div style=""font-size: 11px; color: #888; margin-bottom: 6px;"">[T11 - Electricitat] Pregunta 119</div><div style=""font-weight: bold; font-size: 16px; margin-bottom: 14px; line-height: 1.4;"">Quin element s’utilitza habitualment per millorar el factor de potència de càrregues inductives?</div><div style=""font-size: 14px; line-height: 1.6;""><div style=""padding: 5px 0;""><b>A)</b> Transformadors que augmenten la freqüència de la xarxa fins a compensar el desfasament.</div><div style=""padding: 5px 0;""><b>B)</b> Resistències en sèrie que incrementen la caiguda de tensió de la instal·lació.</div><div style=""padding: 5px 0;""><b>C)</b> Condensadors que aporten potència reactiva de signe oposat.</div><div style=""padding: 5px 0;""><b>D)</b> Bobines addicionals que augmenten la potència reactiva inductiva.</div></div></div>","<div style=""text-align: left; font-family: -apple-system, sans-serif;""><div style=""font-weight: bold; font-size: 16px; color: #10b981; margin-bottom: 8px;"">✓ Resposta Correcta: C</div><div style=""font-size: 14px; margin-bottom: 12px; padding: 10px; background: rgba(16,185,129,0.1); border-radius: 6px; border-left: 4px solid #10b981;"">C) Condensadors que aporten potència reactiva de signe oposat.</div><hr style=""border: 0; border-top: 1px solid #ddd; margin: 12px 0;""><div style=""font-size: 13px; color: #444; line-height: 1.4;""><b style=""color: #111;"">Explicació:</b> Les bateries de condensadors compensen part de la potència reactiva inductiva i milloren el factor de potència.</div></div>","T11_-_Electricitat","16449"
"<div style=""text-align: left; font-family: -apple-system, sans-serif;""><div style=""font-size: 11px; color: #888; margin-bottom: 6px;"">[T11 - Electricitat] Pregunta 120</div><div style=""font-weight: bold; font-size: 16px; margin-bottom: 14px; line-height: 1.4;"">En el context dels circuits, què significa el terme càrrega quan es parla d’un receptor?</div><div style=""font-size: 14px; line-height: 1.6;""><div style=""padding: 5px 0;""><b>A)</b> La diferència de potencial creada entre els terminals de la font.</div><div style=""padding: 5px 0;""><b>B)</b> L’element que rep i transforma l’energia elèctrica.</div><div style=""padding: 5px 0;""><b>C)</b> La quantitat de càrrega elèctrica expressada en coulombs que hi ha al conductor.</div><div style=""padding: 5px 0;""><b>D)</b> La resistència equivalent del conjunt de conductors del circuit.</div></div></div>","<div style=""text-align: left; font-family: -apple-system, sans-serif;""><div style=""font-weight: bold; font-size: 16px; color: #10b981; margin-bottom: 8px;"">✓ Resposta Correcta: B</div><div style=""font-size: 14px; margin-bottom: 12px; padding: 10px; background: rgba(16,185,129,0.1); border-radius: 6px; border-left: 4px solid #10b981;"">B) L’element que rep i transforma l’energia elèctrica.</div><hr style=""border: 0; border-top: 1px solid #ddd; margin: 12px 0;""><div style=""font-size: 13px; color: #444; line-height: 1.4;""><b style=""color: #111;"">Explicació:</b> En aquest context, càrrega és sinònim de receptor i no de la magnitud càrrega elèctrica.</div></div>","T11_-_Electricitat","16315"
"<div style=""text-align: left; font-family: -apple-system, sans-serif;""><div style=""font-size: 11px; color: #888; margin-bottom: 6px;"">[T11 - Electricitat] Pregunta 121</div><div style=""font-weight: bold; font-size: 16px; margin-bottom: 14px; line-height: 1.4;"">Quan el corrent segueix un camí no previst, quins medis poden arribar a actuar com a conductors?</div><div style=""font-size: 14px; line-height: 1.6;""><div style=""padding: 5px 0;""><b>A)</b> L’aire, el terra i el cos humà.</div><div style=""padding: 5px 0;""><b>B)</b> La llum, la calor i el moviment.</div><div style=""padding: 5px 0;""><b>C)</b> La tensió, la resistència i la potència.</div><div style=""padding: 5px 0;""><b>D)</b> La font, el receptor i l’interruptor.</div></div></div>","<div style=""text-align: left; font-family: -apple-system, sans-serif;""><div style=""font-weight: bold; font-size: 16px; color: #10b981; margin-bottom: 8px;"">✓ Resposta Correcta: A</div><div style=""font-size: 14px; margin-bottom: 12px; padding: 10px; background: rgba(16,185,129,0.1); border-radius: 6px; border-left: 4px solid #10b981;"">A) L’aire, el terra i el cos humà.</div><hr style=""border: 0; border-top: 1px solid #ddd; margin: 12px 0;""><div style=""font-size: 13px; color: #444; line-height: 1.4;""><b style=""color: #111;"">Explicació:</b> En situacions anòmales, el corrent pot circular per medis diferents dels cables previstos.</div></div>","T11_-_Electricitat","16317"
"<div style=""text-align: left; font-family: -apple-system, sans-serif;""><div style=""font-size: 11px; color: #888; margin-bottom: 6px;"">[T11 - Electricitat] Pregunta 122</div><div style=""font-weight: bold; font-size: 16px; margin-bottom: 14px; line-height: 1.4;"">Quin paper té la terra en les xarxes de distribució descrites?</div><div style=""font-size: 14px; line-height: 1.6;""><div style=""padding: 5px 0;""><b>A)</b> Està aïllada del neutre i impedeix qualsevol retorn de corrent.</div><div style=""padding: 5px 0;""><b>B)</b> Condueix el corrent de retorn quan la xarxa funciona en corrent continu.</div><div style=""padding: 5px 0;""><b>C)</b> Està connectada al neutre i pot actuar com a conductor de retorn.</div><div style=""padding: 5px 0;""><b>D)</b> Actua com a fase addicional amb una tensió superior a la del neutre.</div></div></div>","<div style=""text-align: left; font-family: -apple-system, sans-serif;""><div style=""font-weight: bold; font-size: 16px; color: #10b981; margin-bottom: 8px;"">✓ Resposta Correcta: C</div><div style=""font-size: 14px; margin-bottom: 12px; padding: 10px; background: rgba(16,185,129,0.1); border-radius: 6px; border-left: 4px solid #10b981;"">C) Està connectada al neutre i pot actuar com a conductor de retorn.</div><hr style=""border: 0; border-top: 1px solid #ddd; margin: 12px 0;""><div style=""font-size: 13px; color: #444; line-height: 1.4;""><b style=""color: #111;"">Explicació:</b> La connexió entre terra i neutre permet que el terreny pugui formar part del camí de retorn.</div></div>","T11_-_Electricitat","16503"
"<div style=""text-align: left; font-family: -apple-system, sans-serif;""><div style=""font-size: 11px; color: #888; margin-bottom: 6px;"">[T11 - Electricitat] Pregunta 123</div><div style=""font-weight: bold; font-size: 16px; margin-bottom: 14px; line-height: 1.4;"">De què depèn l’augment de temperatura d’un conductor escalfat per efecte Joule?</div><div style=""font-size: 14px; line-height: 1.6;""><div style=""padding: 5px 0;""><b>A)</b> Del fet que el corrent sigui sempre continu.</div><div style=""padding: 5px 0;""><b>B)</b> De la capacitat del conductor per dissipar la calor cap a l’entorn.</div><div style=""padding: 5px 0;""><b>C)</b> Només de la tensió nominal del circuit.</div><div style=""padding: 5px 0;""><b>D)</b> Del sentit convencional del corrent elèctric.</div></div></div>","<div style=""text-align: left; font-family: -apple-system, sans-serif;""><div style=""font-weight: bold; font-size: 16px; color: #10b981; margin-bottom: 8px;"">✓ Resposta Correcta: B</div><div style=""font-size: 14px; margin-bottom: 12px; padding: 10px; background: rgba(16,185,129,0.1); border-radius: 6px; border-left: 4px solid #10b981;"">B) De la capacitat del conductor per dissipar la calor cap a l’entorn.</div><hr style=""border: 0; border-top: 1px solid #ddd; margin: 12px 0;""><div style=""font-size: 13px; color: #444; line-height: 1.4;""><b style=""color: #111;"">Explicació:</b> La calor generada no sempre implica el mateix augment de temperatura; també importa com el conductor dissipa aquesta calor.</div></div>","T11_-_Electricitat","14925"
"<div style=""text-align: left; font-family: -apple-system, sans-serif;""><div style=""font-size: 11px; color: #888; margin-bottom: 6px;"">[T11 - Electricitat] Pregunta 124</div><div style=""font-weight: bold; font-size: 16px; margin-bottom: 14px; line-height: 1.4;"">Quin risc específic presenta l’electricitat en una intervenció d’emergència pel fet de no percebre’s directament amb els sentits?</div><div style=""font-size: 14px; line-height: 1.6;""><div style=""padding: 5px 0;""><b>A)</b> Deixa de ser perillosa quan no genera soroll ni moviment perceptible.</div><div style=""padding: 5px 0;""><b>B)</b> Es manifesta sempre abans de provocar risc mitjançant calor o vibracions.</div><div style=""padding: 5px 0;""><b>C)</b> Pot estar present sense donar senyals evidents fins que apareix una avaria o una situació de perill.</div><div style=""padding: 5px 0;""><b>D)</b> Només és detectable quan produeix una espurna visible o una olor característica.</div></div></div>","<div style=""text-align: left; font-family: -apple-system, sans-serif;""><div style=""font-weight: bold; font-size: 16px; color: #10b981; margin-bottom: 8px;"">✓ Resposta Correcta: C</div><div style=""font-size: 14px; margin-bottom: 12px; padding: 10px; background: rgba(16,185,129,0.1); border-radius: 6px; border-left: 4px solid #10b981;"">C) Pot estar present sense donar senyals evidents fins que apareix una avaria o una situació de perill.</div><hr style=""border: 0; border-top: 1px solid #ddd; margin: 12px 0;""><div style=""font-size: 13px; color: #444; line-height: 1.4;""><b style=""color: #111;"">Explicació:</b> La dificultat operativa és que l’electricitat pot ser present sense senyals sensorials clars; per això cal valorar el risc abans d’actuar.</div></div>","T11_-_Electricitat","16524"
"<div style=""text-align: left; font-family: -apple-system, sans-serif;""><div style=""font-size: 11px; color: #888; margin-bottom: 6px;"">[T11 - Electricitat] Pregunta 125</div><div style=""font-weight: bold; font-size: 16px; margin-bottom: 14px; line-height: 1.4;"">Per què la resistència total augmenta quan s’afegeixen receptors en sèrie?</div><div style=""font-size: 14px; line-height: 1.6;""><div style=""padding: 5px 0;""><b>A)</b> Perquè cada receptor crea una branca independent per al corrent.</div><div style=""padding: 5px 0;""><b>B)</b> Perquè la intensitat total es divideix entre totes les càrregues.</div><div style=""padding: 5px 0;""><b>C)</b> Perquè el corrent ha de travessar successivament totes les resistències.</div><div style=""padding: 5px 0;""><b>D)</b> Perquè la tensió es manté igual a tots els receptors.</div></div></div>","<div style=""text-align: left; font-family: -apple-system, sans-serif;""><div style=""font-weight: bold; font-size: 16px; color: #10b981; margin-bottom: 8px;"">✓ Resposta Correcta: C</div><div style=""font-size: 14px; margin-bottom: 12px; padding: 10px; background: rgba(16,185,129,0.1); border-radius: 6px; border-left: 4px solid #10b981;"">C) Perquè el corrent ha de travessar successivament totes les resistències.</div><hr style=""border: 0; border-top: 1px solid #ddd; margin: 12px 0;""><div style=""font-size: 13px; color: #444; line-height: 1.4;""><b style=""color: #111;"">Explicació:</b> Cada resistència afegeix oposició al mateix recorregut del corrent.</div></div>","T11_-_Electricitat","16335"
"<div style=""text-align: left; font-family: -apple-system, sans-serif;""><div style=""font-size: 11px; color: #888; margin-bottom: 6px;"">[T11 - Electricitat] Pregunta 126</div><div style=""font-weight: bold; font-size: 16px; margin-bottom: 14px; line-height: 1.4;"">Què és la resistència elèctrica?</div><div style=""font-size: 14px; line-height: 1.6;""><div style=""padding: 5px 0;""><b>A)</b> La quantitat d’electrons que passen per un punt en un temps determinat.</div><div style=""padding: 5px 0;""><b>B)</b> L’oposició que un material presenta al pas del corrent elèctric.</div><div style=""padding: 5px 0;""><b>C)</b> La força que impulsa els electrons a moure’s per un conductor.</div><div style=""padding: 5px 0;""><b>D)</b> La quantitat d’energia consumida al llarg del temps.</div></div></div>","<div style=""text-align: left; font-family: -apple-system, sans-serif;""><div style=""font-weight: bold; font-size: 16px; color: #10b981; margin-bottom: 8px;"">✓ Resposta Correcta: B</div><div style=""font-size: 14px; margin-bottom: 12px; padding: 10px; background: rgba(16,185,129,0.1); border-radius: 6px; border-left: 4px solid #10b981;"">B) L’oposició que un material presenta al pas del corrent elèctric.</div><hr style=""border: 0; border-top: 1px solid #ddd; margin: 12px 0;""><div style=""font-size: 13px; color: #444; line-height: 1.4;""><b style=""color: #111;"">Explicació:</b> La resistència expressa la dificultat que ofereix un material al pas del corrent elèctric.</div></div>","T11_-_Electricitat","14854"
"<div style=""text-align: left; font-family: -apple-system, sans-serif;""><div style=""font-size: 11px; color: #888; margin-bottom: 6px;"">[T11 - Electricitat] Pregunta 127</div><div style=""font-weight: bold; font-size: 16px; margin-bottom: 14px; line-height: 1.4;"">Quin avantatge té reduir la intensitat en el transport elèctric?</div><div style=""font-size: 14px; line-height: 1.6;""><div style=""padding: 5px 0;""><b>A)</b> Permet fer circular més càrrega sense modificar la potència.</div><div style=""padding: 5px 0;""><b>B)</b> Permet reduir pèrdues i utilitzar cables més prims.</div><div style=""padding: 5px 0;""><b>C)</b> Permet augmentar l’efecte Joule per escalfar millor la línia i reduir la resistència.</div><div style=""padding: 5px 0;""><b>D)</b> Permet prescindir de transformadors i de qualsevol aïllament.</div></div></div>","<div style=""text-align: left; font-family: -apple-system, sans-serif;""><div style=""font-weight: bold; font-size: 16px; color: #10b981; margin-bottom: 8px;"">✓ Resposta Correcta: B</div><div style=""font-size: 14px; margin-bottom: 12px; padding: 10px; background: rgba(16,185,129,0.1); border-radius: 6px; border-left: 4px solid #10b981;"">B) Permet reduir pèrdues i utilitzar cables més prims.</div><hr style=""border: 0; border-top: 1px solid #ddd; margin: 12px 0;""><div style=""font-size: 13px; color: #444; line-height: 1.4;""><b style=""color: #111;"">Explicació:</b> Una intensitat més baixa redueix les pèrdues per calor i facilita l’ús de conductors de menor secció. Això fa més eficient el transport d’energia.</div></div>","T11_-_Electricitat","16294"
"<div style=""text-align: left; font-family: -apple-system, sans-serif;""><div style=""font-size: 11px; color: #888; margin-bottom: 6px;"">[T11 - Electricitat] Pregunta 128</div><div style=""font-weight: bold; font-size: 16px; margin-bottom: 14px; line-height: 1.4;"">Un termo elèctric de 1.000 W funcionant durant 2 hores consumeix:</div><div style=""font-size: 14px; line-height: 1.6;""><div style=""padding: 5px 0;""><b>A)</b> 2 kWh.</div><div style=""padding: 5px 0;""><b>B)</b> 20 kWh.</div><div style=""padding: 5px 0;""><b>C)</b> 0,2 kWh.</div><div style=""padding: 5px 0;""><b>D)</b> 1 kWh.</div></div></div>","<div style=""text-align: left; font-family: -apple-system, sans-serif;""><div style=""font-weight: bold; font-size: 16px; color: #10b981; margin-bottom: 8px;"">✓ Resposta Correcta: A</div><div style=""font-size: 14px; margin-bottom: 12px; padding: 10px; background: rgba(16,185,129,0.1); border-radius: 6px; border-left: 4px solid #10b981;"">A) 2 kWh.</div><hr style=""border: 0; border-top: 1px solid #ddd; margin: 12px 0;""><div style=""font-size: 13px; color: #444; line-height: 1.4;""><b style=""color: #111;"">Explicació:</b> 1.000 W equivalen a 1 kW; durant 2 hores, el consum és de 2 kWh.</div></div>","T11_-_Electricitat","14871"
"<div style=""text-align: left; font-family: -apple-system, sans-serif;""><div style=""font-size: 11px; color: #888; margin-bottom: 6px;"">[T11 - Electricitat] Pregunta 129</div><div style=""font-weight: bold; font-size: 16px; margin-bottom: 14px; line-height: 1.4;"">Per què una bobina genera un camp magnètic més intens que una única espira?</div><div style=""font-size: 14px; line-height: 1.6;""><div style=""padding: 5px 0;""><b>A)</b> Perquè el corrent deixa de generar camp a l’exterior de la bobina.</div><div style=""padding: 5px 0;""><b>B)</b> Perquè les espires converteixen el corrent altern en corrent continu.</div><div style=""padding: 5px 0;""><b>C)</b> Perquè se sumen els camps magnètics generats per les diferents espires.</div><div style=""padding: 5px 0;""><b>D)</b> Perquè cada espira anul·la parcialment la resistència de l’anterior.</div></div></div>","<div style=""text-align: left; font-family: -apple-system, sans-serif;""><div style=""font-weight: bold; font-size: 16px; color: #10b981; margin-bottom: 8px;"">✓ Resposta Correcta: C</div><div style=""font-size: 14px; margin-bottom: 12px; padding: 10px; background: rgba(16,185,129,0.1); border-radius: 6px; border-left: 4px solid #10b981;"">C) Perquè se sumen els camps magnètics generats per les diferents espires.</div><hr style=""border: 0; border-top: 1px solid #ddd; margin: 12px 0;""><div style=""font-size: 13px; color: #444; line-height: 1.4;""><b style=""color: #111;"">Explicació:</b> En una bobina, els camps de les espires se superposen i reforcen el camp resultant.</div></div>","T11_-_Electricitat","16469"
"<div style=""text-align: left; font-family: -apple-system, sans-serif;""><div style=""font-size: 11px; color: #888; margin-bottom: 6px;"">[T11 - Electricitat] Pregunta 130</div><div style=""font-weight: bold; font-size: 16px; margin-bottom: 14px; line-height: 1.4;"">Quin conjunt correspon a càrregues inductives?</div><div style=""font-size: 14px; line-height: 1.6;""><div style=""padding: 5px 0;""><b>A)</b> Torradores, motors, condensadors i resistències calefactores.</div><div style=""padding: 5px 0;""><b>B)</b> Bombetes incandescents, estufes, torradores i resistències.</div><div style=""padding: 5px 0;""><b>C)</b> Condensadors de compensació, fonts d’alimentació i llums LED.</div><div style=""padding: 5px 0;""><b>D)</b> Motors, transformadors, fluorescents amb balast i solenoides.</div></div></div>","<div style=""text-align: left; font-family: -apple-system, sans-serif;""><div style=""font-weight: bold; font-size: 16px; color: #10b981; margin-bottom: 8px;"">✓ Resposta Correcta: D</div><div style=""font-size: 14px; margin-bottom: 12px; padding: 10px; background: rgba(16,185,129,0.1); border-radius: 6px; border-left: 4px solid #10b981;"">D) Motors, transformadors, fluorescents amb balast i solenoides.</div><hr style=""border: 0; border-top: 1px solid #ddd; margin: 12px 0;""><div style=""font-size: 13px; color: #444; line-height: 1.4;""><b style=""color: #111;"">Explicació:</b> Motors, transformadors i solenoides són exemples típics d’elements amb comportament inductiu.</div></div>","T11_-_Electricitat","16426"
"<div style=""text-align: left; font-family: -apple-system, sans-serif;""><div style=""font-size: 11px; color: #888; margin-bottom: 6px;"">[T11 - Electricitat] Pregunta 131</div><div style=""font-weight: bold; font-size: 16px; margin-bottom: 14px; line-height: 1.4;"">Quina fórmula de potència s’obté combinant P = V × I amb V = I × R?</div><div style=""font-size: 14px; line-height: 1.6;""><div style=""padding: 5px 0;""><b>A)</b> P = V / I.</div><div style=""padding: 5px 0;""><b>B)</b> P = R / V.</div><div style=""padding: 5px 0;""><b>C)</b> P = I × t.</div><div style=""padding: 5px 0;""><b>D)</b> P = I² × R.</div></div></div>","<div style=""text-align: left; font-family: -apple-system, sans-serif;""><div style=""font-weight: bold; font-size: 16px; color: #10b981; margin-bottom: 8px;"">✓ Resposta Correcta: D</div><div style=""font-size: 14px; margin-bottom: 12px; padding: 10px; background: rgba(16,185,129,0.1); border-radius: 6px; border-left: 4px solid #10b981;"">D) P = I² × R.</div><hr style=""border: 0; border-top: 1px solid #ddd; margin: 12px 0;""><div style=""font-size: 13px; color: #444; line-height: 1.4;""><b style=""color: #111;"">Explicació:</b> Substituint V per I × R dins de P = V × I, s’obté P = I² × R.</div></div>","T11_-_Electricitat","14933"
"<div style=""text-align: left; font-family: -apple-system, sans-serif;""><div style=""font-size: 11px; color: #888; margin-bottom: 6px;"">[T11 - Electricitat] Pregunta 132</div><div style=""font-weight: bold; font-size: 16px; margin-bottom: 14px; line-height: 1.4;"">Quina magnitud descriu la quantitat d’electrons que hi ha o que passen per un punt?</div><div style=""font-size: 14px; line-height: 1.6;""><div style=""padding: 5px 0;""><b>A)</b> La càrrega elèctrica.</div><div style=""padding: 5px 0;""><b>B)</b> La resistència.</div><div style=""padding: 5px 0;""><b>C)</b> La tensió.</div><div style=""padding: 5px 0;""><b>D)</b> La potència.</div></div></div>","<div style=""text-align: left; font-family: -apple-system, sans-serif;""><div style=""font-weight: bold; font-size: 16px; color: #10b981; margin-bottom: 8px;"">✓ Resposta Correcta: A</div><div style=""font-size: 14px; margin-bottom: 12px; padding: 10px; background: rgba(16,185,129,0.1); border-radius: 6px; border-left: 4px solid #10b981;"">A) La càrrega elèctrica.</div><hr style=""border: 0; border-top: 1px solid #ddd; margin: 12px 0;""><div style=""font-size: 13px; color: #444; line-height: 1.4;""><b style=""color: #111;"">Explicació:</b> Aquesta formulació correspon a la càrrega elèctrica, que es mesura en coulombs.</div></div>","T11_-_Electricitat","14838"
"<div style=""text-align: left; font-family: -apple-system, sans-serif;""><div style=""font-size: 11px; color: #888; margin-bottom: 6px;"">[T11 - Electricitat] Pregunta 133</div><div style=""font-weight: bold; font-size: 16px; margin-bottom: 14px; line-height: 1.4;"">En un paral·lel circulen 1 A, 2 A i 3 A per tres branques. Quina intensitat total subministra la font?</div><div style=""font-size: 14px; line-height: 1.6;""><div style=""padding: 5px 0;""><b>A)</b> 2 A.</div><div style=""padding: 5px 0;""><b>B)</b> 3 A.</div><div style=""padding: 5px 0;""><b>C)</b> 1 A.</div><div style=""padding: 5px 0;""><b>D)</b> 6 A.</div></div></div>","<div style=""text-align: left; font-family: -apple-system, sans-serif;""><div style=""font-weight: bold; font-size: 16px; color: #10b981; margin-bottom: 8px;"">✓ Resposta Correcta: D</div><div style=""font-size: 14px; margin-bottom: 12px; padding: 10px; background: rgba(16,185,129,0.1); border-radius: 6px; border-left: 4px solid #10b981;"">D) 6 A.</div><hr style=""border: 0; border-top: 1px solid #ddd; margin: 12px 0;""><div style=""font-size: 13px; color: #444; line-height: 1.4;""><b style=""color: #111;"">Explicació:</b> La intensitat total és la suma de les intensitats de branca: 1 + 2 + 3 = 6 A.</div></div>","T11_-_Electricitat","16357"
"<div style=""text-align: left; font-family: -apple-system, sans-serif;""><div style=""font-size: 11px; color: #888; margin-bottom: 6px;"">[T11 - Electricitat] Pregunta 134</div><div style=""font-weight: bold; font-size: 16px; margin-bottom: 14px; line-height: 1.4;"">Com tendeix a variar la resistència del cos quan augmenta la tensió aplicada?</div><div style=""font-size: 14px; line-height: 1.6;""><div style=""padding: 5px 0;""><b>A)</b> Tendeix a disminuir, facilitant encara més el pas del corrent.</div><div style=""padding: 5px 0;""><b>B)</b> Tendeix a augmentar en la mateixa proporció, limitant automàticament el corrent.</div><div style=""padding: 5px 0;""><b>C)</b> Passa a ser infinita quan la tensió supera els valors considerats segurs.</div><div style=""padding: 5px 0;""><b>D)</b> Es manté pràcticament constant encara que augmenti la tensió aplicada.</div></div></div>","<div style=""text-align: left; font-family: -apple-system, sans-serif;""><div style=""font-weight: bold; font-size: 16px; color: #10b981; margin-bottom: 8px;"">✓ Resposta Correcta: A</div><div style=""font-size: 14px; margin-bottom: 12px; padding: 10px; background: rgba(16,185,129,0.1); border-radius: 6px; border-left: 4px solid #10b981;"">A) Tendeix a disminuir, facilitant encara més el pas del corrent.</div><hr style=""border: 0; border-top: 1px solid #ddd; margin: 12px 0;""><div style=""font-size: 13px; color: #444; line-height: 1.4;""><b style=""color: #111;"">Explicació:</b> Una tensió més elevada pot reduir la resistència efectiva del cos i afavorir una intensitat encara més gran.</div></div>","T11_-_Electricitat","16498"
"<div style=""text-align: left; font-family: -apple-system, sans-serif;""><div style=""font-size: 11px; color: #888; margin-bottom: 6px;"">[T11 - Electricitat] Pregunta 135</div><div style=""font-weight: bold; font-size: 16px; margin-bottom: 14px; line-height: 1.4;"">Quines configuracions de corrent altern són les més habituals segons la disposició dels conductors?</div><div style=""font-size: 14px; line-height: 1.6;""><div style=""padding: 5px 0;""><b>A)</b> Monofàsica i trifàsica.</div><div style=""padding: 5px 0;""><b>B)</b> Resistiva i inductiva.</div><div style=""padding: 5px 0;""><b>C)</b> Fase-neutre i fase-terra.</div><div style=""padding: 5px 0;""><b>D)</b> Rectificada i invertida.</div></div></div>","<div style=""text-align: left; font-family: -apple-system, sans-serif;""><div style=""font-weight: bold; font-size: 16px; color: #10b981; margin-bottom: 8px;"">✓ Resposta Correcta: A</div><div style=""font-size: 14px; margin-bottom: 12px; padding: 10px; background: rgba(16,185,129,0.1); border-radius: 6px; border-left: 4px solid #10b981;"">A) Monofàsica i trifàsica.</div><hr style=""border: 0; border-top: 1px solid #ddd; margin: 12px 0;""><div style=""font-size: 13px; color: #444; line-height: 1.4;""><b style=""color: #111;"">Explicació:</b> Les configuracions habituals del corrent altern segons la generació i la disposició dels conductors són la monofàsica i la trifàsica.</div></div>","T11_-_Electricitat","16396"
"<div style=""text-align: left; font-family: -apple-system, sans-serif;""><div style=""font-size: 11px; color: #888; margin-bottom: 6px;"">[T11 - Electricitat] Pregunta 136</div><div style=""font-weight: bold; font-size: 16px; margin-bottom: 14px; line-height: 1.4;"">Quines magnituds relaciona la llei d’Ohm?</div><div style=""font-size: 14px; line-height: 1.6;""><div style=""padding: 5px 0;""><b>A)</b> Tensió, potència aparent i factor de potència.</div><div style=""padding: 5px 0;""><b>B)</b> Càrrega, camp elèctric i freqüència.</div><div style=""padding: 5px 0;""><b>C)</b> Potència, energia i temps.</div><div style=""padding: 5px 0;""><b>D)</b> Tensió, intensitat i resistència.</div></div></div>","<div style=""text-align: left; font-family: -apple-system, sans-serif;""><div style=""font-weight: bold; font-size: 16px; color: #10b981; margin-bottom: 8px;"">✓ Resposta Correcta: D</div><div style=""font-size: 14px; margin-bottom: 12px; padding: 10px; background: rgba(16,185,129,0.1); border-radius: 6px; border-left: 4px solid #10b981;"">D) Tensió, intensitat i resistència.</div><hr style=""border: 0; border-top: 1px solid #ddd; margin: 12px 0;""><div style=""font-size: 13px; color: #444; line-height: 1.4;""><b style=""color: #111;"">Explicació:</b> La llei d’Ohm relaciona la tensió aplicada, la intensitat que circula i la resistència del conductor.</div></div>","T11_-_Electricitat","14892"
"<div style=""text-align: left; font-family: -apple-system, sans-serif;""><div style=""font-size: 11px; color: #888; margin-bottom: 6px;"">[T11 - Electricitat] Pregunta 137</div><div style=""font-weight: bold; font-size: 16px; margin-bottom: 14px; line-height: 1.4;"">Quina tensió eficaç hi ha habitualment entre fase i neutre a Europa?</div><div style=""font-size: 14px; line-height: 1.6;""><div style=""padding: 5px 0;""><b>A)</b> 120 V.</div><div style=""padding: 5px 0;""><b>B)</b> 325 V.</div><div style=""padding: 5px 0;""><b>C)</b> 230 V.</div><div style=""padding: 5px 0;""><b>D)</b> 400 V.</div></div></div>","<div style=""text-align: left; font-family: -apple-system, sans-serif;""><div style=""font-weight: bold; font-size: 16px; color: #10b981; margin-bottom: 8px;"">✓ Resposta Correcta: C</div><div style=""font-size: 14px; margin-bottom: 12px; padding: 10px; background: rgba(16,185,129,0.1); border-radius: 6px; border-left: 4px solid #10b981;"">C) 230 V.</div><hr style=""border: 0; border-top: 1px solid #ddd; margin: 12px 0;""><div style=""font-size: 13px; color: #444; line-height: 1.4;""><b style=""color: #111;"">Explicació:</b> La tensió eficaç entre fase i neutre és de 230 V.</div></div>","T11_-_Electricitat","16404"
"<div style=""text-align: left; font-family: -apple-system, sans-serif;""><div style=""font-size: 11px; color: #888; margin-bottom: 6px;"">[T11 - Electricitat] Pregunta 138</div><div style=""font-weight: bold; font-size: 16px; margin-bottom: 14px; line-height: 1.4;"">Quin conjunt està format per exemples de càrregues resistives?</div><div style=""font-size: 14px; line-height: 1.6;""><div style=""padding: 5px 0;""><b>A)</b> Bombetes incandescents, estufes, torradores i resistències.</div><div style=""padding: 5px 0;""><b>B)</b> Motors, condensadors, torradores i transformadors.</div><div style=""padding: 5px 0;""><b>C)</b> Motors, transformadors, solenoides i fluorescents amb balast.</div><div style=""padding: 5px 0;""><b>D)</b> Condensadors, fonts d’alimentació i llums LED.</div></div></div>","<div style=""text-align: left; font-family: -apple-system, sans-serif;""><div style=""font-weight: bold; font-size: 16px; color: #10b981; margin-bottom: 8px;"">✓ Resposta Correcta: A</div><div style=""font-size: 14px; margin-bottom: 12px; padding: 10px; background: rgba(16,185,129,0.1); border-radius: 6px; border-left: 4px solid #10b981;"">A) Bombetes incandescents, estufes, torradores i resistències.</div><hr style=""border: 0; border-top: 1px solid #ddd; margin: 12px 0;""><div style=""font-size: 13px; color: #444; line-height: 1.4;""><b style=""color: #111;"">Explicació:</b> Les càrregues resistives inclouen elements calefactors i llums incandescents.</div></div>","T11_-_Electricitat","16424"
"<div style=""text-align: left; font-family: -apple-system, sans-serif;""><div style=""font-size: 11px; color: #888; margin-bottom: 6px;"">[T11 - Electricitat] Pregunta 139</div><div style=""font-weight: bold; font-size: 16px; margin-bottom: 14px; line-height: 1.4;"">Quina és la unitat de mesura de la intensitat de corrent?</div><div style=""font-size: 14px; line-height: 1.6;""><div style=""padding: 5px 0;""><b>A)</b> L’ampere (A).</div><div style=""padding: 5px 0;""><b>B)</b> El watt (W).</div><div style=""padding: 5px 0;""><b>C)</b> El volt (V).</div><div style=""padding: 5px 0;""><b>D)</b> El coulomb (C).</div></div></div>","<div style=""text-align: left; font-family: -apple-system, sans-serif;""><div style=""font-weight: bold; font-size: 16px; color: #10b981; margin-bottom: 8px;"">✓ Resposta Correcta: A</div><div style=""font-size: 14px; margin-bottom: 12px; padding: 10px; background: rgba(16,185,129,0.1); border-radius: 6px; border-left: 4px solid #10b981;"">A) L’ampere (A).</div><hr style=""border: 0; border-top: 1px solid #ddd; margin: 12px 0;""><div style=""font-size: 13px; color: #444; line-height: 1.4;""><b style=""color: #111;"">Explicació:</b> La intensitat es mesura en amperes; el volt mesura tensió, el coulomb càrrega i el watt potència.</div></div>","T11_-_Electricitat","14840"
"<div style=""text-align: left; font-family: -apple-system, sans-serif;""><div style=""font-size: 11px; color: #888; margin-bottom: 6px;"">[T11 - Electricitat] Pregunta 140</div><div style=""font-weight: bold; font-size: 16px; margin-bottom: 14px; line-height: 1.4;"">Quines tensions són exemples d’alimentació en corrent continu de línies ferroviàries?</div><div style=""font-size: 14px; line-height: 1.6;""><div style=""padding: 5px 0;""><b>A)</b> 50 V, 100 V o 230 V DC.</div><div style=""padding: 5px 0;""><b>B)</b> 400 V, 566 V o 690 V DC.</div><div style=""padding: 5px 0;""><b>C)</b> 230 V, 325 V o 400 V DC.</div><div style=""padding: 5px 0;""><b>D)</b> 750 V, 1500 V o 3000 V DC.</div></div></div>","<div style=""text-align: left; font-family: -apple-system, sans-serif;""><div style=""font-weight: bold; font-size: 16px; color: #10b981; margin-bottom: 8px;"">✓ Resposta Correcta: D</div><div style=""font-size: 14px; margin-bottom: 12px; padding: 10px; background: rgba(16,185,129,0.1); border-radius: 6px; border-left: 4px solid #10b981;"">D) 750 V, 1500 V o 3000 V DC.</div><hr style=""border: 0; border-top: 1px solid #ddd; margin: 12px 0;""><div style=""font-size: 13px; color: #444; line-height: 1.4;""><b style=""color: #111;"">Explicació:</b> Algunes línies ferroviàries alimenten els motors de tracció amb DC a tensions elevades com 750, 1500 o 3000 V.</div></div>","T11_-_Electricitat","16385"
"<div style=""text-align: left; font-family: -apple-system, sans-serif;""><div style=""font-size: 11px; color: #888; margin-bottom: 6px;"">[T11 - Electricitat] Pregunta 141</div><div style=""font-weight: bold; font-size: 16px; margin-bottom: 14px; line-height: 1.4;"">Quina és la fórmula bàsica de la potència elèctrica en corrent continu o en càrregues purament resistives de corrent altern?</div><div style=""font-size: 14px; line-height: 1.6;""><div style=""padding: 5px 0;""><b>A)</b> P = V / R.</div><div style=""padding: 5px 0;""><b>B)</b> P = I / V.</div><div style=""padding: 5px 0;""><b>C)</b> P = V × I.</div><div style=""padding: 5px 0;""><b>D)</b> P = R / I.</div></div></div>","<div style=""text-align: left; font-family: -apple-system, sans-serif;""><div style=""font-weight: bold; font-size: 16px; color: #10b981; margin-bottom: 8px;"">✓ Resposta Correcta: C</div><div style=""font-size: 14px; margin-bottom: 12px; padding: 10px; background: rgba(16,185,129,0.1); border-radius: 6px; border-left: 4px solid #10b981;"">C) P = V × I.</div><hr style=""border: 0; border-top: 1px solid #ddd; margin: 12px 0;""><div style=""font-size: 13px; color: #444; line-height: 1.4;""><b style=""color: #111;"">Explicació:</b> La fórmula bàsica relaciona la potència amb la tensió i la intensitat: P = V × I.</div></div>","T11_-_Electricitat","14932"
"<div style=""text-align: left; font-family: -apple-system, sans-serif;""><div style=""font-size: 11px; color: #888; margin-bottom: 6px;"">[T11 - Electricitat] Pregunta 142</div><div style=""font-weight: bold; font-size: 16px; margin-bottom: 14px; line-height: 1.4;"">Què passa si un receptor es desconnecta en un circuit en sèrie?</div><div style=""font-size: 14px; line-height: 1.6;""><div style=""padding: 5px 0;""><b>A)</b> El circuit s’obre i els altres receptors deixen de funcionar.</div><div style=""padding: 5px 0;""><b>B)</b> La intensitat es redistribueix entre els receptors que continuen connectats.</div><div style=""padding: 5px 0;""><b>C)</b> Els altres receptors continuen funcionant perquè disposen de camins independents.</div><div style=""padding: 5px 0;""><b>D)</b> La tensió de la font augmenta automàticament per mantenir el corrent.</div></div></div>","<div style=""text-align: left; font-family: -apple-system, sans-serif;""><div style=""font-weight: bold; font-size: 16px; color: #10b981; margin-bottom: 8px;"">✓ Resposta Correcta: A</div><div style=""font-size: 14px; margin-bottom: 12px; padding: 10px; background: rgba(16,185,129,0.1); border-radius: 6px; border-left: 4px solid #10b981;"">A) El circuit s’obre i els altres receptors deixen de funcionar.</div><hr style=""border: 0; border-top: 1px solid #ddd; margin: 12px 0;""><div style=""font-size: 13px; color: #444; line-height: 1.4;""><b style=""color: #111;"">Explicació:</b> Una interrupció en qualsevol punt trenca l’únic camí disponible.</div></div>","T11_-_Electricitat","16331"
"<div style=""text-align: left; font-family: -apple-system, sans-serif;""><div style=""font-size: 11px; color: #888; margin-bottom: 6px;"">[T11 - Electricitat] Pregunta 143</div><div style=""font-weight: bold; font-size: 16px; margin-bottom: 14px; line-height: 1.4;"">Quina opció descriu millor l’estratègia de transport de grans potències?</div><div style=""font-size: 14px; line-height: 1.6;""><div style=""padding: 5px 0;""><b>A)</b> Augmentar la resistència dels conductors per reduir el corrent útil.</div><div style=""padding: 5px 0;""><b>B)</b> Baixar la tensió per augmentar la intensitat i repartir millor la calor.</div><div style=""padding: 5px 0;""><b>C)</b> Augmentar la tensió per reduir la intensitat i limitar les pèrdues.</div><div style=""padding: 5px 0;""><b>D)</b> Reduir la potència transportada per evitar l’ús de línies elèctriques.</div></div></div>","<div style=""text-align: left; font-family: -apple-system, sans-serif;""><div style=""font-weight: bold; font-size: 16px; color: #10b981; margin-bottom: 8px;"">✓ Resposta Correcta: C</div><div style=""font-size: 14px; margin-bottom: 12px; padding: 10px; background: rgba(16,185,129,0.1); border-radius: 6px; border-left: 4px solid #10b981;"">C) Augmentar la tensió per reduir la intensitat i limitar les pèrdues.</div><hr style=""border: 0; border-top: 1px solid #ddd; margin: 12px 0;""><div style=""font-size: 13px; color: #444; line-height: 1.4;""><b style=""color: #111;"">Explicació:</b> La transmissió de grans potències es fa amb voltatges alts perquè així es pot reduir la intensitat i limitar les pèrdues per calor.</div></div>","T11_-_Electricitat","16299"
"<div style=""text-align: left; font-family: -apple-system, sans-serif;""><div style=""font-size: 11px; color: #888; margin-bottom: 6px;"">[T11 - Electricitat] Pregunta 144</div><div style=""font-weight: bold; font-size: 16px; margin-bottom: 14px; line-height: 1.4;"">En condicions normals, quin potencial presenta el neutre respecte de terra?</div><div style=""font-size: 14px; line-height: 1.6;""><div style=""padding: 5px 0;""><b>A)</b> Aproximadament 400 V respecte de terra.</div><div style=""padding: 5px 0;""><b>B)</b> Pràcticament 0 V respecte de terra en condicions normals.</div><div style=""padding: 5px 0;""><b>C)</b> Aproximadament 325 V respecte de terra.</div><div style=""padding: 5px 0;""><b>D)</b> Aproximadament 230 V respecte de terra.</div></div></div>","<div style=""text-align: left; font-family: -apple-system, sans-serif;""><div style=""font-weight: bold; font-size: 16px; color: #10b981; margin-bottom: 8px;"">✓ Resposta Correcta: B</div><div style=""font-size: 14px; margin-bottom: 12px; padding: 10px; background: rgba(16,185,129,0.1); border-radius: 6px; border-left: 4px solid #10b981;"">B) Pràcticament 0 V respecte de terra en condicions normals.</div><hr style=""border: 0; border-top: 1px solid #ddd; margin: 12px 0;""><div style=""font-size: 13px; color: #444; line-height: 1.4;""><b style=""color: #111;"">Explicació:</b> Com que el neutre està connectat a terra en punts de la xarxa, en condicions normals és el punt de referència de potencial.</div></div>","T11_-_Electricitat","16403"
"<div style=""text-align: left; font-family: -apple-system, sans-serif;""><div style=""font-size: 11px; color: #888; margin-bottom: 6px;"">[T11 - Electricitat] Pregunta 145</div><div style=""font-weight: bold; font-size: 16px; margin-bottom: 14px; line-height: 1.4;"">Quina relació hi ha entre el procés d’un motor i el d’un generador?</div><div style=""font-size: 14px; line-height: 1.6;""><div style=""padding: 5px 0;""><b>A)</b> El motor rectifica AC a DC i el generador inverteix DC a AC.</div><div style=""padding: 5px 0;""><b>B)</b> El generador realitza la conversió energètica inversa a la del motor.</div><div style=""padding: 5px 0;""><b>C)</b> Tots dos converteixen energia elèctrica en moviment mecànic.</div><div style=""padding: 5px 0;""><b>D)</b> Tots dos converteixen energia mecànica en energia elèctrica.</div></div></div>","<div style=""text-align: left; font-family: -apple-system, sans-serif;""><div style=""font-weight: bold; font-size: 16px; color: #10b981; margin-bottom: 8px;"">✓ Resposta Correcta: B</div><div style=""font-size: 14px; margin-bottom: 12px; padding: 10px; background: rgba(16,185,129,0.1); border-radius: 6px; border-left: 4px solid #10b981;"">B) El generador realitza la conversió energètica inversa a la del motor.</div><hr style=""border: 0; border-top: 1px solid #ddd; margin: 12px 0;""><div style=""font-size: 13px; color: #444; line-height: 1.4;""><b style=""color: #111;"">Explicació:</b> Motor i generador utilitzen l’electromagnetisme en conversions energètiques oposades.</div></div>","T11_-_Electricitat","16477"
"<div style=""text-align: left; font-family: -apple-system, sans-serif;""><div style=""font-size: 11px; color: #888; margin-bottom: 6px;"">[T11 - Electricitat] Pregunta 146</div><div style=""font-weight: bold; font-size: 16px; margin-bottom: 14px; line-height: 1.4;"">Què pot passar si un aïllant arriba a la seva tensió de ruptura?</div><div style=""font-size: 14px; line-height: 1.6;""><div style=""padding: 5px 0;""><b>A)</b> Es converteix en un semiconductor permanent.</div><div style=""padding: 5px 0;""><b>B)</b> Pot comportar-se com un conductor.</div><div style=""padding: 5px 0;""><b>C)</b> Canvia el corrent continu en corrent altern.</div><div style=""padding: 5px 0;""><b>D)</b> Elimina la diferència de potencial del circuit.</div></div></div>","<div style=""text-align: left; font-family: -apple-system, sans-serif;""><div style=""font-weight: bold; font-size: 16px; color: #10b981; margin-bottom: 8px;"">✓ Resposta Correcta: B</div><div style=""font-size: 14px; margin-bottom: 12px; padding: 10px; background: rgba(16,185,129,0.1); border-radius: 6px; border-left: 4px solid #10b981;"">B) Pot comportar-se com un conductor.</div><hr style=""border: 0; border-top: 1px solid #ddd; margin: 12px 0;""><div style=""font-size: 13px; color: #444; line-height: 1.4;""><b style=""color: #111;"">Explicació:</b> Els aïllants impedeixen el pas del corrent en condicions normals, però poden conduir si se supera la tensió de ruptura.</div></div>","T11_-_Electricitat","14827"
"<div style=""text-align: left; font-family: -apple-system, sans-serif;""><div style=""font-size: 11px; color: #888; margin-bottom: 6px;"">[T11 - Electricitat] Pregunta 147</div><div style=""font-weight: bold; font-size: 16px; margin-bottom: 14px; line-height: 1.4;"">En quines unitats s’expressa la potència activa?</div><div style=""font-size: 14px; line-height: 1.6;""><div style=""padding: 5px 0;""><b>A)</b> Volt-amperes (VA) o kilovolt-amperes (kVA).</div><div style=""padding: 5px 0;""><b>B)</b> Volt-amperes reactius (var) o kilovolt-amperes reactius (kvar).</div><div style=""padding: 5px 0;""><b>C)</b> Watts (W) o kilowatts (kW).</div><div style=""padding: 5px 0;""><b>D)</b> Volts (V) o kilovolts (kV).</div></div></div>","<div style=""text-align: left; font-family: -apple-system, sans-serif;""><div style=""font-weight: bold; font-size: 16px; color: #10b981; margin-bottom: 8px;"">✓ Resposta Correcta: C</div><div style=""font-size: 14px; margin-bottom: 12px; padding: 10px; background: rgba(16,185,129,0.1); border-radius: 6px; border-left: 4px solid #10b981;"">C) Watts (W) o kilowatts (kW).</div><hr style=""border: 0; border-top: 1px solid #ddd; margin: 12px 0;""><div style=""font-size: 13px; color: #444; line-height: 1.4;""><b style=""color: #111;"">Explicació:</b> La potència activa es mesura en W o kW.</div></div>","T11_-_Electricitat","16438"
"<div style=""text-align: left; font-family: -apple-system, sans-serif;""><div style=""font-size: 11px; color: #888; margin-bottom: 6px;"">[T11 - Electricitat] Pregunta 148</div><div style=""font-weight: bold; font-size: 16px; margin-bottom: 14px; line-height: 1.4;"">Quina afirmació resumeix millor la relació entre potència, tensió i intensitat en aplicacions pràctiques?</div><div style=""font-size: 14px; line-height: 1.6;""><div style=""padding: 5px 0;""><b>A)</b> La potència elevada es gestiona millor augmentant tensió i controlant intensitat.</div><div style=""padding: 5px 0;""><b>B)</b> La potència elevada sempre exigeix baixa tensió per reduir la intensitat.</div><div style=""padding: 5px 0;""><b>C)</b> La tensió no influeix en la intensitat necessària per a una potència concreta.</div><div style=""padding: 5px 0;""><b>D)</b> La intensitat elevada és preferible perquè evita pèrdues tèrmiques.</div></div></div>","<div style=""text-align: left; font-family: -apple-system, sans-serif;""><div style=""font-weight: bold; font-size: 16px; color: #10b981; margin-bottom: 8px;"">✓ Resposta Correcta: A</div><div style=""font-size: 14px; margin-bottom: 12px; padding: 10px; background: rgba(16,185,129,0.1); border-radius: 6px; border-left: 4px solid #10b981;"">A) La potència elevada es gestiona millor augmentant tensió i controlant intensitat.</div><hr style=""border: 0; border-top: 1px solid #ddd; margin: 12px 0;""><div style=""font-size: 13px; color: #444; line-height: 1.4;""><b style=""color: #111;"">Explicació:</b> En aplicacions de gran potència, augmentar la tensió permet controlar millor la intensitat. Això redueix pèrdues i facilita el dimensionament dels conductors.</div></div>","T11_-_Electricitat","16301"
"<div style=""text-align: left; font-family: -apple-system, sans-serif;""><div style=""font-size: 11px; color: #888; margin-bottom: 6px;"">[T11 - Electricitat] Pregunta 149</div><div style=""font-weight: bold; font-size: 16px; margin-bottom: 14px; line-height: 1.4;"">Quin efecte es busca augmentant molt la resistència en sèrie amb el cos mitjançant protecció dielèctrica?</div><div style=""font-size: 14px; line-height: 1.6;""><div style=""padding: 5px 0;""><b>A)</b> Mantenir la mateixa intensitat i traslladar una part de la caiguda de tensió cap a la font.</div><div style=""padding: 5px 0;""><b>B)</b> Augmentar el corrent que travessa el cos perquè es reparteixi entre els elements dielèctrics.</div><div style=""padding: 5px 0;""><b>C)</b> Convertir el cos en una branca paral·lela amb una resistència inferior a la dels elements de protecció.</div><div style=""padding: 5px 0;""><b>D)</b> Reduir el corrent que podria travessar el cos fins a un valor insignificant.</div></div></div>","<div style=""text-align: left; font-family: -apple-system, sans-serif;""><div style=""font-weight: bold; font-size: 16px; color: #10b981; margin-bottom: 8px;"">✓ Resposta Correcta: D</div><div style=""font-size: 14px; margin-bottom: 12px; padding: 10px; background: rgba(16,185,129,0.1); border-radius: 6px; border-left: 4px solid #10b981;"">D) Reduir el corrent que podria travessar el cos fins a un valor insignificant.</div><hr style=""border: 0; border-top: 1px solid #ddd; margin: 12px 0;""><div style=""font-size: 13px; color: #444; line-height: 1.4;""><b style=""color: #111;"">Explicació:</b> D’acord amb la llei d’Ohm, una resistència total molt elevada limita fortament la intensitat.</div></div>","T11_-_Electricitat","16339"
"<div style=""text-align: left; font-family: -apple-system, sans-serif;""><div style=""font-size: 11px; color: #888; margin-bottom: 6px;"">[T11 - Electricitat] Pregunta 150</div><div style=""font-weight: bold; font-size: 16px; margin-bottom: 14px; line-height: 1.4;"">Per què és necessari el neutre en el circuit monofàsic descrit?</div><div style=""font-size: 14px; line-height: 1.6;""><div style=""padding: 5px 0;""><b>A)</b> Per generar una segona fase desfasada respecte de la fase principal.</div><div style=""padding: 5px 0;""><b>B)</b> Per elevar la tensió eficaç fins al valor de pic de la sinusoide.</div><div style=""padding: 5px 0;""><b>C)</b> Per completar el circuit i proporcionar el camí de retorn del corrent.</div><div style=""padding: 5px 0;""><b>D)</b> Per compensar el desfasament de les càrregues inductives connectades a la xarxa.</div></div></div>","<div style=""text-align: left; font-family: -apple-system, sans-serif;""><div style=""font-weight: bold; font-size: 16px; color: #10b981; margin-bottom: 8px;"">✓ Resposta Correcta: C</div><div style=""font-size: 14px; margin-bottom: 12px; padding: 10px; background: rgba(16,185,129,0.1); border-radius: 6px; border-left: 4px solid #10b981;"">C) Per completar el circuit i proporcionar el camí de retorn del corrent.</div><hr style=""border: 0; border-top: 1px solid #ddd; margin: 12px 0;""><div style=""font-size: 13px; color: #444; line-height: 1.4;""><b style=""color: #111;"">Explicació:</b> En el sistema monofàsic descrit, el neutre tanca el circuit i actua com a conductor de retorn.</div></div>","T11_-_Electricitat","16401"
"<div style=""text-align: left; font-family: -apple-system, sans-serif;""><div style=""font-size: 11px; color: #888; margin-bottom: 6px;"">[T11 - Electricitat] Pregunta 151</div><div style=""font-weight: bold; font-size: 16px; margin-bottom: 14px; line-height: 1.4;"">Quin ordre de potència utilitza un carregador de telèfon mòbil?</div><div style=""font-size: 14px; line-height: 1.6;""><div style=""padding: 5px 0;""><b>A)</b> 10-40 W.</div><div style=""padding: 5px 0;""><b>B)</b> 0,2-1 W.</div><div style=""padding: 5px 0;""><b>C)</b> 5-15 W.</div><div style=""padding: 5px 0;""><b>D)</b> 200-400 kW.</div></div></div>","<div style=""text-align: left; font-family: -apple-system, sans-serif;""><div style=""font-weight: bold; font-size: 16px; color: #10b981; margin-bottom: 8px;"">✓ Resposta Correcta: C</div><div style=""font-size: 14px; margin-bottom: 12px; padding: 10px; background: rgba(16,185,129,0.1); border-radius: 6px; border-left: 4px solid #10b981;"">C) 5-15 W.</div><hr style=""border: 0; border-top: 1px solid #ddd; margin: 12px 0;""><div style=""font-size: 13px; color: #444; line-height: 1.4;""><b style=""color: #111;"">Explicació:</b> El carregador de mòbil és un exemple de baixa potència, situat entre 5 i 15 W.</div></div>","T11_-_Electricitat","14864"
"<div style=""text-align: left; font-family: -apple-system, sans-serif;""><div style=""font-size: 11px; color: #888; margin-bottom: 6px;"">[T11 - Electricitat] Pregunta 152</div><div style=""font-weight: bold; font-size: 16px; margin-bottom: 14px; line-height: 1.4;"">Quina opció encaixa millor amb una potència de 200-400 kW?</div><div style=""font-size: 14px; line-height: 1.6;""><div style=""padding: 5px 0;""><b>A)</b> Una rentadora domèstica.</div><div style=""padding: 5px 0;""><b>B)</b> Una bombeta LED domèstica.</div><div style=""padding: 5px 0;""><b>C)</b> Un Tesla Model 3.</div><div style=""padding: 5px 0;""><b>D)</b> Un carregador de telèfon mòbil.</div></div></div>","<div style=""text-align: left; font-family: -apple-system, sans-serif;""><div style=""font-weight: bold; font-size: 16px; color: #10b981; margin-bottom: 8px;"">✓ Resposta Correcta: C</div><div style=""font-size: 14px; margin-bottom: 12px; padding: 10px; background: rgba(16,185,129,0.1); border-radius: 6px; border-left: 4px solid #10b981;"">C) Un Tesla Model 3.</div><hr style=""border: 0; border-top: 1px solid #ddd; margin: 12px 0;""><div style=""font-size: 13px; color: #444; line-height: 1.4;""><b style=""color: #111;"">Explicació:</b> El Tesla Model 3 s’utilitza com a exemple de potència molt elevada en comparació amb equips domèstics petits.</div></div>","T11_-_Electricitat","14867"
"<div style=""text-align: left; font-family: -apple-system, sans-serif;""><div style=""font-size: 11px; color: #888; margin-bottom: 6px;"">[T11 - Electricitat] Pregunta 153</div><div style=""font-weight: bold; font-size: 16px; margin-bottom: 14px; line-height: 1.4;"">En la fórmula de l’efecte Joule, què representa Q?</div><div style=""font-size: 14px; line-height: 1.6;""><div style=""padding: 5px 0;""><b>A)</b> La quantitat de calor generada.</div><div style=""padding: 5px 0;""><b>B)</b> La intensitat del corrent que circula.</div><div style=""padding: 5px 0;""><b>C)</b> La resistència total del conductor.</div><div style=""padding: 5px 0;""><b>D)</b> El temps de funcionament del circuit.</div></div></div>","<div style=""text-align: left; font-family: -apple-system, sans-serif;""><div style=""font-weight: bold; font-size: 16px; color: #10b981; margin-bottom: 8px;"">✓ Resposta Correcta: A</div><div style=""font-size: 14px; margin-bottom: 12px; padding: 10px; background: rgba(16,185,129,0.1); border-radius: 6px; border-left: 4px solid #10b981;"">A) La quantitat de calor generada.</div><hr style=""border: 0; border-top: 1px solid #ddd; margin: 12px 0;""><div style=""font-size: 13px; color: #444; line-height: 1.4;""><b style=""color: #111;"">Explicació:</b> Q representa la calor generada i s’expressa en joules.</div></div>","T11_-_Electricitat","14920"
"<div style=""text-align: left; font-family: -apple-system, sans-serif;""><div style=""font-size: 11px; color: #888; margin-bottom: 6px;"">[T11 - Electricitat] Pregunta 154</div><div style=""font-weight: bold; font-size: 16px; margin-bottom: 14px; line-height: 1.4;"">Quina diferència funcional hi ha entre un conductor i un receptor?</div><div style=""font-size: 14px; line-height: 1.6;""><div style=""padding: 5px 0;""><b>A)</b> El conductor crea tensió; el receptor transporta corrent amb resistència mínima.</div><div style=""padding: 5px 0;""><b>B)</b> El conductor transporta corrent; el receptor transforma energia elèctrica.</div><div style=""padding: 5px 0;""><b>C)</b> El conductor controla el circuit; el receptor genera la diferència de potencial.</div><div style=""padding: 5px 0;""><b>D)</b> El conductor i el receptor transformen l’energia elèctrica de la mateixa manera.</div></div></div>","<div style=""text-align: left; font-family: -apple-system, sans-serif;""><div style=""font-weight: bold; font-size: 16px; color: #10b981; margin-bottom: 8px;"">✓ Resposta Correcta: B</div><div style=""font-size: 14px; margin-bottom: 12px; padding: 10px; background: rgba(16,185,129,0.1); border-radius: 6px; border-left: 4px solid #10b981;"">B) El conductor transporta corrent; el receptor transforma energia elèctrica.</div><hr style=""border: 0; border-top: 1px solid #ddd; margin: 12px 0;""><div style=""font-size: 13px; color: #444; line-height: 1.4;""><b style=""color: #111;"">Explicació:</b> El conductor proporciona el camí del corrent i el receptor és l’element que utilitza l’energia.</div></div>","T11_-_Electricitat","16314"
"<div style=""text-align: left; font-family: -apple-system, sans-serif;""><div style=""font-size: 11px; color: #888; margin-bottom: 6px;"">[T11 - Electricitat] Pregunta 155</div><div style=""font-weight: bold; font-size: 16px; margin-bottom: 14px; line-height: 1.4;"">Per què els vehicles elèctrics poden treballar amb 400 o 800 V?</div><div style=""font-size: 14px; line-height: 1.6;""><div style=""padding: 5px 0;""><b>A)</b> Per moure grans potències amb intensitats controlables.</div><div style=""padding: 5px 0;""><b>B)</b> Per evitar que la bateria pugui emmagatzemar energia elèctrica.</div><div style=""padding: 5px 0;""><b>C)</b> Per convertir la tensió en resistència abans d’arribar al motor.</div><div style=""padding: 5px 0;""><b>D)</b> Per reduir la potència disponible i limitar el funcionament del motor.</div></div></div>","<div style=""text-align: left; font-family: -apple-system, sans-serif;""><div style=""font-weight: bold; font-size: 16px; color: #10b981; margin-bottom: 8px;"">✓ Resposta Correcta: A</div><div style=""font-size: 14px; margin-bottom: 12px; padding: 10px; background: rgba(16,185,129,0.1); border-radius: 6px; border-left: 4px solid #10b981;"">A) Per moure grans potències amb intensitats controlables.</div><hr style=""border: 0; border-top: 1px solid #ddd; margin: 12px 0;""><div style=""font-size: 13px; color: #444; line-height: 1.4;""><b style=""color: #111;"">Explicació:</b> Els vehicles elèctrics necessiten moure grans potències. Treballar amb tensions elevades permet mantenir la intensitat dins de valors més controlables.</div></div>","T11_-_Electricitat","16296"
"<div style=""text-align: left; font-family: -apple-system, sans-serif;""><div style=""font-size: 11px; color: #888; margin-bottom: 6px;"">[T11 - Electricitat] Pregunta 156</div><div style=""font-weight: bold; font-size: 16px; margin-bottom: 14px; line-height: 1.4;"">Quin conjunt recull correctament els beneficis que aporta un coneixement bàsic d’electricitat en una emergència?</div><div style=""font-size: 14px; line-height: 1.6;""><div style=""padding: 5px 0;""><b>A)</b> Eliminar el risc elèctric, garantir la continuïtat del servei i intervenir sense necessitat de suport tècnic extern.</div><div style=""padding: 5px 0;""><b>B)</b> Reduir el temps d’intervenció, manipular quadres i mantenir connectades les instal·lacions afectades.</div><div style=""padding: 5px 0;""><b>C)</b> Localitzar avaries, reparar circuits, substituir proteccions i restablir el subministrament.</div><div style=""padding: 5px 0;""><b>D)</b> Avaluar riscos, prendre decisions informades, protegir vides i evitar danys innecessaris a equips i instal·lacions.</div></div></div>","<div style=""text-align: left; font-family: -apple-system, sans-serif;""><div style=""font-weight: bold; font-size: 16px; color: #10b981; margin-bottom: 8px;"">✓ Resposta Correcta: D</div><div style=""font-size: 14px; margin-bottom: 12px; padding: 10px; background: rgba(16,185,129,0.1); border-radius: 6px; border-left: 4px solid #10b981;"">D) Avaluar riscos, prendre decisions informades, protegir vides i evitar danys innecessaris a equips i instal·lacions.</div><hr style=""border: 0; border-top: 1px solid #ddd; margin: 12px 0;""><div style=""font-size: 13px; color: #444; line-height: 1.4;""><b style=""color: #111;"">Explicació:</b> El coneixement elèctric ajuda a valorar riscos, decidir amb criteri, protegir persones i minimitzar danys materials.</div></div>","T11_-_Electricitat","14809"
"<div style=""text-align: left; font-family: -apple-system, sans-serif;""><div style=""font-size: 11px; color: #888; margin-bottom: 6px;"">[T11 - Electricitat] Pregunta 157</div><div style=""font-weight: bold; font-size: 16px; margin-bottom: 14px; line-height: 1.4;"">Quina magnitud és comuna a tots els elements en sèrie però es divideix entre branques en paral·lel?</div><div style=""font-size: 14px; line-height: 1.6;""><div style=""padding: 5px 0;""><b>A)</b> La tensió.</div><div style=""padding: 5px 0;""><b>B)</b> La caiguda de tensió de cada receptor.</div><div style=""padding: 5px 0;""><b>C)</b> La intensitat.</div><div style=""padding: 5px 0;""><b>D)</b> La resistència equivalent.</div></div></div>","<div style=""text-align: left; font-family: -apple-system, sans-serif;""><div style=""font-weight: bold; font-size: 16px; color: #10b981; margin-bottom: 8px;"">✓ Resposta Correcta: C</div><div style=""font-size: 14px; margin-bottom: 12px; padding: 10px; background: rgba(16,185,129,0.1); border-radius: 6px; border-left: 4px solid #10b981;"">C) La intensitat.</div><hr style=""border: 0; border-top: 1px solid #ddd; margin: 12px 0;""><div style=""font-size: 13px; color: #444; line-height: 1.4;""><b style=""color: #111;"">Explicació:</b> En sèrie circula la mateixa intensitat per tots els elements; en paral·lel, la intensitat total es reparteix entre les branques.</div></div>","T11_-_Electricitat","16354"
"<div style=""text-align: left; font-family: -apple-system, sans-serif;""><div style=""font-size: 11px; color: #888; margin-bottom: 6px;"">[T11 - Electricitat] Pregunta 158</div><div style=""font-weight: bold; font-size: 16px; margin-bottom: 14px; line-height: 1.4;"">Quina situació mostra que el terra pot formar part d’un camí no desitjat del corrent?</div><div style=""font-size: 14px; line-height: 1.6;""><div style=""padding: 5px 0;""><b>A)</b> Un interruptor tancat que permet el pas pel cablejat dissenyat.</div><div style=""padding: 5px 0;""><b>B)</b> Una bombeta alimentada pels conductors previstos del circuit.</div><div style=""padding: 5px 0;""><b>C)</b> Una derivació elèctrica que troba retorn a través del terreny.</div><div style=""padding: 5px 0;""><b>D)</b> Un receptor connectat correctament entre la font i el neutre.</div></div></div>","<div style=""text-align: left; font-family: -apple-system, sans-serif;""><div style=""font-weight: bold; font-size: 16px; color: #10b981; margin-bottom: 8px;"">✓ Resposta Correcta: C</div><div style=""font-size: 14px; margin-bottom: 12px; padding: 10px; background: rgba(16,185,129,0.1); border-radius: 6px; border-left: 4px solid #10b981;"">C) Una derivació elèctrica que troba retorn a través del terreny.</div><hr style=""border: 0; border-top: 1px solid #ddd; margin: 12px 0;""><div style=""font-size: 13px; color: #444; line-height: 1.4;""><b style=""color: #111;"">Explicació:</b> El terreny pot actuar com a conductor quan el corrent abandona el recorregut previst.</div></div>","T11_-_Electricitat","16319"
"<div style=""text-align: left; font-family: -apple-system, sans-serif;""><div style=""font-size: 11px; color: #888; margin-bottom: 6px;"">[T11 - Electricitat] Pregunta 159</div><div style=""font-weight: bold; font-size: 16px; margin-bottom: 14px; line-height: 1.4;"">Quina funció tenen els díodes en un rectificador?</div><div style=""font-size: 14px; line-height: 1.6;""><div style=""padding: 5px 0;""><b>A)</b> Emmagatzemar energia per augmentar la freqüència del corrent altern.</div><div style=""padding: 5px 0;""><b>B)</b> Generar un desfasament de 120° entre tres corrents alterns.</div><div style=""padding: 5px 0;""><b>C)</b> Permetre el pas del corrent principalment en un sol sentit.</div><div style=""padding: 5px 0;""><b>D)</b> Elevar o reduir la tensió contínua mitjançant una relació d’espires.</div></div></div>","<div style=""text-align: left; font-family: -apple-system, sans-serif;""><div style=""font-weight: bold; font-size: 16px; color: #10b981; margin-bottom: 8px;"">✓ Resposta Correcta: C</div><div style=""font-size: 14px; margin-bottom: 12px; padding: 10px; background: rgba(16,185,129,0.1); border-radius: 6px; border-left: 4px solid #10b981;"">C) Permetre el pas del corrent principalment en un sol sentit.</div><hr style=""border: 0; border-top: 1px solid #ddd; margin: 12px 0;""><div style=""font-size: 13px; color: #444; line-height: 1.4;""><b style=""color: #111;"">Explicació:</b> Els díodes fan possible la rectificació perquè afavoreixen la conducció en un sol sentit.</div></div>","T11_-_Electricitat","16453"
"<div style=""text-align: left; font-family: -apple-system, sans-serif;""><div style=""font-size: 11px; color: #888; margin-bottom: 6px;"">[T11 - Electricitat] Pregunta 160</div><div style=""font-weight: bold; font-size: 16px; margin-bottom: 14px; line-height: 1.4;"">Quin tipus de corrent utilitzen habitualment els aparells electrònics portàtils alimentats amb bateries?</div><div style=""font-size: 14px; line-height: 1.6;""><div style=""padding: 5px 0;""><b>A)</b> Corrent continu proporcionat per la bateria.</div><div style=""padding: 5px 0;""><b>B)</b> Corrent altern sinusoidal de 50 Hz generat directament per la bateria.</div><div style=""padding: 5px 0;""><b>C)</b> Corrent altern trifàsic generat directament per la bateria.</div><div style=""padding: 5px 0;""><b>D)</b> Corrent altern monofàsic generat directament per la bateria.</div></div></div>","<div style=""text-align: left; font-family: -apple-system, sans-serif;""><div style=""font-weight: bold; font-size: 16px; color: #10b981; margin-bottom: 8px;"">✓ Resposta Correcta: A</div><div style=""font-size: 14px; margin-bottom: 12px; padding: 10px; background: rgba(16,185,129,0.1); border-radius: 6px; border-left: 4px solid #10b981;"">A) Corrent continu proporcionat per la bateria.</div><hr style=""border: 0; border-top: 1px solid #ddd; margin: 12px 0;""><div style=""font-size: 13px; color: #444; line-height: 1.4;""><b style=""color: #111;"">Explicació:</b> Les bateries subministren corrent continu; després, alguns aparells poden convertir-lo per a usos interns concrets.</div></div>","T11_-_Electricitat","16382"
"<div style=""text-align: left; font-family: -apple-system, sans-serif;""><div style=""font-size: 11px; color: #888; margin-bottom: 6px;"">[T11 - Electricitat] Pregunta 161</div><div style=""font-weight: bold; font-size: 16px; margin-bottom: 14px; line-height: 1.4;"">Com es calcula la intensitat total d’un circuit en paral·lel?</div><div style=""font-size: 14px; line-height: 1.6;""><div style=""padding: 5px 0;""><b>A)</b> Dividint la tensió de la font pel nombre total de branques.</div><div style=""padding: 5px 0;""><b>B)</b> Fent la mitjana de les intensitats de totes les branques.</div><div style=""padding: 5px 0;""><b>C)</b> Sumant les intensitats que circulen per totes les branques.</div><div style=""padding: 5px 0;""><b>D)</b> Sumant les resistències individuals de tots els receptors.</div></div></div>","<div style=""text-align: left; font-family: -apple-system, sans-serif;""><div style=""font-weight: bold; font-size: 16px; color: #10b981; margin-bottom: 8px;"">✓ Resposta Correcta: C</div><div style=""font-size: 14px; margin-bottom: 12px; padding: 10px; background: rgba(16,185,129,0.1); border-radius: 6px; border-left: 4px solid #10b981;"">C) Sumant les intensitats que circulen per totes les branques.</div><hr style=""border: 0; border-top: 1px solid #ddd; margin: 12px 0;""><div style=""font-size: 13px; color: #444; line-height: 1.4;""><b style=""color: #111;"">Explicació:</b> La intensitat total és I1 + I2 + I3 + ...</div></div>","T11_-_Electricitat","16349"
"<div style=""text-align: left; font-family: -apple-system, sans-serif;""><div style=""font-size: 11px; color: #888; margin-bottom: 6px;"">[T11 - Electricitat] Pregunta 162</div><div style=""font-weight: bold; font-size: 16px; margin-bottom: 14px; line-height: 1.4;"">Quines dues condicions bàsiques calen perquè circuli corrent en un circuit elèctric?</div><div style=""font-size: 14px; line-height: 1.6;""><div style=""padding: 5px 0;""><b>A)</b> Una font de tensió i un camí interromput entre els punts del circuit.</div><div style=""padding: 5px 0;""><b>B)</b> Una resistència elevada i un camí conductor obert.</div><div style=""padding: 5px 0;""><b>C)</b> Una diferència de potencial i un camí conductor tancat.</div><div style=""padding: 5px 0;""><b>D)</b> Una diferència de potencial i un receptor desconnectat del circuit.</div></div></div>","<div style=""text-align: left; font-family: -apple-system, sans-serif;""><div style=""font-weight: bold; font-size: 16px; color: #10b981; margin-bottom: 8px;"">✓ Resposta Correcta: C</div><div style=""font-size: 14px; margin-bottom: 12px; padding: 10px; background: rgba(16,185,129,0.1); border-radius: 6px; border-left: 4px solid #10b981;"">C) Una diferència de potencial i un camí conductor tancat.</div><hr style=""border: 0; border-top: 1px solid #ddd; margin: 12px 0;""><div style=""font-size: 13px; color: #444; line-height: 1.4;""><b style=""color: #111;"">Explicació:</b> La tensió proporciona l’impuls elèctric i el circuit tancat proporciona el camí continu per al corrent.</div></div>","T11_-_Electricitat","16302"
"<div style=""text-align: left; font-family: -apple-system, sans-serif;""><div style=""font-size: 11px; color: #888; margin-bottom: 6px;"">[T11 - Electricitat] Pregunta 163</div><div style=""font-weight: bold; font-size: 16px; margin-bottom: 14px; line-height: 1.4;"">Quina és la unitat de mesura de la càrrega elèctrica?</div><div style=""font-size: 14px; line-height: 1.6;""><div style=""padding: 5px 0;""><b>A)</b> L’ohm (Ω).</div><div style=""padding: 5px 0;""><b>B)</b> El coulomb (C).</div><div style=""padding: 5px 0;""><b>C)</b> El volt (V).</div><div style=""padding: 5px 0;""><b>D)</b> L’ampere (A).</div></div></div>","<div style=""text-align: left; font-family: -apple-system, sans-serif;""><div style=""font-weight: bold; font-size: 16px; color: #10b981; margin-bottom: 8px;"">✓ Resposta Correcta: B</div><div style=""font-size: 14px; margin-bottom: 12px; padding: 10px; background: rgba(16,185,129,0.1); border-radius: 6px; border-left: 4px solid #10b981;"">B) El coulomb (C).</div><hr style=""border: 0; border-top: 1px solid #ddd; margin: 12px 0;""><div style=""font-size: 13px; color: #444; line-height: 1.4;""><b style=""color: #111;"">Explicació:</b> La càrrega elèctrica es mesura en coulombs, mentre que ampere, volt i ohm corresponen a altres magnituds.</div></div>","T11_-_Electricitat","14833"
"<div style=""text-align: left; font-family: -apple-system, sans-serif;""><div style=""font-size: 11px; color: #888; margin-bottom: 6px;"">[T11 - Electricitat] Pregunta 164</div><div style=""font-weight: bold; font-size: 16px; margin-bottom: 14px; line-height: 1.4;"">Quin conjunt correspon a exemples de càrregues capacitives?</div><div style=""font-size: 14px; line-height: 1.6;""><div style=""padding: 5px 0;""><b>A)</b> Motors, transformadors, solenoides i fluorescents amb balast.</div><div style=""padding: 5px 0;""><b>B)</b> Condensadors de correcció del factor de potència, fonts d’alimentació i llums LED.</div><div style=""padding: 5px 0;""><b>C)</b> Transformadors, condensadors, motors i resistències calefactores.</div><div style=""padding: 5px 0;""><b>D)</b> Bombetes incandescents, estufes, torradores i resistències.</div></div></div>","<div style=""text-align: left; font-family: -apple-system, sans-serif;""><div style=""font-weight: bold; font-size: 16px; color: #10b981; margin-bottom: 8px;"">✓ Resposta Correcta: B</div><div style=""font-size: 14px; margin-bottom: 12px; padding: 10px; background: rgba(16,185,129,0.1); border-radius: 6px; border-left: 4px solid #10b981;"">B) Condensadors de correcció del factor de potència, fonts d’alimentació i llums LED.</div><hr style=""border: 0; border-top: 1px solid #ddd; margin: 12px 0;""><div style=""font-size: 13px; color: #444; line-height: 1.4;""><b style=""color: #111;"">Explicació:</b> Els condensadors i diversos equips electrònics poden presentar comportament capacitiu.</div></div>","T11_-_Electricitat","16428"
"<div style=""text-align: left; font-family: -apple-system, sans-serif;""><div style=""font-size: 11px; color: #888; margin-bottom: 6px;"">[T11 - Electricitat] Pregunta 165</div><div style=""font-weight: bold; font-size: 16px; margin-bottom: 14px; line-height: 1.4;"">Quina afirmació és més precisa sobre una bateria?</div><div style=""font-size: 14px; line-height: 1.6;""><div style=""padding: 5px 0;""><b>A)</b> La seva energia emmagatzemada pot expressar-se en Wh, mentre que els Ah indiquen capacitat.</div><div style=""padding: 5px 0;""><b>B)</b> La seva energia emmagatzemada s’expressa en Ah.</div><div style=""padding: 5px 0;""><b>C)</b> La seva capacitat en Ah equival directament als kWh.</div><div style=""padding: 5px 0;""><b>D)</b> La seva potència nominal s’expressa en kWh i el consum en volts.</div></div></div>","<div style=""text-align: left; font-family: -apple-system, sans-serif;""><div style=""font-weight: bold; font-size: 16px; color: #10b981; margin-bottom: 8px;"">✓ Resposta Correcta: A</div><div style=""font-size: 14px; margin-bottom: 12px; padding: 10px; background: rgba(16,185,129,0.1); border-radius: 6px; border-left: 4px solid #10b981;"">A) La seva energia emmagatzemada pot expressar-se en Wh, mentre que els Ah indiquen capacitat.</div><hr style=""border: 0; border-top: 1px solid #ddd; margin: 12px 0;""><div style=""font-size: 13px; color: #444; line-height: 1.4;""><b style=""color: #111;"">Explicació:</b> Els Ah no equivalen directament a energia; per parlar d’energia emmagatzemada s’utilitzen Wh o kWh.</div></div>","T11_-_Electricitat","14888"
"<div style=""text-align: left; font-family: -apple-system, sans-serif;""><div style=""font-size: 11px; color: #888; margin-bottom: 6px;"">[T11 - Electricitat] Pregunta 166</div><div style=""font-weight: bold; font-size: 16px; margin-bottom: 14px; line-height: 1.4;"">Quina fórmula expressa la calor generada per efecte Joule?</div><div style=""font-size: 14px; line-height: 1.6;""><div style=""padding: 5px 0;""><b>A)</b> Q = I² × R × t.</div><div style=""padding: 5px 0;""><b>B)</b> Q = R / I.</div><div style=""padding: 5px 0;""><b>C)</b> Q = V × I.</div><div style=""padding: 5px 0;""><b>D)</b> Q = I² / R × t.</div></div></div>","<div style=""text-align: left; font-family: -apple-system, sans-serif;""><div style=""font-weight: bold; font-size: 16px; color: #10b981; margin-bottom: 8px;"">✓ Resposta Correcta: A</div><div style=""font-size: 14px; margin-bottom: 12px; padding: 10px; background: rgba(16,185,129,0.1); border-radius: 6px; border-left: 4px solid #10b981;"">A) Q = I² × R × t.</div><hr style=""border: 0; border-top: 1px solid #ddd; margin: 12px 0;""><div style=""font-size: 13px; color: #444; line-height: 1.4;""><b style=""color: #111;"">Explicació:</b> La calor generada depèn del quadrat de la intensitat, de la resistència i del temps de circulació.</div></div>","T11_-_Electricitat","14918"
"<div style=""text-align: left; font-family: -apple-system, sans-serif;""><div style=""font-size: 11px; color: #888; margin-bottom: 6px;"">[T11 - Electricitat] Pregunta 167</div><div style=""font-weight: bold; font-size: 16px; margin-bottom: 14px; line-height: 1.4;"">Com es calcula la potència en corrent continu?</div><div style=""font-size: 14px; line-height: 1.6;""><div style=""padding: 5px 0;""><b>A)</b> P = V / I.</div><div style=""padding: 5px 0;""><b>B)</b> P = I / V.</div><div style=""padding: 5px 0;""><b>C)</b> P = V × I.</div><div style=""padding: 5px 0;""><b>D)</b> P = V + I.</div></div></div>","<div style=""text-align: left; font-family: -apple-system, sans-serif;""><div style=""font-weight: bold; font-size: 16px; color: #10b981; margin-bottom: 8px;"">✓ Resposta Correcta: C</div><div style=""font-size: 14px; margin-bottom: 12px; padding: 10px; background: rgba(16,185,129,0.1); border-radius: 6px; border-left: 4px solid #10b981;"">C) P = V × I.</div><hr style=""border: 0; border-top: 1px solid #ddd; margin: 12px 0;""><div style=""font-size: 13px; color: #444; line-height: 1.4;""><b style=""color: #111;"">Explicació:</b> En corrent continu, la potència és el producte de la tensió per la intensitat.</div></div>","T11_-_Electricitat","16435"
"<div style=""text-align: left; font-family: -apple-system, sans-serif;""><div style=""font-size: 11px; color: #888; margin-bottom: 6px;"">[T11 - Electricitat] Pregunta 168</div><div style=""font-weight: bold; font-size: 16px; margin-bottom: 14px; line-height: 1.4;"">Quina afirmació descriu correctament la relació entre la bateria i el motor de tracció d’alguns vehicles elèctrics?</div><div style=""font-size: 14px; line-height: 1.6;""><div style=""padding: 5px 0;""><b>A)</b> La bateria subministra DC i el motor treballa directament amb aquest mateix tipus de corrent.</div><div style=""padding: 5px 0;""><b>B)</b> La bateria subministra DC, que es pot convertir en AC abans d’alimentar el motor de tracció.</div><div style=""padding: 5px 0;""><b>C)</b> La bateria subministra AC trifàsic i un rectificador el converteix en DC abans d’arribar al motor.</div><div style=""padding: 5px 0;""><b>D)</b> La bateria subministra AC i el motor el transforma directament en DC per produir moviment.</div></div></div>","<div style=""text-align: left; font-family: -apple-system, sans-serif;""><div style=""font-weight: bold; font-size: 16px; color: #10b981; margin-bottom: 8px;"">✓ Resposta Correcta: B</div><div style=""font-size: 14px; margin-bottom: 12px; padding: 10px; background: rgba(16,185,129,0.1); border-radius: 6px; border-left: 4px solid #10b981;"">B) La bateria subministra DC, que es pot convertir en AC abans d’alimentar el motor de tracció.</div><hr style=""border: 0; border-top: 1px solid #ddd; margin: 12px 0;""><div style=""font-size: 13px; color: #444; line-height: 1.4;""><b style=""color: #111;"">Explicació:</b> Tot i que la bateria és una font de DC, en alguns vehicles aquesta energia es converteix a AC per alimentar el motor de tracció.</div></div>","T11_-_Electricitat","16383"
"<div style=""text-align: left; font-family: -apple-system, sans-serif;""><div style=""font-size: 11px; color: #888; margin-bottom: 6px;"">[T11 - Electricitat] Pregunta 169</div><div style=""font-weight: bold; font-size: 16px; margin-bottom: 14px; line-height: 1.4;"">Quina és la freqüència estàndard del corrent altern a Europa?</div><div style=""font-size: 14px; line-height: 1.6;""><div style=""padding: 5px 0;""><b>A)</b> 25 Hz.</div><div style=""padding: 5px 0;""><b>B)</b> 60 Hz.</div><div style=""padding: 5px 0;""><b>C)</b> 100 Hz.</div><div style=""padding: 5px 0;""><b>D)</b> 50 Hz.</div></div></div>","<div style=""text-align: left; font-family: -apple-system, sans-serif;""><div style=""font-weight: bold; font-size: 16px; color: #10b981; margin-bottom: 8px;"">✓ Resposta Correcta: D</div><div style=""font-size: 14px; margin-bottom: 12px; padding: 10px; background: rgba(16,185,129,0.1); border-radius: 6px; border-left: 4px solid #10b981;"">D) 50 Hz.</div><hr style=""border: 0; border-top: 1px solid #ddd; margin: 12px 0;""><div style=""font-size: 13px; color: #444; line-height: 1.4;""><b style=""color: #111;"">Explicació:</b> Una freqüència de 50 Hz significa que l’ona completa 50 cicles cada segon.</div></div>","T11_-_Electricitat","16393"
"<div style=""text-align: left; font-family: -apple-system, sans-serif;""><div style=""font-size: 11px; color: #888; margin-bottom: 6px;"">[T11 - Electricitat] Pregunta 170</div><div style=""font-weight: bold; font-size: 16px; margin-bottom: 14px; line-height: 1.4;"">Per a una mateixa potència activa, què implica un factor de potència baix?</div><div style=""font-size: 14px; line-height: 1.6;""><div style=""padding: 5px 0;""><b>A)</b> Que la instal·lació necessita més intensitat.</div><div style=""padding: 5px 0;""><b>B)</b> Que la tensió eficaç passa a coincidir amb la tensió de pic.</div><div style=""padding: 5px 0;""><b>C)</b> Que la potència reactiva desapareix del sistema.</div><div style=""padding: 5px 0;""><b>D)</b> Que la instal·lació necessita menys intensitat.</div></div></div>","<div style=""text-align: left; font-family: -apple-system, sans-serif;""><div style=""font-weight: bold; font-size: 16px; color: #10b981; margin-bottom: 8px;"">✓ Resposta Correcta: A</div><div style=""font-size: 14px; margin-bottom: 12px; padding: 10px; background: rgba(16,185,129,0.1); border-radius: 6px; border-left: 4px solid #10b981;"">A) Que la instal·lació necessita més intensitat.</div><hr style=""border: 0; border-top: 1px solid #ddd; margin: 12px 0;""><div style=""font-size: 13px; color: #444; line-height: 1.4;""><b style=""color: #111;"">Explicació:</b> Amb un factor de potència baix cal més corrent per obtenir la mateixa potència útil.</div></div>","T11_-_Electricitat","16446"
"<div style=""text-align: left; font-family: -apple-system, sans-serif;""><div style=""font-size: 11px; color: #888; margin-bottom: 6px;"">[T11 - Electricitat] Pregunta 171</div><div style=""font-weight: bold; font-size: 16px; margin-bottom: 14px; line-height: 1.4;"">Una resistència de 10 Ω és travessada per una intensitat de 5 A. Quina tensió hi ha aplicada?</div><div style=""font-size: 14px; line-height: 1.6;""><div style=""padding: 5px 0;""><b>A)</b> 15 V.</div><div style=""padding: 5px 0;""><b>B)</b> 2 V.</div><div style=""padding: 5px 0;""><b>C)</b> 500 V.</div><div style=""padding: 5px 0;""><b>D)</b> 50 V.</div></div></div>","<div style=""text-align: left; font-family: -apple-system, sans-serif;""><div style=""font-weight: bold; font-size: 16px; color: #10b981; margin-bottom: 8px;"">✓ Resposta Correcta: D</div><div style=""font-size: 14px; margin-bottom: 12px; padding: 10px; background: rgba(16,185,129,0.1); border-radius: 6px; border-left: 4px solid #10b981;"">D) 50 V.</div><hr style=""border: 0; border-top: 1px solid #ddd; margin: 12px 0;""><div style=""font-size: 13px; color: #444; line-height: 1.4;""><b style=""color: #111;"">Explicació:</b> Amb V = I × R, la tensió és 5 × 10 = 50 V.</div></div>","T11_-_Electricitat","14903"
"<div style=""text-align: left; font-family: -apple-system, sans-serif;""><div style=""font-size: 11px; color: #888; margin-bottom: 6px;"">[T11 - Electricitat] Pregunta 172</div><div style=""font-weight: bold; font-size: 16px; margin-bottom: 14px; line-height: 1.4;"">Quina funció té l’element de control en un circuit simple?</div><div style=""font-size: 14px; line-height: 1.6;""><div style=""padding: 5px 0;""><b>A)</b> Convertir l’energia elèctrica en calor, llum o moviment.</div><div style=""padding: 5px 0;""><b>B)</b> Obrir o tancar el circuit per permetre o bloquejar el pas del corrent.</div><div style=""padding: 5px 0;""><b>C)</b> Transportar el corrent amb una resistència baixa entre els receptors.</div><div style=""padding: 5px 0;""><b>D)</b> Generar energia elèctrica i establir la diferència de potencial.</div></div></div>","<div style=""text-align: left; font-family: -apple-system, sans-serif;""><div style=""font-weight: bold; font-size: 16px; color: #10b981; margin-bottom: 8px;"">✓ Resposta Correcta: B</div><div style=""font-size: 14px; margin-bottom: 12px; padding: 10px; background: rgba(16,185,129,0.1); border-radius: 6px; border-left: 4px solid #10b981;"">B) Obrir o tancar el circuit per permetre o bloquejar el pas del corrent.</div><hr style=""border: 0; border-top: 1px solid #ddd; margin: 12px 0;""><div style=""font-size: 13px; color: #444; line-height: 1.4;""><b style=""color: #111;"">Explicació:</b> L’interruptor controla la continuïtat del recorregut elèctric.</div></div>","T11_-_Electricitat","16311"
"<div style=""text-align: left; font-family: -apple-system, sans-serif;""><div style=""font-size: 11px; color: #888; margin-bottom: 6px;"">[T11 - Electricitat] Pregunta 173</div><div style=""font-weight: bold; font-size: 16px; margin-bottom: 14px; line-height: 1.4;"">Per què els cables d’un circuit es procuren fabricar amb baixa resistència?</div><div style=""font-size: 14px; line-height: 1.6;""><div style=""padding: 5px 0;""><b>A)</b> Per transportar el corrent amb poca oposició al seu pas.</div><div style=""padding: 5px 0;""><b>B)</b> Per limitar la intensitat útil que arriba al receptor encara que la font mantingui la tensió.</div><div style=""padding: 5px 0;""><b>C)</b> Per concentrar una part més gran de la caiguda de tensió en els conductors del circuit.</div><div style=""padding: 5px 0;""><b>D)</b> Per transformar una part més gran de l’energia elèctrica en calor al llarg del cable.</div></div></div>","<div style=""text-align: left; font-family: -apple-system, sans-serif;""><div style=""font-weight: bold; font-size: 16px; color: #10b981; margin-bottom: 8px;"">✓ Resposta Correcta: A</div><div style=""font-size: 14px; margin-bottom: 12px; padding: 10px; background: rgba(16,185,129,0.1); border-radius: 6px; border-left: 4px solid #10b981;"">A) Per transportar el corrent amb poca oposició al seu pas.</div><hr style=""border: 0; border-top: 1px solid #ddd; margin: 12px 0;""><div style=""font-size: 13px; color: #444; line-height: 1.4;""><b style=""color: #111;"">Explicació:</b> Una resistència baixa permet que el conductor compleixi la funció de transportar el corrent de manera eficient.</div></div>","T11_-_Electricitat","16316"
"<div style=""text-align: left; font-family: -apple-system, sans-serif;""><div style=""font-size: 11px; color: #888; margin-bottom: 6px;"">[T11 - Electricitat] Pregunta 174</div><div style=""font-weight: bold; font-size: 16px; margin-bottom: 14px; line-height: 1.4;"">Quina actuació mental seria més perillosa davant un element elèctric aparentment normal en un servei d’emergència?</div><div style=""font-size: 14px; line-height: 1.6;""><div style=""padding: 5px 0;""><b>A)</b> Relacionar l’avaria o el funcionament anòmal amb un possible increment del risc.</div><div style=""padding: 5px 0;""><b>B)</b> Pressuposar que l’absència de soroll, olor o moviment equival a absència de tensió.</div><div style=""padding: 5px 0;""><b>C)</b> Aplicar criteris de seguretat encara que l’electricitat no sigui l’origen inicial del servei.</div><div style=""padding: 5px 0;""><b>D)</b> Considerar que pot existir risc encara que no hi hagi signes visibles.</div></div></div>","<div style=""text-align: left; font-family: -apple-system, sans-serif;""><div style=""font-weight: bold; font-size: 16px; color: #10b981; margin-bottom: 8px;"">✓ Resposta Correcta: B</div><div style=""font-size: 14px; margin-bottom: 12px; padding: 10px; background: rgba(16,185,129,0.1); border-radius: 6px; border-left: 4px solid #10b981;"">B) Pressuposar que l’absència de soroll, olor o moviment equival a absència de tensió.</div><hr style=""border: 0; border-top: 1px solid #ddd; margin: 12px 0;""><div style=""font-size: 13px; color: #444; line-height: 1.4;""><b style=""color: #111;"">Explicació:</b> La manca de percepció directa pot portar a una falsa sensació de seguretat si s’identifica erròniament l’absència de senyals amb absència de perill.</div></div>","T11_-_Electricitat","14808"
"<div style=""text-align: left; font-family: -apple-system, sans-serif;""><div style=""font-size: 11px; color: #888; margin-bottom: 6px;"">[T11 - Electricitat] Pregunta 175</div><div style=""font-weight: bold; font-size: 16px; margin-bottom: 14px; line-height: 1.4;"">Quina unitat s’utilitza habitualment per expressar el consum elèctric?</div><div style=""font-size: 14px; line-height: 1.6;""><div style=""padding: 5px 0;""><b>A)</b> El volt (V).</div><div style=""padding: 5px 0;""><b>B)</b> L’ampere (A).</div><div style=""padding: 5px 0;""><b>C)</b> El watt (W).</div><div style=""padding: 5px 0;""><b>D)</b> El kilowatt-hora (kWh).</div></div></div>","<div style=""text-align: left; font-family: -apple-system, sans-serif;""><div style=""font-weight: bold; font-size: 16px; color: #10b981; margin-bottom: 8px;"">✓ Resposta Correcta: D</div><div style=""font-size: 14px; margin-bottom: 12px; padding: 10px; background: rgba(16,185,129,0.1); border-radius: 6px; border-left: 4px solid #10b981;"">D) El kilowatt-hora (kWh).</div><hr style=""border: 0; border-top: 1px solid #ddd; margin: 12px 0;""><div style=""font-size: 13px; color: #444; line-height: 1.4;""><b style=""color: #111;"">Explicació:</b> El consum elèctric es mesura habitualment en kWh, perquè correspon a energia acumulada en el temps.</div></div>","T11_-_Electricitat","14869"
"<div style=""text-align: left; font-family: -apple-system, sans-serif;""><div style=""font-size: 11px; color: #888; margin-bottom: 6px;"">[T11 - Electricitat] Pregunta 176</div><div style=""font-weight: bold; font-size: 16px; margin-bottom: 14px; line-height: 1.4;"">Què origina la tensió de pas al voltant d’un punt de contacte elèctric amb el terreny?</div><div style=""font-size: 14px; line-height: 1.6;""><div style=""padding: 5px 0;""><b>A)</b> L’aïllament total del terreny, que manté el mateix potencial a tota la superfície.</div><div style=""padding: 5px 0;""><b>B)</b> La circulació exclusiva del corrent pel conductor sense afectar el terreny.</div><div style=""padding: 5px 0;""><b>C)</b> La connexió en paral·lel de les dues cames, que elimina qualsevol diferència de potencial.</div><div style=""padding: 5px 0;""><b>D)</b> La dispersió del corrent pel terra, que crea un gradient de potencial.</div></div></div>","<div style=""text-align: left; font-family: -apple-system, sans-serif;""><div style=""font-weight: bold; font-size: 16px; color: #10b981; margin-bottom: 8px;"">✓ Resposta Correcta: D</div><div style=""font-size: 14px; margin-bottom: 12px; padding: 10px; background: rgba(16,185,129,0.1); border-radius: 6px; border-left: 4px solid #10b981;"">D) La dispersió del corrent pel terra, que crea un gradient de potencial.</div><hr style=""border: 0; border-top: 1px solid #ddd; margin: 12px 0;""><div style=""font-size: 13px; color: #444; line-height: 1.4;""><b style=""color: #111;"">Explicació:</b> Quan el corrent entra al terreny, el potencial varia amb la distància al punt energitzat.</div></div>","T11_-_Electricitat","16511"
"<div style=""text-align: left; font-family: -apple-system, sans-serif;""><div style=""font-size: 11px; color: #888; margin-bottom: 6px;"">[T11 - Electricitat] Pregunta 177</div><div style=""font-weight: bold; font-size: 16px; margin-bottom: 14px; line-height: 1.4;"">El silici és un exemple de material...</div><div style=""font-size: 14px; line-height: 1.6;""><div style=""padding: 5px 0;""><b>A)</b> Dielèctric.</div><div style=""padding: 5px 0;""><b>B)</b> Aïllant.</div><div style=""padding: 5px 0;""><b>C)</b> Conductor.</div><div style=""padding: 5px 0;""><b>D)</b> Semiconductor.</div></div></div>","<div style=""text-align: left; font-family: -apple-system, sans-serif;""><div style=""font-weight: bold; font-size: 16px; color: #10b981; margin-bottom: 8px;"">✓ Resposta Correcta: D</div><div style=""font-size: 14px; margin-bottom: 12px; padding: 10px; background: rgba(16,185,129,0.1); border-radius: 6px; border-left: 4px solid #10b981;"">D) Semiconductor.</div><hr style=""border: 0; border-top: 1px solid #ddd; margin: 12px 0;""><div style=""font-size: 13px; color: #444; line-height: 1.4;""><b style=""color: #111;"">Explicació:</b> El silici és un semiconductor, amb conductivitat intermèdia i controlable.</div></div>","T11_-_Electricitat","14824"
"<div style=""text-align: left; font-family: -apple-system, sans-serif;""><div style=""font-size: 11px; color: #888; margin-bottom: 6px;"">[T11 - Electricitat] Pregunta 178</div><div style=""font-weight: bold; font-size: 16px; margin-bottom: 14px; line-height: 1.4;"">Quina característica defineix el corrent altern (AC)?</div><div style=""font-size: 14px; line-height: 1.6;""><div style=""padding: 5px 0;""><b>A)</b> El sentit del flux d’electrons canvia periòdicament.</div><div style=""padding: 5px 0;""><b>B)</b> La magnitud varia periòdicament, però el signe de la tensió es manté.</div><div style=""padding: 5px 0;""><b>C)</b> La polaritat es manté i els electrons avancen en una única direcció.</div><div style=""padding: 5px 0;""><b>D)</b> El sentit del flux es manté mentre la magnitud varia de manera periòdica.</div></div></div>","<div style=""text-align: left; font-family: -apple-system, sans-serif;""><div style=""font-weight: bold; font-size: 16px; color: #10b981; margin-bottom: 8px;"">✓ Resposta Correcta: A</div><div style=""font-size: 14px; margin-bottom: 12px; padding: 10px; background: rgba(16,185,129,0.1); border-radius: 6px; border-left: 4px solid #10b981;"">A) El sentit del flux d’electrons canvia periòdicament.</div><hr style=""border: 0; border-top: 1px solid #ddd; margin: 12px 0;""><div style=""font-size: 13px; color: #444; line-height: 1.4;""><b style=""color: #111;"">Explicació:</b> El corrent altern es caracteritza per la inversió periòdica del sentit del flux i de la polaritat.</div></div>","T11_-_Electricitat","16388"
"<div style=""text-align: left; font-family: -apple-system, sans-serif;""><div style=""font-size: 11px; color: #888; margin-bottom: 6px;"">[T11 - Electricitat] Pregunta 179</div><div style=""font-weight: bold; font-size: 16px; margin-bottom: 14px; line-height: 1.4;"">Què representa la tensió eficaç o RMS d’un corrent altern?</div><div style=""font-size: 14px; line-height: 1.6;""><div style=""padding: 5px 0;""><b>A)</b> La diferència entre el valor màxim de la tensió i el valor que presenta en creuar per zero.</div><div style=""padding: 5px 0;""><b>B)</b> El valor màxim instantani que assoleix la tensió en cada semicicle.</div><div style=""padding: 5px 0;""><b>C)</b> El valor mitjà aritmètic de la tensió positiva i negativa al llarg d’un cicle.</div><div style=""padding: 5px 0;""><b>D)</b> El valor de DC que produiria el mateix efecte tèrmic o de treball en una càrrega resistiva.</div></div></div>","<div style=""text-align: left; font-family: -apple-system, sans-serif;""><div style=""font-weight: bold; font-size: 16px; color: #10b981; margin-bottom: 8px;"">✓ Resposta Correcta: D</div><div style=""font-size: 14px; margin-bottom: 12px; padding: 10px; background: rgba(16,185,129,0.1); border-radius: 6px; border-left: 4px solid #10b981;"">D) El valor de DC que produiria el mateix efecte tèrmic o de treball en una càrrega resistiva.</div><hr style=""border: 0; border-top: 1px solid #ddd; margin: 12px 0;""><div style=""font-size: 13px; color: #444; line-height: 1.4;""><b style=""color: #111;"">Explicació:</b> El valor RMS és l’equivalent en DC que produiria el mateix efecte tèrmic o de treball sobre una càrrega resistiva.</div></div>","T11_-_Electricitat","16406"
"<div style=""text-align: left; font-family: -apple-system, sans-serif;""><div style=""font-size: 11px; color: #888; margin-bottom: 6px;"">[T11 - Electricitat] Pregunta 180</div><div style=""font-weight: bold; font-size: 16px; margin-bottom: 14px; line-height: 1.4;"">En un circuit de 18 V i 6 Ω, quina intensitat s’obté?</div><div style=""font-size: 14px; line-height: 1.6;""><div style=""padding: 5px 0;""><b>A)</b> 12 A.</div><div style=""padding: 5px 0;""><b>B)</b> 108 A.</div><div style=""padding: 5px 0;""><b>C)</b> 6 A.</div><div style=""padding: 5px 0;""><b>D)</b> 3 A.</div></div></div>","<div style=""text-align: left; font-family: -apple-system, sans-serif;""><div style=""font-weight: bold; font-size: 16px; color: #10b981; margin-bottom: 8px;"">✓ Resposta Correcta: D</div><div style=""font-size: 14px; margin-bottom: 12px; padding: 10px; background: rgba(16,185,129,0.1); border-radius: 6px; border-left: 4px solid #10b981;"">D) 3 A.</div><hr style=""border: 0; border-top: 1px solid #ddd; margin: 12px 0;""><div style=""font-size: 13px; color: #444; line-height: 1.4;""><b style=""color: #111;"">Explicació:</b> La intensitat és I = V / R, per tant 18 / 6 = 3 A.</div></div>","T11_-_Electricitat","14915"
"<div style=""text-align: left; font-family: -apple-system, sans-serif;""><div style=""font-size: 11px; color: #888; margin-bottom: 6px;"">[T11 - Electricitat] Pregunta 181</div><div style=""font-weight: bold; font-size: 16px; margin-bottom: 14px; line-height: 1.4;"">Si hi ha tensió entre dos punts però el camí conductor està interromput, quina condició falta perquè circuli corrent?</div><div style=""font-size: 14px; line-height: 1.6;""><div style=""padding: 5px 0;""><b>A)</b> Que el circuit quedi tancat.</div><div style=""padding: 5px 0;""><b>B)</b> Que augmenti la resistència del receptor.</div><div style=""padding: 5px 0;""><b>C)</b> Que desaparegui la diferència de potencial.</div><div style=""padding: 5px 0;""><b>D)</b> Que el receptor actuï com una font de tensió.</div></div></div>","<div style=""text-align: left; font-family: -apple-system, sans-serif;""><div style=""font-weight: bold; font-size: 16px; color: #10b981; margin-bottom: 8px;"">✓ Resposta Correcta: A</div><div style=""font-size: 14px; margin-bottom: 12px; padding: 10px; background: rgba(16,185,129,0.1); border-radius: 6px; border-left: 4px solid #10b981;"">A) Que el circuit quedi tancat.</div><hr style=""border: 0; border-top: 1px solid #ddd; margin: 12px 0;""><div style=""font-size: 13px; color: #444; line-height: 1.4;""><b style=""color: #111;"">Explicació:</b> La tensió no és suficient per si sola: cal un recorregut conductor tancat.</div></div>","T11_-_Electricitat","16307"
"<div style=""text-align: left; font-family: -apple-system, sans-serif;""><div style=""font-size: 11px; color: #888; margin-bottom: 6px;"">[T11 - Electricitat] Pregunta 182</div><div style=""font-weight: bold; font-size: 16px; margin-bottom: 14px; line-height: 1.4;"">Quina opció descriu millor el kWh?</div><div style=""font-size: 14px; line-height: 1.6;""><div style=""padding: 5px 0;""><b>A)</b> Una unitat de potència que indica quanta energia pot donar un equip en un instant.</div><div style=""padding: 5px 0;""><b>B)</b> Una unitat de tensió que indica la diferència de potencial acumulada.</div><div style=""padding: 5px 0;""><b>C)</b> Una unitat de resistència equivalent a mil ohms per hora.</div><div style=""padding: 5px 0;""><b>D)</b> Una unitat d’energia que resulta de multiplicar potència per temps.</div></div></div>","<div style=""text-align: left; font-family: -apple-system, sans-serif;""><div style=""font-weight: bold; font-size: 16px; color: #10b981; margin-bottom: 8px;"">✓ Resposta Correcta: D</div><div style=""font-size: 14px; margin-bottom: 12px; padding: 10px; background: rgba(16,185,129,0.1); border-radius: 6px; border-left: 4px solid #10b981;"">D) Una unitat d’energia que resulta de multiplicar potència per temps.</div><hr style=""border: 0; border-top: 1px solid #ddd; margin: 12px 0;""><div style=""font-size: 13px; color: #444; line-height: 1.4;""><b style=""color: #111;"">Explicació:</b> El kWh és una unitat d’energia: kilowatts multiplicats per hores.</div></div>","T11_-_Electricitat","14873"
"<div style=""text-align: left; font-family: -apple-system, sans-serif;""><div style=""font-size: 11px; color: #888; margin-bottom: 6px;"">[T11 - Electricitat] Pregunta 183</div><div style=""font-weight: bold; font-size: 16px; margin-bottom: 14px; line-height: 1.4;"">Quina magnitud es manté igual en tots els receptors en paral·lel però es reparteix entre receptors en sèrie?</div><div style=""font-size: 14px; line-height: 1.6;""><div style=""padding: 5px 0;""><b>A)</b> La tensió.</div><div style=""padding: 5px 0;""><b>B)</b> La resistència total.</div><div style=""padding: 5px 0;""><b>C)</b> La intensitat.</div><div style=""padding: 5px 0;""><b>D)</b> La potència del receptor.</div></div></div>","<div style=""text-align: left; font-family: -apple-system, sans-serif;""><div style=""font-weight: bold; font-size: 16px; color: #10b981; margin-bottom: 8px;"">✓ Resposta Correcta: A</div><div style=""font-size: 14px; margin-bottom: 12px; padding: 10px; background: rgba(16,185,129,0.1); border-radius: 6px; border-left: 4px solid #10b981;"">A) La tensió.</div><hr style=""border: 0; border-top: 1px solid #ddd; margin: 12px 0;""><div style=""font-size: 13px; color: #444; line-height: 1.4;""><b style=""color: #111;"">Explicació:</b> En paral·lel, cada receptor rep la tensió de la font; en sèrie, la tensió es reparteix entre els receptors.</div></div>","T11_-_Electricitat","16353"
"<div style=""text-align: left; font-family: -apple-system, sans-serif;""><div style=""font-size: 11px; color: #888; margin-bottom: 6px;"">[T11 - Electricitat] Pregunta 184</div><div style=""font-weight: bold; font-size: 16px; margin-bottom: 14px; line-height: 1.4;"">Com pot iniciar-se un incendi per efecte Joule en una instal·lació elèctrica?</div><div style=""font-size: 14px; line-height: 1.6;""><div style=""padding: 5px 0;""><b>A)</b> Per un excés de corrent o un mal contacte que sobreescalfa els conductors.</div><div style=""padding: 5px 0;""><b>B)</b> Per una reducció de corrent que fon immediatament l’aïllament.</div><div style=""padding: 5px 0;""><b>C)</b> Per un augment de freqüència que elimina l’escalfament dels components.</div><div style=""padding: 5px 0;""><b>D)</b> Per una disminució de la resistència en un contacte que refreda els conductors.</div></div></div>","<div style=""text-align: left; font-family: -apple-system, sans-serif;""><div style=""font-weight: bold; font-size: 16px; color: #10b981; margin-bottom: 8px;"">✓ Resposta Correcta: A</div><div style=""font-size: 14px; margin-bottom: 12px; padding: 10px; background: rgba(16,185,129,0.1); border-radius: 6px; border-left: 4px solid #10b981;"">A) Per un excés de corrent o un mal contacte que sobreescalfa els conductors.</div><hr style=""border: 0; border-top: 1px solid #ddd; margin: 12px 0;""><div style=""font-size: 13px; color: #444; line-height: 1.4;""><b style=""color: #111;"">Explicació:</b> Un corrent excessiu o un mal contacte amb resistència elevada pot generar calor fins a fondre aïllaments i encendre combustibles.</div></div>","T11_-_Electricitat","16519"
"<div style=""text-align: left; font-family: -apple-system, sans-serif;""><div style=""font-size: 11px; color: #888; margin-bottom: 6px;"">[T11 - Electricitat] Pregunta 185</div><div style=""font-weight: bold; font-size: 16px; margin-bottom: 14px; line-height: 1.4;"">Quina funció té el neutre en un sistema monofàsic?</div><div style=""font-size: 14px; line-height: 1.6;""><div style=""padding: 5px 0;""><b>A)</b> Crear un segon corrent desfasat 120° respecte de la fase.</div><div style=""padding: 5px 0;""><b>B)</b> Augmentar la tensió eficaç entre els conductors del circuit.</div><div style=""padding: 5px 0;""><b>C)</b> Tancar el circuit i servir de retorn per al corrent.</div><div style=""padding: 5px 0;""><b>D)</b> Subministrar la tensió activa principal als receptors.</div></div></div>","<div style=""text-align: left; font-family: -apple-system, sans-serif;""><div style=""font-weight: bold; font-size: 16px; color: #10b981; margin-bottom: 8px;"">✓ Resposta Correcta: C</div><div style=""font-size: 14px; margin-bottom: 12px; padding: 10px; background: rgba(16,185,129,0.1); border-radius: 6px; border-left: 4px solid #10b981;"">C) Tancar el circuit i servir de retorn per al corrent.</div><hr style=""border: 0; border-top: 1px solid #ddd; margin: 12px 0;""><div style=""font-size: 13px; color: #444; line-height: 1.4;""><b style=""color: #111;"">Explicació:</b> El neutre completa el camí elèctric i actua com a conductor de retorn.</div></div>","T11_-_Electricitat","16400"
"<div style=""text-align: left; font-family: -apple-system, sans-serif;""><div style=""font-size: 11px; color: #888; margin-bottom: 6px;"">[T11 - Electricitat] Pregunta 186</div><div style=""font-weight: bold; font-size: 16px; margin-bottom: 14px; line-height: 1.4;"">Quina característica defineix una càrrega inductiva?</div><div style=""font-size: 14px; line-height: 1.6;""><div style=""padding: 5px 0;""><b>A)</b> Emmagatzema energia en camps elèctrics i s’oposa als canvis de tensió.</div><div style=""padding: 5px 0;""><b>B)</b> Manté tensió i intensitat en fase perquè no crea cap camp.</div><div style=""padding: 5px 0;""><b>C)</b> Transforma l’energia directament en calor sense emmagatzemar-ne.</div><div style=""padding: 5px 0;""><b>D)</b> Conté bobines que generen camps magnètics i s’oposen als canvis de corrent.</div></div></div>","<div style=""text-align: left; font-family: -apple-system, sans-serif;""><div style=""font-weight: bold; font-size: 16px; color: #10b981; margin-bottom: 8px;"">✓ Resposta Correcta: D</div><div style=""font-size: 14px; margin-bottom: 12px; padding: 10px; background: rgba(16,185,129,0.1); border-radius: 6px; border-left: 4px solid #10b981;"">D) Conté bobines que generen camps magnètics i s’oposen als canvis de corrent.</div><hr style=""border: 0; border-top: 1px solid #ddd; margin: 12px 0;""><div style=""font-size: 13px; color: #444; line-height: 1.4;""><b style=""color: #111;"">Explicació:</b> La inductància està associada a bobines, camps magnètics i oposició a les variacions de corrent.</div></div>","T11_-_Electricitat","16425"
"<div style=""text-align: left; font-family: -apple-system, sans-serif;""><div style=""font-size: 11px; color: #888; margin-bottom: 6px;"">[T11 - Electricitat] Pregunta 187</div><div style=""font-weight: bold; font-size: 16px; margin-bottom: 14px; line-height: 1.4;"">Quan les càrregues elèctriques romanen en repòs, de quina manifestació de l’electricitat parlem?</div><div style=""font-size: 14px; line-height: 1.6;""><div style=""padding: 5px 0;""><b>A)</b> Un camp elèctric.</div><div style=""padding: 5px 0;""><b>B)</b> Un corrent altern.</div><div style=""padding: 5px 0;""><b>C)</b> Un corrent directe.</div><div style=""padding: 5px 0;""><b>D)</b> Un efecte tèrmic.</div></div></div>","<div style=""text-align: left; font-family: -apple-system, sans-serif;""><div style=""font-weight: bold; font-size: 16px; color: #10b981; margin-bottom: 8px;"">✓ Resposta Correcta: A</div><div style=""font-size: 14px; margin-bottom: 12px; padding: 10px; background: rgba(16,185,129,0.1); border-radius: 6px; border-left: 4px solid #10b981;"">A) Un camp elèctric.</div><hr style=""border: 0; border-top: 1px solid #ddd; margin: 12px 0;""><div style=""font-size: 13px; color: #444; line-height: 1.4;""><b style=""color: #111;"">Explicació:</b> Quan les càrregues no es desplacen, l’electricitat es manifesta en forma de camp elèctric.</div></div>","T11_-_Electricitat","14814"
"<div style=""text-align: left; font-family: -apple-system, sans-serif;""><div style=""font-size: 11px; color: #888; margin-bottom: 6px;"">[T11 - Electricitat] Pregunta 188</div><div style=""font-weight: bold; font-size: 16px; margin-bottom: 14px; line-height: 1.4;"">Quina funció tenen els condensadors després d’una rectificació?</div><div style=""font-size: 14px; line-height: 1.6;""><div style=""padding: 5px 0;""><b>A)</b> Suavitzar la tensió contínua resultant emmagatzemant energia.</div><div style=""padding: 5px 0;""><b>B)</b> Invertir la polaritat de la tensió contínua a cada semicicle.</div><div style=""padding: 5px 0;""><b>C)</b> Crear tres fases desfasades 120° a partir del corrent rectificat.</div><div style=""padding: 5px 0;""><b>D)</b> Convertir directament la tensió contínua en una tensió alterna sinusoidal.</div></div></div>","<div style=""text-align: left; font-family: -apple-system, sans-serif;""><div style=""font-weight: bold; font-size: 16px; color: #10b981; margin-bottom: 8px;"">✓ Resposta Correcta: A</div><div style=""font-size: 14px; margin-bottom: 12px; padding: 10px; background: rgba(16,185,129,0.1); border-radius: 6px; border-left: 4px solid #10b981;"">A) Suavitzar la tensió contínua resultant emmagatzemant energia.</div><hr style=""border: 0; border-top: 1px solid #ddd; margin: 12px 0;""><div style=""font-size: 13px; color: #444; line-height: 1.4;""><b style=""color: #111;"">Explicació:</b> Els condensadors redueixen les variacions de la tensió DC rectificada.</div></div>","T11_-_Electricitat","16454"
"<div style=""text-align: left; font-family: -apple-system, sans-serif;""><div style=""font-size: 11px; color: #888; margin-bottom: 6px;"">[T11 - Electricitat] Pregunta 189</div><div style=""font-weight: bold; font-size: 16px; margin-bottom: 14px; line-height: 1.4;"">Quina conseqüència té una intensitat elevada sobre les pèrdues per efecte Joule?</div><div style=""font-size: 14px; line-height: 1.6;""><div style=""padding: 5px 0;""><b>A)</b> Les augmenta, perquè el corrent genera més calor.</div><div style=""padding: 5px 0;""><b>B)</b> Les transforma directament en potència mecànica.</div><div style=""padding: 5px 0;""><b>C)</b> Les redueix perquè el conductor dissipa menys calor.</div><div style=""padding: 5px 0;""><b>D)</b> Les elimina si la tensió també és baixa.</div></div></div>","<div style=""text-align: left; font-family: -apple-system, sans-serif;""><div style=""font-weight: bold; font-size: 16px; color: #10b981; margin-bottom: 8px;"">✓ Resposta Correcta: A</div><div style=""font-size: 14px; margin-bottom: 12px; padding: 10px; background: rgba(16,185,129,0.1); border-radius: 6px; border-left: 4px solid #10b981;"">A) Les augmenta, perquè el corrent genera més calor.</div><hr style=""border: 0; border-top: 1px solid #ddd; margin: 12px 0;""><div style=""font-size: 13px; color: #444; line-height: 1.4;""><b style=""color: #111;"">Explicació:</b> L’efecte Joule depèn molt de la intensitat. Quan la intensitat augmenta, també ho fan les pèrdues en forma de calor.</div></div>","T11_-_Electricitat","16300"
"<div style=""text-align: left; font-family: -apple-system, sans-serif;""><div style=""font-size: 11px; color: #888; margin-bottom: 6px;"">[T11 - Electricitat] Pregunta 190</div><div style=""font-weight: bold; font-size: 16px; margin-bottom: 14px; line-height: 1.4;"">Una bateria Hilti de 22 V i 5,2 Ah s’associa aproximadament a:</div><div style=""font-size: 14px; line-height: 1.6;""><div style=""padding: 5px 0;""><b>A)</b> 115 Wh.</div><div style=""padding: 5px 0;""><b>B)</b> 52 Wh.</div><div style=""padding: 5px 0;""><b>C)</b> 1,15 kWh.</div><div style=""padding: 5px 0;""><b>D)</b> 11,5 Wh.</div></div></div>","<div style=""text-align: left; font-family: -apple-system, sans-serif;""><div style=""font-weight: bold; font-size: 16px; color: #10b981; margin-bottom: 8px;"">✓ Resposta Correcta: A</div><div style=""font-size: 14px; margin-bottom: 12px; padding: 10px; background: rgba(16,185,129,0.1); border-radius: 6px; border-left: 4px solid #10b981;"">A) 115 Wh.</div><hr style=""border: 0; border-top: 1px solid #ddd; margin: 12px 0;""><div style=""font-size: 13px; color: #444; line-height: 1.4;""><b style=""color: #111;"">Explicació:</b> 115 Wh resulta de l'operació de multiplicar el voltatge per la capacitat d'emmagatzematge.</div></div>","T11_-_Electricitat","14877"
"<div style=""text-align: left; font-family: -apple-system, sans-serif;""><div style=""font-size: 11px; color: #888; margin-bottom: 6px;"">[T11 - Electricitat] Pregunta 191</div><div style=""font-weight: bold; font-size: 16px; margin-bottom: 14px; line-height: 1.4;"">Quin ordre d’exemples està ordenat de menor a major intensitat aproximada?</div><div style=""font-size: 14px; line-height: 1.6;""><div style=""padding: 5px 0;""><b>A)</b> Rentadora domèstica → bombeta LED petita → motor industrial → línia d’alta tensió.</div><div style=""padding: 5px 0;""><b>B)</b> Línia d’alta tensió → motor industrial → rentadora domèstica → bombeta LED petita.</div><div style=""padding: 5px 0;""><b>C)</b> Motor industrial → rentadora domèstica → bombeta LED petita → línia d’alta tensió.</div><div style=""padding: 5px 0;""><b>D)</b> Bombeta LED petita → rentadora domèstica → motor industrial → línia d’alta tensió.</div></div></div>","<div style=""text-align: left; font-family: -apple-system, sans-serif;""><div style=""font-weight: bold; font-size: 16px; color: #10b981; margin-bottom: 8px;"">✓ Resposta Correcta: D</div><div style=""font-size: 14px; margin-bottom: 12px; padding: 10px; background: rgba(16,185,129,0.1); border-radius: 6px; border-left: 4px solid #10b981;"">D) Bombeta LED petita → rentadora domèstica → motor industrial → línia d’alta tensió.</div><hr style=""border: 0; border-top: 1px solid #ddd; margin: 12px 0;""><div style=""font-size: 13px; color: #444; line-height: 1.4;""><b style=""color: #111;"">Explicació:</b> Els exemples del manual van de valors molt baixos en una LED petita fins a centenars o milers d’amperes en una línia d’alta tensió.</div></div>","T11_-_Electricitat","14846"
"<div style=""text-align: left; font-family: -apple-system, sans-serif;""><div style=""font-size: 11px; color: #888; margin-bottom: 6px;"">[T11 - Electricitat] Pregunta 192</div><div style=""font-weight: bold; font-size: 16px; margin-bottom: 14px; line-height: 1.4;"">Com protegeixen els equips aïllants quan el cos podria quedar en sèrie amb el circuit?</div><div style=""font-size: 14px; line-height: 1.6;""><div style=""padding: 5px 0;""><b>A)</b> Transformen el cos en una branca paral·lela de resistència pràcticament nul·la.</div><div style=""padding: 5px 0;""><b>B)</b> Augmenten la tensió aplicada perquè la intensitat es reparteixi entre els punts de contacte.</div><div style=""padding: 5px 0;""><b>C)</b> Redueixen la resistència total perquè el corrent es desviï més ràpidament cap al cos.</div><div style=""padding: 5px 0;""><b>D)</b> Augmenten la resistència total i redueixen la intensitat que podria travessar el cos.</div></div></div>","<div style=""text-align: left; font-family: -apple-system, sans-serif;""><div style=""font-weight: bold; font-size: 16px; color: #10b981; margin-bottom: 8px;"">✓ Resposta Correcta: D</div><div style=""font-size: 14px; margin-bottom: 12px; padding: 10px; background: rgba(16,185,129,0.1); border-radius: 6px; border-left: 4px solid #10b981;"">D) Augmenten la resistència total i redueixen la intensitat que podria travessar el cos.</div><hr style=""border: 0; border-top: 1px solid #ddd; margin: 12px 0;""><div style=""font-size: 13px; color: #444; line-height: 1.4;""><b style=""color: #111;"">Explicació:</b> Guants, botes, estores o perxes aïllants eleven la resistència del camí i limiten el corrent.</div></div>","T11_-_Electricitat","16506"
"<div style=""text-align: left; font-family: -apple-system, sans-serif;""><div style=""font-size: 11px; color: #888; margin-bottom: 6px;"">[T11 - Electricitat] Pregunta 193</div><div style=""font-weight: bold; font-size: 16px; margin-bottom: 14px; line-height: 1.4;"">Què significa que el cos formi part d’un circuit en paral·lel?</div><div style=""font-size: 14px; line-height: 1.6;""><div style=""padding: 5px 0;""><b>A)</b> Es converteix en el camí principal i rep tot el corrent del circuit.</div><div style=""padding: 5px 0;""><b>B)</b> Que proporciona un camí addicional per al corrent al costat d’altres camins existents.</div><div style=""padding: 5px 0;""><b>C)</b> Que queda al mateix potencial en tots els punts de contacte i actua com un aïllant.</div><div style=""padding: 5px 0;""><b>D)</b> Que queda fora del circuit perquè els altres camins impedeixen qualsevol pas pel cos.</div></div></div>","<div style=""text-align: left; font-family: -apple-system, sans-serif;""><div style=""font-weight: bold; font-size: 16px; color: #10b981; margin-bottom: 8px;"">✓ Resposta Correcta: B</div><div style=""font-size: 14px; margin-bottom: 12px; padding: 10px; background: rgba(16,185,129,0.1); border-radius: 6px; border-left: 4px solid #10b981;"">B) Que proporciona un camí addicional per al corrent al costat d’altres camins existents.</div><hr style=""border: 0; border-top: 1px solid #ddd; margin: 12px 0;""><div style=""font-size: 13px; color: #444; line-height: 1.4;""><b style=""color: #111;"">Explicació:</b> En paral·lel el cos és una branca addicional entre punts del circuit.</div></div>","T11_-_Electricitat","16508"
"<div style=""text-align: left; font-family: -apple-system, sans-serif;""><div style=""font-size: 11px; color: #888; margin-bottom: 6px;"">[T11 - Electricitat] Pregunta 194</div><div style=""font-weight: bold; font-size: 16px; margin-bottom: 14px; line-height: 1.4;"">En el símil hidràulic, què correspon a un circuit elèctric obert?</div><div style=""font-size: 14px; line-height: 1.6;""><div style=""padding: 5px 0;""><b>A)</b> Una vàlvula oberta, amb circulació d’aigua.</div><div style=""padding: 5px 0;""><b>B)</b> Una vàlvula tancada, sense circulació d’aigua.</div><div style=""padding: 5px 0;""><b>C)</b> Una turbina travessada per un cabal continu.</div><div style=""padding: 5px 0;""><b>D)</b> Una bomba en funcionament amb la vàlvula oberta.</div></div></div>","<div style=""text-align: left; font-family: -apple-system, sans-serif;""><div style=""font-weight: bold; font-size: 16px; color: #10b981; margin-bottom: 8px;"">✓ Resposta Correcta: B</div><div style=""font-size: 14px; margin-bottom: 12px; padding: 10px; background: rgba(16,185,129,0.1); border-radius: 6px; border-left: 4px solid #10b981;"">B) Una vàlvula tancada, sense circulació d’aigua.</div><hr style=""border: 0; border-top: 1px solid #ddd; margin: 12px 0;""><div style=""font-size: 13px; color: #444; line-height: 1.4;""><b style=""color: #111;"">Explicació:</b> Circuit obert significa camí interromput; en hidràulica s’assimila a una vàlvula tancada.</div></div>","T11_-_Electricitat","16370"
"<div style=""text-align: left; font-family: -apple-system, sans-serif;""><div style=""font-size: 11px; color: #888; margin-bottom: 6px;"">[T11 - Electricitat] Pregunta 195</div><div style=""font-weight: bold; font-size: 16px; margin-bottom: 14px; line-height: 1.4;"">Com està connectat habitualment el neutre respecte de terra?</div><div style=""font-size: 14px; line-height: 1.6;""><div style=""padding: 5px 0;""><b>A)</b> Està connectat a la fase per igualar els seus potencials.</div><div style=""padding: 5px 0;""><b>B)</b> Està aïllat de terra per mantenir els 230 V respecte del terreny.</div><div style=""padding: 5px 0;""><b>C)</b> Està connectat a terra quan la càrrega connectada presenta comportament capacitiu.</div><div style=""padding: 5px 0;""><b>D)</b> Està connectat a terra en punts com el centre de transformació.</div></div></div>","<div style=""text-align: left; font-family: -apple-system, sans-serif;""><div style=""font-weight: bold; font-size: 16px; color: #10b981; margin-bottom: 8px;"">✓ Resposta Correcta: D</div><div style=""font-size: 14px; margin-bottom: 12px; padding: 10px; background: rgba(16,185,129,0.1); border-radius: 6px; border-left: 4px solid #10b981;"">D) Està connectat a terra en punts com el centre de transformació.</div><hr style=""border: 0; border-top: 1px solid #ddd; margin: 12px 0;""><div style=""font-size: 13px; color: #444; line-height: 1.4;""><b style=""color: #111;"">Explicació:</b> El neutre se sol connectar a terra al centre de transformació o en punts definits de la instal·lació.</div></div>","T11_-_Electricitat","16402"
"<div style=""text-align: left; font-family: -apple-system, sans-serif;""><div style=""font-size: 11px; color: #888; margin-bottom: 6px;"">[T11 - Electricitat] Pregunta 196</div><div style=""font-weight: bold; font-size: 16px; margin-bottom: 14px; line-height: 1.4;"">Com es produeix el moviment en un motor elèctric?</div><div style=""font-size: 14px; line-height: 1.6;""><div style=""padding: 5px 0;""><b>A)</b> La tensió es rectifica dins les bobines i el neutre genera el moviment de rotació.</div><div style=""padding: 5px 0;""><b>B)</b> La resistència de les bobines augmenta fins a crear una força mecànica directa.</div><div style=""padding: 5px 0;""><b>C)</b> Els camps magnètics de les bobines interactuen amb imants i generen forces d’atracció o repulsió.</div><div style=""padding: 5px 0;""><b>D)</b> La potència aparent es converteix en freqüència i fa girar l’eix del motor.</div></div></div>","<div style=""text-align: left; font-family: -apple-system, sans-serif;""><div style=""font-weight: bold; font-size: 16px; color: #10b981; margin-bottom: 8px;"">✓ Resposta Correcta: C</div><div style=""font-size: 14px; margin-bottom: 12px; padding: 10px; background: rgba(16,185,129,0.1); border-radius: 6px; border-left: 4px solid #10b981;"">C) Els camps magnètics de les bobines interactuen amb imants i generen forces d’atracció o repulsió.</div><hr style=""border: 0; border-top: 1px solid #ddd; margin: 12px 0;""><div style=""font-size: 13px; color: #444; line-height: 1.4;""><b style=""color: #111;"">Explicació:</b> La interacció entre camps magnètics produeix forces que provoquen la rotació.</div></div>","T11_-_Electricitat","16473"
"<div style=""text-align: left; font-family: -apple-system, sans-serif;""><div style=""font-size: 11px; color: #888; margin-bottom: 6px;"">[T11 - Electricitat] Pregunta 197</div><div style=""font-weight: bold; font-size: 16px; margin-bottom: 14px; line-height: 1.4;"">Quina funció principal tenen els conductors d’un circuit bàsic?</div><div style=""font-size: 14px; line-height: 1.6;""><div style=""padding: 5px 0;""><b>A)</b> Interrompre el circuit de manera controlada quan es vol tallar el corrent.</div><div style=""padding: 5px 0;""><b>B)</b> Proporcionar un camí de baixa resistència per transportar el corrent.</div><div style=""padding: 5px 0;""><b>C)</b> Transformar l’energia elèctrica en una altra forma d’energia.</div><div style=""padding: 5px 0;""><b>D)</b> Generar la diferència de potencial necessària per alimentar el circuit.</div></div></div>","<div style=""text-align: left; font-family: -apple-system, sans-serif;""><div style=""font-weight: bold; font-size: 16px; color: #10b981; margin-bottom: 8px;"">✓ Resposta Correcta: B</div><div style=""font-size: 14px; margin-bottom: 12px; padding: 10px; background: rgba(16,185,129,0.1); border-radius: 6px; border-left: 4px solid #10b981;"">B) Proporcionar un camí de baixa resistència per transportar el corrent.</div><hr style=""border: 0; border-top: 1px solid #ddd; margin: 12px 0;""><div style=""font-size: 13px; color: #444; line-height: 1.4;""><b style=""color: #111;"">Explicació:</b> Els conductors uneixen els elements i permeten el pas del corrent amb poca oposició.</div></div>","T11_-_Electricitat","16309"
"<div style=""text-align: left; font-family: -apple-system, sans-serif;""><div style=""font-size: 11px; color: #888; margin-bottom: 6px;"">[T11 - Electricitat] Pregunta 198</div><div style=""font-weight: bold; font-size: 16px; margin-bottom: 14px; line-height: 1.4;"">Quin element hidràulic equival a un generador o font elèctrica?</div><div style=""font-size: 14px; line-height: 1.6;""><div style=""padding: 5px 0;""><b>A)</b> Una vàlvula.</div><div style=""padding: 5px 0;""><b>B)</b> Un estrenyiment de canonada.</div><div style=""padding: 5px 0;""><b>C)</b> Una bomba d’aigua.</div><div style=""padding: 5px 0;""><b>D)</b> Una turbina.</div></div></div>","<div style=""text-align: left; font-family: -apple-system, sans-serif;""><div style=""font-weight: bold; font-size: 16px; color: #10b981; margin-bottom: 8px;"">✓ Resposta Correcta: C</div><div style=""font-size: 14px; margin-bottom: 12px; padding: 10px; background: rgba(16,185,129,0.1); border-radius: 6px; border-left: 4px solid #10b981;"">C) Una bomba d’aigua.</div><hr style=""border: 0; border-top: 1px solid #ddd; margin: 12px 0;""><div style=""font-size: 13px; color: #444; line-height: 1.4;""><b style=""color: #111;"">Explicació:</b> La bomba impulsa el sistema hidràulic de manera anàloga a com la font impulsa el circuit elèctric.</div></div>","T11_-_Electricitat","16367"
"<div style=""text-align: left; font-family: -apple-system, sans-serif;""><div style=""font-size: 11px; color: #888; margin-bottom: 6px;"">[T11 - Electricitat] Pregunta 199</div><div style=""font-weight: bold; font-size: 16px; margin-bottom: 14px; line-height: 1.4;"">Quina tensió eficaç de línia hi ha habitualment entre dues fases a Europa?</div><div style=""font-size: 14px; line-height: 1.6;""><div style=""padding: 5px 0;""><b>A)</b> 230 V.</div><div style=""padding: 5px 0;""><b>B)</b> 566 V.</div><div style=""padding: 5px 0;""><b>C)</b> 400 V.</div><div style=""padding: 5px 0;""><b>D)</b> 325 V.</div></div></div>","<div style=""text-align: left; font-family: -apple-system, sans-serif;""><div style=""font-weight: bold; font-size: 16px; color: #10b981; margin-bottom: 8px;"">✓ Resposta Correcta: C</div><div style=""font-size: 14px; margin-bottom: 12px; padding: 10px; background: rgba(16,185,129,0.1); border-radius: 6px; border-left: 4px solid #10b981;"">C) 400 V.</div><hr style=""border: 0; border-top: 1px solid #ddd; margin: 12px 0;""><div style=""font-size: 13px; color: #444; line-height: 1.4;""><b style=""color: #111;"">Explicació:</b> La tensió entre dues fases d’un sistema trifàsic europeu és habitualment de 400 V.</div></div>","T11_-_Electricitat","16417"
"<div style=""text-align: left; font-family: -apple-system, sans-serif;""><div style=""font-size: 11px; color: #888; margin-bottom: 6px;"">[T11 - Electricitat] Pregunta 200</div><div style=""font-weight: bold; font-size: 16px; margin-bottom: 14px; line-height: 1.4;"">Què implica demanar molta potència treballant amb baix voltatge?</div><div style=""font-size: 14px; line-height: 1.6;""><div style=""padding: 5px 0;""><b>A)</b> Que el cablejat pot ser més prim perquè hi circula menys corrent.</div><div style=""padding: 5px 0;""><b>B)</b> Que la resistència es redueixi considerablement i el circuit deixi de generar calor.</div><div style=""padding: 5px 0;""><b>C)</b> Que la tensió es manté alta encara que la instal·lació sigui de baixa tensió.</div><div style=""padding: 5px 0;""><b>D)</b> Que la intensitat necessària augmenta i pot provocar més pèrdues.</div></div></div>","<div style=""text-align: left; font-family: -apple-system, sans-serif;""><div style=""font-weight: bold; font-size: 16px; color: #10b981; margin-bottom: 8px;"">✓ Resposta Correcta: D</div><div style=""font-size: 14px; margin-bottom: 12px; padding: 10px; background: rgba(16,185,129,0.1); border-radius: 6px; border-left: 4px solid #10b981;"">D) Que la intensitat necessària augmenta i pot provocar més pèrdues.</div><hr style=""border: 0; border-top: 1px solid #ddd; margin: 12px 0;""><div style=""font-size: 13px; color: #444; line-height: 1.4;""><b style=""color: #111;"">Explicació:</b> A baixa tensió, obtenir molta potència obliga a fer circular més intensitat. Aquesta intensitat elevada incrementa les pèrdues i complica el dimensionament del cablejat.</div></div>","T11_-_Electricitat","16291"
"<div style=""text-align: left; font-family: -apple-system, sans-serif;""><div style=""font-size: 11px; color: #888; margin-bottom: 6px;"">[T11 - Electricitat] Pregunta 201</div><div style=""font-weight: bold; font-size: 16px; margin-bottom: 14px; line-height: 1.4;"">Amb una tensió de 230 V i una resistència de 115 Ω, quina intensitat circula?</div><div style=""font-size: 14px; line-height: 1.6;""><div style=""padding: 5px 0;""><b>A)</b> 345 A.</div><div style=""padding: 5px 0;""><b>B)</b> 2 A.</div><div style=""padding: 5px 0;""><b>C)</b> 0,5 A.</div><div style=""padding: 5px 0;""><b>D)</b> 1 A.</div></div></div>","<div style=""text-align: left; font-family: -apple-system, sans-serif;""><div style=""font-weight: bold; font-size: 16px; color: #10b981; margin-bottom: 8px;"">✓ Resposta Correcta: B</div><div style=""font-size: 14px; margin-bottom: 12px; padding: 10px; background: rgba(16,185,129,0.1); border-radius: 6px; border-left: 4px solid #10b981;"">B) 2 A.</div><hr style=""border: 0; border-top: 1px solid #ddd; margin: 12px 0;""><div style=""font-size: 13px; color: #444; line-height: 1.4;""><b style=""color: #111;"">Explicació:</b> La intensitat és I = 230 / 115 = 2 A.</div></div>","T11_-_Electricitat","14905"
"<div style=""text-align: left; font-family: -apple-system, sans-serif;""><div style=""font-size: 11px; color: #888; margin-bottom: 6px;"">[T11 - Electricitat] Pregunta 202</div><div style=""font-weight: bold; font-size: 16px; margin-bottom: 14px; line-height: 1.4;"">Què indica la fase d’una ona de corrent altern?</div><div style=""font-size: 14px; line-height: 1.6;""><div style=""padding: 5px 0;""><b>A)</b> La quantitat de cicles complets que l’ona realitza cada segon.</div><div style=""padding: 5px 0;""><b>B)</b> El valor equivalent en DC que produeix el mateix efecte tèrmic.</div><div style=""padding: 5px 0;""><b>C)</b> El valor màxim de tensió que l’ona assoleix durant un cicle.</div><div style=""padding: 5px 0;""><b>D)</b> La posició de l’ona dins del seu cicle, expressada en graus o en temps.</div></div></div>","<div style=""text-align: left; font-family: -apple-system, sans-serif;""><div style=""font-weight: bold; font-size: 16px; color: #10b981; margin-bottom: 8px;"">✓ Resposta Correcta: D</div><div style=""font-size: 14px; margin-bottom: 12px; padding: 10px; background: rgba(16,185,129,0.1); border-radius: 6px; border-left: 4px solid #10b981;"">D) La posició de l’ona dins del seu cicle, expressada en graus o en temps.</div><hr style=""border: 0; border-top: 1px solid #ddd; margin: 12px 0;""><div style=""font-size: 13px; color: #444; line-height: 1.4;""><b style=""color: #111;"">Explicació:</b> La fase indica en quin punt del cicle es troba una ona i permet descriure el desfasament entre ones.</div></div>","T11_-_Electricitat","16409"
"<div style=""text-align: left; font-family: -apple-system, sans-serif;""><div style=""font-size: 11px; color: #888; margin-bottom: 6px;"">[T11 - Electricitat] Pregunta 203</div><div style=""font-weight: bold; font-size: 16px; margin-bottom: 14px; line-height: 1.4;"">Quina magnitud fa que el corrent elèctric circuli?</div><div style=""font-size: 14px; line-height: 1.6;""><div style=""padding: 5px 0;""><b>A)</b> La resistència.</div><div style=""padding: 5px 0;""><b>B)</b> La intensitat.</div><div style=""padding: 5px 0;""><b>C)</b> La tensió.</div><div style=""padding: 5px 0;""><b>D)</b> La càrrega elèctrica.</div></div></div>","<div style=""text-align: left; font-family: -apple-system, sans-serif;""><div style=""font-weight: bold; font-size: 16px; color: #10b981; margin-bottom: 8px;"">✓ Resposta Correcta: C</div><div style=""font-size: 14px; margin-bottom: 12px; padding: 10px; background: rgba(16,185,129,0.1); border-radius: 6px; border-left: 4px solid #10b981;"">C) La tensió.</div><hr style=""border: 0; border-top: 1px solid #ddd; margin: 12px 0;""><div style=""font-size: 13px; color: #444; line-height: 1.4;""><b style=""color: #111;"">Explicació:</b> La tensió és la força o impuls que permet que el corrent elèctric circuli.</div></div>","T11_-_Electricitat","14852"
"<div style=""text-align: left; font-family: -apple-system, sans-serif;""><div style=""font-size: 11px; color: #888; margin-bottom: 6px;"">[T11 - Electricitat] Pregunta 204</div><div style=""font-weight: bold; font-size: 16px; margin-bottom: 14px; line-height: 1.4;"">Quina conversió realitza habitualment un vehicle elèctric per alimentar un motor AC des de la bateria?</div><div style=""font-size: 14px; line-height: 1.6;""><div style=""padding: 5px 0;""><b>A)</b> DC → AC mitjançant un inversor.</div><div style=""padding: 5px 0;""><b>B)</b> AC → DC mitjançant un rectificador.</div><div style=""padding: 5px 0;""><b>C)</b> DC → DC mitjançant un convertidor step-down.</div><div style=""padding: 5px 0;""><b>D)</b> AC → AC mitjançant un variador sense etapa intermèdia.</div></div></div>","<div style=""text-align: left; font-family: -apple-system, sans-serif;""><div style=""font-weight: bold; font-size: 16px; color: #10b981; margin-bottom: 8px;"">✓ Resposta Correcta: A</div><div style=""font-size: 14px; margin-bottom: 12px; padding: 10px; background: rgba(16,185,129,0.1); border-radius: 6px; border-left: 4px solid #10b981;"">A) DC → AC mitjançant un inversor.</div><hr style=""border: 0; border-top: 1px solid #ddd; margin: 12px 0;""><div style=""font-size: 13px; color: #444; line-height: 1.4;""><b style=""color: #111;"">Explicació:</b> La bateria aporta DC i l’inversor genera l’AC necessària per al motor.</div></div>","T11_-_Electricitat","16456"
"<div style=""text-align: left; font-family: -apple-system, sans-serif;""><div style=""font-size: 11px; color: #888; margin-bottom: 6px;"">[T11 - Electricitat] Pregunta 205</div><div style=""font-weight: bold; font-size: 16px; margin-bottom: 14px; line-height: 1.4;"">Per què no és correcte dir que un aparell ha consumit 2 kW?</div><div style=""font-size: 14px; line-height: 1.6;""><div style=""padding: 5px 0;""><b>A)</b> Perquè el kW només serveix per mesurar resistències elevades.</div><div style=""padding: 5px 0;""><b>B)</b> Perquè el kW només s’utilitza en corrent altern trifàsic.</div><div style=""padding: 5px 0;""><b>C)</b> Perquè el kW expressa potència, no energia consumida.</div><div style=""padding: 5px 0;""><b>D)</b> Perquè el consum sempre s’ha d’expressar en amperes.</div></div></div>","<div style=""text-align: left; font-family: -apple-system, sans-serif;""><div style=""font-weight: bold; font-size: 16px; color: #10b981; margin-bottom: 8px;"">✓ Resposta Correcta: C</div><div style=""font-size: 14px; margin-bottom: 12px; padding: 10px; background: rgba(16,185,129,0.1); border-radius: 6px; border-left: 4px solid #10b981;"">C) Perquè el kW expressa potència, no energia consumida.</div><hr style=""border: 0; border-top: 1px solid #ddd; margin: 12px 0;""><div style=""font-size: 13px; color: #444; line-height: 1.4;""><b style=""color: #111;"">Explicació:</b> Quan es parla de consum, la unitat adequada és una unitat d’energia, com el kWh.</div></div>","T11_-_Electricitat","14882"
"<div style=""text-align: left; font-family: -apple-system, sans-serif;""><div style=""font-size: 11px; color: #888; margin-bottom: 6px;"">[T11 - Electricitat] Pregunta 206</div><div style=""font-weight: bold; font-size: 16px; margin-bottom: 14px; line-height: 1.4;"">Quin exemple correspon aproximadament a una intensitat de 8 - 12 A?</div><div style=""font-size: 14px; line-height: 1.6;""><div style=""padding: 5px 0;""><b>A)</b> Una rentadora domèstica.</div><div style=""padding: 5px 0;""><b>B)</b> Un motor industrial.</div><div style=""padding: 5px 0;""><b>C)</b> Una línia de transport d’alta tensió.</div><div style=""padding: 5px 0;""><b>D)</b> Una bombeta LED petita.</div></div></div>","<div style=""text-align: left; font-family: -apple-system, sans-serif;""><div style=""font-weight: bold; font-size: 16px; color: #10b981; margin-bottom: 8px;"">✓ Resposta Correcta: A</div><div style=""font-size: 14px; margin-bottom: 12px; padding: 10px; background: rgba(16,185,129,0.1); border-radius: 6px; border-left: 4px solid #10b981;"">A) Una rentadora domèstica.</div><hr style=""border: 0; border-top: 1px solid #ddd; margin: 12px 0;""><div style=""font-size: 13px; color: #444; line-height: 1.4;""><b style=""color: #111;"">Explicació:</b> El manual dona la rentadora domèstica com a exemple d’un consum aproximat de 8 a 12 A.</div></div>","T11_-_Electricitat","14843"
"<div style=""text-align: left; font-family: -apple-system, sans-serif;""><div style=""font-size: 11px; color: #888; margin-bottom: 6px;"">[T11 - Electricitat] Pregunta 207</div><div style=""font-weight: bold; font-size: 16px; margin-bottom: 14px; line-height: 1.4;"">Quina intensitat necessita aproximadament un aparell de 1.200 W connectat a 230 V?</div><div style=""font-size: 14px; line-height: 1.6;""><div style=""padding: 5px 0;""><b>A)</b> 2,3 A.</div><div style=""padding: 5px 0;""><b>B)</b> 0,19 A.</div><div style=""padding: 5px 0;""><b>C)</b> 5,2 A.</div><div style=""padding: 5px 0;""><b>D)</b> 12 A.</div></div></div>","<div style=""text-align: left; font-family: -apple-system, sans-serif;""><div style=""font-weight: bold; font-size: 16px; color: #10b981; margin-bottom: 8px;"">✓ Resposta Correcta: C</div><div style=""font-size: 14px; margin-bottom: 12px; padding: 10px; background: rgba(16,185,129,0.1); border-radius: 6px; border-left: 4px solid #10b981;"">C) 5,2 A.</div><hr style=""border: 0; border-top: 1px solid #ddd; margin: 12px 0;""><div style=""font-size: 13px; color: #444; line-height: 1.4;""><b style=""color: #111;"">Explicació:</b> A partir de P = V × I, la intensitat és I = P / V; 1.200 / 230 ≈ 5,2 A.</div></div>","T11_-_Electricitat","14939"
"<div style=""text-align: left; font-family: -apple-system, sans-serif;""><div style=""font-size: 11px; color: #888; margin-bottom: 6px;"">[T11 - Electricitat] Pregunta 208</div><div style=""font-weight: bold; font-size: 16px; margin-bottom: 14px; line-height: 1.4;"">A quin valor de pic arriba aproximadament una tensió de línia trifàsica de 400 V eficaços?</div><div style=""font-size: 14px; line-height: 1.6;""><div style=""padding: 5px 0;""><b>A)</b> 400 V.</div><div style=""padding: 5px 0;""><b>B)</b> 690 V.</div><div style=""padding: 5px 0;""><b>C)</b> 566 V.</div><div style=""padding: 5px 0;""><b>D)</b> 325 V.</div></div></div>","<div style=""text-align: left; font-family: -apple-system, sans-serif;""><div style=""font-weight: bold; font-size: 16px; color: #10b981; margin-bottom: 8px;"">✓ Resposta Correcta: C</div><div style=""font-size: 14px; margin-bottom: 12px; padding: 10px; background: rgba(16,185,129,0.1); border-radius: 6px; border-left: 4px solid #10b981;"">C) 566 V.</div><hr style=""border: 0; border-top: 1px solid #ddd; margin: 12px 0;""><div style=""font-size: 13px; color: #444; line-height: 1.4;""><b style=""color: #111;"">Explicació:</b> Una tensió de línia de 400 V eficaços correspon aproximadament a 566 V de pic.</div></div>","T11_-_Electricitat","16418"
"<div style=""text-align: left; font-family: -apple-system, sans-serif;""><div style=""font-size: 11px; color: #888; margin-bottom: 6px;"">[T11 - Electricitat] Pregunta 209</div><div style=""font-weight: bold; font-size: 16px; margin-bottom: 14px; line-height: 1.4;"">Quin efecte té augmentar la separació entre els dos punts de contacte amb el terra dins una zona amb tensió de pas?</div><div style=""font-size: 14px; line-height: 1.6;""><div style=""padding: 5px 0;""><b>A)</b> Fa que els dos punts quedin al mateix potencial que el punt de contacte amb el cable.</div><div style=""padding: 5px 0;""><b>B)</b> Manté exactament la mateixa diferència de potencial independentment de la distància.</div><div style=""padding: 5px 0;""><b>C)</b> Redueix la diferència de potencial entre els punts fins a valors molt baixos.</div><div style=""padding: 5px 0;""><b>D)</b> Augmenta la diferència de potencial entre els punts.</div></div></div>","<div style=""text-align: left; font-family: -apple-system, sans-serif;""><div style=""font-weight: bold; font-size: 16px; color: #10b981; margin-bottom: 8px;"">✓ Resposta Correcta: D</div><div style=""font-size: 14px; margin-bottom: 12px; padding: 10px; background: rgba(16,185,129,0.1); border-radius: 6px; border-left: 4px solid #10b981;"">D) Augmenta la diferència de potencial entre els punts.</div><hr style=""border: 0; border-top: 1px solid #ddd; margin: 12px 0;""><div style=""font-size: 13px; color: #444; line-height: 1.4;""><b style=""color: #111;"">Explicació:</b> En un gradient de potencial, una separació més gran pot situar cada contacte a potencials més diferents.</div></div>","T11_-_Electricitat","16513"
"<div style=""text-align: left; font-family: -apple-system, sans-serif;""><div style=""font-size: 11px; color: #888; margin-bottom: 6px;"">[T11 - Electricitat] Pregunta 210</div><div style=""font-weight: bold; font-size: 16px; margin-bottom: 14px; line-height: 1.4;"">Dos conductors tenen la mateixa resistència i el corrent hi circula el mateix temps. Si en un hi passen 4 A i en l’altre 2 A, com es compara la calor generada?</div><div style=""font-size: 14px; line-height: 1.6;""><div style=""padding: 5px 0;""><b>A)</b> Amb 4 A es genera el doble de calor que amb 2 A.</div><div style=""padding: 5px 0;""><b>B)</b> Amb 4 A es genera quatre vegades més calor que amb 2 A.</div><div style=""padding: 5px 0;""><b>C)</b> Amb 4 A es genera la mateixa calor si la resistència no canvia.</div><div style=""padding: 5px 0;""><b>D)</b> Amb 4 A es genera la meitat de calor perquè la intensitat compensa el temps.</div></div></div>","<div style=""text-align: left; font-family: -apple-system, sans-serif;""><div style=""font-weight: bold; font-size: 16px; color: #10b981; margin-bottom: 8px;"">✓ Resposta Correcta: B</div><div style=""font-size: 14px; margin-bottom: 12px; padding: 10px; background: rgba(16,185,129,0.1); border-radius: 6px; border-left: 4px solid #10b981;"">B) Amb 4 A es genera quatre vegades més calor que amb 2 A.</div><hr style=""border: 0; border-top: 1px solid #ddd; margin: 12px 0;""><div style=""font-size: 13px; color: #444; line-height: 1.4;""><b style=""color: #111;"">Explicació:</b> La calor creix amb el quadrat de la intensitat: 4² és quatre vegades 2².</div></div>","T11_-_Electricitat","14929"
"<div style=""text-align: left; font-family: -apple-system, sans-serif;""><div style=""font-size: 11px; color: #888; margin-bottom: 6px;"">[T11 - Electricitat] Pregunta 211</div><div style=""font-weight: bold; font-size: 16px; margin-bottom: 14px; line-height: 1.4;"">Quina conversió fa una rectificació elèctrica?</div><div style=""font-size: 14px; line-height: 1.6;""><div style=""padding: 5px 0;""><b>A)</b> Transforma corrent continu d’una tensió en una altra tensió contínua.</div><div style=""padding: 5px 0;""><b>B)</b> Transforma corrent altern d’una freqüència en una altra sense passar per DC.</div><div style=""padding: 5px 0;""><b>C)</b> Transforma corrent continu en corrent altern.</div><div style=""padding: 5px 0;""><b>D)</b> Transforma corrent altern en corrent continu.</div></div></div>","<div style=""text-align: left; font-family: -apple-system, sans-serif;""><div style=""font-weight: bold; font-size: 16px; color: #10b981; margin-bottom: 8px;"">✓ Resposta Correcta: D</div><div style=""font-size: 14px; margin-bottom: 12px; padding: 10px; background: rgba(16,185,129,0.1); border-radius: 6px; border-left: 4px solid #10b981;"">D) Transforma corrent altern en corrent continu.</div><hr style=""border: 0; border-top: 1px solid #ddd; margin: 12px 0;""><div style=""font-size: 13px; color: #444; line-height: 1.4;""><b style=""color: #111;"">Explicació:</b> La rectificació és la conversió AC → DC.</div></div>","T11_-_Electricitat","16452"
"<div style=""text-align: left; font-family: -apple-system, sans-serif;""><div style=""font-size: 11px; color: #888; margin-bottom: 6px;"">[T11 - Electricitat] Pregunta 212</div><div style=""font-weight: bold; font-size: 16px; margin-bottom: 14px; line-height: 1.4;"">Què provoca el camp magnètic variable de la primària en la bobina secundària d’un transformador?</div><div style=""font-size: 14px; line-height: 1.6;""><div style=""padding: 5px 0;""><b>A)</b> Anul·la la tensió de la bobina secundària.</div><div style=""padding: 5px 0;""><b>B)</b> Manté el corrent secundari constant sense variar el camp.</div><div style=""padding: 5px 0;""><b>C)</b> Indueix un corrent elèctric a la bobina secundària.</div><div style=""padding: 5px 0;""><b>D)</b> Rectifica el corrent de la bobina secundària a DC.</div></div></div>","<div style=""text-align: left; font-family: -apple-system, sans-serif;""><div style=""font-weight: bold; font-size: 16px; color: #10b981; margin-bottom: 8px;"">✓ Resposta Correcta: C</div><div style=""font-size: 14px; margin-bottom: 12px; padding: 10px; background: rgba(16,185,129,0.1); border-radius: 6px; border-left: 4px solid #10b981;"">C) Indueix un corrent elèctric a la bobina secundària.</div><hr style=""border: 0; border-top: 1px solid #ddd; margin: 12px 0;""><div style=""font-size: 13px; color: #444; line-height: 1.4;""><b style=""color: #111;"">Explicació:</b> El camp compartit i variable transfereix energia per inducció entre les dues bobines.</div></div>","T11_-_Electricitat","16480"
"<div style=""text-align: left; font-family: -apple-system, sans-serif;""><div style=""font-size: 11px; color: #888; margin-bottom: 6px;"">[T11 - Electricitat] Pregunta 213</div><div style=""font-weight: bold; font-size: 16px; margin-bottom: 14px; line-height: 1.4;"">Què passa si el corrent circula durant més temps per un conductor amb resistència?</div><div style=""font-size: 14px; line-height: 1.6;""><div style=""padding: 5px 0;""><b>A)</b> S’acumula més calor.</div><div style=""padding: 5px 0;""><b>B)</b> El conductor deixa de dissipar energia.</div><div style=""padding: 5px 0;""><b>C)</b> La resistència desapareix progressivament.</div><div style=""padding: 5px 0;""><b>D)</b> La intensitat es converteix en tensió.</div></div></div>","<div style=""text-align: left; font-family: -apple-system, sans-serif;""><div style=""font-weight: bold; font-size: 16px; color: #10b981; margin-bottom: 8px;"">✓ Resposta Correcta: A</div><div style=""font-size: 14px; margin-bottom: 12px; padding: 10px; background: rgba(16,185,129,0.1); border-radius: 6px; border-left: 4px solid #10b981;"">A) S’acumula més calor.</div><hr style=""border: 0; border-top: 1px solid #ddd; margin: 12px 0;""><div style=""font-size: 13px; color: #444; line-height: 1.4;""><b style=""color: #111;"">Explicació:</b> El temps forma part de la fórmula de l’efecte Joule: com més temps circula el corrent, més calor s’acumula.</div></div>","T11_-_Electricitat","14924"
"<div style=""text-align: left; font-family: -apple-system, sans-serif;""><div style=""font-size: 11px; color: #888; margin-bottom: 6px;"">[T11 - Electricitat] Pregunta 214</div><div style=""font-weight: bold; font-size: 16px; margin-bottom: 14px; line-height: 1.4;"">Si la tensió aplicada es duplica i la resistència es manté constant, què passa amb la intensitat?</div><div style=""font-size: 14px; line-height: 1.6;""><div style=""padding: 5px 0;""><b>A)</b> Passa a ser igual a la resistència.</div><div style=""padding: 5px 0;""><b>B)</b> Es redueix a la meitat.</div><div style=""padding: 5px 0;""><b>C)</b> Es duplica.</div><div style=""padding: 5px 0;""><b>D)</b> Es manté igual.</div></div></div>","<div style=""text-align: left; font-family: -apple-system, sans-serif;""><div style=""font-weight: bold; font-size: 16px; color: #10b981; margin-bottom: 8px;"">✓ Resposta Correcta: C</div><div style=""font-size: 14px; margin-bottom: 12px; padding: 10px; background: rgba(16,185,129,0.1); border-radius: 6px; border-left: 4px solid #10b981;"">C) Es duplica.</div><hr style=""border: 0; border-top: 1px solid #ddd; margin: 12px 0;""><div style=""font-size: 13px; color: #444; line-height: 1.4;""><b style=""color: #111;"">Explicació:</b> Amb resistència constant, la intensitat és directament proporcional a la tensió.</div></div>","T11_-_Electricitat","14909"
"<div style=""text-align: left; font-family: -apple-system, sans-serif;""><div style=""font-size: 11px; color: #888; margin-bottom: 6px;"">[T11 - Electricitat] Pregunta 215</div><div style=""font-weight: bold; font-size: 16px; margin-bottom: 14px; line-height: 1.4;"">Quina opció associa correctament el concepte de tensió amb la seva funció?</div><div style=""font-size: 14px; line-height: 1.6;""><div style=""padding: 5px 0;""><b>A)</b> Indica l’oposició del material al pas del corrent.</div><div style=""padding: 5px 0;""><b>B)</b> Mesura quants electrons passen per segon per un punt del circuit.</div><div style=""padding: 5px 0;""><b>C)</b> La quantitat d’energia consumida al llarg del temps.</div><div style=""padding: 5px 0;""><b>D)</b> Impulsa els electrons a moure’s a través d’un conductor.</div></div></div>","<div style=""text-align: left; font-family: -apple-system, sans-serif;""><div style=""font-weight: bold; font-size: 16px; color: #10b981; margin-bottom: 8px;"">✓ Resposta Correcta: A</div><div style=""font-size: 14px; margin-bottom: 12px; padding: 10px; background: rgba(16,185,129,0.1); border-radius: 6px; border-left: 4px solid #10b981;"">A) Indica l’oposició del material al pas del corrent.</div><hr style=""border: 0; border-top: 1px solid #ddd; margin: 12px 0;""><div style=""font-size: 13px; color: #444; line-height: 1.4;""><b style=""color: #111;"">Explicació:</b> La funció de la tensió és generar l’impuls que fa moure els electrons.</div></div>","T11_-_Electricitat","14853"
"<div style=""text-align: left; font-family: -apple-system, sans-serif;""><div style=""font-size: 11px; color: #888; margin-bottom: 6px;"">[T11 - Electricitat] Pregunta 216</div><div style=""font-weight: bold; font-size: 16px; margin-bottom: 14px; line-height: 1.4;"">Quina funció té la font de tensió en un circuit elèctric simple?</div><div style=""font-size: 14px; line-height: 1.6;""><div style=""padding: 5px 0;""><b>A)</b> Aportar energia elèctrica i crear la diferència de potencial.</div><div style=""padding: 5px 0;""><b>B)</b> Transportar el corrent entre els elements amb una resistència mínima.</div><div style=""padding: 5px 0;""><b>C)</b> Transformar l’energia elèctrica en llum, calor o moviment.</div><div style=""padding: 5px 0;""><b>D)</b> Obrir o tancar el circuit per controlar el pas del corrent.</div></div></div>","<div style=""text-align: left; font-family: -apple-system, sans-serif;""><div style=""font-weight: bold; font-size: 16px; color: #10b981; margin-bottom: 8px;"">✓ Resposta Correcta: A</div><div style=""font-size: 14px; margin-bottom: 12px; padding: 10px; background: rgba(16,185,129,0.1); border-radius: 6px; border-left: 4px solid #10b981;"">A) Aportar energia elèctrica i crear la diferència de potencial.</div><hr style=""border: 0; border-top: 1px solid #ddd; margin: 12px 0;""><div style=""font-size: 13px; color: #444; line-height: 1.4;""><b style=""color: #111;"">Explicació:</b> La font és l’element que alimenta el circuit i estableix la diferència de potencial.</div></div>","T11_-_Electricitat","16308"
"<div style=""text-align: left; font-family: -apple-system, sans-serif;""><div style=""font-size: 11px; color: #888; margin-bottom: 6px;"">[T11 - Electricitat] Pregunta 217</div><div style=""font-weight: bold; font-size: 16px; margin-bottom: 14px; line-height: 1.4;"">Quina diferència davant una avaria distingeix millor un circuit en paral·lel d’un circuit en sèrie?</div><div style=""font-size: 14px; line-height: 1.6;""><div style=""padding: 5px 0;""><b>A)</b> En paral·lel les altres branques poden continuar funcionant; en sèrie una interrupció pot aturar tot el circuit.</div><div style=""padding: 5px 0;""><b>B)</b> En paral·lel i en sèrie una avaria té un efecte equivalent perquè la intensitat és comuna a tots els receptors.</div><div style=""padding: 5px 0;""><b>C)</b> En paral·lel la tensió de totes les branques es reparteix després de l’avaria; en sèrie es manté igual a cada receptor.</div><div style=""padding: 5px 0;""><b>D)</b> En paral·lel una interrupció pot aturar totes les branques; en sèrie els altres receptors poden mantenir el seu camí.</div></div></div>","<div style=""text-align: left; font-family: -apple-system, sans-serif;""><div style=""font-weight: bold; font-size: 16px; color: #10b981; margin-bottom: 8px;"">✓ Resposta Correcta: A</div><div style=""font-size: 14px; margin-bottom: 12px; padding: 10px; background: rgba(16,185,129,0.1); border-radius: 6px; border-left: 4px solid #10b981;"">A) En paral·lel les altres branques poden continuar funcionant; en sèrie una interrupció pot aturar tot el circuit.</div><hr style=""border: 0; border-top: 1px solid #ddd; margin: 12px 0;""><div style=""font-size: 13px; color: #444; line-height: 1.4;""><b style=""color: #111;"">Explicació:</b> La independència de les branques és una diferència funcional clau del paral·lel respecte de la sèrie.</div></div>","T11_-_Electricitat","16358"
"<div style=""text-align: left; font-family: -apple-system, sans-serif;""><div style=""font-size: 11px; color: #888; margin-bottom: 6px;"">[T11 - Electricitat] Pregunta 218</div><div style=""font-weight: bold; font-size: 16px; margin-bottom: 14px; line-height: 1.4;"">Amb quin tipus de corrent funcionen les bateries?</div><div style=""font-size: 14px; line-height: 1.6;""><div style=""padding: 5px 0;""><b>A)</b> Corrent altern.</div><div style=""padding: 5px 0;""><b>B)</b> Corrent de retorn.</div><div style=""padding: 5px 0;""><b>C)</b> Corrent trifàsic.</div><div style=""padding: 5px 0;""><b>D)</b> Corrent continu.</div></div></div>","<div style=""text-align: left; font-family: -apple-system, sans-serif;""><div style=""font-weight: bold; font-size: 16px; color: #10b981; margin-bottom: 8px;"">✓ Resposta Correcta: D</div><div style=""font-size: 14px; margin-bottom: 12px; padding: 10px; background: rgba(16,185,129,0.1); border-radius: 6px; border-left: 4px solid #10b981;"">D) Corrent continu.</div><hr style=""border: 0; border-top: 1px solid #ddd; margin: 12px 0;""><div style=""font-size: 13px; color: #444; line-height: 1.4;""><b style=""color: #111;"">Explicació:</b> Les bateries són un exemple habitual de font de corrent continu.</div></div>","T11_-_Electricitat","14821"
"<div style=""text-align: left; font-family: -apple-system, sans-serif;""><div style=""font-size: 11px; color: #888; margin-bottom: 6px;"">[T11 - Electricitat] Pregunta 219</div><div style=""font-weight: bold; font-size: 16px; margin-bottom: 14px; line-height: 1.4;"">En un conductor, quin factor afavoreix que pugui transportar més corrent?</div><div style=""font-size: 14px; line-height: 1.6;""><div style=""padding: 5px 0;""><b>A)</b> Que sigui més llarg i gruixut.</div><div style=""padding: 5px 0;""><b>B)</b> Que sigui més curt i gruixut.</div><div style=""padding: 5px 0;""><b>C)</b> Que sigui més llarg i prim.</div><div style=""padding: 5px 0;""><b>D)</b> Que sigui més llarg i gruixut.</div></div></div>","<div style=""text-align: left; font-family: -apple-system, sans-serif;""><div style=""font-weight: bold; font-size: 16px; color: #10b981; margin-bottom: 8px;"">✓ Resposta Correcta: B</div><div style=""font-size: 14px; margin-bottom: 12px; padding: 10px; background: rgba(16,185,129,0.1); border-radius: 6px; border-left: 4px solid #10b981;"">B) Que sigui més curt i gruixut.</div><hr style=""border: 0; border-top: 1px solid #ddd; margin: 12px 0;""><div style=""font-size: 13px; color: #444; line-height: 1.4;""><b style=""color: #111;"">Explicació:</b> El manual indica que un conductor més curt i gruixut pot transportar més corrent.</div></div>","T11_-_Electricitat","14829"
"<div style=""text-align: left; font-family: -apple-system, sans-serif;""><div style=""font-size: 11px; color: #888; margin-bottom: 6px;"">[T11 - Electricitat] Pregunta 220</div><div style=""font-weight: bold; font-size: 16px; margin-bottom: 14px; line-height: 1.4;"">En quina unitat s’expressa la calor generada en la fórmula de l’efecte Joule?</div><div style=""font-size: 14px; line-height: 1.6;""><div style=""padding: 5px 0;""><b>A)</b> Joules.</div><div style=""padding: 5px 0;""><b>B)</b> Farenheit.</div><div style=""padding: 5px 0;""><b>C)</b> Ampers.</div><div style=""padding: 5px 0;""><b>D)</b> Celsius.</div></div></div>","<div style=""text-align: left; font-family: -apple-system, sans-serif;""><div style=""font-weight: bold; font-size: 16px; color: #10b981; margin-bottom: 8px;"">✓ Resposta Correcta: A</div><div style=""font-size: 14px; margin-bottom: 12px; padding: 10px; background: rgba(16,185,129,0.1); border-radius: 6px; border-left: 4px solid #10b981;"">A) Joules.</div><hr style=""border: 0; border-top: 1px solid #ddd; margin: 12px 0;""><div style=""font-size: 13px; color: #444; line-height: 1.4;""><b style=""color: #111;"">Explicació:</b> La quantitat de calor generada s’expressa en joules, simbolitzats amb la lletra J.</div></div>","T11_-_Electricitat","14921"
"<div style=""text-align: left; font-family: -apple-system, sans-serif;""><div style=""font-size: 11px; color: #888; margin-bottom: 6px;"">[T11 - Electricitat] Pregunta 221</div><div style=""font-weight: bold; font-size: 16px; margin-bottom: 14px; line-height: 1.4;"">Quin efecte busca enrotllar un conductor formant moltes espires en un electroimant?</div><div style=""font-size: 14px; line-height: 1.6;""><div style=""padding: 5px 0;""><b>A)</b> Fer que el camp magnètic sigui independent de la intensitat.</div><div style=""padding: 5px 0;""><b>B)</b> Reduir el camp magnètic per limitar el corrent induït.</div><div style=""padding: 5px 0;""><b>C)</b> Convertir l’energia magnètica directament en tensió contínua estable.</div><div style=""padding: 5px 0;""><b>D)</b> Obtenir una força magnètica més gran.</div></div></div>","<div style=""text-align: left; font-family: -apple-system, sans-serif;""><div style=""font-weight: bold; font-size: 16px; color: #10b981; margin-bottom: 8px;"">✓ Resposta Correcta: D</div><div style=""font-size: 14px; margin-bottom: 12px; padding: 10px; background: rgba(16,185,129,0.1); border-radius: 6px; border-left: 4px solid #10b981;"">D) Obtenir una força magnètica més gran.</div><hr style=""border: 0; border-top: 1px solid #ddd; margin: 12px 0;""><div style=""font-size: 13px; color: #444; line-height: 1.4;""><b style=""color: #111;"">Explicació:</b> Les espires permeten sumar l’efecte magnètic del corrent.</div></div>","T11_-_Electricitat","16470"
"<div style=""text-align: left; font-family: -apple-system, sans-serif;""><div style=""font-size: 11px; color: #888; margin-bottom: 6px;"">[T11 - Electricitat] Pregunta 222</div><div style=""font-weight: bold; font-size: 16px; margin-bottom: 14px; line-height: 1.4;"">Com es comporta la tensió en un circuit amb diversos receptors en sèrie?</div><div style=""font-size: 14px; line-height: 1.6;""><div style=""padding: 5px 0;""><b>A)</b> Es reparteix entre els receptors.</div><div style=""padding: 5px 0;""><b>B)</b> És igual en tots els receptors.</div><div style=""padding: 5px 0;""><b>C)</b> Es manté íntegra a cada receptor.</div><div style=""padding: 5px 0;""><b>D)</b> Es reparteix entre branques independents.</div></div></div>","<div style=""text-align: left; font-family: -apple-system, sans-serif;""><div style=""font-weight: bold; font-size: 16px; color: #10b981; margin-bottom: 8px;"">✓ Resposta Correcta: A</div><div style=""font-size: 14px; margin-bottom: 12px; padding: 10px; background: rgba(16,185,129,0.1); border-radius: 6px; border-left: 4px solid #10b981;"">A) Es reparteix entre els receptors.</div><hr style=""border: 0; border-top: 1px solid #ddd; margin: 12px 0;""><div style=""font-size: 13px; color: #444; line-height: 1.4;""><b style=""color: #111;"">Explicació:</b> En sèrie, la tensió total es distribueix en caigudes de tensió als diferents receptors.</div></div>","T11_-_Electricitat","16330"
"<div style=""text-align: left; font-family: -apple-system, sans-serif;""><div style=""font-size: 11px; color: #888; margin-bottom: 6px;"">[T11 - Electricitat] Pregunta 223</div><div style=""font-weight: bold; font-size: 16px; margin-bottom: 14px; line-height: 1.4;"">Quin equivalent hidràulic té una caiguda de tensió?</div><div style=""font-size: 14px; line-height: 1.6;""><div style=""padding: 5px 0;""><b>A)</b> Un increment del volum total d’aigua.</div><div style=""padding: 5px 0;""><b>B)</b> Un augment de pressió de la bomba.</div><div style=""padding: 5px 0;""><b>C)</b> Una pèrdua de càrrega.</div><div style=""padding: 5px 0;""><b>D)</b> Un augment de cabal.</div></div></div>","<div style=""text-align: left; font-family: -apple-system, sans-serif;""><div style=""font-weight: bold; font-size: 16px; color: #10b981; margin-bottom: 8px;"">✓ Resposta Correcta: C</div><div style=""font-size: 14px; margin-bottom: 12px; padding: 10px; background: rgba(16,185,129,0.1); border-radius: 6px; border-left: 4px solid #10b981;"">C) Una pèrdua de càrrega.</div><hr style=""border: 0; border-top: 1px solid #ddd; margin: 12px 0;""><div style=""font-size: 13px; color: #444; line-height: 1.4;""><b style=""color: #111;"">Explicació:</b> La disminució de potencial elèctric s’assimila a una pèrdua de càrrega hidràulica.</div></div>","T11_-_Electricitat","16363"
"<div style=""text-align: left; font-family: -apple-system, sans-serif;""><div style=""font-size: 11px; color: #888; margin-bottom: 6px;"">[T11 - Electricitat] Pregunta 224</div><div style=""font-weight: bold; font-size: 16px; margin-bottom: 14px; line-height: 1.4;"">Quina diferència descriu millor un curtcircuit i una electrocució?</div><div style=""font-size: 14px; line-height: 1.6;""><div style=""padding: 5px 0;""><b>A)</b> En el curtcircuit el receptor absorbeix la major part de l’energia; en l’electrocució el corrent evita el cos humà.</div><div style=""padding: 5px 0;""><b>B)</b> En el curtcircuit el circuit queda interromput; en l’electrocució el corrent circula per un camí metàl·lic de baixa resistència.</div><div style=""padding: 5px 0;""><b>C)</b> En el curtcircuit el conductor dissipa calor intensa; en l’electrocució el cos humà forma part del circuit.</div><div style=""padding: 5px 0;""><b>D)</b> En el curtcircuit el cos humà forma part del camí; en l’electrocució el conductor evita la càrrega prevista.</div></div></div>","<div style=""text-align: left; font-family: -apple-system, sans-serif;""><div style=""font-weight: bold; font-size: 16px; color: #10b981; margin-bottom: 8px;"">✓ Resposta Correcta: C</div><div style=""font-size: 14px; margin-bottom: 12px; padding: 10px; background: rgba(16,185,129,0.1); border-radius: 6px; border-left: 4px solid #10b981;"">C) En el curtcircuit el conductor dissipa calor intensa; en l’electrocució el cos humà forma part del circuit.</div><hr style=""border: 0; border-top: 1px solid #ddd; margin: 12px 0;""><div style=""font-size: 13px; color: #444; line-height: 1.4;""><b style=""color: #111;"">Explicació:</b> Tots dos són camins anòmals, però el curtcircuit destaca per la dissipació al conductor i l’electrocució pel pas a través del cos.</div></div>","T11_-_Electricitat","16323"
"<div style=""text-align: left; font-family: -apple-system, sans-serif;""><div style=""font-size: 11px; color: #888; margin-bottom: 6px;"">[T11 - Electricitat] Pregunta 225</div><div style=""font-weight: bold; font-size: 16px; margin-bottom: 14px; line-height: 1.4;"">Quin llindar crític de corrent altern s’indica per a la fibril·lació ventricular a 50 Hz?</div><div style=""font-size: 14px; line-height: 1.6;""><div style=""padding: 5px 0;""><b>A)</b> 120 mA.</div><div style=""padding: 5px 0;""><b>B)</b> 10 mA.</div><div style=""padding: 5px 0;""><b>C)</b> 30 mA.</div><div style=""padding: 5px 0;""><b>D)</b> 50 mA.</div></div></div>","<div style=""text-align: left; font-family: -apple-system, sans-serif;""><div style=""font-weight: bold; font-size: 16px; color: #10b981; margin-bottom: 8px;"">✓ Resposta Correcta: C</div><div style=""font-size: 14px; margin-bottom: 12px; padding: 10px; background: rgba(16,185,129,0.1); border-radius: 6px; border-left: 4px solid #10b981;"">C) 30 mA.</div><hr style=""border: 0; border-top: 1px solid #ddd; margin: 12px 0;""><div style=""font-size: 13px; color: #444; line-height: 1.4;""><b style=""color: #111;"">Explicació:</b> El llindar crític indicat és de 30 mA per a corrent altern a 50 Hz.</div></div>","T11_-_Electricitat","16487"
"<div style=""text-align: left; font-family: -apple-system, sans-serif;""><div style=""font-size: 11px; color: #888; margin-bottom: 6px;"">[T11 - Electricitat] Pregunta 226</div><div style=""font-weight: bold; font-size: 16px; margin-bottom: 14px; line-height: 1.4;"">Quina afirmació diferencia correctament les lleis de Kirchhoff i les equacions de Maxwell?</div><div style=""font-size: 14px; line-height: 1.6;""><div style=""padding: 5px 0;""><b>A)</b> Maxwell s’aplica a circuits complexos i Kirchhoff a l’electromagnetisme.</div><div style=""padding: 5px 0;""><b>B)</b> Kirchhoff substitueix la llei d’Ohm i Maxwell calcula només la potència.</div><div style=""padding: 5px 0;""><b>C)</b> Kirchhoff explica l’electromagnetisme i Maxwell calcula la resistència.</div><div style=""padding: 5px 0;""><b>D)</b> Kirchhoff s’aplica a circuits complexos i Maxwell a l’electromagnetisme.</div></div></div>","<div style=""text-align: left; font-family: -apple-system, sans-serif;""><div style=""font-weight: bold; font-size: 16px; color: #10b981; margin-bottom: 8px;"">✓ Resposta Correcta: D</div><div style=""font-size: 14px; margin-bottom: 12px; padding: 10px; background: rgba(16,185,129,0.1); border-radius: 6px; border-left: 4px solid #10b981;"">D) Kirchhoff s’aplica a circuits complexos i Maxwell a l’electromagnetisme.</div><hr style=""border: 0; border-top: 1px solid #ddd; margin: 12px 0;""><div style=""font-size: 13px; color: #444; line-height: 1.4;""><b style=""color: #111;"">Explicació:</b> Kirchhoff s’associa a circuits més complexos, mentre que Maxwell s’associa a l’electromagnetisme.</div></div>","T11_-_Electricitat","14891"
"<div style=""text-align: left; font-family: -apple-system, sans-serif;""><div style=""font-size: 11px; color: #888; margin-bottom: 6px;"">[T11 - Electricitat] Pregunta 227</div><div style=""font-weight: bold; font-size: 16px; margin-bottom: 14px; line-height: 1.4;"">Una pèrdua de càrrega hidràulica representa quin fenomen elèctric?</div><div style=""font-size: 14px; line-height: 1.6;""><div style=""padding: 5px 0;""><b>A)</b> Una generació de tensió.</div><div style=""padding: 5px 0;""><b>B)</b> Un augment d’intensitat.</div><div style=""padding: 5px 0;""><b>C)</b> Una caiguda de tensió.</div><div style=""padding: 5px 0;""><b>D)</b> Una acumulació de càrrega.</div></div></div>","<div style=""text-align: left; font-family: -apple-system, sans-serif;""><div style=""font-weight: bold; font-size: 16px; color: #10b981; margin-bottom: 8px;"">✓ Resposta Correcta: C</div><div style=""font-size: 14px; margin-bottom: 12px; padding: 10px; background: rgba(16,185,129,0.1); border-radius: 6px; border-left: 4px solid #10b981;"">C) Una caiguda de tensió.</div><hr style=""border: 0; border-top: 1px solid #ddd; margin: 12px 0;""><div style=""font-size: 13px; color: #444; line-height: 1.4;""><b style=""color: #111;"">Explicació:</b> La pèrdua de càrrega expressa una disminució de potencial hidràulic, anàloga a la caiguda de tensió.</div></div>","T11_-_Electricitat","16376"
"<div style=""text-align: left; font-family: -apple-system, sans-serif;""><div style=""font-size: 11px; color: #888; margin-bottom: 6px;"">[T11 - Electricitat] Pregunta 228</div><div style=""font-weight: bold; font-size: 16px; margin-bottom: 14px; line-height: 1.4;"">Què descriu el terme electromagnetisme?</div><div style=""font-size: 14px; line-height: 1.6;""><div style=""padding: 5px 0;""><b>A)</b> La inducció de corrent per un camp magnètic variable, considerada com l’únic fenomen magnètic.</div><div style=""padding: 5px 0;""><b>B)</b> L’acumulació de càrregues elèctriques en repòs sense generar cap efecte magnètic.</div><div style=""padding: 5px 0;""><b>C)</b> El magnetisme propi dels imants permanents, sense intervenció de fenòmens elèctrics.</div><div style=""padding: 5px 0;""><b>D)</b> La relació entre el corrent elèctric i els fenòmens magnètics.</div></div></div>","<div style=""text-align: left; font-family: -apple-system, sans-serif;""><div style=""font-weight: bold; font-size: 16px; color: #10b981; margin-bottom: 8px;"">✓ Resposta Correcta: D</div><div style=""font-size: 14px; margin-bottom: 12px; padding: 10px; background: rgba(16,185,129,0.1); border-radius: 6px; border-left: 4px solid #10b981;"">D) La relació entre el corrent elèctric i els fenòmens magnètics.</div><hr style=""border: 0; border-top: 1px solid #ddd; margin: 12px 0;""><div style=""font-size: 13px; color: #444; line-height: 1.4;""><b style=""color: #111;"">Explicació:</b> L’electromagnetisme engloba la relació recíproca entre electricitat i magnetisme.</div></div>","T11_-_Electricitat","16460"
"<div style=""text-align: left; font-family: -apple-system, sans-serif;""><div style=""font-size: 11px; color: #888; margin-bottom: 6px;"">[T11 - Electricitat] Pregunta 229</div><div style=""font-weight: bold; font-size: 16px; margin-bottom: 14px; line-height: 1.4;"">Per què la intensitat s’avança a la tensió en una càrrega capacitiva?</div><div style=""font-size: 14px; line-height: 1.6;""><div style=""padding: 5px 0;""><b>A)</b> Perquè el neutre introdueix un desfasament fix de 120°.</div><div style=""padding: 5px 0;""><b>B)</b> Perquè s’està carregant el camp elèctric del condensador.</div><div style=""padding: 5px 0;""><b>C)</b> Perquè s’està formant el camp magnètic de la bobina.</div><div style=""padding: 5px 0;""><b>D)</b> Perquè tota l’energia es transforma immediatament en calor.</div></div></div>","<div style=""text-align: left; font-family: -apple-system, sans-serif;""><div style=""font-weight: bold; font-size: 16px; color: #10b981; margin-bottom: 8px;"">✓ Resposta Correcta: B</div><div style=""font-size: 14px; margin-bottom: 12px; padding: 10px; background: rgba(16,185,129,0.1); border-radius: 6px; border-left: 4px solid #10b981;"">B) Perquè s’està carregant el camp elèctric del condensador.</div><hr style=""border: 0; border-top: 1px solid #ddd; margin: 12px 0;""><div style=""font-size: 13px; color: #444; line-height: 1.4;""><b style=""color: #111;"">Explicació:</b> El procés de càrrega del camp elèctric explica l’avanç del corrent en una càrrega capacitiva.</div></div>","T11_-_Electricitat","16434"
"<div style=""text-align: left; font-family: -apple-system, sans-serif;""><div style=""font-size: 11px; color: #888; margin-bottom: 6px;"">[T11 - Electricitat] Pregunta 230</div><div style=""font-weight: bold; font-size: 16px; margin-bottom: 14px; line-height: 1.4;"">Si la resistència d’un circuit es duplica i la tensió es manté constant, què passa amb la intensitat?</div><div style=""font-size: 14px; line-height: 1.6;""><div style=""padding: 5px 0;""><b>A)</b> Es manté igual.</div><div style=""padding: 5px 0;""><b>B)</b> Es converteix en tensió.</div><div style=""padding: 5px 0;""><b>C)</b> Es redueix a la meitat.</div><div style=""padding: 5px 0;""><b>D)</b> Es duplica.</div></div></div>","<div style=""text-align: left; font-family: -apple-system, sans-serif;""><div style=""font-weight: bold; font-size: 16px; color: #10b981; margin-bottom: 8px;"">✓ Resposta Correcta: C</div><div style=""font-size: 14px; margin-bottom: 12px; padding: 10px; background: rgba(16,185,129,0.1); border-radius: 6px; border-left: 4px solid #10b981;"">C) Es redueix a la meitat.</div><hr style=""border: 0; border-top: 1px solid #ddd; margin: 12px 0;""><div style=""font-size: 13px; color: #444; line-height: 1.4;""><b style=""color: #111;"">Explicació:</b> Amb tensió constant, la intensitat és inversament proporcional a la resistència.</div></div>","T11_-_Electricitat","14908"
"<div style=""text-align: left; font-family: -apple-system, sans-serif;""><div style=""font-size: 11px; color: #888; margin-bottom: 6px;"">[T11 - Electricitat] Pregunta 231</div><div style=""font-weight: bold; font-size: 16px; margin-bottom: 14px; line-height: 1.4;"">Quins termes s’utilitzen com a sinònims de tensió?</div><div style=""font-size: 14px; line-height: 1.6;""><div style=""padding: 5px 0;""><b>A)</b> Voltatge o diferència de potencial.</div><div style=""padding: 5px 0;""><b>B)</b> Càrrega elèctrica i resistència.</div><div style=""padding: 5px 0;""><b>C)</b> Potència i consum.</div><div style=""padding: 5px 0;""><b>D)</b> Intensitat i flux elèctric.</div></div></div>","<div style=""text-align: left; font-family: -apple-system, sans-serif;""><div style=""font-weight: bold; font-size: 16px; color: #10b981; margin-bottom: 8px;"">✓ Resposta Correcta: A</div><div style=""font-size: 14px; margin-bottom: 12px; padding: 10px; background: rgba(16,185,129,0.1); border-radius: 6px; border-left: 4px solid #10b981;"">A) Voltatge o diferència de potencial.</div><hr style=""border: 0; border-top: 1px solid #ddd; margin: 12px 0;""><div style=""font-size: 13px; color: #444; line-height: 1.4;""><b style=""color: #111;"">Explicació:</b> El manual presenta la tensió també com a voltatge o diferència de potencial.</div></div>","T11_-_Electricitat","14847"
"<div style=""text-align: left; font-family: -apple-system, sans-serif;""><div style=""font-size: 11px; color: #888; margin-bottom: 6px;"">[T11 - Electricitat] Pregunta 232</div><div style=""font-weight: bold; font-size: 16px; margin-bottom: 14px; line-height: 1.4;"">Dues resistències iguals de 10 Ω es connecten en paral·lel. Quina resistència equivalent tenen?</div><div style=""font-size: 14px; line-height: 1.6;""><div style=""padding: 5px 0;""><b>A)</b> 100 Ω.</div><div style=""padding: 5px 0;""><b>B)</b> 20 Ω.</div><div style=""padding: 5px 0;""><b>C)</b> 5 Ω.</div><div style=""padding: 5px 0;""><b>D)</b> 10 Ω.</div></div></div>","<div style=""text-align: left; font-family: -apple-system, sans-serif;""><div style=""font-weight: bold; font-size: 16px; color: #10b981; margin-bottom: 8px;"">✓ Resposta Correcta: C</div><div style=""font-size: 14px; margin-bottom: 12px; padding: 10px; background: rgba(16,185,129,0.1); border-radius: 6px; border-left: 4px solid #10b981;"">C) 5 Ω.</div><hr style=""border: 0; border-top: 1px solid #ddd; margin: 12px 0;""><div style=""font-size: 13px; color: #444; line-height: 1.4;""><b style=""color: #111;"">Explicació:</b> 1/Rtotal = 1/10 + 1/10 = 2/10, de manera que Rtotal = 5 Ω.</div></div>","T11_-_Electricitat","16355"
"<div style=""text-align: left; font-family: -apple-system, sans-serif;""><div style=""font-size: 11px; color: #888; margin-bottom: 6px;"">[T11 - Electricitat] Pregunta 233</div><div style=""font-weight: bold; font-size: 16px; margin-bottom: 14px; line-height: 1.4;"">Què canvia contínuament en una ona sinusoidal de corrent altern?</div><div style=""font-size: 14px; line-height: 1.6;""><div style=""padding: 5px 0;""><b>A)</b> La resistència i la secció del conductor.</div><div style=""padding: 5px 0;""><b>B)</b> La potència nominal i el tipus de càrrega.</div><div style=""padding: 5px 0;""><b>C)</b> La freqüència i el nombre de conductors.</div><div style=""padding: 5px 0;""><b>D)</b> El valor i la polaritat.</div></div></div>","<div style=""text-align: left; font-family: -apple-system, sans-serif;""><div style=""font-weight: bold; font-size: 16px; color: #10b981; margin-bottom: 8px;"">✓ Resposta Correcta: D</div><div style=""font-size: 14px; margin-bottom: 12px; padding: 10px; background: rgba(16,185,129,0.1); border-radius: 6px; border-left: 4px solid #10b981;"">D) El valor i la polaritat.</div><hr style=""border: 0; border-top: 1px solid #ddd; margin: 12px 0;""><div style=""font-size: 13px; color: #444; line-height: 1.4;""><b style=""color: #111;"">Explicació:</b> La magnitud varia seguint la sinusoide i la polaritat alterna entre els dos signes.</div></div>","T11_-_Electricitat","16391"
"<div style=""text-align: left; font-family: -apple-system, sans-serif;""><div style=""font-size: 11px; color: #888; margin-bottom: 6px;"">[T11 - Electricitat] Pregunta 234</div><div style=""font-weight: bold; font-size: 16px; margin-bottom: 14px; line-height: 1.4;"">En una xarxa de 50 Hz, quantes vegades per segon s’inverteix el sentit del corrent?</div><div style=""font-size: 14px; line-height: 1.6;""><div style=""padding: 5px 0;""><b>A)</b> 100 vegades.</div><div style=""padding: 5px 0;""><b>B)</b> 25 vegades.</div><div style=""padding: 5px 0;""><b>C)</b> 50 vegades.</div><div style=""padding: 5px 0;""><b>D)</b> 200 vegades.</div></div></div>","<div style=""text-align: left; font-family: -apple-system, sans-serif;""><div style=""font-weight: bold; font-size: 16px; color: #10b981; margin-bottom: 8px;"">✓ Resposta Correcta: A</div><div style=""font-size: 14px; margin-bottom: 12px; padding: 10px; background: rgba(16,185,129,0.1); border-radius: 6px; border-left: 4px solid #10b981;"">A) 100 vegades.</div><hr style=""border: 0; border-top: 1px solid #ddd; margin: 12px 0;""><div style=""font-size: 13px; color: #444; line-height: 1.4;""><b style=""color: #111;"">Explicació:</b> Cada cicle comporta dos canvis de polaritat; a 50 cicles per segon hi ha 100 inversions.</div></div>","T11_-_Electricitat","16395"
"<div style=""text-align: left; font-family: -apple-system, sans-serif;""><div style=""font-size: 11px; color: #888; margin-bottom: 6px;"">[T11 - Electricitat] Pregunta 235</div><div style=""font-weight: bold; font-size: 16px; margin-bottom: 14px; line-height: 1.4;"">Quina expressió correspon a la resistència equivalent de diverses càrregues en paral·lel?</div><div style=""font-size: 14px; line-height: 1.6;""><div style=""padding: 5px 0;""><b>A)</b> Rtotal = R1 + R2 + R3 + ...</div><div style=""padding: 5px 0;""><b>B)</b> Rtotal = R1 × R2 × R3 + ...</div><div style=""padding: 5px 0;""><b>C)</b> 1/Rtotal = R1 + R2 + R3 + ...</div><div style=""padding: 5px 0;""><b>D)</b> 1/Rtotal = 1/R1 + 1/R2 + 1/R3 + ...</div></div></div>","<div style=""text-align: left; font-family: -apple-system, sans-serif;""><div style=""font-weight: bold; font-size: 16px; color: #10b981; margin-bottom: 8px;"">✓ Resposta Correcta: D</div><div style=""font-size: 14px; margin-bottom: 12px; padding: 10px; background: rgba(16,185,129,0.1); border-radius: 6px; border-left: 4px solid #10b981;"">D) 1/Rtotal = 1/R1 + 1/R2 + 1/R3 + ...</div><hr style=""border: 0; border-top: 1px solid #ddd; margin: 12px 0;""><div style=""font-size: 13px; color: #444; line-height: 1.4;""><b style=""color: #111;"">Explicació:</b> La resistència equivalent en paral·lel es calcula sumant els inversos de les resistències.</div></div>","T11_-_Electricitat","16352"
"<div style=""text-align: left; font-family: -apple-system, sans-serif;""><div style=""font-size: 11px; color: #888; margin-bottom: 6px;"">[T11 - Electricitat] Pregunta 236</div><div style=""font-weight: bold; font-size: 16px; margin-bottom: 14px; line-height: 1.4;"">A la mateixa tensió, què implica una potència més gran?</div><div style=""font-size: 14px; line-height: 1.6;""><div style=""padding: 5px 0;""><b>A)</b> Un temps de funcionament més llarg.</div><div style=""padding: 5px 0;""><b>B)</b> Una intensitat més gran.</div><div style=""padding: 5px 0;""><b>C)</b> Una resistència nul·la en tots els casos.</div><div style=""padding: 5px 0;""><b>D)</b> Una energia emmagatzemada més baixa.</div></div></div>","<div style=""text-align: left; font-family: -apple-system, sans-serif;""><div style=""font-weight: bold; font-size: 16px; color: #10b981; margin-bottom: 8px;"">✓ Resposta Correcta: B</div><div style=""font-size: 14px; margin-bottom: 12px; padding: 10px; background: rgba(16,185,129,0.1); border-radius: 6px; border-left: 4px solid #10b981;"">B) Una intensitat més gran.</div><hr style=""border: 0; border-top: 1px solid #ddd; margin: 12px 0;""><div style=""font-size: 13px; color: #444; line-height: 1.4;""><b style=""color: #111;"">Explicació:</b> Si la tensió es manté constant, augmentar la potència implica augmentar la intensitat.</div></div>","T11_-_Electricitat","14934"
"<div style=""text-align: left; font-family: -apple-system, sans-serif;""><div style=""font-size: 11px; color: #888; margin-bottom: 6px;"">[T11 - Electricitat] Pregunta 237</div><div style=""font-weight: bold; font-size: 16px; margin-bottom: 14px; line-height: 1.4;"">Quins elements es classifiquen com a EPI dielèctrics en la protecció davant el risc elèctric?</div><div style=""font-size: 14px; line-height: 1.6;""><div style=""padding: 5px 0;""><b>A)</b> La perxa i la banqueta dielèctrica.</div><div style=""padding: 5px 0;""><b>B)</b> La banqueta i les botes dielèctriques.</div><div style=""padding: 5px 0;""><b>C)</b> Els guants i les botes dielèctriques.</div><div style=""padding: 5px 0;""><b>D)</b> La perxa i els guants dielèctrics.</div></div></div>","<div style=""text-align: left; font-family: -apple-system, sans-serif;""><div style=""font-weight: bold; font-size: 16px; color: #10b981; margin-bottom: 8px;"">✓ Resposta Correcta: C</div><div style=""font-size: 14px; margin-bottom: 12px; padding: 10px; background: rgba(16,185,129,0.1); border-radius: 6px; border-left: 4px solid #10b981;"">C) Els guants i les botes dielèctriques.</div><hr style=""border: 0; border-top: 1px solid #ddd; margin: 12px 0;""><div style=""font-size: 13px; color: #444; line-height: 1.4;""><b style=""color: #111;"">Explicació:</b> Els guants i les botes dielèctriques són equips de protecció individual.</div></div>","T11_-_Electricitat","16340"
"<div style=""text-align: left; font-family: -apple-system, sans-serif;""><div style=""font-size: 11px; color: #888; margin-bottom: 6px;"">[T11 - Electricitat] Pregunta 238</div><div style=""font-weight: bold; font-size: 16px; margin-bottom: 14px; line-height: 1.4;"">Quin exemple descriu una resistència molt baixa?</div><div style=""font-size: 14px; line-height: 1.6;""><div style=""padding: 5px 0;""><b>A)</b> Les fundes d’aïllament dels cables.</div><div style=""padding: 5px 0;""><b>B)</b> Els aïlladors de les torres elèctriques.</div><div style=""padding: 5px 0;""><b>C)</b> Els cables conductors d’una instal·lació.</div><div style=""padding: 5px 0;""><b>D)</b> La ceràmica emprada com a material aïllant.</div></div></div>","<div style=""text-align: left; font-family: -apple-system, sans-serif;""><div style=""font-weight: bold; font-size: 16px; color: #10b981; margin-bottom: 8px;"">✓ Resposta Correcta: C</div><div style=""font-size: 14px; margin-bottom: 12px; padding: 10px; background: rgba(16,185,129,0.1); border-radius: 6px; border-left: 4px solid #10b981;"">C) Els cables conductors d’una instal·lació.</div><hr style=""border: 0; border-top: 1px solid #ddd; margin: 12px 0;""><div style=""font-size: 13px; color: #444; line-height: 1.4;""><b style=""color: #111;"">Explicació:</b> Els cables conductors tenen resistència molt baixa per permetre el pas eficient del corrent.</div></div>","T11_-_Electricitat","14860"
"<div style=""text-align: left; font-family: -apple-system, sans-serif;""><div style=""font-size: 11px; color: #888; margin-bottom: 6px;"">[T11 - Electricitat] Pregunta 239</div><div style=""font-weight: bold; font-size: 16px; margin-bottom: 14px; line-height: 1.4;"">Com està constituït bàsicament un transformador?</div><div style=""font-size: 14px; line-height: 1.6;""><div style=""padding: 5px 0;""><b>A)</b> Per una única bobina que alterna físicament entre la funció de primària i de secundària.</div><div style=""padding: 5px 0;""><b>B)</b> Per dues bobines independents sense acoblament magnètic entre elles.</div><div style=""padding: 5px 0;""><b>C)</b> Per dues bobines connectades en sèrie i recorregudes pel mateix corrent.</div><div style=""padding: 5px 0;""><b>D)</b> Per dues bobines acoblades que comparteixen un camp magnètic.</div></div></div>","<div style=""text-align: left; font-family: -apple-system, sans-serif;""><div style=""font-weight: bold; font-size: 16px; color: #10b981; margin-bottom: 8px;"">✓ Resposta Correcta: D</div><div style=""font-size: 14px; margin-bottom: 12px; padding: 10px; background: rgba(16,185,129,0.1); border-radius: 6px; border-left: 4px solid #10b981;"">D) Per dues bobines acoblades que comparteixen un camp magnètic.</div><hr style=""border: 0; border-top: 1px solid #ddd; margin: 12px 0;""><div style=""font-size: 13px; color: #444; line-height: 1.4;""><b style=""color: #111;"">Explicació:</b> El transformador disposa de bobina primària i secundària acoblades mitjançant un camp magnètic compartit.</div></div>","T11_-_Electricitat","16478"
"<div style=""text-align: left; font-family: -apple-system, sans-serif;""><div style=""font-size: 11px; color: #888; margin-bottom: 6px;"">[T11 - Electricitat] Pregunta 240</div><div style=""font-weight: bold; font-size: 16px; margin-bottom: 14px; line-height: 1.4;"">Quin exemple s’associa a una potència aproximada d’uns 2.000 W?</div><div style=""font-size: 14px; line-height: 1.6;""><div style=""padding: 5px 0;""><b>A)</b> Una bateria Hilti.</div><div style=""padding: 5px 0;""><b>B)</b> Una bombeta LED.</div><div style=""padding: 5px 0;""><b>C)</b> Un forn de cuina.</div><div style=""padding: 5px 0;""><b>D)</b> Un carregador de telèfon mòbil.</div></div></div>","<div style=""text-align: left; font-family: -apple-system, sans-serif;""><div style=""font-weight: bold; font-size: 16px; color: #10b981; margin-bottom: 8px;"">✓ Resposta Correcta: C</div><div style=""font-size: 14px; margin-bottom: 12px; padding: 10px; background: rgba(16,185,129,0.1); border-radius: 6px; border-left: 4px solid #10b981;"">C) Un forn de cuina.</div><hr style=""border: 0; border-top: 1px solid #ddd; margin: 12px 0;""><div style=""font-size: 13px; color: #444; line-height: 1.4;""><b style=""color: #111;"">Explicació:</b> El forn de cuina apareix com a exemple d’equip d’uns 2.000 W, equivalents a 2 kW.</div></div>","T11_-_Electricitat","14865"
"<div style=""text-align: left; font-family: -apple-system, sans-serif;""><div style=""font-size: 11px; color: #888; margin-bottom: 6px;"">[T11 - Electricitat] Pregunta 241</div><div style=""font-weight: bold; font-size: 16px; margin-bottom: 14px; line-height: 1.4;"">Quina és la unitat de mesura de la tensió?</div><div style=""font-size: 14px; line-height: 1.6;""><div style=""padding: 5px 0;""><b>A)</b> El coulomb (C).</div><div style=""padding: 5px 0;""><b>B)</b> El volt (V).</div><div style=""padding: 5px 0;""><b>C)</b> L’ohm (Ω).</div><div style=""padding: 5px 0;""><b>D)</b> L’ampere (A).</div></div></div>","<div style=""text-align: left; font-family: -apple-system, sans-serif;""><div style=""font-weight: bold; font-size: 16px; color: #10b981; margin-bottom: 8px;"">✓ Resposta Correcta: B</div><div style=""font-size: 14px; margin-bottom: 12px; padding: 10px; background: rgba(16,185,129,0.1); border-radius: 6px; border-left: 4px solid #10b981;"">B) El volt (V).</div><hr style=""border: 0; border-top: 1px solid #ddd; margin: 12px 0;""><div style=""font-size: 13px; color: #444; line-height: 1.4;""><b style=""color: #111;"">Explicació:</b> La tensió o voltatge es mesura en volts.</div></div>","T11_-_Electricitat","14851"
"<div style=""text-align: left; font-family: -apple-system, sans-serif;""><div style=""font-size: 11px; color: #888; margin-bottom: 6px;"">[T11 - Electricitat] Pregunta 242</div><div style=""font-weight: bold; font-size: 16px; margin-bottom: 14px; line-height: 1.4;"">Com és la tensió als receptors connectats en paral·lel?</div><div style=""font-size: 14px; line-height: 1.6;""><div style=""padding: 5px 0;""><b>A)</b> És la suma de les caigudes de tensió de totes les branques.</div><div style=""padding: 5px 0;""><b>B)</b> Es reparteix entre els receptors segons la seva resistència.</div><div style=""padding: 5px 0;""><b>C)</b> Depèn del nombre de branques i disminueix cada vegada que se n’afegeix una.</div><div style=""padding: 5px 0;""><b>D)</b> És la mateixa en tots i coincideix amb la tensió de la font.</div></div></div>","<div style=""text-align: left; font-family: -apple-system, sans-serif;""><div style=""font-weight: bold; font-size: 16px; color: #10b981; margin-bottom: 8px;"">✓ Resposta Correcta: D</div><div style=""font-size: 14px; margin-bottom: 12px; padding: 10px; background: rgba(16,185,129,0.1); border-radius: 6px; border-left: 4px solid #10b981;"">D) És la mateixa en tots i coincideix amb la tensió de la font.</div><hr style=""border: 0; border-top: 1px solid #ddd; margin: 12px 0;""><div style=""font-size: 13px; color: #444; line-height: 1.4;""><b style=""color: #111;"">Explicació:</b> Totes les branques d’un paral·lel estan connectades als mateixos dos punts de potencial.</div></div>","T11_-_Electricitat","16347"
"<div style=""text-align: left; font-family: -apple-system, sans-serif;""><div style=""font-size: 11px; color: #888; margin-bottom: 6px;"">[T11 - Electricitat] Pregunta 243</div><div style=""font-weight: bold; font-size: 16px; margin-bottom: 14px; line-height: 1.4;"">Quan es diu que el coneixement elèctric permet prendre decisions informades, a què es fa referència principalment?</div><div style=""font-size: 14px; line-height: 1.6;""><div style=""padding: 5px 0;""><b>A)</b> A escollir sempre la maniobra més ràpida, encara que no es conegui la tensió present.</div><div style=""padding: 5px 0;""><b>B)</b> A saber quan és segur intervenir i quan cal esperar personal tècnic especialitzat.</div><div style=""padding: 5px 0;""><b>C)</b> A reparar la instal·lació afectada abans que arribin els tècnics especialitzats.</div><div style=""padding: 5px 0;""><b>D)</b> A mantenir el subministrament actiu per evitar danys als equips connectats.</div></div></div>","<div style=""text-align: left; font-family: -apple-system, sans-serif;""><div style=""font-weight: bold; font-size: 16px; color: #10b981; margin-bottom: 8px;"">✓ Resposta Correcta: B</div><div style=""font-size: 14px; margin-bottom: 12px; padding: 10px; background: rgba(16,185,129,0.1); border-radius: 6px; border-left: 4px solid #10b981;"">B) A saber quan és segur intervenir i quan cal esperar personal tècnic especialitzat.</div><hr style=""border: 0; border-top: 1px solid #ddd; margin: 12px 0;""><div style=""font-size: 13px; color: #444; line-height: 1.4;""><b style=""color: #111;"">Explicació:</b> La decisió informada consisteix a distingir si es pot actuar amb seguretat o si cal esperar suport especialitzat.</div></div>","T11_-_Electricitat","14810"
"<div style=""text-align: left; font-family: -apple-system, sans-serif;""><div style=""font-size: 11px; color: #888; margin-bottom: 6px;"">[T11 - Electricitat] Pregunta 244</div><div style=""font-weight: bold; font-size: 16px; margin-bottom: 14px; line-height: 1.4;"">Què passa amb la intensitat que subministra la font en un circuit en paral·lel?</div><div style=""font-size: 14px; line-height: 1.6;""><div style=""padding: 5px 0;""><b>A)</b> Manté el mateix valor íntegre a cadascuna de les branques.</div><div style=""padding: 5px 0;""><b>B)</b> Es divideix entre les branques segons la resistència de cada receptor.</div><div style=""padding: 5px 0;""><b>C)</b> Es transforma en caigudes de tensió que se sumen entre receptors.</div><div style=""padding: 5px 0;""><b>D)</b> Es reparteix de manera idèntica entre branques encara que tinguin resistències diferents.</div></div></div>","<div style=""text-align: left; font-family: -apple-system, sans-serif;""><div style=""font-weight: bold; font-size: 16px; color: #10b981; margin-bottom: 8px;"">✓ Resposta Correcta: B</div><div style=""font-size: 14px; margin-bottom: 12px; padding: 10px; background: rgba(16,185,129,0.1); border-radius: 6px; border-left: 4px solid #10b981;"">B) Es divideix entre les branques segons la resistència de cada receptor.</div><hr style=""border: 0; border-top: 1px solid #ddd; margin: 12px 0;""><div style=""font-size: 13px; color: #444; line-height: 1.4;""><b style=""color: #111;"">Explicació:</b> En paral·lel, el corrent total es distribueix pels diferents camins disponibles.</div></div>","T11_-_Electricitat","16348"
"<div style=""text-align: left; font-family: -apple-system, sans-serif;""><div style=""font-size: 11px; color: #888; margin-bottom: 6px;"">[T11 - Electricitat] Pregunta 245</div><div style=""font-weight: bold; font-size: 16px; margin-bottom: 14px; line-height: 1.4;"">Què és la càrrega elèctrica?</div><div style=""font-size: 14px; line-height: 1.6;""><div style=""padding: 5px 0;""><b>A)</b> La força que impulsa els electrons a moure’s a través d’un conductor.</div><div style=""padding: 5px 0;""><b>B)</b> L’oposició que un material presenta al pas del corrent elèctric.</div><div style=""padding: 5px 0;""><b>C)</b> La quantitat d’energia que consumeix o genera un aparell per unitat de temps.</div><div style=""padding: 5px 0;""><b>D)</b> La quantitat d’electrons, que hi ha o que passen per un punt.</div></div></div>","<div style=""text-align: left; font-family: -apple-system, sans-serif;""><div style=""font-weight: bold; font-size: 16px; color: #10b981; margin-bottom: 8px;"">✓ Resposta Correcta: D</div><div style=""font-size: 14px; margin-bottom: 12px; padding: 10px; background: rgba(16,185,129,0.1); border-radius: 6px; border-left: 4px solid #10b981;"">D) La quantitat d’electrons, que hi ha o que passen per un punt.</div><hr style=""border: 0; border-top: 1px solid #ddd; margin: 12px 0;""><div style=""font-size: 13px; color: #444; line-height: 1.4;""><b style=""color: #111;"">Explicació:</b> La càrrega elèctrica expressa la quantitat d’electrons associada a un punt o al seu pas per aquest punt.</div></div>","T11_-_Electricitat","14832"
"<div style=""text-align: left; font-family: -apple-system, sans-serif;""><div style=""font-size: 11px; color: #888; margin-bottom: 6px;"">[T11 - Electricitat] Pregunta 246</div><div style=""font-weight: bold; font-size: 16px; margin-bottom: 14px; line-height: 1.4;"">En el símil hidràulic, què representa la resistència elèctrica?</div><div style=""font-size: 14px; line-height: 1.6;""><div style=""padding: 5px 0;""><b>A)</b> El volum total d’aigua acumulat.</div><div style=""padding: 5px 0;""><b>B)</b> El cabal que circula per la canonada.</div><div style=""padding: 5px 0;""><b>C)</b> La pressió generada per la bomba.</div><div style=""padding: 5px 0;""><b>D)</b> L’estrenyiment o la rugositat de la canonada.</div></div></div>","<div style=""text-align: left; font-family: -apple-system, sans-serif;""><div style=""font-weight: bold; font-size: 16px; color: #10b981; margin-bottom: 8px;"">✓ Resposta Correcta: D</div><div style=""font-size: 14px; margin-bottom: 12px; padding: 10px; background: rgba(16,185,129,0.1); border-radius: 6px; border-left: 4px solid #10b981;"">D) L’estrenyiment o la rugositat de la canonada.</div><hr style=""border: 0; border-top: 1px solid #ddd; margin: 12px 0;""><div style=""font-size: 13px; color: #444; line-height: 1.4;""><b style=""color: #111;"">Explicació:</b> La resistència s’associa als factors de la canonada que dificulten el pas de l’aigua.</div></div>","T11_-_Electricitat","16362"
"<div style=""text-align: left; font-family: -apple-system, sans-serif;""><div style=""font-size: 11px; color: #888; margin-bottom: 6px;"">[T11 - Electricitat] Pregunta 247</div><div style=""font-weight: bold; font-size: 16px; margin-bottom: 14px; line-height: 1.4;"">En l’analogia hidràulica, un augment de pressió representa un augment de quina magnitud elèctrica?</div><div style=""font-size: 14px; line-height: 1.6;""><div style=""padding: 5px 0;""><b>A)</b> De la resistència elèctrica.</div><div style=""padding: 5px 0;""><b>B)</b> De la tensió o voltatge.</div><div style=""padding: 5px 0;""><b>C)</b> De la càrrega elèctrica.</div><div style=""padding: 5px 0;""><b>D)</b> De la intensitat o corrent.</div></div></div>","<div style=""text-align: left; font-family: -apple-system, sans-serif;""><div style=""font-weight: bold; font-size: 16px; color: #10b981; margin-bottom: 8px;"">✓ Resposta Correcta: B</div><div style=""font-size: 14px; margin-bottom: 12px; padding: 10px; background: rgba(16,185,129,0.1); border-radius: 6px; border-left: 4px solid #10b981;"">B) De la tensió o voltatge.</div><hr style=""border: 0; border-top: 1px solid #ddd; margin: 12px 0;""><div style=""font-size: 13px; color: #444; line-height: 1.4;""><b style=""color: #111;"">Explicació:</b> Pressió i tensió són les magnituds equivalents dins del símil.</div></div>","T11_-_Electricitat","16374"
"<div style=""text-align: left; font-family: -apple-system, sans-serif;""><div style=""font-size: 11px; color: #888; margin-bottom: 6px;"">[T11 - Electricitat] Pregunta 248</div><div style=""font-weight: bold; font-size: 16px; margin-bottom: 14px; line-height: 1.4;"">Quina opció representa un consum d’energia i no una potència?</div><div style=""font-size: 14px; line-height: 1.6;""><div style=""padding: 5px 0;""><b>A)</b> 0,1 kWh.</div><div style=""padding: 5px 0;""><b>B)</b> 200-400 kW.</div><div style=""padding: 5px 0;""><b>C)</b> 10-40 W.</div><div style=""padding: 5px 0;""><b>D)</b> 5-15 W.</div></div></div>","<div style=""text-align: left; font-family: -apple-system, sans-serif;""><div style=""font-weight: bold; font-size: 16px; color: #10b981; margin-bottom: 8px;"">✓ Resposta Correcta: A</div><div style=""font-size: 14px; margin-bottom: 12px; padding: 10px; background: rgba(16,185,129,0.1); border-radius: 6px; border-left: 4px solid #10b981;"">A) 0,1 kWh.</div><hr style=""border: 0; border-top: 1px solid #ddd; margin: 12px 0;""><div style=""font-size: 13px; color: #444; line-height: 1.4;""><b style=""color: #111;"">Explicació:</b> Els watts descriuen potència; els kWh descriuen energia o consum.</div></div>","T11_-_Electricitat","14887"
"<div style=""text-align: left; font-family: -apple-system, sans-serif;""><div style=""font-size: 11px; color: #888; margin-bottom: 6px;"">[T11 - Electricitat] Pregunta 249</div><div style=""font-weight: bold; font-size: 16px; margin-bottom: 14px; line-height: 1.4;"">A quin valor màxim de pic arriba aproximadament una ona sinusoidal de 230 V eficaços?</div><div style=""font-size: 14px; line-height: 1.6;""><div style=""padding: 5px 0;""><b>A)</b> 230 V.</div><div style=""padding: 5px 0;""><b>B)</b> 566 V.</div><div style=""padding: 5px 0;""><b>C)</b> 400 V.</div><div style=""padding: 5px 0;""><b>D)</b> 325 V.</div></div></div>","<div style=""text-align: left; font-family: -apple-system, sans-serif;""><div style=""font-weight: bold; font-size: 16px; color: #10b981; margin-bottom: 8px;"">✓ Resposta Correcta: D</div><div style=""font-size: 14px; margin-bottom: 12px; padding: 10px; background: rgba(16,185,129,0.1); border-radius: 6px; border-left: 4px solid #10b981;"">D) 325 V.</div><hr style=""border: 0; border-top: 1px solid #ddd; margin: 12px 0;""><div style=""font-size: 13px; color: #444; line-height: 1.4;""><b style=""color: #111;"">Explicació:</b> Els 230 V són un valor eficaç; el pic de la sinusoide és aproximadament 325 V.</div></div>","T11_-_Electricitat","16405"
"<div style=""text-align: left; font-family: -apple-system, sans-serif;""><div style=""font-size: 11px; color: #888; margin-bottom: 6px;"">[T11 - Electricitat] Pregunta 250</div><div style=""font-weight: bold; font-size: 16px; margin-bottom: 14px; line-height: 1.4;"">Quina fórmula permet calcular la resistència si es coneixen la tensió i la intensitat?</div><div style=""font-size: 14px; line-height: 1.6;""><div style=""padding: 5px 0;""><b>A)</b> R = V + I.</div><div style=""padding: 5px 0;""><b>B)</b> R = V × I.</div><div style=""padding: 5px 0;""><b>C)</b> R = I / V.</div><div style=""padding: 5px 0;""><b>D)</b> R = V / I.</div></div></div>","<div style=""text-align: left; font-family: -apple-system, sans-serif;""><div style=""font-weight: bold; font-size: 16px; color: #10b981; margin-bottom: 8px;"">✓ Resposta Correcta: D</div><div style=""font-size: 14px; margin-bottom: 12px; padding: 10px; background: rgba(16,185,129,0.1); border-radius: 6px; border-left: 4px solid #10b981;"">D) R = V / I.</div><hr style=""border: 0; border-top: 1px solid #ddd; margin: 12px 0;""><div style=""font-size: 13px; color: #444; line-height: 1.4;""><b style=""color: #111;"">Explicació:</b> La resistència s’obté dividint la tensió entre la intensitat.</div></div>","T11_-_Electricitat","14896"
"<div style=""text-align: left; font-family: -apple-system, sans-serif;""><div style=""font-size: 11px; color: #888; margin-bottom: 6px;"">[T11 - Electricitat] Pregunta 251</div><div style=""font-weight: bold; font-size: 16px; margin-bottom: 14px; line-height: 1.4;"">De què depèn principalment el corrent que travessa el cos quan aquest forma una branca en paral·lel?</div><div style=""font-size: 14px; line-height: 1.6;""><div style=""padding: 5px 0;""><b>A)</b> De la resistència del cos en comparació amb la dels altres camins.</div><div style=""padding: 5px 0;""><b>B)</b> De la resistència dels altres camins, però no de la resistència pròpia del cos.</div><div style=""padding: 5px 0;""><b>C)</b> Del nombre total de branques, independentment de la resistència de cadascuna.</div><div style=""padding: 5px 0;""><b>D)</b> De la freqüència de la xarxa, sense influència de la resistència corporal.</div></div></div>","<div style=""text-align: left; font-family: -apple-system, sans-serif;""><div style=""font-weight: bold; font-size: 16px; color: #10b981; margin-bottom: 8px;"">✓ Resposta Correcta: A</div><div style=""font-size: 14px; margin-bottom: 12px; padding: 10px; background: rgba(16,185,129,0.1); border-radius: 6px; border-left: 4px solid #10b981;"">A) De la resistència del cos en comparació amb la dels altres camins.</div><hr style=""border: 0; border-top: 1px solid #ddd; margin: 12px 0;""><div style=""font-size: 13px; color: #444; line-height: 1.4;""><b style=""color: #111;"">Explicació:</b> En una connexió en paral·lel la intensitat de cada branca depèn de la seva resistència.</div></div>","T11_-_Electricitat","16509"
"<div style=""text-align: left; font-family: -apple-system, sans-serif;""><div style=""font-size: 11px; color: #888; margin-bottom: 6px;"">[T11 - Electricitat] Pregunta 252</div><div style=""font-weight: bold; font-size: 16px; margin-bottom: 14px; line-height: 1.4;"">Quina operació permet obtenir energia consumida?</div><div style=""font-size: 14px; line-height: 1.6;""><div style=""padding: 5px 0;""><b>A)</b> Dividir intensitat per tensió.</div><div style=""padding: 5px 0;""><b>B)</b> Multiplicar intensitat per tensió.</div><div style=""padding: 5px 0;""><b>C)</b> Multiplicar potència per temps.</div><div style=""padding: 5px 0;""><b>D)</b> Dividir la potència pel temps.</div></div></div>","<div style=""text-align: left; font-family: -apple-system, sans-serif;""><div style=""font-weight: bold; font-size: 16px; color: #10b981; margin-bottom: 8px;"">✓ Resposta Correcta: C</div><div style=""font-size: 14px; margin-bottom: 12px; padding: 10px; background: rgba(16,185,129,0.1); border-radius: 6px; border-left: 4px solid #10b981;"">C) Multiplicar potència per temps.</div><hr style=""border: 0; border-top: 1px solid #ddd; margin: 12px 0;""><div style=""font-size: 13px; color: #444; line-height: 1.4;""><b style=""color: #111;"">Explicació:</b> L’energia consumida resulta de la potència utilitzada durant un temps determinat.</div></div>","T11_-_Electricitat","14884"
"<div style=""text-align: left; font-family: -apple-system, sans-serif;""><div style=""font-size: 11px; color: #888; margin-bottom: 6px;"">[T11 - Electricitat] Pregunta 253</div><div style=""font-weight: bold; font-size: 16px; margin-bottom: 14px; line-height: 1.4;"">Quin consum aproximat s’indica per a un cotxe elèctric per recórrer 100 km?</div><div style=""font-size: 14px; line-height: 1.6;""><div style=""padding: 5px 0;""><b>A)</b> De 15 a 20 kWh.</div><div style=""padding: 5px 0;""><b>B)</b> 5-15 Wh.</div><div style=""padding: 5px 0;""><b>C)</b> 100 Wh.</div><div style=""padding: 5px 0;""><b>D)</b> 2 kWh.</div></div></div>","<div style=""text-align: left; font-family: -apple-system, sans-serif;""><div style=""font-weight: bold; font-size: 16px; color: #10b981; margin-bottom: 8px;"">✓ Resposta Correcta: A</div><div style=""font-size: 14px; margin-bottom: 12px; padding: 10px; background: rgba(16,185,129,0.1); border-radius: 6px; border-left: 4px solid #10b981;"">A) De 15 a 20 kWh.</div><hr style=""border: 0; border-top: 1px solid #ddd; margin: 12px 0;""><div style=""font-size: 13px; color: #444; line-height: 1.4;""><b style=""color: #111;"">Explicació:</b> El consum d’un cotxe elèctric per 100 km se situa en l’ordre de desenes de kWh, concretament de 15 a 20 kWh.</div></div>","T11_-_Electricitat","14874"
"<div style=""text-align: left; font-family: -apple-system, sans-serif;""><div style=""font-size: 11px; color: #888; margin-bottom: 6px;"">[T11 - Electricitat] Pregunta 254</div><div style=""font-weight: bold; font-size: 16px; margin-bottom: 14px; line-height: 1.4;"">Quina afirmació compara correctament el sentit convencional del corrent i el moviment real dels electrons?</div><div style=""font-size: 14px; line-height: 1.6;""><div style=""padding: 5px 0;""><b>A)</b> El sentit convencional va del positiu al negatiu, però els electrons es mouen del negatiu al positiu.</div><div style=""padding: 5px 0;""><b>B)</b> Tots dos canvien de sentit únicament quan s’obre l’interruptor.</div><div style=""padding: 5px 0;""><b>C)</b> Tots dos van sempre del pol positiu al negatiu.</div><div style=""padding: 5px 0;""><b>D)</b> El sentit convencional va del negatiu al positiu, però els electrons van del positiu al negatiu.</div></div></div>","<div style=""text-align: left; font-family: -apple-system, sans-serif;""><div style=""font-weight: bold; font-size: 16px; color: #10b981; margin-bottom: 8px;"">✓ Resposta Correcta: A</div><div style=""font-size: 14px; margin-bottom: 12px; padding: 10px; background: rgba(16,185,129,0.1); border-radius: 6px; border-left: 4px solid #10b981;"">A) El sentit convencional va del positiu al negatiu, però els electrons es mouen del negatiu al positiu.</div><hr style=""border: 0; border-top: 1px solid #ddd; margin: 12px 0;""><div style=""font-size: 13px; color: #444; line-height: 1.4;""><b style=""color: #111;"">Explicació:</b> Cal distingir el criteri convencional del corrent i el desplaçament físic dels electrons.</div></div>","T11_-_Electricitat","14818"
"<div style=""text-align: left; font-family: -apple-system, sans-serif;""><div style=""font-size: 11px; color: #888; margin-bottom: 6px;"">[T11 - Electricitat] Pregunta 255</div><div style=""font-weight: bold; font-size: 16px; margin-bottom: 14px; line-height: 1.4;"">En el símil hidràulic, a què equival la tensió o voltatge?</div><div style=""font-size: 14px; line-height: 1.6;""><div style=""padding: 5px 0;""><b>A)</b> Al volum total d’aigua que ha circulat.</div><div style=""padding: 5px 0;""><b>B)</b> A l’estrenyiment o rugositat de la canonada.</div><div style=""padding: 5px 0;""><b>C)</b> Al cabal d’aigua per unitat de temps.</div><div style=""padding: 5px 0;""><b>D)</b> A la pressió de l’aigua o alçada de columna d’aigua.</div></div></div>","<div style=""text-align: left; font-family: -apple-system, sans-serif;""><div style=""font-weight: bold; font-size: 16px; color: #10b981; margin-bottom: 8px;"">✓ Resposta Correcta: D</div><div style=""font-size: 14px; margin-bottom: 12px; padding: 10px; background: rgba(16,185,129,0.1); border-radius: 6px; border-left: 4px solid #10b981;"">D) A la pressió de l’aigua o alçada de columna d’aigua.</div><hr style=""border: 0; border-top: 1px solid #ddd; margin: 12px 0;""><div style=""font-size: 13px; color: #444; line-height: 1.4;""><b style=""color: #111;"">Explicació:</b> La tensió es representa hidràulicament mitjançant la pressió o l’alçada de columna d’aigua.</div></div>","T11_-_Electricitat","16360"
"<div style=""text-align: left; font-family: -apple-system, sans-serif;""><div style=""font-size: 11px; color: #888; margin-bottom: 6px;"">[T11 - Electricitat] Pregunta 256</div><div style=""font-weight: bold; font-size: 16px; margin-bottom: 14px; line-height: 1.4;"">Si circulen 4 A pel primer receptor d’un circuit en sèrie, quina intensitat travessa els receptors següents?</div><div style=""font-size: 14px; line-height: 1.6;""><div style=""padding: 5px 0;""><b>A)</b> 4 A.</div><div style=""padding: 5px 0;""><b>B)</b> 2 A.</div><div style=""padding: 5px 0;""><b>C)</b> 8 A.</div><div style=""padding: 5px 0;""><b>D)</b> 1 A.</div></div></div>","<div style=""text-align: left; font-family: -apple-system, sans-serif;""><div style=""font-weight: bold; font-size: 16px; color: #10b981; margin-bottom: 8px;"">✓ Resposta Correcta: A</div><div style=""font-size: 14px; margin-bottom: 12px; padding: 10px; background: rgba(16,185,129,0.1); border-radius: 6px; border-left: 4px solid #10b981;"">A) 4 A.</div><hr style=""border: 0; border-top: 1px solid #ddd; margin: 12px 0;""><div style=""font-size: 13px; color: #444; line-height: 1.4;""><b style=""color: #111;"">Explicació:</b> En un circuit en sèrie la intensitat és comuna a tots els elements.</div></div>","T11_-_Electricitat","16344"
"<div style=""text-align: left; font-family: -apple-system, sans-serif;""><div style=""font-size: 11px; color: #888; margin-bottom: 6px;"">[T11 - Electricitat] Pregunta 257</div><div style=""font-weight: bold; font-size: 16px; margin-bottom: 14px; line-height: 1.4;"">Quina propietat tenen els transformadors respecte del sentit de la conversió?</div><div style=""font-size: 14px; line-height: 1.6;""><div style=""padding: 5px 0;""><b>A)</b> La reversibilitat depèn del sentit instantani del corrent dins d’un mateix semicicle.</div><div style=""padding: 5px 0;""><b>B)</b> La bobina primària conserva aquesta funció encara que s’intercanviïn les connexions externes.</div><div style=""padding: 5px 0;""><b>C)</b> Són reversibles: les dues bobines poden intercanviar els papers de primària i secundària.</div><div style=""padding: 5px 0;""><b>D)</b> La bobina secundària pot alimentar la primària després de rectificar el corrent a DC.</div></div></div>","<div style=""text-align: left; font-family: -apple-system, sans-serif;""><div style=""font-weight: bold; font-size: 16px; color: #10b981; margin-bottom: 8px;"">✓ Resposta Correcta: C</div><div style=""font-size: 14px; margin-bottom: 12px; padding: 10px; background: rgba(16,185,129,0.1); border-radius: 6px; border-left: 4px solid #10b981;"">C) Són reversibles: les dues bobines poden intercanviar els papers de primària i secundària.</div><hr style=""border: 0; border-top: 1px solid #ddd; margin: 12px 0;""><div style=""font-size: 13px; color: #444; line-height: 1.4;""><b style=""color: #111;"">Explicació:</b> Un transformador és reversible: si s’alimenta l’altra bobina amb AC, els papers de primària i secundària es poden intercanviar.</div></div>","T11_-_Electricitat","16483"
"<div style=""text-align: left; font-family: -apple-system, sans-serif;""><div style=""font-size: 11px; color: #888; margin-bottom: 6px;"">[T11 - Electricitat] Pregunta 258</div><div style=""font-weight: bold; font-size: 16px; margin-bottom: 14px; line-height: 1.4;"">Quin tipus de corrent pot provocar fibril·lació ventricular amb intensitats de pocs mil·liamperes?</div><div style=""font-size: 14px; line-height: 1.6;""><div style=""padding: 5px 0;""><b>A)</b> Corrent altern que circula per una extremitat sense que el recorregut afecti el cor.</div><div style=""padding: 5px 0;""><b>B)</b> Corrent continu de pocs mil·liamperes quan el recorregut travessa el cor.</div><div style=""padding: 5px 0;""><b>C)</b> Corrent altern de pocs mil·liamperes quan el recorregut travessa el cor.</div><div style=""padding: 5px 0;""><b>D)</b> Corrent continu que circula pel cos sense una intensitat suficient per provocar contracció cardíaca.</div></div></div>","<div style=""text-align: left; font-family: -apple-system, sans-serif;""><div style=""font-weight: bold; font-size: 16px; color: #10b981; margin-bottom: 8px;"">✓ Resposta Correcta: C</div><div style=""font-size: 14px; margin-bottom: 12px; padding: 10px; background: rgba(16,185,129,0.1); border-radius: 6px; border-left: 4px solid #10b981;"">C) Corrent altern de pocs mil·liamperes quan el recorregut travessa el cor.</div><hr style=""border: 0; border-top: 1px solid #ddd; margin: 12px 0;""><div style=""font-size: 13px; color: #444; line-height: 1.4;""><b style=""color: #111;"">Explicació:</b> El risc de fibril·lació ventricular es vincula especialment a corrents alterns de pocs mA que travessen el cor.</div></div>","T11_-_Electricitat","16485"
"<div style=""text-align: left; font-family: -apple-system, sans-serif;""><div style=""font-size: 11px; color: #888; margin-bottom: 6px;"">[T11 - Electricitat] Pregunta 259</div><div style=""font-weight: bold; font-size: 16px; margin-bottom: 14px; line-height: 1.4;"">Què defineix millor un semiconductor?</div><div style=""font-size: 14px; line-height: 1.6;""><div style=""padding: 5px 0;""><b>A)</b> Un aïllant que només deixa passar corrent altern.</div><div style=""padding: 5px 0;""><b>B)</b> Un conductor que només funciona en corrent continu.</div><div style=""padding: 5px 0;""><b>C)</b> Un material que sempre impedeix el pas del corrent.</div><div style=""padding: 5px 0;""><b>D)</b> Un material amb conductivitat intermèdia que es pot controlar.</div></div></div>","<div style=""text-align: left; font-family: -apple-system, sans-serif;""><div style=""font-weight: bold; font-size: 16px; color: #10b981; margin-bottom: 8px;"">✓ Resposta Correcta: D</div><div style=""font-size: 14px; margin-bottom: 12px; padding: 10px; background: rgba(16,185,129,0.1); border-radius: 6px; border-left: 4px solid #10b981;"">D) Un material amb conductivitat intermèdia que es pot controlar.</div><hr style=""border: 0; border-top: 1px solid #ddd; margin: 12px 0;""><div style=""font-size: 13px; color: #444; line-height: 1.4;""><b style=""color: #111;"">Explicació:</b> Els semiconductors tenen una conductivitat intermèdia i són la base dels components electrònics.</div></div>","T11_-_Electricitat","14825"
"<div style=""text-align: left; font-family: -apple-system, sans-serif;""><div style=""font-size: 11px; color: #888; margin-bottom: 6px;"">[T11 - Electricitat] Pregunta 260</div><div style=""font-weight: bold; font-size: 16px; margin-bottom: 14px; line-height: 1.4;"">Per obtenir 240 W, quina comparació és correcta?</div><div style=""font-size: 14px; line-height: 1.6;""><div style=""padding: 5px 0;""><b>A)</b> A 12 V cal menys intensitat perquè la tensió és més baixa.</div><div style=""padding: 5px 0;""><b>B)</b> A 24 V i a 12 V cal sempre la mateixa intensitat.</div><div style=""padding: 5px 0;""><b>C)</b> A 24 V calen 20 A, mentre que a 12 V calen 10 A.</div><div style=""padding: 5px 0;""><b>D)</b> A 24 V calen 10 A, mentre que a 12 V calen 20 A.</div></div></div>","<div style=""text-align: left; font-family: -apple-system, sans-serif;""><div style=""font-weight: bold; font-size: 16px; color: #10b981; margin-bottom: 8px;"">✓ Resposta Correcta: D</div><div style=""font-size: 14px; margin-bottom: 12px; padding: 10px; background: rgba(16,185,129,0.1); border-radius: 6px; border-left: 4px solid #10b981;"">D) A 24 V calen 10 A, mentre que a 12 V calen 20 A.</div><hr style=""border: 0; border-top: 1px solid #ddd; margin: 12px 0;""><div style=""font-size: 13px; color: #444; line-height: 1.4;""><b style=""color: #111;"">Explicació:</b> Per una mateixa potència, reduir la tensió obliga a augmentar la intensitat: 240/24 = 10 A i 240/12 = 20 A.</div></div>","T11_-_Electricitat","14940"
"<div style=""text-align: left; font-family: -apple-system, sans-serif;""><div style=""font-size: 11px; color: #888; margin-bottom: 6px;"">[T11 - Electricitat] Pregunta 261</div><div style=""font-weight: bold; font-size: 16px; margin-bottom: 14px; line-height: 1.4;"">Quina forma d’ona és la més habitual en la generació de corrent altern?</div><div style=""font-size: 14px; line-height: 1.6;""><div style=""padding: 5px 0;""><b>A)</b> L’ona quadrada.</div><div style=""padding: 5px 0;""><b>B)</b> L’ona sinusoidal.</div><div style=""padding: 5px 0;""><b>C)</b> L’ona triangular.</div><div style=""padding: 5px 0;""><b>D)</b> L’ona en dent de serra.</div></div></div>","<div style=""text-align: left; font-family: -apple-system, sans-serif;""><div style=""font-weight: bold; font-size: 16px; color: #10b981; margin-bottom: 8px;"">✓ Resposta Correcta: B</div><div style=""font-size: 14px; margin-bottom: 12px; padding: 10px; background: rgba(16,185,129,0.1); border-radius: 6px; border-left: 4px solid #10b981;"">B) L’ona sinusoidal.</div><hr style=""border: 0; border-top: 1px solid #ddd; margin: 12px 0;""><div style=""font-size: 13px; color: #444; line-height: 1.4;""><b style=""color: #111;"">Explicació:</b> La forma sinusoidal és la més habitual en la generació i distribució elèctrica.</div></div>","T11_-_Electricitat","16390"
"<div style=""text-align: left; font-family: -apple-system, sans-serif;""><div style=""font-size: 11px; color: #888; margin-bottom: 6px;"">[T11 - Electricitat] Pregunta 262</div><div style=""font-weight: bold; font-size: 16px; margin-bottom: 14px; line-height: 1.4;"">En l’analogia hidràulica, un augment de cabal representa un augment de quina magnitud elèctrica?</div><div style=""font-size: 14px; line-height: 1.6;""><div style=""padding: 5px 0;""><b>A)</b> De la tensió elèctrica.</div><div style=""padding: 5px 0;""><b>B)</b> De la intensitat de corrent.</div><div style=""padding: 5px 0;""><b>C)</b> De la resistència elèctrica.</div><div style=""padding: 5px 0;""><b>D)</b> De la caiguda de tensió.</div></div></div>","<div style=""text-align: left; font-family: -apple-system, sans-serif;""><div style=""font-weight: bold; font-size: 16px; color: #10b981; margin-bottom: 8px;"">✓ Resposta Correcta: B</div><div style=""font-size: 14px; margin-bottom: 12px; padding: 10px; background: rgba(16,185,129,0.1); border-radius: 6px; border-left: 4px solid #10b981;"">B) De la intensitat de corrent.</div><hr style=""border: 0; border-top: 1px solid #ddd; margin: 12px 0;""><div style=""font-size: 13px; color: #444; line-height: 1.4;""><b style=""color: #111;"">Explicació:</b> En el símil hidràulic, el cabal representa la intensitat de corrent.</div></div>","T11_-_Electricitat","16375"
"<div style=""text-align: left; font-family: -apple-system, sans-serif;""><div style=""font-size: 11px; color: #888; margin-bottom: 6px;"">[T11 - Electricitat] Pregunta 263</div><div style=""font-weight: bold; font-size: 16px; margin-bottom: 14px; line-height: 1.4;"">Per què els guants i les botes dielèctriques protegeixen quan s’interposen en el camí del corrent?</div><div style=""font-size: 14px; line-height: 1.6;""><div style=""padding: 5px 0;""><b>A)</b> Perquè augmenten molt la resistència total en sèrie amb el cos.</div><div style=""padding: 5px 0;""><b>B)</b> Perquè augmenten la tensió aplicada fins que el corrent deixa de circular pel cos.</div><div style=""padding: 5px 0;""><b>C)</b> Perquè creen una branca paral·lela de baixa resistència que deriva tot el corrent.</div><div style=""padding: 5px 0;""><b>D)</b> Perquè redueixen la resistència total perquè el corrent passi més ràpidament cap a terra.</div></div></div>","<div style=""text-align: left; font-family: -apple-system, sans-serif;""><div style=""font-weight: bold; font-size: 16px; color: #10b981; margin-bottom: 8px;"">✓ Resposta Correcta: A</div><div style=""font-size: 14px; margin-bottom: 12px; padding: 10px; background: rgba(16,185,129,0.1); border-radius: 6px; border-left: 4px solid #10b981;"">A) Perquè augmenten molt la resistència total en sèrie amb el cos.</div><hr style=""border: 0; border-top: 1px solid #ddd; margin: 12px 0;""><div style=""font-size: 13px; color: #444; line-height: 1.4;""><b style=""color: #111;"">Explicació:</b> Afegir material dielèctric en sèrie amb el cos eleva la resistència del camí elèctric.</div></div>","T11_-_Electricitat","16338"
"<div style=""text-align: left; font-family: -apple-system, sans-serif;""><div style=""font-size: 11px; color: #888; margin-bottom: 6px;"">[T11 - Electricitat] Pregunta 264</div><div style=""font-weight: bold; font-size: 16px; margin-bottom: 14px; line-height: 1.4;"">Quina expressió permet calcular la intensitat total d’un circuit en sèrie a partir de la tensió i la resistència total?</div><div style=""font-size: 14px; line-height: 1.6;""><div style=""padding: 5px 0;""><b>A)</b> Itotal = V / Rtotal.</div><div style=""padding: 5px 0;""><b>B)</b> Itotal = V × Rtotal.</div><div style=""padding: 5px 0;""><b>C)</b> Itotal = Rtotal / V.</div><div style=""padding: 5px 0;""><b>D)</b> Itotal = V + Rtotal.</div></div></div>","<div style=""text-align: left; font-family: -apple-system, sans-serif;""><div style=""font-weight: bold; font-size: 16px; color: #10b981; margin-bottom: 8px;"">✓ Resposta Correcta: A</div><div style=""font-size: 14px; margin-bottom: 12px; padding: 10px; background: rgba(16,185,129,0.1); border-radius: 6px; border-left: 4px solid #10b981;"">A) Itotal = V / Rtotal.</div><hr style=""border: 0; border-top: 1px solid #ddd; margin: 12px 0;""><div style=""font-size: 13px; color: #444; line-height: 1.4;""><b style=""color: #111;"">Explicació:</b> La llei d’Ohm aplicada al conjunt del circuit dona I = V/R.</div></div>","T11_-_Electricitat","16336"
"<div style=""text-align: left; font-family: -apple-system, sans-serif;""><div style=""font-size: 11px; color: #888; margin-bottom: 6px;"">[T11 - Electricitat] Pregunta 265</div><div style=""font-weight: bold; font-size: 16px; margin-bottom: 14px; line-height: 1.4;"">Quina afirmació diferencia millor el concepte potència i el d'energia consumida?</div><div style=""font-size: 14px; line-height: 1.6;""><div style=""padding: 5px 0;""><b>A)</b> La potència s’expressa en kWh i l’energia s’expressa en kW.</div><div style=""padding: 5px 0;""><b>B)</b> La potència és la quantitat total facturada; l’energia indica la tensió aplicada a un receptor.</div><div style=""padding: 5px 0;""><b>C)</b> La potència expressa una capacitat de treball per unitat de temps; l’energia és el treball total al llarg d’un període.</div><div style=""padding: 5px 0;""><b>D)</b> La potència depèn només de la resistència; l’energia depèn només del voltatge.</div></div></div>","<div style=""text-align: left; font-family: -apple-system, sans-serif;""><div style=""font-weight: bold; font-size: 16px; color: #10b981; margin-bottom: 8px;"">✓ Resposta Correcta: C</div><div style=""font-size: 14px; margin-bottom: 12px; padding: 10px; background: rgba(16,185,129,0.1); border-radius: 6px; border-left: 4px solid #10b981;"">C) La potència expressa una capacitat de treball per unitat de temps; l’energia és el treball total al llarg d’un període.</div><hr style=""border: 0; border-top: 1px solid #ddd; margin: 12px 0;""><div style=""font-size: 13px; color: #444; line-height: 1.4;""><b style=""color: #111;"">Explicació:</b> La potència és una magnitud instantània o de ritme, mentre que l’energia acumula el consum al llarg del temps.</div></div>","T11_-_Electricitat","14863"
"<div style=""text-align: left; font-family: -apple-system, sans-serif;""><div style=""font-size: 11px; color: #888; margin-bottom: 6px;"">[T11 - Electricitat] Pregunta 266</div><div style=""font-weight: bold; font-size: 16px; margin-bottom: 14px; line-height: 1.4;"">Quina característica defineix el corrent continu (CC)?</div><div style=""font-size: 14px; line-height: 1.6;""><div style=""padding: 5px 0;""><b>A)</b> La intensitat manté un valor constant mentre la polaritat varia.</div><div style=""padding: 5px 0;""><b>B)</b> El flux d’electrons manté el mateix sentit.</div><div style=""padding: 5px 0;""><b>C)</b> La tensió alterna entre valors positius i negatius de forma regular.</div><div style=""padding: 5px 0;""><b>D)</b> El flux d’electrons canvia de sentit de manera periòdica.</div></div></div>","<div style=""text-align: left; font-family: -apple-system, sans-serif;""><div style=""font-weight: bold; font-size: 16px; color: #10b981; margin-bottom: 8px;"">✓ Resposta Correcta: B</div><div style=""font-size: 14px; margin-bottom: 12px; padding: 10px; background: rgba(16,185,129,0.1); border-radius: 6px; border-left: 4px solid #10b981;"">B) El flux d’electrons manté el mateix sentit.</div><hr style=""border: 0; border-top: 1px solid #ddd; margin: 12px 0;""><div style=""font-size: 13px; color: #444; line-height: 1.4;""><b style=""color: #111;"">Explicació:</b> El corrent continu es defineix perquè la direcció del flux, i per tant la polaritat, no canvia.</div></div>","T11_-_Electricitat","16379"
"<div style=""text-align: left; font-family: -apple-system, sans-serif;""><div style=""font-size: 11px; color: #888; margin-bottom: 6px;"">[T11 - Electricitat] Pregunta 267</div><div style=""font-weight: bold; font-size: 16px; margin-bottom: 14px; line-height: 1.4;"">En quins tres tipus principals es classifiquen les càrregues en corrent altern?</div><div style=""font-size: 14px; line-height: 1.6;""><div style=""padding: 5px 0;""><b>A)</b> Resistives, inductives i capacitives.</div><div style=""padding: 5px 0;""><b>B)</b> Rectificadores, inversores i transformadores.</div><div style=""padding: 5px 0;""><b>C)</b> Monofàsiques, trifàsiques i contínues.</div><div style=""padding: 5px 0;""><b>D)</b> Actives, reactives i aparents.</div></div></div>","<div style=""text-align: left; font-family: -apple-system, sans-serif;""><div style=""font-weight: bold; font-size: 16px; color: #10b981; margin-bottom: 8px;"">✓ Resposta Correcta: A</div><div style=""font-size: 14px; margin-bottom: 12px; padding: 10px; background: rgba(16,185,129,0.1); border-radius: 6px; border-left: 4px solid #10b981;"">A) Resistives, inductives i capacitives.</div><hr style=""border: 0; border-top: 1px solid #ddd; margin: 12px 0;""><div style=""font-size: 13px; color: #444; line-height: 1.4;""><b style=""color: #111;"">Explicació:</b> Les càrregues d’AC es diferencien pel seu comportament resistiu, inductiu o capacitiu.</div></div>","T11_-_Electricitat","16421"
"<div style=""text-align: left; font-family: -apple-system, sans-serif;""><div style=""font-size: 11px; color: #888; margin-bottom: 6px;"">[T11 - Electricitat] Pregunta 268</div><div style=""font-weight: bold; font-size: 16px; margin-bottom: 14px; line-height: 1.4;"">Quin risc apareix si les contraccions elèctriques afecten la musculatura de la caixa toràcica?</div><div style=""font-size: 14px; line-height: 1.6;""><div style=""padding: 5px 0;""><b>A)</b> Pot provocar una fibril·lació ventricular perquè els músculs toràcics substitueixen l’activitat del cor.</div><div style=""padding: 5px 0;""><b>B)</b> Pot augmentar la resistència del tòrax fins a impedir que el corrent continuï circulant.</div><div style=""padding: 5px 0;""><b>C)</b> Pot provocar una caiguda de tensió de la font que elimina el risc respiratori.</div><div style=""padding: 5px 0;""><b>D)</b> Pot provocar una parada respiratòria per contracció de la musculatura toràcica.</div></div></div>","<div style=""text-align: left; font-family: -apple-system, sans-serif;""><div style=""font-weight: bold; font-size: 16px; color: #10b981; margin-bottom: 8px;"">✓ Resposta Correcta: D</div><div style=""font-size: 14px; margin-bottom: 12px; padding: 10px; background: rgba(16,185,129,0.1); border-radius: 6px; border-left: 4px solid #10b981;"">D) Pot provocar una parada respiratòria per contracció de la musculatura toràcica.</div><hr style=""border: 0; border-top: 1px solid #ddd; margin: 12px 0;""><div style=""font-size: 13px; color: #444; line-height: 1.4;""><b style=""color: #111;"">Explicació:</b> Quan la contracció afecta la musculatura de la caixa toràcica pot impedir la ventilació i causar parada respiratòria.</div></div>","T11_-_Electricitat","16493"
"<div style=""text-align: left; font-family: -apple-system, sans-serif;""><div style=""font-size: 11px; color: #888; margin-bottom: 6px;"">[T11 - Electricitat] Pregunta 269</div><div style=""font-weight: bold; font-size: 16px; margin-bottom: 14px; line-height: 1.4;"">Què augmenta la tensió entre els peus d’una persona que camina prop d’un punt de fuga a terra?</div><div style=""font-size: 14px; line-height: 1.6;""><div style=""padding: 5px 0;""><b>A)</b> Mantenir els peus junts mentre s’allunya progressivament.</div><div style=""padding: 5px 0;""><b>B)</b> Fer passes més grans i estar més a prop del punt energitzat.</div><div style=""padding: 5px 0;""><b>C)</b> Reduir la separació entre els peus encara que es mantingui a la mateixa zona.</div><div style=""padding: 5px 0;""><b>D)</b> Fer passes més petites i allunyar-se del punt energitzat.</div></div></div>","<div style=""text-align: left; font-family: -apple-system, sans-serif;""><div style=""font-weight: bold; font-size: 16px; color: #10b981; margin-bottom: 8px;"">✓ Resposta Correcta: B</div><div style=""font-size: 14px; margin-bottom: 12px; padding: 10px; background: rgba(16,185,129,0.1); border-radius: 6px; border-left: 4px solid #10b981;"">B) Fer passes més grans i estar més a prop del punt energitzat.</div><hr style=""border: 0; border-top: 1px solid #ddd; margin: 12px 0;""><div style=""font-size: 13px; color: #444; line-height: 1.4;""><b style=""color: #111;"">Explicació:</b> La tensió de pas augmenta quan els peus ocupen punts més separats del gradient i quan la persona és més a prop de la fuga.</div></div>","T11_-_Electricitat","16514"
"<div style=""text-align: left; font-family: -apple-system, sans-serif;""><div style=""font-size: 11px; color: #888; margin-bottom: 6px;"">[T11 - Electricitat] Pregunta 270</div><div style=""font-weight: bold; font-size: 16px; margin-bottom: 14px; line-height: 1.4;"">Què provoca la fibril·lació ventricular sobre el funcionament del cor?</div><div style=""font-size: 14px; line-height: 1.6;""><div style=""padding: 5px 0;""><b>A)</b> Una contracció sostinguda que manté el bombeig però redueix la freqüència cardíaca.</div><div style=""padding: 5px 0;""><b>B)</b> Una aturada respiratòria sense alteració directa de la contracció del cor.</div><div style=""padding: 5px 0;""><b>C)</b> Contraccions desorganitzades que impedeixen bombar sang de manera efectiva.</div><div style=""padding: 5px 0;""><b>D)</b> Un augment coordinat de les contraccions que incrementa temporalment el cabal sanguini.</div></div></div>","<div style=""text-align: left; font-family: -apple-system, sans-serif;""><div style=""font-weight: bold; font-size: 16px; color: #10b981; margin-bottom: 8px;"">✓ Resposta Correcta: C</div><div style=""font-size: 14px; margin-bottom: 12px; padding: 10px; background: rgba(16,185,129,0.1); border-radius: 6px; border-left: 4px solid #10b981;"">C) Contraccions desorganitzades que impedeixen bombar sang de manera efectiva.</div><hr style=""border: 0; border-top: 1px solid #ddd; margin: 12px 0;""><div style=""font-size: 13px; color: #444; line-height: 1.4;""><b style=""color: #111;"">Explicació:</b> En la fibril·lació ventricular el cor perd la contracció coordinada i deixa de bombar sang eficaçment.</div></div>","T11_-_Electricitat","16486"
"<div style=""text-align: left; font-family: -apple-system, sans-serif;""><div style=""font-size: 11px; color: #888; margin-bottom: 6px;"">[T11 - Electricitat] Pregunta 271</div><div style=""font-weight: bold; font-size: 16px; margin-bottom: 14px; line-height: 1.4;"">Què és la potència elèctrica?</div><div style=""font-size: 14px; line-height: 1.6;""><div style=""padding: 5px 0;""><b>A)</b> La quantitat total de treball elèctric realitzat durant un període de temps determinat.</div><div style=""padding: 5px 0;""><b>B)</b> La força que impulsa els electrons a moure’s a través d’un conductor.</div><div style=""padding: 5px 0;""><b>C)</b> La velocitat a la qual es realitza un treball elèctric o la quantitat d’energia que consumeix o genera un aparell per unitat de temps.</div><div style=""padding: 5px 0;""><b>D)</b> La quantitat d’electrons que passen per un punt d’un circuit en un temps determinat.</div></div></div>","<div style=""text-align: left; font-family: -apple-system, sans-serif;""><div style=""font-weight: bold; font-size: 16px; color: #10b981; margin-bottom: 8px;"">✓ Resposta Correcta: C</div><div style=""font-size: 14px; margin-bottom: 12px; padding: 10px; background: rgba(16,185,129,0.1); border-radius: 6px; border-left: 4px solid #10b981;"">C) La velocitat a la qual es realitza un treball elèctric o la quantitat d’energia que consumeix o genera un aparell per unitat de temps.</div><hr style=""border: 0; border-top: 1px solid #ddd; margin: 12px 0;""><div style=""font-size: 13px; color: #444; line-height: 1.4;""><b style=""color: #111;"">Explicació:</b> La potència indica la capacitat de treball d’un equip elèctric per unitat de temps.</div></div>","T11_-_Electricitat","14861"
"<div style=""text-align: left; font-family: -apple-system, sans-serif;""><div style=""font-size: 11px; color: #888; margin-bottom: 6px;"">[T11 - Electricitat] Pregunta 272</div><div style=""font-weight: bold; font-size: 16px; margin-bottom: 14px; line-height: 1.4;"">Quina opció diferencia correctament un camí previst d’un camí no desitjat del corrent?</div><div style=""font-size: 14px; line-height: 1.6;""><div style=""padding: 5px 0;""><b>A)</b> L’aire és el camí habitual del corrent; els cables entren en conducció quan apareix una fallada.</div><div style=""padding: 5px 0;""><b>B)</b> La terra és el camí habitual de conducció; els cables tenen principalment la funció de mantenir la diferència de potencial.</div><div style=""padding: 5px 0;""><b>C)</b> El receptor és el camí habitual del corrent; la font i l’interruptor constitueixen camins alternatius de retorn.</div><div style=""padding: 5px 0;""><b>D)</b> El cablejat conductor és el camí previst; aire, terra o cos poden convertir-se en camins no previstos.</div></div></div>","<div style=""text-align: left; font-family: -apple-system, sans-serif;""><div style=""font-weight: bold; font-size: 16px; color: #10b981; margin-bottom: 8px;"">✓ Resposta Correcta: D</div><div style=""font-size: 14px; margin-bottom: 12px; padding: 10px; background: rgba(16,185,129,0.1); border-radius: 6px; border-left: 4px solid #10b981;"">D) El cablejat conductor és el camí previst; aire, terra o cos poden convertir-se en camins no previstos.</div><hr style=""border: 0; border-top: 1px solid #ddd; margin: 12px 0;""><div style=""font-size: 13px; color: #444; line-height: 1.4;""><b style=""color: #111;"">Explicació:</b> El circuit es dissenya perquè el corrent circuli pels conductors previstos, però una fallada pot obrir altres camins.</div></div>","T11_-_Electricitat","16325"
"<div style=""text-align: left; font-family: -apple-system, sans-serif;""><div style=""font-size: 11px; color: #888; margin-bottom: 6px;"">[T11 - Electricitat] Pregunta 273</div><div style=""font-weight: bold; font-size: 16px; margin-bottom: 14px; line-height: 1.4;"">Si en un circuit hi ha 24 V i circulen 3 A, quina és la resistència?</div><div style=""font-size: 14px; line-height: 1.6;""><div style=""padding: 5px 0;""><b>A)</b> 8 Ω.</div><div style=""padding: 5px 0;""><b>B)</b> 72 Ω.</div><div style=""padding: 5px 0;""><b>C)</b> 27 Ω.</div><div style=""padding: 5px 0;""><b>D)</b> 21 Ω.</div></div></div>","<div style=""text-align: left; font-family: -apple-system, sans-serif;""><div style=""font-weight: bold; font-size: 16px; color: #10b981; margin-bottom: 8px;"">✓ Resposta Correcta: A</div><div style=""font-size: 14px; margin-bottom: 12px; padding: 10px; background: rgba(16,185,129,0.1); border-radius: 6px; border-left: 4px solid #10b981;"">A) 8 Ω.</div><hr style=""border: 0; border-top: 1px solid #ddd; margin: 12px 0;""><div style=""font-size: 13px; color: #444; line-height: 1.4;""><b style=""color: #111;"">Explicació:</b> Amb R = V / I, la resistència és 24 / 3 = 8 Ω.</div></div>","T11_-_Electricitat","14904"
"<div style=""text-align: left; font-family: -apple-system, sans-serif;""><div style=""font-size: 11px; color: #888; margin-bottom: 6px;"">[T11 - Electricitat] Pregunta 274</div><div style=""font-weight: bold; font-size: 16px; margin-bottom: 14px; line-height: 1.4;"">Quina conducta s’ha d’evitar en una zona afectada per tensió de pas?</div><div style=""font-size: 14px; line-height: 1.6;""><div style=""padding: 5px 0;""><b>A)</b> Mantenir els peus junts i evitar ampliar la separació entre els punts de suport.</div><div style=""padding: 5px 0;""><b>B)</b> Desplaçar-se procurant reduir al mínim la diferència de potencial entre els peus.</div><div style=""padding: 5px 0;""><b>C)</b> Allunyar-se amb passes petites i mantenint els peus molt pròxims.</div><div style=""padding: 5px 0;""><b>D)</b> Estirar-se a terra o caure, augmentant la separació entre punts de contacte.</div></div></div>","<div style=""text-align: left; font-family: -apple-system, sans-serif;""><div style=""font-weight: bold; font-size: 16px; color: #10b981; margin-bottom: 8px;"">✓ Resposta Correcta: D</div><div style=""font-size: 14px; margin-bottom: 12px; padding: 10px; background: rgba(16,185,129,0.1); border-radius: 6px; border-left: 4px solid #10b981;"">D) Estirar-se a terra o caure, augmentant la separació entre punts de contacte.</div><hr style=""border: 0; border-top: 1px solid #ddd; margin: 12px 0;""><div style=""font-size: 13px; color: #444; line-height: 1.4;""><b style=""color: #111;"">Explicació:</b> En una zona amb tensió de pas cal reduir la separació entre punts de contacte; estirar-se o caure pot augmentar fortament la diferència de potencial aplicada al cos.</div></div>","T11_-_Electricitat","16516"
"<div style=""text-align: left; font-family: -apple-system, sans-serif;""><div style=""font-size: 11px; color: #888; margin-bottom: 6px;"">[T11 - Electricitat] Pregunta 275</div><div style=""font-weight: bold; font-size: 16px; margin-bottom: 14px; line-height: 1.4;"">On és més habitual el corrent altern monofàsic?</div><div style=""font-size: 14px; line-height: 1.6;""><div style=""padding: 5px 0;""><b>A)</b> En motors de tracció ferroviària alimentats en DC.</div><div style=""padding: 5px 0;""><b>B)</b> En la generació directa de plaques fotovoltaiques.</div><div style=""padding: 5px 0;""><b>C)</b> En grans xarxes de distribució industrial.</div><div style=""padding: 5px 0;""><b>D)</b> En habitatges i petits negocis.</div></div></div>","<div style=""text-align: left; font-family: -apple-system, sans-serif;""><div style=""font-weight: bold; font-size: 16px; color: #10b981; margin-bottom: 8px;"">✓ Resposta Correcta: D</div><div style=""font-size: 14px; margin-bottom: 12px; padding: 10px; background: rgba(16,185,129,0.1); border-radius: 6px; border-left: 4px solid #10b981;"">D) En habitatges i petits negocis.</div><hr style=""border: 0; border-top: 1px solid #ddd; margin: 12px 0;""><div style=""font-size: 13px; color: #444; line-height: 1.4;""><b style=""color: #111;"">Explicació:</b> El sistema monofàsic és el més habitual en habitatges i establiments de poca potència.</div></div>","T11_-_Electricitat","16397"
"<div style=""text-align: left; font-family: -apple-system, sans-serif;""><div style=""font-size: 11px; color: #888; margin-bottom: 6px;"">[T11 - Electricitat] Pregunta 276</div><div style=""font-weight: bold; font-size: 16px; margin-bottom: 14px; line-height: 1.4;"">Quin comportament s’associa a un factor de potència baix?</div><div style=""font-size: 14px; line-height: 1.6;""><div style=""padding: 5px 0;""><b>A)</b> Menys energia reactiva i més coincidència entre potència activa i aparent.</div><div style=""padding: 5px 0;""><b>B)</b> Més energia reactiva i menys eficiència en l’ús de la potència subministrada.</div><div style=""padding: 5px 0;""><b>C)</b> Tensió i intensitat gairebé en fase amb aprofitament màxim de la potència.</div><div style=""padding: 5px 0;""><b>D)</b> Reducció de la intensitat necessària per obtenir la mateixa potència activa.</div></div></div>","<div style=""text-align: left; font-family: -apple-system, sans-serif;""><div style=""font-weight: bold; font-size: 16px; color: #10b981; margin-bottom: 8px;"">✓ Resposta Correcta: B</div><div style=""font-size: 14px; margin-bottom: 12px; padding: 10px; background: rgba(16,185,129,0.1); border-radius: 6px; border-left: 4px solid #10b981;"">B) Més energia reactiva i menys eficiència en l’ús de la potència subministrada.</div><hr style=""border: 0; border-top: 1px solid #ddd; margin: 12px 0;""><div style=""font-size: 13px; color: #444; line-height: 1.4;""><b style=""color: #111;"">Explicació:</b> Un desfasament més gran redueix el factor de potència i augmenta el pes de la potència reactiva.</div></div>","T11_-_Electricitat","16445"
"<div style=""text-align: left; font-family: -apple-system, sans-serif;""><div style=""font-size: 11px; color: #888; margin-bottom: 6px;"">[T11 - Electricitat] Pregunta 277</div><div style=""font-weight: bold; font-size: 16px; margin-bottom: 14px; line-height: 1.4;"">Què caracteritza la situació en què el cos és l’únic camí disponible per al corrent?</div><div style=""font-size: 14px; line-height: 1.6;""><div style=""padding: 5px 0;""><b>A)</b> El cos actua com a neutre i anul·la la tensió entre els punts de contacte.</div><div style=""padding: 5px 0;""><b>B)</b> El cos queda fora del circuit i adopta el potencial de l’element tocat.</div><div style=""padding: 5px 0;""><b>C)</b> El cos forma part del circuit en sèrie i tot el corrent ha de passar-hi.</div><div style=""padding: 5px 0;""><b>D)</b> El cos forma una branca en paral·lel i rep una fracció del corrent disponible.</div></div></div>","<div style=""text-align: left; font-family: -apple-system, sans-serif;""><div style=""font-weight: bold; font-size: 16px; color: #10b981; margin-bottom: 8px;"">✓ Resposta Correcta: C</div><div style=""font-size: 14px; margin-bottom: 12px; padding: 10px; background: rgba(16,185,129,0.1); border-radius: 6px; border-left: 4px solid #10b981;"">C) El cos forma part del circuit en sèrie i tot el corrent ha de passar-hi.</div><hr style=""border: 0; border-top: 1px solid #ddd; margin: 12px 0;""><div style=""font-size: 13px; color: #444; line-height: 1.4;""><b style=""color: #111;"">Explicació:</b> Quan el cos tanca l’únic recorregut, queda en sèrie i és travessat pel corrent del circuit.</div></div>","T11_-_Electricitat","16504"
"<div style=""text-align: left; font-family: -apple-system, sans-serif;""><div style=""font-size: 11px; color: #888; margin-bottom: 6px;"">[T11 - Electricitat] Pregunta 278</div><div style=""font-weight: bold; font-size: 16px; margin-bottom: 14px; line-height: 1.4;"">Quina situació encareix i complica més una instal·lació elèctrica de gran potència?</div><div style=""font-size: 14px; line-height: 1.6;""><div style=""padding: 5px 0;""><b>A)</b> Treballar amb intensitats baixes i conductors de menor secció.</div><div style=""padding: 5px 0;""><b>B)</b> Necessitar cables de gran secció per suportar intensitats altes.</div><div style=""padding: 5px 0;""><b>C)</b> Fer servir tensió alta per reduir la intensitat del circuit.</div><div style=""padding: 5px 0;""><b>D)</b> Reduir les pèrdues tèrmiques en les línies de transport.</div></div></div>","<div style=""text-align: left; font-family: -apple-system, sans-serif;""><div style=""font-weight: bold; font-size: 16px; color: #10b981; margin-bottom: 8px;"">✓ Resposta Correcta: B</div><div style=""font-size: 14px; margin-bottom: 12px; padding: 10px; background: rgba(16,185,129,0.1); border-radius: 6px; border-left: 4px solid #10b981;"">B) Necessitar cables de gran secció per suportar intensitats altes.</div><hr style=""border: 0; border-top: 1px solid #ddd; margin: 12px 0;""><div style=""font-size: 13px; color: #444; line-height: 1.4;""><b style=""color: #111;"">Explicació:</b> Quan la intensitat és molt alta, el cablejat ha de tenir més secció. Això incrementa el cost i fa més complexa la instal·lació.</div></div>","T11_-_Electricitat","16298"
"<div style=""text-align: left; font-family: -apple-system, sans-serif;""><div style=""font-size: 11px; color: #888; margin-bottom: 6px;"">[T11 - Electricitat] Pregunta 279</div><div style=""font-weight: bold; font-size: 16px; margin-bottom: 14px; line-height: 1.4;"">Si la intensitat que circula per un conductor es duplica, què passa amb la calor generada per efecte Joule, mantenint constants la resistència i el temps?</div><div style=""font-size: 14px; line-height: 1.6;""><div style=""padding: 5px 0;""><b>A)</b> Es redueix a la meitat.</div><div style=""padding: 5px 0;""><b>B)</b> Es duplica.</div><div style=""padding: 5px 0;""><b>C)</b> Es manté igual.</div><div style=""padding: 5px 0;""><b>D)</b> Es quadruplica.</div></div></div>","<div style=""text-align: left; font-family: -apple-system, sans-serif;""><div style=""font-weight: bold; font-size: 16px; color: #10b981; margin-bottom: 8px;"">✓ Resposta Correcta: D</div><div style=""font-size: 14px; margin-bottom: 12px; padding: 10px; background: rgba(16,185,129,0.1); border-radius: 6px; border-left: 4px solid #10b981;"">D) Es quadruplica.</div><hr style=""border: 0; border-top: 1px solid #ddd; margin: 12px 0;""><div style=""font-size: 13px; color: #444; line-height: 1.4;""><b style=""color: #111;"">Explicació:</b> La intensitat apareix elevada al quadrat; per això, duplicar-la multiplica la calor per quatre.</div></div>","T11_-_Electricitat","14922"
"<div style=""text-align: left; font-family: -apple-system, sans-serif;""><div style=""font-size: 11px; color: #888; margin-bottom: 6px;"">[T11 - Electricitat] Pregunta 280</div><div style=""font-weight: bold; font-size: 16px; margin-bottom: 14px; line-height: 1.4;"">Amb quina expressió trigonomètrica es representa el factor de potència?</div><div style=""font-size: 14px; line-height: 1.6;""><div style=""padding: 5px 0;""><b>A)</b> Amb el cosinus de la freqüència, cos(f).</div><div style=""padding: 5px 0;""><b>B)</b> Amb la tangent de la tensió eficaç, tan(V).</div><div style=""padding: 5px 0;""><b>C)</b> Amb el sinus de l’angle de desfasament, sin(φ).</div><div style=""padding: 5px 0;""><b>D)</b> Amb el cosinus de l’angle de desfasament, cos(φ).</div></div></div>","<div style=""text-align: left; font-family: -apple-system, sans-serif;""><div style=""font-weight: bold; font-size: 16px; color: #10b981; margin-bottom: 8px;"">✓ Resposta Correcta: D</div><div style=""font-size: 14px; margin-bottom: 12px; padding: 10px; background: rgba(16,185,129,0.1); border-radius: 6px; border-left: 4px solid #10b981;"">D) Amb el cosinus de l’angle de desfasament, cos(φ).</div><hr style=""border: 0; border-top: 1px solid #ddd; margin: 12px 0;""><div style=""font-size: 13px; color: #444; line-height: 1.4;""><b style=""color: #111;"">Explicació:</b> El factor de potència es representa amb cos(φ), on φ és l’angle entre tensió i intensitat.</div></div>","T11_-_Electricitat","16443"
"<div style=""text-align: left; font-family: -apple-system, sans-serif;""><div style=""font-size: 11px; color: #888; margin-bottom: 6px;"">[T11 - Electricitat] Pregunta 281</div><div style=""font-weight: bold; font-size: 16px; margin-bottom: 14px; line-height: 1.4;"">Quina funció té un receptor o càrrega en un circuit elèctric simple?</div><div style=""font-size: 14px; line-height: 1.6;""><div style=""padding: 5px 0;""><b>A)</b> Transformar l’energia elèctrica en llum, calor, moviment o un altre efecte útil.</div><div style=""padding: 5px 0;""><b>B)</b> Controlar la continuïtat del circuit obrint o tancant el camí conductor.</div><div style=""padding: 5px 0;""><b>C)</b> Crear la diferència de potencial que impulsa el corrent pel circuit.</div><div style=""padding: 5px 0;""><b>D)</b> Transportar el corrent entre la font i els altres elements amb mínima resistència.</div></div></div>","<div style=""text-align: left; font-family: -apple-system, sans-serif;""><div style=""font-weight: bold; font-size: 16px; color: #10b981; margin-bottom: 8px;"">✓ Resposta Correcta: A</div><div style=""font-size: 14px; margin-bottom: 12px; padding: 10px; background: rgba(16,185,129,0.1); border-radius: 6px; border-left: 4px solid #10b981;"">A) Transformar l’energia elèctrica en llum, calor, moviment o un altre efecte útil.</div><hr style=""border: 0; border-top: 1px solid #ddd; margin: 12px 0;""><div style=""font-size: 13px; color: #444; line-height: 1.4;""><b style=""color: #111;"">Explicació:</b> El receptor utilitza l’energia elèctrica i la converteix en l’efecte per al qual ha estat dissenyat.</div></div>","T11_-_Electricitat","16310"
"<div style=""text-align: left; font-family: -apple-system, sans-serif;""><div style=""font-size: 11px; color: #888; margin-bottom: 6px;"">[T11 - Electricitat] Pregunta 282</div><div style=""font-weight: bold; font-size: 16px; margin-bottom: 14px; line-height: 1.4;"">Quin dany poden causar les sobretensions a cables i components?</div><div style=""font-size: 14px; line-height: 1.6;""><div style=""padding: 5px 0;""><b>A)</b> Fer que els conductors treballin a menor temperatura sense afectar l’aïllament.</div><div style=""padding: 5px 0;""><b>B)</b> Danyar l’aïllament i afavorir fuites de corrent, xocs elèctrics i curtcircuits.</div><div style=""padding: 5px 0;""><b>C)</b> Reduir la intensitat dels circuits fins a eliminar l’escalfament dels components.</div><div style=""padding: 5px 0;""><b>D)</b> Millorar l’aïllament i reduir les fuites de corrent i els curtcircuits.</div></div></div>","<div style=""text-align: left; font-family: -apple-system, sans-serif;""><div style=""font-weight: bold; font-size: 16px; color: #10b981; margin-bottom: 8px;"">✓ Resposta Correcta: B</div><div style=""font-size: 14px; margin-bottom: 12px; padding: 10px; background: rgba(16,185,129,0.1); border-radius: 6px; border-left: 4px solid #10b981;"">B) Danyar l’aïllament i afavorir fuites de corrent, xocs elèctrics i curtcircuits.</div><hr style=""border: 0; border-top: 1px solid #ddd; margin: 12px 0;""><div style=""font-size: 13px; color: #444; line-height: 1.4;""><b style=""color: #111;"">Explicació:</b> Una sobretensió pot degradar o destruir l’aïllament i facilitar defectes elèctrics perillosos.</div></div>","T11_-_Electricitat","16521"
"<div style=""text-align: left; font-family: -apple-system, sans-serif;""><div style=""font-size: 11px; color: #888; margin-bottom: 6px;"">[T11 - Electricitat] Pregunta 283</div><div style=""font-weight: bold; font-size: 16px; margin-bottom: 14px; line-height: 1.4;"">Quina energia emmagatzemada és habitual en un cotxe 100% elèctric?</div><div style=""font-size: 14px; line-height: 1.6;""><div style=""padding: 5px 0;""><b>A)</b> 0,1 kWh.</div><div style=""padding: 5px 0;""><b>B)</b> Entre 10 i 20 kWh.</div><div style=""padding: 5px 0;""><b>C)</b> 2 kWh.</div><div style=""padding: 5px 0;""><b>D)</b> Entre 40 i 90 kWh.</div></div></div>","<div style=""text-align: left; font-family: -apple-system, sans-serif;""><div style=""font-weight: bold; font-size: 16px; color: #10b981; margin-bottom: 8px;"">✓ Resposta Correcta: D</div><div style=""font-size: 14px; margin-bottom: 12px; padding: 10px; background: rgba(16,185,129,0.1); border-radius: 6px; border-left: 4px solid #10b981;"">D) Entre 40 i 90 kWh.</div><hr style=""border: 0; border-top: 1px solid #ddd; margin: 12px 0;""><div style=""font-size: 13px; color: #444; line-height: 1.4;""><b style=""color: #111;"">Explicació:</b> Els vehicles 100% elèctrics se situen habitualment entre 40 i 90 kWh.</div></div>","T11_-_Electricitat","14879"
"<div style=""text-align: left; font-family: -apple-system, sans-serif;""><div style=""font-size: 11px; color: #888; margin-bottom: 6px;"">[T11 - Electricitat] Pregunta 284</div><div style=""font-weight: bold; font-size: 16px; margin-bottom: 14px; line-height: 1.4;"">Com es relacionen resistència i conductivitat?</div><div style=""font-size: 14px; line-height: 1.6;""><div style=""padding: 5px 0;""><b>A)</b> La conductivitat només existeix en aïllants.</div><div style=""padding: 5px 0;""><b>B)</b> La resistència és igual a la conductivitat en materials metàl·lics.</div><div style=""padding: 5px 0;""><b>C)</b> La resistència és inversa a la conductivitat.</div><div style=""padding: 5px 0;""><b>D)</b> La resistència augmenta sempre que disminueix la tensió.</div></div></div>","<div style=""text-align: left; font-family: -apple-system, sans-serif;""><div style=""font-weight: bold; font-size: 16px; color: #10b981; margin-bottom: 8px;"">✓ Resposta Correcta: C</div><div style=""font-size: 14px; margin-bottom: 12px; padding: 10px; background: rgba(16,185,129,0.1); border-radius: 6px; border-left: 4px solid #10b981;"">C) La resistència és inversa a la conductivitat.</div><hr style=""border: 0; border-top: 1px solid #ddd; margin: 12px 0;""><div style=""font-size: 13px; color: #444; line-height: 1.4;""><b style=""color: #111;"">Explicació:</b> El manual indica que la resistència és inversa a la conductivitat: com més resistència, menys facilitat de pas del corrent.</div></div>","T11_-_Electricitat","14856"
"<div style=""text-align: left; font-family: -apple-system, sans-serif;""><div style=""font-size: 11px; color: #888; margin-bottom: 6px;"">[T11 - Electricitat] Pregunta 285</div><div style=""font-weight: bold; font-size: 16px; margin-bottom: 14px; line-height: 1.4;"">Quin segon principi fonamental de l’electromagnetisme relaciona camp magnètic i corrent?</div><div style=""font-size: 14px; line-height: 1.6;""><div style=""padding: 5px 0;""><b>A)</b> Una tensió constant anul·la qualsevol corrent induït en una bobina.</div><div style=""padding: 5px 0;""><b>B)</b> Una resistència elevada genera corrent sense necessitat de variació magnètica.</div><div style=""padding: 5px 0;""><b>C)</b> Un camp magnètic constant converteix directament corrent altern en continu.</div><div style=""padding: 5px 0;""><b>D)</b> La variació d’un camp magnètic pot induir un corrent elèctric variable.</div></div></div>","<div style=""text-align: left; font-family: -apple-system, sans-serif;""><div style=""font-weight: bold; font-size: 16px; color: #10b981; margin-bottom: 8px;"">✓ Resposta Correcta: D</div><div style=""font-size: 14px; margin-bottom: 12px; padding: 10px; background: rgba(16,185,129,0.1); border-radius: 6px; border-left: 4px solid #10b981;"">D) La variació d’un camp magnètic pot induir un corrent elèctric variable.</div><hr style=""border: 0; border-top: 1px solid #ddd; margin: 12px 0;""><div style=""font-size: 13px; color: #444; line-height: 1.4;""><b style=""color: #111;"">Explicació:</b> Un camp magnètic variable pot generar corrent en un conductor proper.</div></div>","T11_-_Electricitat","16465"
"<div style=""text-align: left; font-family: -apple-system, sans-serif;""><div style=""font-size: 11px; color: #888; margin-bottom: 6px;"">[T11 - Electricitat] Pregunta 286</div><div style=""font-weight: bold; font-size: 16px; margin-bottom: 14px; line-height: 1.4;"">Quina fórmula no correspon a la llei d’Ohm ni a una de les seves formes derivades?</div><div style=""font-size: 14px; line-height: 1.6;""><div style=""padding: 5px 0;""><b>A)</b> V = I / R.</div><div style=""padding: 5px 0;""><b>B)</b> R = V / I.</div><div style=""padding: 5px 0;""><b>C)</b> V = I × R.</div><div style=""padding: 5px 0;""><b>D)</b> I = V / R.</div></div></div>","<div style=""text-align: left; font-family: -apple-system, sans-serif;""><div style=""font-weight: bold; font-size: 16px; color: #10b981; margin-bottom: 8px;"">✓ Resposta Correcta: A</div><div style=""font-size: 14px; margin-bottom: 12px; padding: 10px; background: rgba(16,185,129,0.1); border-radius: 6px; border-left: 4px solid #10b981;"">A) V = I / R.</div><hr style=""border: 0; border-top: 1px solid #ddd; margin: 12px 0;""><div style=""font-size: 13px; color: #444; line-height: 1.4;""><b style=""color: #111;"">Explicació:</b> Q = I² × R × t correspon a l’efecte Joule, no a una forma de la llei d’Ohm.</div></div>","T11_-_Electricitat","14901"
"<div style=""text-align: left; font-family: -apple-system, sans-serif;""><div style=""font-size: 11px; color: #888; margin-bottom: 6px;"">[T11 - Electricitat] Pregunta 287</div><div style=""font-weight: bold; font-size: 16px; margin-bottom: 14px; line-height: 1.4;"">Quina expressió és inadequada quan es vol parlar de consum elèctric?</div><div style=""font-size: 14px; line-height: 1.6;""><div style=""padding: 5px 0;""><b>A)</b> kW.</div><div style=""padding: 5px 0;""><b>B)</b> Wh.</div><div style=""padding: 5px 0;""><b>C)</b> kWh.</div><div style=""padding: 5px 0;""><b>D)</b> Energia consumida.</div></div></div>","<div style=""text-align: left; font-family: -apple-system, sans-serif;""><div style=""font-weight: bold; font-size: 16px; color: #10b981; margin-bottom: 8px;"">✓ Resposta Correcta: A</div><div style=""font-size: 14px; margin-bottom: 12px; padding: 10px; background: rgba(16,185,129,0.1); border-radius: 6px; border-left: 4px solid #10b981;"">A) kW.</div><hr style=""border: 0; border-top: 1px solid #ddd; margin: 12px 0;""><div style=""font-size: 13px; color: #444; line-height: 1.4;""><b style=""color: #111;"">Explicació:</b> El consum és energia i s’expressa en Wh o kWh; el kW expressa potència.</div></div>","T11_-_Electricitat","14881"
"<div style=""text-align: left; font-family: -apple-system, sans-serif;""><div style=""font-size: 11px; color: #888; margin-bottom: 6px;"">[T11 - Electricitat] Pregunta 288</div><div style=""font-weight: bold; font-size: 16px; margin-bottom: 14px; line-height: 1.4;"">Com es pot modificar el voltatge o la freqüència d’un corrent altern en una conversió AC/AC?</div><div style=""font-size: 14px; line-height: 1.6;""><div style=""padding: 5px 0;""><b>A)</b> Mitjançant un procés que sovint passa per AC → DC → AC.</div><div style=""padding: 5px 0;""><b>B)</b> Mitjançant una conversió DC → DC aplicada directament a la xarxa alterna.</div><div style=""padding: 5px 0;""><b>C)</b> Mitjançant una rectificació AC → DC sense tornar a generar AC.</div><div style=""padding: 5px 0;""><b>D)</b> Mitjançant una connexió trifàsica que conserva el voltatge i la freqüència originals.</div></div></div>","<div style=""text-align: left; font-family: -apple-system, sans-serif;""><div style=""font-weight: bold; font-size: 16px; color: #10b981; margin-bottom: 8px;"">✓ Resposta Correcta: A</div><div style=""font-size: 14px; margin-bottom: 12px; padding: 10px; background: rgba(16,185,129,0.1); border-radius: 6px; border-left: 4px solid #10b981;"">A) Mitjançant un procés que sovint passa per AC → DC → AC.</div><hr style=""border: 0; border-top: 1px solid #ddd; margin: 12px 0;""><div style=""font-size: 13px; color: #444; line-height: 1.4;""><b style=""color: #111;"">Explicació:</b> Els variadors poden rectificar primer l’AC i després generar una nova AC amb els valors desitjats.</div></div>","T11_-_Electricitat","16458"
"<div style=""text-align: left; font-family: -apple-system, sans-serif;""><div style=""font-size: 11px; color: #888; margin-bottom: 6px;"">[T11 - Electricitat] Pregunta 289</div><div style=""font-weight: bold; font-size: 16px; margin-bottom: 14px; line-height: 1.4;"">Què és la tensió o voltatge?</div><div style=""font-size: 14px; line-height: 1.6;""><div style=""padding: 5px 0;""><b>A)</b> La quantitat total de treball elèctric realitzat en un període de temps.</div><div style=""padding: 5px 0;""><b>B)</b> La “força” que impulsa els electrons a moure’s a través d’un conductor.</div><div style=""padding: 5px 0;""><b>C)</b> L’oposició que un material presenta al pas del corrent elèctric.</div><div style=""padding: 5px 0;""><b>D)</b> La quantitat d’electrons que passen per un punt en un temps determinat.</div></div></div>","<div style=""text-align: left; font-family: -apple-system, sans-serif;""><div style=""font-weight: bold; font-size: 16px; color: #10b981; margin-bottom: 8px;"">✓ Resposta Correcta: B</div><div style=""font-size: 14px; margin-bottom: 12px; padding: 10px; background: rgba(16,185,129,0.1); border-radius: 6px; border-left: 4px solid #10b981;"">B) La “força” que impulsa els electrons a moure’s a través d’un conductor.</div><hr style=""border: 0; border-top: 1px solid #ddd; margin: 12px 0;""><div style=""font-size: 13px; color: #444; line-height: 1.4;""><b style=""color: #111;"">Explicació:</b> La tensió és l’impuls que fa que els electrons es moguin a través d’un conductor.</div></div>","T11_-_Electricitat","14848"
"<div style=""text-align: left; font-family: -apple-system, sans-serif;""><div style=""font-size: 11px; color: #888; margin-bottom: 6px;"">[T11 - Electricitat] Pregunta 290</div><div style=""font-weight: bold; font-size: 16px; margin-bottom: 14px; line-height: 1.4;"">Què és la potència reactiva?</div><div style=""font-size: 14px; line-height: 1.6;""><div style=""padding: 5px 0;""><b>A)</b> La potència que es transforma de manera directa en moviment, calor o llum.</div><div style=""padding: 5px 0;""><b>B)</b> La potència total que la xarxa ha de subministrar sumant els efectes actiu i reactiu.</div><div style=""padding: 5px 0;""><b>C)</b> L’energia que s’intercanvia cíclicament entre font i càrrega per formar camps magnètics o elèctrics.</div><div style=""padding: 5px 0;""><b>D)</b> La potència que resulta de multiplicar el valor de pic de tensió pel de pic d’intensitat.</div></div></div>","<div style=""text-align: left; font-family: -apple-system, sans-serif;""><div style=""font-weight: bold; font-size: 16px; color: #10b981; margin-bottom: 8px;"">✓ Resposta Correcta: C</div><div style=""font-size: 14px; margin-bottom: 12px; padding: 10px; background: rgba(16,185,129,0.1); border-radius: 6px; border-left: 4px solid #10b981;"">C) L’energia que s’intercanvia cíclicament entre font i càrrega per formar camps magnètics o elèctrics.</div><hr style=""border: 0; border-top: 1px solid #ddd; margin: 12px 0;""><div style=""font-size: 13px; color: #444; line-height: 1.4;""><b style=""color: #111;"">Explicació:</b> La potència reactiva circula entre font i càrrega i no produeix treball útil directe.</div></div>","T11_-_Electricitat","16439"
"<div style=""text-align: left; font-family: -apple-system, sans-serif;""><div style=""font-size: 11px; color: #888; margin-bottom: 6px;"">[T11 - Electricitat] Pregunta 291</div><div style=""font-weight: bold; font-size: 16px; margin-bottom: 14px; line-height: 1.4;"">A igual resistència, què passa si augmenta la tensió aplicada?</div><div style=""font-size: 14px; line-height: 1.6;""><div style=""padding: 5px 0;""><b>A)</b> La intensitat també augmenta.</div><div style=""padding: 5px 0;""><b>B)</b> El corrent deixa de circular.</div><div style=""padding: 5px 0;""><b>C)</b> La intensitat disminueix.</div><div style=""padding: 5px 0;""><b>D)</b> La intensitat no es veu afectada.</div></div></div>","<div style=""text-align: left; font-family: -apple-system, sans-serif;""><div style=""font-weight: bold; font-size: 16px; color: #10b981; margin-bottom: 8px;"">✓ Resposta Correcta: A</div><div style=""font-size: 14px; margin-bottom: 12px; padding: 10px; background: rgba(16,185,129,0.1); border-radius: 6px; border-left: 4px solid #10b981;"">A) La intensitat també augmenta.</div><hr style=""border: 0; border-top: 1px solid #ddd; margin: 12px 0;""><div style=""font-size: 13px; color: #444; line-height: 1.4;""><b style=""color: #111;"">Explicació:</b> Amb la resistència constant, la intensitat és proporcional a la tensió.</div></div>","T11_-_Electricitat","14897"
"<div style=""text-align: left; font-family: -apple-system, sans-serif;""><div style=""font-size: 11px; color: #888; margin-bottom: 6px;"">[T11 - Electricitat] Pregunta 292</div><div style=""font-weight: bold; font-size: 16px; margin-bottom: 14px; line-height: 1.4;"">Què és el magnetisme?</div><div style=""font-size: 14px; line-height: 1.6;""><div style=""padding: 5px 0;""><b>A)</b> La generació de corrent elèctric produïda per qualsevol camp magnètic, encara que no variï.</div><div style=""padding: 5px 0;""><b>B)</b> La capacitat de certs cossos d’exercir forces a distància que poden atreure o repel·lir materials.</div><div style=""padding: 5px 0;""><b>C)</b> La propietat d’un conductor de transformar el corrent en calor quan presenta resistència.</div><div style=""padding: 5px 0;""><b>D)</b> La capacitat de les càrregues elèctriques en repòs de produir un camp elèctric.</div></div></div>","<div style=""text-align: left; font-family: -apple-system, sans-serif;""><div style=""font-weight: bold; font-size: 16px; color: #10b981; margin-bottom: 8px;"">✓ Resposta Correcta: B</div><div style=""font-size: 14px; margin-bottom: 12px; padding: 10px; background: rgba(16,185,129,0.1); border-radius: 6px; border-left: 4px solid #10b981;"">B) La capacitat de certs cossos d’exercir forces a distància que poden atreure o repel·lir materials.</div><hr style=""border: 0; border-top: 1px solid #ddd; margin: 12px 0;""><div style=""font-size: 13px; color: #444; line-height: 1.4;""><b style=""color: #111;"">Explicació:</b> El magnetisme és el fenomen pel qual certs cossos poden exercir forces d’atracció o repulsió a distància.</div></div>","T11_-_Electricitat","16459"
"<div style=""text-align: left; font-family: -apple-system, sans-serif;""><div style=""font-size: 11px; color: #888; margin-bottom: 6px;"">[T11 - Electricitat] Pregunta 293</div><div style=""font-weight: bold; font-size: 16px; margin-bottom: 14px; line-height: 1.4;"">Quina és la unitat de mesura de la potència elèctrica?</div><div style=""font-size: 14px; line-height: 1.6;""><div style=""padding: 5px 0;""><b>A)</b> L’ampere (A).</div><div style=""padding: 5px 0;""><b>B)</b> El volt (V).</div><div style=""padding: 5px 0;""><b>C)</b> El watt-hora (Wh).</div><div style=""padding: 5px 0;""><b>D)</b> El watt (W).</div></div></div>","<div style=""text-align: left; font-family: -apple-system, sans-serif;""><div style=""font-weight: bold; font-size: 16px; color: #10b981; margin-bottom: 8px;"">✓ Resposta Correcta: D</div><div style=""font-size: 14px; margin-bottom: 12px; padding: 10px; background: rgba(16,185,129,0.1); border-radius: 6px; border-left: 4px solid #10b981;"">D) El watt (W).</div><hr style=""border: 0; border-top: 1px solid #ddd; margin: 12px 0;""><div style=""font-size: 13px; color: #444; line-height: 1.4;""><b style=""color: #111;"">Explicació:</b> La potència es mesura en watts; el watt-hora correspon a energia o consum.</div></div>","T11_-_Electricitat","14862"
"<div style=""text-align: left; font-family: -apple-system, sans-serif;""><div style=""font-size: 11px; color: #888; margin-bottom: 6px;"">[T11 - Electricitat] Pregunta 294</div><div style=""font-weight: bold; font-size: 16px; margin-bottom: 14px; line-height: 1.4;"">Quin principi electromagnètic explica l’efecte d’un corrent que circula per un conductor?</div><div style=""font-size: 14px; line-height: 1.6;""><div style=""padding: 5px 0;""><b>A)</b> Un corrent elèctric genera un camp elèctric al voltant del conductor, però no un camp magnètic.</div><div style=""padding: 5px 0;""><b>B)</b> Un corrent elèctric redueix el camp magnètic existent al voltant del conductor.</div><div style=""padding: 5px 0;""><b>C)</b> Un corrent elèctric genera un camp magnètic al voltant del conductor.</div><div style=""padding: 5px 0;""><b>D)</b> El camp magnètic apareix quan el conductor està enrotllat en espires, però no en un conductor recte.</div></div></div>","<div style=""text-align: left; font-family: -apple-system, sans-serif;""><div style=""font-weight: bold; font-size: 16px; color: #10b981; margin-bottom: 8px;"">✓ Resposta Correcta: C</div><div style=""font-size: 14px; margin-bottom: 12px; padding: 10px; background: rgba(16,185,129,0.1); border-radius: 6px; border-left: 4px solid #10b981;"">C) Un corrent elèctric genera un camp magnètic al voltant del conductor.</div><hr style=""border: 0; border-top: 1px solid #ddd; margin: 12px 0;""><div style=""font-size: 13px; color: #444; line-height: 1.4;""><b style=""color: #111;"">Explicació:</b> El primer principi estableix que un corrent que circula per un conductor genera un camp magnètic al seu voltant.</div></div>","T11_-_Electricitat","16461"
"<div style=""text-align: left; font-family: -apple-system, sans-serif;""><div style=""font-size: 11px; color: #888; margin-bottom: 6px;"">[T11 - Electricitat] Pregunta 295</div><div style=""font-weight: bold; font-size: 16px; margin-bottom: 14px; line-height: 1.4;"">Un corrent de 2 A circula durant 3 s per una resistència de 5 Ω. Quina calor es genera?</div><div style=""font-size: 14px; line-height: 1.6;""><div style=""padding: 5px 0;""><b>A)</b> 30 J.</div><div style=""padding: 5px 0;""><b>B)</b> 45 J.</div><div style=""padding: 5px 0;""><b>C)</b> 120 J.</div><div style=""padding: 5px 0;""><b>D)</b> 60 J.</div></div></div>","<div style=""text-align: left; font-family: -apple-system, sans-serif;""><div style=""font-weight: bold; font-size: 16px; color: #10b981; margin-bottom: 8px;"">✓ Resposta Correcta: D</div><div style=""font-size: 14px; margin-bottom: 12px; padding: 10px; background: rgba(16,185,129,0.1); border-radius: 6px; border-left: 4px solid #10b981;"">D) 60 J.</div><hr style=""border: 0; border-top: 1px solid #ddd; margin: 12px 0;""><div style=""font-size: 13px; color: #444; line-height: 1.4;""><b style=""color: #111;"">Explicació:</b> Aplicant Q = I² × R × t: 2² × 5 × 3 = 60 J.</div></div>","T11_-_Electricitat","14927"
"<div style=""text-align: left; font-family: -apple-system, sans-serif;""><div style=""font-size: 11px; color: #888; margin-bottom: 6px;"">[T11 - Electricitat] Pregunta 296</div><div style=""font-weight: bold; font-size: 16px; margin-bottom: 14px; line-height: 1.4;"">Quina afirmació evita millor la confusió entre Wh i Ah?</div><div style=""font-size: 14px; line-height: 1.6;""><div style=""padding: 5px 0;""><b>A)</b> Els Ah només s’utilitzen en instal·lacions de corrent altern.</div><div style=""padding: 5px 0;""><b>B)</b> Els Wh i els Ah són equivalents si la bateria és de corrent continu.</div><div style=""padding: 5px 0;""><b>C)</b> Els Wh indiquen energia disponible; els Ah indiquen capacitat.</div><div style=""padding: 5px 0;""><b>D)</b> Els Ah indiquen energia disponible; els Wh indiquen la capacitat de la bateria.</div></div></div>","<div style=""text-align: left; font-family: -apple-system, sans-serif;""><div style=""font-weight: bold; font-size: 16px; color: #10b981; margin-bottom: 8px;"">✓ Resposta Correcta: C</div><div style=""font-size: 14px; margin-bottom: 12px; padding: 10px; background: rgba(16,185,129,0.1); border-radius: 6px; border-left: 4px solid #10b981;"">C) Els Wh indiquen energia disponible; els Ah indiquen capacitat.</div><hr style=""border: 0; border-top: 1px solid #ddd; margin: 12px 0;""><div style=""font-size: 13px; color: #444; line-height: 1.4;""><b style=""color: #111;"">Explicació:</b> Els Wh expressen energia; els Ah expressen capacitat i necessiten la tensió per relacionar-se amb l’energia.</div></div>","T11_-_Electricitat","14876"
"<div style=""text-align: left; font-family: -apple-system, sans-serif;""><div style=""font-size: 11px; color: #888; margin-bottom: 6px;"">[T11 - Electricitat] Pregunta 297</div><div style=""font-weight: bold; font-size: 16px; margin-bottom: 14px; line-height: 1.4;"">Quan poden circular electrons entre dos punts que tenen diferència de potencial?</div><div style=""font-size: 14px; line-height: 1.6;""><div style=""padding: 5px 0;""><b>A)</b> Quan els dos punts passen a tenir el mateix potencial abans d’unir-los.</div><div style=""padding: 5px 0;""><b>B)</b> Quan s’obre l’interruptor perquè la tensió es reparteixi pel circuit.</div><div style=""padding: 5px 0;""><b>C)</b> Quan els punts queden units per un camí continu de materials conductors.</div><div style=""padding: 5px 0;""><b>D)</b> Quan els punts queden separats per un camí interromput amb resistència molt elevada.</div></div></div>","<div style=""text-align: left; font-family: -apple-system, sans-serif;""><div style=""font-weight: bold; font-size: 16px; color: #10b981; margin-bottom: 8px;"">✓ Resposta Correcta: C</div><div style=""font-size: 14px; margin-bottom: 12px; padding: 10px; background: rgba(16,185,129,0.1); border-radius: 6px; border-left: 4px solid #10b981;"">C) Quan els punts queden units per un camí continu de materials conductors.</div><hr style=""border: 0; border-top: 1px solid #ddd; margin: 12px 0;""><div style=""font-size: 13px; color: #444; line-height: 1.4;""><b style=""color: #111;"">Explicació:</b> La diferència de potencial només origina circulació si existeix un recorregut conductor continu.</div></div>","T11_-_Electricitat","16304"
"<div style=""text-align: left; font-family: -apple-system, sans-serif;""><div style=""font-size: 11px; color: #888; margin-bottom: 6px;"">[T11 - Electricitat] Pregunta 298</div><div style=""font-weight: bold; font-size: 16px; margin-bottom: 14px; line-height: 1.4;"">Quina afirmació diferencia millor la càrrega elèctrica de la intensitat de corrent?</div><div style=""font-size: 14px; line-height: 1.6;""><div style=""padding: 5px 0;""><b>A)</b> La càrrega mesura la força que impulsa els electrons, mentre que la quantitat d'electrons que pasen per un punt.</div><div style=""padding: 5px 0;""><b>B)</b> La càrrega només existeix en corrent continu, mentre que la intensitat només existeix en corrent altern.</div><div style=""padding: 5px 0;""><b>C)</b> La càrrega s’expressa en volts, mentre que la intensitat s’expressa en ampers.</div><div style=""padding: 5px 0;""><b>D)</b> La càrrega fa referència a la quantitat d’electrons, mentre que la intensitat incorpora el temps en què passen per un punt.</div></div></div>","<div style=""text-align: left; font-family: -apple-system, sans-serif;""><div style=""font-weight: bold; font-size: 16px; color: #10b981; margin-bottom: 8px;"">✓ Resposta Correcta: D</div><div style=""font-size: 14px; margin-bottom: 12px; padding: 10px; background: rgba(16,185,129,0.1); border-radius: 6px; border-left: 4px solid #10b981;"">D) La càrrega fa referència a la quantitat d’electrons, mentre que la intensitat incorpora el temps en què passen per un punt.</div><hr style=""border: 0; border-top: 1px solid #ddd; margin: 12px 0;""><div style=""font-size: 13px; color: #444; line-height: 1.4;""><b style=""color: #111;"">Explicació:</b> La intensitat relaciona la càrrega amb el temps; la càrrega, per si sola, expressa quantitat d’electrons.</div></div>","T11_-_Electricitat","14836"
"<div style=""text-align: left; font-family: -apple-system, sans-serif;""><div style=""font-size: 11px; color: #888; margin-bottom: 6px;"">[T11 - Electricitat] Pregunta 299</div><div style=""font-weight: bold; font-size: 16px; margin-bottom: 14px; line-height: 1.4;"">Quin avantatge aporta la potència més uniforme del sistema trifàsic als motors?</div><div style=""font-size: 14px; line-height: 1.6;""><div style=""padding: 5px 0;""><b>A)</b> Redueix vibracions i millora l’eficiència de funcionament.</div><div style=""padding: 5px 0;""><b>B)</b> Obliga a utilitzar conductors de més secció per estabilitzar el camp.</div><div style=""padding: 5px 0;""><b>C)</b> Augmenta les oscil·lacions de parell per facilitar l’arrencada.</div><div style=""padding: 5px 0;""><b>D)</b> Elimina la necessitat de generar camps magnètics rotatoris.</div></div></div>","<div style=""text-align: left; font-family: -apple-system, sans-serif;""><div style=""font-weight: bold; font-size: 16px; color: #10b981; margin-bottom: 8px;"">✓ Resposta Correcta: A</div><div style=""font-size: 14px; margin-bottom: 12px; padding: 10px; background: rgba(16,185,129,0.1); border-radius: 6px; border-left: 4px solid #10b981;"">A) Redueix vibracions i millora l’eficiència de funcionament.</div><hr style=""border: 0; border-top: 1px solid #ddd; margin: 12px 0;""><div style=""font-size: 13px; color: #444; line-height: 1.4;""><b style=""color: #111;"">Explicació:</b> Una aportació més uniforme redueix vibracions i afavoreix un funcionament eficient.</div></div>","T11_-_Electricitat","16411"
"<div style=""text-align: left; font-family: -apple-system, sans-serif;""><div style=""font-size: 11px; color: #888; margin-bottom: 6px;"">[T11 - Electricitat] Pregunta 300</div><div style=""font-weight: bold; font-size: 16px; margin-bottom: 14px; line-height: 1.4;"">Què pot passar per sota de 30 mA en corrent altern a 50 Hz?</div><div style=""font-size: 14px; line-height: 1.6;""><div style=""padding: 5px 0;""><b>A)</b> Pot aparèixer fibril·lació amb la mateixa probabilitat que per sobre del llindar, sense altres efectes previs.</div><div style=""padding: 5px 0;""><b>B)</b> Els efectes es limiten a una sensació lleu i no apareixen contraccions ni dificultats respiratòries.</div><div style=""padding: 5px 0;""><b>C)</b> Poden aparèixer dolor, contraccions o dificultat respiratòria, amb una probabilitat menor de fibril·lació.</div><div style=""padding: 5px 0;""><b>D)</b> El principal efecte passa a ser una contracció cardíaca pròpia del corrent continu d’intensitat elevada.</div></div></div>","<div style=""text-align: left; font-family: -apple-system, sans-serif;""><div style=""font-weight: bold; font-size: 16px; color: #10b981; margin-bottom: 8px;"">✓ Resposta Correcta: C</div><div style=""font-size: 14px; margin-bottom: 12px; padding: 10px; background: rgba(16,185,129,0.1); border-radius: 6px; border-left: 4px solid #10b981;"">C) Poden aparèixer dolor, contraccions o dificultat respiratòria, amb una probabilitat menor de fibril·lació.</div><hr style=""border: 0; border-top: 1px solid #ddd; margin: 12px 0;""><div style=""font-size: 13px; color: #444; line-height: 1.4;""><b style=""color: #111;"">Explicació:</b> Per sota de 30 mA poden existir efectes importants, però la probabilitat de fibril·lació ventricular és menor en un percentatge elevat de la població.</div></div>","T11_-_Electricitat","16488"
"<div style=""text-align: left; font-family: -apple-system, sans-serif;""><div style=""font-size: 11px; color: #888; margin-bottom: 6px;"">[T11 - Electricitat] Pregunta 301</div><div style=""font-weight: bold; font-size: 16px; margin-bottom: 14px; line-height: 1.4;"">Què indica un factor de potència proper a 1?</div><div style=""font-size: 14px; line-height: 1.6;""><div style=""padding: 5px 0;""><b>A)</b> Que la intensitat s’avança 120° respecte de la tensió.</div><div style=""padding: 5px 0;""><b>B)</b> Que tensió i intensitat estan gairebé en fase i l’energia s’utilitza eficientment.</div><div style=""padding: 5px 0;""><b>C)</b> Que tensió i intensitat estan molt desfasades i predomina la potència reactiva.</div><div style=""padding: 5px 0;""><b>D)</b> Que la potència aparent és molt superior a la potència activa.</div></div></div>","<div style=""text-align: left; font-family: -apple-system, sans-serif;""><div style=""font-weight: bold; font-size: 16px; color: #10b981; margin-bottom: 8px;"">✓ Resposta Correcta: B</div><div style=""font-size: 14px; margin-bottom: 12px; padding: 10px; background: rgba(16,185,129,0.1); border-radius: 6px; border-left: 4px solid #10b981;"">B) Que tensió i intensitat estan gairebé en fase i l’energia s’utilitza eficientment.</div><hr style=""border: 0; border-top: 1px solid #ddd; margin: 12px 0;""><div style=""font-size: 13px; color: #444; line-height: 1.4;""><b style=""color: #111;"">Explicació:</b> Les càrregues principalment resistives presenten un factor de potència proper a la unitat.</div></div>","T11_-_Electricitat","16444"
"<div style=""text-align: left; font-family: -apple-system, sans-serif;""><div style=""font-size: 11px; color: #888; margin-bottom: 6px;"">[T11 - Electricitat] Pregunta 302</div><div style=""font-weight: bold; font-size: 16px; margin-bottom: 14px; line-height: 1.4;"">Quina afirmació és correcta?</div><div style=""font-size: 14px; line-height: 1.6;""><div style=""padding: 5px 0;""><b>A)</b> La potència s’expressa en kWh i l’energia consumida s’expressa en kW.</div><div style=""padding: 5px 0;""><b>B)</b> La potència i l’energia es mesuren sempre amb la mateixa unitat.</div><div style=""padding: 5px 0;""><b>C)</b> La potència s’expressa en kW i l’energia consumida s’expressa en kWh.</div><div style=""padding: 5px 0;""><b>D)</b> La potència s’expressa en Ah i l’energia consumida en volts.</div></div></div>","<div style=""text-align: left; font-family: -apple-system, sans-serif;""><div style=""font-weight: bold; font-size: 16px; color: #10b981; margin-bottom: 8px;"">✓ Resposta Correcta: C</div><div style=""font-size: 14px; margin-bottom: 12px; padding: 10px; background: rgba(16,185,129,0.1); border-radius: 6px; border-left: 4px solid #10b981;"">C) La potència s’expressa en kW i l’energia consumida s’expressa en kWh.</div><hr style=""border: 0; border-top: 1px solid #ddd; margin: 12px 0;""><div style=""font-size: 13px; color: #444; line-height: 1.4;""><b style=""color: #111;"">Explicació:</b> kW i kWh no són el mateix: el primer expressa potència i el segon energia o consum.</div></div>","T11_-_Electricitat","14880"
"<div style=""text-align: left; font-family: -apple-system, sans-serif;""><div style=""font-size: 11px; color: #888; margin-bottom: 6px;"">[T11 - Electricitat] Pregunta 303</div><div style=""font-weight: bold; font-size: 16px; margin-bottom: 14px; line-height: 1.4;"">Per què la unitat kW/h no és adequada per expressar el consum elèctric habitual?</div><div style=""font-size: 14px; line-height: 1.6;""><div style=""padding: 5px 0;""><b>A)</b> Perquè equival sempre a una intensitat de 1 ampere.</div><div style=""padding: 5px 0;""><b>B)</b> Perquè només es pot utilitzar en bateries de baixa tensió.</div><div style=""padding: 5px 0;""><b>C)</b> Perquè l’energia és potència multiplicada pel temps, no dividida pel temps.</div><div style=""padding: 5px 0;""><b>D)</b> Perquè és una unitat exclusiva de resistència elèctrica.</div></div></div>","<div style=""text-align: left; font-family: -apple-system, sans-serif;""><div style=""font-weight: bold; font-size: 16px; color: #10b981; margin-bottom: 8px;"">✓ Resposta Correcta: C</div><div style=""font-size: 14px; margin-bottom: 12px; padding: 10px; background: rgba(16,185,129,0.1); border-radius: 6px; border-left: 4px solid #10b981;"">C) Perquè l’energia és potència multiplicada pel temps, no dividida pel temps.</div><hr style=""border: 0; border-top: 1px solid #ddd; margin: 12px 0;""><div style=""font-size: 13px; color: #444; line-height: 1.4;""><b style=""color: #111;"">Explicació:</b> El consum energètic s’expressa en kWh, no en kW/h.</div></div>","T11_-_Electricitat","14885"
"<div style=""text-align: left; font-family: -apple-system, sans-serif;""><div style=""font-size: 11px; color: #888; margin-bottom: 6px;"">[T11 - Electricitat] Pregunta 304</div><div style=""font-weight: bold; font-size: 16px; margin-bottom: 14px; line-height: 1.4;"">Quina opció defineix correctament l’electricitat?</div><div style=""font-size: 14px; line-height: 1.6;""><div style=""padding: 5px 0;""><b>A)</b> Un conjunt de fenòmens químics associats al moviment o a l’acumulació de càrregues elèctriques.</div><div style=""padding: 5px 0;""><b>B)</b> Una forma de radiació electromagnètica que només existeix quan hi ha corrent altern.</div><div style=""padding: 5px 0;""><b>C)</b> Un conjunt de fenòmens físics associats al moviment o a l’acumulació de càrregues elèctriques.</div><div style=""padding: 5px 0;""><b>D)</b> Un conjunt de fenòmens químics associats exclusivament a la reacció de reducció de materials conductors.</div></div></div>","<div style=""text-align: left; font-family: -apple-system, sans-serif;""><div style=""font-weight: bold; font-size: 16px; color: #10b981; margin-bottom: 8px;"">✓ Resposta Correcta: C</div><div style=""font-size: 14px; margin-bottom: 12px; padding: 10px; background: rgba(16,185,129,0.1); border-radius: 6px; border-left: 4px solid #10b981;"">C) Un conjunt de fenòmens físics associats al moviment o a l’acumulació de càrregues elèctriques.</div><hr style=""border: 0; border-top: 1px solid #ddd; margin: 12px 0;""><div style=""font-size: 13px; color: #444; line-height: 1.4;""><b style=""color: #111;"">Explicació:</b> La definició central vincula l’electricitat amb fenòmens físics relacionats amb el moviment o l’acumulació de càrregues elèctriques.</div></div>","T11_-_Electricitat","14812"
"<div style=""text-align: left; font-family: -apple-system, sans-serif;""><div style=""font-size: 11px; color: #888; margin-bottom: 6px;"">[T11 - Electricitat] Pregunta 305</div><div style=""font-weight: bold; font-size: 16px; margin-bottom: 14px; line-height: 1.4;"">En què es basa un sistema trifàsic?</div><div style=""font-size: 14px; line-height: 1.6;""><div style=""padding: 5px 0;""><b>A)</b> En tres corrents continus amb la mateixa polaritat.</div><div style=""padding: 5px 0;""><b>B)</b> En una sola ona alterna dividida en tres intensitats iguals.</div><div style=""padding: 5px 0;""><b>C)</b> En tres corrents alterns desfasats 120° entre si.</div><div style=""padding: 5px 0;""><b>D)</b> En dos corrents alterns desfasats 180° entre si.</div></div></div>","<div style=""text-align: left; font-family: -apple-system, sans-serif;""><div style=""font-weight: bold; font-size: 16px; color: #10b981; margin-bottom: 8px;"">✓ Resposta Correcta: C</div><div style=""font-size: 14px; margin-bottom: 12px; padding: 10px; background: rgba(16,185,129,0.1); border-radius: 6px; border-left: 4px solid #10b981;"">C) En tres corrents alterns desfasats 120° entre si.</div><hr style=""border: 0; border-top: 1px solid #ddd; margin: 12px 0;""><div style=""font-size: 13px; color: #444; line-height: 1.4;""><b style=""color: #111;"">Explicació:</b> Les tres fases tenen la mateixa freqüència i estan separades 120° dins del cicle.</div></div>","T11_-_Electricitat","16408"
"<div style=""text-align: left; font-family: -apple-system, sans-serif;""><div style=""font-size: 11px; color: #888; margin-bottom: 6px;"">[T11 - Electricitat] Pregunta 306</div><div style=""font-weight: bold; font-size: 16px; margin-bottom: 14px; line-height: 1.4;"">Quins recorreguts del corrent pel cos es consideren especialment perillosos?</div><div style=""font-size: 14px; line-height: 1.6;""><div style=""padding: 5px 0;""><b>A)</b> Els que afecten superfícies perifèriques sense travessar el tronc.</div><div style=""padding: 5px 0;""><b>B)</b> Els que recorren zones de pell seca sense travessar el tronc.</div><div style=""padding: 5px 0;""><b>C)</b> Els que es mantenen en una mateixa extremitat i eviten la zona toràcica.</div><div style=""padding: 5px 0;""><b>D)</b> Els que poden incloure el cor, com de mà a mà o de mà a peus.</div></div></div>","<div style=""text-align: left; font-family: -apple-system, sans-serif;""><div style=""font-weight: bold; font-size: 16px; color: #10b981; margin-bottom: 8px;"">✓ Resposta Correcta: D</div><div style=""font-size: 14px; margin-bottom: 12px; padding: 10px; background: rgba(16,185,129,0.1); border-radius: 6px; border-left: 4px solid #10b981;"">D) Els que poden incloure el cor, com de mà a mà o de mà a peus.</div><hr style=""border: 0; border-top: 1px solid #ddd; margin: 12px 0;""><div style=""font-size: 13px; color: #444; line-height: 1.4;""><b style=""color: #111;"">Explicació:</b> Els recorreguts que poden travessar el cor són especialment perillosos.</div></div>","T11_-_Electricitat","16497"
"<div style=""text-align: left; font-family: -apple-system, sans-serif;""><div style=""font-size: 11px; color: #888; margin-bottom: 6px;"">[T11 - Electricitat] Pregunta 307</div><div style=""font-weight: bold; font-size: 16px; margin-bottom: 14px; line-height: 1.4;"">Quin element hidràulic equival a un motor elèctric?</div><div style=""font-size: 14px; line-height: 1.6;""><div style=""padding: 5px 0;""><b>A)</b> Una vàlvula.</div><div style=""padding: 5px 0;""><b>B)</b> Una canonada rugosa.</div><div style=""padding: 5px 0;""><b>C)</b> Una turbina.</div><div style=""padding: 5px 0;""><b>D)</b> Una bomba.</div></div></div>","<div style=""text-align: left; font-family: -apple-system, sans-serif;""><div style=""font-weight: bold; font-size: 16px; color: #10b981; margin-bottom: 8px;"">✓ Resposta Correcta: C</div><div style=""font-size: 14px; margin-bottom: 12px; padding: 10px; background: rgba(16,185,129,0.1); border-radius: 6px; border-left: 4px solid #10b981;"">C) Una turbina.</div><hr style=""border: 0; border-top: 1px solid #ddd; margin: 12px 0;""><div style=""font-size: 13px; color: #444; line-height: 1.4;""><b style=""color: #111;"">Explicació:</b> El motor i la turbina són els elements receptors equivalents en l’analogia.</div></div>","T11_-_Electricitat","16369"
"<div style=""text-align: left; font-family: -apple-system, sans-serif;""><div style=""font-size: 11px; color: #888; margin-bottom: 6px;"">[T11 - Electricitat] Pregunta 308</div><div style=""font-weight: bold; font-size: 16px; margin-bottom: 14px; line-height: 1.4;"">Quina afirmació sobre corrent elèctric i camp elèctric és incorrecta?</div><div style=""font-size: 14px; line-height: 1.6;""><div style=""padding: 5px 0;""><b>A)</b> El corrent elèctric es manifesta quan les càrregues es desplacen per un conductor.</div><div style=""padding: 5px 0;""><b>B)</b> El camp elèctric apareix quan les càrregues romanen en repòs.</div><div style=""padding: 5px 0;""><b>C)</b> El corrent elèctric es produeix quan les càrregues romanen en repòs sense desplaçar-se.</div><div style=""padding: 5px 0;""><b>D)</b> El moviment d’electrons pot permetre usos com il·luminar o moure motors.</div></div></div>","<div style=""text-align: left; font-family: -apple-system, sans-serif;""><div style=""font-weight: bold; font-size: 16px; color: #10b981; margin-bottom: 8px;"">✓ Resposta Correcta: C</div><div style=""font-size: 14px; margin-bottom: 12px; padding: 10px; background: rgba(16,185,129,0.1); border-radius: 6px; border-left: 4px solid #10b981;"">C) El corrent elèctric es produeix quan les càrregues romanen en repòs sense desplaçar-se.</div><hr style=""border: 0; border-top: 1px solid #ddd; margin: 12px 0;""><div style=""font-size: 13px; color: #444; line-height: 1.4;""><b style=""color: #111;"">Explicació:</b> La idea de càrregues en repòs correspon al camp elèctric, no al corrent elèctric.</div></div>","T11_-_Electricitat","14815"
"<div style=""text-align: left; font-family: -apple-system, sans-serif;""><div style=""font-size: 11px; color: #888; margin-bottom: 6px;"">[T11 - Electricitat] Pregunta 309</div><div style=""font-weight: bold; font-size: 16px; margin-bottom: 14px; line-height: 1.4;"">Quins són els dos conductors principals d’un circuit monofàsic?</div><div style=""font-size: 14px; line-height: 1.6;""><div style=""padding: 5px 0;""><b>A)</b> La fase i el neutre.</div><div style=""padding: 5px 0;""><b>B)</b> Dues fases desfasades 120°.</div><div style=""padding: 5px 0;""><b>C)</b> El neutre i una tercera fase de referència.</div><div style=""padding: 5px 0;""><b>D)</b> La fase i una segona fase de retorn.</div></div></div>","<div style=""text-align: left; font-family: -apple-system, sans-serif;""><div style=""font-weight: bold; font-size: 16px; color: #10b981; margin-bottom: 8px;"">✓ Resposta Correcta: A</div><div style=""font-size: 14px; margin-bottom: 12px; padding: 10px; background: rgba(16,185,129,0.1); border-radius: 6px; border-left: 4px solid #10b981;"">A) La fase i el neutre.</div><hr style=""border: 0; border-top: 1px solid #ddd; margin: 12px 0;""><div style=""font-size: 13px; color: #444; line-height: 1.4;""><b style=""color: #111;"">Explicació:</b> El circuit monofàsic bàsic utilitza fase (L) i neutre (N).</div></div>","T11_-_Electricitat","16398"
"<div style=""text-align: left; font-family: -apple-system, sans-serif;""><div style=""font-size: 11px; color: #888; margin-bottom: 6px;"">[T11 - Electricitat] Pregunta 310</div><div style=""font-weight: bold; font-size: 16px; margin-bottom: 14px; line-height: 1.4;"">Quina afirmació descriu correctament la llei d’Ohm?</div><div style=""font-size: 14px; line-height: 1.6;""><div style=""padding: 5px 0;""><b>A)</b> La intensitat és directament proporcional a la tensió i inversament proporcional a la resistència.</div><div style=""padding: 5px 0;""><b>B)</b> La intensitat és directament proporcional a la resistència i inversament proporcional a la tensió.</div><div style=""padding: 5px 0;""><b>C)</b> La tensió disminueix sempre que augmenta la intensitat, encara que la resistència sigui constant.</div><div style=""padding: 5px 0;""><b>D)</b> La resistència depèn només del temps durant el qual circula el corrent.</div></div></div>","<div style=""text-align: left; font-family: -apple-system, sans-serif;""><div style=""font-weight: bold; font-size: 16px; color: #10b981; margin-bottom: 8px;"">✓ Resposta Correcta: A</div><div style=""font-size: 14px; margin-bottom: 12px; padding: 10px; background: rgba(16,185,129,0.1); border-radius: 6px; border-left: 4px solid #10b981;"">A) La intensitat és directament proporcional a la tensió i inversament proporcional a la resistència.</div><hr style=""border: 0; border-top: 1px solid #ddd; margin: 12px 0;""><div style=""font-size: 13px; color: #444; line-height: 1.4;""><b style=""color: #111;"">Explicació:</b> La intensitat creix amb la tensió aplicada i disminueix quan augmenta la resistència.</div></div>","T11_-_Electricitat","14893"
"<div style=""text-align: left; font-family: -apple-system, sans-serif;""><div style=""font-size: 11px; color: #888; margin-bottom: 6px;"">[T11 - Electricitat] Pregunta 311</div><div style=""font-weight: bold; font-size: 16px; margin-bottom: 14px; line-height: 1.4;"">En la realitat física, en quin sentit es mouen els electrons?</div><div style=""font-size: 14px; line-height: 1.6;""><div style=""padding: 5px 0;""><b>A)</b> Del pol negatiu al pol positiu.</div><div style=""padding: 5px 0;""><b>B)</b> Del pol positiu al pol negatiu.</div><div style=""padding: 5px 0;""><b>C)</b> Sempre des de la fase cap al terra.</div><div style=""padding: 5px 0;""><b>D)</b> Només quan el circuit és de corrent altern.</div></div></div>","<div style=""text-align: left; font-family: -apple-system, sans-serif;""><div style=""font-weight: bold; font-size: 16px; color: #10b981; margin-bottom: 8px;"">✓ Resposta Correcta: A</div><div style=""font-size: 14px; margin-bottom: 12px; padding: 10px; background: rgba(16,185,129,0.1); border-radius: 6px; border-left: 4px solid #10b981;"">A) Del pol negatiu al pol positiu.</div><hr style=""border: 0; border-top: 1px solid #ddd; margin: 12px 0;""><div style=""font-size: 13px; color: #444; line-height: 1.4;""><b style=""color: #111;"">Explicació:</b> Els electrons es mouen des del pol negatiu, on hi ha excés d’electrons, cap al pol positiu.</div></div>","T11_-_Electricitat","14817"
"<div style=""text-align: left; font-family: -apple-system, sans-serif;""><div style=""font-size: 11px; color: #888; margin-bottom: 6px;"">[T11 - Electricitat] Pregunta 312</div><div style=""font-weight: bold; font-size: 16px; margin-bottom: 14px; line-height: 1.4;"">Com varia habitualment la resistència amb la temperatura?</div><div style=""font-size: 14px; line-height: 1.6;""><div style=""padding: 5px 0;""><b>A)</b> En la majoria de materials, a més temperatura, menys resistència.</div><div style=""padding: 5px 0;""><b>B)</b> La temperatura només afecta la tensió, però no la resistència.</div><div style=""padding: 5px 0;""><b>C)</b> En la majoria de materials, a més temperatura, més resistència.</div><div style=""padding: 5px 0;""><b>D)</b> La resistència només varia amb el tipus de corrent, no amb la temperatura.</div></div></div>","<div style=""text-align: left; font-family: -apple-system, sans-serif;""><div style=""font-weight: bold; font-size: 16px; color: #10b981; margin-bottom: 8px;"">✓ Resposta Correcta: C</div><div style=""font-size: 14px; margin-bottom: 12px; padding: 10px; background: rgba(16,185,129,0.1); border-radius: 6px; border-left: 4px solid #10b981;"">C) En la majoria de materials, a més temperatura, més resistència.</div><hr style=""border: 0; border-top: 1px solid #ddd; margin: 12px 0;""><div style=""font-size: 13px; color: #444; line-height: 1.4;""><b style=""color: #111;"">Explicació:</b> El manual indica que, en la majoria de materials, la resistència augmenta quan augmenta la temperatura.</div></div>","T11_-_Electricitat","14859"
"<div style=""text-align: left; font-family: -apple-system, sans-serif;""><div style=""font-size: 11px; color: #888; margin-bottom: 6px;"">[T11 - Electricitat] Pregunta 313</div><div style=""font-weight: bold; font-size: 16px; margin-bottom: 14px; line-height: 1.4;"">Si una resistència de 9 Ω és travessada per 2 A, quina tensió cal aplicar?</div><div style=""font-size: 14px; line-height: 1.6;""><div style=""padding: 5px 0;""><b>A)</b> 18 V.</div><div style=""padding: 5px 0;""><b>B)</b> 11 V.</div><div style=""padding: 5px 0;""><b>C)</b> 4,5 V.</div><div style=""padding: 5px 0;""><b>D)</b> 90 V.</div></div></div>","<div style=""text-align: left; font-family: -apple-system, sans-serif;""><div style=""font-weight: bold; font-size: 16px; color: #10b981; margin-bottom: 8px;"">✓ Resposta Correcta: A</div><div style=""font-size: 14px; margin-bottom: 12px; padding: 10px; background: rgba(16,185,129,0.1); border-radius: 6px; border-left: 4px solid #10b981;"">A) 18 V.</div><hr style=""border: 0; border-top: 1px solid #ddd; margin: 12px 0;""><div style=""font-size: 13px; color: #444; line-height: 1.4;""><b style=""color: #111;"">Explicació:</b> Amb V = I × R, la tensió és 2 × 9 = 18 V.</div></div>","T11_-_Electricitat","14916"
"<div style=""text-align: left; font-family: -apple-system, sans-serif;""><div style=""font-size: 11px; color: #888; margin-bottom: 6px;"">[T11 - Electricitat] Pregunta 314</div><div style=""font-weight: bold; font-size: 16px; margin-bottom: 14px; line-height: 1.4;"">Per un receptor de 3 Ω connectat en sèrie circulen 2 A. Quina caiguda de tensió hi ha al receptor?</div><div style=""font-size: 14px; line-height: 1.6;""><div style=""padding: 5px 0;""><b>A)</b> 6 V.</div><div style=""padding: 5px 0;""><b>B)</b> 5 V.</div><div style=""padding: 5px 0;""><b>C)</b> 0,67 V.</div><div style=""padding: 5px 0;""><b>D)</b> 1,5 V.</div></div></div>","<div style=""text-align: left; font-family: -apple-system, sans-serif;""><div style=""font-weight: bold; font-size: 16px; color: #10b981; margin-bottom: 8px;"">✓ Resposta Correcta: A</div><div style=""font-size: 14px; margin-bottom: 12px; padding: 10px; background: rgba(16,185,129,0.1); border-radius: 6px; border-left: 4px solid #10b981;"">A) 6 V.</div><hr style=""border: 0; border-top: 1px solid #ddd; margin: 12px 0;""><div style=""font-size: 13px; color: #444; line-height: 1.4;""><b style=""color: #111;"">Explicació:</b> Vi = I × Ri = 2 × 3 = 6 V.</div></div>","T11_-_Electricitat","16345"
"<div style=""text-align: left; font-family: -apple-system, sans-serif;""><div style=""font-size: 11px; color: #888; margin-bottom: 6px;"">[T11 - Electricitat] Pregunta 315</div><div style=""font-weight: bold; font-size: 16px; margin-bottom: 14px; line-height: 1.4;"">Per què una subtensió també pot sobreescalfar determinats aparells?</div><div style=""font-size: 14px; line-height: 1.6;""><div style=""padding: 5px 0;""><b>A)</b> Perquè poden augmentar el corrent per intentar mantenir la potència constant.</div><div style=""padding: 5px 0;""><b>B)</b> Perquè redueixen el corrent per mantenir la potència constant i això augmenta l’efecte Joule.</div><div style=""padding: 5px 0;""><b>C)</b> Perquè la tensió baixa fa desaparèixer la resistència dels conductors en qualsevol aparell.</div><div style=""padding: 5px 0;""><b>D)</b> Perquè una subtensió incrementa directament la freqüència i duplica la potència útil.</div></div></div>","<div style=""text-align: left; font-family: -apple-system, sans-serif;""><div style=""font-weight: bold; font-size: 16px; color: #10b981; margin-bottom: 8px;"">✓ Resposta Correcta: A</div><div style=""font-size: 14px; margin-bottom: 12px; padding: 10px; background: rgba(16,185,129,0.1); border-radius: 6px; border-left: 4px solid #10b981;"">A) Perquè poden augmentar el corrent per intentar mantenir la potència constant.</div><hr style=""border: 0; border-top: 1px solid #ddd; margin: 12px 0;""><div style=""font-size: 13px; color: #444; line-height: 1.4;""><b style=""color: #111;"">Explicació:</b> En alguns equips, una tensió inferior pot comportar més intensitat per mantenir la potència, amb risc de sobreescalfament.</div></div>","T11_-_Electricitat","16523"
"<div style=""text-align: left; font-family: -apple-system, sans-serif;""><div style=""font-size: 11px; color: #888; margin-bottom: 6px;"">[T11 - Electricitat] Pregunta 316</div><div style=""font-weight: bold; font-size: 16px; margin-bottom: 14px; line-height: 1.4;"">Com és la intensitat en tots els elements d’un circuit en sèrie?</div><div style=""font-size: 14px; line-height: 1.6;""><div style=""padding: 5px 0;""><b>A)</b> És la suma de les intensitats de totes les branques.</div><div style=""padding: 5px 0;""><b>B)</b> Coincideix amb la tensió de la font en cada receptor.</div><div style=""padding: 5px 0;""><b>C)</b> Té el mateix valor en tots els elements.</div><div style=""padding: 5px 0;""><b>D)</b> Es reparteix entre els receptors segons la seva resistència.</div></div></div>","<div style=""text-align: left; font-family: -apple-system, sans-serif;""><div style=""font-weight: bold; font-size: 16px; color: #10b981; margin-bottom: 8px;"">✓ Resposta Correcta: C</div><div style=""font-size: 14px; margin-bottom: 12px; padding: 10px; background: rgba(16,185,129,0.1); border-radius: 6px; border-left: 4px solid #10b981;"">C) Té el mateix valor en tots els elements.</div><hr style=""border: 0; border-top: 1px solid #ddd; margin: 12px 0;""><div style=""font-size: 13px; color: #444; line-height: 1.4;""><b style=""color: #111;"">Explicació:</b> Com que només hi ha un camí, la mateixa intensitat travessa tots els elements.</div></div>","T11_-_Electricitat","16329"
"<div style=""text-align: left; font-family: -apple-system, sans-serif;""><div style=""font-size: 11px; color: #888; margin-bottom: 6px;"">[T11 - Electricitat] Pregunta 317</div><div style=""font-weight: bold; font-size: 16px; margin-bottom: 14px; line-height: 1.4;"">Històricament, quin sentit es va atribuir al corrent elèctric?</div><div style=""font-size: 14px; line-height: 1.6;""><div style=""padding: 5px 0;""><b>A)</b> Del pol negatiu al pol positiu.</div><div style=""padding: 5px 0;""><b>B)</b> Del pol positiu al pol negatiu.</div><div style=""padding: 5px 0;""><b>C)</b> Del conductor cap a l’aïllant.</div><div style=""padding: 5px 0;""><b>D)</b> Del neutre cap a la fase.</div></div></div>","<div style=""text-align: left; font-family: -apple-system, sans-serif;""><div style=""font-weight: bold; font-size: 16px; color: #10b981; margin-bottom: 8px;"">✓ Resposta Correcta: B</div><div style=""font-size: 14px; margin-bottom: 12px; padding: 10px; background: rgba(16,185,129,0.1); border-radius: 6px; border-left: 4px solid #10b981;"">B) Del pol positiu al pol negatiu.</div><hr style=""border: 0; border-top: 1px solid #ddd; margin: 12px 0;""><div style=""font-size: 13px; color: #444; line-height: 1.4;""><b style=""color: #111;"">Explicació:</b> El sentit convencional es va establir abans de conèixer els electrons i va del positiu al negatiu.</div></div>","T11_-_Electricitat","14816"
"<div style=""text-align: left; font-family: -apple-system, sans-serif;""><div style=""font-size: 11px; color: #888; margin-bottom: 6px;"">[T11 - Electricitat] Pregunta 318</div><div style=""font-weight: bold; font-size: 16px; margin-bottom: 14px; line-height: 1.4;"">Què defineix un circuit mixt o complex dins de les connexions bàsiques?</div><div style=""font-size: 14px; line-height: 1.6;""><div style=""padding: 5px 0;""><b>A)</b> Té tots els receptors connectats en branques independents.</div><div style=""padding: 5px 0;""><b>B)</b> Combina seccions en sèrie i seccions en paral·lel.</div><div style=""padding: 5px 0;""><b>C)</b> No disposa de cap font de tensió ni de cap camí conductor.</div><div style=""padding: 5px 0;""><b>D)</b> Té tots els receptors connectats en un únic camí.</div></div></div>","<div style=""text-align: left; font-family: -apple-system, sans-serif;""><div style=""font-weight: bold; font-size: 16px; color: #10b981; margin-bottom: 8px;"">✓ Resposta Correcta: B</div><div style=""font-size: 14px; margin-bottom: 12px; padding: 10px; background: rgba(16,185,129,0.1); border-radius: 6px; border-left: 4px solid #10b981;"">B) Combina seccions en sèrie i seccions en paral·lel.</div><hr style=""border: 0; border-top: 1px solid #ddd; margin: 12px 0;""><div style=""font-size: 13px; color: #444; line-height: 1.4;""><b style=""color: #111;"">Explicació:</b> Els circuits mixtos combinen les dues configuracions bàsiques.</div></div>","T11_-_Electricitat","16359"
"<div style=""text-align: left; font-family: -apple-system, sans-serif;""><div style=""font-size: 11px; color: #888; margin-bottom: 6px;"">[T11 - Electricitat] Pregunta 319</div><div style=""font-weight: bold; font-size: 16px; margin-bottom: 14px; line-height: 1.4;"">Què determina principalment el comportament general d’un circuit amb diversos receptors?</div><div style=""font-size: 14px; line-height: 1.6;""><div style=""padding: 5px 0;""><b>A)</b> La posició gràfica dels receptors dins de l’esquema.</div><div style=""padding: 5px 0;""><b>B)</b> La manera com els elements estan connectats entre si.</div><div style=""padding: 5px 0;""><b>C)</b> La forma exterior de les càrregues connectades al circuit.</div><div style=""padding: 5px 0;""><b>D)</b> El nombre de símbols utilitzats per representar els conductors.</div></div></div>","<div style=""text-align: left; font-family: -apple-system, sans-serif;""><div style=""font-weight: bold; font-size: 16px; color: #10b981; margin-bottom: 8px;"">✓ Resposta Correcta: B</div><div style=""font-size: 14px; margin-bottom: 12px; padding: 10px; background: rgba(16,185,129,0.1); border-radius: 6px; border-left: 4px solid #10b981;"">B) La manera com els elements estan connectats entre si.</div><hr style=""border: 0; border-top: 1px solid #ddd; margin: 12px 0;""><div style=""font-size: 13px; color: #444; line-height: 1.4;""><b style=""color: #111;"">Explicació:</b> La connexió entre els elements condiciona com es reparteixen la tensió i la intensitat.</div></div>","T11_-_Electricitat","16326"
"<div style=""text-align: left; font-family: -apple-system, sans-serif;""><div style=""font-size: 11px; color: #888; margin-bottom: 6px;"">[T11 - Electricitat] Pregunta 320</div><div style=""font-weight: bold; font-size: 16px; margin-bottom: 14px; line-height: 1.4;"">Com es pot elevar o reduir la tensió en un transformador?</div><div style=""font-size: 14px; line-height: 1.6;""><div style=""padding: 5px 0;""><b>A)</b> Variant la secció del neutre mantenint les mateixes espires.</div><div style=""padding: 5px 0;""><b>B)</b> Variant la distància entre el transformador i la càrrega, mantenint les mateixes espires.</div><div style=""padding: 5px 0;""><b>C)</b> Variant el factor de potència sense modificar les bobines.</div><div style=""padding: 5px 0;""><b>D)</b> Variant el nombre d’espires de les bobines.</div></div></div>","<div style=""text-align: left; font-family: -apple-system, sans-serif;""><div style=""font-weight: bold; font-size: 16px; color: #10b981; margin-bottom: 8px;"">✓ Resposta Correcta: D</div><div style=""font-size: 14px; margin-bottom: 12px; padding: 10px; background: rgba(16,185,129,0.1); border-radius: 6px; border-left: 4px solid #10b981;"">D) Variant el nombre d’espires de les bobines.</div><hr style=""border: 0; border-top: 1px solid #ddd; margin: 12px 0;""><div style=""font-size: 13px; color: #444; line-height: 1.4;""><b style=""color: #111;"">Explicació:</b> La relació entre el nombre d’espires de primària i secundària determina si la tensió puja o baixa.</div></div>","T11_-_Electricitat","16482"
"<div style=""text-align: left; font-family: -apple-system, sans-serif;""><div style=""font-size: 11px; color: #888; margin-bottom: 6px;"">[T11 - Electricitat] Pregunta 321</div><div style=""font-weight: bold; font-size: 16px; margin-bottom: 14px; line-height: 1.4;"">Quina conversió és correcta?</div><div style=""font-size: 14px; line-height: 1.6;""><div style=""padding: 5px 0;""><b>A)</b> 100 Wh equivalen a 10 kWh.</div><div style=""padding: 5px 0;""><b>B)</b> 100 Wh equivalen a 100 kWh.</div><div style=""padding: 5px 0;""><b>C)</b> 100 Wh equivalen a 1 kWh.</div><div style=""padding: 5px 0;""><b>D)</b> 100 Wh equivalen a 0,1 kWh.</div></div></div>","<div style=""text-align: left; font-family: -apple-system, sans-serif;""><div style=""font-weight: bold; font-size: 16px; color: #10b981; margin-bottom: 8px;"">✓ Resposta Correcta: D</div><div style=""font-size: 14px; margin-bottom: 12px; padding: 10px; background: rgba(16,185,129,0.1); border-radius: 6px; border-left: 4px solid #10b981;"">D) 100 Wh equivalen a 0,1 kWh.</div><hr style=""border: 0; border-top: 1px solid #ddd; margin: 12px 0;""><div style=""font-size: 13px; color: #444; line-height: 1.4;""><b style=""color: #111;"">Explicació:</b> Per passar de Wh a kWh cal dividir per 1.000; per això 100 Wh són 0,1 kWh.</div></div>","T11_-_Electricitat","14872"
"<div style=""text-align: left; font-family: -apple-system, sans-serif;""><div style=""font-size: 11px; color: #888; margin-bottom: 6px;"">[T11 - Electricitat] Pregunta 322</div><div style=""font-weight: bold; font-size: 16px; margin-bottom: 14px; line-height: 1.4;"">Quina tensió cal aplicar perquè per una resistència de 6 Ω hi circulin 2 A?</div><div style=""font-size: 14px; line-height: 1.6;""><div style=""padding: 5px 0;""><b>A)</b> 12 V.</div><div style=""padding: 5px 0;""><b>B)</b> 4 V.</div><div style=""padding: 5px 0;""><b>C)</b> 3 V.</div><div style=""padding: 5px 0;""><b>D)</b> 8 V.</div></div></div>","<div style=""text-align: left; font-family: -apple-system, sans-serif;""><div style=""font-weight: bold; font-size: 16px; color: #10b981; margin-bottom: 8px;"">✓ Resposta Correcta: A</div><div style=""font-size: 14px; margin-bottom: 12px; padding: 10px; background: rgba(16,185,129,0.1); border-radius: 6px; border-left: 4px solid #10b981;"">A) 12 V.</div><hr style=""border: 0; border-top: 1px solid #ddd; margin: 12px 0;""><div style=""font-size: 13px; color: #444; line-height: 1.4;""><b style=""color: #111;"">Explicació:</b> La tensió és V = I × R, per tant 2 × 6 = 12 V.</div></div>","T11_-_Electricitat","14907"
"<div style=""text-align: left; font-family: -apple-system, sans-serif;""><div style=""font-size: 11px; color: #888; margin-bottom: 6px;"">[T11 - Electricitat] Pregunta 323</div><div style=""font-weight: bold; font-size: 16px; margin-bottom: 14px; line-height: 1.4;"">Quin consum d’intensitat s'associa a una bombeta LED petita?</div><div style=""font-size: 14px; line-height: 1.6;""><div style=""padding: 5px 0;""><b>A)</b> 50 - 500 A.</div><div style=""padding: 5px 0;""><b>B)</b> 0,02 - 0,1 A.</div><div style=""padding: 5px 0;""><b>C)</b> 8 - 12 A.</div><div style=""padding: 5px 0;""><b>D)</b> Centenars o milers d’amperes.</div></div></div>","<div style=""text-align: left; font-family: -apple-system, sans-serif;""><div style=""font-weight: bold; font-size: 16px; color: #10b981; margin-bottom: 8px;"">✓ Resposta Correcta: B</div><div style=""font-size: 14px; margin-bottom: 12px; padding: 10px; background: rgba(16,185,129,0.1); border-radius: 6px; border-left: 4px solid #10b981;"">B) 0,02 - 0,1 A.</div><hr style=""border: 0; border-top: 1px solid #ddd; margin: 12px 0;""><div style=""font-size: 13px; color: #444; line-height: 1.4;""><b style=""color: #111;"">Explicació:</b> L’exemple del manual situa una bombeta LED petita en un rang aproximat de 0,02 a 0,1 A.</div></div>","T11_-_Electricitat","14842"
"<div style=""text-align: left; font-family: -apple-system, sans-serif;""><div style=""font-size: 11px; color: #888; margin-bottom: 6px;"">[T11 - Electricitat] Pregunta 324</div><div style=""font-weight: bold; font-size: 16px; margin-bottom: 14px; line-height: 1.4;"">Per què una bateria que perd tensió durant la descàrrega continua subministrant corrent continu?</div><div style=""font-size: 14px; line-height: 1.6;""><div style=""padding: 5px 0;""><b>A)</b> Perquè el sentit del corrent s’inverteix dues vegades a cada cicle de descàrrega.</div><div style=""padding: 5px 0;""><b>B)</b> Perquè la tensió disminueix de forma sinusoidal però conserva el valor eficaç.</div><div style=""padding: 5px 0;""><b>C)</b> Perquè la polaritat es manté encara que disminueixi la tensió.</div><div style=""padding: 5px 0;""><b>D)</b> Perquè la intensitat es manté constant durant tota la descàrrega.</div></div></div>","<div style=""text-align: left; font-family: -apple-system, sans-serif;""><div style=""font-weight: bold; font-size: 16px; color: #10b981; margin-bottom: 8px;"">✓ Resposta Correcta: C</div><div style=""font-size: 14px; margin-bottom: 12px; padding: 10px; background: rgba(16,185,129,0.1); border-radius: 6px; border-left: 4px solid #10b981;"">C) Perquè la polaritat es manté encara que disminueixi la tensió.</div><hr style=""border: 0; border-top: 1px solid #ddd; margin: 12px 0;""><div style=""font-size: 13px; color: #444; line-height: 1.4;""><b style=""color: #111;"">Explicació:</b> Una variació de tensió no converteix el corrent en altern si la polaritat no canvia.</div></div>","T11_-_Electricitat","16381"
"<div style=""text-align: left; font-family: -apple-system, sans-serif;""><div style=""font-size: 11px; color: #888; margin-bottom: 6px;"">[T11 - Electricitat] Pregunta 325</div><div style=""font-weight: bold; font-size: 16px; margin-bottom: 14px; line-height: 1.4;"">Què passa amb part de l’energia en una càrrega inductiva?</div><div style=""font-size: 14px; line-height: 1.6;""><div style=""padding: 5px 0;""><b>A)</b> Es transforma directament en calor sense cap emmagatzematge temporal.</div><div style=""padding: 5px 0;""><b>B)</b> Es converteix tota en potència activa abans que circuli corrent.</div><div style=""padding: 5px 0;""><b>C)</b> S’emmagatzema temporalment en un camp elèctric i es retorna íntegrament al sistema.</div><div style=""padding: 5px 0;""><b>D)</b> S’emmagatzema temporalment en un camp magnètic i es retorna parcialment al sistema.</div></div></div>","<div style=""text-align: left; font-family: -apple-system, sans-serif;""><div style=""font-weight: bold; font-size: 16px; color: #10b981; margin-bottom: 8px;"">✓ Resposta Correcta: D</div><div style=""font-size: 14px; margin-bottom: 12px; padding: 10px; background: rgba(16,185,129,0.1); border-radius: 6px; border-left: 4px solid #10b981;"">D) S’emmagatzema temporalment en un camp magnètic i es retorna parcialment al sistema.</div><hr style=""border: 0; border-top: 1px solid #ddd; margin: 12px 0;""><div style=""font-size: 13px; color: #444; line-height: 1.4;""><b style=""color: #111;"">Explicació:</b> El camp magnètic de la càrrega inductiva emmagatzema energia temporalment i en retorna una part.</div></div>","T11_-_Electricitat","16432"
"<div style=""text-align: left; font-family: -apple-system, sans-serif;""><div style=""font-size: 11px; color: #888; margin-bottom: 6px;"">[T11 - Electricitat] Pregunta 326</div><div style=""font-weight: bold; font-size: 16px; margin-bottom: 14px; line-height: 1.4;"">Per què un factor de potència baix augmenta les pèrdues en línies i transformadors?</div><div style=""font-size: 14px; line-height: 1.6;""><div style=""padding: 5px 0;""><b>A)</b> Perquè la freqüència augmenta automàticament per sobre de 50 Hz.</div><div style=""padding: 5px 0;""><b>B)</b> Perquè les pèrdues depenen principalment del quadrat de la tensió.</div><div style=""padding: 5px 0;""><b>C)</b> Perquè les pèrdues augmenten amb el quadrat de la intensitat.</div><div style=""padding: 5px 0;""><b>D)</b> Perquè la potència activa es transforma íntegrament en potència reactiva.</div></div></div>","<div style=""text-align: left; font-family: -apple-system, sans-serif;""><div style=""font-weight: bold; font-size: 16px; color: #10b981; margin-bottom: 8px;"">✓ Resposta Correcta: C</div><div style=""font-size: 14px; margin-bottom: 12px; padding: 10px; background: rgba(16,185,129,0.1); border-radius: 6px; border-left: 4px solid #10b981;"">C) Perquè les pèrdues augmenten amb el quadrat de la intensitat.</div><hr style=""border: 0; border-top: 1px solid #ddd; margin: 12px 0;""><div style=""font-size: 13px; color: #444; line-height: 1.4;""><b style=""color: #111;"">Explicació:</b> L’augment de corrent associat a un factor de potència baix eleva les pèrdues dependents d’I².</div></div>","T11_-_Electricitat","16447"
"<div style=""text-align: left; font-family: -apple-system, sans-serif;""><div style=""font-size: 11px; color: #888; margin-bottom: 6px;"">[T11 - Electricitat] Pregunta 327</div><div style=""font-weight: bold; font-size: 16px; margin-bottom: 14px; line-height: 1.4;"">En quines unitats s’expressa la potència reactiva?</div><div style=""font-size: 14px; line-height: 1.6;""><div style=""padding: 5px 0;""><b>A)</b> Volts (V) o kilovolts (kV), unitats utilitzades per expressar la tensió elèctrica.</div><div style=""padding: 5px 0;""><b>B)</b> Watts (W) o kilowatts (kW), unitats utilitzades per expressar la potència activa o real.</div><div style=""padding: 5px 0;""><b>C)</b> Volt-amperes (VA) o kilovolt-amperes (kVA), unitats utilitzades per expressar la potència aparent.</div><div style=""padding: 5px 0;""><b>D)</b> Volt-amperes reactius (var) o kilovolt-amperes reactius (kvar), unitats de potència reactiva.</div></div></div>","<div style=""text-align: left; font-family: -apple-system, sans-serif;""><div style=""font-weight: bold; font-size: 16px; color: #10b981; margin-bottom: 8px;"">✓ Resposta Correcta: D</div><div style=""font-size: 14px; margin-bottom: 12px; padding: 10px; background: rgba(16,185,129,0.1); border-radius: 6px; border-left: 4px solid #10b981;"">D) Volt-amperes reactius (var) o kilovolt-amperes reactius (kvar), unitats de potència reactiva.</div><hr style=""border: 0; border-top: 1px solid #ddd; margin: 12px 0;""><div style=""font-size: 13px; color: #444; line-height: 1.4;""><b style=""color: #111;"">Explicació:</b> La potència reactiva s’expressa en var o kvar, diferenciant-la de la potència activa en W i de l’aparent en VA.</div></div>","T11_-_Electricitat","16440"
"<div style=""text-align: left; font-family: -apple-system, sans-serif;""><div style=""font-size: 11px; color: #888; margin-bottom: 6px;"">[T11 - Electricitat] Pregunta 328</div><div style=""font-weight: bold; font-size: 16px; margin-bottom: 14px; line-height: 1.4;"">Què passa amb el camp magnètic si el corrent que circula pel conductor és variable?</div><div style=""font-size: 14px; line-height: 1.6;""><div style=""padding: 5px 0;""><b>A)</b> El camp magnètic varia quan canvia la secció del conductor, encara que el corrent sigui constant.</div><div style=""padding: 5px 0;""><b>B)</b> El camp magnètic conserva la mateixa intensitat encara que variï el corrent.</div><div style=""padding: 5px 0;""><b>C)</b> El camp magnètic generat també varia amb el corrent.</div><div style=""padding: 5px 0;""><b>D)</b> El camp magnètic es transforma en un camp elèctric constant.</div></div></div>","<div style=""text-align: left; font-family: -apple-system, sans-serif;""><div style=""font-weight: bold; font-size: 16px; color: #10b981; margin-bottom: 8px;"">✓ Resposta Correcta: C</div><div style=""font-size: 14px; margin-bottom: 12px; padding: 10px; background: rgba(16,185,129,0.1); border-radius: 6px; border-left: 4px solid #10b981;"">C) El camp magnètic generat també varia amb el corrent.</div><hr style=""border: 0; border-top: 1px solid #ddd; margin: 12px 0;""><div style=""font-size: 13px; color: #444; line-height: 1.4;""><b style=""color: #111;"">Explicació:</b> Si el corrent varia amb el temps, el camp magnètic que genera també és variable.</div></div>","T11_-_Electricitat","16464"
"<div style=""text-align: left; font-family: -apple-system, sans-serif;""><div style=""font-size: 11px; color: #888; margin-bottom: 6px;"">[T11 - Electricitat] Pregunta 329</div><div style=""font-weight: bold; font-size: 16px; margin-bottom: 14px; line-height: 1.4;"">Quin conjunt correspon als quatre components essencials d’un circuit elèctric simple?</div><div style=""font-size: 14px; line-height: 1.6;""><div style=""padding: 5px 0;""><b>A)</b> Font de tensió, diferencial, magnetotèrmic i receptor.</div><div style=""padding: 5px 0;""><b>B)</b> Font de tensió, receptor, resistència equivalent i presa de terra.</div><div style=""padding: 5px 0;""><b>C)</b> Conductors, receptor, transformador i element de control.</div><div style=""padding: 5px 0;""><b>D)</b> Font de tensió, conductors, receptor i element de control.</div></div></div>","<div style=""text-align: left; font-family: -apple-system, sans-serif;""><div style=""font-weight: bold; font-size: 16px; color: #10b981; margin-bottom: 8px;"">✓ Resposta Correcta: D</div><div style=""font-size: 14px; margin-bottom: 12px; padding: 10px; background: rgba(16,185,129,0.1); border-radius: 6px; border-left: 4px solid #10b981;"">D) Font de tensió, conductors, receptor i element de control.</div><hr style=""border: 0; border-top: 1px solid #ddd; margin: 12px 0;""><div style=""font-size: 13px; color: #444; line-height: 1.4;""><b style=""color: #111;"">Explicació:</b> El circuit simple es descriu amb font, conductors, receptor i interruptor o element de control.</div></div>","T11_-_Electricitat","16312"
"<div style=""text-align: left; font-family: -apple-system, sans-serif;""><div style=""font-size: 11px; color: #888; margin-bottom: 6px;"">[T11 - Electricitat] Pregunta 330</div><div style=""font-weight: bold; font-size: 16px; margin-bottom: 14px; line-height: 1.4;"">Quin avantatge té el sistema trifàsic en el transport d’una mateixa potència?</div><div style=""font-size: 14px; line-height: 1.6;""><div style=""padding: 5px 0;""><b>A)</b> Necessita més secció de conductor perquè cada fase transporta tota la potència.</div><div style=""padding: 5px 0;""><b>B)</b> Redueix la tensió de línia per disminuir el nombre de conductors necessaris.</div><div style=""padding: 5px 0;""><b>C)</b> Requereix conductors més gruixuts que el monofàsic per mantenir el desfasament.</div><div style=""padding: 5px 0;""><b>D)</b> Pot transportar més potència amb menys secció total de conductor.</div></div></div>","<div style=""text-align: left; font-family: -apple-system, sans-serif;""><div style=""font-weight: bold; font-size: 16px; color: #10b981; margin-bottom: 8px;"">✓ Resposta Correcta: D</div><div style=""font-size: 14px; margin-bottom: 12px; padding: 10px; background: rgba(16,185,129,0.1); border-radius: 6px; border-left: 4px solid #10b981;"">D) Pot transportar més potència amb menys secció total de conductor.</div><hr style=""border: 0; border-top: 1px solid #ddd; margin: 12px 0;""><div style=""font-size: 13px; color: #444; line-height: 1.4;""><b style=""color: #111;"">Explicació:</b> El trifàsic aprofita millor els conductors i permet transportar potència elevada amb menys material.</div></div>","T11_-_Electricitat","16412"
"<div style=""text-align: left; font-family: -apple-system, sans-serif;""><div style=""font-size: 11px; color: #888; margin-bottom: 6px;"">[T11 - Electricitat] Pregunta 331</div><div style=""font-weight: bold; font-size: 16px; margin-bottom: 14px; line-height: 1.4;"">Per què el transformador descrit necessita corrent altern per funcionar?</div><div style=""font-size: 14px; line-height: 1.6;""><div style=""padding: 5px 0;""><b>A)</b> Perquè l’AC redueix la resistència de les bobines fins que el corrent passa directament entre elles.</div><div style=""padding: 5px 0;""><b>B)</b> Perquè l’AC connecta elèctricament la primària i la secundària a cada canvi de polaritat.</div><div style=""padding: 5px 0;""><b>C)</b> Perquè l’AC crea un camp magnètic variable capaç d’induir corrent a la bobina secundària.</div><div style=""padding: 5px 0;""><b>D)</b> Perquè l’AC manté un camp magnètic constant que transfereix energia sense variació.</div></div></div>","<div style=""text-align: left; font-family: -apple-system, sans-serif;""><div style=""font-weight: bold; font-size: 16px; color: #10b981; margin-bottom: 8px;"">✓ Resposta Correcta: C</div><div style=""font-size: 14px; margin-bottom: 12px; padding: 10px; background: rgba(16,185,129,0.1); border-radius: 6px; border-left: 4px solid #10b981;"">C) Perquè l’AC crea un camp magnètic variable capaç d’induir corrent a la bobina secundària.</div><hr style=""border: 0; border-top: 1px solid #ddd; margin: 12px 0;""><div style=""font-size: 13px; color: #444; line-height: 1.4;""><b style=""color: #111;"">Explicació:</b> La inducció a la secundària requereix un camp magnètic variable, generat en la primària per corrent altern.</div></div>","T11_-_Electricitat","16481"
"<div style=""text-align: left; font-family: -apple-system, sans-serif;""><div style=""font-size: 11px; color: #888; margin-bottom: 6px;"">[T11 - Electricitat] Pregunta 332</div><div style=""font-weight: bold; font-size: 16px; margin-bottom: 14px; line-height: 1.4;"">Quina fórmula permet calcular la tensió a partir de la intensitat i la resistència?</div><div style=""font-size: 14px; line-height: 1.6;""><div style=""padding: 5px 0;""><b>A)</b> V = I × R.</div><div style=""padding: 5px 0;""><b>B)</b> V = I + R.</div><div style=""padding: 5px 0;""><b>C)</b> V = I / R.</div><div style=""padding: 5px 0;""><b>D)</b> V = R / I.</div></div></div>","<div style=""text-align: left; font-family: -apple-system, sans-serif;""><div style=""font-weight: bold; font-size: 16px; color: #10b981; margin-bottom: 8px;"">✓ Resposta Correcta: A</div><div style=""font-size: 14px; margin-bottom: 12px; padding: 10px; background: rgba(16,185,129,0.1); border-radius: 6px; border-left: 4px solid #10b981;"">A) V = I × R.</div><hr style=""border: 0; border-top: 1px solid #ddd; margin: 12px 0;""><div style=""font-size: 13px; color: #444; line-height: 1.4;""><b style=""color: #111;"">Explicació:</b> Reordenant la llei d’Ohm, la tensió és el producte de la intensitat per la resistència.</div></div>","T11_-_Electricitat","14895"
"<div style=""text-align: left; font-family: -apple-system, sans-serif;""><div style=""font-size: 11px; color: #888; margin-bottom: 6px;"">[T11 - Electricitat] Pregunta 333</div><div style=""font-weight: bold; font-size: 16px; margin-bottom: 14px; line-height: 1.4;"">A igual tensió, què passa si augmenta la resistència?</div><div style=""font-size: 14px; line-height: 1.6;""><div style=""padding: 5px 0;""><b>A)</b> La resistència es converteix en potència.</div><div style=""padding: 5px 0;""><b>B)</b> La tensió passa a ser zero.</div><div style=""padding: 5px 0;""><b>C)</b> La intensitat disminueix.</div><div style=""padding: 5px 0;""><b>D)</b> La intensitat augmenta en la mateixa proporció.</div></div></div>","<div style=""text-align: left; font-family: -apple-system, sans-serif;""><div style=""font-weight: bold; font-size: 16px; color: #10b981; margin-bottom: 8px;"">✓ Resposta Correcta: C</div><div style=""font-size: 14px; margin-bottom: 12px; padding: 10px; background: rgba(16,185,129,0.1); border-radius: 6px; border-left: 4px solid #10b981;"">C) La intensitat disminueix.</div><hr style=""border: 0; border-top: 1px solid #ddd; margin: 12px 0;""><div style=""font-size: 13px; color: #444; line-height: 1.4;""><b style=""color: #111;"">Explicació:</b> Amb la tensió constant, més resistència implica menys intensitat.</div></div>","T11_-_Electricitat","14898"
"<div style=""text-align: left; font-family: -apple-system, sans-serif;""><div style=""font-size: 11px; color: #888; margin-bottom: 6px;"">[T11 - Electricitat] Pregunta 334</div><div style=""font-weight: bold; font-size: 16px; margin-bottom: 14px; line-height: 1.4;"">Quina conseqüència poden tenir les contraccions musculars causades per un xoc elèctric?</div><div style=""font-size: 14px; line-height: 1.6;""><div style=""padding: 5px 0;""><b>A)</b> Facilitar l’alliberament del contacte perquè la musculatura es relaxa en rebre corrent.</div><div style=""padding: 5px 0;""><b>B)</b> Reduir el risc de caiguda perquè la contracció immobilitza de manera estable les articulacions.</div><div style=""padding: 5px 0;""><b>C)</b> Impedir que la persona es deixi anar de l’element en tensió i provocar caigudes.</div><div style=""padding: 5px 0;""><b>D)</b> Augmentar la resistència corporal fins a interrompre el corrent abans que apareguin altres efectes.</div></div></div>","<div style=""text-align: left; font-family: -apple-system, sans-serif;""><div style=""font-weight: bold; font-size: 16px; color: #10b981; margin-bottom: 8px;"">✓ Resposta Correcta: C</div><div style=""font-size: 14px; margin-bottom: 12px; padding: 10px; background: rgba(16,185,129,0.1); border-radius: 6px; border-left: 4px solid #10b981;"">C) Impedir que la persona es deixi anar de l’element en tensió i provocar caigudes.</div><hr style=""border: 0; border-top: 1px solid #ddd; margin: 12px 0;""><div style=""font-size: 13px; color: #444; line-height: 1.4;""><b style=""color: #111;"">Explicació:</b> Les contraccions poden ser violentes i incontrolables, dificultar l’alliberament del contacte i provocar caigudes.</div></div>","T11_-_Electricitat","16492"
"<div style=""text-align: left; font-family: -apple-system, sans-serif;""><div style=""font-size: 11px; color: #888; margin-bottom: 6px;"">[T11 - Electricitat] Pregunta 335</div><div style=""font-weight: bold; font-size: 16px; margin-bottom: 14px; line-height: 1.4;"">Què fan els electrons en corrent altern?</div><div style=""font-size: 14px; line-height: 1.6;""><div style=""padding: 5px 0;""><b>A)</b> Avancen en un sentit o altre segons l’interruptor des del qual s’ha tancat el circuit.</div><div style=""padding: 5px 0;""><b>B)</b> Canvien de sentit periòdicament.</div><div style=""padding: 5px 0;""><b>C)</b> Es mantenen en repòs i només generen camp elèctric.</div><div style=""padding: 5px 0;""><b>D)</b> Avancen sempre del negatiu al positiu sense invertir-se.</div></div></div>","<div style=""text-align: left; font-family: -apple-system, sans-serif;""><div style=""font-weight: bold; font-size: 16px; color: #10b981; margin-bottom: 8px;"">✓ Resposta Correcta: B</div><div style=""font-size: 14px; margin-bottom: 12px; padding: 10px; background: rgba(16,185,129,0.1); border-radius: 6px; border-left: 4px solid #10b981;"">B) Canvien de sentit periòdicament.</div><hr style=""border: 0; border-top: 1px solid #ddd; margin: 12px 0;""><div style=""font-size: 13px; color: #444; line-height: 1.4;""><b style=""color: #111;"">Explicació:</b> En corrent altern, els electrons inverteixen periòdicament el sentit del seu flux.</div></div>","T11_-_Electricitat","14820"
"<div style=""text-align: left; font-family: -apple-system, sans-serif;""><div style=""font-size: 11px; color: #888; margin-bottom: 6px;"">[T11 - Electricitat] Pregunta 336</div><div style=""font-weight: bold; font-size: 16px; margin-bottom: 14px; line-height: 1.4;"">Quina associació completa és correcta en el símil hidràulic?</div><div style=""font-size: 14px; line-height: 1.6;""><div style=""padding: 5px 0;""><b>A)</b> Font–bomba, interruptor–turbina i motor–vàlvula.</div><div style=""padding: 5px 0;""><b>B)</b> Font–turbina, interruptor–bomba i motor–vàlvula.</div><div style=""padding: 5px 0;""><b>C)</b> Font–bomba, interruptor–vàlvula i motor–turbina.</div><div style=""padding: 5px 0;""><b>D)</b> Font–vàlvula, interruptor–turbina i motor–bomba.</div></div></div>","<div style=""text-align: left; font-family: -apple-system, sans-serif;""><div style=""font-weight: bold; font-size: 16px; color: #10b981; margin-bottom: 8px;"">✓ Resposta Correcta: C</div><div style=""font-size: 14px; margin-bottom: 12px; padding: 10px; background: rgba(16,185,129,0.1); border-radius: 6px; border-left: 4px solid #10b981;"">C) Font–bomba, interruptor–vàlvula i motor–turbina.</div><hr style=""border: 0; border-top: 1px solid #ddd; margin: 12px 0;""><div style=""font-size: 13px; color: #444; line-height: 1.4;""><b style=""color: #111;"">Explicació:</b> La bomba impulsa, la vàlvula controla el pas i la turbina actua com a receptor, igual que font, interruptor i motor.</div></div>","T11_-_Electricitat","16378"
"<div style=""text-align: left; font-family: -apple-system, sans-serif;""><div style=""font-size: 11px; color: #888; margin-bottom: 6px;"">[T11 - Electricitat] Pregunta 337</div><div style=""font-weight: bold; font-size: 16px; margin-bottom: 14px; line-height: 1.4;"">Amb quin tipus de corrent funcionen els circuits integrats i microprocessadors?</div><div style=""font-size: 14px; line-height: 1.6;""><div style=""padding: 5px 0;""><b>A)</b> Amb corrent altern trifàsic de baixa tensió.</div><div style=""padding: 5px 0;""><b>B)</b> Amb corrent continu de baixa tensió.</div><div style=""padding: 5px 0;""><b>C)</b> Amb corrent altern monofàsic de baixa tensió.</div><div style=""padding: 5px 0;""><b>D)</b> Amb corrent continu d’alta tensió per alimentar directament els motors.</div></div></div>","<div style=""text-align: left; font-family: -apple-system, sans-serif;""><div style=""font-weight: bold; font-size: 16px; color: #10b981; margin-bottom: 8px;"">✓ Resposta Correcta: B</div><div style=""font-size: 14px; margin-bottom: 12px; padding: 10px; background: rgba(16,185,129,0.1); border-radius: 6px; border-left: 4px solid #10b981;"">B) Amb corrent continu de baixa tensió.</div><hr style=""border: 0; border-top: 1px solid #ddd; margin: 12px 0;""><div style=""font-size: 13px; color: #444; line-height: 1.4;""><b style=""color: #111;"">Explicació:</b> L’electrònica digital utilitza habitualment corrent continu de baixa tensió.</div></div>","T11_-_Electricitat","16384"
"<div style=""text-align: left; font-family: -apple-system, sans-serif;""><div style=""font-size: 11px; color: #888; margin-bottom: 6px;"">[T11 - Electricitat] Pregunta 338</div><div style=""font-weight: bold; font-size: 16px; margin-bottom: 14px; line-height: 1.4;"">Quin efecte dels sistemes trifàsics facilita motors robustos, eficients i amb arrencades suaus?</div><div style=""font-size: 14px; line-height: 1.6;""><div style=""padding: 5px 0;""><b>A)</b> La generació d’un camp magnètic fix alineat amb una única fase.</div><div style=""padding: 5px 0;""><b>B)</b> La cancel·lació dels camps magnètics de les tres fases en tot moment.</div><div style=""padding: 5px 0;""><b>C)</b> La generació d’un camp elèctric constant independent de la càrrega del motor.</div><div style=""padding: 5px 0;""><b>D)</b> La generació de camps magnètics rotatoris a partir de les tres fases desfasades.</div></div></div>","<div style=""text-align: left; font-family: -apple-system, sans-serif;""><div style=""font-weight: bold; font-size: 16px; color: #10b981; margin-bottom: 8px;"">✓ Resposta Correcta: D</div><div style=""font-size: 14px; margin-bottom: 12px; padding: 10px; background: rgba(16,185,129,0.1); border-radius: 6px; border-left: 4px solid #10b981;"">D) La generació de camps magnètics rotatoris a partir de les tres fases desfasades.</div><hr style=""border: 0; border-top: 1px solid #ddd; margin: 12px 0;""><div style=""font-size: 13px; color: #444; line-height: 1.4;""><b style=""color: #111;"">Explicació:</b> Les fases desfasades del sistema trifàsic creen camps magnètics rotatoris, molt adequats per a motors robustos i eficients.</div></div>","T11_-_Electricitat","16414"
"<div style=""text-align: left; font-family: -apple-system, sans-serif;""><div style=""font-size: 11px; color: #888; margin-bottom: 6px;"">[T11 - Electricitat] Pregunta 339</div><div style=""font-weight: bold; font-size: 16px; margin-bottom: 14px; line-height: 1.4;"">En un circuit elèctric, quin terme és equivalent a diferència de potencial?</div><div style=""font-size: 14px; line-height: 1.6;""><div style=""padding: 5px 0;""><b>A)</b> Tensió o voltatge.</div><div style=""padding: 5px 0;""><b>B)</b> Intensitat o corrent.</div><div style=""padding: 5px 0;""><b>C)</b> Resistència equivalent.</div><div style=""padding: 5px 0;""><b>D)</b> Potència elèctrica.</div></div></div>","<div style=""text-align: left; font-family: -apple-system, sans-serif;""><div style=""font-weight: bold; font-size: 16px; color: #10b981; margin-bottom: 8px;"">✓ Resposta Correcta: A</div><div style=""font-size: 14px; margin-bottom: 12px; padding: 10px; background: rgba(16,185,129,0.1); border-radius: 6px; border-left: 4px solid #10b981;"">A) Tensió o voltatge.</div><hr style=""border: 0; border-top: 1px solid #ddd; margin: 12px 0;""><div style=""font-size: 13px; color: #444; line-height: 1.4;""><b style=""color: #111;"">Explicació:</b> La tensió, el voltatge i la diferència de potencial designen la mateixa magnitud en aquest context.</div></div>","T11_-_Electricitat","16306"
"<div style=""text-align: left; font-family: -apple-system, sans-serif;""><div style=""font-size: 11px; color: #888; margin-bottom: 6px;"">[T11 - Electricitat] Pregunta 340</div><div style=""font-weight: bold; font-size: 16px; margin-bottom: 14px; line-height: 1.4;"">Quin conjunt està format només per materials aïllants?</div><div style=""font-size: 14px; line-height: 1.6;""><div style=""padding: 5px 0;""><b>A)</b> Metalls, plàstic i alumini.</div><div style=""padding: 5px 0;""><b>B)</b> Coure, alumini i aigua amb sals.</div><div style=""padding: 5px 0;""><b>C)</b> Silici, germani i coure.</div><div style=""padding: 5px 0;""><b>D)</b> Plàstic, goma, vidre i ceràmica.</div></div></div>","<div style=""text-align: left; font-family: -apple-system, sans-serif;""><div style=""font-weight: bold; font-size: 16px; color: #10b981; margin-bottom: 8px;"">✓ Resposta Correcta: D</div><div style=""font-size: 14px; margin-bottom: 12px; padding: 10px; background: rgba(16,185,129,0.1); border-radius: 6px; border-left: 4px solid #10b981;"">D) Plàstic, goma, vidre i ceràmica.</div><hr style=""border: 0; border-top: 1px solid #ddd; margin: 12px 0;""><div style=""font-size: 13px; color: #444; line-height: 1.4;""><b style=""color: #111;"">Explicació:</b> El plàstic, la goma, el vidre i la ceràmica són exemples d’aïllants.</div></div>","T11_-_Electricitat","14828"
"<div style=""text-align: left; font-family: -apple-system, sans-serif;""><div style=""font-size: 11px; color: #888; margin-bottom: 6px;"">[T11 - Electricitat] Pregunta 341</div><div style=""font-weight: bold; font-size: 16px; margin-bottom: 14px; line-height: 1.4;"">En el símil hidràulic, què correspon a un circuit elèctric tancat?</div><div style=""font-size: 14px; line-height: 1.6;""><div style=""padding: 5px 0;""><b>A)</b> Una vàlvula tancada, sense circulació d’aigua.</div><div style=""padding: 5px 0;""><b>B)</b> Una bomba aturada amb el pas bloquejat.</div><div style=""padding: 5px 0;""><b>C)</b> Una vàlvula oberta, amb circulació d’aigua.</div><div style=""padding: 5px 0;""><b>D)</b> Una canonada interrompuda abans de la turbina.</div></div></div>","<div style=""text-align: left; font-family: -apple-system, sans-serif;""><div style=""font-weight: bold; font-size: 16px; color: #10b981; margin-bottom: 8px;"">✓ Resposta Correcta: C</div><div style=""font-size: 14px; margin-bottom: 12px; padding: 10px; background: rgba(16,185,129,0.1); border-radius: 6px; border-left: 4px solid #10b981;"">C) Una vàlvula oberta, amb circulació d’aigua.</div><hr style=""border: 0; border-top: 1px solid #ddd; margin: 12px 0;""><div style=""font-size: 13px; color: #444; line-height: 1.4;""><b style=""color: #111;"">Explicació:</b> Circuit tancat significa camí continu; en hidràulica s’assimila a una vàlvula oberta.</div></div>","T11_-_Electricitat","16371"
"<div style=""text-align: left; font-family: -apple-system, sans-serif;""><div style=""font-size: 11px; color: #888; margin-bottom: 6px;"">[T11 - Electricitat] Pregunta 342</div><div style=""font-weight: bold; font-size: 16px; margin-bottom: 14px; line-height: 1.4;"">Una bombeta de 10 W encesa durant 10 hores consumeix:</div><div style=""font-size: 14px; line-height: 1.6;""><div style=""padding: 5px 0;""><b>A)</b> 0,1 kWh.</div><div style=""padding: 5px 0;""><b>B)</b> 10 kWh.</div><div style=""padding: 5px 0;""><b>C)</b> 10 Wh.</div><div style=""padding: 5px 0;""><b>D)</b> 1 kWh.</div></div></div>","<div style=""text-align: left; font-family: -apple-system, sans-serif;""><div style=""font-weight: bold; font-size: 16px; color: #10b981; margin-bottom: 8px;"">✓ Resposta Correcta: A</div><div style=""font-size: 14px; margin-bottom: 12px; padding: 10px; background: rgba(16,185,129,0.1); border-radius: 6px; border-left: 4px solid #10b981;"">A) 0,1 kWh.</div><hr style=""border: 0; border-top: 1px solid #ddd; margin: 12px 0;""><div style=""font-size: 13px; color: #444; line-height: 1.4;""><b style=""color: #111;"">Explicació:</b> L’energia és potència multiplicada per temps: 10 W × 10 h = 100 Wh = 0,1 kWh.</div></div>","T11_-_Electricitat","14870"
"<div style=""text-align: left; font-family: -apple-system, sans-serif;""><div style=""font-size: 11px; color: #888; margin-bottom: 6px;"">[T11 - Electricitat] Pregunta 343</div><div style=""font-weight: bold; font-size: 16px; margin-bottom: 14px; line-height: 1.4;"">Quina afirmació sobre la relació entre tensió, intensitat i resistència és correcta?</div><div style=""font-size: 14px; line-height: 1.6;""><div style=""padding: 5px 0;""><b>A)</b> La tensió és el resultat de multiplicar intensitat i resistència.</div><div style=""padding: 5px 0;""><b>B)</b> La intensitat és el resultat de dividir resistència entre tensió.</div><div style=""padding: 5px 0;""><b>C)</b> La tensió és el resultat de dividir la intensitat entre la resistència.</div><div style=""padding: 5px 0;""><b>D)</b> La resistència és el resultat de multiplicar tensió i intensitat.</div></div></div>","<div style=""text-align: left; font-family: -apple-system, sans-serif;""><div style=""font-weight: bold; font-size: 16px; color: #10b981; margin-bottom: 8px;"">✓ Resposta Correcta: A</div><div style=""font-size: 14px; margin-bottom: 12px; padding: 10px; background: rgba(16,185,129,0.1); border-radius: 6px; border-left: 4px solid #10b981;"">A) La tensió és el resultat de multiplicar intensitat i resistència.</div><hr style=""border: 0; border-top: 1px solid #ddd; margin: 12px 0;""><div style=""font-size: 13px; color: #444; line-height: 1.4;""><b style=""color: #111;"">Explicació:</b> Una de les formes derivades de la llei d’Ohm és V = I × R.</div></div>","T11_-_Electricitat","14910"
"<div style=""text-align: left; font-family: -apple-system, sans-serif;""><div style=""font-size: 11px; color: #888; margin-bottom: 6px;"">[T11 - Electricitat] Pregunta 344</div><div style=""font-weight: bold; font-size: 16px; margin-bottom: 14px; line-height: 1.4;"">Quins valors es consideren tensions segures si l’ambient és humit o la pell pot estar mullada?</div><div style=""font-size: 14px; line-height: 1.6;""><div style=""padding: 5px 0;""><b>A)</b> Per sota de 30 V AC i 120 V DC.</div><div style=""padding: 5px 0;""><b>B)</b> Per sota de 25 V DC i 60 V AC.</div><div style=""padding: 5px 0;""><b>C)</b> Per sota de 25 V AC i 60 V DC.</div><div style=""padding: 5px 0;""><b>D)</b> Per sota de 50 V AC i 120 V DC.</div></div></div>","<div style=""text-align: left; font-family: -apple-system, sans-serif;""><div style=""font-weight: bold; font-size: 16px; color: #10b981; margin-bottom: 8px;"">✓ Resposta Correcta: C</div><div style=""font-size: 14px; margin-bottom: 12px; padding: 10px; background: rgba(16,185,129,0.1); border-radius: 6px; border-left: 4px solid #10b981;"">C) Per sota de 25 V AC i 60 V DC.</div><hr style=""border: 0; border-top: 1px solid #ddd; margin: 12px 0;""><div style=""font-size: 13px; color: #444; line-height: 1.4;""><b style=""color: #111;"">Explicació:</b> La menor resistència en condicions humides fa reduir els límits indicats a 25 V AC i 60 V DC.</div></div>","T11_-_Electricitat","16500"
"<div style=""text-align: left; font-family: -apple-system, sans-serif;""><div style=""font-size: 11px; color: #888; margin-bottom: 6px;"">[T11 - Electricitat] Pregunta 345</div><div style=""font-weight: bold; font-size: 16px; margin-bottom: 14px; line-height: 1.4;"">Quines equacions s’associen principalment a l’electromagnetisme?</div><div style=""font-size: 14px; line-height: 1.6;""><div style=""padding: 5px 0;""><b>A)</b> Les lleis de Kirchhoff.</div><div style=""padding: 5px 0;""><b>B)</b> Les fórmules derivades de la llei d’Ohm.</div><div style=""padding: 5px 0;""><b>C)</b> Les equacions de Maxwell.</div><div style=""padding: 5px 0;""><b>D)</b> Les relacions de potència activa.</div></div></div>","<div style=""text-align: left; font-family: -apple-system, sans-serif;""><div style=""font-weight: bold; font-size: 16px; color: #10b981; margin-bottom: 8px;"">✓ Resposta Correcta: C</div><div style=""font-size: 14px; margin-bottom: 12px; padding: 10px; background: rgba(16,185,129,0.1); border-radius: 6px; border-left: 4px solid #10b981;"">C) Les equacions de Maxwell.</div><hr style=""border: 0; border-top: 1px solid #ddd; margin: 12px 0;""><div style=""font-size: 13px; color: #444; line-height: 1.4;""><b style=""color: #111;"">Explicació:</b> Les equacions de Maxwell expliquen l’electromagnetisme, mentre que Kirchhoff es vincula a circuits més complexos.</div></div>","T11_-_Electricitat","14890"
"<div style=""text-align: left; font-family: -apple-system, sans-serif;""><div style=""font-size: 11px; color: #888; margin-bottom: 6px;"">[T11 - Electricitat] Pregunta 346</div><div style=""font-weight: bold; font-size: 16px; margin-bottom: 14px; line-height: 1.4;"">Si una persona toca un únic element energitzat però es manté aïllada de qualsevol altre potencial, què passa?</div><div style=""font-size: 14px; line-height: 1.6;""><div style=""padding: 5px 0;""><b>A)</b> No circula corrent sostingut pel cos perquè no existeix un camí de retorn que tanqui el circuit.</div><div style=""padding: 5px 0;""><b>B)</b> El corrent circula fins que el cos adquireix el mateix potencial i després queda limitat per la resistència de la pell.</div><div style=""padding: 5px 0;""><b>C)</b> El cos forma una branca en paral·lel i rep una part del corrent encara que no hi hagi segon punt de contacte.</div><div style=""padding: 5px 0;""><b>D)</b> El cos és travessat pel corrent total del circuit perquè el contacte amb tensió ja completa el recorregut.</div></div></div>","<div style=""text-align: left; font-family: -apple-system, sans-serif;""><div style=""font-weight: bold; font-size: 16px; color: #10b981; margin-bottom: 8px;"">✓ Resposta Correcta: A</div><div style=""font-size: 14px; margin-bottom: 12px; padding: 10px; background: rgba(16,185,129,0.1); border-radius: 6px; border-left: 4px solid #10b981;"">A) No circula corrent sostingut pel cos perquè no existeix un camí de retorn que tanqui el circuit.</div><hr style=""border: 0; border-top: 1px solid #ddd; margin: 12px 0;""><div style=""font-size: 13px; color: #444; line-height: 1.4;""><b style=""color: #111;"">Explicació:</b> Mentre la persona continuï aïllada d’altres potencials, el cos no tanca el circuit i no hi ha un camí de corrent sostingut a través seu.</div></div>","T11_-_Electricitat","16502"
"<div style=""text-align: left; font-family: -apple-system, sans-serif;""><div style=""font-size: 11px; color: #888; margin-bottom: 6px;"">[T11 - Electricitat] Pregunta 347</div><div style=""font-weight: bold; font-size: 16px; margin-bottom: 14px; line-height: 1.4;"">Com varia la intensitat total d’un circuit en paral·lel quan es desconnecta una branca?</div><div style=""font-size: 14px; line-height: 1.6;""><div style=""padding: 5px 0;""><b>A)</b> Es manté pràcticament igual perquè la tensió de la font no ha variat.</div><div style=""padding: 5px 0;""><b>B)</b> Augmenta perquè la tensió disponible es concentra en les branques que continuen connectades.</div><div style=""padding: 5px 0;""><b>C)</b> Disminueix perquè deixa de circular el corrent d’aquella branca.</div><div style=""padding: 5px 0;""><b>D)</b> Passa a correspondre a la intensitat que circulava per la branca desconnectada.</div></div></div>","<div style=""text-align: left; font-family: -apple-system, sans-serif;""><div style=""font-weight: bold; font-size: 16px; color: #10b981; margin-bottom: 8px;"">✓ Resposta Correcta: C</div><div style=""font-size: 14px; margin-bottom: 12px; padding: 10px; background: rgba(16,185,129,0.1); border-radius: 6px; border-left: 4px solid #10b981;"">C) Disminueix perquè deixa de circular el corrent d’aquella branca.</div><hr style=""border: 0; border-top: 1px solid #ddd; margin: 12px 0;""><div style=""font-size: 13px; color: #444; line-height: 1.4;""><b style=""color: #111;"">Explicació:</b> La intensitat total és la suma de les branques; si desapareix una branca, desapareix també la seva contribució.</div></div>","T11_-_Electricitat","16351"
"<div style=""text-align: left; font-family: -apple-system, sans-serif;""><div style=""font-size: 11px; color: #888; margin-bottom: 6px;"">[T11 - Electricitat] Pregunta 348</div><div style=""font-weight: bold; font-size: 16px; margin-bottom: 14px; line-height: 1.4;"">On poden aparèixer cremades greus en un accident elèctric amb pas de corrent pel cos?</div><div style=""font-size: 14px; line-height: 1.6;""><div style=""padding: 5px 0;""><b>A)</b> Principalment al punt de sortida, on es concentra la major part de l’efecte Joule.</div><div style=""padding: 5px 0;""><b>B)</b> Principalment al punt d’entrada, mentre que la sortida i els teixits interns reben poca energia.</div><div style=""padding: 5px 0;""><b>C)</b> Als punts d’entrada i sortida i també al llarg del recorregut del corrent pel cos.</div><div style=""padding: 5px 0;""><b>D)</b> Principalment als punts de contacte superficial, amb poca afectació al llarg del recorregut intern.</div></div></div>","<div style=""text-align: left; font-family: -apple-system, sans-serif;""><div style=""font-weight: bold; font-size: 16px; color: #10b981; margin-bottom: 8px;"">✓ Resposta Correcta: C</div><div style=""font-size: 14px; margin-bottom: 12px; padding: 10px; background: rgba(16,185,129,0.1); border-radius: 6px; border-left: 4px solid #10b981;"">C) Als punts d’entrada i sortida i també al llarg del recorregut del corrent pel cos.</div><hr style=""border: 0; border-top: 1px solid #ddd; margin: 12px 0;""><div style=""font-size: 13px; color: #444; line-height: 1.4;""><b style=""color: #111;"">Explicació:</b> L’efecte Joule pot provocar cremades internes i externes als punts de contacte i al llarg del trajecte del corrent.</div></div>","T11_-_Electricitat","16491"
"<div style=""text-align: left; font-family: -apple-system, sans-serif;""><div style=""font-size: 11px; color: #888; margin-bottom: 6px;"">[T11 - Electricitat] Pregunta 349</div><div style=""font-weight: bold; font-size: 16px; margin-bottom: 14px; line-height: 1.4;"">Quina és la unitat de mesura de la resistència elèctrica?</div><div style=""font-size: 14px; line-height: 1.6;""><div style=""padding: 5px 0;""><b>A)</b> El watt-hora (Wh).</div><div style=""padding: 5px 0;""><b>B)</b> L’ohm (Ω).</div><div style=""padding: 5px 0;""><b>C)</b> El volt (V).</div><div style=""padding: 5px 0;""><b>D)</b> L’ampere (A).</div></div></div>","<div style=""text-align: left; font-family: -apple-system, sans-serif;""><div style=""font-weight: bold; font-size: 16px; color: #10b981; margin-bottom: 8px;"">✓ Resposta Correcta: B</div><div style=""font-size: 14px; margin-bottom: 12px; padding: 10px; background: rgba(16,185,129,0.1); border-radius: 6px; border-left: 4px solid #10b981;"">B) L’ohm (Ω).</div><hr style=""border: 0; border-top: 1px solid #ddd; margin: 12px 0;""><div style=""font-size: 13px; color: #444; line-height: 1.4;""><b style=""color: #111;"">Explicació:</b> La resistència elèctrica es mesura en ohms.</div></div>","T11_-_Electricitat","14855"
"<div style=""text-align: left; font-family: -apple-system, sans-serif;""><div style=""font-size: 11px; color: #888; margin-bottom: 6px;"">[T11 - Electricitat] Pregunta 350</div><div style=""font-weight: bold; font-size: 16px; margin-bottom: 14px; line-height: 1.4;"">Quin mecanisme explica les cremades produïdes pel pas de corrent a través del cos?</div><div style=""font-size: 14px; line-height: 1.6;""><div style=""padding: 5px 0;""><b>A)</b> La conversió de l’energia elèctrica en un camp magnètic permanent.</div><div style=""padding: 5px 0;""><b>B)</b> La conversió de la tensió aplicada en una potència reactiva sense escalfament.</div><div style=""padding: 5px 0;""><b>C)</b> La disminució de temperatura associada a l’augment de resistència dels teixits.</div><div style=""padding: 5px 0;""><b>D)</b> La conversió de l’energia elèctrica en calor per efecte Joule.</div></div></div>","<div style=""text-align: left; font-family: -apple-system, sans-serif;""><div style=""font-weight: bold; font-size: 16px; color: #10b981; margin-bottom: 8px;"">✓ Resposta Correcta: D</div><div style=""font-size: 14px; margin-bottom: 12px; padding: 10px; background: rgba(16,185,129,0.1); border-radius: 6px; border-left: 4px solid #10b981;"">D) La conversió de l’energia elèctrica en calor per efecte Joule.</div><hr style=""border: 0; border-top: 1px solid #ddd; margin: 12px 0;""><div style=""font-size: 13px; color: #444; line-height: 1.4;""><b style=""color: #111;"">Explicació:</b> El corrent que travessa els teixits produeix calor per efecte Joule i pot originar cremades internes i externes.</div></div>","T11_-_Electricitat","16490"
"<div style=""text-align: left; font-family: -apple-system, sans-serif;""><div style=""font-size: 11px; color: #888; margin-bottom: 6px;"">[T11 - Electricitat] Pregunta 351</div><div style=""font-weight: bold; font-size: 16px; margin-bottom: 14px; line-height: 1.4;"">Quina magnitud no apareix directament en la fórmula Q = I² × R × t?</div><div style=""font-size: 14px; line-height: 1.6;""><div style=""padding: 5px 0;""><b>A)</b> La resistència.</div><div style=""padding: 5px 0;""><b>B)</b> La tensió.</div><div style=""padding: 5px 0;""><b>C)</b> El temps.</div><div style=""padding: 5px 0;""><b>D)</b> La intensitat.</div></div></div>","<div style=""text-align: left; font-family: -apple-system, sans-serif;""><div style=""font-weight: bold; font-size: 16px; color: #10b981; margin-bottom: 8px;"">✓ Resposta Correcta: B</div><div style=""font-size: 14px; margin-bottom: 12px; padding: 10px; background: rgba(16,185,129,0.1); border-radius: 6px; border-left: 4px solid #10b981;"">B) La tensió.</div><hr style=""border: 0; border-top: 1px solid #ddd; margin: 12px 0;""><div style=""font-size: 13px; color: #444; line-height: 1.4;""><b style=""color: #111;"">Explicació:</b> La fórmula presentada calcula la calor amb intensitat, resistència i temps; la tensió no hi apareix directament.</div></div>","T11_-_Electricitat","14926"
"<div style=""text-align: left; font-family: -apple-system, sans-serif;""><div style=""font-size: 11px; color: #888; margin-bottom: 6px;"">[T11 - Electricitat] Pregunta 352</div><div style=""font-weight: bold; font-size: 16px; margin-bottom: 14px; line-height: 1.4;"">En el símil hidràulic, a què equival la càrrega elèctrica?</div><div style=""font-size: 14px; line-height: 1.6;""><div style=""padding: 5px 0;""><b>A)</b> A la quantitat o volum d’aigua.</div><div style=""padding: 5px 0;""><b>B)</b> A la pressió disponible a la canonada.</div><div style=""padding: 5px 0;""><b>C)</b> A la rugositat que s’oposa al moviment.</div><div style=""padding: 5px 0;""><b>D)</b> Al cabal d’aigua per unitat de temps.</div></div></div>","<div style=""text-align: left; font-family: -apple-system, sans-serif;""><div style=""font-weight: bold; font-size: 16px; color: #10b981; margin-bottom: 8px;"">✓ Resposta Correcta: A</div><div style=""font-size: 14px; margin-bottom: 12px; padding: 10px; background: rgba(16,185,129,0.1); border-radius: 6px; border-left: 4px solid #10b981;"">A) A la quantitat o volum d’aigua.</div><hr style=""border: 0; border-top: 1px solid #ddd; margin: 12px 0;""><div style=""font-size: 13px; color: #444; line-height: 1.4;""><b style=""color: #111;"">Explicació:</b> La càrrega elèctrica s’associa a una quantitat acumulada, com el volum d’aigua.</div></div>","T11_-_Electricitat","16364"
"<div style=""text-align: left; font-family: -apple-system, sans-serif;""><div style=""font-size: 11px; color: #888; margin-bottom: 6px;"">[T11 - Electricitat] Pregunta 353</div><div style=""font-weight: bold; font-size: 16px; margin-bottom: 14px; line-height: 1.4;"">Quina magnitud elèctrica s’assimila al volum total d’aigua que ha circulat durant un interval?</div><div style=""font-size: 14px; line-height: 1.6;""><div style=""padding: 5px 0;""><b>A)</b> La intensitat instantània.</div><div style=""padding: 5px 0;""><b>B)</b> La resistència del circuit.</div><div style=""padding: 5px 0;""><b>C)</b> L’energia o consum elèctric.</div><div style=""padding: 5px 0;""><b>D)</b> La tensió de la font.</div></div></div>","<div style=""text-align: left; font-family: -apple-system, sans-serif;""><div style=""font-weight: bold; font-size: 16px; color: #10b981; margin-bottom: 8px;"">✓ Resposta Correcta: C</div><div style=""font-size: 14px; margin-bottom: 12px; padding: 10px; background: rgba(16,185,129,0.1); border-radius: 6px; border-left: 4px solid #10b981;"">C) L’energia o consum elèctric.</div><hr style=""border: 0; border-top: 1px solid #ddd; margin: 12px 0;""><div style=""font-size: 13px; color: #444; line-height: 1.4;""><b style=""color: #111;"">Explicació:</b> El volum acumulat al llarg del temps és l’equivalent del consum o energia acumulada.</div></div>","T11_-_Electricitat","16377"
"<div style=""text-align: left; font-family: -apple-system, sans-serif;""><div style=""font-size: 11px; color: #888; margin-bottom: 6px;"">[T11 - Electricitat] Pregunta 354</div><div style=""font-weight: bold; font-size: 16px; margin-bottom: 14px; line-height: 1.4;"">Si es duplica la intensitat del corrent d’un conductor mantenint la resta de condicions, què passa amb el camp magnètic?</div><div style=""font-size: 14px; line-height: 1.6;""><div style=""padding: 5px 0;""><b>A)</b> Canvia de sentit però conserva la mateixa intensitat.</div><div style=""padding: 5px 0;""><b>B)</b> Es manté igual perquè depèn principalment de la distància al conductor.</div><div style=""padding: 5px 0;""><b>C)</b> Disminueix perquè el conductor s’oposa més al camp.</div><div style=""padding: 5px 0;""><b>D)</b> Augmenta perquè la seva força és proporcional al corrent.</div></div></div>","<div style=""text-align: left; font-family: -apple-system, sans-serif;""><div style=""font-weight: bold; font-size: 16px; color: #10b981; margin-bottom: 8px;"">✓ Resposta Correcta: D</div><div style=""font-size: 14px; margin-bottom: 12px; padding: 10px; background: rgba(16,185,129,0.1); border-radius: 6px; border-left: 4px solid #10b981;"">D) Augmenta perquè la seva força és proporcional al corrent.</div><hr style=""border: 0; border-top: 1px solid #ddd; margin: 12px 0;""><div style=""font-size: 13px; color: #444; line-height: 1.4;""><b style=""color: #111;"">Explicació:</b> El camp magnètic creix amb la intensitat del corrent.</div></div>","T11_-_Electricitat","16467"
"<div style=""text-align: left; font-family: -apple-system, sans-serif;""><div style=""font-size: 11px; color: #888; margin-bottom: 6px;"">[T11 - Electricitat] Pregunta 355</div><div style=""font-weight: bold; font-size: 16px; margin-bottom: 14px; line-height: 1.4;"">Per què la situació amb el cos en sèrie es considera de màxim risc?</div><div style=""font-size: 14px; line-height: 1.6;""><div style=""padding: 5px 0;""><b>A)</b> Perquè el cos queda al mateix potencial que la font i no hi ha diferència de tensió aplicada.</div><div style=""padding: 5px 0;""><b>B)</b> Perquè la resistència del cos augmenta automàticament fins a impedir intensitats elevades.</div><div style=""padding: 5px 0;""><b>C)</b> La major part del corrent circula per altres branques i una part menor travessa el cos.</div><div style=""padding: 5px 0;""><b>D)</b> Perquè tot el corrent del circuit passa pel cos i queda limitat essencialment per la resistència total del camí.</div></div></div>","<div style=""text-align: left; font-family: -apple-system, sans-serif;""><div style=""font-weight: bold; font-size: 16px; color: #10b981; margin-bottom: 8px;"">✓ Resposta Correcta: D</div><div style=""font-size: 14px; margin-bottom: 12px; padding: 10px; background: rgba(16,185,129,0.1); border-radius: 6px; border-left: 4px solid #10b981;"">D) Perquè tot el corrent del circuit passa pel cos i queda limitat essencialment per la resistència total del camí.</div><hr style=""border: 0; border-top: 1px solid #ddd; margin: 12px 0;""><div style=""font-size: 13px; color: #444; line-height: 1.4;""><b style=""color: #111;"">Explicació:</b> En un únic camí el cos no comparteix el corrent amb branques alternatives.</div></div>","T11_-_Electricitat","16505"
"<div style=""text-align: left; font-family: -apple-system, sans-serif;""><div style=""font-size: 11px; color: #888; margin-bottom: 6px;"">[T11 - Electricitat] Pregunta 356</div><div style=""font-weight: bold; font-size: 16px; margin-bottom: 14px; line-height: 1.4;"">Quina forquilla d’intensitat s’associa a un motor industrial?</div><div style=""font-size: 14px; line-height: 1.6;""><div style=""padding: 5px 0;""><b>A)</b> 8 - 12 A.</div><div style=""padding: 5px 0;""><b>B)</b> 1 - 5 A.</div><div style=""padding: 5px 0;""><b>C)</b> 0,02 - 0,1 A.</div><div style=""padding: 5px 0;""><b>D)</b> 50 - 500 A.</div></div></div>","<div style=""text-align: left; font-family: -apple-system, sans-serif;""><div style=""font-weight: bold; font-size: 16px; color: #10b981; margin-bottom: 8px;"">✓ Resposta Correcta: D</div><div style=""font-size: 14px; margin-bottom: 12px; padding: 10px; background: rgba(16,185,129,0.1); border-radius: 6px; border-left: 4px solid #10b981;"">D) 50 - 500 A.</div><hr style=""border: 0; border-top: 1px solid #ddd; margin: 12px 0;""><div style=""font-size: 13px; color: #444; line-height: 1.4;""><b style=""color: #111;"">Explicació:</b> El manual associa els motors industrials a intensitats aproximades de 50 a 500 A.</div></div>","T11_-_Electricitat","14844"
"<div style=""text-align: left; font-family: -apple-system, sans-serif;""><div style=""font-size: 11px; color: #888; margin-bottom: 6px;"">[T11 - Electricitat] Pregunta 357</div><div style=""font-weight: bold; font-size: 16px; margin-bottom: 14px; line-height: 1.4;"">Quin paper tenen les bobines en moltes màquines elèctriques?</div><div style=""font-size: 14px; line-height: 1.6;""><div style=""padding: 5px 0;""><b>A)</b> Convertir directament el corrent altern en continu sense elements electrònics.</div><div style=""padding: 5px 0;""><b>B)</b> Concentrar i sumar l’efecte dels camps magnètics generats per les espires.</div><div style=""padding: 5px 0;""><b>C)</b> Mantenir la tensió constant mitjançant l’emmagatzematge d’energia en un camp elèctric.</div><div style=""padding: 5px 0;""><b>D)</b> Eliminar el camp magnètic del conductor perquè no interactuï amb altres elements.</div></div></div>","<div style=""text-align: left; font-family: -apple-system, sans-serif;""><div style=""font-weight: bold; font-size: 16px; color: #10b981; margin-bottom: 8px;"">✓ Resposta Correcta: B</div><div style=""font-size: 14px; margin-bottom: 12px; padding: 10px; background: rgba(16,185,129,0.1); border-radius: 6px; border-left: 4px solid #10b981;"">B) Concentrar i sumar l’efecte dels camps magnètics generats per les espires.</div><hr style=""border: 0; border-top: 1px solid #ddd; margin: 12px 0;""><div style=""font-size: 13px; color: #444; line-height: 1.4;""><b style=""color: #111;"">Explicació:</b> Les bobines aprofiten la suma dels camps de les espires i són la base de moltes màquines elèctriques.</div></div>","T11_-_Electricitat","16471"
"<div style=""text-align: left; font-family: -apple-system, sans-serif;""><div style=""font-size: 11px; color: #888; margin-bottom: 6px;"">[T11 - Electricitat] Pregunta 358</div><div style=""font-weight: bold; font-size: 16px; margin-bottom: 14px; line-height: 1.4;"">En el símil hidràulic, a què equival la intensitat de corrent?</div><div style=""font-size: 14px; line-height: 1.6;""><div style=""padding: 5px 0;""><b>A)</b> A l’estrenyiment de la canonada.</div><div style=""padding: 5px 0;""><b>B)</b> A la pèrdua de càrrega.</div><div style=""padding: 5px 0;""><b>C)</b> A la pressió de l’aigua.</div><div style=""padding: 5px 0;""><b>D)</b> Al cabal d’aigua per unitat de temps.</div></div></div>","<div style=""text-align: left; font-family: -apple-system, sans-serif;""><div style=""font-weight: bold; font-size: 16px; color: #10b981; margin-bottom: 8px;"">✓ Resposta Correcta: D</div><div style=""font-size: 14px; margin-bottom: 12px; padding: 10px; background: rgba(16,185,129,0.1); border-radius: 6px; border-left: 4px solid #10b981;"">D) Al cabal d’aigua per unitat de temps.</div><hr style=""border: 0; border-top: 1px solid #ddd; margin: 12px 0;""><div style=""font-size: 13px; color: #444; line-height: 1.4;""><b style=""color: #111;"">Explicació:</b> La intensitat s’associa al cabal, és a dir, a la quantitat que circula per unitat de temps.</div></div>","T11_-_Electricitat","16361"
"<div style=""text-align: left; font-family: -apple-system, sans-serif;""><div style=""font-size: 11px; color: #888; margin-bottom: 6px;"">[T11 - Electricitat] Pregunta 359</div><div style=""font-weight: bold; font-size: 16px; margin-bottom: 14px; line-height: 1.4;"">Entre dos punts amb el mateix potencial elèctric, què succeirà?</div><div style=""font-size: 14px; line-height: 1.6;""><div style=""padding: 5px 0;""><b>A)</b> Que no hi ha impuls per moure els electrons.</div><div style=""padding: 5px 0;""><b>B)</b> Que la intensitat augmenta perquè no hi ha resistència.</div><div style=""padding: 5px 0;""><b>C)</b> Que el corrent altern canvia automàticament a corrent continu.</div><div style=""padding: 5px 0;""><b>D)</b> Que la càrrega es duplica però no circula pel conductor.</div></div></div>","<div style=""text-align: left; font-family: -apple-system, sans-serif;""><div style=""font-weight: bold; font-size: 16px; color: #10b981; margin-bottom: 8px;"">✓ Resposta Correcta: A</div><div style=""font-size: 14px; margin-bottom: 12px; padding: 10px; background: rgba(16,185,129,0.1); border-radius: 6px; border-left: 4px solid #10b981;"">A) Que no hi ha impuls per moure els electrons.</div><hr style=""border: 0; border-top: 1px solid #ddd; margin: 12px 0;""><div style=""font-size: 13px; color: #444; line-height: 1.4;""><b style=""color: #111;"">Explicació:</b> Si dos punts tenen el mateix potencial, no hi ha diferència de potencial i, per tant, no hi ha impuls de moviment.</div></div>","T11_-_Electricitat","14850"
"<div style=""text-align: left; font-family: -apple-system, sans-serif;""><div style=""font-size: 11px; color: #888; margin-bottom: 6px;"">[T11 - Electricitat] Pregunta 360</div><div style=""font-weight: bold; font-size: 16px; margin-bottom: 14px; line-height: 1.4;"">Què passa amb els altres receptors d’un paral·lel si una branca es desconnecta?</div><div style=""font-size: 14px; line-height: 1.6;""><div style=""padding: 5px 0;""><b>A)</b> Deixen de funcionar perquè desapareix l’únic camí del circuit.</div><div style=""padding: 5px 0;""><b>B)</b> Reben menys tensió perquè la tensió de la font es reparteix entre menys branques.</div><div style=""padding: 5px 0;""><b>C)</b> Continuen funcionant perquè els seus camins no queden interromputs.</div><div style=""padding: 5px 0;""><b>D)</b> Queden connectats en sèrie i passen a compartir la mateixa intensitat.</div></div></div>","<div style=""text-align: left; font-family: -apple-system, sans-serif;""><div style=""font-weight: bold; font-size: 16px; color: #10b981; margin-bottom: 8px;"">✓ Resposta Correcta: C</div><div style=""font-size: 14px; margin-bottom: 12px; padding: 10px; background: rgba(16,185,129,0.1); border-radius: 6px; border-left: 4px solid #10b981;"">C) Continuen funcionant perquè els seus camins no queden interromputs.</div><hr style=""border: 0; border-top: 1px solid #ddd; margin: 12px 0;""><div style=""font-size: 13px; color: #444; line-height: 1.4;""><b style=""color: #111;"">Explicació:</b> Cada branca és independent; la interrupció d’una no obre les altres.</div></div>","T11_-_Electricitat","16350"
"<div style=""text-align: left; font-family: -apple-system, sans-serif;""><div style=""font-size: 11px; color: #888; margin-bottom: 6px;"">[T11 - Electricitat] Pregunta 361</div><div style=""font-weight: bold; font-size: 16px; margin-bottom: 14px; line-height: 1.4;"">Quina conversió d’energia realitza un motor elèctric?</div><div style=""font-size: 14px; line-height: 1.6;""><div style=""padding: 5px 0;""><b>A)</b> Converteix energia mecànica en energia elèctrica.</div><div style=""padding: 5px 0;""><b>B)</b> Converteix energia elèctrica en energia mecànica.</div><div style=""padding: 5px 0;""><b>C)</b> Converteix energia elèctrica en energia química emmagatzemada.</div><div style=""padding: 5px 0;""><b>D)</b> Converteix energia tèrmica en energia elèctrica.</div></div></div>","<div style=""text-align: left; font-family: -apple-system, sans-serif;""><div style=""font-weight: bold; font-size: 16px; color: #10b981; margin-bottom: 8px;"">✓ Resposta Correcta: B</div><div style=""font-size: 14px; margin-bottom: 12px; padding: 10px; background: rgba(16,185,129,0.1); border-radius: 6px; border-left: 4px solid #10b981;"">B) Converteix energia elèctrica en energia mecànica.</div><hr style=""border: 0; border-top: 1px solid #ddd; margin: 12px 0;""><div style=""font-size: 13px; color: #444; line-height: 1.4;""><b style=""color: #111;"">Explicació:</b> Un motor transforma l’energia elèctrica en moviment mecànic.</div></div>","T11_-_Electricitat","16472"
"<div style=""text-align: left; font-family: -apple-system, sans-serif;""><div style=""font-size: 11px; color: #888; margin-bottom: 6px;"">[T11 - Electricitat] Pregunta 362</div><div style=""font-weight: bold; font-size: 16px; margin-bottom: 14px; line-height: 1.4;"">Què significa que un material sigui dielèctric?</div><div style=""font-size: 14px; line-height: 1.6;""><div style=""padding: 5px 0;""><b>A)</b> Que augmenta la conductivitat quan és més estret.</div><div style=""padding: 5px 0;""><b>B)</b> Que és apte tant per a corrent continu com altern.</div><div style=""padding: 5px 0;""><b>C)</b> Que actua com a aïllant en condicions normals.</div><div style=""padding: 5px 0;""><b>D)</b> Que condueix el corrent en ambdós sentits.</div></div></div>","<div style=""text-align: left; font-family: -apple-system, sans-serif;""><div style=""font-weight: bold; font-size: 16px; color: #10b981; margin-bottom: 8px;"">✓ Resposta Correcta: C</div><div style=""font-size: 14px; margin-bottom: 12px; padding: 10px; background: rgba(16,185,129,0.1); border-radius: 6px; border-left: 4px solid #10b981;"">C) Que actua com a aïllant en condicions normals.</div><hr style=""border: 0; border-top: 1px solid #ddd; margin: 12px 0;""><div style=""font-size: 13px; color: #444; line-height: 1.4;""><b style=""color: #111;"">Explicació:</b> En aquest context, dielèctric equival a aïllant: dificulta o impedeix el pas del corrent en condicions normals.</div></div>","T11_-_Electricitat","14826"
"<div style=""text-align: left; font-family: -apple-system, sans-serif;""><div style=""font-size: 11px; color: #888; margin-bottom: 6px;"">[T11 - Electricitat] Pregunta 363</div><div style=""font-weight: bold; font-size: 16px; margin-bottom: 14px; line-height: 1.4;"">Quina situació és coherent amb la llei d’Ohm?</div><div style=""font-size: 14px; line-height: 1.6;""><div style=""padding: 5px 0;""><b>A)</b> Un conductor amb més resistència deixa passar menys intensitat si la tensió és la mateixa.</div><div style=""padding: 5px 0;""><b>B)</b> Un conductor amb més resistència sempre deixa passar més intensitat.</div><div style=""padding: 5px 0;""><b>C)</b> La intensitat no depèn de la tensió aplicada al conductor.</div><div style=""padding: 5px 0;""><b>D)</b> La tensió només depèn del temps durant el qual circula el corrent.</div></div></div>","<div style=""text-align: left; font-family: -apple-system, sans-serif;""><div style=""font-weight: bold; font-size: 16px; color: #10b981; margin-bottom: 8px;"">✓ Resposta Correcta: A</div><div style=""font-size: 14px; margin-bottom: 12px; padding: 10px; background: rgba(16,185,129,0.1); border-radius: 6px; border-left: 4px solid #10b981;"">A) Un conductor amb més resistència deixa passar menys intensitat si la tensió és la mateixa.</div><hr style=""border: 0; border-top: 1px solid #ddd; margin: 12px 0;""><div style=""font-size: 13px; color: #444; line-height: 1.4;""><b style=""color: #111;"">Explicació:</b> Quan la tensió es manté, l’augment de resistència dificulta el pas de corrent i redueix la intensitat.</div></div>","T11_-_Electricitat","14914"
"<div style=""text-align: left; font-family: -apple-system, sans-serif;""><div style=""font-size: 11px; color: #888; margin-bottom: 6px;"">[T11 - Electricitat] Pregunta 364</div><div style=""font-weight: bold; font-size: 16px; margin-bottom: 14px; line-height: 1.4;"">Quina afirmació és incorrecta?</div><div style=""font-size: 14px; line-height: 1.6;""><div style=""padding: 5px 0;""><b>A)</b> La potència es mesura en watts.</div><div style=""padding: 5px 0;""><b>B)</b> La potència elèctrica es mesura habitualment en watts-hora.</div><div style=""padding: 5px 0;""><b>C)</b> La potència pot calcular-se com P = V × I en corrent continu.</div><div style=""padding: 5px 0;""><b>D)</b> Un equip més potent pot fer més treball en menys temps.</div></div></div>","<div style=""text-align: left; font-family: -apple-system, sans-serif;""><div style=""font-weight: bold; font-size: 16px; color: #10b981; margin-bottom: 8px;"">✓ Resposta Correcta: B</div><div style=""font-size: 14px; margin-bottom: 12px; padding: 10px; background: rgba(16,185,129,0.1); border-radius: 6px; border-left: 4px solid #10b981;"">B) La potència elèctrica es mesura habitualment en watts-hora.</div><hr style=""border: 0; border-top: 1px solid #ddd; margin: 12px 0;""><div style=""font-size: 13px; color: #444; line-height: 1.4;""><b style=""color: #111;"">Explicació:</b> Els ohms mesuren resistència, no potència. La potència s’expressa en watts.</div></div>","T11_-_Electricitat","14936"
"<div style=""text-align: left; font-family: -apple-system, sans-serif;""><div style=""font-size: 11px; color: #888; margin-bottom: 6px;"">[T11 - Electricitat] Pregunta 365</div><div style=""font-weight: bold; font-size: 16px; margin-bottom: 14px; line-height: 1.4;"">Quin contacte en corrent altern pot situar directament el cos entre dos potencials diferents?</div><div style=""font-size: 14px; line-height: 1.6;""><div style=""padding: 5px 0;""><b>A)</b> Una fase tocada des d’una posició aïllada d’altres potencials.</div><div style=""padding: 5px 0;""><b>B)</b> Neutre i terra, o dos punts del mateix neutre.</div><div style=""padding: 5px 0;""><b>C)</b> Dos punts de la mateixa fase al mateix potencial.</div><div style=""padding: 5px 0;""><b>D)</b> Dues fases, fase i neutre, o fase i terra.</div></div></div>","<div style=""text-align: left; font-family: -apple-system, sans-serif;""><div style=""font-weight: bold; font-size: 16px; color: #10b981; margin-bottom: 8px;"">✓ Resposta Correcta: D</div><div style=""font-size: 14px; margin-bottom: 12px; padding: 10px; background: rgba(16,185,129,0.1); border-radius: 6px; border-left: 4px solid #10b981;"">D) Dues fases, fase i neutre, o fase i terra.</div><hr style=""border: 0; border-top: 1px solid #ddd; margin: 12px 0;""><div style=""font-size: 13px; color: #444; line-height: 1.4;""><b style=""color: #111;"">Explicació:</b> El cos queda entre dos potencials diferents quan connecta dues fases, fase-neutre o fase-terra.</div></div>","T11_-_Electricitat","16507"
"<div style=""text-align: left; font-family: -apple-system, sans-serif;""><div style=""font-size: 11px; color: #888; margin-bottom: 6px;"">[T11 - Electricitat] Pregunta 366</div><div style=""font-weight: bold; font-size: 16px; margin-bottom: 14px; line-height: 1.4;"">Quines denominacions corresponen a les tres fases d’un sistema trifàsic?</div><div style=""font-size: 14px; line-height: 1.6;""><div style=""padding: 5px 0;""><b>A)</b> L1, L2 i L3, també denominades R, S i T.</div><div style=""padding: 5px 0;""><b>B)</b> P, Q i S, també denominades L1, L2 i L3.</div><div style=""padding: 5px 0;""><b>C)</b> L, N i PE, també denominades R, S i T.</div><div style=""padding: 5px 0;""><b>D)</b> U, I i R, també denominades fase, neutre i retorn.</div></div></div>","<div style=""text-align: left; font-family: -apple-system, sans-serif;""><div style=""font-weight: bold; font-size: 16px; color: #10b981; margin-bottom: 8px;"">✓ Resposta Correcta: A</div><div style=""font-size: 14px; margin-bottom: 12px; padding: 10px; background: rgba(16,185,129,0.1); border-radius: 6px; border-left: 4px solid #10b981;"">A) L1, L2 i L3, també denominades R, S i T.</div><hr style=""border: 0; border-top: 1px solid #ddd; margin: 12px 0;""><div style=""font-size: 13px; color: #444; line-height: 1.4;""><b style=""color: #111;"">Explicació:</b> Les fases poden identificar-se com L1-L2-L3 o R-S-T.</div></div>","T11_-_Electricitat","16416"
"<div style=""text-align: left; font-family: -apple-system, sans-serif;""><div style=""font-size: 11px; color: #888; margin-bottom: 6px;"">[T11 - Electricitat] Pregunta 367</div><div style=""font-weight: bold; font-size: 16px; margin-bottom: 14px; line-height: 1.4;"">Si augmenta la resistència total d’un circuit en sèrie i la tensió es manté, què passa amb la intensitat?</div><div style=""font-size: 14px; line-height: 1.6;""><div style=""padding: 5px 0;""><b>A)</b> Augmenta.</div><div style=""padding: 5px 0;""><b>B)</b> Es reparteix.</div><div style=""padding: 5px 0;""><b>C)</b> Disminueix.</div><div style=""padding: 5px 0;""><b>D)</b> Es manté.</div></div></div>","<div style=""text-align: left; font-family: -apple-system, sans-serif;""><div style=""font-weight: bold; font-size: 16px; color: #10b981; margin-bottom: 8px;"">✓ Resposta Correcta: C</div><div style=""font-size: 14px; margin-bottom: 12px; padding: 10px; background: rgba(16,185,129,0.1); border-radius: 6px; border-left: 4px solid #10b981;"">C) Disminueix.</div><hr style=""border: 0; border-top: 1px solid #ddd; margin: 12px 0;""><div style=""font-size: 13px; color: #444; line-height: 1.4;""><b style=""color: #111;"">Explicació:</b> Amb tensió constant, una resistència total més gran redueix la intensitat.</div></div>","T11_-_Electricitat","16337"
"<div style=""text-align: left; font-family: -apple-system, sans-serif;""><div style=""font-size: 11px; color: #888; margin-bottom: 6px;"">[T11 - Electricitat] Pregunta 368</div><div style=""font-weight: bold; font-size: 16px; margin-bottom: 14px; line-height: 1.4;"">Quina diferència hi ha entre un xoc elèctric i una electrocució?</div><div style=""font-size: 14px; line-height: 1.6;""><div style=""padding: 5px 0;""><b>A)</b> El xoc elèctric descriu el pas de corrent amb lesions; l’electrocució descriu qualsevol contacte sense lesions.</div><div style=""padding: 5px 0;""><b>B)</b> El xoc elèctric s’associa al corrent altern; l’electrocució s’associa al corrent continu.</div><div style=""padding: 5px 0;""><b>C)</b> El xoc elèctric es produeix quan el corrent travessa el cos; l’electrocució és el xoc que causa la mort.</div><div style=""padding: 5px 0;""><b>D)</b> El xoc elèctric correspon a cremades; l’electrocució correspon a contraccions musculars sense criteri de gravetat.</div></div></div>","<div style=""text-align: left; font-family: -apple-system, sans-serif;""><div style=""font-weight: bold; font-size: 16px; color: #10b981; margin-bottom: 8px;"">✓ Resposta Correcta: C</div><div style=""font-size: 14px; margin-bottom: 12px; padding: 10px; background: rgba(16,185,129,0.1); border-radius: 6px; border-left: 4px solid #10b981;"">C) El xoc elèctric es produeix quan el corrent travessa el cos; l’electrocució és el xoc que causa la mort.</div><hr style=""border: 0; border-top: 1px solid #ddd; margin: 12px 0;""><div style=""font-size: 13px; color: #444; line-height: 1.4;""><b style=""color: #111;"">Explicació:</b> El terme electrocució es reserva per al xoc elèctric amb resultat mortal.</div></div>","T11_-_Electricitat","16484"
"<div style=""text-align: left; font-family: -apple-system, sans-serif;""><div style=""font-size: 11px; color: #888; margin-bottom: 6px;"">[T11 - Electricitat] Pregunta 369</div><div style=""font-weight: bold; font-size: 16px; margin-bottom: 14px; line-height: 1.4;"">Quin és l’objectiu del sistema de refredament en un transformador elèctric?</div><div style=""font-size: 14px; line-height: 1.6;""><div style=""padding: 5px 0;""><b>A)</b> Estabilitzar la freqüència.</div><div style=""padding: 5px 0;""><b>B)</b> Eliminar el corrent reactiu.</div><div style=""padding: 5px 0;""><b>C)</b> Generar flux magnètic.</div><div style=""padding: 5px 0;""><b>D)</b> Evitar el sobreescalfament i garantir el rendiment.</div></div></div>","<div style=""text-align: left; font-family: -apple-system, sans-serif;""><div style=""font-weight: bold; font-size: 16px; color: #10b981; margin-bottom: 8px;"">✓ Resposta Correcta: D</div><div style=""font-size: 14px; margin-bottom: 12px; padding: 10px; background: rgba(16,185,129,0.1); border-radius: 6px; border-left: 4px solid #10b981;"">D) Evitar el sobreescalfament i garantir el rendiment.</div><hr style=""border: 0; border-top: 1px solid #ddd; margin: 12px 0;""><div style=""font-size: 13px; color: #444; line-height: 1.4;""><b style=""color: #111;"">Explicació:</b> Els transformadors generen calor pel corrent elèctric i pèrdues magnètiques; refredar-los evita danys i millora la seva vida útil.</div></div>","T11_-_Electricitat","5268"
"<div style=""text-align: left; font-family: -apple-system, sans-serif;""><div style=""font-size: 11px; color: #888; margin-bottom: 6px;"">[T11 - Electricitat] Pregunta 370</div><div style=""font-weight: bold; font-size: 16px; margin-bottom: 14px; line-height: 1.4;"">Quin material té una resistència elèctrica molt baixa i és ideal per conduir electricitat?</div><div style=""font-size: 14px; line-height: 1.6;""><div style=""padding: 5px 0;""><b>A)</b> Fusta.</div><div style=""padding: 5px 0;""><b>B)</b> Ciment.</div><div style=""padding: 5px 0;""><b>C)</b> Coure.</div><div style=""padding: 5px 0;""><b>D)</b> Vidre.</div></div></div>","<div style=""text-align: left; font-family: -apple-system, sans-serif;""><div style=""font-weight: bold; font-size: 16px; color: #10b981; margin-bottom: 8px;"">✓ Resposta Correcta: C</div><div style=""font-size: 14px; margin-bottom: 12px; padding: 10px; background: rgba(16,185,129,0.1); border-radius: 6px; border-left: 4px solid #10b981;"">C) Coure.</div><hr style=""border: 0; border-top: 1px solid #ddd; margin: 12px 0;""><div style=""font-size: 13px; color: #444; line-height: 1.4;""><b style=""color: #111;"">Explicació:</b> El coure és un dels millors conductors elèctrics per la seva baixa resistència, per això s’utilitza habitualment en cables i instal·lacions.</div></div>","T11_-_Electricitat","4815"
"<div style=""text-align: left; font-family: -apple-system, sans-serif;""><div style=""font-size: 11px; color: #888; margin-bottom: 6px;"">[T11 - Electricitat] Pregunta 371</div><div style=""font-weight: bold; font-size: 16px; margin-bottom: 14px; line-height: 1.4;"">Quina expressió relaciona la resistència amb la resistivitat la longitud i la secció d'un conductor?</div><div style=""font-size: 14px; line-height: 1.6;""><div style=""padding: 5px 0;""><b>A)</b> R = L/(ρ·S).</div><div style=""padding: 5px 0;""><b>B)</b> R = ρ·S/L.</div><div style=""padding: 5px 0;""><b>C)</b> R = ρ/(L·S).</div><div style=""padding: 5px 0;""><b>D)</b> R = ρ·L/S.</div></div></div>","<div style=""text-align: left; font-family: -apple-system, sans-serif;""><div style=""font-weight: bold; font-size: 16px; color: #10b981; margin-bottom: 8px;"">✓ Resposta Correcta: D</div><div style=""font-size: 14px; margin-bottom: 12px; padding: 10px; background: rgba(16,185,129,0.1); border-radius: 6px; border-left: 4px solid #10b981;"">D) R = ρ·L/S.</div><hr style=""border: 0; border-top: 1px solid #ddd; margin: 12px 0;""><div style=""font-size: 13px; color: #444; line-height: 1.4;""><b style=""color: #111;"">Explicació:</b> La resistència augmenta amb la resistivitat i la longitud i disminueix quan augmenta la secció.</div></div>","T11_-_Electricitat","9853"
"<div style=""text-align: left; font-family: -apple-system, sans-serif;""><div style=""font-size: 11px; color: #888; margin-bottom: 6px;"">[T11 - Electricitat] Pregunta 372</div><div style=""font-weight: bold; font-size: 16px; margin-bottom: 14px; line-height: 1.4;"">Quina magnitud física descriu la capacitat intrínseca d'un material per oposar-se al pas del corrent elèctric?</div><div style=""font-size: 14px; line-height: 1.6;""><div style=""padding: 5px 0;""><b>A)</b> La resistivitat.</div><div style=""padding: 5px 0;""><b>B)</b> La conductància.</div><div style=""padding: 5px 0;""><b>C)</b> La tensió.</div><div style=""padding: 5px 0;""><b>D)</b> La potència.</div></div></div>","<div style=""text-align: left; font-family: -apple-system, sans-serif;""><div style=""font-weight: bold; font-size: 16px; color: #10b981; margin-bottom: 8px;"">✓ Resposta Correcta: A</div><div style=""font-size: 14px; margin-bottom: 12px; padding: 10px; background: rgba(16,185,129,0.1); border-radius: 6px; border-left: 4px solid #10b981;"">A) La resistivitat.</div><hr style=""border: 0; border-top: 1px solid #ddd; margin: 12px 0;""><div style=""font-size: 13px; color: #444; line-height: 1.4;""><b style=""color: #111;"">Explicació:</b> La resistivitat és una propietat pròpia de cada material i determina la seva oposició al pas del corrent.</div></div>","T11_-_Electricitat","9839"
"<div style=""text-align: left; font-family: -apple-system, sans-serif;""><div style=""font-size: 11px; color: #888; margin-bottom: 6px;"">[T11 - Electricitat] Pregunta 373</div><div style=""font-weight: bold; font-size: 16px; margin-bottom: 14px; line-height: 1.4;"">Què indica la relació de transformació d’un transformador?</div><div style=""font-size: 14px; line-height: 1.6;""><div style=""padding: 5px 0;""><b>A)</b> El tipus de connexió a terra.</div><div style=""padding: 5px 0;""><b>B)</b> L’angle de fase del corrent.</div><div style=""padding: 5px 0;""><b>C)</b> La proporció entre les voltes del primari i del secundari.</div><div style=""padding: 5px 0;""><b>D)</b> El rendiment de potència.</div></div></div>","<div style=""text-align: left; font-family: -apple-system, sans-serif;""><div style=""font-weight: bold; font-size: 16px; color: #10b981; margin-bottom: 8px;"">✓ Resposta Correcta: C</div><div style=""font-size: 14px; margin-bottom: 12px; padding: 10px; background: rgba(16,185,129,0.1); border-radius: 6px; border-left: 4px solid #10b981;"">C) La proporció entre les voltes del primari i del secundari.</div><hr style=""border: 0; border-top: 1px solid #ddd; margin: 12px 0;""><div style=""font-size: 13px; color: #444; line-height: 1.4;""><b style=""color: #111;"">Explicació:</b> La relació de transformació determina si el transformador augmenta o redueix la tensió segons la proporció de voltes. Si hi ha més voltes al secundari, és un transformador elevador, per tant, augmenta la tensió. Si hi ha menys voltes al secundari que al primari estem parlant d'un reductor, que redueix la tensió.</div></div>","T11_-_Electricitat","5262"
"<div style=""text-align: left; font-family: -apple-system, sans-serif;""><div style=""font-size: 11px; color: #888; margin-bottom: 6px;"">[T11 - Electricitat] Pregunta 374</div><div style=""font-weight: bold; font-size: 16px; margin-bottom: 14px; line-height: 1.4;"">Com afecta la temperatura a la resistència en un conductor metàl·lic?</div><div style=""font-size: 14px; line-height: 1.6;""><div style=""padding: 5px 0;""><b>A)</b> La resistència augmenta amb l'augment de temperatura.</div><div style=""padding: 5px 0;""><b>B)</b> La resistència disminueix amb l'augment de temperatura.</div><div style=""padding: 5px 0;""><b>C)</b> La resistència variarà només amb la disminució de la temperatura, no si aquesta augmenta.</div><div style=""padding: 5px 0;""><b>D)</b> La resistència no varia amb la temperatura.</div></div></div>","<div style=""text-align: left; font-family: -apple-system, sans-serif;""><div style=""font-weight: bold; font-size: 16px; color: #10b981; margin-bottom: 8px;"">✓ Resposta Correcta: A</div><div style=""font-size: 14px; margin-bottom: 12px; padding: 10px; background: rgba(16,185,129,0.1); border-radius: 6px; border-left: 4px solid #10b981;"">A) La resistència augmenta amb l'augment de temperatura.</div><hr style=""border: 0; border-top: 1px solid #ddd; margin: 12px 0;""><div style=""font-size: 13px; color: #444; line-height: 1.4;""><b style=""color: #111;"">Explicació:</b> En els metalls conductors, quan augmenta la temperatura, també augmenta la resistència, degut principalment a l’agitació dels àtoms que dificulta el pas dels electrons. Així mateix, en disminuir la temperatura el metall conductor es torna molt més conductor arribant alguns d'ells a comportar-se com superconductors.</div></div>","T11_-_Electricitat","4814"
"<div style=""text-align: left; font-family: -apple-system, sans-serif;""><div style=""font-size: 11px; color: #888; margin-bottom: 6px;"">[T11 - Electricitat] Pregunta 375</div><div style=""font-weight: bold; font-size: 16px; margin-bottom: 14px; line-height: 1.4;"">L’efecte Joule es produeix quan el corrent circula per un conductor i, per tant, podem afirmar el següent:</div><div style=""font-size: 14px; line-height: 1.6;""><div style=""padding: 5px 0;""><b>A)</b> Només es dona en materials aïllants.</div><div style=""padding: 5px 0;""><b>B)</b> Es genera calor en el conductor.</div><div style=""padding: 5px 0;""><b>C)</b> És exclusiu de circuits oberts.</div><div style=""padding: 5px 0;""><b>D)</b> No hi ha pèrdues d’energia.</div></div></div>","<div style=""text-align: left; font-family: -apple-system, sans-serif;""><div style=""font-weight: bold; font-size: 16px; color: #10b981; margin-bottom: 8px;"">✓ Resposta Correcta: B</div><div style=""font-size: 14px; margin-bottom: 12px; padding: 10px; background: rgba(16,185,129,0.1); border-radius: 6px; border-left: 4px solid #10b981;"">B) Es genera calor en el conductor.</div><hr style=""border: 0; border-top: 1px solid #ddd; margin: 12px 0;""><div style=""font-size: 13px; color: #444; line-height: 1.4;""><b style=""color: #111;"">Explicació:</b> L’efecte Joule descriu l’escalfament d’un conductor quan hi passa corrent elèctric. Genera calor, consum d’energia i pot provocar pèrdues en circuits.</div></div>","T11_-_Electricitat","5998"
"<div style=""text-align: left; font-family: -apple-system, sans-serif;""><div style=""font-size: 11px; color: #888; margin-bottom: 6px;"">[T11 - Electricitat] Pregunta 376</div><div style=""font-weight: bold; font-size: 16px; margin-bottom: 14px; line-height: 1.4;"">Quina característica defineix una resistència variable?</div><div style=""font-size: 14px; line-height: 1.6;""><div style=""padding: 5px 0;""><b>A)</b> Només funciona en circuits digitals.</div><div style=""padding: 5px 0;""><b>B)</b> Només es pot utilitzar en corrent altern.</div><div style=""padding: 5px 0;""><b>C)</b> No limita el corrent elèctric.</div><div style=""padding: 5px 0;""><b>D)</b> Permet modificar el seu valor de resistència dins d'un determinat rang.</div></div></div>","<div style=""text-align: left; font-family: -apple-system, sans-serif;""><div style=""font-weight: bold; font-size: 16px; color: #10b981; margin-bottom: 8px;"">✓ Resposta Correcta: D</div><div style=""font-size: 14px; margin-bottom: 12px; padding: 10px; background: rgba(16,185,129,0.1); border-radius: 6px; border-left: 4px solid #10b981;"">D) Permet modificar el seu valor de resistència dins d'un determinat rang.</div><hr style=""border: 0; border-top: 1px solid #ddd; margin: 12px 0;""><div style=""font-size: 13px; color: #444; line-height: 1.4;""><b style=""color: #111;"">Explicació:</b> Les resistències variables permeten ajustar el valor resistiu segons les necessitats del circuit.</div></div>","T11_-_Electricitat","9874"
"<div style=""text-align: left; font-family: -apple-system, sans-serif;""><div style=""font-size: 11px; color: #888; margin-bottom: 6px;"">[T11 - Electricitat] Pregunta 377</div><div style=""font-weight: bold; font-size: 16px; margin-bottom: 14px; line-height: 1.4;"">Què succeeix amb la potència dissipada per una resistència quan hi circula corrent?</div><div style=""font-size: 14px; line-height: 1.6;""><div style=""padding: 5px 0;""><b>A)</b> Es converteix en tensió addicional.</div><div style=""padding: 5px 0;""><b>B)</b> Es converteix en resistència addicional.</div><div style=""padding: 5px 0;""><b>C)</b> Desapareix sense efectes físics.</div><div style=""padding: 5px 0;""><b>D)</b> Es transforma principalment en calor.</div></div></div>","<div style=""text-align: left; font-family: -apple-system, sans-serif;""><div style=""font-weight: bold; font-size: 16px; color: #10b981; margin-bottom: 8px;"">✓ Resposta Correcta: D</div><div style=""font-size: 14px; margin-bottom: 12px; padding: 10px; background: rgba(16,185,129,0.1); border-radius: 6px; border-left: 4px solid #10b981;"">D) Es transforma principalment en calor.</div><hr style=""border: 0; border-top: 1px solid #ddd; margin: 12px 0;""><div style=""font-size: 13px; color: #444; line-height: 1.4;""><b style=""color: #111;"">Explicació:</b> La resistència dissipa energia elèctrica principalment en forma de calor per efecte Joule.</div></div>","T11_-_Electricitat","9852"
"<div style=""text-align: left; font-family: -apple-system, sans-serif;""><div style=""font-size: 11px; color: #888; margin-bottom: 6px;"">[T11 - Electricitat] Pregunta 378</div><div style=""font-weight: bold; font-size: 16px; margin-bottom: 14px; line-height: 1.4;"">Quina relació existeix entre la densitat de corrent J i el camp elèctric E en un conductor òhmic?</div><div style=""font-size: 14px; line-height: 1.6;""><div style=""padding: 5px 0;""><b>A)</b> J = σ·E.</div><div style=""padding: 5px 0;""><b>B)</b> J = E/σ².</div><div style=""padding: 5px 0;""><b>C)</b> J = ρ·E.</div><div style=""padding: 5px 0;""><b>D)</b> J = E²·σ.</div></div></div>","<div style=""text-align: left; font-family: -apple-system, sans-serif;""><div style=""font-weight: bold; font-size: 16px; color: #10b981; margin-bottom: 8px;"">✓ Resposta Correcta: A</div><div style=""font-size: 14px; margin-bottom: 12px; padding: 10px; background: rgba(16,185,129,0.1); border-radius: 6px; border-left: 4px solid #10b981;"">A) J = σ·E.</div><hr style=""border: 0; border-top: 1px solid #ddd; margin: 12px 0;""><div style=""font-size: 13px; color: #444; line-height: 1.4;""><b style=""color: #111;"">Explicació:</b> La forma microscòpica de la llei d'Ohm estableix que la densitat de corrent és proporcional al camp elèctric mitjançant la conductivitat.</div></div>","T11_-_Electricitat","9861"
"<div style=""text-align: left; font-family: -apple-system, sans-serif;""><div style=""font-size: 11px; color: #888; margin-bottom: 6px;"">[T11 - Electricitat] Pregunta 379</div><div style=""font-weight: bold; font-size: 16px; margin-bottom: 14px; line-height: 1.4;"">Amb quina unitat s’expressa la potència reactiva en un sistema elèctric?</div><div style=""font-size: 14px; line-height: 1.6;""><div style=""padding: 5px 0;""><b>A)</b> Voltampers reactius (VAR)</div><div style=""padding: 5px 0;""><b>B)</b> Amperes (A)</div><div style=""padding: 5px 0;""><b>C)</b> Henrys (H)</div><div style=""padding: 5px 0;""><b>D)</b> Watts (W)</div></div></div>","<div style=""text-align: left; font-family: -apple-system, sans-serif;""><div style=""font-weight: bold; font-size: 16px; color: #10b981; margin-bottom: 8px;"">✓ Resposta Correcta: A</div><div style=""font-size: 14px; margin-bottom: 12px; padding: 10px; background: rgba(16,185,129,0.1); border-radius: 6px; border-left: 4px solid #10b981;"">A) Voltampers reactius (VAR)</div><hr style=""border: 0; border-top: 1px solid #ddd; margin: 12px 0;""><div style=""font-size: 13px; color: #444; line-height: 1.4;""><b style=""color: #111;"">Explicació:</b> La potència reactiva és la part de la potència total que no realitza treball útil, i s’expressa en voltampers reactius (VAR), una unitat derivada del sistema internacional per a la potència reactiva.</div></div>","T11_-_Electricitat","6273"
"<div style=""text-align: left; font-family: -apple-system, sans-serif;""><div style=""font-size: 11px; color: #888; margin-bottom: 6px;"">[T11 - Electricitat] Pregunta 380</div><div style=""font-weight: bold; font-size: 16px; margin-bottom: 14px; line-height: 1.4;"">Un alternador amb sortida rectificada de 24 V alimenta una càrrega de 10 A durant una hora. Quina energia subministra?</div><div style=""font-size: 14px; line-height: 1.6;""><div style=""padding: 5px 0;""><b>A)</b> 100 Wh.</div><div style=""padding: 5px 0;""><b>B)</b> 600 Wh.</div><div style=""padding: 5px 0;""><b>C)</b> 240 Wh.</div><div style=""padding: 5px 0;""><b>D)</b> 24 Wh.</div></div></div>","<div style=""text-align: left; font-family: -apple-system, sans-serif;""><div style=""font-weight: bold; font-size: 16px; color: #10b981; margin-bottom: 8px;"">✓ Resposta Correcta: C</div><div style=""font-size: 14px; margin-bottom: 12px; padding: 10px; background: rgba(16,185,129,0.1); border-radius: 6px; border-left: 4px solid #10b981;"">C) 240 Wh.</div><hr style=""border: 0; border-top: 1px solid #ddd; margin: 12px 0;""><div style=""font-size: 13px; color: #444; line-height: 1.4;""><b style=""color: #111;"">Explicació:</b> Primer es calcula la potència: P=V·I=24·10=240 W. L'energia és la potència multiplicada pel temps. Com que funciona durant una hora, l'energia subministrada és de 240 Wh.</div></div>","T11_-_Electricitat","9446"
"<div style=""text-align: left; font-family: -apple-system, sans-serif;""><div style=""font-size: 11px; color: #888; margin-bottom: 6px;"">[T11 - Electricitat] Pregunta 381</div><div style=""font-weight: bold; font-size: 16px; margin-bottom: 14px; line-height: 1.4;"">Quin és el símil hidràulic de la resistència elèctrica?</div><div style=""font-size: 14px; line-height: 1.6;""><div style=""padding: 5px 0;""><b>A)</b> Les pèrdues de càrrega.</div><div style=""padding: 5px 0;""><b>B)</b> La velocitat de l’aigua.</div><div style=""padding: 5px 0;""><b>C)</b> El diàmetre de la canonada.</div><div style=""padding: 5px 0;""><b>D)</b> La pressió hidràulica.</div></div></div>","<div style=""text-align: left; font-family: -apple-system, sans-serif;""><div style=""font-weight: bold; font-size: 16px; color: #10b981; margin-bottom: 8px;"">✓ Resposta Correcta: A</div><div style=""font-size: 14px; margin-bottom: 12px; padding: 10px; background: rgba(16,185,129,0.1); border-radius: 6px; border-left: 4px solid #10b981;"">A) Les pèrdues de càrrega.</div><hr style=""border: 0; border-top: 1px solid #ddd; margin: 12px 0;""><div style=""font-size: 13px; color: #444; line-height: 1.4;""><b style=""color: #111;"">Explicació:</b> En el símil hidràulic, la resistència elèctrica s’assimila a les pèrdues de càrrega en una canonada: dificultats al pas del flux d’aigua equivalen a oposició al pas del corrent.</div></div>","T11_-_Electricitat","6000"
"<div style=""text-align: left; font-family: -apple-system, sans-serif;""><div style=""font-size: 11px; color: #888; margin-bottom: 6px;"">[T11 - Electricitat] Pregunta 382</div><div style=""font-weight: bold; font-size: 16px; margin-bottom: 14px; line-height: 1.4;"">Per què una resistència elèctrica s'escalfa quan hi circula corrent?</div><div style=""font-size: 14px; line-height: 1.6;""><div style=""padding: 5px 0;""><b>A)</b> Per l'efecte Joule.</div><div style=""padding: 5px 0;""><b>B)</b> Per la conductància del material.</div><div style=""padding: 5px 0;""><b>C)</b> Per la resistivitat negativa.</div><div style=""padding: 5px 0;""><b>D)</b> Per la diferència de potencial nul·la.</div></div></div>","<div style=""text-align: left; font-family: -apple-system, sans-serif;""><div style=""font-weight: bold; font-size: 16px; color: #10b981; margin-bottom: 8px;"">✓ Resposta Correcta: A</div><div style=""font-size: 14px; margin-bottom: 12px; padding: 10px; background: rgba(16,185,129,0.1); border-radius: 6px; border-left: 4px solid #10b981;"">A) Per l'efecte Joule.</div><hr style=""border: 0; border-top: 1px solid #ddd; margin: 12px 0;""><div style=""font-size: 13px; color: #444; line-height: 1.4;""><b style=""color: #111;"">Explicació:</b> L'energia elèctrica es transforma parcialment en calor quan el corrent travessa una resistència (efecte Joule).</div></div>","T11_-_Electricitat","9856"
"<div style=""text-align: left; font-family: -apple-system, sans-serif;""><div style=""font-size: 11px; color: #888; margin-bottom: 6px;"">[T11 - Electricitat] Pregunta 383</div><div style=""font-weight: bold; font-size: 16px; margin-bottom: 14px; line-height: 1.4;"">Quin és el sentit físic real del desplaçament dels electrons en corrent continu?</div><div style=""font-size: 14px; line-height: 1.6;""><div style=""padding: 5px 0;""><b>A)</b> Romanen fixes al nucli.</div><div style=""padding: 5px 0;""><b>B)</b> Circulen de negatiu a positiu.</div><div style=""padding: 5px 0;""><b>C)</b> Van de positiu a negatiu.</div><div style=""padding: 5px 0;""><b>D)</b> No tenen sentit definit.</div></div></div>","<div style=""text-align: left; font-family: -apple-system, sans-serif;""><div style=""font-weight: bold; font-size: 16px; color: #10b981; margin-bottom: 8px;"">✓ Resposta Correcta: B</div><div style=""font-size: 14px; margin-bottom: 12px; padding: 10px; background: rgba(16,185,129,0.1); border-radius: 6px; border-left: 4px solid #10b981;"">B) Circulen de negatiu a positiu.</div><hr style=""border: 0; border-top: 1px solid #ddd; margin: 12px 0;""><div style=""font-size: 13px; color: #444; line-height: 1.4;""><b style=""color: #111;"">Explicació:</b> El flux físic dels electrons en corrent continu (CC) va del pol negatiu cap al positiu. Això es contraposa al sentit convencional establert històricament.</div></div>","T11_-_Electricitat","5991"
"<div style=""text-align: left; font-family: -apple-system, sans-serif;""><div style=""font-size: 11px; color: #888; margin-bottom: 6px;"">[T11 - Electricitat] Pregunta 384</div><div style=""font-weight: bold; font-size: 16px; margin-bottom: 14px; line-height: 1.4;"">En sèrie, la intensitat és?</div><div style=""font-size: 14px; line-height: 1.6;""><div style=""padding: 5px 0;""><b>A)</b> Variable en funció de les resistències.</div><div style=""padding: 5px 0;""><b>B)</b> Infinita.</div><div style=""padding: 5px 0;""><b>C)</b> Zero.</div><div style=""padding: 5px 0;""><b>D)</b> La mateixa a tot el circuit.</div></div></div>","<div style=""text-align: left; font-family: -apple-system, sans-serif;""><div style=""font-weight: bold; font-size: 16px; color: #10b981; margin-bottom: 8px;"">✓ Resposta Correcta: D</div><div style=""font-size: 14px; margin-bottom: 12px; padding: 10px; background: rgba(16,185,129,0.1); border-radius: 6px; border-left: 4px solid #10b981;"">D) La mateixa a tot el circuit.</div><hr style=""border: 0; border-top: 1px solid #ddd; margin: 12px 0;""><div style=""font-size: 13px; color: #444; line-height: 1.4;""><b style=""color: #111;"">Explicació:</b> En sèrie el corrent és constant.</div></div>","T11_-_Electricitat","7768"
"<div style=""text-align: left; font-family: -apple-system, sans-serif;""><div style=""font-size: 11px; color: #888; margin-bottom: 6px;"">[T11 - Electricitat] Pregunta 385</div><div style=""font-weight: bold; font-size: 16px; margin-bottom: 14px; line-height: 1.4;"">Què passa si augmenta la secció d'un conductor on circula intensitat mantenint la tensió invariable?</div><div style=""font-size: 14px; line-height: 1.6;""><div style=""padding: 5px 0;""><b>A)</b> La intensitat es fa zero.</div><div style=""padding: 5px 0;""><b>B)</b> La intensitat només depèn del material.</div><div style=""padding: 5px 0;""><b>C)</b> Disminueix  la intensitat.</div><div style=""padding: 5px 0;""><b>D)</b> Augmenta la intensitat.</div></div></div>","<div style=""text-align: left; font-family: -apple-system, sans-serif;""><div style=""font-weight: bold; font-size: 16px; color: #10b981; margin-bottom: 8px;"">✓ Resposta Correcta: D</div><div style=""font-size: 14px; margin-bottom: 12px; padding: 10px; background: rgba(16,185,129,0.1); border-radius: 6px; border-left: 4px solid #10b981;"">D) Augmenta la intensitat.</div><hr style=""border: 0; border-top: 1px solid #ddd; margin: 12px 0;""><div style=""font-size: 13px; color: #444; line-height: 1.4;""><b style=""color: #111;"">Explicació:</b> Més secció → menys resistència → més intensitat.</div></div>","T11_-_Electricitat","7760"
"<div style=""text-align: left; font-family: -apple-system, sans-serif;""><div style=""font-size: 11px; color: #888; margin-bottom: 6px;"">[T11 - Electricitat] Pregunta 386</div><div style=""font-weight: bold; font-size: 16px; margin-bottom: 14px; line-height: 1.4;"">Quina magnitud física mesura la capacitat d’un cos d’emmagatzemar càrrega elèctrica en electricitat estàtica?</div><div style=""font-size: 14px; line-height: 1.6;""><div style=""padding: 5px 0;""><b>A)</b> La inductància (henrys).</div><div style=""padding: 5px 0;""><b>B)</b> La resistència (ohms).</div><div style=""padding: 5px 0;""><b>C)</b> La capacitat elèctrica (farads).</div><div style=""padding: 5px 0;""><b>D)</b> La potència (watts).</div></div></div>","<div style=""text-align: left; font-family: -apple-system, sans-serif;""><div style=""font-weight: bold; font-size: 16px; color: #10b981; margin-bottom: 8px;"">✓ Resposta Correcta: C</div><div style=""font-size: 14px; margin-bottom: 12px; padding: 10px; background: rgba(16,185,129,0.1); border-radius: 6px; border-left: 4px solid #10b981;"">C) La capacitat elèctrica (farads).</div><hr style=""border: 0; border-top: 1px solid #ddd; margin: 12px 0;""><div style=""font-size: 13px; color: #444; line-height: 1.4;""><b style=""color: #111;"">Explicació:</b> La capacitat elèctrica expressada en farads determina la quantitat de càrrega que pot retenir un cos per unitat de potencial elèctric.</div></div>","T11_-_Electricitat","5343"
"<div style=""text-align: left; font-family: -apple-system, sans-serif;""><div style=""font-size: 11px; color: #888; margin-bottom: 6px;"">[T11 - Electricitat] Pregunta 387</div><div style=""font-weight: bold; font-size: 16px; margin-bottom: 14px; line-height: 1.4;"">Quina és una aplicació habitual dels transformadors en les xarxes elèctriques?</div><div style=""font-size: 14px; line-height: 1.6;""><div style=""padding: 5px 0;""><b>A)</b> Elevar la tensió per al transport i reduir-la per al consum.</div><div style=""padding: 5px 0;""><b>B)</b> Emmagatzemar energia.</div><div style=""padding: 5px 0;""><b>C)</b> Generar electricitat a les centrals.</div><div style=""padding: 5px 0;""><b>D)</b> Mesurar el consum elèctric.</div></div></div>","<div style=""text-align: left; font-family: -apple-system, sans-serif;""><div style=""font-weight: bold; font-size: 16px; color: #10b981; margin-bottom: 8px;"">✓ Resposta Correcta: A</div><div style=""font-size: 14px; margin-bottom: 12px; padding: 10px; background: rgba(16,185,129,0.1); border-radius: 6px; border-left: 4px solid #10b981;"">A) Elevar la tensió per al transport i reduir-la per al consum.</div><hr style=""border: 0; border-top: 1px solid #ddd; margin: 12px 0;""><div style=""font-size: 13px; color: #444; line-height: 1.4;""><b style=""color: #111;"">Explicació:</b> L'elevació de tensió redueix les pèrdues durant el transport d'energia, mentre que la reducció posterior permet un ús segur als punts de consum.</div></div>","T11_-_Electricitat","9386"
"<div style=""text-align: left; font-family: -apple-system, sans-serif;""><div style=""font-size: 11px; color: #888; margin-bottom: 6px;"">[T11 - Electricitat] Pregunta 388</div><div style=""font-weight: bold; font-size: 16px; margin-bottom: 14px; line-height: 1.4;"">Què és la intensitat del corrent elèctric?</div><div style=""font-size: 14px; line-height: 1.6;""><div style=""padding: 5px 0;""><b>A)</b> La potència dissipada en un circuit.</div><div style=""padding: 5px 0;""><b>B)</b> La quantitat de càrrega elèctrica que passa per un conductor en un temps determinat.</div><div style=""padding: 5px 0;""><b>C)</b> La diferència de potencial entre dos punts.</div><div style=""padding: 5px 0;""><b>D)</b> La resistència oposada per un conductor.</div></div></div>","<div style=""text-align: left; font-family: -apple-system, sans-serif;""><div style=""font-weight: bold; font-size: 16px; color: #10b981; margin-bottom: 8px;"">✓ Resposta Correcta: B</div><div style=""font-size: 14px; margin-bottom: 12px; padding: 10px; background: rgba(16,185,129,0.1); border-radius: 6px; border-left: 4px solid #10b981;"">B) La quantitat de càrrega elèctrica que passa per un conductor en un temps determinat.</div><hr style=""border: 0; border-top: 1px solid #ddd; margin: 12px 0;""><div style=""font-size: 13px; color: #444; line-height: 1.4;""><b style=""color: #111;"">Explicació:</b> La intensitat del corrent elèctric es defineix com la quantitat de càrrega elèctrica que passa per un conductor en un temps determinat, i es mesura en amperes (A).</div></div>","T11_-_Electricitat","4629"
"<div style=""text-align: left; font-family: -apple-system, sans-serif;""><div style=""font-size: 11px; color: #888; margin-bottom: 6px;"">[T11 - Electricitat] Pregunta 389</div><div style=""font-weight: bold; font-size: 16px; margin-bottom: 14px; line-height: 1.4;"">Quina condició ha de complir un material perquè es consideri estrictament òhmic?</div><div style=""font-size: 14px; line-height: 1.6;""><div style=""padding: 5px 0;""><b>A)</b> La resistivitat ha de ser infinita.</div><div style=""padding: 5px 0;""><b>B)</b> La intensitat ha de ser sempre unitària.</div><div style=""padding: 5px 0;""><b>C)</b> La relació entre tensió i corrent ha de ser lineal dins del rang de funcionament considerat.</div><div style=""padding: 5px 0;""><b>D)</b> La tensió ha de ser constant independentment del corrent.</div></div></div>","<div style=""text-align: left; font-family: -apple-system, sans-serif;""><div style=""font-weight: bold; font-size: 16px; color: #10b981; margin-bottom: 8px;"">✓ Resposta Correcta: C</div><div style=""font-size: 14px; margin-bottom: 12px; padding: 10px; background: rgba(16,185,129,0.1); border-radius: 6px; border-left: 4px solid #10b981;"">C) La relació entre tensió i corrent ha de ser lineal dins del rang de funcionament considerat.</div><hr style=""border: 0; border-top: 1px solid #ddd; margin: 12px 0;""><div style=""font-size: 13px; color: #444; line-height: 1.4;""><b style=""color: #111;"">Explicació:</b> Un material és òhmic quan compleix la llei d'Ohm i presenta una relació lineal entre tensió i corrent.</div></div>","T11_-_Electricitat","9862"
"<div style=""text-align: left; font-family: -apple-system, sans-serif;""><div style=""font-size: 11px; color: #888; margin-bottom: 6px;"">[T11 - Electricitat] Pregunta 390</div><div style=""font-weight: bold; font-size: 16px; margin-bottom: 14px; line-height: 1.4;"">Quin d’aquests transformadors no necessita oli per refredar-se?</div><div style=""font-size: 14px; line-height: 1.6;""><div style=""padding: 5px 0;""><b>A)</b> Transformador de potència gran.</div><div style=""padding: 5px 0;""><b>B)</b> Transformador OFAF.</div><div style=""padding: 5px 0;""><b>C)</b> Transformador ONAN.</div><div style=""padding: 5px 0;""><b>D)</b> Transformador sec encapsulat.</div></div></div>","<div style=""text-align: left; font-family: -apple-system, sans-serif;""><div style=""font-weight: bold; font-size: 16px; color: #10b981; margin-bottom: 8px;"">✓ Resposta Correcta: D</div><div style=""font-size: 14px; margin-bottom: 12px; padding: 10px; background: rgba(16,185,129,0.1); border-radius: 6px; border-left: 4px solid #10b981;"">D) Transformador sec encapsulat.</div><hr style=""border: 0; border-top: 1px solid #ddd; margin: 12px 0;""><div style=""font-size: 13px; color: #444; line-height: 1.4;""><b style=""color: #111;"">Explicació:</b> Els transformadors secs fan servir resines epoxi o aire per refredar-se, i són habituals en interiors on no es vol risc de fuites d’oli.</div></div>","T11_-_Electricitat","5272"
"<div style=""text-align: left; font-family: -apple-system, sans-serif;""><div style=""font-size: 11px; color: #888; margin-bottom: 6px;"">[T11 - Electricitat] Pregunta 391</div><div style=""font-weight: bold; font-size: 16px; margin-bottom: 14px; line-height: 1.4;"">Quin és l'efecte principal d'augmentar la velocitat de gir del rotor d'un alternador mantenint constant l'excitació?</div><div style=""font-size: 14px; line-height: 1.6;""><div style=""padding: 5px 0;""><b>A)</b> Redueix el flux magnètic del rotor.</div><div style=""padding: 5px 0;""><b>B)</b> Elimina les pèrdues per histèresi.</div><div style=""padding: 5px 0;""><b>C)</b> Augmenta la resistència dels bobinats.</div><div style=""padding: 5px 0;""><b>D)</b> Augmenta la tensió induïda a l'estator.</div></div></div>","<div style=""text-align: left; font-family: -apple-system, sans-serif;""><div style=""font-weight: bold; font-size: 16px; color: #10b981; margin-bottom: 8px;"">✓ Resposta Correcta: D</div><div style=""font-size: 14px; margin-bottom: 12px; padding: 10px; background: rgba(16,185,129,0.1); border-radius: 6px; border-left: 4px solid #10b981;"">D) Augmenta la tensió induïda a l'estator.</div><hr style=""border: 0; border-top: 1px solid #ddd; margin: 12px 0;""><div style=""font-size: 13px; color: #444; line-height: 1.4;""><b style=""color: #111;"">Explicació:</b> Si el rotor gira més ràpidament, el flux magnètic travessa els conductors de l'estator amb més rapidesa. Segons la llei de Faraday, això provoca un augment de la tensió induïda i, en un alternador aïllat, també un increment de la freqüència generada.</div></div>","T11_-_Electricitat","9349"
"<div style=""text-align: left; font-family: -apple-system, sans-serif;""><div style=""font-size: 11px; color: #888; margin-bottom: 6px;"">[T11 - Electricitat] Pregunta 392</div><div style=""font-weight: bold; font-size: 16px; margin-bottom: 14px; line-height: 1.4;"">Un alternador monofàsic alimenta una càrrega resistiva a 120 V. Si la potència augmenta fins a 2400 W, quina intensitat subministrarà?</div><div style=""font-size: 14px; line-height: 1.6;""><div style=""padding: 5px 0;""><b>A)</b> 40 A.</div><div style=""padding: 5px 0;""><b>B)</b> 30 A.</div><div style=""padding: 5px 0;""><b>C)</b> 20 A.</div><div style=""padding: 5px 0;""><b>D)</b> 15 A.</div></div></div>","<div style=""text-align: left; font-family: -apple-system, sans-serif;""><div style=""font-weight: bold; font-size: 16px; color: #10b981; margin-bottom: 8px;"">✓ Resposta Correcta: C</div><div style=""font-size: 14px; margin-bottom: 12px; padding: 10px; background: rgba(16,185,129,0.1); border-radius: 6px; border-left: 4px solid #10b981;"">C) 20 A.</div><hr style=""border: 0; border-top: 1px solid #ddd; margin: 12px 0;""><div style=""font-size: 13px; color: #444; line-height: 1.4;""><b style=""color: #111;"">Explicació:</b> En una càrrega resistiva es compleix P=V·I. Aïllant la intensitat obtenim I=P/V=2400/120=20 A. Aquest càlcul permet determinar el corrent necessari per alimentar una determinada potència a una tensió coneguda.</div></div>","T11_-_Electricitat","9441"
"<div style=""text-align: left; font-family: -apple-system, sans-serif;""><div style=""font-size: 11px; color: #888; margin-bottom: 6px;"">[T11 - Electricitat] Pregunta 393</div><div style=""font-weight: bold; font-size: 16px; margin-bottom: 14px; line-height: 1.4;"">Per què els transformadors de transport d'energia operen habitualment prop del punt de màxim rendiment?</div><div style=""font-size: 14px; line-height: 1.6;""><div style=""padding: 5px 0;""><b>A)</b> Per reduir la freqüència de la xarxa.</div><div style=""padding: 5px 0;""><b>B)</b> Per minimitzar les pèrdues totals durant el servei continu.</div><div style=""padding: 5px 0;""><b>C)</b> Per eliminar les pèrdues de coure.</div><div style=""padding: 5px 0;""><b>D)</b> Per augmentar les pèrdues de ferro.</div></div></div>","<div style=""text-align: left; font-family: -apple-system, sans-serif;""><div style=""font-weight: bold; font-size: 16px; color: #10b981; margin-bottom: 8px;"">✓ Resposta Correcta: B</div><div style=""font-size: 14px; margin-bottom: 12px; padding: 10px; background: rgba(16,185,129,0.1); border-radius: 6px; border-left: 4px solid #10b981;"">B) Per minimitzar les pèrdues totals durant el servei continu.</div><hr style=""border: 0; border-top: 1px solid #ddd; margin: 12px 0;""><div style=""font-size: 13px; color: #444; line-height: 1.4;""><b style=""color: #111;"">Explicació:</b> En sistemes de transport i distribució, els transformadors funcionen durant milers d'hores cada any. Operar a prop del punt de màxim rendiment redueix les pèrdues acumulades i millora l'eficiència energètica global de la xarxa.</div></div>","T11_-_Electricitat","9414"
"<div style=""text-align: left; font-family: -apple-system, sans-serif;""><div style=""font-size: 11px; color: #888; margin-bottom: 6px;"">[T11 - Electricitat] Pregunta 394</div><div style=""font-weight: bold; font-size: 16px; margin-bottom: 14px; line-height: 1.4;"">Com es connecta l’amperímetre?</div><div style=""font-size: 14px; line-height: 1.6;""><div style=""padding: 5px 0;""><b>A)</b> En línia.</div><div style=""padding: 5px 0;""><b>B)</b> En pont.</div><div style=""padding: 5px 0;""><b>C)</b> En paral·lel.</div><div style=""padding: 5px 0;""><b>D)</b> En sèrie.</div></div></div>","<div style=""text-align: left; font-family: -apple-system, sans-serif;""><div style=""font-weight: bold; font-size: 16px; color: #10b981; margin-bottom: 8px;"">✓ Resposta Correcta: D</div><div style=""font-size: 14px; margin-bottom: 12px; padding: 10px; background: rgba(16,185,129,0.1); border-radius: 6px; border-left: 4px solid #10b981;"">D) En sèrie.</div><hr style=""border: 0; border-top: 1px solid #ddd; margin: 12px 0;""><div style=""font-size: 13px; color: #444; line-height: 1.4;""><b style=""color: #111;"">Explicació:</b> Per mesurar corrent ha de passar per ell.</div></div>","T11_-_Electricitat","7776"
"<div style=""text-align: left; font-family: -apple-system, sans-serif;""><div style=""font-size: 11px; color: #888; margin-bottom: 6px;"">[T11 - Electricitat] Pregunta 395</div><div style=""font-weight: bold; font-size: 16px; margin-bottom: 14px; line-height: 1.4;"">Dos alternadors idèntics de 3000 W cadascun treballen correctament en paral·lel i reparteixen càrrega. Quina és la potència total disponible?</div><div style=""font-size: 14px; line-height: 1.6;""><div style=""padding: 5px 0;""><b>A)</b> 4500 W.</div><div style=""padding: 5px 0;""><b>B)</b> 12000 W.</div><div style=""padding: 5px 0;""><b>C)</b> 6000 W.</div><div style=""padding: 5px 0;""><b>D)</b> 9000 W.</div></div></div>","<div style=""text-align: left; font-family: -apple-system, sans-serif;""><div style=""font-weight: bold; font-size: 16px; color: #10b981; margin-bottom: 8px;"">✓ Resposta Correcta: C</div><div style=""font-size: 14px; margin-bottom: 12px; padding: 10px; background: rgba(16,185,129,0.1); border-radius: 6px; border-left: 4px solid #10b981;"">C) 6000 W.</div><hr style=""border: 0; border-top: 1px solid #ddd; margin: 12px 0;""><div style=""font-size: 13px; color: #444; line-height: 1.4;""><b style=""color: #111;"">Explicació:</b> Quan dos alternadors estan correctament sincronitzats i funcionen en paral·lel, la potència total disponible és la suma de les seves potències individuals. En aquest cas: 3000 + 3000 = 6000 W.</div></div>","T11_-_Electricitat","9444"
"<div style=""text-align: left; font-family: -apple-system, sans-serif;""><div style=""font-size: 11px; color: #888; margin-bottom: 6px;"">[T11 - Electricitat] Pregunta 396</div><div style=""font-weight: bold; font-size: 16px; margin-bottom: 14px; line-height: 1.4;"">Quin inconvenient important té l’autotransformador respecte al convencional?</div><div style=""font-size: 14px; line-height: 1.6;""><div style=""padding: 5px 0;""><b>A)</b> Necessita més espai físic.</div><div style=""padding: 5px 0;""><b>B)</b> Fa servir bateries externes.</div><div style=""padding: 5px 0;""><b>C)</b> Només serveix per pujar tensió.</div><div style=""padding: 5px 0;""><b>D)</b> No proporciona aïllament galvànic entre primari i secundari.</div></div></div>","<div style=""text-align: left; font-family: -apple-system, sans-serif;""><div style=""font-weight: bold; font-size: 16px; color: #10b981; margin-bottom: 8px;"">✓ Resposta Correcta: D</div><div style=""font-size: 14px; margin-bottom: 12px; padding: 10px; background: rgba(16,185,129,0.1); border-radius: 6px; border-left: 4px solid #10b981;"">D) No proporciona aïllament galvànic entre primari i secundari.</div><hr style=""border: 0; border-top: 1px solid #ddd; margin: 12px 0;""><div style=""font-size: 13px; color: #444; line-height: 1.4;""><b style=""color: #111;"">Explicació:</b> Al compartir el mateix bobinat, no hi ha separació galvànica entre circuits, fet que pot comprometre la seguretat en certes aplicacions.</div></div>","T11_-_Electricitat","5266"
"<div style=""text-align: left; font-family: -apple-system, sans-serif;""><div style=""font-size: 11px; color: #888; margin-bottom: 6px;"">[T11 - Electricitat] Pregunta 397</div><div style=""font-weight: bold; font-size: 16px; margin-bottom: 14px; line-height: 1.4;"">En quina unitat de mesura s’expressa la potència aparent en electricitat?</div><div style=""font-size: 14px; line-height: 1.6;""><div style=""padding: 5px 0;""><b>A)</b> Ohms (Ω).</div><div style=""padding: 5px 0;""><b>B)</b> Newtons (N).</div><div style=""padding: 5px 0;""><b>C)</b> Watts (W).</div><div style=""padding: 5px 0;""><b>D)</b> Voltampers (VA).</div></div></div>","<div style=""text-align: left; font-family: -apple-system, sans-serif;""><div style=""font-weight: bold; font-size: 16px; color: #10b981; margin-bottom: 8px;"">✓ Resposta Correcta: D</div><div style=""font-size: 14px; margin-bottom: 12px; padding: 10px; background: rgba(16,185,129,0.1); border-radius: 6px; border-left: 4px solid #10b981;"">D) Voltampers (VA).</div><hr style=""border: 0; border-top: 1px solid #ddd; margin: 12px 0;""><div style=""font-size: 13px; color: #444; line-height: 1.4;""><b style=""color: #111;"">Explicació:</b> La potència aparent és el producte de la tensió i la intensitat en un circuit de corrent altern. Es mesura en voltampers (VA), a diferència de la potència activa, que es mesura en watts (W).</div></div>","T11_-_Electricitat","6004"
"<div style=""text-align: left; font-family: -apple-system, sans-serif;""><div style=""font-size: 11px; color: #888; margin-bottom: 6px;"">[T11 - Electricitat] Pregunta 398</div><div style=""font-weight: bold; font-size: 16px; margin-bottom: 14px; line-height: 1.4;"">Quina és la interpretació correcta de I = n·q·Vd·S?</div><div style=""font-size: 14px; line-height: 1.6;""><div style=""padding: 5px 0;""><b>A)</b> Relació entre potència i corrent.</div><div style=""padding: 5px 0;""><b>B)</b> Relació entre tensió i resistència.</div><div style=""padding: 5px 0;""><b>C)</b> Relació microscòpica entre densitat de càrrega i corrent.</div><div style=""padding: 5px 0;""><b>D)</b> Relació entre resistència i secció.</div></div></div>","<div style=""text-align: left; font-family: -apple-system, sans-serif;""><div style=""font-weight: bold; font-size: 16px; color: #10b981; margin-bottom: 8px;"">✓ Resposta Correcta: C</div><div style=""font-size: 14px; margin-bottom: 12px; padding: 10px; background: rgba(16,185,129,0.1); border-radius: 6px; border-left: 4px solid #10b981;"">C) Relació microscòpica entre densitat de càrrega i corrent.</div><hr style=""border: 0; border-top: 1px solid #ddd; margin: 12px 0;""><div style=""font-size: 13px; color: #444; line-height: 1.4;""><b style=""color: #111;"">Explicació:</b> Expressa el corrent a nivell microscòpic com el producte del nombre de portadors per unitat de volum (n), la seva càrrega (q), la velocitat de deriva (Vd) i la secció del conductor (S).</div></div>","T11_-_Electricitat","7780"
"<div style=""text-align: left; font-family: -apple-system, sans-serif;""><div style=""font-size: 11px; color: #888; margin-bottom: 6px;"">[T11 - Electricitat] Pregunta 399</div><div style=""font-weight: bold; font-size: 16px; margin-bottom: 14px; line-height: 1.4;"">Què passa amb la intensitat si augmenta la resistència en un circuit simple i el voltatge es manté constant?</div><div style=""font-size: 14px; line-height: 1.6;""><div style=""padding: 5px 0;""><b>A)</b> No canvia.</div><div style=""padding: 5px 0;""><b>B)</b> Oscil·la.</div><div style=""padding: 5px 0;""><b>C)</b> Es fa zero.</div><div style=""padding: 5px 0;""><b>D)</b> Disminueix.</div></div></div>","<div style=""text-align: left; font-family: -apple-system, sans-serif;""><div style=""font-weight: bold; font-size: 16px; color: #10b981; margin-bottom: 8px;"">✓ Resposta Correcta: D</div><div style=""font-size: 14px; margin-bottom: 12px; padding: 10px; background: rgba(16,185,129,0.1); border-radius: 6px; border-left: 4px solid #10b981;"">D) Disminueix.</div><hr style=""border: 0; border-top: 1px solid #ddd; margin: 12px 0;""><div style=""font-size: 13px; color: #444; line-height: 1.4;""><b style=""color: #111;"">Explicació:</b> Segons la llei de Ohm: I = V/R, si R puja, I baixa.</div></div>","T11_-_Electricitat","7759"
"<div style=""text-align: left; font-family: -apple-system, sans-serif;""><div style=""font-size: 11px; color: #888; margin-bottom: 6px;"">[T11 - Electricitat] Pregunta 400</div><div style=""font-weight: bold; font-size: 16px; margin-bottom: 14px; line-height: 1.4;"">Per què la prova de curtcircuit permet determinar les pèrdues de coure d'un transformador?</div><div style=""font-size: 14px; line-height: 1.6;""><div style=""padding: 5px 0;""><b>A)</b> Perquè desapareixen les pèrdues als bobinats i les pèrdues de ferro esdevenen màximes.</div><div style=""padding: 5px 0;""><b>B)</b> Perquè el flux magnètic és superior al nominal.</div><div style=""padding: 5px 0;""><b>C)</b> Perquè el corrent magnetitzant és màxim i les pèrdues màximes.</div><div style=""padding: 5px 0;""><b>D)</b> Perquè s'aplica una tensió reduïda i les pèrdues de ferro esdevenen pràcticament negligibles.</div></div></div>","<div style=""text-align: left; font-family: -apple-system, sans-serif;""><div style=""font-weight: bold; font-size: 16px; color: #10b981; margin-bottom: 8px;"">✓ Resposta Correcta: D</div><div style=""font-size: 14px; margin-bottom: 12px; padding: 10px; background: rgba(16,185,129,0.1); border-radius: 6px; border-left: 4px solid #10b981;"">D) Perquè s'aplica una tensió reduïda i les pèrdues de ferro esdevenen pràcticament negligibles.</div><hr style=""border: 0; border-top: 1px solid #ddd; margin: 12px 0;""><div style=""font-size: 13px; color: #444; line-height: 1.4;""><b style=""color: #111;"">Explicació:</b> En la prova de curtcircuit s'aplica només la tensió necessària per fer circular el corrent nominal. Aquesta tensió és molt inferior a la nominal, de manera que el flux magnètic i les pèrdues de ferro són molt petites. La potència absorbida correspon gairebé íntegrament a les pèrdues de coure dels bobinats.</div></div>","T11_-_Electricitat","9417"
"<div style=""text-align: left; font-family: -apple-system, sans-serif;""><div style=""font-size: 11px; color: #888; margin-bottom: 6px;"">[T11 - Electricitat] Pregunta 401</div><div style=""font-weight: bold; font-size: 16px; margin-bottom: 14px; line-height: 1.4;"">Com es calcula el potencial elèctric creat per una càrrega puntual? Tingueu en compte que ""K"" és la constant de Coulomb, ""Q"" la càrrega i ""r"" la distància de separació entre els punts.</div><div style=""font-size: 14px; line-height: 1.6;""><div style=""padding: 5px 0;""><b>A)</b> V = r / Q.</div><div style=""padding: 5px 0;""><b>B)</b> V = Q / r².</div><div style=""padding: 5px 0;""><b>C)</b> V = k * Q / r.</div><div style=""padding: 5px 0;""><b>D)</b> V = k * r.</div></div></div>","<div style=""text-align: left; font-family: -apple-system, sans-serif;""><div style=""font-weight: bold; font-size: 16px; color: #10b981; margin-bottom: 8px;"">✓ Resposta Correcta: C</div><div style=""font-size: 14px; margin-bottom: 12px; padding: 10px; background: rgba(16,185,129,0.1); border-radius: 6px; border-left: 4px solid #10b981;"">C) V = k * Q / r.</div><hr style=""border: 0; border-top: 1px solid #ddd; margin: 12px 0;""><div style=""font-size: 13px; color: #444; line-height: 1.4;""><b style=""color: #111;"">Explicació:</b> El potencial elèctric creat per una càrrega puntual es calcula amb la fórmula V = k * Q / r, on k és la constant de Coulomb, Q la càrrega i r la distància.</div></div>","T11_-_Electricitat","4708"
"<div style=""text-align: left; font-family: -apple-system, sans-serif;""><div style=""font-size: 11px; color: #888; margin-bottom: 6px;"">[T11 - Electricitat] Pregunta 402</div><div style=""font-weight: bold; font-size: 16px; margin-bottom: 14px; line-height: 1.4;"">Quina és la unitat de la intensitat?</div><div style=""font-size: 14px; line-height: 1.6;""><div style=""padding: 5px 0;""><b>A)</b> Ampere.</div><div style=""padding: 5px 0;""><b>B)</b> Ohm.</div><div style=""padding: 5px 0;""><b>C)</b> Hertz.</div><div style=""padding: 5px 0;""><b>D)</b> Watt.</div></div></div>","<div style=""text-align: left; font-family: -apple-system, sans-serif;""><div style=""font-weight: bold; font-size: 16px; color: #10b981; margin-bottom: 8px;"">✓ Resposta Correcta: A</div><div style=""font-size: 14px; margin-bottom: 12px; padding: 10px; background: rgba(16,185,129,0.1); border-radius: 6px; border-left: 4px solid #10b981;"">A) Ampere.</div><hr style=""border: 0; border-top: 1px solid #ddd; margin: 12px 0;""><div style=""font-size: 13px; color: #444; line-height: 1.4;""><b style=""color: #111;"">Explicació:</b> L’ampere és la unitat del SI per mesurar la intensitat.</div></div>","T11_-_Electricitat","7752"
"<div style=""text-align: left; font-family: -apple-system, sans-serif;""><div style=""font-size: 11px; color: #888; margin-bottom: 6px;"">[T11 - Electricitat] Pregunta 403</div><div style=""font-weight: bold; font-size: 16px; margin-bottom: 14px; line-height: 1.4;"">Quina és la funció principal del regulador automàtic de tensió (AVR) en un alternador industrial?</div><div style=""font-size: 14px; line-height: 1.6;""><div style=""padding: 5px 0;""><b>A)</b> Controlar el corrent d'excitació per mantenir estable la tensió de sortida.</div><div style=""padding: 5px 0;""><b>B)</b> Augmentar el nombre de pols.</div><div style=""padding: 5px 0;""><b>C)</b> Controlar la velocitat del rotor.</div><div style=""padding: 5px 0;""><b>D)</b> Controlar el factor de potència de la càrrega exclusivament.</div></div></div>","<div style=""text-align: left; font-family: -apple-system, sans-serif;""><div style=""font-weight: bold; font-size: 16px; color: #10b981; margin-bottom: 8px;"">✓ Resposta Correcta: A</div><div style=""font-size: 14px; margin-bottom: 12px; padding: 10px; background: rgba(16,185,129,0.1); border-radius: 6px; border-left: 4px solid #10b981;"">A) Controlar el corrent d'excitació per mantenir estable la tensió de sortida.</div><hr style=""border: 0; border-top: 1px solid #ddd; margin: 12px 0;""><div style=""font-size: 13px; color: #444; line-height: 1.4;""><b style=""color: #111;"">Explicació:</b> L'AVR monitoritza contínuament la tensió generada per l'alternador. Si la tensió disminueix per un augment de càrrega, incrementa el corrent d'excitació del rotor. Si la tensió és excessiva, redueix aquesta excitació. D'aquesta manera manté la tensió de sortida dins dels valors previstos de funcionament.</div></div>","T11_-_Electricitat","9369"
"<div style=""text-align: left; font-family: -apple-system, sans-serif;""><div style=""font-size: 11px; color: #888; margin-bottom: 6px;"">[T11 - Electricitat] Pregunta 404</div><div style=""font-weight: bold; font-size: 16px; margin-bottom: 14px; line-height: 1.4;"">En un alternador síncron trifàsic ideal, quina és la principal conseqüència d'augmentar el corrent d'excitació mantenint constants la velocitat i la càrrega mecànica?</div><div style=""font-size: 14px; line-height: 1.6;""><div style=""padding: 5px 0;""><b>A)</b> Augmenta la resistència dels bobinats.</div><div style=""padding: 5px 0;""><b>B)</b> Disminueix la velocitat síncrona.</div><div style=""padding: 5px 0;""><b>C)</b> Augmenta la tensió interna generada i varia l'intercanvi de potència reactiva.</div><div style=""padding: 5px 0;""><b>D)</b> Augmenta la freqüència de sortida.</div></div></div>","<div style=""text-align: left; font-family: -apple-system, sans-serif;""><div style=""font-weight: bold; font-size: 16px; color: #10b981; margin-bottom: 8px;"">✓ Resposta Correcta: C</div><div style=""font-size: 14px; margin-bottom: 12px; padding: 10px; background: rgba(16,185,129,0.1); border-radius: 6px; border-left: 4px solid #10b981;"">C) Augmenta la tensió interna generada i varia l'intercanvi de potència reactiva.</div><hr style=""border: 0; border-top: 1px solid #ddd; margin: 12px 0;""><div style=""font-size: 13px; color: #444; line-height: 1.4;""><b style=""color: #111;"">Explicació:</b> El corrent d'excitació determina la intensitat del camp magnètic del rotor. Si augmenta l'excitació, augmenta la força electromotriu interna generada per l'alternador. En una màquina connectada a una xarxa, això afecta principalment la potència reactiva intercanviada, mentre que la freqüència continua determinada per la velocitat síncrona imposada per la xarxa.</div></div>","T11_-_Electricitat","9363"
"<div style=""text-align: left; font-family: -apple-system, sans-serif;""><div style=""font-size: 11px; color: #888; margin-bottom: 6px;"">[T11 - Electricitat] Pregunta 405</div><div style=""font-weight: bold; font-size: 16px; margin-bottom: 14px; line-height: 1.4;"">Quin component de l'alternador crea el camp magnètic principal?</div><div style=""font-size: 14px; line-height: 1.6;""><div style=""padding: 5px 0;""><b>A)</b> El regulador de tensió.</div><div style=""padding: 5px 0;""><b>B)</b> El pont rectificador.</div><div style=""padding: 5px 0;""><b>C)</b> L'estator.</div><div style=""padding: 5px 0;""><b>D)</b> El rotor.</div></div></div>","<div style=""text-align: left; font-family: -apple-system, sans-serif;""><div style=""font-weight: bold; font-size: 16px; color: #10b981; margin-bottom: 8px;"">✓ Resposta Correcta: D</div><div style=""font-size: 14px; margin-bottom: 12px; padding: 10px; background: rgba(16,185,129,0.1); border-radius: 6px; border-left: 4px solid #10b981;"">D) El rotor.</div><hr style=""border: 0; border-top: 1px solid #ddd; margin: 12px 0;""><div style=""font-size: 13px; color: #444; line-height: 1.4;""><b style=""color: #111;"">Explicació:</b> El rotor és la part mòbil de l'alternador i genera el camp magnètic principal mitjançant un bobinat alimentat amb corrent continu o mitjançant imants permanents. En girar, aquest camp magnètic variable indueix tensió als bobinats de l'estator.</div></div>","T11_-_Electricitat","9337"
"<div style=""text-align: left; font-family: -apple-system, sans-serif;""><div style=""font-size: 11px; color: #888; margin-bottom: 6px;"">[T11 - Electricitat] Pregunta 406</div><div style=""font-weight: bold; font-size: 16px; margin-bottom: 14px; line-height: 1.4;"">Quina resistència és especialment adequada per dissipar potències elevades?</div><div style=""font-size: 14px; line-height: 1.6;""><div style=""padding: 5px 0;""><b>A)</b> La fotoresistència.</div><div style=""padding: 5px 0;""><b>B)</b> La resistència bobinada.</div><div style=""padding: 5px 0;""><b>C)</b> La galga extensiomètrica.</div><div style=""padding: 5px 0;""><b>D)</b> La resistència de pel·lícula gruixuda.</div></div></div>","<div style=""text-align: left; font-family: -apple-system, sans-serif;""><div style=""font-weight: bold; font-size: 16px; color: #10b981; margin-bottom: 8px;"">✓ Resposta Correcta: B</div><div style=""font-size: 14px; margin-bottom: 12px; padding: 10px; background: rgba(16,185,129,0.1); border-radius: 6px; border-left: 4px solid #10b981;"">B) La resistència bobinada.</div><hr style=""border: 0; border-top: 1px solid #ddd; margin: 12px 0;""><div style=""font-size: 13px; color: #444; line-height: 1.4;""><b style=""color: #111;"">Explicació:</b> Les resistències bobinades són habituals en aplicacions de potència per la seva capacitat de dissipació.</div></div>","T11_-_Electricitat","9890"