"Front","Back","Tag","ID"
"<div style=""text-align: left; font-family: -apple-system, sans-serif;""><div style=""font-size: 11px; color: #888; margin-bottom: 6px;"">[T12 - Instal·lacions] Pregunta 1</div><div style=""font-weight: bold; font-size: 16px; margin-bottom: 14px; line-height: 1.4;"">En què consisteix la generació d’electricitat?</div><div style=""font-size: 14px; line-height: 1.6;""><div style=""padding: 5px 0;""><b>A)</b> A repartir l’electricitat entre xarxes locals de baixa tensió.</div><div style=""padding: 5px 0;""><b>B)</b> A convertir recursos energètics en electricitat.</div><div style=""padding: 5px 0;""><b>C)</b> A transportar electricitat entre subestacions a gran distància.</div><div style=""padding: 5px 0;""><b>D)</b> A reduir la tensió perquè arribi als punts de consum.</div></div></div>","<div style=""text-align: left; font-family: -apple-system, sans-serif;""><div style=""font-weight: bold; font-size: 16px; color: #10b981; margin-bottom: 8px;"">✓ Resposta Correcta: B</div><div style=""font-size: 14px; margin-bottom: 12px; padding: 10px; background: rgba(16,185,129,0.1); border-radius: 6px; border-left: 4px solid #10b981;"">B) A convertir recursos energètics en electricitat.</div><hr style=""border: 0; border-top: 1px solid #ddd; margin: 12px 0;""><div style=""font-size: 13px; color: #444; line-height: 1.4;""><b style=""color: #111;"">Explicació:</b> La generació transforma recursos energètics disponibles en energia elèctrica.</div></div>","T12_-_Installacions","15757"
"<div style=""text-align: left; font-family: -apple-system, sans-serif;""><div style=""font-size: 11px; color: #888; margin-bottom: 6px;"">[T12 - Instal·lacions] Pregunta 2</div><div style=""font-weight: bold; font-size: 16px; margin-bottom: 14px; line-height: 1.4;"">Quan una clau de gas té accessibilitat de grau 2?</div><div style=""font-size: 14px; line-height: 1.6;""><div style=""padding: 5px 0;""><b>A)</b> Quan es troba en una zona de difícil accés.</div><div style=""padding: 5px 0;""><b>B)</b> Quan és visible i manipulable directament.</div><div style=""padding: 5px 0;""><b>C)</b> Quan queda darrere un armari, registre o panell fàcilment accessible.</div><div style=""padding: 5px 0;""><b>D)</b> Quan exigeix una escala o mitjà mecànic.</div></div></div>","<div style=""text-align: left; font-family: -apple-system, sans-serif;""><div style=""font-weight: bold; font-size: 16px; color: #10b981; margin-bottom: 8px;"">✓ Resposta Correcta: C</div><div style=""font-size: 14px; margin-bottom: 12px; padding: 10px; background: rgba(16,185,129,0.1); border-radius: 6px; border-left: 4px solid #10b981;"">C) Quan queda darrere un armari, registre o panell fàcilment accessible.</div><hr style=""border: 0; border-top: 1px solid #ddd; margin: 12px 0;""><div style=""font-size: 13px; color: #444; line-height: 1.4;""><b style=""color: #111;"">Explicació:</b> El grau 2 admet elements practicables o fàcilment retirables sense mitjans mecànics especials.</div></div>","T12_-_Installacions","16268"
"<div style=""text-align: left; font-family: -apple-system, sans-serif;""><div style=""font-size: 11px; color: #888; margin-bottom: 6px;"">[T12 - Instal·lacions] Pregunta 3</div><div style=""font-weight: bold; font-size: 16px; margin-bottom: 14px; line-height: 1.4;"">Què indica l’encesa del llum d’un tornavís buscapols?</div><div style=""font-size: 14px; line-height: 1.6;""><div style=""padding: 5px 0;""><b>A)</b> Que el conductor comprovat presenta tensió dins les condicions d’ús de l’eina.</div><div style=""padding: 5px 0;""><b>B)</b> Que la tensió mesurada és exactament de 230 V.</div><div style=""padding: 5px 0;""><b>C)</b> Que la intensitat del conductor és inferior al límit de protecció.</div><div style=""padding: 5px 0;""><b>D)</b> Que el circuit té continuïtat entre fase i neutre.</div></div></div>","<div style=""text-align: left; font-family: -apple-system, sans-serif;""><div style=""font-weight: bold; font-size: 16px; color: #10b981; margin-bottom: 8px;"">✓ Resposta Correcta: A</div><div style=""font-size: 14px; margin-bottom: 12px; padding: 10px; background: rgba(16,185,129,0.1); border-radius: 6px; border-left: 4px solid #10b981;"">A) Que el conductor comprovat presenta tensió dins les condicions d’ús de l’eina.</div><hr style=""border: 0; border-top: 1px solid #ddd; margin: 12px 0;""><div style=""font-size: 13px; color: #444; line-height: 1.4;""><b style=""color: #111;"">Explicació:</b> El buscapols és un indicador de presència de tensió, no un voltímetre.</div></div>","T12_-_Installacions","16022"
"<div style=""text-align: left; font-family: -apple-system, sans-serif;""><div style=""font-size: 11px; color: #888; margin-bottom: 6px;"">[T12 - Instal·lacions] Pregunta 4</div><div style=""font-weight: bold; font-size: 16px; margin-bottom: 14px; line-height: 1.4;"">Quina diferència hi ha entre l’IGM i l’IGA pel que fa a l’àmbit d’actuació?</div><div style=""font-size: 14px; line-height: 1.6;""><div style=""padding: 5px 0;""><b>A)</b> L’IGM actua sobre la centralització de comptadors; l’IGA actua sobre tota la instal·lació interior d’un usuari.</div><div style=""padding: 5px 0;""><b>B)</b> L’IGM actua sobre els circuits interiors d’un usuari; l’IGA actua sobre la centralització de comptadors.</div><div style=""padding: 5px 0;""><b>C)</b> L’IGM limita la potència contractada de cada usuari; l’IGA deixa fora de servei la centralització.</div><div style=""padding: 5px 0;""><b>D)</b> L’IGM detecta fuites a terra a la centralització; l’IGA protegeix la línia general d’alimentació.</div></div></div>","<div style=""text-align: left; font-family: -apple-system, sans-serif;""><div style=""font-weight: bold; font-size: 16px; color: #10b981; margin-bottom: 8px;"">✓ Resposta Correcta: A</div><div style=""font-size: 14px; margin-bottom: 12px; padding: 10px; background: rgba(16,185,129,0.1); border-radius: 6px; border-left: 4px solid #10b981;"">A) L’IGM actua sobre la centralització de comptadors; l’IGA actua sobre tota la instal·lació interior d’un usuari.</div><hr style=""border: 0; border-top: 1px solid #ddd; margin: 12px 0;""><div style=""font-size: 13px; color: #444; line-height: 1.4;""><b style=""color: #111;"">Explicació:</b> L’IGM pertany a la centralització de comptadors, mentre que l’IGA és un dispositiu del quadre interior de cada usuari.</div></div>","T12_-_Installacions","15897"
"<div style=""text-align: left; font-family: -apple-system, sans-serif;""><div style=""font-size: 11px; color: #888; margin-bottom: 6px;"">[T12 - Instal·lacions] Pregunta 5</div><div style=""font-weight: bold; font-size: 16px; margin-bottom: 14px; line-height: 1.4;"">Per a quin ús es poden emprar els grups electrògens en instal·lacions d'autoconsum?</div><div style=""font-size: 14px; line-height: 1.6;""><div style=""padding: 5px 0;""><b>A)</b> Com a mecanisme d’injecció d’excedents a la xarxa.</div><div style=""padding: 5px 0;""><b>B)</b> Com a font principal d’un autoconsum fotovoltaic on-grid.</div><div style=""padding: 5px 0;""><b>C)</b> Com a sistema d’acumulació dels excedents generats.</div><div style=""padding: 5px 0;""><b>D)</b> Com a font d’electricitat de suport o d’emergència.</div></div></div>","<div style=""text-align: left; font-family: -apple-system, sans-serif;""><div style=""font-weight: bold; font-size: 16px; color: #10b981; margin-bottom: 8px;"">✓ Resposta Correcta: D</div><div style=""font-size: 14px; margin-bottom: 12px; padding: 10px; background: rgba(16,185,129,0.1); border-radius: 6px; border-left: 4px solid #10b981;"">D) Com a font d’electricitat de suport o d’emergència.</div><hr style=""border: 0; border-top: 1px solid #ddd; margin: 12px 0;""><div style=""font-size: 13px; color: #444; line-height: 1.4;""><b style=""color: #111;"">Explicació:</b> Els grups electrògens poden proporcionar electricitat de suport o d’emergència.</div></div>","T12_-_Installacions","15733"
"<div style=""text-align: left; font-family: -apple-system, sans-serif;""><div style=""font-size: 11px; color: #888; margin-bottom: 6px;"">[T12 - Instal·lacions] Pregunta 6</div><div style=""font-weight: bold; font-size: 16px; margin-bottom: 14px; line-height: 1.4;"">Quines etapes principals cal diferenciar abans de les instal·lacions finals de consum?</div><div style=""font-size: 14px; line-height: 1.6;""><div style=""padding: 5px 0;""><b>A)</b> Generació, transport i distribució.</div><div style=""padding: 5px 0;""><b>B)</b> Distribució, acumulació i transformació pròpia.</div><div style=""padding: 5px 0;""><b>C)</b> Transport, consum i protecció.</div><div style=""padding: 5px 0;""><b>D)</b> Generació, acumulació i autoconsum.</div></div></div>","<div style=""text-align: left; font-family: -apple-system, sans-serif;""><div style=""font-weight: bold; font-size: 16px; color: #10b981; margin-bottom: 8px;"">✓ Resposta Correcta: A</div><div style=""font-size: 14px; margin-bottom: 12px; padding: 10px; background: rgba(16,185,129,0.1); border-radius: 6px; border-left: 4px solid #10b981;"">A) Generació, transport i distribució.</div><hr style=""border: 0; border-top: 1px solid #ddd; margin: 12px 0;""><div style=""font-size: 13px; color: #444; line-height: 1.4;""><b style=""color: #111;"">Explicació:</b> Les tres etapes principals de la xarxa que cal distingir són la generació, el transport i la distribució.</div></div>","T12_-_Installacions","15697"
"<div style=""text-align: left; font-family: -apple-system, sans-serif;""><div style=""font-size: 11px; color: #888; margin-bottom: 6px;"">[T12 - Instal·lacions] Pregunta 7</div><div style=""font-weight: bold; font-size: 16px; margin-bottom: 14px; line-height: 1.4;"">Quin dispositiu és el més directament relacionat amb la protecció per a les persones?</div><div style=""font-size: 14px; line-height: 1.6;""><div style=""padding: 5px 0;""><b>A)</b> L’interruptor diferencial (ID).</div><div style=""padding: 5px 0;""><b>B)</b> El petit interruptor automàtic (PIA).</div><div style=""padding: 5px 0;""><b>C)</b> L’interruptor general automàtic (IGA).</div><div style=""padding: 5px 0;""><b>D)</b> L’interruptor de control de potència (ICP).</div></div></div>","<div style=""text-align: left; font-family: -apple-system, sans-serif;""><div style=""font-weight: bold; font-size: 16px; color: #10b981; margin-bottom: 8px;"">✓ Resposta Correcta: A</div><div style=""font-size: 14px; margin-bottom: 12px; padding: 10px; background: rgba(16,185,129,0.1); border-radius: 6px; border-left: 4px solid #10b981;"">A) L’interruptor diferencial (ID).</div><hr style=""border: 0; border-top: 1px solid #ddd; margin: 12px 0;""><div style=""font-size: 13px; color: #444; line-height: 1.4;""><b style=""color: #111;"">Explicació:</b> La protecció davant de contactes indirectes correspon específicament a l’interruptor diferencial.</div></div>","T12_-_Installacions","15927"
"<div style=""text-align: left; font-family: -apple-system, sans-serif;""><div style=""font-size: 11px; color: #888; margin-bottom: 6px;"">[T12 - Instal·lacions] Pregunta 8</div><div style=""font-weight: bold; font-size: 16px; margin-bottom: 14px; line-height: 1.4;"">Quina sensibilitat diferencial és obligatòria habitualment en habitatges?</div><div style=""font-size: 14px; line-height: 1.6;""><div style=""padding: 5px 0;""><b>A)</b> 100 A.</div><div style=""padding: 5px 0;""><b>B)</b> 30 mA.</div><div style=""padding: 5px 0;""><b>C)</b> 10 A.</div><div style=""padding: 5px 0;""><b>D)</b> 300 V.</div></div></div>","<div style=""text-align: left; font-family: -apple-system, sans-serif;""><div style=""font-weight: bold; font-size: 16px; color: #10b981; margin-bottom: 8px;"">✓ Resposta Correcta: B</div><div style=""font-size: 14px; margin-bottom: 12px; padding: 10px; background: rgba(16,185,129,0.1); border-radius: 6px; border-left: 4px solid #10b981;"">B) 30 mA.</div><hr style=""border: 0; border-top: 1px solid #ddd; margin: 12px 0;""><div style=""font-size: 13px; color: #444; line-height: 1.4;""><b style=""color: #111;"">Explicació:</b> Els diferencials de 30 mA s’utilitzen com a nivell habitual de protecció de persones en habitatges.</div></div>","T12_-_Installacions","15980"
"<div style=""text-align: left; font-family: -apple-system, sans-serif;""><div style=""font-size: 11px; color: #888; margin-bottom: 6px;"">[T12 - Instal·lacions] Pregunta 9</div><div style=""font-weight: bold; font-size: 16px; margin-bottom: 14px; line-height: 1.4;"">Quina clau permet tallar tot el gas d’un habitatge des d’un punt accessible?</div><div style=""font-size: 14px; line-height: 1.6;""><div style=""padding: 5px 0;""><b>A)</b> La clau de connexió d’aparell.</div><div style=""padding: 5px 0;""><b>B)</b> La clau de muntant.</div><div style=""padding: 5px 0;""><b>C)</b> La clau general de pas.</div><div style=""padding: 5px 0;""><b>D)</b> La clau de comptador.</div></div></div>","<div style=""text-align: left; font-family: -apple-system, sans-serif;""><div style=""font-weight: bold; font-size: 16px; color: #10b981; margin-bottom: 8px;"">✓ Resposta Correcta: C</div><div style=""font-size: 14px; margin-bottom: 12px; padding: 10px; background: rgba(16,185,129,0.1); border-radius: 6px; border-left: 4px solid #10b981;"">C) La clau general de pas.</div><hr style=""border: 0; border-top: 1px solid #ddd; margin: 12px 0;""><div style=""font-size: 13px; color: #444; line-height: 1.4;""><b style=""color: #111;"">Explicació:</b> La clau general permet interrompre el subministrament de tota la instal·lació de l’habitatge.</div></div>","T12_-_Installacions","16265"
"<div style=""text-align: left; font-family: -apple-system, sans-serif;""><div style=""font-size: 11px; color: #888; margin-bottom: 6px;"">[T12 - Instal·lacions] Pregunta 10</div><div style=""font-weight: bold; font-size: 16px; margin-bottom: 14px; line-height: 1.4;"">Quina aplicació és habitual d’una xarxa de gas BP?</div><div style=""font-size: 14px; line-height: 1.6;""><div style=""padding: 5px 0;""><b>A)</b> Transport per gasoducte.</div><div style=""padding: 5px 0;""><b>B)</b> Alimentació de grans centres de consum.</div><div style=""padding: 5px 0;""><b>C)</b> Distribució urbana industrial.</div><div style=""padding: 5px 0;""><b>D)</b> Instal·lacions receptores domèstiques i comercials.</div></div></div>","<div style=""text-align: left; font-family: -apple-system, sans-serif;""><div style=""font-weight: bold; font-size: 16px; color: #10b981; margin-bottom: 8px;"">✓ Resposta Correcta: D</div><div style=""font-size: 14px; margin-bottom: 12px; padding: 10px; background: rgba(16,185,129,0.1); border-radius: 6px; border-left: 4px solid #10b981;"">D) Instal·lacions receptores domèstiques i comercials.</div><hr style=""border: 0; border-top: 1px solid #ddd; margin: 12px 0;""><div style=""font-size: 13px; color: #444; line-height: 1.4;""><b style=""color: #111;"">Explicació:</b> La BP correspon a la pressió final d’ús en instal·lacions receptores.</div></div>","T12_-_Installacions","16248"
"<div style=""text-align: left; font-family: -apple-system, sans-serif;""><div style=""font-size: 11px; color: #888; margin-bottom: 6px;"">[T12 - Instal·lacions] Pregunta 11</div><div style=""font-weight: bold; font-size: 16px; margin-bottom: 14px; line-height: 1.4;"">Quins conductors es poden veure en una derivació monofàsica de baixa tensió?</div><div style=""font-size: 14px; line-height: 1.6;""><div style=""padding: 5px 0;""><b>A)</b> Una fase i un neutre.</div><div style=""padding: 5px 0;""><b>B)</b> Tres fases sense neutre.</div><div style=""padding: 5px 0;""><b>C)</b> Dues fases i un neutre.</div><div style=""padding: 5px 0;""><b>D)</b> Tres fases i un neutre.</div></div></div>","<div style=""text-align: left; font-family: -apple-system, sans-serif;""><div style=""font-weight: bold; font-size: 16px; color: #10b981; margin-bottom: 8px;"">✓ Resposta Correcta: A</div><div style=""font-size: 14px; margin-bottom: 12px; padding: 10px; background: rgba(16,185,129,0.1); border-radius: 6px; border-left: 4px solid #10b981;"">A) Una fase i un neutre.</div><hr style=""border: 0; border-top: 1px solid #ddd; margin: 12px 0;""><div style=""font-size: 13px; color: #444; line-height: 1.4;""><b style=""color: #111;"">Explicació:</b> Quan la distribució ja s’ha separat a monofàsica, és habitual trobar dos conductors: fase i neutre.</div></div>","T12_-_Installacions","15857"
"<div style=""text-align: left; font-family: -apple-system, sans-serif;""><div style=""font-size: 11px; color: #888; margin-bottom: 6px;"">[T12 - Instal·lacions] Pregunta 12</div><div style=""font-weight: bold; font-size: 16px; margin-bottom: 14px; line-height: 1.4;"">De què depèn la capacitat de protecció d’un equip dielèctric?</div><div style=""font-size: 14px; line-height: 1.6;""><div style=""padding: 5px 0;""><b>A)</b> De la intensitat nominal del circuit i de la sensibilitat del diferencial.</div><div style=""padding: 5px 0;""><b>B)</b> De la seva classe i de la tensió màxima per a la qual està dissenyat.</div><div style=""padding: 5px 0;""><b>C)</b> De la secció del conductor i de la potència del receptor.</div><div style=""padding: 5px 0;""><b>D)</b> Del color de l’aïllament i de la longitud total de l’eina.</div></div></div>","<div style=""text-align: left; font-family: -apple-system, sans-serif;""><div style=""font-weight: bold; font-size: 16px; color: #10b981; margin-bottom: 8px;"">✓ Resposta Correcta: B</div><div style=""font-size: 14px; margin-bottom: 12px; padding: 10px; background: rgba(16,185,129,0.1); border-radius: 6px; border-left: 4px solid #10b981;"">B) De la seva classe i de la tensió màxima per a la qual està dissenyat.</div><hr style=""border: 0; border-top: 1px solid #ddd; margin: 12px 0;""><div style=""font-size: 13px; color: #444; line-height: 1.4;""><b style=""color: #111;"">Explicació:</b> Cada equip té límits elèctrics definits que no es poden superar.</div></div>","T12_-_Installacions","16080"
"<div style=""text-align: left; font-family: -apple-system, sans-serif;""><div style=""font-size: 11px; color: #888; margin-bottom: 6px;"">[T12 - Instal·lacions] Pregunta 13</div><div style=""font-weight: bold; font-size: 16px; margin-bottom: 14px; line-height: 1.4;"">Quina funció té la clau d’escomesa d’una instal·lació de gas?</div><div style=""font-size: 14px; line-height: 1.6;""><div style=""padding: 5px 0;""><b>A)</b> Tallar un únic aparell.</div><div style=""padding: 5px 0;""><b>B)</b> Regular la pressió abans del comptador.</div><div style=""padding: 5px 0;""><b>C)</b> Tallar el gas a la instal·lació receptora.</div><div style=""padding: 5px 0;""><b>D)</b> Separar un usuari de la instal·lació comuna.</div></div></div>","<div style=""text-align: left; font-family: -apple-system, sans-serif;""><div style=""font-weight: bold; font-size: 16px; color: #10b981; margin-bottom: 8px;"">✓ Resposta Correcta: C</div><div style=""font-size: 14px; margin-bottom: 12px; padding: 10px; background: rgba(16,185,129,0.1); border-radius: 6px; border-left: 4px solid #10b981;"">C) Tallar el gas a la instal·lació receptora.</div><hr style=""border: 0; border-top: 1px solid #ddd; margin: 12px 0;""><div style=""font-size: 13px; color: #444; line-height: 1.4;""><b style=""color: #111;"">Explicació:</b> La clau d’escomesa permet interrompre el subministrament cap a la instal·lació receptora.</div></div>","T12_-_Installacions","16271"
"<div style=""text-align: left; font-family: -apple-system, sans-serif;""><div style=""font-size: 11px; color: #888; margin-bottom: 6px;"">[T12 - Instal·lacions] Pregunta 14</div><div style=""font-weight: bold; font-size: 16px; margin-bottom: 14px; line-height: 1.4;"">Per què cal un regulador en una instal·lació domèstica de gas natural?</div><div style=""font-size: 14px; line-height: 1.6;""><div style=""padding: 5px 0;""><b>A)</b> Per mesurar el consum de l’usuari.</div><div style=""padding: 5px 0;""><b>B)</b> Per reduir la pressió fins al valor de servei.</div><div style=""padding: 5px 0;""><b>C)</b> Per augmentar el cabal als aparells.</div><div style=""padding: 5px 0;""><b>D)</b> Per evacuar els productes de combustió.</div></div></div>","<div style=""text-align: left; font-family: -apple-system, sans-serif;""><div style=""font-weight: bold; font-size: 16px; color: #10b981; margin-bottom: 8px;"">✓ Resposta Correcta: B</div><div style=""font-size: 14px; margin-bottom: 12px; padding: 10px; background: rgba(16,185,129,0.1); border-radius: 6px; border-left: 4px solid #10b981;"">B) Per reduir la pressió fins al valor de servei.</div><hr style=""border: 0; border-top: 1px solid #ddd; margin: 12px 0;""><div style=""font-size: 13px; color: #444; line-height: 1.4;""><b style=""color: #111;"">Explicació:</b> La distribució pot arribar a pressions superiors a les necessàries pels aparells i cal reduir-les.</div></div>","T12_-_Installacions","16285"
"<div style=""text-align: left; font-family: -apple-system, sans-serif;""><div style=""font-size: 11px; color: #888; margin-bottom: 6px;"">[T12 - Instal·lacions] Pregunta 15</div><div style=""font-weight: bold; font-size: 16px; margin-bottom: 14px; line-height: 1.4;"">Quin tipus de consumidor pot connectar-se excepcionalment a la xarxa de transport?</div><div style=""font-size: 14px; line-height: 1.6;""><div style=""padding: 5px 0;""><b>A)</b> Un habitatge connectat a una xarxa local de 230 V.</div><div style=""padding: 5px 0;""><b>B)</b> Un gran consumidor industrial, com una refineria o una indústria metal·lúrgica.</div><div style=""padding: 5px 0;""><b>C)</b> Un gran comerç alimentat a 400V.</div><div style=""padding: 5px 0;""><b>D)</b> Un edifici residencial amb una instal·lació interior trifàsica.</div></div></div>","<div style=""text-align: left; font-family: -apple-system, sans-serif;""><div style=""font-weight: bold; font-size: 16px; color: #10b981; margin-bottom: 8px;"">✓ Resposta Correcta: B</div><div style=""font-size: 14px; margin-bottom: 12px; padding: 10px; background: rgba(16,185,129,0.1); border-radius: 6px; border-left: 4px solid #10b981;"">B) Un gran consumidor industrial, com una refineria o una indústria metal·lúrgica.</div><hr style=""border: 0; border-top: 1px solid #ddd; margin: 12px 0;""><div style=""font-size: 13px; color: #444; line-height: 1.4;""><b style=""color: #111;"">Explicació:</b> Alguns grans consumidors poden connectar-se directament a la xarxa de transport.</div></div>","T12_-_Installacions","15806"
"<div style=""text-align: left; font-family: -apple-system, sans-serif;""><div style=""font-size: 11px; color: #888; margin-bottom: 6px;"">[T12 - Instal·lacions] Pregunta 16</div><div style=""font-weight: bold; font-size: 16px; margin-bottom: 14px; line-height: 1.4;"">Quin ordre de magnitud té habitualment la tensió de sortida dels generadors després d’elevar-la?</div><div style=""font-size: 14px; line-height: 1.6;""><div style=""padding: 5px 0;""><b>A)</b> Desenes de volts.</div><div style=""padding: 5px 0;""><b>B)</b> Desenes de quilovolts.</div><div style=""padding: 5px 0;""><b>C)</b> Centenars de volts.</div><div style=""padding: 5px 0;""><b>D)</b> Centenars de quilovolts.</div></div></div>","<div style=""text-align: left; font-family: -apple-system, sans-serif;""><div style=""font-weight: bold; font-size: 16px; color: #10b981; margin-bottom: 8px;"">✓ Resposta Correcta: D</div><div style=""font-size: 14px; margin-bottom: 12px; padding: 10px; background: rgba(16,185,129,0.1); border-radius: 6px; border-left: 4px solid #10b981;"">D) Centenars de quilovolts.</div><hr style=""border: 0; border-top: 1px solid #ddd; margin: 12px 0;""><div style=""font-size: 13px; color: #444; line-height: 1.4;""><b style=""color: #111;"">Explicació:</b> La connexió amb la xarxa de transport es fa habitualment per sobre dels 110 kV.</div></div>","T12_-_Installacions","15778"
"<div style=""text-align: left; font-family: -apple-system, sans-serif;""><div style=""font-size: 11px; color: #888; margin-bottom: 6px;"">[T12 - Instal·lacions] Pregunta 17</div><div style=""font-weight: bold; font-size: 16px; margin-bottom: 14px; line-height: 1.4;"">A més de tensió alterna, què poden detectar habitualment molts discriminadors?</div><div style=""font-size: 14px; line-height: 1.6;""><div style=""padding: 5px 0;""><b>A)</b> Tensió contínua, amb indicació de polaritat.</div><div style=""padding: 5px 0;""><b>B)</b> Resistència d’aïllament a alta tensió amb valor numèric.</div><div style=""padding: 5px 0;""><b>C)</b> Potència activa amb identificació automàtica del factor de potència.</div><div style=""padding: 5px 0;""><b>D)</b> Intensitat alterna sense necessitat d’obrir el circuit.</div></div></div>","<div style=""text-align: left; font-family: -apple-system, sans-serif;""><div style=""font-weight: bold; font-size: 16px; color: #10b981; margin-bottom: 8px;"">✓ Resposta Correcta: A</div><div style=""font-size: 14px; margin-bottom: 12px; padding: 10px; background: rgba(16,185,129,0.1); border-radius: 6px; border-left: 4px solid #10b981;"">A) Tensió contínua, amb indicació de polaritat.</div><hr style=""border: 0; border-top: 1px solid #ddd; margin: 12px 0;""><div style=""font-size: 13px; color: #444; line-height: 1.4;""><b style=""color: #111;"">Explicació:</b> Molts discriminadors treballen també amb corrent continu i indiquen la polaritat.</div></div>","T12_-_Installacions","16032"
"<div style=""text-align: left; font-family: -apple-system, sans-serif;""><div style=""font-size: 11px; color: #888; margin-bottom: 6px;"">[T12 - Instal·lacions] Pregunta 18</div><div style=""font-weight: bold; font-size: 16px; margin-bottom: 14px; line-height: 1.4;"">Davant un contacte directe amb una fase, com actua el diferencial si part del corrent passa per la persona cap a terra?</div><div style=""font-size: 14px; line-height: 1.6;""><div style=""padding: 5px 0;""><b>A)</b> Detecta que el corrent no retorna pel neutre i desconnecta.</div><div style=""padding: 5px 0;""><b>B)</b> Detecta una sobrecàrrega tèrmica i actua al cap d’un temps.</div><div style=""padding: 5px 0;""><b>C)</b> Manté el circuit connectat perquè fase i neutre continuen equilibrats.</div><div style=""padding: 5px 0;""><b>D)</b> Detecta una sobretensió i deriva el pic a terra.</div></div></div>","<div style=""text-align: left; font-family: -apple-system, sans-serif;""><div style=""font-weight: bold; font-size: 16px; color: #10b981; margin-bottom: 8px;"">✓ Resposta Correcta: A</div><div style=""font-size: 14px; margin-bottom: 12px; padding: 10px; background: rgba(16,185,129,0.1); border-radius: 6px; border-left: 4px solid #10b981;"">A) Detecta que el corrent no retorna pel neutre i desconnecta.</div><hr style=""border: 0; border-top: 1px solid #ddd; margin: 12px 0;""><div style=""font-size: 13px; color: #444; line-height: 1.4;""><b style=""color: #111;"">Explicació:</b> El corrent que retorna per terra a través de la persona crea un desequilibri detectable.</div></div>","T12_-_Installacions","15994"
"<div style=""text-align: left; font-family: -apple-system, sans-serif;""><div style=""font-size: 11px; color: #888; margin-bottom: 6px;"">[T12 - Instal·lacions] Pregunta 19</div><div style=""font-weight: bold; font-size: 16px; margin-bottom: 14px; line-height: 1.4;"">Quin criteri visual ajuda a diferenciar una línia elèctrica trifàsica de baixa tensió d’un cablejat de comunicacions?</div><div style=""font-size: 14px; line-height: 1.6;""><div style=""padding: 5px 0;""><b>A)</b> La presència d’un únic conductor trenat.</div><div style=""padding: 5px 0;""><b>B)</b> La presència habitual de quatre conductors: tres fases i neutre.</div><div style=""padding: 5px 0;""><b>C)</b> La presència habitual de tres conductors: dues fases i neutre.</div><div style=""padding: 5px 0;""><b>D)</b> La presència obligatòria de cinc conductors paral·lels.</div></div></div>","<div style=""text-align: left; font-family: -apple-system, sans-serif;""><div style=""font-weight: bold; font-size: 16px; color: #10b981; margin-bottom: 8px;"">✓ Resposta Correcta: B</div><div style=""font-size: 14px; margin-bottom: 12px; padding: 10px; background: rgba(16,185,129,0.1); border-radius: 6px; border-left: 4px solid #10b981;"">B) La presència habitual de quatre conductors: tres fases i neutre.</div><hr style=""border: 0; border-top: 1px solid #ddd; margin: 12px 0;""><div style=""font-size: 13px; color: #444; line-height: 1.4;""><b style=""color: #111;"">Explicació:</b> En baixa tensió trifàsica és habitual identificar quatre conductors corresponents a les tres fases i el neutre.</div></div>","T12_-_Installacions","15862"
"<div style=""text-align: left; font-family: -apple-system, sans-serif;""><div style=""font-size: 11px; color: #888; margin-bottom: 6px;"">[T12 - Instal·lacions] Pregunta 20</div><div style=""font-weight: bold; font-size: 16px; margin-bottom: 14px; line-height: 1.4;"">Com és la separació entre fases en les línies de transport respecte de línies de menor tensió?</div><div style=""font-size: 14px; line-height: 1.6;""><div style=""padding: 5px 0;""><b>A)</b> És més gran.</div><div style=""padding: 5px 0;""><b>B)</b> Depèn sobretot del nombre de circuits.</div><div style=""padding: 5px 0;""><b>C)</b> Es manté similar.</div><div style=""padding: 5px 0;""><b>D)</b> És més petita.</div></div></div>","<div style=""text-align: left; font-family: -apple-system, sans-serif;""><div style=""font-weight: bold; font-size: 16px; color: #10b981; margin-bottom: 8px;"">✓ Resposta Correcta: A</div><div style=""font-size: 14px; margin-bottom: 12px; padding: 10px; background: rgba(16,185,129,0.1); border-radius: 6px; border-left: 4px solid #10b981;"">A) És més gran.</div><hr style=""border: 0; border-top: 1px solid #ddd; margin: 12px 0;""><div style=""font-size: 13px; color: #444; line-height: 1.4;""><b style=""color: #111;"">Explicació:</b> Les línies de transport mantenen una separació entre fases més elevada.</div></div>","T12_-_Installacions","15821"
"<div style=""text-align: left; font-family: -apple-system, sans-serif;""><div style=""font-size: 11px; color: #888; margin-bottom: 6px;"">[T12 - Instal·lacions] Pregunta 21</div><div style=""font-weight: bold; font-size: 16px; margin-bottom: 14px; line-height: 1.4;"">Quina forma característica té un sifó de sanejament?</div><div style=""font-size: 14px; line-height: 1.6;""><div style=""padding: 5px 0;""><b>A)</b> Una S oberta.</div><div style=""padding: 5px 0;""><b>B)</b> Una U oberta.</div><div style=""padding: 5px 0;""><b>C)</b> Una T invertida.</div><div style=""padding: 5px 0;""><b>D)</b> Una U invertida.</div></div></div>","<div style=""text-align: left; font-family: -apple-system, sans-serif;""><div style=""font-weight: bold; font-size: 16px; color: #10b981; margin-bottom: 8px;"">✓ Resposta Correcta: D</div><div style=""font-size: 14px; margin-bottom: 12px; padding: 10px; background: rgba(16,185,129,0.1); border-radius: 6px; border-left: 4px solid #10b981;"">D) Una U invertida.</div><hr style=""border: 0; border-top: 1px solid #ddd; margin: 12px 0;""><div style=""font-size: 13px; color: #444; line-height: 1.4;""><b style=""color: #111;"">Explicació:</b> El sifó descrit té forma d’U invertida i permet el desguàs per gravetat.</div></div>","T12_-_Installacions","16168"
"<div style=""text-align: left; font-family: -apple-system, sans-serif;""><div style=""font-size: 11px; color: #888; margin-bottom: 6px;"">[T12 - Instal·lacions] Pregunta 22</div><div style=""font-weight: bold; font-size: 16px; margin-bottom: 14px; line-height: 1.4;"">En funcionament normal, quina relació de corrents espera un diferencial entre l’entrada i la sortida del circuit?</div><div style=""font-size: 14px; line-height: 1.6;""><div style=""padding: 5px 0;""><b>A)</b> Que el corrent de neutre sigui sempre nul.</div><div style=""padding: 5px 0;""><b>B)</b> Que el corrent que entra sigui igual al que surt.</div><div style=""padding: 5px 0;""><b>C)</b> Que hi hagi una diferència constant de 30 mA.</div><div style=""padding: 5px 0;""><b>D)</b> Que el corrent de fase sigui superior al de retorn.</div></div></div>","<div style=""text-align: left; font-family: -apple-system, sans-serif;""><div style=""font-weight: bold; font-size: 16px; color: #10b981; margin-bottom: 8px;"">✓ Resposta Correcta: B</div><div style=""font-size: 14px; margin-bottom: 12px; padding: 10px; background: rgba(16,185,129,0.1); border-radius: 6px; border-left: 4px solid #10b981;"">B) Que el corrent que entra sigui igual al que surt.</div><hr style=""border: 0; border-top: 1px solid #ddd; margin: 12px 0;""><div style=""font-size: 13px; color: #444; line-height: 1.4;""><b style=""color: #111;"">Explicació:</b> Sense fugues, el corrent que entra al circuit ha de retornar pel mateix conjunt de conductors controlats.</div></div>","T12_-_Installacions","15975"
"<div style=""text-align: left; font-family: -apple-system, sans-serif;""><div style=""font-size: 11px; color: #888; margin-bottom: 6px;"">[T12 - Instal·lacions] Pregunta 23</div><div style=""font-weight: bold; font-size: 16px; margin-bottom: 14px; line-height: 1.4;"">Quin és l'ordre de les 5 regles d'or?</div><div style=""font-size: 14px; line-height: 1.6;""><div style=""padding: 5px 0;""><b>A)</b> No es necessari seguir l'ordre mentre es cumpleixin totes</div><div style=""padding: 5px 0;""><b>B)</b> Desconnectar, posar a terra i en curtcircuit, protegir i senyalitzar, prevenir realimentacions, verificar absència de tensió.</div><div style=""padding: 5px 0;""><b>C)</b> Desconnectar, verificar absència de tensió, posar a terra i en curtcircuit, protegir i senyalitzar, prevenir realimentacions.</div><div style=""padding: 5px 0;""><b>D)</b> Desconnectar, prevenir realimentacions, verificar absència de tensió, posar a terra i en curtcircuit, protegir i senyalitzar.</div></div></div>","<div style=""text-align: left; font-family: -apple-system, sans-serif;""><div style=""font-weight: bold; font-size: 16px; color: #10b981; margin-bottom: 8px;"">✓ Resposta Correcta: D</div><div style=""font-size: 14px; margin-bottom: 12px; padding: 10px; background: rgba(16,185,129,0.1); border-radius: 6px; border-left: 4px solid #10b981;"">D) Desconnectar, prevenir realimentacions, verificar absència de tensió, posar a terra i en curtcircuit, protegir i senyalitzar.</div><hr style=""border: 0; border-top: 1px solid #ddd; margin: 12px 0;""><div style=""font-size: 13px; color: #444; line-height: 1.4;""><b style=""color: #111;"">Explicació:</b> Sempre s'ha de seguir aquest ordre.</div></div>","T12_-_Installacions","16060"
"<div style=""text-align: left; font-family: -apple-system, sans-serif;""><div style=""font-size: 11px; color: #888; margin-bottom: 6px;"">[T12 - Instal·lacions] Pregunta 24</div><div style=""font-weight: bold; font-size: 16px; margin-bottom: 14px; line-height: 1.4;"">Quines turbines combina una central de cicle combinat?</div><div style=""font-size: 14px; line-height: 1.6;""><div style=""padding: 5px 0;""><b>A)</b> Una turbina de gas i una turbina de vapor.</div><div style=""padding: 5px 0;""><b>B)</b> Una turbina de vapor i una turbina hidràulica.</div><div style=""padding: 5px 0;""><b>C)</b> Una turbina de gas i una turbina hidràulica.</div><div style=""padding: 5px 0;""><b>D)</b> Una turbina hidràulica i una turbina eòlica.</div></div></div>","<div style=""text-align: left; font-family: -apple-system, sans-serif;""><div style=""font-weight: bold; font-size: 16px; color: #10b981; margin-bottom: 8px;"">✓ Resposta Correcta: A</div><div style=""font-size: 14px; margin-bottom: 12px; padding: 10px; background: rgba(16,185,129,0.1); border-radius: 6px; border-left: 4px solid #10b981;"">A) Una turbina de gas i una turbina de vapor.</div><hr style=""border: 0; border-top: 1px solid #ddd; margin: 12px 0;""><div style=""font-size: 13px; color: #444; line-height: 1.4;""><b style=""color: #111;"">Explicació:</b> El cicle combinat integra una turbina de gas amb una de vapor.</div></div>","T12_-_Installacions","15772"
"<div style=""text-align: left; font-family: -apple-system, sans-serif;""><div style=""font-size: 11px; color: #888; margin-bottom: 6px;"">[T12 - Instal·lacions] Pregunta 25</div><div style=""font-weight: bold; font-size: 16px; margin-bottom: 14px; line-height: 1.4;"">Quin dels següents és una instal·lació receptora?</div><div style=""font-size: 14px; line-height: 1.6;""><div style=""padding: 5px 0;""><b>A)</b> Un centre de transformació.</div><div style=""padding: 5px 0;""><b>B)</b> Un armari de distribució urbana.</div><div style=""padding: 5px 0;""><b>C)</b> Un habitatge unifamiliar.</div><div style=""padding: 5px 0;""><b>D)</b> Una línia general d’alimentació.</div></div></div>","<div style=""text-align: left; font-family: -apple-system, sans-serif;""><div style=""font-weight: bold; font-size: 16px; color: #10b981; margin-bottom: 8px;"">✓ Resposta Correcta: C</div><div style=""font-size: 14px; margin-bottom: 12px; padding: 10px; background: rgba(16,185,129,0.1); border-radius: 6px; border-left: 4px solid #10b981;"">C) Un habitatge unifamiliar.</div><hr style=""border: 0; border-top: 1px solid #ddd; margin: 12px 0;""><div style=""font-size: 13px; color: #444; line-height: 1.4;""><b style=""color: #111;"">Explicació:</b> Els habitatges unifamiliars formen part de les instal·lacions interiors o receptores.</div></div>","T12_-_Installacions","15904"
"<div style=""text-align: left; font-family: -apple-system, sans-serif;""><div style=""font-size: 11px; color: #888; margin-bottom: 6px;"">[T12 - Instal·lacions] Pregunta 26</div><div style=""font-weight: bold; font-size: 16px; margin-bottom: 14px; line-height: 1.4;"">Com es distribueix l’aigua freda i calenta dins una instal·lació particular?</div><div style=""font-size: 14px; line-height: 1.6;""><div style=""padding: 5px 0;""><b>A)</b> Mitjançant derivacions separades.</div><div style=""padding: 5px 0;""><b>B)</b> Mitjançant el muntant comú.</div><div style=""padding: 5px 0;""><b>C)</b> Mitjançant el distribuïdor general.</div><div style=""padding: 5px 0;""><b>D)</b> Mitjançant un únic ramal.</div></div></div>","<div style=""text-align: left; font-family: -apple-system, sans-serif;""><div style=""font-weight: bold; font-size: 16px; color: #10b981; margin-bottom: 8px;"">✓ Resposta Correcta: A</div><div style=""font-size: 14px; margin-bottom: 12px; padding: 10px; background: rgba(16,185,129,0.1); border-radius: 6px; border-left: 4px solid #10b981;"">A) Mitjançant derivacions separades.</div><hr style=""border: 0; border-top: 1px solid #ddd; margin: 12px 0;""><div style=""font-size: 13px; color: #444; line-height: 1.4;""><b style=""color: #111;"">Explicació:</b> La instal·lació particular disposa de derivacions per a aigua freda i calenta.</div></div>","T12_-_Installacions","16146"
"<div style=""text-align: left; font-family: -apple-system, sans-serif;""><div style=""font-size: 11px; color: #888; margin-bottom: 6px;"">[T12 - Instal·lacions] Pregunta 27</div><div style=""font-weight: bold; font-size: 16px; margin-bottom: 14px; line-height: 1.4;"">Quina funció té una clau de pas d’una instal·lació de gas?</div><div style=""font-size: 14px; line-height: 1.6;""><div style=""padding: 5px 0;""><b>A)</b> Regular la pressió de servei.</div><div style=""padding: 5px 0;""><b>B)</b> Obrir o tancar el subministrament.</div><div style=""padding: 5px 0;""><b>C)</b> Mesurar el consum.</div><div style=""padding: 5px 0;""><b>D)</b> Detectar una fuita.</div></div></div>","<div style=""text-align: left; font-family: -apple-system, sans-serif;""><div style=""font-weight: bold; font-size: 16px; color: #10b981; margin-bottom: 8px;"">✓ Resposta Correcta: B</div><div style=""font-size: 14px; margin-bottom: 12px; padding: 10px; background: rgba(16,185,129,0.1); border-radius: 6px; border-left: 4px solid #10b981;"">B) Obrir o tancar el subministrament.</div><hr style=""border: 0; border-top: 1px solid #ddd; margin: 12px 0;""><div style=""font-size: 13px; color: #444; line-height: 1.4;""><b style=""color: #111;"">Explicació:</b> Les claus de pas controlen la continuïtat del subministrament.</div></div>","T12_-_Installacions","16264"
"<div style=""text-align: left; font-family: -apple-system, sans-serif;""><div style=""font-size: 11px; color: #888; margin-bottom: 6px;"">[T12 - Instal·lacions] Pregunta 28</div><div style=""font-weight: bold; font-size: 16px; margin-bottom: 14px; line-height: 1.4;"">Quines aigües combina un sistema de sanejament que no incorpora pluvials?</div><div style=""font-size: 14px; line-height: 1.6;""><div style=""padding: 5px 0;""><b>A)</b> Aigües grises i pluvials.</div><div style=""padding: 5px 0;""><b>B)</b> Aigües negres i grises.</div><div style=""padding: 5px 0;""><b>C)</b> Aigües negres i pluvials.</div><div style=""padding: 5px 0;""><b>D)</b> Aigües potables i grises.</div></div></div>","<div style=""text-align: left; font-family: -apple-system, sans-serif;""><div style=""font-weight: bold; font-size: 16px; color: #10b981; margin-bottom: 8px;"">✓ Resposta Correcta: B</div><div style=""font-size: 14px; margin-bottom: 12px; padding: 10px; background: rgba(16,185,129,0.1); border-radius: 6px; border-left: 4px solid #10b981;"">B) Aigües negres i grises.</div><hr style=""border: 0; border-top: 1px solid #ddd; margin: 12px 0;""><div style=""font-size: 13px; color: #444; line-height: 1.4;""><b style=""color: #111;"">Explicació:</b> Una de les configuracions descrites agrupa negres i grises sense incorporar les pluvials.</div></div>","T12_-_Installacions","16158"
"<div style=""text-align: left; font-family: -apple-system, sans-serif;""><div style=""font-size: 11px; color: #888; margin-bottom: 6px;"">[T12 - Instal·lacions] Pregunta 29</div><div style=""font-weight: bold; font-size: 16px; margin-bottom: 14px; line-height: 1.4;"">Com és la densitat del gas natural respecte de l’aire?</div><div style=""font-size: 14px; line-height: 1.6;""><div style=""padding: 5px 0;""><b>A)</b> Variable segons el cabal.</div><div style=""padding: 5px 0;""><b>B)</b> Equivalent.</div><div style=""padding: 5px 0;""><b>C)</b> Menor.</div><div style=""padding: 5px 0;""><b>D)</b> Major.</div></div></div>","<div style=""text-align: left; font-family: -apple-system, sans-serif;""><div style=""font-weight: bold; font-size: 16px; color: #10b981; margin-bottom: 8px;"">✓ Resposta Correcta: C</div><div style=""font-size: 14px; margin-bottom: 12px; padding: 10px; background: rgba(16,185,129,0.1); border-radius: 6px; border-left: 4px solid #10b981;"">C) Menor.</div><hr style=""border: 0; border-top: 1px solid #ddd; margin: 12px 0;""><div style=""font-size: 13px; color: #444; line-height: 1.4;""><b style=""color: #111;"">Explicació:</b> El gas natural és menys dens que l’aire.</div></div>","T12_-_Installacions","16208"
"<div style=""text-align: left; font-family: -apple-system, sans-serif;""><div style=""font-size: 11px; color: #888; margin-bottom: 6px;"">[T12 - Instal·lacions] Pregunta 30</div><div style=""font-weight: bold; font-size: 16px; margin-bottom: 14px; line-height: 1.4;"">Quins elements formen la part de corrent continu d’una instal·lació fotovoltaica amb acumulació?</div><div style=""font-size: 14px; line-height: 1.6;""><div style=""padding: 5px 0;""><b>A)</b> Les bateries i l’inversor.</div><div style=""padding: 5px 0;""><b>B)</b> Els panells i les bateries.</div><div style=""padding: 5px 0;""><b>C)</b> L’inversor i els punts de consum.</div><div style=""padding: 5px 0;""><b>D)</b> Els panells i l’inversor.</div></div></div>","<div style=""text-align: left; font-family: -apple-system, sans-serif;""><div style=""font-weight: bold; font-size: 16px; color: #10b981; margin-bottom: 8px;"">✓ Resposta Correcta: B</div><div style=""font-size: 14px; margin-bottom: 12px; padding: 10px; background: rgba(16,185,129,0.1); border-radius: 6px; border-left: 4px solid #10b981;"">B) Els panells i les bateries.</div><hr style=""border: 0; border-top: 1px solid #ddd; margin: 12px 0;""><div style=""font-size: 13px; color: #444; line-height: 1.4;""><b style=""color: #111;"">Explicació:</b> En una fotovoltaica aïllada amb acumulació, els panells i les bateries formen la part de corrent continu.</div></div>","T12_-_Installacions","15712"
"<div style=""text-align: left; font-family: -apple-system, sans-serif;""><div style=""font-size: 11px; color: #888; margin-bottom: 6px;"">[T12 - Instal·lacions] Pregunta 31</div><div style=""font-weight: bold; font-size: 16px; margin-bottom: 14px; line-height: 1.4;"">Què s’ha de revisar visualment abans d’utilitzar guants dielèctrics?</div><div style=""font-size: 14px; line-height: 1.6;""><div style=""padding: 5px 0;""><b>A)</b> Esquerdes, forats o deformacions que en comprometin l’aïllament.</div><div style=""padding: 5px 0;""><b>B)</b> La rigidesa del puny com a indicador principal de la tensió admissible.</div><div style=""padding: 5px 0;""><b>C)</b> Canvis de color que indiquin el sentit del corrent del circuit.</div><div style=""padding: 5px 0;""><b>D)</b> Marques de pressió que confirmin que el guant s’ha adaptat a la mà.</div></div></div>","<div style=""text-align: left; font-family: -apple-system, sans-serif;""><div style=""font-weight: bold; font-size: 16px; color: #10b981; margin-bottom: 8px;"">✓ Resposta Correcta: A</div><div style=""font-size: 14px; margin-bottom: 12px; padding: 10px; background: rgba(16,185,129,0.1); border-radius: 6px; border-left: 4px solid #10b981;"">A) Esquerdes, forats o deformacions que en comprometin l’aïllament.</div><hr style=""border: 0; border-top: 1px solid #ddd; margin: 12px 0;""><div style=""font-size: 13px; color: #444; line-height: 1.4;""><b style=""color: #111;"">Explicació:</b> Qualsevol dany físic pot reduir la capacitat aïllant del guant.</div></div>","T12_-_Installacions","16089"
"<div style=""text-align: left; font-family: -apple-system, sans-serif;""><div style=""font-size: 11px; color: #888; margin-bottom: 6px;"">[T12 - Instal·lacions] Pregunta 32</div><div style=""font-weight: bold; font-size: 16px; margin-bottom: 14px; line-height: 1.4;"">Com actua un protector contra sobretensions transitòries?</div><div style=""font-size: 14px; line-height: 1.6;""><div style=""padding: 5px 0;""><b>A)</b> Obre el circuit per acció d’un bimetall.</div><div style=""padding: 5px 0;""><b>B)</b> Desvia l’excés de tensió cap a terra.</div><div style=""padding: 5px 0;""><b>C)</b> Compara el corrent de fase amb el de neutre.</div><div style=""padding: 5px 0;""><b>D)</b> Fon un conductor calibrat i queda inutilitzat sempre.</div></div></div>","<div style=""text-align: left; font-family: -apple-system, sans-serif;""><div style=""font-weight: bold; font-size: 16px; color: #10b981; margin-bottom: 8px;"">✓ Resposta Correcta: B</div><div style=""font-size: 14px; margin-bottom: 12px; padding: 10px; background: rgba(16,185,129,0.1); border-radius: 6px; border-left: 4px solid #10b981;"">B) Desvia l’excés de tensió cap a terra.</div><hr style=""border: 0; border-top: 1px solid #ddd; margin: 12px 0;""><div style=""font-size: 13px; color: #444; line-height: 1.4;""><b style=""color: #111;"">Explicació:</b> El dispositiu limita el pic conduint l’energia transitòria cap a terra.</div></div>","T12_-_Installacions","15999"
"<div style=""text-align: left; font-family: -apple-system, sans-serif;""><div style=""font-size: 11px; color: #888; margin-bottom: 6px;"">[T12 - Instal·lacions] Pregunta 33</div><div style=""font-weight: bold; font-size: 16px; margin-bottom: 14px; line-height: 1.4;"">Quin element inicia la instal·lació particular d’aigua d’un habitatge?</div><div style=""font-size: 14px; line-height: 1.6;""><div style=""padding: 5px 0;""><b>A)</b> La vàlvula de retenció del muntant.</div><div style=""padding: 5px 0;""><b>B)</b> La clau general de l’edifici.</div><div style=""padding: 5px 0;""><b>C)</b> La clau de presa.</div><div style=""padding: 5px 0;""><b>D)</b> La clau de pas interior.</div></div></div>","<div style=""text-align: left; font-family: -apple-system, sans-serif;""><div style=""font-weight: bold; font-size: 16px; color: #10b981; margin-bottom: 8px;"">✓ Resposta Correcta: D</div><div style=""font-size: 14px; margin-bottom: 12px; padding: 10px; background: rgba(16,185,129,0.1); border-radius: 6px; border-left: 4px solid #10b981;"">D) La clau de pas interior.</div><hr style=""border: 0; border-top: 1px solid #ddd; margin: 12px 0;""><div style=""font-size: 13px; color: #444; line-height: 1.4;""><b style=""color: #111;"">Explicació:</b> La clau de pas interior permet tallar el subministrament de l’habitatge.</div></div>","T12_-_Installacions","16145"
"<div style=""text-align: left; font-family: -apple-system, sans-serif;""><div style=""font-size: 11px; color: #888; margin-bottom: 6px;"">[T12 - Instal·lacions] Pregunta 34</div><div style=""font-weight: bold; font-size: 16px; margin-bottom: 14px; line-height: 1.4;"">Què han de tenir les derivacions d’aigua freda i calenta d’un habitatge?</div><div style=""font-size: 14px; line-height: 1.6;""><div style=""padding: 5px 0;""><b>A)</b> Comptadors generals.</div><div style=""padding: 5px 0;""><b>B)</b> Filtres generals.</div><div style=""padding: 5px 0;""><b>C)</b> Claus pròpies.</div><div style=""padding: 5px 0;""><b>D)</b> Purgadors de muntant.</div></div></div>","<div style=""text-align: left; font-family: -apple-system, sans-serif;""><div style=""font-weight: bold; font-size: 16px; color: #10b981; margin-bottom: 8px;"">✓ Resposta Correcta: C</div><div style=""font-size: 14px; margin-bottom: 12px; padding: 10px; background: rgba(16,185,129,0.1); border-radius: 6px; border-left: 4px solid #10b981;"">C) Claus pròpies.</div><hr style=""border: 0; border-top: 1px solid #ddd; margin: 12px 0;""><div style=""font-size: 13px; color: #444; line-height: 1.4;""><b style=""color: #111;"">Explicació:</b> Cada derivació ha de poder-se aïllar amb la seva pròpia clau.</div></div>","T12_-_Installacions","16147"
"<div style=""text-align: left; font-family: -apple-system, sans-serif;""><div style=""font-size: 11px; color: #888; margin-bottom: 6px;"">[T12 - Instal·lacions] Pregunta 35</div><div style=""font-weight: bold; font-size: 16px; margin-bottom: 14px; line-height: 1.4;"">Quina magnitud pot mesurar un multímetre a més de la tensió?</div><div style=""font-size: 14px; line-height: 1.6;""><div style=""padding: 5px 0;""><b>A)</b> La resistència elèctrica.</div><div style=""padding: 5px 0;""><b>B)</b> La classe dielèctrica d’un guant.</div><div style=""padding: 5px 0;""><b>C)</b> La tensió nominal d’una protecció sense connectar-s’hi.</div><div style=""padding: 5px 0;""><b>D)</b> La secció física del conductor.</div></div></div>","<div style=""text-align: left; font-family: -apple-system, sans-serif;""><div style=""font-weight: bold; font-size: 16px; color: #10b981; margin-bottom: 8px;"">✓ Resposta Correcta: A</div><div style=""font-size: 14px; margin-bottom: 12px; padding: 10px; background: rgba(16,185,129,0.1); border-radius: 6px; border-left: 4px solid #10b981;"">A) La resistència elèctrica.</div><hr style=""border: 0; border-top: 1px solid #ddd; margin: 12px 0;""><div style=""font-size: 13px; color: #444; line-height: 1.4;""><b style=""color: #111;"">Explicació:</b> La resistència és una de les funcions habituals d’un multímetre.</div></div>","T12_-_Installacions","16037"
"<div style=""text-align: left; font-family: -apple-system, sans-serif;""><div style=""font-size: 11px; color: #888; margin-bottom: 6px;"">[T12 - Instal·lacions] Pregunta 36</div><div style=""font-weight: bold; font-size: 16px; margin-bottom: 14px; line-height: 1.4;"">Com han de ser els comptadors divisionaris d’aigua?</div><div style=""font-size: 14px; line-height: 1.6;""><div style=""padding: 5px 0;""><b>A)</b> Accessibles.</div><div style=""padding: 5px 0;""><b>B)</b> Encastats sense registre.</div><div style=""padding: 5px 0;""><b>C)</b> Precintats dins l’habitatge.</div><div style=""padding: 5px 0;""><b>D)</b> Situats sota els aparells.</div></div></div>","<div style=""text-align: left; font-family: -apple-system, sans-serif;""><div style=""font-weight: bold; font-size: 16px; color: #10b981; margin-bottom: 8px;"">✓ Resposta Correcta: A</div><div style=""font-size: 14px; margin-bottom: 12px; padding: 10px; background: rgba(16,185,129,0.1); border-radius: 6px; border-left: 4px solid #10b981;"">A) Accessibles.</div><hr style=""border: 0; border-top: 1px solid #ddd; margin: 12px 0;""><div style=""font-size: 13px; color: #444; line-height: 1.4;""><b style=""color: #111;"">Explicació:</b> L’accessibilitat facilita lectura, manteniment i intervenció.</div></div>","T12_-_Installacions","16140"
"<div style=""text-align: left; font-family: -apple-system, sans-serif;""><div style=""font-size: 11px; color: #888; margin-bottom: 6px;"">[T12 - Instal·lacions] Pregunta 37</div><div style=""font-weight: bold; font-size: 16px; margin-bottom: 14px; line-height: 1.4;"">Segons quins criteris es poden classificar les instal·lacions aïllades?</div><div style=""font-size: 14px; line-height: 1.6;""><div style=""padding: 5px 0;""><b>A)</b> Segons la font de generació i la presència o no d’acumulació.</div><div style=""padding: 5px 0;""><b>B)</b> Segons la tensió de treball i el tipus de corrent.</div><div style=""padding: 5px 0;""><b>C)</b> Segons el nombre de panells i el tipus d’inversor.</div><div style=""padding: 5px 0;""><b>D)</b> Segons la connexió a xarxa i el nombre de punts de consum.</div></div></div>","<div style=""text-align: left; font-family: -apple-system, sans-serif;""><div style=""font-weight: bold; font-size: 16px; color: #10b981; margin-bottom: 8px;"">✓ Resposta Correcta: A</div><div style=""font-size: 14px; margin-bottom: 12px; padding: 10px; background: rgba(16,185,129,0.1); border-radius: 6px; border-left: 4px solid #10b981;"">A) Segons la font de generació i la presència o no d’acumulació.</div><hr style=""border: 0; border-top: 1px solid #ddd; margin: 12px 0;""><div style=""font-size: 13px; color: #444; line-height: 1.4;""><b style=""color: #111;"">Explicació:</b> La classificació de les instal·lacions aïllades considera la font de generació i si disposen d’un sistema d’acumulació.</div></div>","T12_-_Installacions","15710"
"<div style=""text-align: left; font-family: -apple-system, sans-serif;""><div style=""font-size: 11px; color: #888; margin-bottom: 6px;"">[T12 - Instal·lacions] Pregunta 38</div><div style=""font-weight: bold; font-size: 16px; margin-bottom: 14px; line-height: 1.4;"">Quin risc redueix una ventilació correcta en un local amb aparells de gas?</div><div style=""font-size: 14px; line-height: 1.6;""><div style=""padding: 5px 0;""><b>A)</b> La formació de monòxid de carboni.</div><div style=""padding: 5px 0;""><b>B)</b> La corrosió del comptador.</div><div style=""padding: 5px 0;""><b>C)</b> La dilatació del regulador.</div><div style=""padding: 5px 0;""><b>D)</b> La sobrepressió de la canonada.</div></div></div>","<div style=""text-align: left; font-family: -apple-system, sans-serif;""><div style=""font-weight: bold; font-size: 16px; color: #10b981; margin-bottom: 8px;"">✓ Resposta Correcta: A</div><div style=""font-size: 14px; margin-bottom: 12px; padding: 10px; background: rgba(16,185,129,0.1); border-radius: 6px; border-left: 4px solid #10b981;"">A) La formació de monòxid de carboni.</div><hr style=""border: 0; border-top: 1px solid #ddd; margin: 12px 0;""><div style=""font-size: 13px; color: #444; line-height: 1.4;""><b style=""color: #111;"">Explicació:</b> La renovació d’aire contribueix a evitar combustions deficients i acumulacions de CO.</div></div>","T12_-_Installacions","18881"
"<div style=""text-align: left; font-family: -apple-system, sans-serif;""><div style=""font-size: 11px; color: #888; margin-bottom: 6px;"">[T12 - Instal·lacions] Pregunta 39</div><div style=""font-weight: bold; font-size: 16px; margin-bottom: 14px; line-height: 1.4;"">Quina magnitud addicional poden mesurar molts multímetres?</div><div style=""font-size: 14px; line-height: 1.6;""><div style=""padding: 5px 0;""><b>A)</b> La potència de tall d’un interruptor sense connectar-lo.</div><div style=""padding: 5px 0;""><b>B)</b> La distància a una línia energitzada.</div><div style=""padding: 5px 0;""><b>C)</b> La capacitat dielèctrica d’un EPI.</div><div style=""padding: 5px 0;""><b>D)</b> La freqüència.</div></div></div>","<div style=""text-align: left; font-family: -apple-system, sans-serif;""><div style=""font-weight: bold; font-size: 16px; color: #10b981; margin-bottom: 8px;"">✓ Resposta Correcta: D</div><div style=""font-size: 14px; margin-bottom: 12px; padding: 10px; background: rgba(16,185,129,0.1); border-radius: 6px; border-left: 4px solid #10b981;"">D) La freqüència.</div><hr style=""border: 0; border-top: 1px solid #ddd; margin: 12px 0;""><div style=""font-size: 13px; color: #444; line-height: 1.4;""><b style=""color: #111;"">Explicació:</b> Molts multímetres incorporen funcions addicionals com la mesura de freqüència.</div></div>","T12_-_Installacions","16040"
"<div style=""text-align: left; font-family: -apple-system, sans-serif;""><div style=""font-size: 11px; color: #888; margin-bottom: 6px;"">[T12 - Instal·lacions] Pregunta 40</div><div style=""font-weight: bold; font-size: 16px; margin-bottom: 14px; line-height: 1.4;"">Què mou directament la turbina en una central amb turbina de gas?</div><div style=""font-size: 14px; line-height: 1.6;""><div style=""padding: 5px 0;""><b>A)</b> L’aigua en estat vapor que circula entre dos embassaments.</div><div style=""padding: 5px 0;""><b>B)</b> L’aire exterior que actua sobre les pales.</div><div style=""padding: 5px 0;""><b>C)</b> Els gasos calents produïts per la combustió del gas.</div><div style=""padding: 5px 0;""><b>D)</b> Es gasos emesos per la fissió de l’urani.</div></div></div>","<div style=""text-align: left; font-family: -apple-system, sans-serif;""><div style=""font-weight: bold; font-size: 16px; color: #10b981; margin-bottom: 8px;"">✓ Resposta Correcta: C</div><div style=""font-size: 14px; margin-bottom: 12px; padding: 10px; background: rgba(16,185,129,0.1); border-radius: 6px; border-left: 4px solid #10b981;"">C) Els gasos calents produïts per la combustió del gas.</div><hr style=""border: 0; border-top: 1px solid #ddd; margin: 12px 0;""><div style=""font-size: 13px; color: #444; line-height: 1.4;""><b style=""color: #111;"">Explicació:</b> En les turbines de gas, els gasos calents de la combustió actuen directament sobre la turbina.</div></div>","T12_-_Installacions","15767"
"<div style=""text-align: left; font-family: -apple-system, sans-serif;""><div style=""font-size: 11px; color: #888; margin-bottom: 6px;"">[T12 - Instal·lacions] Pregunta 41</div><div style=""font-weight: bold; font-size: 16px; margin-bottom: 14px; line-height: 1.4;"">Per a què serveixen els ràpids en un clavegueram amb pendent elevat?</div><div style=""font-size: 14px; line-height: 1.6;""><div style=""padding: 5px 0;""><b>A)</b> Per controlar la velocitat de l’aigua i evitar erosions o danys.</div><div style=""padding: 5px 0;""><b>B)</b> Per retenir els sòlids abans d’un col·lector.</div><div style=""padding: 5px 0;""><b>C)</b> Per augmentar el cabal mitjançant una impulsió.</div><div style=""padding: 5px 0;""><b>D)</b> Per ventilar els trams amb més desnivell.</div></div></div>","<div style=""text-align: left; font-family: -apple-system, sans-serif;""><div style=""font-weight: bold; font-size: 16px; color: #10b981; margin-bottom: 8px;"">✓ Resposta Correcta: A</div><div style=""font-size: 14px; margin-bottom: 12px; padding: 10px; background: rgba(16,185,129,0.1); border-radius: 6px; border-left: 4px solid #10b981;"">A) Per controlar la velocitat de l’aigua i evitar erosions o danys.</div><hr style=""border: 0; border-top: 1px solid #ddd; margin: 12px 0;""><div style=""font-size: 13px; color: #444; line-height: 1.4;""><b style=""color: #111;"">Explicació:</b> Els ràpids s’utilitzen quan el pendent faria circular l’aigua a una velocitat excessiva.</div></div>","T12_-_Installacions","16167"
"<div style=""text-align: left; font-family: -apple-system, sans-serif;""><div style=""font-size: 11px; color: #888; margin-bottom: 6px;"">[T12 - Instal·lacions] Pregunta 42</div><div style=""font-weight: bold; font-size: 16px; margin-bottom: 14px; line-height: 1.4;"">Què indica la designació 1P+N en un magnetotèrmic?</div><div style=""font-size: 14px; line-height: 1.6;""><div style=""padding: 5px 0;""><b>A)</b> Desconnexió simultània de fase i neutre.</div><div style=""padding: 5px 0;""><b>B)</b> Dos circuits de fase independents sense neutre.</div><div style=""padding: 5px 0;""><b>C)</b> Protecció diferencial de fase amb neutre sense desconnexió.</div><div style=""padding: 5px 0;""><b>D)</b> Un pol de protecció i una connexió permanent a terra.</div></div></div>","<div style=""text-align: left; font-family: -apple-system, sans-serif;""><div style=""font-weight: bold; font-size: 16px; color: #10b981; margin-bottom: 8px;"">✓ Resposta Correcta: A</div><div style=""font-size: 14px; margin-bottom: 12px; padding: 10px; background: rgba(16,185,129,0.1); border-radius: 6px; border-left: 4px solid #10b981;"">A) Desconnexió simultània de fase i neutre.</div><hr style=""border: 0; border-top: 1px solid #ddd; margin: 12px 0;""><div style=""font-size: 13px; color: #444; line-height: 1.4;""><b style=""color: #111;"">Explicació:</b> La configuració 1P+N permet obrir conjuntament fase i neutre.</div></div>","T12_-_Installacions","15964"
"<div style=""text-align: left; font-family: -apple-system, sans-serif;""><div style=""font-size: 11px; color: #888; margin-bottom: 6px;"">[T12 - Instal·lacions] Pregunta 43</div><div style=""font-weight: bold; font-size: 16px; margin-bottom: 14px; line-height: 1.4;"">Què és la catenària en una línia ferroviària electrificada?</div><div style=""font-size: 14px; line-height: 1.6;""><div style=""padding: 5px 0;""><b>A)</b> El fil conductor aeri que subministra energia al tren.</div><div style=""padding: 5px 0;""><b>B)</b> El carril addicional situat al costat de la via.</div><div style=""padding: 5px 0;""><b>C)</b> El cable auxiliar de potència que discorre paral·lel a la línia.</div><div style=""padding: 5px 0;""><b>D)</b> L’aparell del tren que capta el corrent del fil aeri.</div></div></div>","<div style=""text-align: left; font-family: -apple-system, sans-serif;""><div style=""font-weight: bold; font-size: 16px; color: #10b981; margin-bottom: 8px;"">✓ Resposta Correcta: A</div><div style=""font-size: 14px; margin-bottom: 12px; padding: 10px; background: rgba(16,185,129,0.1); border-radius: 6px; border-left: 4px solid #10b981;"">A) El fil conductor aeri que subministra energia al tren.</div><hr style=""border: 0; border-top: 1px solid #ddd; margin: 12px 0;""><div style=""font-size: 13px; color: #444; line-height: 1.4;""><b style=""color: #111;"">Explicació:</b> La catenària és el sistema conductor aeri que proporciona energia elèctrica al tren.</div></div>","T12_-_Installacions","15747"
"<div style=""text-align: left; font-family: -apple-system, sans-serif;""><div style=""font-size: 11px; color: #888; margin-bottom: 6px;"">[T12 - Instal·lacions] Pregunta 44</div><div style=""font-weight: bold; font-size: 16px; margin-bottom: 14px; line-height: 1.4;"">Com pot ser el purgador situat al capdamunt d’un muntant d’aigua?</div><div style=""font-size: 14px; line-height: 1.6;""><div style=""padding: 5px 0;""><b>A)</b> Tèrmic o magnètic.</div><div style=""padding: 5px 0;""><b>B)</b> General o divisionari.</div><div style=""padding: 5px 0;""><b>C)</b> Automàtic o manual.</div><div style=""padding: 5px 0;""><b>D)</b> Interior o exterior.</div></div></div>","<div style=""text-align: left; font-family: -apple-system, sans-serif;""><div style=""font-weight: bold; font-size: 16px; color: #10b981; margin-bottom: 8px;"">✓ Resposta Correcta: C</div><div style=""font-size: 14px; margin-bottom: 12px; padding: 10px; background: rgba(16,185,129,0.1); border-radius: 6px; border-left: 4px solid #10b981;"">C) Automàtic o manual.</div><hr style=""border: 0; border-top: 1px solid #ddd; margin: 12px 0;""><div style=""font-size: 13px; color: #444; line-height: 1.4;""><b style=""color: #111;"">Explicació:</b> El purgador pot funcionar de manera automàtica o manual.</div></div>","T12_-_Installacions","16138"
"<div style=""text-align: left; font-family: -apple-system, sans-serif;""><div style=""font-size: 11px; color: #888; margin-bottom: 6px;"">[T12 - Instal·lacions] Pregunta 45</div><div style=""font-weight: bold; font-size: 16px; margin-bottom: 14px; line-height: 1.4;"">Quina funció de frontera té la caixa general de protecció (CGP)?</div><div style=""font-size: 14px; line-height: 1.6;""><div style=""padding: 5px 0;""><b>A)</b> Separa la xarxa trifàsica de les derivacions monofàsiques dins l’habitatge.</div><div style=""padding: 5px 0;""><b>B)</b> Separa la línia general d’alimentació de la derivació individual de cada usuari.</div><div style=""padding: 5px 0;""><b>C)</b> Separa la xarxa de distribució de la instal·lació del client o abonat.</div><div style=""padding: 5px 0;""><b>D)</b> Separa el quadre general de comandament dels circuits interiors.</div></div></div>","<div style=""text-align: left; font-family: -apple-system, sans-serif;""><div style=""font-weight: bold; font-size: 16px; color: #10b981; margin-bottom: 8px;"">✓ Resposta Correcta: C</div><div style=""font-size: 14px; margin-bottom: 12px; padding: 10px; background: rgba(16,185,129,0.1); border-radius: 6px; border-left: 4px solid #10b981;"">C) Separa la xarxa de distribució de la instal·lació del client o abonat.</div><hr style=""border: 0; border-top: 1px solid #ddd; margin: 12px 0;""><div style=""font-size: 13px; color: #444; line-height: 1.4;""><b style=""color: #111;"">Explicació:</b> La CGP constitueix el punt frontera entre la distribució en baixa tensió i la instal·lació propietat de l’abonat.</div></div>","T12_-_Installacions","15870"
"<div style=""text-align: left; font-family: -apple-system, sans-serif;""><div style=""font-size: 11px; color: #888; margin-bottom: 6px;"">[T12 - Instal·lacions] Pregunta 46</div><div style=""font-weight: bold; font-size: 16px; margin-bottom: 14px; line-height: 1.4;"">Quin element no existeix en una configuració d’un únic usuari amb caixa de protecció i mesura (CPM)?</div><div style=""font-size: 14px; line-height: 1.6;""><div style=""padding: 5px 0;""><b>A)</b> L’equip de mesura del subministrament.</div><div style=""padding: 5px 0;""><b>B)</b> La línia general d’alimentació (LGA).</div><div style=""padding: 5px 0;""><b>C)</b> La derivació individual de l’usuari.</div><div style=""padding: 5px 0;""><b>D)</b> Els dispositius generals de comandament i protecció.</div></div></div>","<div style=""text-align: left; font-family: -apple-system, sans-serif;""><div style=""font-weight: bold; font-size: 16px; color: #10b981; margin-bottom: 8px;"">✓ Resposta Correcta: B</div><div style=""font-size: 14px; margin-bottom: 12px; padding: 10px; background: rgba(16,185,129,0.1); border-radius: 6px; border-left: 4px solid #10b981;"">B) La línia general d’alimentació (LGA).</div><hr style=""border: 0; border-top: 1px solid #ddd; margin: 12px 0;""><div style=""font-size: 13px; color: #444; line-height: 1.4;""><b style=""color: #111;"">Explicació:</b> Quan hi ha una CPM per a un únic usuari, no cal una línia general d’alimentació.</div></div>","T12_-_Installacions","15891"
"<div style=""text-align: left; font-family: -apple-system, sans-serif;""><div style=""font-size: 11px; color: #888; margin-bottom: 6px;"">[T12 - Instal·lacions] Pregunta 47</div><div style=""font-weight: bold; font-size: 16px; margin-bottom: 14px; line-height: 1.4;"">Quina és la funció general de la xarxa de distribució?</div><div style=""font-size: 14px; line-height: 1.6;""><div style=""padding: 5px 0;""><b>A)</b> Portar electricitat des de la xarxa de transport fins als consumidors finals.</div><div style=""padding: 5px 0;""><b>B)</b> Produir electricitat en petits centrals prop dels punts de consum.</div><div style=""padding: 5px 0;""><b>C)</b> Connectar grans centrals de generació amb els consumidors.</div><div style=""padding: 5px 0;""><b>D)</b> Moure grans quantitats d’energia entre grans centres a molt alta tensió.</div></div></div>","<div style=""text-align: left; font-family: -apple-system, sans-serif;""><div style=""font-weight: bold; font-size: 16px; color: #10b981; margin-bottom: 8px;"">✓ Resposta Correcta: A</div><div style=""font-size: 14px; margin-bottom: 12px; padding: 10px; background: rgba(16,185,129,0.1); border-radius: 6px; border-left: 4px solid #10b981;"">A) Portar electricitat des de la xarxa de transport fins als consumidors finals.</div><hr style=""border: 0; border-top: 1px solid #ddd; margin: 12px 0;""><div style=""font-size: 13px; color: #444; line-height: 1.4;""><b style=""color: #111;"">Explicació:</b> La distribució apropa l’electricitat de la xarxa de transport als usuaris finals.</div></div>","T12_-_Installacions","15808"
"<div style=""text-align: left; font-family: -apple-system, sans-serif;""><div style=""font-size: 11px; color: #888; margin-bottom: 6px;"">[T12 - Instal·lacions] Pregunta 48</div><div style=""font-weight: bold; font-size: 16px; margin-bottom: 14px; line-height: 1.4;"">Quin element incorpora una instal·lació d'autoconsum amb acumulació o híbrid?</div><div style=""font-size: 14px; line-height: 1.6;""><div style=""padding: 5px 0;""><b>A)</b> Un inversor sense sistema d’acumulació.</div><div style=""padding: 5px 0;""><b>B)</b> Bateries per emmagatzemar excedents.</div><div style=""padding: 5px 0;""><b>C)</b> Una protecció anti-illa addicional.</div><div style=""padding: 5px 0;""><b>D)</b> Un centre de transformació propi.</div></div></div>","<div style=""text-align: left; font-family: -apple-system, sans-serif;""><div style=""font-weight: bold; font-size: 16px; color: #10b981; margin-bottom: 8px;"">✓ Resposta Correcta: B</div><div style=""font-size: 14px; margin-bottom: 12px; padding: 10px; background: rgba(16,185,129,0.1); border-radius: 6px; border-left: 4px solid #10b981;"">B) Bateries per emmagatzemar excedents.</div><hr style=""border: 0; border-top: 1px solid #ddd; margin: 12px 0;""><div style=""font-size: 13px; color: #444; line-height: 1.4;""><b style=""color: #111;"">Explicació:</b> Els sistemes híbrids incorporen bateries com a sistema d’acumulació.</div></div>","T12_-_Installacions","15727"
"<div style=""text-align: left; font-family: -apple-system, sans-serif;""><div style=""font-size: 11px; color: #888; margin-bottom: 6px;"">[T12 - Instal·lacions] Pregunta 49</div><div style=""font-weight: bold; font-size: 16px; margin-bottom: 14px; line-height: 1.4;"">Quina funció tenen els cables de protecció o guarda de les línies de transport?</div><div style=""font-size: 14px; line-height: 1.6;""><div style=""padding: 5px 0;""><b>A)</b> Transportar una fase addicional quan augmenta la demanda.</div><div style=""padding: 5px 0;""><b>B)</b> Fer de neutre en el sistema trifàsic de transport.</div><div style=""padding: 5px 0;""><b>C)</b> Protegir la línia davant de descàrregues atmosfèriques.</div><div style=""padding: 5px 0;""><b>D)</b> Protegir directament les persones davant del contacte amb la línia.</div></div></div>","<div style=""text-align: left; font-family: -apple-system, sans-serif;""><div style=""font-weight: bold; font-size: 16px; color: #10b981; margin-bottom: 8px;"">✓ Resposta Correcta: C</div><div style=""font-size: 14px; margin-bottom: 12px; padding: 10px; background: rgba(16,185,129,0.1); border-radius: 6px; border-left: 4px solid #10b981;"">C) Protegir la línia davant de descàrregues atmosfèriques.</div><hr style=""border: 0; border-top: 1px solid #ddd; margin: 12px 0;""><div style=""font-size: 13px; color: #444; line-height: 1.4;""><b style=""color: #111;"">Explicació:</b> Els cables de guarda intercepten descàrregues atmosfèriques i les deriven a terra.</div></div>","T12_-_Installacions","15828"
"<div style=""text-align: left; font-family: -apple-system, sans-serif;""><div style=""font-size: 11px; color: #888; margin-bottom: 6px;"">[T12 - Instal·lacions] Pregunta 50</div><div style=""font-weight: bold; font-size: 16px; margin-bottom: 14px; line-height: 1.4;"">On cal situar registres en tubs d’alimentació d’aigua encastats?</div><div style=""font-size: 14px; line-height: 1.6;""><div style=""padding: 5px 0;""><b>A)</b> Només al costat del comptador i a l'entrada de l'habitatge.</div><div style=""padding: 5px 0;""><b>B)</b> A cada derivació interior.</div><div style=""padding: 5px 0;""><b>C)</b> A cada metre de recorregut.</div><div style=""padding: 5px 0;""><b>D)</b> Als extrems i canvis de direcció.</div></div></div>","<div style=""text-align: left; font-family: -apple-system, sans-serif;""><div style=""font-weight: bold; font-size: 16px; color: #10b981; margin-bottom: 8px;"">✓ Resposta Correcta: D</div><div style=""font-size: 14px; margin-bottom: 12px; padding: 10px; background: rgba(16,185,129,0.1); border-radius: 6px; border-left: 4px solid #10b981;"">D) Als extrems i canvis de direcció.</div><hr style=""border: 0; border-top: 1px solid #ddd; margin: 12px 0;""><div style=""font-size: 13px; color: #444; line-height: 1.4;""><b style=""color: #111;"">Explicació:</b> Els canvis de direcció són punts previstos per als registres d’inspecció.</div></div>","T12_-_Installacions","16122"
"<div style=""text-align: left; font-family: -apple-system, sans-serif;""><div style=""font-size: 11px; color: #888; margin-bottom: 6px;"">[T12 - Instal·lacions] Pregunta 51</div><div style=""font-weight: bold; font-size: 16px; margin-bottom: 14px; line-height: 1.4;"">Quins tres tipus d’aigua distingeix el sanejament d’un edifici?</div><div style=""font-size: 14px; line-height: 1.6;""><div style=""padding: 5px 0;""><b>A)</b> Negres, grises i pluvials.</div><div style=""padding: 5px 0;""><b>B)</b> Negres, potables i pluvials.</div><div style=""padding: 5px 0;""><b>C)</b> Residuals, potables i industrials.</div><div style=""padding: 5px 0;""><b>D)</b> Grises, sanitàries i freàtiques.</div></div></div>","<div style=""text-align: left; font-family: -apple-system, sans-serif;""><div style=""font-weight: bold; font-size: 16px; color: #10b981; margin-bottom: 8px;"">✓ Resposta Correcta: A</div><div style=""font-size: 14px; margin-bottom: 12px; padding: 10px; background: rgba(16,185,129,0.1); border-radius: 6px; border-left: 4px solid #10b981;"">A) Negres, grises i pluvials.</div><hr style=""border: 0; border-top: 1px solid #ddd; margin: 12px 0;""><div style=""font-size: 13px; color: #444; line-height: 1.4;""><b style=""color: #111;"">Explicació:</b> El sanejament diferencia aigües negres, aigües grises i aigües pluvials.</div></div>","T12_-_Installacions","16150"
"<div style=""text-align: left; font-family: -apple-system, sans-serif;""><div style=""font-size: 11px; color: #888; margin-bottom: 6px;"">[T12 - Instal·lacions] Pregunta 52</div><div style=""font-weight: bold; font-size: 16px; margin-bottom: 14px; line-height: 1.4;"">Amb què s’alimenten els grans generadors amb motors de combustió interna?</div><div style=""font-size: 14px; line-height: 1.6;""><div style=""padding: 5px 0;""><b>A)</b> Amb electricitat procedent de la xarxa de transport.</div><div style=""padding: 5px 0;""><b>B)</b> Amb combustibles reciclats.</div><div style=""padding: 5px 0;""><b>C)</b> Amb combustibles fòssils o biogàs.</div><div style=""padding: 5px 0;""><b>D)</b> Amb aigua o corrents de vent.</div></div></div>","<div style=""text-align: left; font-family: -apple-system, sans-serif;""><div style=""font-weight: bold; font-size: 16px; color: #10b981; margin-bottom: 8px;"">✓ Resposta Correcta: C</div><div style=""font-size: 14px; margin-bottom: 12px; padding: 10px; background: rgba(16,185,129,0.1); border-radius: 6px; border-left: 4px solid #10b981;"">C) Amb combustibles fòssils o biogàs.</div><hr style=""border: 0; border-top: 1px solid #ddd; margin: 12px 0;""><div style=""font-size: 13px; color: #444; line-height: 1.4;""><b style=""color: #111;"">Explicació:</b> Els motors de combustió interna poden alimentar-se amb combustibles fòssils o amb biogàs.</div></div>","T12_-_Installacions","15768"
"<div style=""text-align: left; font-family: -apple-system, sans-serif;""><div style=""font-size: 11px; color: #888; margin-bottom: 6px;"">[T12 - Instal·lacions] Pregunta 53</div><div style=""font-weight: bold; font-size: 16px; margin-bottom: 14px; line-height: 1.4;"">En una instal·lació d'autoconsum connectada a xarxa, què pot completar una generació pròpia insuficient?</div><div style=""font-size: 14px; line-height: 1.6;""><div style=""padding: 5px 0;""><b>A)</b> La part de corrent continu de les plaques.</div><div style=""padding: 5px 0;""><b>B)</b> L'assegurador de l’inversor.</div><div style=""padding: 5px 0;""><b>C)</b> Els excedents que ja s’han injectat a la xarxa.</div><div style=""padding: 5px 0;""><b>D)</b> L’energia aportada per la xarxa elèctrica.</div></div></div>","<div style=""text-align: left; font-family: -apple-system, sans-serif;""><div style=""font-weight: bold; font-size: 16px; color: #10b981; margin-bottom: 8px;"">✓ Resposta Correcta: D</div><div style=""font-size: 14px; margin-bottom: 12px; padding: 10px; background: rgba(16,185,129,0.1); border-radius: 6px; border-left: 4px solid #10b981;"">D) L’energia aportada per la xarxa elèctrica.</div><hr style=""border: 0; border-top: 1px solid #ddd; margin: 12px 0;""><div style=""font-size: 13px; color: #444; line-height: 1.4;""><b style=""color: #111;"">Explicació:</b> Quan la producció pròpia no és suficient, la xarxa elèctrica pot completar l’energia necessària.</div></div>","T12_-_Installacions","15719"
"<div style=""text-align: left; font-family: -apple-system, sans-serif;""><div style=""font-size: 11px; color: #888; margin-bottom: 6px;"">[T12 - Instal·lacions] Pregunta 54</div><div style=""font-weight: bold; font-size: 16px; margin-bottom: 14px; line-height: 1.4;"">Quina energia utilitza primer una instal·lació d’autoconsum?</div><div style=""font-size: 14px; line-height: 1.6;""><div style=""padding: 5px 0;""><b>A)</b> L’energia emmagatzemada en bateries.</div><div style=""padding: 5px 0;""><b>B)</b> L’energia produïda in situ.</div><div style=""padding: 5px 0;""><b>C)</b> L’energia excedentària ja injectada.</div><div style=""padding: 5px 0;""><b>D)</b> L’energia importada de la xarxa.</div></div></div>","<div style=""text-align: left; font-family: -apple-system, sans-serif;""><div style=""font-weight: bold; font-size: 16px; color: #10b981; margin-bottom: 8px;"">✓ Resposta Correcta: B</div><div style=""font-size: 14px; margin-bottom: 12px; padding: 10px; background: rgba(16,185,129,0.1); border-radius: 6px; border-left: 4px solid #10b981;"">B) L’energia produïda in situ.</div><hr style=""border: 0; border-top: 1px solid #ddd; margin: 12px 0;""><div style=""font-size: 13px; color: #444; line-height: 1.4;""><b style=""color: #111;"">Explicació:</b> En autoconsum es prioritza l’energia produïda a la pròpia instal·lació.</div></div>","T12_-_Installacions","15718"
"<div style=""text-align: left; font-family: -apple-system, sans-serif;""><div style=""font-size: 11px; color: #888; margin-bottom: 6px;"">[T12 - Instal·lacions] Pregunta 55</div><div style=""font-weight: bold; font-size: 16px; margin-bottom: 14px; line-height: 1.4;"">Quin material és habitual en les canonades de sanejament d’un edifici?</div><div style=""font-size: 14px; line-height: 1.6;""><div style=""padding: 5px 0;""><b>A)</b> PVC gris.</div><div style=""padding: 5px 0;""><b>B)</b> PVC blau.</div><div style=""padding: 5px 0;""><b>C)</b> Acer galvanitzat.</div><div style=""padding: 5px 0;""><b>D)</b> Coure rígid.</div></div></div>","<div style=""text-align: left; font-family: -apple-system, sans-serif;""><div style=""font-weight: bold; font-size: 16px; color: #10b981; margin-bottom: 8px;"">✓ Resposta Correcta: A</div><div style=""font-size: 14px; margin-bottom: 12px; padding: 10px; background: rgba(16,185,129,0.1); border-radius: 6px; border-left: 4px solid #10b981;"">A) PVC gris.</div><hr style=""border: 0; border-top: 1px solid #ddd; margin: 12px 0;""><div style=""font-size: 13px; color: #444; line-height: 1.4;""><b style=""color: #111;"">Explicació:</b> Les canonades habituals de sanejament són de PVC gris.</div></div>","T12_-_Installacions","16155"
"<div style=""text-align: left; font-family: -apple-system, sans-serif;""><div style=""font-size: 11px; color: #888; margin-bottom: 6px;"">[T12 - Instal·lacions] Pregunta 56</div><div style=""font-weight: bold; font-size: 16px; margin-bottom: 14px; line-height: 1.4;"">Sobre quina base s’ha de col·locar una arqueta de sanejament?</div><div style=""font-size: 14px; line-height: 1.6;""><div style=""padding: 5px 0;""><b>A)</b> Sobre una base de sorra.</div><div style=""padding: 5px 0;""><b>B)</b> Sobre una base metàl·lica.</div><div style=""padding: 5px 0;""><b>C)</b> Sobre una base de grava solta.</div><div style=""padding: 5px 0;""><b>D)</b> Sobre una base de formigó.</div></div></div>","<div style=""text-align: left; font-family: -apple-system, sans-serif;""><div style=""font-weight: bold; font-size: 16px; color: #10b981; margin-bottom: 8px;"">✓ Resposta Correcta: D</div><div style=""font-size: 14px; margin-bottom: 12px; padding: 10px; background: rgba(16,185,129,0.1); border-radius: 6px; border-left: 4px solid #10b981;"">D) Sobre una base de formigó.</div><hr style=""border: 0; border-top: 1px solid #ddd; margin: 12px 0;""><div style=""font-size: 13px; color: #444; line-height: 1.4;""><b style=""color: #111;"">Explicació:</b> La base de formigó proporciona suport estable a l’arqueta.</div></div>","T12_-_Installacions","16186"
"<div style=""text-align: left; font-family: -apple-system, sans-serif;""><div style=""font-size: 11px; color: #888; margin-bottom: 6px;"">[T12 - Instal·lacions] Pregunta 57</div><div style=""font-weight: bold; font-size: 16px; margin-bottom: 14px; line-height: 1.4;"">Què uneix la línia general d’alimentació (LGA)?</div><div style=""font-size: 14px; line-height: 1.6;""><div style=""padding: 5px 0;""><b>A)</b> L’embarrat general amb els circuits receptors finals.</div><div style=""padding: 5px 0;""><b>B)</b> La centralització de comptadors amb el quadre interior de cada usuari.</div><div style=""padding: 5px 0;""><b>C)</b> La caixa general de protecció amb la centralització de comptadors.</div><div style=""padding: 5px 0;""><b>D)</b> El centre de transformació amb la caixa general de protecció.</div></div></div>","<div style=""text-align: left; font-family: -apple-system, sans-serif;""><div style=""font-weight: bold; font-size: 16px; color: #10b981; margin-bottom: 8px;"">✓ Resposta Correcta: C</div><div style=""font-size: 14px; margin-bottom: 12px; padding: 10px; background: rgba(16,185,129,0.1); border-radius: 6px; border-left: 4px solid #10b981;"">C) La caixa general de protecció amb la centralització de comptadors.</div><hr style=""border: 0; border-top: 1px solid #ddd; margin: 12px 0;""><div style=""font-size: 13px; color: #444; line-height: 1.4;""><b style=""color: #111;"">Explicació:</b> La LGA porta l’alimentació des de la CGP fins a la centralització de comptadors.</div></div>","T12_-_Installacions","15877"
"<div style=""text-align: left; font-family: -apple-system, sans-serif;""><div style=""font-size: 11px; color: #888; margin-bottom: 6px;"">[T12 - Instal·lacions] Pregunta 58</div><div style=""font-weight: bold; font-size: 16px; margin-bottom: 14px; line-height: 1.4;"">Una xarxa de gas que treballa exactament a 0,4 bar, com es classifica?</div><div style=""font-size: 14px; line-height: 1.6;""><div style=""padding: 5px 0;""><b>A)</b> APA.</div><div style=""padding: 5px 0;""><b>B)</b> MPB.</div><div style=""padding: 5px 0;""><b>C)</b> BP.</div><div style=""padding: 5px 0;""><b>D)</b> MPA.</div></div></div>","<div style=""text-align: left; font-family: -apple-system, sans-serif;""><div style=""font-weight: bold; font-size: 16px; color: #10b981; margin-bottom: 8px;"">✓ Resposta Correcta: D</div><div style=""font-size: 14px; margin-bottom: 12px; padding: 10px; background: rgba(16,185,129,0.1); border-radius: 6px; border-left: 4px solid #10b981;"">D) MPA.</div><hr style=""border: 0; border-top: 1px solid #ddd; margin: 12px 0;""><div style=""font-size: 13px; color: #444; line-height: 1.4;""><b style=""color: #111;"">Explicació:</b> La MPA arriba fins a 0,4 bar; MPB comença per sobre de 0,4 bar.</div></div>","T12_-_Installacions","16251"
"<div style=""text-align: left; font-family: -apple-system, sans-serif;""><div style=""font-size: 11px; color: #888; margin-bottom: 6px;"">[T12 - Instal·lacions] Pregunta 59</div><div style=""font-weight: bold; font-size: 16px; margin-bottom: 14px; line-height: 1.4;"">Quin element limita la demanda elèctrica sense tenir com a funció principal protegir davant de curtcircuits?</div><div style=""font-size: 14px; line-height: 1.6;""><div style=""padding: 5px 0;""><b>A)</b> El dispositiu de protecció contra sobretensions.</div><div style=""padding: 5px 0;""><b>B)</b> El petit interruptor automàtic (PIA).</div><div style=""padding: 5px 0;""><b>C)</b> L’interruptor de control de potència (ICP).</div><div style=""padding: 5px 0;""><b>D)</b> L’interruptor general automàtic (IGA).</div></div></div>","<div style=""text-align: left; font-family: -apple-system, sans-serif;""><div style=""font-weight: bold; font-size: 16px; color: #10b981; margin-bottom: 8px;"">✓ Resposta Correcta: C</div><div style=""font-size: 14px; margin-bottom: 12px; padding: 10px; background: rgba(16,185,129,0.1); border-radius: 6px; border-left: 4px solid #10b981;"">C) L’interruptor de control de potència (ICP).</div><hr style=""border: 0; border-top: 1px solid #ddd; margin: 12px 0;""><div style=""font-size: 13px; color: #444; line-height: 1.4;""><b style=""color: #111;"">Explicació:</b> L’ICP està vinculat a la potència contractada, no a la protecció principal contra curtcircuits.</div></div>","T12_-_Installacions","15929"
"<div style=""text-align: left; font-family: -apple-system, sans-serif;""><div style=""font-size: 11px; color: #888; margin-bottom: 6px;"">[T12 - Instal·lacions] Pregunta 60</div><div style=""font-weight: bold; font-size: 16px; margin-bottom: 14px; line-height: 1.4;"">Quina seqüència descriu correctament la funció d’un centre de transformació?</div><div style=""font-size: 14px; line-height: 1.6;""><div style=""padding: 5px 0;""><b>A)</b> Rep la derivació individual, mesura el consum i alimenta la línia general d’alimentació.</div><div style=""padding: 5px 0;""><b>B)</b> Rep tensió elevada, la redueix amb un transformador i alimenta la xarxa de baixa tensió.</div><div style=""padding: 5px 0;""><b>C)</b> Rep la línia general d’alimentació, agrupa comptadors i reparteix circuits interiors.</div><div style=""padding: 5px 0;""><b>D)</b> Rep baixa tensió, l’eleva amb un transformador i alimenta la xarxa de distribució interior.</div></div></div>","<div style=""text-align: left; font-family: -apple-system, sans-serif;""><div style=""font-weight: bold; font-size: 16px; color: #10b981; margin-bottom: 8px;"">✓ Resposta Correcta: B</div><div style=""font-size: 14px; margin-bottom: 12px; padding: 10px; background: rgba(16,185,129,0.1); border-radius: 6px; border-left: 4px solid #10b981;"">B) Rep tensió elevada, la redueix amb un transformador i alimenta la xarxa de baixa tensió.</div><hr style=""border: 0; border-top: 1px solid #ddd; margin: 12px 0;""><div style=""font-size: 13px; color: #444; line-height: 1.4;""><b style=""color: #111;"">Explicació:</b> El centre de transformació és el punt on la tensió procedent de la xarxa superior es transforma al nivell propi de la distribució de baixa tensió.</div></div>","T12_-_Installacions","15853"
"<div style=""text-align: left; font-family: -apple-system, sans-serif;""><div style=""font-size: 11px; color: #888; margin-bottom: 6px;"">[T12 - Instal·lacions] Pregunta 61</div><div style=""font-weight: bold; font-size: 16px; margin-bottom: 14px; line-height: 1.4;"">On s’inicien les derivacions individuals en una centralització de comptadors?</div><div style=""font-size: 14px; line-height: 1.6;""><div style=""padding: 5px 0;""><b>A)</b> A l’embarrat general, a través dels fusibles de seguretat.</div><div style=""padding: 5px 0;""><b>B)</b> A la caixa general de protecció, abans de la línia general d’alimentació.</div><div style=""padding: 5px 0;""><b>C)</b> Al quadre general de comandament, després de l’interruptor diferencial.</div><div style=""padding: 5px 0;""><b>D)</b> A l’escomesa, abans d’arribar a la caixa general de protecció.</div></div></div>","<div style=""text-align: left; font-family: -apple-system, sans-serif;""><div style=""font-weight: bold; font-size: 16px; color: #10b981; margin-bottom: 8px;"">✓ Resposta Correcta: A</div><div style=""font-size: 14px; margin-bottom: 12px; padding: 10px; background: rgba(16,185,129,0.1); border-radius: 6px; border-left: 4px solid #10b981;"">A) A l’embarrat general, a través dels fusibles de seguretat.</div><hr style=""border: 0; border-top: 1px solid #ddd; margin: 12px 0;""><div style=""font-size: 13px; color: #444; line-height: 1.4;""><b style=""color: #111;"">Explicació:</b> Cada derivació individual parteix de l’embarrat general mitjançant els fusibles de seguretat corresponents.</div></div>","T12_-_Installacions","15886"
"<div style=""text-align: left; font-family: -apple-system, sans-serif;""><div style=""font-size: 11px; color: #888; margin-bottom: 6px;"">[T12 - Instal·lacions] Pregunta 62</div><div style=""font-weight: bold; font-size: 16px; margin-bottom: 14px; line-height: 1.4;"">Quina diferència operativa hi ha entre una pinça amperimètrica i un multímetre en mesurar intensitat?</div><div style=""font-size: 14px; line-height: 1.6;""><div style=""padding: 5px 0;""><b>A)</b> El multímetre pot mesurar-la per proximitat sense cap connexió.</div><div style=""padding: 5px 0;""><b>B)</b> La pinça pot mesurar-la sense interrompre el conductor.</div><div style=""padding: 5px 0;""><b>C)</b> El multímetre mesura intensitat mitjançant les puntes, però no permet mesurar tensió ni resistència.</div><div style=""padding: 5px 0;""><b>D)</b> La pinça necessita obrir el circuit per inserir la mordassa en sèrie amb el conductor.</div></div></div>","<div style=""text-align: left; font-family: -apple-system, sans-serif;""><div style=""font-weight: bold; font-size: 16px; color: #10b981; margin-bottom: 8px;"">✓ Resposta Correcta: B</div><div style=""font-size: 14px; margin-bottom: 12px; padding: 10px; background: rgba(16,185,129,0.1); border-radius: 6px; border-left: 4px solid #10b981;"">B) La pinça pot mesurar-la sense interrompre el conductor.</div><hr style=""border: 0; border-top: 1px solid #ddd; margin: 12px 0;""><div style=""font-size: 13px; color: #444; line-height: 1.4;""><b style=""color: #111;"">Explicació:</b> La pinça evita haver d’obrir el circuit per inserir l’instrument en la trajectòria del corrent.</div></div>","T12_-_Installacions","16049"
"<div style=""text-align: left; font-family: -apple-system, sans-serif;""><div style=""font-size: 11px; color: #888; margin-bottom: 6px;"">[T12 - Instal·lacions] Pregunta 63</div><div style=""font-weight: bold; font-size: 16px; margin-bottom: 14px; line-height: 1.4;"">Quina funció addicional poden integrar alguns protectors contra sobretensions?</div><div style=""font-size: 14px; line-height: 1.6;""><div style=""padding: 5px 0;""><b>A)</b> Un comptador que factura l’energia consumida.</div><div style=""padding: 5px 0;""><b>B)</b> Un diferencial que substitueix totes les proteccions de circuit.</div><div style=""padding: 5px 0;""><b>C)</b> Un magnetotèrmic que també fa d’IGA.</div><div style=""padding: 5px 0;""><b>D)</b> Un transformador que redueix la tensió a 230 V.</div></div></div>","<div style=""text-align: left; font-family: -apple-system, sans-serif;""><div style=""font-weight: bold; font-size: 16px; color: #10b981; margin-bottom: 8px;"">✓ Resposta Correcta: C</div><div style=""font-size: 14px; margin-bottom: 12px; padding: 10px; background: rgba(16,185,129,0.1); border-radius: 6px; border-left: 4px solid #10b981;"">C) Un magnetotèrmic que també fa d’IGA.</div><hr style=""border: 0; border-top: 1px solid #ddd; margin: 12px 0;""><div style=""font-size: 13px; color: #444; line-height: 1.4;""><b style=""color: #111;"">Explicació:</b> Alguns equips combinen l’IGA magnetotèrmic amb la protecció contra sobretensions.</div></div>","T12_-_Installacions","16006"
"<div style=""text-align: left; font-family: -apple-system, sans-serif;""><div style=""font-size: 11px; color: #888; margin-bottom: 6px;"">[T12 - Instal·lacions] Pregunta 64</div><div style=""font-weight: bold; font-size: 16px; margin-bottom: 14px; line-height: 1.4;"">Per què és important la connexió a terra per al funcionament dels interruptors diferencials?</div><div style=""font-size: 14px; line-height: 1.6;""><div style=""padding: 5px 0;""><b>A)</b> Perquè permet que el diferencial limiti la potència demandada d’acord amb la potència contractada de l’usuari.</div><div style=""padding: 5px 0;""><b>B)</b> Perquè transforma el diferencial en una protecció davant de sobrecàrregues i curtcircuits de la instal·lació.</div><div style=""padding: 5px 0;""><b>C)</b> Perquè substitueix el conductor neutre i permet que el diferencial mesuri directament la tensió d’alimentació.</div><div style=""padding: 5px 0;""><b>D)</b> Perquè proporciona un camí al corrent de defecte, que el diferencial pot detectar i desconnectar.</div></div></div>","<div style=""text-align: left; font-family: -apple-system, sans-serif;""><div style=""font-weight: bold; font-size: 16px; color: #10b981; margin-bottom: 8px;"">✓ Resposta Correcta: D</div><div style=""font-size: 14px; margin-bottom: 12px; padding: 10px; background: rgba(16,185,129,0.1); border-radius: 6px; border-left: 4px solid #10b981;"">D) Perquè proporciona un camí al corrent de defecte, que el diferencial pot detectar i desconnectar.</div><hr style=""border: 0; border-top: 1px solid #ddd; margin: 12px 0;""><div style=""font-size: 13px; color: #444; line-height: 1.4;""><b style=""color: #111;"">Explicació:</b> La posada a terra facilita el pas del corrent de defecte cap al terreny; el diferencial detecta la fuga i desconnecta el subministrament.</div></div>","T12_-_Installacions","15925"
"<div style=""text-align: left; font-family: -apple-system, sans-serif;""><div style=""font-size: 11px; color: #888; margin-bottom: 6px;"">[T12 - Instal·lacions] Pregunta 65</div><div style=""font-weight: bold; font-size: 16px; margin-bottom: 14px; line-height: 1.4;"">Per què no s’ha d’agafar una perxa dielèctrica més enllà de la zona indicada?</div><div style=""font-size: 14px; line-height: 1.6;""><div style=""padding: 5px 0;""><b>A)</b> Perquè augmenta la resistència mecànica i pot trencar-se el mànec.</div><div style=""padding: 5px 0;""><b>B)</b> Perquè es modifica el centre de gravetat i la perxa pot activar un arc intern.</div><div style=""padding: 5px 0;""><b>C)</b> Perquè el recobriment de l’extrem actiu és el que aporta la major part de l’aïllament.</div><div style=""padding: 5px 0;""><b>D)</b> Perquè es redueix la longitud d’aïllament efectiva respecte de l’element en tensió.</div></div></div>","<div style=""text-align: left; font-family: -apple-system, sans-serif;""><div style=""font-weight: bold; font-size: 16px; color: #10b981; margin-bottom: 8px;"">✓ Resposta Correcta: D</div><div style=""font-size: 14px; margin-bottom: 12px; padding: 10px; background: rgba(16,185,129,0.1); border-radius: 6px; border-left: 4px solid #10b981;"">D) Perquè es redueix la longitud d’aïllament efectiva respecte de l’element en tensió.</div><hr style=""border: 0; border-top: 1px solid #ddd; margin: 12px 0;""><div style=""font-size: 13px; color: #444; line-height: 1.4;""><b style=""color: #111;"">Explicació:</b> La resistència elèctrica efectiva està relacionada amb la longitud d’aïllament disponible.</div></div>","T12_-_Installacions","16086"
"<div style=""text-align: left; font-family: -apple-system, sans-serif;""><div style=""font-size: 11px; color: #888; margin-bottom: 6px;"">[T12 - Instal·lacions] Pregunta 66</div><div style=""font-weight: bold; font-size: 16px; margin-bottom: 14px; line-height: 1.4;"">Quina funció té el distribuïdor principal d’una instal·lació d’aigua?</div><div style=""font-size: 14px; line-height: 1.6;""><div style=""padding: 5px 0;""><b>A)</b> Repartir l’aigua entre les zones.</div><div style=""padding: 5px 0;""><b>B)</b> Filtrar l’aigua d’entrada.</div><div style=""padding: 5px 0;""><b>C)</b> Mesurar el consum general.</div><div style=""padding: 5px 0;""><b>D)</b> Evacuar l’aigua residual.</div></div></div>","<div style=""text-align: left; font-family: -apple-system, sans-serif;""><div style=""font-weight: bold; font-size: 16px; color: #10b981; margin-bottom: 8px;"">✓ Resposta Correcta: A</div><div style=""font-size: 14px; margin-bottom: 12px; padding: 10px; background: rgba(16,185,129,0.1); border-radius: 6px; border-left: 4px solid #10b981;"">A) Repartir l’aigua entre les zones.</div><hr style=""border: 0; border-top: 1px solid #ddd; margin: 12px 0;""><div style=""font-size: 13px; color: #444; line-height: 1.4;""><b style=""color: #111;"">Explicació:</b> El distribuïdor principal reparteix el cabal cap als diferents sectors.</div></div>","T12_-_Installacions","16125"
"<div style=""text-align: left; font-family: -apple-system, sans-serif;""><div style=""font-size: 11px; color: #888; margin-bottom: 6px;"">[T12 - Instal·lacions] Pregunta 67</div><div style=""font-weight: bold; font-size: 16px; margin-bottom: 14px; line-height: 1.4;"">Quants cables de protecció solen tenir les línies de transport a la part superior de la torre?</div><div style=""font-size: 14px; line-height: 1.6;""><div style=""padding: 5px 0;""><b>A)</b> Tres o sis cables.</div><div style=""padding: 5px 0;""><b>B)</b> Quatre cables.</div><div style=""padding: 5px 0;""><b>C)</b> Cap cable addicional.</div><div style=""padding: 5px 0;""><b>D)</b> Un o dos cables.</div></div></div>","<div style=""text-align: left; font-family: -apple-system, sans-serif;""><div style=""font-weight: bold; font-size: 16px; color: #10b981; margin-bottom: 8px;"">✓ Resposta Correcta: D</div><div style=""font-size: 14px; margin-bottom: 12px; padding: 10px; background: rgba(16,185,129,0.1); border-radius: 6px; border-left: 4px solid #10b981;"">D) Un o dos cables.</div><hr style=""border: 0; border-top: 1px solid #ddd; margin: 12px 0;""><div style=""font-size: 13px; color: #444; line-height: 1.4;""><b style=""color: #111;"">Explicació:</b> Les línies de transport solen incorporar un o dos cables de guarda a la part superior.</div></div>","T12_-_Installacions","15826"
"<div style=""text-align: left; font-family: -apple-system, sans-serif;""><div style=""font-size: 11px; color: #888; margin-bottom: 6px;"">[T12 - Instal·lacions] Pregunta 68</div><div style=""font-weight: bold; font-size: 16px; margin-bottom: 14px; line-height: 1.4;"">Què caracteritza una instal·lació elèctrica d’autoconsum?</div><div style=""font-size: 14px; line-height: 1.6;""><div style=""padding: 5px 0;""><b>A)</b> Combina generació pròpia amb connexió a la xarxa.</div><div style=""padding: 5px 0;""><b>B)</b> Depèn de generació pròpia sense intercanvi amb la xarxa.</div><div style=""padding: 5px 0;""><b>C)</b> Utilitza generació externa sense producció pròpia.</div><div style=""padding: 5px 0;""><b>D)</b> Funciona de manera autònoma sense connexió a la xarxa.</div></div></div>","<div style=""text-align: left; font-family: -apple-system, sans-serif;""><div style=""font-weight: bold; font-size: 16px; color: #10b981; margin-bottom: 8px;"">✓ Resposta Correcta: A</div><div style=""font-size: 14px; margin-bottom: 12px; padding: 10px; background: rgba(16,185,129,0.1); border-radius: 6px; border-left: 4px solid #10b981;"">A) Combina generació pròpia amb connexió a la xarxa.</div><hr style=""border: 0; border-top: 1px solid #ddd; margin: 12px 0;""><div style=""font-size: 13px; color: #444; line-height: 1.4;""><b style=""color: #111;"">Explicació:</b> L’autoconsum combina una font pròpia de generació amb la connexió a la xarxa elèctrica.</div></div>","T12_-_Installacions","15717"
"<div style=""text-align: left; font-family: -apple-system, sans-serif;""><div style=""font-size: 11px; color: #888; margin-bottom: 6px;"">[T12 - Instal·lacions] Pregunta 69</div><div style=""font-weight: bold; font-size: 16px; margin-bottom: 14px; line-height: 1.4;"">Què comprèn la instal·lació general d’aigua d’un edifici?</div><div style=""font-size: 14px; line-height: 1.6;""><div style=""padding: 5px 0;""><b>A)</b> Només l’escomesa exterior.</div><div style=""padding: 5px 0;""><b>B)</b> Les derivacions interiors de cada aparell.</div><div style=""padding: 5px 0;""><b>C)</b> La xarxa pública de distribució.</div><div style=""padding: 5px 0;""><b>D)</b> Els elements fins a les zones de l’edifici.</div></div></div>","<div style=""text-align: left; font-family: -apple-system, sans-serif;""><div style=""font-weight: bold; font-size: 16px; color: #10b981; margin-bottom: 8px;"">✓ Resposta Correcta: D</div><div style=""font-size: 14px; margin-bottom: 12px; padding: 10px; background: rgba(16,185,129,0.1); border-radius: 6px; border-left: 4px solid #10b981;"">D) Els elements fins a les zones de l’edifici.</div><hr style=""border: 0; border-top: 1px solid #ddd; margin: 12px 0;""><div style=""font-size: 13px; color: #444; line-height: 1.4;""><b style=""color: #111;"">Explicació:</b> La instal·lació general porta l’aigua des de l’escomesa fins a les diferents zones.</div></div>","T12_-_Installacions","16105"
"<div style=""text-align: left; font-family: -apple-system, sans-serif;""><div style=""font-size: 11px; color: #888; margin-bottom: 6px;"">[T12 - Instal·lacions] Pregunta 70</div><div style=""font-weight: bold; font-size: 16px; margin-bottom: 14px; line-height: 1.4;"">On finalitza la derivació individual d’un usuari?</div><div style=""font-size: 14px; line-height: 1.6;""><div style=""padding: 5px 0;""><b>A)</b> A l’embarrat general de la centralització des d’on parteixen els subministraments.</div><div style=""padding: 5px 0;""><b>B)</b> Als dispositius generals de comandament i protecció de la instal·lació interior.</div><div style=""padding: 5px 0;""><b>C)</b> A la caixa general de protecció situada al límit de la xarxa de distribució.</div><div style=""padding: 5px 0;""><b>D)</b> Al centre de transformació des d’on surt la xarxa de baixa tensió.</div></div></div>","<div style=""text-align: left; font-family: -apple-system, sans-serif;""><div style=""font-weight: bold; font-size: 16px; color: #10b981; margin-bottom: 8px;"">✓ Resposta Correcta: B</div><div style=""font-size: 14px; margin-bottom: 12px; padding: 10px; background: rgba(16,185,129,0.1); border-radius: 6px; border-left: 4px solid #10b981;"">B) Als dispositius generals de comandament i protecció de la instal·lació interior.</div><hr style=""border: 0; border-top: 1px solid #ddd; margin: 12px 0;""><div style=""font-size: 13px; color: #444; line-height: 1.4;""><b style=""color: #111;"">Explicació:</b> La derivació individual arriba fins a l’inici de la instal·lació interior, on hi ha els dispositius generals de comandament i protecció.</div></div>","T12_-_Installacions","15889"
"<div style=""text-align: left; font-family: -apple-system, sans-serif;""><div style=""font-size: 11px; color: #888; margin-bottom: 6px;"">[T12 - Instal·lacions] Pregunta 71</div><div style=""font-weight: bold; font-size: 16px; margin-bottom: 14px; line-height: 1.4;"">Què és necessari perquè funcionin correctament les proteccions d’un generador de potència elevada?</div><div style=""font-size: 14px; line-height: 1.6;""><div style=""padding: 5px 0;""><b>A)</b> Que estigui ben instal·lat i connectat a terra.</div><div style=""padding: 5px 0;""><b>B)</b> Que la producció es destini a alimentar la xarxa.</div><div style=""padding: 5px 0;""><b>C)</b> Que el sistema acumuli els excedents en bateries.</div><div style=""padding: 5px 0;""><b>D)</b> Que disposi d'enllumenat propi per a un control fiable.</div></div></div>","<div style=""text-align: left; font-family: -apple-system, sans-serif;""><div style=""font-weight: bold; font-size: 16px; color: #10b981; margin-bottom: 8px;"">✓ Resposta Correcta: A</div><div style=""font-size: 14px; margin-bottom: 12px; padding: 10px; background: rgba(16,185,129,0.1); border-radius: 6px; border-left: 4px solid #10b981;"">A) Que estigui ben instal·lat i connectat a terra.</div><hr style=""border: 0; border-top: 1px solid #ddd; margin: 12px 0;""><div style=""font-size: 13px; color: #444; line-height: 1.4;""><b style=""color: #111;"">Explicació:</b> La instal·lació correcta i la connexió a terra són necessàries perquè les proteccions del generador actuïn adequadament.</div></div>","T12_-_Installacions","15738"
"<div style=""text-align: left; font-family: -apple-system, sans-serif;""><div style=""font-size: 11px; color: #888; margin-bottom: 6px;"">[T12 - Instal·lacions] Pregunta 72</div><div style=""font-weight: bold; font-size: 16px; margin-bottom: 14px; line-height: 1.4;"">On és especialment imprescindible la ventilació del sanejament?</div><div style=""font-size: 14px; line-height: 1.6;""><div style=""padding: 5px 0;""><b>A)</b> En espais relacionats amb aigües residuals.</div><div style=""padding: 5px 0;""><b>B)</b> En cambres de comptadors d’aigua.</div><div style=""padding: 5px 0;""><b>C)</b> En instal·lacions de reg exterior.</div><div style=""padding: 5px 0;""><b>D)</b> En xarxes exclusives d’aigua potable.</div></div></div>","<div style=""text-align: left; font-family: -apple-system, sans-serif;""><div style=""font-weight: bold; font-size: 16px; color: #10b981; margin-bottom: 8px;"">✓ Resposta Correcta: A</div><div style=""font-size: 14px; margin-bottom: 12px; padding: 10px; background: rgba(16,185,129,0.1); border-radius: 6px; border-left: 4px solid #10b981;"">A) En espais relacionats amb aigües residuals.</div><hr style=""border: 0; border-top: 1px solid #ddd; margin: 12px 0;""><div style=""font-size: 13px; color: #444; line-height: 1.4;""><b style=""color: #111;"">Explicació:</b> La ventilació és essencial en espais com estacions de bombament o punts vinculats al clavegueram.</div></div>","T12_-_Installacions","16176"
"<div style=""text-align: left; font-family: -apple-system, sans-serif;""><div style=""font-size: 11px; color: #888; margin-bottom: 6px;"">[T12 - Instal·lacions] Pregunta 73</div><div style=""font-weight: bold; font-size: 16px; margin-bottom: 14px; line-height: 1.4;"">Com ha de ser el tram de clavegueram entre dos pous de registre consecutius?</div><div style=""font-size: 14px; line-height: 1.6;""><div style=""padding: 5px 0;""><b>A)</b> Recte en planta i corbat en alçat.</div><div style=""padding: 5px 0;""><b>B)</b> Recte en planta i en alçat.</div><div style=""padding: 5px 0;""><b>C)</b> Corbat en planta i recte en alçat.</div><div style=""padding: 5px 0;""><b>D)</b> Corbat en planta i en alçat.</div></div></div>","<div style=""text-align: left; font-family: -apple-system, sans-serif;""><div style=""font-weight: bold; font-size: 16px; color: #10b981; margin-bottom: 8px;"">✓ Resposta Correcta: B</div><div style=""font-size: 14px; margin-bottom: 12px; padding: 10px; background: rgba(16,185,129,0.1); border-radius: 6px; border-left: 4px solid #10b981;"">B) Recte en planta i en alçat.</div><hr style=""border: 0; border-top: 1px solid #ddd; margin: 12px 0;""><div style=""font-size: 13px; color: #444; line-height: 1.4;""><b style=""color: #111;"">Explicació:</b> Entre pous consecutius l’alineació ha de ser recta tant en planta com en alçat.</div></div>","T12_-_Installacions","16162"
"<div style=""text-align: left; font-family: -apple-system, sans-serif;""><div style=""font-size: 11px; color: #888; margin-bottom: 6px;"">[T12 - Instal·lacions] Pregunta 74</div><div style=""font-weight: bold; font-size: 16px; margin-bottom: 14px; line-height: 1.4;"">Quina aplicació és habitual d’una xarxa de gas APB?</div><div style=""font-size: 14px; line-height: 1.6;""><div style=""padding: 5px 0;""><b>A)</b> Instal·lacions receptores domèstiques.</div><div style=""padding: 5px 0;""><b>B)</b> Distribució principal i alimentació de grans centres de consum.</div><div style=""padding: 5px 0;""><b>C)</b> Distribució interior d’edificis.</div><div style=""padding: 5px 0;""><b>D)</b> Distribució a petits consumidors.</div></div></div>","<div style=""text-align: left; font-family: -apple-system, sans-serif;""><div style=""font-weight: bold; font-size: 16px; color: #10b981; margin-bottom: 8px;"">✓ Resposta Correcta: B</div><div style=""font-size: 14px; margin-bottom: 12px; padding: 10px; background: rgba(16,185,129,0.1); border-radius: 6px; border-left: 4px solid #10b981;"">B) Distribució principal i alimentació de grans centres de consum.</div><hr style=""border: 0; border-top: 1px solid #ddd; margin: 12px 0;""><div style=""font-size: 13px; color: #444; line-height: 1.4;""><b style=""color: #111;"">Explicació:</b> Les xarxes APB s’associen a distribució principal i grans consums.</div></div>","T12_-_Installacions","16244"
"<div style=""text-align: left; font-family: -apple-system, sans-serif;""><div style=""font-size: 11px; color: #888; margin-bottom: 6px;"">[T12 - Instal·lacions] Pregunta 75</div><div style=""font-weight: bold; font-size: 16px; margin-bottom: 14px; line-height: 1.4;"">Què connecta xarxes de gas que treballen a pressions diferents?</div><div style=""font-size: 14px; line-height: 1.6;""><div style=""padding: 5px 0;""><b>A)</b> Dipòsits d’expansió.</div><div style=""padding: 5px 0;""><b>B)</b> Cambres de combustió.</div><div style=""padding: 5px 0;""><b>C)</b> Estacions reguladores de pressió.</div><div style=""padding: 5px 0;""><b>D)</b> Vàlvules de retenció hidràulica.</div></div></div>","<div style=""text-align: left; font-family: -apple-system, sans-serif;""><div style=""font-weight: bold; font-size: 16px; color: #10b981; margin-bottom: 8px;"">✓ Resposta Correcta: C</div><div style=""font-size: 14px; margin-bottom: 12px; padding: 10px; background: rgba(16,185,129,0.1); border-radius: 6px; border-left: 4px solid #10b981;"">C) Estacions reguladores de pressió.</div><hr style=""border: 0; border-top: 1px solid #ddd; margin: 12px 0;""><div style=""font-size: 13px; color: #444; line-height: 1.4;""><b style=""color: #111;"">Explicació:</b> Les estacions reguladores adapten la pressió entre diferents trams de xarxa.</div></div>","T12_-_Installacions","16212"
"<div style=""text-align: left; font-family: -apple-system, sans-serif;""><div style=""font-size: 11px; color: #888; margin-bottom: 6px;"">[T12 - Instal·lacions] Pregunta 76</div><div style=""font-weight: bold; font-size: 16px; margin-bottom: 14px; line-height: 1.4;"">Quina tensió trifàsica s’obté habitualment a la sortida d’un centre de transformació de baixa tensió?</div><div style=""font-size: 14px; line-height: 1.6;""><div style=""padding: 5px 0;""><b>A)</b> 1.000 V.</div><div style=""padding: 5px 0;""><b>B)</b> 230 V.</div><div style=""padding: 5px 0;""><b>C)</b> 400 V.</div><div style=""padding: 5px 0;""><b>D)</b> 25 kV.</div></div></div>","<div style=""text-align: left; font-family: -apple-system, sans-serif;""><div style=""font-weight: bold; font-size: 16px; color: #10b981; margin-bottom: 8px;"">✓ Resposta Correcta: C</div><div style=""font-size: 14px; margin-bottom: 12px; padding: 10px; background: rgba(16,185,129,0.1); border-radius: 6px; border-left: 4px solid #10b981;"">C) 400 V.</div><hr style=""border: 0; border-top: 1px solid #ddd; margin: 12px 0;""><div style=""font-size: 13px; color: #444; line-height: 1.4;""><b style=""color: #111;"">Explicació:</b> El transformador del centre de transformació redueix la tensió d’alta tensió fins als 400 V trifàsics de la xarxa de baixa tensió.</div></div>","T12_-_Installacions","15847"
"<div style=""text-align: left; font-family: -apple-system, sans-serif;""><div style=""font-size: 11px; color: #888; margin-bottom: 6px;"">[T12 - Instal·lacions] Pregunta 77</div><div style=""font-weight: bold; font-size: 16px; margin-bottom: 14px; line-height: 1.4;"">Quina funció tenen les conduccions finals d’una instal·lació particular d’aigua?</div><div style=""font-size: 14px; line-height: 1.6;""><div style=""padding: 5px 0;""><b>A)</b> Connectar l’edifici amb la xarxa pública.</div><div style=""padding: 5px 0;""><b>B)</b> Alimentar el distribuïdor principal.</div><div style=""padding: 5px 0;""><b>C)</b> Arribar als punts de consum.</div><div style=""padding: 5px 0;""><b>D)</b> Evacuar l’aigua residual.</div></div></div>","<div style=""text-align: left; font-family: -apple-system, sans-serif;""><div style=""font-weight: bold; font-size: 16px; color: #10b981; margin-bottom: 8px;"">✓ Resposta Correcta: C</div><div style=""font-size: 14px; margin-bottom: 12px; padding: 10px; background: rgba(16,185,129,0.1); border-radius: 6px; border-left: 4px solid #10b981;"">C) Arribar als punts de consum.</div><hr style=""border: 0; border-top: 1px solid #ddd; margin: 12px 0;""><div style=""font-size: 13px; color: #444; line-height: 1.4;""><b style=""color: #111;"">Explicació:</b> Les conduccions interiors porten l’aigua fins als diferents punts d’ús.</div></div>","T12_-_Installacions","16148"
"<div style=""text-align: left; font-family: -apple-system, sans-serif;""><div style=""font-size: 11px; color: #888; margin-bottom: 6px;"">[T12 - Instal·lacions] Pregunta 78</div><div style=""font-weight: bold; font-size: 16px; margin-bottom: 14px; line-height: 1.4;"">Quin element de pot haver a la base d’un muntant d’aigua?</div><div style=""font-size: 14px; line-height: 1.6;""><div style=""padding: 5px 0;""><b>A)</b> Una clau de pas amb aixeta de buidatge.</div><div style=""padding: 5px 0;""><b>B)</b> Un comptador divisionari.</div><div style=""padding: 5px 0;""><b>C)</b> Una vàlvula de pressió diferencial.</div><div style=""padding: 5px 0;""><b>D)</b> Un purgador automàtic.</div></div></div>","<div style=""text-align: left; font-family: -apple-system, sans-serif;""><div style=""font-weight: bold; font-size: 16px; color: #10b981; margin-bottom: 8px;"">✓ Resposta Correcta: A</div><div style=""font-size: 14px; margin-bottom: 12px; padding: 10px; background: rgba(16,185,129,0.1); border-radius: 6px; border-left: 4px solid #10b981;"">A) Una clau de pas amb aixeta de buidatge.</div><hr style=""border: 0; border-top: 1px solid #ddd; margin: 12px 0;""><div style=""font-size: 13px; color: #444; line-height: 1.4;""><b style=""color: #111;"">Explicació:</b> La base inclou un element que permet comprovació i buidatge.</div></div>","T12_-_Installacions","16136"
"<div style=""text-align: left; font-family: -apple-system, sans-serif;""><div style=""font-size: 11px; color: #888; margin-bottom: 6px;"">[T12 - Instal·lacions] Pregunta 79</div><div style=""font-weight: bold; font-size: 16px; margin-bottom: 14px; line-height: 1.4;"">D’on pren l’aire de combustió un aparell de gas de circuit obert?</div><div style=""font-size: 14px; line-height: 1.6;""><div style=""padding: 5px 0;""><b>A)</b> D’un conducte exterior independent.</div><div style=""padding: 5px 0;""><b>B)</b> Del mateix local.</div><div style=""padding: 5px 0;""><b>C)</b> De la xarxa de ventilació mecànica.</div><div style=""padding: 5px 0;""><b>D)</b> Del conducte d’evacuació de fums.</div></div></div>","<div style=""text-align: left; font-family: -apple-system, sans-serif;""><div style=""font-weight: bold; font-size: 16px; color: #10b981; margin-bottom: 8px;"">✓ Resposta Correcta: B</div><div style=""font-size: 14px; margin-bottom: 12px; padding: 10px; background: rgba(16,185,129,0.1); border-radius: 6px; border-left: 4px solid #10b981;"">B) Del mateix local.</div><hr style=""border: 0; border-top: 1px solid #ddd; margin: 12px 0;""><div style=""font-size: 13px; color: #444; line-height: 1.4;""><b style=""color: #111;"">Explicació:</b> Els aparells de circuit obert utilitzen l’aire del recinte on estan instal·lats.</div></div>","T12_-_Installacions","18887"
"<div style=""text-align: left; font-family: -apple-system, sans-serif;""><div style=""font-size: 11px; color: #888; margin-bottom: 6px;"">[T12 - Instal·lacions] Pregunta 80</div><div style=""font-weight: bold; font-size: 16px; margin-bottom: 14px; line-height: 1.4;"">Quina descripció correspon millor a un multímetre?</div><div style=""font-size: 14px; line-height: 1.6;""><div style=""padding: 5px 0;""><b>A)</b> Un indicador de tensió destinat principalment a detectar presència sense quantificar-la.</div><div style=""padding: 5px 0;""><b>B)</b> Un detector de proximitat destinat a confirmar tensió sense contacte físic.</div><div style=""padding: 5px 0;""><b>C)</b> Un dispositiu dissenyat principalment per mesurar corrent sense tallar el conductor.</div><div style=""padding: 5px 0;""><b>D)</b> Un aparell versàtil que pot mesurar diverses magnituds elèctriques.</div></div></div>","<div style=""text-align: left; font-family: -apple-system, sans-serif;""><div style=""font-weight: bold; font-size: 16px; color: #10b981; margin-bottom: 8px;"">✓ Resposta Correcta: D</div><div style=""font-size: 14px; margin-bottom: 12px; padding: 10px; background: rgba(16,185,129,0.1); border-radius: 6px; border-left: 4px solid #10b981;"">D) Un aparell versàtil que pot mesurar diverses magnituds elèctriques.</div><hr style=""border: 0; border-top: 1px solid #ddd; margin: 12px 0;""><div style=""font-size: 13px; color: #444; line-height: 1.4;""><b style=""color: #111;"">Explicació:</b> El multímetre combina diverses funcions de mesura en un mateix instrument.</div></div>","T12_-_Installacions","16044"
"<div style=""text-align: left; font-family: -apple-system, sans-serif;""><div style=""font-size: 11px; color: #888; margin-bottom: 6px;"">[T12 - Instal·lacions] Pregunta 81</div><div style=""font-weight: bold; font-size: 16px; margin-bottom: 14px; line-height: 1.4;"">Quan pot caldre bombeig en l’evacuació d’aigües d’un edifici?</div><div style=""font-size: 14px; line-height: 1.6;""><div style=""padding: 5px 0;""><b>A)</b> Quan cal superar diferències de nivell fins a la xarxa pública.</div><div style=""padding: 5px 0;""><b>B)</b> Quan les canonades són de PVC.</div><div style=""padding: 5px 0;""><b>C)</b> Quan el sanejament és separatiu.</div><div style=""padding: 5px 0;""><b>D)</b> Quan les aigües són exclusivament pluvials.</div></div></div>","<div style=""text-align: left; font-family: -apple-system, sans-serif;""><div style=""font-weight: bold; font-size: 16px; color: #10b981; margin-bottom: 8px;"">✓ Resposta Correcta: A</div><div style=""font-size: 14px; margin-bottom: 12px; padding: 10px; background: rgba(16,185,129,0.1); border-radius: 6px; border-left: 4px solid #10b981;"">A) Quan cal superar diferències de nivell fins a la xarxa pública.</div><hr style=""border: 0; border-top: 1px solid #ddd; margin: 12px 0;""><div style=""font-size: 13px; color: #444; line-height: 1.4;""><b style=""color: #111;"">Explicació:</b> El bombeig pot ser necessari si la gravetat no permet arribar a la cota de la xarxa pública.</div></div>","T12_-_Installacions","16160"
"<div style=""text-align: left; font-family: -apple-system, sans-serif;""><div style=""font-size: 11px; color: #888; margin-bottom: 6px;"">[T12 - Instal·lacions] Pregunta 82</div><div style=""font-weight: bold; font-size: 16px; margin-bottom: 14px; line-height: 1.4;"">Què uneixen les instal·lacions d’enllaç elèctriques?</div><div style=""font-size: 14px; line-height: 1.6;""><div style=""padding: 5px 0;""><b>A)</b> La xarxa de transport amb els centres de transformació que inicien la distribució en baixa tensió.</div><div style=""padding: 5px 0;""><b>B)</b> La xarxa de distribució amb els dispositius generals de comandament i protecció de les instal·lacions interiors.</div><div style=""padding: 5px 0;""><b>C)</b> La presa de terra de l’edifici amb el neutre del centre de transformació que alimenta la zona.</div><div style=""padding: 5px 0;""><b>D)</b> Els dispositius generals de comandament amb els circuits receptors situats dins de cada instal·lació interior.</div></div></div>","<div style=""text-align: left; font-family: -apple-system, sans-serif;""><div style=""font-weight: bold; font-size: 16px; color: #10b981; margin-bottom: 8px;"">✓ Resposta Correcta: B</div><div style=""font-size: 14px; margin-bottom: 12px; padding: 10px; background: rgba(16,185,129,0.1); border-radius: 6px; border-left: 4px solid #10b981;"">B) La xarxa de distribució amb els dispositius generals de comandament i protecció de les instal·lacions interiors.</div><hr style=""border: 0; border-top: 1px solid #ddd; margin: 12px 0;""><div style=""font-size: 13px; color: #444; line-height: 1.4;""><b style=""color: #111;"">Explicació:</b> Les instal·lacions d’enllaç connecten la xarxa de distribució amb l’inici de les instal·lacions interiors dels usuaris.</div></div>","T12_-_Installacions","15871"
"<div style=""text-align: left; font-family: -apple-system, sans-serif;""><div style=""font-size: 11px; color: #888; margin-bottom: 6px;"">[T12 - Instal·lacions] Pregunta 83</div><div style=""font-weight: bold; font-size: 16px; margin-bottom: 14px; line-height: 1.4;"">Quin criteri pot diferenciar els fusibles segons la seva aplicació?</div><div style=""font-size: 14px; line-height: 1.6;""><div style=""padding: 5px 0;""><b>A)</b> Sobretensió transitòria, permanent o atmosfèrica.</div><div style=""padding: 5px 0;""><b>B)</b> Monofàsic, trifàsic o diferencial segons el nombre de pols.</div><div style=""padding: 5px 0;""><b>C)</b> El seu ús: general, motors, ràpids, fotovoltaica, bateries...</div><div style=""padding: 5px 0;""><b>D)</b> Contacte directe, contacte indirecte o fuga a terra.</div></div></div>","<div style=""text-align: left; font-family: -apple-system, sans-serif;""><div style=""font-weight: bold; font-size: 16px; color: #10b981; margin-bottom: 8px;"">✓ Resposta Correcta: C</div><div style=""font-size: 14px; margin-bottom: 12px; padding: 10px; background: rgba(16,185,129,0.1); border-radius: 6px; border-left: 4px solid #10b981;"">C) El seu ús: general, motors, ràpids, fotovoltaica, bateries...</div><hr style=""border: 0; border-top: 1px solid #ddd; margin: 12px 0;""><div style=""font-size: 13px; color: #444; line-height: 1.4;""><b style=""color: #111;"">Explicació:</b> Els fusibles es fabriquen amb característiques adaptades a diferents tipus de càrrega i instal·lació.</div></div>","T12_-_Installacions","15940"
"<div style=""text-align: left; font-family: -apple-system, sans-serif;""><div style=""font-size: 11px; color: #888; margin-bottom: 6px;"">[T12 - Instal·lacions] Pregunta 84</div><div style=""font-weight: bold; font-size: 16px; margin-bottom: 14px; line-height: 1.4;"">Per verificar tensió entre una fase i terra, quin aparell és adequat entre els descrits?</div><div style=""font-size: 14px; line-height: 1.6;""><div style=""padding: 5px 0;""><b>A)</b> Un discriminador de tensió connectat entre la fase i terra.</div><div style=""padding: 5px 0;""><b>B)</b> Un detector sense contacte col·locat entre la fase i terra.</div><div style=""padding: 5px 0;""><b>C)</b> Una pinça amperimètrica abraçant conjuntament la fase i el conductor de terra.</div><div style=""padding: 5px 0;""><b>D)</b> Un buscapols connectat simultàniament entre la fase i terra.</div></div></div>","<div style=""text-align: left; font-family: -apple-system, sans-serif;""><div style=""font-weight: bold; font-size: 16px; color: #10b981; margin-bottom: 8px;"">✓ Resposta Correcta: A</div><div style=""font-size: 14px; margin-bottom: 12px; padding: 10px; background: rgba(16,185,129,0.1); border-radius: 6px; border-left: 4px solid #10b981;"">A) Un discriminador de tensió connectat entre la fase i terra.</div><hr style=""border: 0; border-top: 1px solid #ddd; margin: 12px 0;""><div style=""font-size: 13px; color: #444; line-height: 1.4;""><b style=""color: #111;"">Explicació:</b> El discriminador permet comprovar directament la diferència de potencial entre aquests dos punts.</div></div>","T12_-_Installacions","16035"
"<div style=""text-align: left; font-family: -apple-system, sans-serif;""><div style=""font-size: 11px; color: #888; margin-bottom: 6px;"">[T12 - Instal·lacions] Pregunta 85</div><div style=""font-weight: bold; font-size: 16px; margin-bottom: 14px; line-height: 1.4;"">Com han d’anar les canonades de gas ocultes en falsos sostres o parets?</div><div style=""font-size: 14px; line-height: 1.6;""><div style=""padding: 5px 0;""><b>A)</b> Protegides amb una funda de PVC.</div><div style=""padding: 5px 0;""><b>B)</b> Aïllades amb escuma rígida.</div><div style=""padding: 5px 0;""><b>C)</b> Recobertes amb morter ignífug.</div><div style=""padding: 5px 0;""><b>D)</b> Embeinades dins un tub d’acer.</div></div></div>","<div style=""text-align: left; font-family: -apple-system, sans-serif;""><div style=""font-weight: bold; font-size: 16px; color: #10b981; margin-bottom: 8px;"">✓ Resposta Correcta: D</div><div style=""font-size: 14px; margin-bottom: 12px; padding: 10px; background: rgba(16,185,129,0.1); border-radius: 6px; border-left: 4px solid #10b981;"">D) Embeinades dins un tub d’acer.</div><hr style=""border: 0; border-top: 1px solid #ddd; margin: 12px 0;""><div style=""font-size: 13px; color: #444; line-height: 1.4;""><b style=""color: #111;"">Explicació:</b> Quan passen per zones ocultes, han d’anar embeinades per augmentar-ne la protecció.</div></div>","T12_-_Installacions","16258"
"<div style=""text-align: left; font-family: -apple-system, sans-serif;""><div style=""font-size: 11px; color: #888; margin-bottom: 6px;"">[T12 - Instal·lacions] Pregunta 86</div><div style=""font-weight: bold; font-size: 16px; margin-bottom: 14px; line-height: 1.4;"">Per a què s’utilitza la calor generada en una central nuclear?</div><div style=""font-size: 14px; line-height: 1.6;""><div style=""padding: 5px 0;""><b>A)</b> Per augmentar la tensió abans de connectar-se a la xarxa.</div><div style=""padding: 5px 0;""><b>B)</b> Per transformar aigua en vapor que mou turbines.</div><div style=""padding: 5px 0;""><b>C)</b> Per escalfar directament l’alternador que produeix electricitat.</div><div style=""padding: 5px 0;""><b>D)</b> Per impulsar gasos de combustió directament sobre les pales.</div></div></div>","<div style=""text-align: left; font-family: -apple-system, sans-serif;""><div style=""font-weight: bold; font-size: 16px; color: #10b981; margin-bottom: 8px;"">✓ Resposta Correcta: B</div><div style=""font-size: 14px; margin-bottom: 12px; padding: 10px; background: rgba(16,185,129,0.1); border-radius: 6px; border-left: 4px solid #10b981;"">B) Per transformar aigua en vapor que mou turbines.</div><hr style=""border: 0; border-top: 1px solid #ddd; margin: 12px 0;""><div style=""font-size: 13px; color: #444; line-height: 1.4;""><b style=""color: #111;"">Explicació:</b> La calor nuclear produeix vapor d’aigua, i aquest vapor fa girar les turbines.</div></div>","T12_-_Installacions","15763"
"<div style=""text-align: left; font-family: -apple-system, sans-serif;""><div style=""font-size: 11px; color: #888; margin-bottom: 6px;"">[T12 - Instal·lacions] Pregunta 87</div><div style=""font-weight: bold; font-size: 16px; margin-bottom: 14px; line-height: 1.4;"">Què indica la capacitat de desconnexió d’un magnetotèrmic?</div><div style=""font-size: 14px; line-height: 1.6;""><div style=""padding: 5px 0;""><b>A)</b> El corrent de fuga mínim que detecta cap a terra.</div><div style=""padding: 5px 0;""><b>B)</b> El nombre de vegades que es pot rearmar després d’un curtcircuit.</div><div style=""padding: 5px 0;""><b>C)</b> El corrent màxim que pot suportar sense actuar mai.</div><div style=""padding: 5px 0;""><b>D)</b> El corrent de fallada que pot interrompre amb seguretat.</div></div></div>","<div style=""text-align: left; font-family: -apple-system, sans-serif;""><div style=""font-weight: bold; font-size: 16px; color: #10b981; margin-bottom: 8px;"">✓ Resposta Correcta: D</div><div style=""font-size: 14px; margin-bottom: 12px; padding: 10px; background: rgba(16,185,129,0.1); border-radius: 6px; border-left: 4px solid #10b981;"">D) El corrent de fallada que pot interrompre amb seguretat.</div><hr style=""border: 0; border-top: 1px solid #ddd; margin: 12px 0;""><div style=""font-size: 13px; color: #444; line-height: 1.4;""><b style=""color: #111;"">Explicació:</b> La capacitat de desconnexió ha de ser suficient per tallar el corrent de curtcircuit previst.</div></div>","T12_-_Installacions","15961"
"<div style=""text-align: left; font-family: -apple-system, sans-serif;""><div style=""font-size: 11px; color: #888; margin-bottom: 6px;"">[T12 - Instal·lacions] Pregunta 88</div><div style=""font-weight: bold; font-size: 16px; margin-bottom: 14px; line-height: 1.4;"">En un aparell de gas estanc, com circulen l’aire d’entrada i els fums respecte del local?</div><div style=""font-size: 14px; line-height: 1.6;""><div style=""padding: 5px 0;""><b>A)</b> L’aire separat i els fums al local.</div><div style=""padding: 5px 0;""><b>B)</b> Separats de l’ambient interior.</div><div style=""padding: 5px 0;""><b>C)</b> Barrejats amb l’aire del local.</div><div style=""padding: 5px 0;""><b>D)</b> Els fums separats i l’aire del local.</div></div></div>","<div style=""text-align: left; font-family: -apple-system, sans-serif;""><div style=""font-weight: bold; font-size: 16px; color: #10b981; margin-bottom: 8px;"">✓ Resposta Correcta: B</div><div style=""font-size: 14px; margin-bottom: 12px; padding: 10px; background: rgba(16,185,129,0.1); border-radius: 6px; border-left: 4px solid #10b981;"">B) Separats de l’ambient interior.</div><hr style=""border: 0; border-top: 1px solid #ddd; margin: 12px 0;""><div style=""font-size: 13px; color: #444; line-height: 1.4;""><b style=""color: #111;"">Explicació:</b> La configuració estanca evita l’intercanvi entre el circuit de combustió i l’aire interior.</div></div>","T12_-_Installacions","18891"
"<div style=""text-align: left; font-family: -apple-system, sans-serif;""><div style=""font-size: 11px; color: #888; margin-bottom: 6px;"">[T12 - Instal·lacions] Pregunta 89</div><div style=""font-weight: bold; font-size: 16px; margin-bottom: 14px; line-height: 1.4;"">Què és un contacte indirecte en seguretat elèctrica?</div><div style=""font-size: 14px; line-height: 1.6;""><div style=""padding: 5px 0;""><b>A)</b> Tocar una massa posada accidentalment en tensió per un defecte d’aïllament.</div><div style=""padding: 5px 0;""><b>B)</b> Tocar el conductor de protecció correctament connectat a terra.</div><div style=""padding: 5px 0;""><b>C)</b> Tocar un conductor actiu en servei.</div><div style=""padding: 5px 0;""><b>D)</b> Tocar una carcassa sense tensió mentre el circuit està desconnectat.</div></div></div>","<div style=""text-align: left; font-family: -apple-system, sans-serif;""><div style=""font-weight: bold; font-size: 16px; color: #10b981; margin-bottom: 8px;"">✓ Resposta Correcta: A</div><div style=""font-size: 14px; margin-bottom: 12px; padding: 10px; background: rgba(16,185,129,0.1); border-radius: 6px; border-left: 4px solid #10b981;"">A) Tocar una massa posada accidentalment en tensió per un defecte d’aïllament.</div><hr style=""border: 0; border-top: 1px solid #ddd; margin: 12px 0;""><div style=""font-size: 13px; color: #444; line-height: 1.4;""><b style=""color: #111;"">Explicació:</b> El contacte indirecte es produeix sobre una part conductora que ha quedat en tensió per una fallada.</div></div>","T12_-_Installacions","15989"
"<div style=""text-align: left; font-family: -apple-system, sans-serif;""><div style=""font-size: 11px; color: #888; margin-bottom: 6px;"">[T12 - Instal·lacions] Pregunta 90</div><div style=""font-weight: bold; font-size: 16px; margin-bottom: 14px; line-height: 1.4;"">Quines xarxes poden quedar incloses dins l’alta tensió?</div><div style=""font-size: 14px; line-height: 1.6;""><div style=""padding: 5px 0;""><b>A)</b> Xarxes de mitjana tensió i instal·lacions interiors de consum industrial.</div><div style=""padding: 5px 0;""><b>B)</b> Xarxes finals de baixa tensió i línies interiors d’edificis.</div><div style=""padding: 5px 0;""><b>C)</b> Xarxes de distribució d’alta tensió i xarxes de transport.</div><div style=""padding: 5px 0;""><b>D)</b> Xarxes locals de baixa tensió i xarxes de distribució secundària.</div></div></div>","<div style=""text-align: left; font-family: -apple-system, sans-serif;""><div style=""font-weight: bold; font-size: 16px; color: #10b981; margin-bottom: 8px;"">✓ Resposta Correcta: C</div><div style=""font-size: 14px; margin-bottom: 12px; padding: 10px; background: rgba(16,185,129,0.1); border-radius: 6px; border-left: 4px solid #10b981;"">C) Xarxes de distribució d’alta tensió i xarxes de transport.</div><hr style=""border: 0; border-top: 1px solid #ddd; margin: 12px 0;""><div style=""font-size: 13px; color: #444; line-height: 1.4;""><b style=""color: #111;"">Explicació:</b> L’alta tensió pot correspondre tant a determinats trams de distribució com a la xarxa de transport.</div></div>","T12_-_Installacions","15800"
"<div style=""text-align: left; font-family: -apple-system, sans-serif;""><div style=""font-size: 11px; color: #888; margin-bottom: 6px;"">[T12 - Instal·lacions] Pregunta 91</div><div style=""font-weight: bold; font-size: 16px; margin-bottom: 14px; line-height: 1.4;"">Abans de mesurar amb un multímetre, què s’ha de seleccionar?</div><div style=""font-size: 14px; line-height: 1.6;""><div style=""padding: 5px 0;""><b>A)</b> La classe d’aïllament de les puntes i el valor del fusible de la instal·lació.</div><div style=""padding: 5px 0;""><b>B)</b> La potència nominal del receptor i el tipus de protecció de la instal·lació.</div><div style=""padding: 5px 0;""><b>C)</b> La magnitud, el tipus de corrent i, quan cal, el rang de mesura.</div><div style=""padding: 5px 0;""><b>D)</b> La freqüència de xarxa i la secció del cable encara que no siguin objecte de mesura.</div></div></div>","<div style=""text-align: left; font-family: -apple-system, sans-serif;""><div style=""font-weight: bold; font-size: 16px; color: #10b981; margin-bottom: 8px;"">✓ Resposta Correcta: C</div><div style=""font-size: 14px; margin-bottom: 12px; padding: 10px; background: rgba(16,185,129,0.1); border-radius: 6px; border-left: 4px solid #10b981;"">C) La magnitud, el tipus de corrent i, quan cal, el rang de mesura.</div><hr style=""border: 0; border-top: 1px solid #ddd; margin: 12px 0;""><div style=""font-size: 13px; color: #444; line-height: 1.4;""><b style=""color: #111;"">Explicació:</b> La configuració ha de correspondre a la magnitud que es vol mesurar i a les característiques del circuit.</div></div>","T12_-_Installacions","16041"
"<div style=""text-align: left; font-family: -apple-system, sans-serif;""><div style=""font-size: 11px; color: #888; margin-bottom: 6px;"">[T12 - Instal·lacions] Pregunta 92</div><div style=""font-weight: bold; font-size: 16px; margin-bottom: 14px; line-height: 1.4;"">Quin avantatge té una xarxa de gas mallada?</div><div style=""font-size: 14px; line-height: 1.6;""><div style=""padding: 5px 0;""><b>A)</b> Millora la continuïtat del servei.</div><div style=""padding: 5px 0;""><b>B)</b> Redueix la pressió a 20 mbar.</div><div style=""padding: 5px 0;""><b>C)</b> Elimina les estacions reguladores.</div><div style=""padding: 5px 0;""><b>D)</b> Permet distribuir gas líquid.</div></div></div>","<div style=""text-align: left; font-family: -apple-system, sans-serif;""><div style=""font-weight: bold; font-size: 16px; color: #10b981; margin-bottom: 8px;"">✓ Resposta Correcta: A</div><div style=""font-size: 14px; margin-bottom: 12px; padding: 10px; background: rgba(16,185,129,0.1); border-radius: 6px; border-left: 4px solid #10b981;"">A) Millora la continuïtat del servei.</div><hr style=""border: 0; border-top: 1px solid #ddd; margin: 12px 0;""><div style=""font-size: 13px; color: #444; line-height: 1.4;""><b style=""color: #111;"">Explicació:</b> Una xarxa mallada ofereix més d’un itinerari i redueix l’afectació dels talls.</div></div>","T12_-_Installacions","16222"
"<div style=""text-align: left; font-family: -apple-system, sans-serif;""><div style=""font-size: 11px; color: #888; margin-bottom: 6px;"">[T12 - Instal·lacions] Pregunta 93</div><div style=""font-weight: bold; font-size: 16px; margin-bottom: 14px; line-height: 1.4;"">Quina funció té un embornal en el sanejament urbà?</div><div style=""font-size: 14px; line-height: 1.6;""><div style=""padding: 5px 0;""><b>A)</b> Recollir l’aigua de calçades i voreres i conduir-la al clavegueram.</div><div style=""padding: 5px 0;""><b>B)</b> Recollir aigües negres i separar-ne els sòlids.</div><div style=""padding: 5px 0;""><b>C)</b> Registrar els canvis de pendent de la xarxa.</div><div style=""padding: 5px 0;""><b>D)</b> Ventilar els col·lectors enterrats.</div></div></div>","<div style=""text-align: left; font-family: -apple-system, sans-serif;""><div style=""font-weight: bold; font-size: 16px; color: #10b981; margin-bottom: 8px;"">✓ Resposta Correcta: A</div><div style=""font-size: 14px; margin-bottom: 12px; padding: 10px; background: rgba(16,185,129,0.1); border-radius: 6px; border-left: 4px solid #10b981;"">A) Recollir l’aigua de calçades i voreres i conduir-la al clavegueram.</div><hr style=""border: 0; border-top: 1px solid #ddd; margin: 12px 0;""><div style=""font-size: 13px; color: #444; line-height: 1.4;""><b style=""color: #111;"">Explicació:</b> Els embornals capten l’escorrentia superficial de carrers i voreres.</div></div>","T12_-_Installacions","16164"
"<div style=""text-align: left; font-family: -apple-system, sans-serif;""><div style=""font-size: 11px; color: #888; margin-bottom: 6px;"">[T12 - Instal·lacions] Pregunta 94</div><div style=""font-weight: bold; font-size: 16px; margin-bottom: 14px; line-height: 1.4;"">Quina funció té el tub d’escomesa d’una instal·lació d’aigua?</div><div style=""font-size: 14px; line-height: 1.6;""><div style=""padding: 5px 0;""><b>A)</b> Unir el filtre amb la xarxa de sanejament.</div><div style=""padding: 5px 0;""><b>B)</b> Unir el comptador amb els muntants.</div><div style=""padding: 5px 0;""><b>C)</b> Unir el distribuïdor amb les derivacions.</div><div style=""padding: 5px 0;""><b>D)</b> Unir la presa amb la clau general.</div></div></div>","<div style=""text-align: left; font-family: -apple-system, sans-serif;""><div style=""font-weight: bold; font-size: 16px; color: #10b981; margin-bottom: 8px;"">✓ Resposta Correcta: D</div><div style=""font-size: 14px; margin-bottom: 12px; padding: 10px; background: rgba(16,185,129,0.1); border-radius: 6px; border-left: 4px solid #10b981;"">D) Unir la presa amb la clau general.</div><hr style=""border: 0; border-top: 1px solid #ddd; margin: 12px 0;""><div style=""font-size: 13px; color: #444; line-height: 1.4;""><b style=""color: #111;"">Explicació:</b> El tub d’escomesa porta l’aigua des de la presa fins a la clau general.</div></div>","T12_-_Installacions","16100"
"<div style=""text-align: left; font-family: -apple-system, sans-serif;""><div style=""font-size: 11px; color: #888; margin-bottom: 6px;"">[T12 - Instal·lacions] Pregunta 95</div><div style=""font-weight: bold; font-size: 16px; margin-bottom: 14px; line-height: 1.4;"">Com és la tensió en una instal·lació final de consum respecte de les etapes anteriors?</div><div style=""font-size: 14px; line-height: 1.6;""><div style=""padding: 5px 0;""><b>A)</b> Passa a corrent continu de mitja tensió.</div><div style=""padding: 5px 0;""><b>B)</b> Està reduïda a valors molt més baixos.</div><div style=""padding: 5px 0;""><b>C)</b> S’eleva fins al nivell propi de la generació.</div><div style=""padding: 5px 0;""><b>D)</b> Es manté en els valors màxims del transport.</div></div></div>","<div style=""text-align: left; font-family: -apple-system, sans-serif;""><div style=""font-weight: bold; font-size: 16px; color: #10b981; margin-bottom: 8px;"">✓ Resposta Correcta: B</div><div style=""font-size: 14px; margin-bottom: 12px; padding: 10px; background: rgba(16,185,129,0.1); border-radius: 6px; border-left: 4px solid #10b981;"">B) Està reduïda a valors molt més baixos.</div><hr style=""border: 0; border-top: 1px solid #ddd; margin: 12px 0;""><div style=""font-size: 13px; color: #444; line-height: 1.4;""><b style=""color: #111;"">Explicació:</b> Abans d’arribar al consum final, la tensió ja s’ha reduït a valors molt inferiors als de transport i distribució.</div></div>","T12_-_Installacions","15701"
"<div style=""text-align: left; font-family: -apple-system, sans-serif;""><div style=""font-size: 11px; color: #888; margin-bottom: 6px;"">[T12 - Instal·lacions] Pregunta 96</div><div style=""font-weight: bold; font-size: 16px; margin-bottom: 14px; line-height: 1.4;"">Quina combinació de proteccions pot integrar-se en un sol aparell?</div><div style=""font-size: 14px; line-height: 1.6;""><div style=""padding: 5px 0;""><b>A)</b> IGA i derivació individual.</div><div style=""padding: 5px 0;""><b>B)</b> Fusible i comptador d’energia.</div><div style=""padding: 5px 0;""><b>C)</b> Transformador i protector contra llamps.</div><div style=""padding: 5px 0;""><b>D)</b> Diferencial i magnetotèrmic.</div></div></div>","<div style=""text-align: left; font-family: -apple-system, sans-serif;""><div style=""font-weight: bold; font-size: 16px; color: #10b981; margin-bottom: 8px;"">✓ Resposta Correcta: D</div><div style=""font-size: 14px; margin-bottom: 12px; padding: 10px; background: rgba(16,185,129,0.1); border-radius: 6px; border-left: 4px solid #10b981;"">D) Diferencial i magnetotèrmic.</div><hr style=""border: 0; border-top: 1px solid #ddd; margin: 12px 0;""><div style=""font-size: 13px; color: #444; line-height: 1.4;""><b style=""color: #111;"">Explicació:</b> Existeixen dispositius que incorporen protecció diferencial i magnetotèrmica en un únic equip.</div></div>","T12_-_Installacions","15988"
"<div style=""text-align: left; font-family: -apple-system, sans-serif;""><div style=""font-size: 11px; color: #888; margin-bottom: 6px;"">[T12 - Instal·lacions] Pregunta 97</div><div style=""font-weight: bold; font-size: 16px; margin-bottom: 14px; line-height: 1.4;"">Què exigeix físicament l’ús d’un discriminador de tensió?</div><div style=""font-size: 14px; line-height: 1.6;""><div style=""padding: 5px 0;""><b>A)</b> Apropar les puntes als conductors sense arribar a tocar-ne cap part metàl·lica.</div><div style=""padding: 5px 0;""><b>B)</b> Posar les puntes en contacte amb el metall dels conductors que es volen comparar.</div><div style=""padding: 5px 0;""><b>C)</b> Tocar amb un dit un terminal metàl·lic del mànec mentre s’apropa una sola punta.</div><div style=""padding: 5px 0;""><b>D)</b> Tancar una pinça al voltant dels dos conductors simultàniament.</div></div></div>","<div style=""text-align: left; font-family: -apple-system, sans-serif;""><div style=""font-weight: bold; font-size: 16px; color: #10b981; margin-bottom: 8px;"">✓ Resposta Correcta: B</div><div style=""font-size: 14px; margin-bottom: 12px; padding: 10px; background: rgba(16,185,129,0.1); border-radius: 6px; border-left: 4px solid #10b981;"">B) Posar les puntes en contacte amb el metall dels conductors que es volen comparar.</div><hr style=""border: 0; border-top: 1px solid #ddd; margin: 12px 0;""><div style=""font-size: 13px; color: #444; line-height: 1.4;""><b style=""color: #111;"">Explicació:</b> A diferència d’un detector sense contacte, el discriminador necessita contacte elèctric als dos punts.</div></div>","T12_-_Installacions","16031"
"<div style=""text-align: left; font-family: -apple-system, sans-serif;""><div style=""font-size: 11px; color: #888; margin-bottom: 6px;"">[T12 - Instal·lacions] Pregunta 98</div><div style=""font-weight: bold; font-size: 16px; margin-bottom: 14px; line-height: 1.4;"">Què connecten les subestacions de transformació?</div><div style=""font-size: 14px; line-height: 1.6;""><div style=""padding: 5px 0;""><b>A)</b> Centrals de generació amb els circuits interiors dels consumidors.</div><div style=""padding: 5px 0;""><b>B)</b> Diferents línies elèctriques de transport o distribució.</div><div style=""padding: 5px 0;""><b>C)</b> Línies de baixa tensió amb els receptors finals d’una instal·lació.</div><div style=""padding: 5px 0;""><b>D)</b> Punts finals de consum amb les xarxes interiors dels edificis.</div></div></div>","<div style=""text-align: left; font-family: -apple-system, sans-serif;""><div style=""font-weight: bold; font-size: 16px; color: #10b981; margin-bottom: 8px;"">✓ Resposta Correcta: B</div><div style=""font-size: 14px; margin-bottom: 12px; padding: 10px; background: rgba(16,185,129,0.1); border-radius: 6px; border-left: 4px solid #10b981;"">B) Diferents línies elèctriques de transport o distribució.</div><hr style=""border: 0; border-top: 1px solid #ddd; margin: 12px 0;""><div style=""font-size: 13px; color: #444; line-height: 1.4;""><b style=""color: #111;"">Explicació:</b> Les subestacions permeten interconnectar línies de diferents trams de la xarxa.</div></div>","T12_-_Installacions","15836"
"<div style=""text-align: left; font-family: -apple-system, sans-serif;""><div style=""font-size: 11px; color: #888; margin-bottom: 6px;"">[T12 - Instal·lacions] Pregunta 99</div><div style=""font-weight: bold; font-size: 16px; margin-bottom: 14px; line-height: 1.4;"">Quina afirmació descriu correctament la CGP i la CPM?</div><div style=""font-size: 14px; line-height: 1.6;""><div style=""padding: 5px 0;""><b>A)</b> La CGP conté fusibles que protegeixen la LGA; la CPM pot agrupar la CGP i l’equip de mesura d’un únic usuari.</div><div style=""padding: 5px 0;""><b>B)</b> La CGP conté els PIAs dels circuits interiors; la CPM agrupa els dispositius de comandament del quadre d’usuari.</div><div style=""padding: 5px 0;""><b>C)</b> La CGP agrupa els comptadors dels usuaris; la CPM transforma la tensió que arriba a un subministrament individual.</div><div style=""padding: 5px 0;""><b>D)</b> La CGP limita la potència contractada; la CPM substitueix la derivació individual i els dispositius generals de protecció.</div></div></div>","<div style=""text-align: left; font-family: -apple-system, sans-serif;""><div style=""font-weight: bold; font-size: 16px; color: #10b981; margin-bottom: 8px;"">✓ Resposta Correcta: A</div><div style=""font-size: 14px; margin-bottom: 12px; padding: 10px; background: rgba(16,185,129,0.1); border-radius: 6px; border-left: 4px solid #10b981;"">A) La CGP conté fusibles que protegeixen la LGA; la CPM pot agrupar la CGP i l’equip de mesura d’un únic usuari.</div><hr style=""border: 0; border-top: 1px solid #ddd; margin: 12px 0;""><div style=""font-size: 13px; color: #444; line-height: 1.4;""><b style=""color: #111;"">Explicació:</b> La CGP protegeix la LGA mitjançant fusibles; en un subministrament individual, la CPM pot reunir aquesta protecció general amb l’equip de mesura.</div></div>","T12_-_Installacions","15900"
"<div style=""text-align: left; font-family: -apple-system, sans-serif;""><div style=""font-size: 11px; color: #888; margin-bottom: 6px;"">[T12 - Instal·lacions] Pregunta 100</div><div style=""font-weight: bold; font-size: 16px; margin-bottom: 14px; line-height: 1.4;"">Com es poden classificar les instal·lacions elèctriques d’autoconsum segons la gestió de l’energia generada?</div><div style=""font-size: 14px; line-height: 1.6;""><div style=""padding: 5px 0;""><b>A)</b> Segons si utilitzen corrent continu o altern a la sortida.</div><div style=""padding: 5px 0;""><b>B)</b> Segons si permeten acumular l'energia o no.</div><div style=""padding: 5px 0;""><b>C)</b> Segons si treballen amb 48 V o 800 V.</div><div style=""padding: 5px 0;""><b>D)</b> Segons si la font és fotovoltaica o un grup electrogen.</div></div></div>","<div style=""text-align: left; font-family: -apple-system, sans-serif;""><div style=""font-weight: bold; font-size: 16px; color: #10b981; margin-bottom: 8px;"">✓ Resposta Correcta: B</div><div style=""font-size: 14px; margin-bottom: 12px; padding: 10px; background: rgba(16,185,129,0.1); border-radius: 6px; border-left: 4px solid #10b981;"">B) Segons si permeten acumular l'energia o no.</div><hr style=""border: 0; border-top: 1px solid #ddd; margin: 12px 0;""><div style=""font-size: 13px; color: #444; line-height: 1.4;""><b style=""color: #111;"">Explicació:</b> Una classificació bàsica de l’autoconsum diferencia els sistemes amb acumulació dels que no en tenen.</div></div>","T12_-_Installacions","15720"
"<div style=""text-align: left; font-family: -apple-system, sans-serif;""><div style=""font-size: 11px; color: #888; margin-bottom: 6px;"">[T12 - Instal·lacions] Pregunta 101</div><div style=""font-weight: bold; font-size: 16px; margin-bottom: 14px; line-height: 1.4;"">Quin tipus de corrent produeix un generador per a una instal·lació de consum aïllada sense acumulació?</div><div style=""font-size: 14px; line-height: 1.6;""><div style=""padding: 5px 0;""><b>A)</b> Corrent altern.</div><div style=""padding: 5px 0;""><b>B)</b> Corrent continu trifàsic.</div><div style=""padding: 5px 0;""><b>C)</b> Corrent continu de 48 V.</div><div style=""padding: 5px 0;""><b>D)</b> Corrent continu.</div></div></div>","<div style=""text-align: left; font-family: -apple-system, sans-serif;""><div style=""font-weight: bold; font-size: 16px; color: #10b981; margin-bottom: 8px;"">✓ Resposta Correcta: A</div><div style=""font-size: 14px; margin-bottom: 12px; padding: 10px; background: rgba(16,185,129,0.1); border-radius: 6px; border-left: 4px solid #10b981;"">A) Corrent altern.</div><hr style=""border: 0; border-top: 1px solid #ddd; margin: 12px 0;""><div style=""font-size: 13px; color: #444; line-height: 1.4;""><b style=""color: #111;"">Explicació:</b> Els grups electrògens d’aquesta tipologia produeixen corrent altern.</div></div>","T12_-_Installacions","15716"
"<div style=""text-align: left; font-family: -apple-system, sans-serif;""><div style=""font-size: 11px; color: #888; margin-bottom: 6px;"">[T12 - Instal·lacions] Pregunta 102</div><div style=""font-weight: bold; font-size: 16px; margin-bottom: 14px; line-height: 1.4;"">Quins dos mecanismes combina un interruptor magnetotèrmic?</div><div style=""font-size: 14px; line-height: 1.6;""><div style=""padding: 5px 0;""><b>A)</b> Un diferencial i un descarregador de sobretensió.</div><div style=""padding: 5px 0;""><b>B)</b> Un comptador i un relé de mínima tensió.</div><div style=""padding: 5px 0;""><b>C)</b> Un fusible i un transformador de corrent.</div><div style=""padding: 5px 0;""><b>D)</b> Un dispositiu tèrmic i un dispositiu magnètic.</div></div></div>","<div style=""text-align: left; font-family: -apple-system, sans-serif;""><div style=""font-weight: bold; font-size: 16px; color: #10b981; margin-bottom: 8px;"">✓ Resposta Correcta: D</div><div style=""font-size: 14px; margin-bottom: 12px; padding: 10px; background: rgba(16,185,129,0.1); border-radius: 6px; border-left: 4px solid #10b981;"">D) Un dispositiu tèrmic i un dispositiu magnètic.</div><hr style=""border: 0; border-top: 1px solid #ddd; margin: 12px 0;""><div style=""font-size: 13px; color: #444; line-height: 1.4;""><b style=""color: #111;"">Explicació:</b> La combinació tèrmica i magnètica permet respondre de manera diferent a sobrecàrregues i curtcircuits.</div></div>","T12_-_Installacions","15954"
"<div style=""text-align: left; font-family: -apple-system, sans-serif;""><div style=""font-size: 11px; color: #888; margin-bottom: 6px;"">[T12 - Instal·lacions] Pregunta 103</div><div style=""font-weight: bold; font-size: 16px; margin-bottom: 14px; line-height: 1.4;"">Quina comprovació funcional pot fer habitualment un multímetre?</div><div style=""font-size: 14px; line-height: 1.6;""><div style=""padding: 5px 0;""><b>A)</b> Comprovar l’eficàcia d’un fusible sense cap connexió elèctrica.</div><div style=""padding: 5px 0;""><b>B)</b> Comprovar la continuïtat d’un circuit.</div><div style=""padding: 5px 0;""><b>C)</b> Comprovar la distància de seguretat d’una línia.</div><div style=""padding: 5px 0;""><b>D)</b> Comprovar la categoria dielèctrica d’una eina.</div></div></div>","<div style=""text-align: left; font-family: -apple-system, sans-serif;""><div style=""font-weight: bold; font-size: 16px; color: #10b981; margin-bottom: 8px;"">✓ Resposta Correcta: B</div><div style=""font-size: 14px; margin-bottom: 12px; padding: 10px; background: rgba(16,185,129,0.1); border-radius: 6px; border-left: 4px solid #10b981;"">B) Comprovar la continuïtat d’un circuit.</div><hr style=""border: 0; border-top: 1px solid #ddd; margin: 12px 0;""><div style=""font-size: 13px; color: #444; line-height: 1.4;""><b style=""color: #111;"">Explicació:</b> La continuïtat és una de les funcions freqüents dels multímetres.</div></div>","T12_-_Installacions","16038"
"<div style=""text-align: left; font-family: -apple-system, sans-serif;""><div style=""font-size: 11px; color: #888; margin-bottom: 6px;"">[T12 - Instal·lacions] Pregunta 104</div><div style=""font-weight: bold; font-size: 16px; margin-bottom: 14px; line-height: 1.4;"">Quina combinació associa correctament una etapa de xarxa elèctrica amb un tret destacat propi?</div><div style=""font-size: 14px; line-height: 1.6;""><div style=""padding: 5px 0;""><b>A)</b> Consum final: tensions de fins a 400.000 V.</div><div style=""padding: 5px 0;""><b>B)</b> Transport: ús de línies d’alta tensió.</div><div style=""padding: 5px 0;""><b>C)</b> Distribució: ús d’un centre de transformació propi de consum.</div><div style=""padding: 5px 0;""><b>D)</b> Generació: tall autònom del subministrament final.</div></div></div>","<div style=""text-align: left; font-family: -apple-system, sans-serif;""><div style=""font-weight: bold; font-size: 16px; color: #10b981; margin-bottom: 8px;"">✓ Resposta Correcta: B</div><div style=""font-size: 14px; margin-bottom: 12px; padding: 10px; background: rgba(16,185,129,0.1); border-radius: 6px; border-left: 4px solid #10b981;"">B) Transport: ús de línies d’alta tensió.</div><hr style=""border: 0; border-top: 1px solid #ddd; margin: 12px 0;""><div style=""font-size: 13px; color: #444; line-height: 1.4;""><b style=""color: #111;"">Explicació:</b> El transport territorial de l’energia es fa mitjançant línies d’alta tensió.</div></div>","T12_-_Installacions","15707"
"<div style=""text-align: left; font-family: -apple-system, sans-serif;""><div style=""font-size: 11px; color: #888; margin-bottom: 6px;"">[T12 - Instal·lacions] Pregunta 105</div><div style=""font-weight: bold; font-size: 16px; margin-bottom: 14px; line-height: 1.4;"">Què conté la caixa general de protecció (CGP)?</div><div style=""font-size: 14px; line-height: 1.6;""><div style=""padding: 5px 0;""><b>A)</b> Els comptadors digitals de tots els subministraments.</div><div style=""padding: 5px 0;""><b>B)</b> Els fusibles que protegeixen la línia general d’alimentació.</div><div style=""padding: 5px 0;""><b>C)</b> Els PIAs que protegeixen individualment els circuits dels usuaris.</div><div style=""padding: 5px 0;""><b>D)</b> Els interruptors diferencials que protegeixen els circuits interiors.</div></div></div>","<div style=""text-align: left; font-family: -apple-system, sans-serif;""><div style=""font-weight: bold; font-size: 16px; color: #10b981; margin-bottom: 8px;"">✓ Resposta Correcta: B</div><div style=""font-size: 14px; margin-bottom: 12px; padding: 10px; background: rgba(16,185,129,0.1); border-radius: 6px; border-left: 4px solid #10b981;"">B) Els fusibles que protegeixen la línia general d’alimentació.</div><hr style=""border: 0; border-top: 1px solid #ddd; margin: 12px 0;""><div style=""font-size: 13px; color: #444; line-height: 1.4;""><b style=""color: #111;"">Explicació:</b> La CGP allotja els fusibles que protegeixen la línia general d’alimentació.</div></div>","T12_-_Installacions","15875"
"<div style=""text-align: left; font-family: -apple-system, sans-serif;""><div style=""font-size: 11px; color: #888; margin-bottom: 6px;"">[T12 - Instal·lacions] Pregunta 106</div><div style=""font-weight: bold; font-size: 16px; margin-bottom: 14px; line-height: 1.4;"">Com s’uneixen habitualment les canonades d’acer de gas?</div><div style=""font-size: 14px; line-height: 1.6;""><div style=""padding: 5px 0;""><b>A)</b> Per soldadura o brides.</div><div style=""padding: 5px 0;""><b>B)</b> Per unions roscades de plàstic.</div><div style=""padding: 5px 0;""><b>C)</b> Per adhesiu o junta elàstica.</div><div style=""padding: 5px 0;""><b>D)</b> Per electrofusió o termofusió.</div></div></div>","<div style=""text-align: left; font-family: -apple-system, sans-serif;""><div style=""font-weight: bold; font-size: 16px; color: #10b981; margin-bottom: 8px;"">✓ Resposta Correcta: A</div><div style=""font-size: 14px; margin-bottom: 12px; padding: 10px; background: rgba(16,185,129,0.1); border-radius: 6px; border-left: 4px solid #10b981;"">A) Per soldadura o brides.</div><hr style=""border: 0; border-top: 1px solid #ddd; margin: 12px 0;""><div style=""font-size: 13px; color: #444; line-height: 1.4;""><b style=""color: #111;"">Explicació:</b> Les unions d’acer solen ser soldades i també poden ser embridades.</div></div>","T12_-_Installacions","16226"
"<div style=""text-align: left; font-family: -apple-system, sans-serif;""><div style=""font-size: 11px; color: #888; margin-bottom: 6px;"">[T12 - Instal·lacions] Pregunta 107</div><div style=""font-weight: bold; font-size: 16px; margin-bottom: 14px; line-height: 1.4;"">Què diferencia una eina dielèctrica d’una eina normal amb mànec de plàstic?</div><div style=""font-size: 14px; line-height: 1.6;""><div style=""padding: 5px 0;""><b>A)</b> La longitud del mànec, que ha de ser superior a la de les eines convencionals.</div><div style=""padding: 5px 0;""><b>B)</b> La presència de qualsevol recobriment de goma al mànec.</div><div style=""padding: 5px 0;""><b>C)</b> El color vermell o groc de l’empunyadura, independentment del marcatge.</div><div style=""padding: 5px 0;""><b>D)</b> La certificació i el disseny específic d’aïllament per a treball elèctric.</div></div></div>","<div style=""text-align: left; font-family: -apple-system, sans-serif;""><div style=""font-weight: bold; font-size: 16px; color: #10b981; margin-bottom: 8px;"">✓ Resposta Correcta: D</div><div style=""font-size: 14px; margin-bottom: 12px; padding: 10px; background: rgba(16,185,129,0.1); border-radius: 6px; border-left: 4px solid #10b981;"">D) La certificació i el disseny específic d’aïllament per a treball elèctric.</div><hr style=""border: 0; border-top: 1px solid #ddd; margin: 12px 0;""><div style=""font-size: 13px; color: #444; line-height: 1.4;""><b style=""color: #111;"">Explicació:</b> Un mànec aïllant aparent no equival a una classificació dielèctrica.</div></div>","T12_-_Installacions","16083"
"<div style=""text-align: left; font-family: -apple-system, sans-serif;""><div style=""font-size: 11px; color: #888; margin-bottom: 6px;"">[T12 - Instal·lacions] Pregunta 108</div><div style=""font-weight: bold; font-size: 16px; margin-bottom: 14px; line-height: 1.4;"">Què passa amb l’inversor d'una instal·lació on-grid quan es talla el subministrament de la xarxa?</div><div style=""font-size: 14px; line-height: 1.6;""><div style=""padding: 5px 0;""><b>A)</b> Manté la injecció d’excedents cap a la xarxa.</div><div style=""padding: 5px 0;""><b>B)</b> Continua alimentant la instal·lació amb la producció fotovoltaica.</div><div style=""padding: 5px 0;""><b>C)</b> Passa automàticament a funcionar com un sistema aïllat.</div><div style=""padding: 5px 0;""><b>D)</b> S’atura i deixa d’alimentar la instal·lació.</div></div></div>","<div style=""text-align: left; font-family: -apple-system, sans-serif;""><div style=""font-weight: bold; font-size: 16px; color: #10b981; margin-bottom: 8px;"">✓ Resposta Correcta: D</div><div style=""font-size: 14px; margin-bottom: 12px; padding: 10px; background: rgba(16,185,129,0.1); border-radius: 6px; border-left: 4px solid #10b981;"">D) S’atura i deixa d’alimentar la instal·lació.</div><hr style=""border: 0; border-top: 1px solid #ddd; margin: 12px 0;""><div style=""font-size: 13px; color: #444; line-height: 1.4;""><b style=""color: #111;"">Explicació:</b> En un tall de xarxa, l’inversor on-grid s’atura per la protecció anti-illa i no alimenta la instal·lació.</div></div>","T12_-_Installacions","15723"
"<div style=""text-align: left; font-family: -apple-system, sans-serif;""><div style=""font-size: 11px; color: #888; margin-bottom: 6px;"">[T12 - Instal·lacions] Pregunta 109</div><div style=""font-weight: bold; font-size: 16px; margin-bottom: 14px; line-height: 1.4;"">D’on procedeixen les aigües pluvials d’un edifici?</div><div style=""font-size: 14px; line-height: 1.6;""><div style=""padding: 5px 0;""><b>A)</b> De vàters, dutxes i lavabos.</div><div style=""padding: 5px 0;""><b>B)</b> De cobertes, terrasses, patis i carrers.</div><div style=""padding: 5px 0;""><b>C)</b> De cuines, rentadores i piques.</div><div style=""padding: 5px 0;""><b>D)</b> De dipòsits i acumuladors d’aigua.</div></div></div>","<div style=""text-align: left; font-family: -apple-system, sans-serif;""><div style=""font-weight: bold; font-size: 16px; color: #10b981; margin-bottom: 8px;"">✓ Resposta Correcta: B</div><div style=""font-size: 14px; margin-bottom: 12px; padding: 10px; background: rgba(16,185,129,0.1); border-radius: 6px; border-left: 4px solid #10b981;"">B) De cobertes, terrasses, patis i carrers.</div><hr style=""border: 0; border-top: 1px solid #ddd; margin: 12px 0;""><div style=""font-size: 13px; color: #444; line-height: 1.4;""><b style=""color: #111;"">Explicació:</b> Les aigües pluvials provenen de la pluja recollida en superfícies exteriors.</div></div>","T12_-_Installacions","16153"
"<div style=""text-align: left; font-family: -apple-system, sans-serif;""><div style=""font-size: 11px; color: #888; margin-bottom: 6px;"">[T12 - Instal·lacions] Pregunta 110</div><div style=""font-weight: bold; font-size: 16px; margin-bottom: 14px; line-height: 1.4;"">Quin tipus de central assumeix principalment el paper de central de fons actualment?</div><div style=""font-size: 14px; line-height: 1.6;""><div style=""padding: 5px 0;""><b>A)</b> La central eòlica.</div><div style=""padding: 5px 0;""><b>B)</b> La central fotovoltaica.</div><div style=""padding: 5px 0;""><b>C)</b> La central amb motor de combustió interna.</div><div style=""padding: 5px 0;""><b>D)</b> La central nuclear.</div></div></div>","<div style=""text-align: left; font-family: -apple-system, sans-serif;""><div style=""font-weight: bold; font-size: 16px; color: #10b981; margin-bottom: 8px;"">✓ Resposta Correcta: D</div><div style=""font-size: 14px; margin-bottom: 12px; padding: 10px; background: rgba(16,185,129,0.1); border-radius: 6px; border-left: 4px solid #10b981;"">D) La central nuclear.</div><hr style=""border: 0; border-top: 1px solid #ddd; margin: 12px 0;""><div style=""font-size: 13px; color: #444; line-height: 1.4;""><b style=""color: #111;"">Explicació:</b> El paper de producció contínua de base recau sobretot en les centrals nuclears.</div></div>","T12_-_Installacions","15784"
"<div style=""text-align: left; font-family: -apple-system, sans-serif;""><div style=""font-size: 11px; color: #888; margin-bottom: 6px;"">[T12 - Instal·lacions] Pregunta 111</div><div style=""font-weight: bold; font-size: 16px; margin-bottom: 14px; line-height: 1.4;"">Quan adquireixen especial importància les mesures de protecció personal davant l’electricitat?</div><div style=""font-size: 14px; line-height: 1.6;""><div style=""padding: 5px 0;""><b>A)</b> Quan l’únic risc existent és una sobrecàrrega sense parts accessibles.</div><div style=""padding: 5px 0;""><b>B)</b> Quan la instal·lació és de baixa tensió i no disposa de diferencial.</div><div style=""padding: 5px 0;""><b>C)</b> Quan la instal·lació ha estat desconnectada i verificada segons les cinc regles.</div><div style=""padding: 5px 0;""><b>D)</b> Quan una emergència impedeix aplicar completament el procediment de treball sense tensió.</div></div></div>","<div style=""text-align: left; font-family: -apple-system, sans-serif;""><div style=""font-weight: bold; font-size: 16px; color: #10b981; margin-bottom: 8px;"">✓ Resposta Correcta: D</div><div style=""font-size: 14px; margin-bottom: 12px; padding: 10px; background: rgba(16,185,129,0.1); border-radius: 6px; border-left: 4px solid #10b981;"">D) Quan una emergència impedeix aplicar completament el procediment de treball sense tensió.</div><hr style=""border: 0; border-top: 1px solid #ddd; margin: 12px 0;""><div style=""font-size: 13px; color: #444; line-height: 1.4;""><b style=""color: #111;"">Explicació:</b> En emergències pot ser necessari interactuar amb elements en tensió i reforçar la protecció.</div></div>","T12_-_Installacions","16071"
"<div style=""text-align: left; font-family: -apple-system, sans-serif;""><div style=""font-size: 11px; color: #888; margin-bottom: 6px;"">[T12 - Instal·lacions] Pregunta 112</div><div style=""font-weight: bold; font-size: 16px; margin-bottom: 14px; line-height: 1.4;"">Com és un sistema de sanejament unitari?</div><div style=""font-size: 14px; line-height: 1.6;""><div style=""padding: 5px 0;""><b>A)</b> Separa aigües residuals i pluvials.</div><div style=""padding: 5px 0;""><b>B)</b> Separa aigües negres de grises i pluvials.</div><div style=""padding: 5px 0;""><b>C)</b> Condueix juntes negres i grises, però separa les pluvials.</div><div style=""padding: 5px 0;""><b>D)</b> Condueix conjuntament totes les aigües.</div></div></div>","<div style=""text-align: left; font-family: -apple-system, sans-serif;""><div style=""font-weight: bold; font-size: 16px; color: #10b981; margin-bottom: 8px;"">✓ Resposta Correcta: D</div><div style=""font-size: 14px; margin-bottom: 12px; padding: 10px; background: rgba(16,185,129,0.1); border-radius: 6px; border-left: 4px solid #10b981;"">D) Condueix conjuntament totes les aigües.</div><hr style=""border: 0; border-top: 1px solid #ddd; margin: 12px 0;""><div style=""font-size: 13px; color: #444; line-height: 1.4;""><b style=""color: #111;"">Explicació:</b> En el sistema unitari totes les aigües comparteixen la mateixa xarxa.</div></div>","T12_-_Installacions","16157"
"<div style=""text-align: left; font-family: -apple-system, sans-serif;""><div style=""font-size: 11px; color: #888; margin-bottom: 6px;"">[T12 - Instal·lacions] Pregunta 113</div><div style=""font-weight: bold; font-size: 16px; margin-bottom: 14px; line-height: 1.4;"">Quin gas combustible pot obtenir-se per descomposició anaeròbia de matèria orgànica?</div><div style=""font-size: 14px; line-height: 1.6;""><div style=""padding: 5px 0;""><b>A)</b> Gas de síntesi.</div><div style=""padding: 5px 0;""><b>B)</b> GLP.</div><div style=""padding: 5px 0;""><b>C)</b> GNL.</div><div style=""padding: 5px 0;""><b>D)</b> Biogàs.</div></div></div>","<div style=""text-align: left; font-family: -apple-system, sans-serif;""><div style=""font-weight: bold; font-size: 16px; color: #10b981; margin-bottom: 8px;"">✓ Resposta Correcta: D</div><div style=""font-size: 14px; margin-bottom: 12px; padding: 10px; background: rgba(16,185,129,0.1); border-radius: 6px; border-left: 4px solid #10b981;"">D) Biogàs.</div><hr style=""border: 0; border-top: 1px solid #ddd; margin: 12px 0;""><div style=""font-size: 13px; color: #444; line-height: 1.4;""><b style=""color: #111;"">Explicació:</b> La descomposició anaeròbia de matèria orgànica pot produir biogàs.</div></div>","T12_-_Installacions","16207"
"<div style=""text-align: left; font-family: -apple-system, sans-serif;""><div style=""font-size: 11px; color: #888; margin-bottom: 6px;"">[T12 - Instal·lacions] Pregunta 114</div><div style=""font-weight: bold; font-size: 16px; margin-bottom: 14px; line-height: 1.4;"">Per què s’odoritza el gas natural?</div><div style=""font-size: 14px; line-height: 1.6;""><div style=""padding: 5px 0;""><b>A)</b> Per facilitar la detecció de fuites.</div><div style=""padding: 5px 0;""><b>B)</b> Per estabilitzar-ne la combustió.</div><div style=""padding: 5px 0;""><b>C)</b> Per augmentar-ne el poder calorífic.</div><div style=""padding: 5px 0;""><b>D)</b> Per reduir-ne la pressió.</div></div></div>","<div style=""text-align: left; font-family: -apple-system, sans-serif;""><div style=""font-weight: bold; font-size: 16px; color: #10b981; margin-bottom: 8px;"">✓ Resposta Correcta: A</div><div style=""font-size: 14px; margin-bottom: 12px; padding: 10px; background: rgba(16,185,129,0.1); border-radius: 6px; border-left: 4px solid #10b981;"">A) Per facilitar la detecció de fuites.</div><hr style=""border: 0; border-top: 1px solid #ddd; margin: 12px 0;""><div style=""font-size: 13px; color: #444; line-height: 1.4;""><b style=""color: #111;"">Explicació:</b> Com que és inodor, s’hi afegeix un odoritzant per detectar fuites.</div></div>","T12_-_Installacions","16210"
"<div style=""text-align: left; font-family: -apple-system, sans-serif;""><div style=""font-size: 11px; color: #888; margin-bottom: 6px;"">[T12 - Instal·lacions] Pregunta 115</div><div style=""font-weight: bold; font-size: 16px; margin-bottom: 14px; line-height: 1.4;"">Quina instal·lació urbana es considera receptora?</div><div style=""font-size: 14px; line-height: 1.6;""><div style=""padding: 5px 0;""><b>A)</b> Una línia general d’alimentació comuna.</div><div style=""padding: 5px 0;""><b>B)</b> Una caixa general de protecció d’edifici.</div><div style=""padding: 5px 0;""><b>C)</b> Una línia de distribució de mitjana tensió.</div><div style=""padding: 5px 0;""><b>D)</b> Una instal·lació d’enllumenat públic.</div></div></div>","<div style=""text-align: left; font-family: -apple-system, sans-serif;""><div style=""font-weight: bold; font-size: 16px; color: #10b981; margin-bottom: 8px;"">✓ Resposta Correcta: D</div><div style=""font-size: 14px; margin-bottom: 12px; padding: 10px; background: rgba(16,185,129,0.1); border-radius: 6px; border-left: 4px solid #10b981;"">D) Una instal·lació d’enllumenat públic.</div><hr style=""border: 0; border-top: 1px solid #ddd; margin: 12px 0;""><div style=""font-size: 13px; color: #444; line-height: 1.4;""><b style=""color: #111;"">Explicació:</b> L’enllumenat públic és una instal·lació de consum connectada a la xarxa de baixa tensió.</div></div>","T12_-_Installacions","15907"
"<div style=""text-align: left; font-family: -apple-system, sans-serif;""><div style=""font-size: 11px; color: #888; margin-bottom: 6px;"">[T12 - Instal·lacions] Pregunta 116</div><div style=""font-weight: bold; font-size: 16px; margin-bottom: 14px; line-height: 1.4;"">Quina dada d’un magnetotèrmic expressa quants conductors pot desconnectar?</div><div style=""font-size: 14px; line-height: 1.6;""><div style=""padding: 5px 0;""><b>A)</b> La sensibilitat.</div><div style=""padding: 5px 0;""><b>B)</b> La classe de diferencial.</div><div style=""padding: 5px 0;""><b>C)</b> El nombre de pols.</div><div style=""padding: 5px 0;""><b>D)</b> La corba de sobretensió.</div></div></div>","<div style=""text-align: left; font-family: -apple-system, sans-serif;""><div style=""font-weight: bold; font-size: 16px; color: #10b981; margin-bottom: 8px;"">✓ Resposta Correcta: C</div><div style=""font-size: 14px; margin-bottom: 12px; padding: 10px; background: rgba(16,185,129,0.1); border-radius: 6px; border-left: 4px solid #10b981;"">C) El nombre de pols.</div><hr style=""border: 0; border-top: 1px solid #ddd; margin: 12px 0;""><div style=""font-size: 13px; color: #444; line-height: 1.4;""><b style=""color: #111;"">Explicació:</b> Designacions com 1P, 1P+N o 2P informen sobre el nombre i tipus de pols.</div></div>","T12_-_Installacions","15962"
"<div style=""text-align: left; font-family: -apple-system, sans-serif;""><div style=""font-size: 11px; color: #888; margin-bottom: 6px;"">[T12 - Instal·lacions] Pregunta 117</div><div style=""font-weight: bold; font-size: 16px; margin-bottom: 14px; line-height: 1.4;"">Per què la perxa de salvament té un anell de guarda al mànec?</div><div style=""font-size: 14px; line-height: 1.6;""><div style=""padding: 5px 0;""><b>A)</b> Per delimitar la zona segura d’agafada i evitar apropar les mans a l’element en tensió.</div><div style=""padding: 5px 0;""><b>B)</b> Per separar la part flexible de la part rígida durant el transport.</div><div style=""padding: 5px 0;""><b>C)</b> Per marcar la distància exacta a partir de la qual es pot tocar el conductor.</div><div style=""padding: 5px 0;""><b>D)</b> Per indicar el punt on s’ha de connectar la perxa al conductor de terra.</div></div></div>","<div style=""text-align: left; font-family: -apple-system, sans-serif;""><div style=""font-weight: bold; font-size: 16px; color: #10b981; margin-bottom: 8px;"">✓ Resposta Correcta: A</div><div style=""font-size: 14px; margin-bottom: 12px; padding: 10px; background: rgba(16,185,129,0.1); border-radius: 6px; border-left: 4px solid #10b981;"">A) Per delimitar la zona segura d’agafada i evitar apropar les mans a l’element en tensió.</div><hr style=""border: 0; border-top: 1px solid #ddd; margin: 12px 0;""><div style=""font-size: 13px; color: #444; line-height: 1.4;""><b style=""color: #111;"">Explicació:</b> Agafar la perxa més enllà del límit previst redueix la distància d’aïllament disponible.</div></div>","T12_-_Installacions","16085"
"<div style=""text-align: left; font-family: -apple-system, sans-serif;""><div style=""font-size: 11px; color: #888; margin-bottom: 6px;"">[T12 - Instal·lacions] Pregunta 118</div><div style=""font-weight: bold; font-size: 16px; margin-bottom: 14px; line-height: 1.4;"">Quins tipus de fusible són habituals a la xarxa de baixa tensió?</div><div style=""font-size: 14px; line-height: 1.6;""><div style=""padding: 5px 0;""><b>A)</b> Els transitoris i els permanents.</div><div style=""padding: 5px 0;""><b>B)</b> Els de ganiveta i els cilíndrics.</div><div style=""padding: 5px 0;""><b>C)</b> Els diferencials i els tèrmics.</div><div style=""padding: 5px 0;""><b>D)</b> Els motoritzats i els autorearmables.</div></div></div>","<div style=""text-align: left; font-family: -apple-system, sans-serif;""><div style=""font-weight: bold; font-size: 16px; color: #10b981; margin-bottom: 8px;"">✓ Resposta Correcta: B</div><div style=""font-size: 14px; margin-bottom: 12px; padding: 10px; background: rgba(16,185,129,0.1); border-radius: 6px; border-left: 4px solid #10b981;"">B) Els de ganiveta i els cilíndrics.</div><hr style=""border: 0; border-top: 1px solid #ddd; margin: 12px 0;""><div style=""font-size: 13px; color: #444; line-height: 1.4;""><b style=""color: #111;"">Explicació:</b> A les xarxes de baixa tensió són habituals especialment els fusibles de ganiveta i els cilíndrics.</div></div>","T12_-_Installacions","15946"
"<div style=""text-align: left; font-family: -apple-system, sans-serif;""><div style=""font-size: 11px; color: #888; margin-bottom: 6px;"">[T12 - Instal·lacions] Pregunta 119</div><div style=""font-weight: bold; font-size: 16px; margin-bottom: 14px; line-height: 1.4;"">Com són habitualment les proteccions dels grups electrògens portàtils?</div><div style=""font-size: 14px; line-height: 1.6;""><div style=""padding: 5px 0;""><b>A)</b> Basades en diferencial i detecció de fuites com a regla general.</div><div style=""padding: 5px 0;""><b>B)</b> Equivalents a les proteccions d’un grup fix.</div><div style=""padding: 5px 0;""><b>C)</b> Completes i pròpies d’una instal·lació fixa protegida.</div><div style=""padding: 5px 0;""><b>D)</b> Molt limitades en comparació amb les d'un grup fix</div></div></div>","<div style=""text-align: left; font-family: -apple-system, sans-serif;""><div style=""font-weight: bold; font-size: 16px; color: #10b981; margin-bottom: 8px;"">✓ Resposta Correcta: D</div><div style=""font-size: 14px; margin-bottom: 12px; padding: 10px; background: rgba(16,185,129,0.1); border-radius: 6px; border-left: 4px solid #10b981;"">D) Molt limitades en comparació amb les d'un grup fix</div><hr style=""border: 0; border-top: 1px solid #ddd; margin: 12px 0;""><div style=""font-size: 13px; color: #444; line-height: 1.4;""><b style=""color: #111;"">Explicació:</b> Els grups portàtils acostumen a disposar de proteccions molt limitades.</div></div>","T12_-_Installacions","15735"
"<div style=""text-align: left; font-family: -apple-system, sans-serif;""><div style=""font-size: 11px; color: #888; margin-bottom: 6px;"">[T12 - Instal·lacions] Pregunta 120</div><div style=""font-weight: bold; font-size: 16px; margin-bottom: 14px; line-height: 1.4;"">Quin element de l’escomesa d’aigua ha de quedar accessible des de fora de la propietat?</div><div style=""font-size: 14px; line-height: 1.6;""><div style=""padding: 5px 0;""><b>A)</b> La clau de pas interior.</div><div style=""padding: 5px 0;""><b>B)</b> El comptador divisionari.</div><div style=""padding: 5px 0;""><b>C)</b> La clau de tall exterior.</div><div style=""padding: 5px 0;""><b>D)</b> La vàlvula de purga.</div></div></div>","<div style=""text-align: left; font-family: -apple-system, sans-serif;""><div style=""font-weight: bold; font-size: 16px; color: #10b981; margin-bottom: 8px;"">✓ Resposta Correcta: C</div><div style=""font-size: 14px; margin-bottom: 12px; padding: 10px; background: rgba(16,185,129,0.1); border-radius: 6px; border-left: 4px solid #10b981;"">C) La clau de tall exterior.</div><hr style=""border: 0; border-top: 1px solid #ddd; margin: 12px 0;""><div style=""font-size: 13px; color: #444; line-height: 1.4;""><b style=""color: #111;"">Explicació:</b> La clau de tall exterior s’ha de poder accionar des de fora de la propietat.</div></div>","T12_-_Installacions","16101"
"<div style=""text-align: left; font-family: -apple-system, sans-serif;""><div style=""font-size: 11px; color: #888; margin-bottom: 6px;"">[T12 - Instal·lacions] Pregunta 121</div><div style=""font-weight: bold; font-size: 16px; margin-bottom: 14px; line-height: 1.4;"">Quina funció tenen els equips dielèctrics en una intervenció amb tensió?</div><div style=""font-size: 14px; line-height: 1.6;""><div style=""padding: 5px 0;""><b>A)</b> Interrompre o allargar el camí possible del corrent a través de l’operari.</div><div style=""padding: 5px 0;""><b>B)</b> Absorbir l’energia d’un curtcircuit i impedir que actuïn les proteccions.</div><div style=""padding: 5px 0;""><b>C)</b> Reduir automàticament la tensió de la instal·lació fins a un valor segur.</div><div style=""padding: 5px 0;""><b>D)</b> Fer disparar el diferencial abans que el corrent pugui travessar el cos.</div></div></div>","<div style=""text-align: left; font-family: -apple-system, sans-serif;""><div style=""font-weight: bold; font-size: 16px; color: #10b981; margin-bottom: 8px;"">✓ Resposta Correcta: A</div><div style=""font-size: 14px; margin-bottom: 12px; padding: 10px; background: rgba(16,185,129,0.1); border-radius: 6px; border-left: 4px solid #10b981;"">A) Interrompre o allargar el camí possible del corrent a través de l’operari.</div><hr style=""border: 0; border-top: 1px solid #ddd; margin: 12px 0;""><div style=""font-size: 13px; color: #444; line-height: 1.4;""><b style=""color: #111;"">Explicació:</b> L’aïllament elèctric busca dificultar el pas del corrent pel cos.</div></div>","T12_-_Installacions","16079"
"<div style=""text-align: left; font-family: -apple-system, sans-serif;""><div style=""font-size: 11px; color: #888; margin-bottom: 6px;"">[T12 - Instal·lacions] Pregunta 122</div><div style=""font-weight: bold; font-size: 16px; margin-bottom: 14px; line-height: 1.4;"">A quina pressió treballa la xarxa de transport secundari de gas?</div><div style=""font-size: 14px; line-height: 1.6;""><div style=""padding: 5px 0;""><b>A)</b> Entre 20 i 60 mbar.</div><div style=""padding: 5px 0;""><b>B)</b> Entre 60 i 100 bar.</div><div style=""padding: 5px 0;""><b>C)</b> Entre 6 i 16 bar.</div><div style=""padding: 5px 0;""><b>D)</b> Entre 16 i 60 bar.</div></div></div>","<div style=""text-align: left; font-family: -apple-system, sans-serif;""><div style=""font-weight: bold; font-size: 16px; color: #10b981; margin-bottom: 8px;"">✓ Resposta Correcta: D</div><div style=""font-size: 14px; margin-bottom: 12px; padding: 10px; background: rgba(16,185,129,0.1); border-radius: 6px; border-left: 4px solid #10b981;"">D) Entre 16 i 60 bar.</div><hr style=""border: 0; border-top: 1px solid #ddd; margin: 12px 0;""><div style=""font-size: 13px; color: #444; line-height: 1.4;""><b style=""color: #111;"">Explicació:</b> La xarxa de transport secundari opera entre 16 i 60 bar.</div></div>","T12_-_Installacions","16215"
"<div style=""text-align: left; font-family: -apple-system, sans-serif;""><div style=""font-size: 11px; color: #888; margin-bottom: 6px;"">[T12 - Instal·lacions] Pregunta 123</div><div style=""font-weight: bold; font-size: 16px; margin-bottom: 14px; line-height: 1.4;"">Quina funció té l’inversor en una central fotovoltaica connectada a la xarxa?</div><div style=""font-size: 14px; line-height: 1.6;""><div style=""padding: 5px 0;""><b>A)</b> Elevar directament la tensió fins als nivells de transport.</div><div style=""padding: 5px 0;""><b>B)</b> Transformar el corrent continu en corrent altern.</div><div style=""padding: 5px 0;""><b>C)</b> Transformar el corrent altern en corrent continu.</div><div style=""padding: 5px 0;""><b>D)</b> Invertir el cicle per retornar l'entergia.</div></div></div>","<div style=""text-align: left; font-family: -apple-system, sans-serif;""><div style=""font-weight: bold; font-size: 16px; color: #10b981; margin-bottom: 8px;"">✓ Resposta Correcta: B</div><div style=""font-size: 14px; margin-bottom: 12px; padding: 10px; background: rgba(16,185,129,0.1); border-radius: 6px; border-left: 4px solid #10b981;"">B) Transformar el corrent continu en corrent altern.</div><hr style=""border: 0; border-top: 1px solid #ddd; margin: 12px 0;""><div style=""font-size: 13px; color: #444; line-height: 1.4;""><b style=""color: #111;"">Explicació:</b> L’inversor adapta el corrent continu de la generació fotovoltaica a corrent altern.</div></div>","T12_-_Installacions","15771"
"<div style=""text-align: left; font-family: -apple-system, sans-serif;""><div style=""font-size: 11px; color: #888; margin-bottom: 6px;"">[T12 - Instal·lacions] Pregunta 124</div><div style=""font-weight: bold; font-size: 16px; margin-bottom: 14px; line-height: 1.4;"">Què connecta el conductor de protecció PE?</div><div style=""font-size: 14px; line-height: 1.6;""><div style=""padding: 5px 0;""><b>A)</b> Les superfícies metàl·liques dels aparells elèctrics amb la presa de terra de l’edifici.</div><div style=""padding: 5px 0;""><b>B)</b> El neutre dels receptors amb la línia general d’alimentació de l’edifici.</div><div style=""padding: 5px 0;""><b>C)</b> Les fases dels receptors amb l’embarrat general de la centralització de comptadors.</div><div style=""padding: 5px 0;""><b>D)</b> Els equips de mesura dels usuaris amb la caixa general de protecció de l’edifici.</div></div></div>","<div style=""text-align: left; font-family: -apple-system, sans-serif;""><div style=""font-weight: bold; font-size: 16px; color: #10b981; margin-bottom: 8px;"">✓ Resposta Correcta: A</div><div style=""font-size: 14px; margin-bottom: 12px; padding: 10px; background: rgba(16,185,129,0.1); border-radius: 6px; border-left: 4px solid #10b981;"">A) Les superfícies metàl·liques dels aparells elèctrics amb la presa de terra de l’edifici.</div><hr style=""border: 0; border-top: 1px solid #ddd; margin: 12px 0;""><div style=""font-size: 13px; color: #444; line-height: 1.4;""><b style=""color: #111;"">Explicació:</b> El conductor PE uneix les masses metàl·liques accessibles dels aparells amb la presa de terra.</div></div>","T12_-_Installacions","15922"
"<div style=""text-align: left; font-family: -apple-system, sans-serif;""><div style=""font-size: 11px; color: #888; margin-bottom: 6px;"">[T12 - Instal·lacions] Pregunta 125</div><div style=""font-weight: bold; font-size: 16px; margin-bottom: 14px; line-height: 1.4;"">Quina funció té el pantògraf d’un tren?</div><div style=""font-size: 14px; line-height: 1.6;""><div style=""padding: 5px 0;""><b>A)</b> Captar el corrent elèctric de la catenària.</div><div style=""padding: 5px 0;""><b>B)</b> Separar el tercer carril dels carrils de rodament.</div><div style=""padding: 5px 0;""><b>C)</b> Reduir la tensió de la línia fins als 400 V.</div><div style=""padding: 5px 0;""><b>D)</b> Alimentar la catenària a intervals regulars.</div></div></div>","<div style=""text-align: left; font-family: -apple-system, sans-serif;""><div style=""font-weight: bold; font-size: 16px; color: #10b981; margin-bottom: 8px;"">✓ Resposta Correcta: A</div><div style=""font-size: 14px; margin-bottom: 12px; padding: 10px; background: rgba(16,185,129,0.1); border-radius: 6px; border-left: 4px solid #10b981;"">A) Captar el corrent elèctric de la catenària.</div><hr style=""border: 0; border-top: 1px solid #ddd; margin: 12px 0;""><div style=""font-size: 13px; color: #444; line-height: 1.4;""><b style=""color: #111;"">Explicació:</b> El pantògraf és l’aparell que capta el corrent elèctric de la catenària.</div></div>","T12_-_Installacions","15748"
"<div style=""text-align: left; font-family: -apple-system, sans-serif;""><div style=""font-size: 11px; color: #888; margin-bottom: 6px;"">[T12 - Instal·lacions] Pregunta 126</div><div style=""font-weight: bold; font-size: 16px; margin-bottom: 14px; line-height: 1.4;"">Quin element del magnetotèrmic actua principalment davant una sobrecàrrega?</div><div style=""font-size: 14px; line-height: 1.6;""><div style=""padding: 5px 0;""><b>A)</b> El botó de test diferencial.</div><div style=""padding: 5px 0;""><b>B)</b> L’electroimant del dispositiu magnètic.</div><div style=""padding: 5px 0;""><b>C)</b> La cambra d’extinció d’arc.</div><div style=""padding: 5px 0;""><b>D)</b> El bimetall del dispositiu tèrmic.</div></div></div>","<div style=""text-align: left; font-family: -apple-system, sans-serif;""><div style=""font-weight: bold; font-size: 16px; color: #10b981; margin-bottom: 8px;"">✓ Resposta Correcta: D</div><div style=""font-size: 14px; margin-bottom: 12px; padding: 10px; background: rgba(16,185,129,0.1); border-radius: 6px; border-left: 4px solid #10b981;"">D) El bimetall del dispositiu tèrmic.</div><hr style=""border: 0; border-top: 1px solid #ddd; margin: 12px 0;""><div style=""font-size: 13px; color: #444; line-height: 1.4;""><b style=""color: #111;"">Explicació:</b> El bimetall s’escalfa amb una intensitat elevada mantinguda i provoca la desconnexió.</div></div>","T12_-_Installacions","15955"
"<div style=""text-align: left; font-family: -apple-system, sans-serif;""><div style=""font-size: 11px; color: #888; margin-bottom: 6px;"">[T12 - Instal·lacions] Pregunta 127</div><div style=""font-weight: bold; font-size: 16px; margin-bottom: 14px; line-height: 1.4;"">Quin element hi ha després de cada comptador divisionari d’aigua?</div><div style=""font-size: 14px; line-height: 1.6;""><div style=""padding: 5px 0;""><b>A)</b> Una clau de presa.</div><div style=""padding: 5px 0;""><b>B)</b> Una aixeta de buidatge.</div><div style=""padding: 5px 0;""><b>C)</b> Una vàlvula de retenció.</div><div style=""padding: 5px 0;""><b>D)</b> Un filtre general.</div></div></div>","<div style=""text-align: left; font-family: -apple-system, sans-serif;""><div style=""font-weight: bold; font-size: 16px; color: #10b981; margin-bottom: 8px;"">✓ Resposta Correcta: C</div><div style=""font-size: 14px; margin-bottom: 12px; padding: 10px; background: rgba(16,185,129,0.1); border-radius: 6px; border-left: 4px solid #10b981;"">C) Una vàlvula de retenció.</div><hr style=""border: 0; border-top: 1px solid #ddd; margin: 12px 0;""><div style=""font-size: 13px; color: #444; line-height: 1.4;""><b style=""color: #111;"">Explicació:</b> Després del comptador se situa una vàlvula que evita retorns.</div></div>","T12_-_Installacions","16143"
"<div style=""text-align: left; font-family: -apple-system, sans-serif;""><div style=""font-size: 11px; color: #888; margin-bottom: 6px;"">[T12 - Instal·lacions] Pregunta 128</div><div style=""font-weight: bold; font-size: 16px; margin-bottom: 14px; line-height: 1.4;"">Quina limitació diferencia un detector sense contacte d’un voltímetre?</div><div style=""font-size: 14px; line-height: 1.6;""><div style=""padding: 5px 0;""><b>A)</b> Mesura la tensió amb precisió, però no pot alertar acústicament de la seva presència.</div><div style=""padding: 5px 0;""><b>B)</b> Indica presència probable de tensió, però no n’ofereix una mesura numèrica precisa.</div><div style=""padding: 5px 0;""><b>C)</b> Detecta continuïtat amb precisió, però no pot comprovar presència de tensió.</div><div style=""padding: 5px 0;""><b>D)</b> Mesura intensitat sense contacte, però no diferencia si el circuit està alimentat.</div></div></div>","<div style=""text-align: left; font-family: -apple-system, sans-serif;""><div style=""font-weight: bold; font-size: 16px; color: #10b981; margin-bottom: 8px;"">✓ Resposta Correcta: B</div><div style=""font-size: 14px; margin-bottom: 12px; padding: 10px; background: rgba(16,185,129,0.1); border-radius: 6px; border-left: 4px solid #10b981;"">B) Indica presència probable de tensió, però no n’ofereix una mesura numèrica precisa.</div><hr style=""border: 0; border-top: 1px solid #ddd; margin: 12px 0;""><div style=""font-size: 13px; color: #444; line-height: 1.4;""><b style=""color: #111;"">Explicació:</b> La seva funció és d’alerta ràpida, mentre que el voltímetre permet quantificar la tensió.</div></div>","T12_-_Installacions","16019"
"<div style=""text-align: left; font-family: -apple-system, sans-serif;""><div style=""font-size: 11px; color: #888; margin-bottom: 6px;"">[T12 - Instal·lacions] Pregunta 129</div><div style=""font-weight: bold; font-size: 16px; margin-bottom: 14px; line-height: 1.4;"">Per què pot ser insuficient desconnectar la xarxa principal d’una instal·lació elèctrica?</div><div style=""font-size: 14px; line-height: 1.6;""><div style=""padding: 5px 0;""><b>A)</b> Perquè el conductor neutre pot conservar potencial encara que s’hagi obert la font principal.</div><div style=""padding: 5px 0;""><b>B)</b> Perquè poden existir fonts alternatives o elements d’emmagatzematge que mantinguin energia.</div><div style=""padding: 5px 0;""><b>C)</b> Perquè la posada a terra pot alimentar el circuit durant uns instants.</div><div style=""padding: 5px 0;""><b>D)</b> Perquè els magnetotèrmics poden generar tensió residual després de desconnectar-los.</div></div></div>","<div style=""text-align: left; font-family: -apple-system, sans-serif;""><div style=""font-weight: bold; font-size: 16px; color: #10b981; margin-bottom: 8px;"">✓ Resposta Correcta: B</div><div style=""font-size: 14px; margin-bottom: 12px; padding: 10px; background: rgba(16,185,129,0.1); border-radius: 6px; border-left: 4px solid #10b981;"">B) Perquè poden existir fonts alternatives o elements d’emmagatzematge que mantinguin energia.</div><hr style=""border: 0; border-top: 1px solid #ddd; margin: 12px 0;""><div style=""font-size: 13px; color: #444; line-height: 1.4;""><b style=""color: #111;"">Explicació:</b> La seguretat exigeix identificar totes les fonts possibles, incloses les internes o acumulades.</div></div>","T12_-_Installacions","16057"
"<div style=""text-align: left; font-family: -apple-system, sans-serif;""><div style=""font-size: 11px; color: #888; margin-bottom: 6px;"">[T12 - Instal·lacions] Pregunta 130</div><div style=""font-weight: bold; font-size: 16px; margin-bottom: 14px; line-height: 1.4;"">Quin element finalitza al quadre general de comandament i protecció de l’usuari?</div><div style=""font-size: 14px; line-height: 1.6;""><div style=""padding: 5px 0;""><b>A)</b> La línia general d’alimentació de l’edifici.</div><div style=""padding: 5px 0;""><b>B)</b> L’embarrat general de la centralització.</div><div style=""padding: 5px 0;""><b>C)</b> L’escomesa de la xarxa de baixa tensió.</div><div style=""padding: 5px 0;""><b>D)</b> La derivació individual de l’usuari.</div></div></div>","<div style=""text-align: left; font-family: -apple-system, sans-serif;""><div style=""font-weight: bold; font-size: 16px; color: #10b981; margin-bottom: 8px;"">✓ Resposta Correcta: D</div><div style=""font-size: 14px; margin-bottom: 12px; padding: 10px; background: rgba(16,185,129,0.1); border-radius: 6px; border-left: 4px solid #10b981;"">D) La derivació individual de l’usuari.</div><hr style=""border: 0; border-top: 1px solid #ddd; margin: 12px 0;""><div style=""font-size: 13px; color: #444; line-height: 1.4;""><b style=""color: #111;"">Explicació:</b> La derivació individual arriba fins al quadre general on comença la instal·lació interior.</div></div>","T12_-_Installacions","15908"
"<div style=""text-align: left; font-family: -apple-system, sans-serif;""><div style=""font-size: 11px; color: #888; margin-bottom: 6px;"">[T12 - Instal·lacions] Pregunta 131</div><div style=""font-weight: bold; font-size: 16px; margin-bottom: 14px; line-height: 1.4;"">Què és un contacte directe en seguretat elèctrica?</div><div style=""font-size: 14px; line-height: 1.6;""><div style=""padding: 5px 0;""><b>A)</b> Tocar una part activa del circuit.</div><div style=""padding: 5px 0;""><b>B)</b> Tocar un equip desconnectat que conserva la carcassa a potencial de terra.</div><div style=""padding: 5px 0;""><b>C)</b> Tocar el conductor de terra d’una instal·lació correcta.</div><div style=""padding: 5px 0;""><b>D)</b> Tocar una carcassa que ha quedat en tensió per un defecte.</div></div></div>","<div style=""text-align: left; font-family: -apple-system, sans-serif;""><div style=""font-weight: bold; font-size: 16px; color: #10b981; margin-bottom: 8px;"">✓ Resposta Correcta: A</div><div style=""font-size: 14px; margin-bottom: 12px; padding: 10px; background: rgba(16,185,129,0.1); border-radius: 6px; border-left: 4px solid #10b981;"">A) Tocar una part activa del circuit.</div><hr style=""border: 0; border-top: 1px solid #ddd; margin: 12px 0;""><div style=""font-size: 13px; color: #444; line-height: 1.4;""><b style=""color: #111;"">Explicació:</b> El contacte directe implica accedir físicament a una part que normalment està en tensió.</div></div>","T12_-_Installacions","15990"
"<div style=""text-align: left; font-family: -apple-system, sans-serif;""><div style=""font-size: 11px; color: #888; margin-bottom: 6px;"">[T12 - Instal·lacions] Pregunta 132</div><div style=""font-weight: bold; font-size: 16px; margin-bottom: 14px; line-height: 1.4;"">En quin tipus d’edifici és especialment útil un distribuïdor d’aigua en anell?</div><div style=""font-size: 14px; line-height: 1.6;""><div style=""padding: 5px 0;""><b>A)</b> En edificis amb una sola aixeta.</div><div style=""padding: 5px 0;""><b>B)</b> En habitatges sense muntants.</div><div style=""padding: 5px 0;""><b>C)</b> En edificis sense comptador general.</div><div style=""padding: 5px 0;""><b>D)</b> En edificis on cal garantir el servei.</div></div></div>","<div style=""text-align: left; font-family: -apple-system, sans-serif;""><div style=""font-weight: bold; font-size: 16px; color: #10b981; margin-bottom: 8px;"">✓ Resposta Correcta: D</div><div style=""font-size: 14px; margin-bottom: 12px; padding: 10px; background: rgba(16,185,129,0.1); border-radius: 6px; border-left: 4px solid #10b981;"">D) En edificis on cal garantir el servei.</div><hr style=""border: 0; border-top: 1px solid #ddd; margin: 12px 0;""><div style=""font-size: 13px; color: #444; line-height: 1.4;""><b style=""color: #111;"">Explicació:</b> L’anell és útil quan una avaria no ha d’interrompre tot el subministrament.</div></div>","T12_-_Installacions","16130"
"<div style=""text-align: left; font-family: -apple-system, sans-serif;""><div style=""font-size: 11px; color: #888; margin-bottom: 6px;"">[T12 - Instal·lacions] Pregunta 133</div><div style=""font-weight: bold; font-size: 16px; margin-bottom: 14px; line-height: 1.4;"">On està integrada sovint la funció de l’ICP en moltes instal·lacions actuals?</div><div style=""font-size: 14px; line-height: 1.6;""><div style=""padding: 5px 0;""><b>A)</b> A la caixa general de protecció.</div><div style=""padding: 5px 0;""><b>B)</b> A l’interruptor diferencial.</div><div style=""padding: 5px 0;""><b>C)</b> Al comptador digital.</div><div style=""padding: 5px 0;""><b>D)</b> A l’interruptor general automàtic.</div></div></div>","<div style=""text-align: left; font-family: -apple-system, sans-serif;""><div style=""font-weight: bold; font-size: 16px; color: #10b981; margin-bottom: 8px;"">✓ Resposta Correcta: C</div><div style=""font-size: 14px; margin-bottom: 12px; padding: 10px; background: rgba(16,185,129,0.1); border-radius: 6px; border-left: 4px solid #10b981;"">C) Al comptador digital.</div><hr style=""border: 0; border-top: 1px solid #ddd; margin: 12px 0;""><div style=""font-size: 13px; color: #444; line-height: 1.4;""><b style=""color: #111;"">Explicació:</b> En moltes instal·lacions modernes, el comptador digital incorpora la funció de control de potència.</div></div>","T12_-_Installacions","15911"
"<div style=""text-align: left; font-family: -apple-system, sans-serif;""><div style=""font-size: 11px; color: #888; margin-bottom: 6px;"">[T12 - Instal·lacions] Pregunta 134</div><div style=""font-weight: bold; font-size: 16px; margin-bottom: 14px; line-height: 1.4;"">Com és el cremador domèstic de gas més habitual?</div><div style=""font-size: 14px; line-height: 1.6;""><div style=""padding: 5px 0;""><b>A)</b> Atmosfèric de flama blava.</div><div style=""padding: 5px 0;""><b>B)</b> Catalític de flama blanca.</div><div style=""padding: 5px 0;""><b>C)</b> Pressuritzat de flama groga.</div><div style=""padding: 5px 0;""><b>D)</b> Estanc de flama vermella.</div></div></div>","<div style=""text-align: left; font-family: -apple-system, sans-serif;""><div style=""font-weight: bold; font-size: 16px; color: #10b981; margin-bottom: 8px;"">✓ Resposta Correcta: A</div><div style=""font-size: 14px; margin-bottom: 12px; padding: 10px; background: rgba(16,185,129,0.1); border-radius: 6px; border-left: 4px solid #10b981;"">A) Atmosfèric de flama blava.</div><hr style=""border: 0; border-top: 1px solid #ddd; margin: 12px 0;""><div style=""font-size: 13px; color: #444; line-height: 1.4;""><b style=""color: #111;"">Explicació:</b> El cremador atmosfèric de flama blava és el més habitual en l’àmbit domèstic.</div></div>","T12_-_Installacions","18885"
"<div style=""text-align: left; font-family: -apple-system, sans-serif;""><div style=""font-size: 11px; color: #888; margin-bottom: 6px;"">[T12 - Instal·lacions] Pregunta 135</div><div style=""font-weight: bold; font-size: 16px; margin-bottom: 14px; line-height: 1.4;"">Com es troba el GLP dins una bombona domèstica?</div><div style=""font-size: 14px; line-height: 1.6;""><div style=""padding: 5px 0;""><b>A)</b> A baixa pressió i en estat líquid.</div><div style=""padding: 5px 0;""><b>B)</b> A pressió atmosfèrica i en estat gasós.</div><div style=""padding: 5px 0;""><b>C)</b> A pressió i en estat líquid.</div><div style=""padding: 5px 0;""><b>D)</b> A pressió i en estat gasós.</div></div></div>","<div style=""text-align: left; font-family: -apple-system, sans-serif;""><div style=""font-weight: bold; font-size: 16px; color: #10b981; margin-bottom: 8px;"">✓ Resposta Correcta: C</div><div style=""font-size: 14px; margin-bottom: 12px; padding: 10px; background: rgba(16,185,129,0.1); border-radius: 6px; border-left: 4px solid #10b981;"">C) A pressió i en estat líquid.</div><hr style=""border: 0; border-top: 1px solid #ddd; margin: 12px 0;""><div style=""font-size: 13px; color: #444; line-height: 1.4;""><b style=""color: #111;"">Explicació:</b> La bombona emmagatzema el GLP a pressió en fase líquida.</div></div>","T12_-_Installacions","16194"
"<div style=""text-align: left; font-family: -apple-system, sans-serif;""><div style=""font-size: 11px; color: #888; margin-bottom: 6px;"">[T12 - Instal·lacions] Pregunta 136</div><div style=""font-weight: bold; font-size: 16px; margin-bottom: 14px; line-height: 1.4;"">Quina funció de maniobra té l’interruptor general automàtic (IGA)?</div><div style=""font-size: 14px; line-height: 1.6;""><div style=""padding: 5px 0;""><b>A)</b> Permetre tallar tota la instal·lació interior de l’usuari.</div><div style=""padding: 5px 0;""><b>B)</b> Desconnectar el circuit interior on s’ha detectat una fuita a terra.</div><div style=""padding: 5px 0;""><b>C)</b> Interrompre la línia general d’alimentació abans de la centralització.</div><div style=""padding: 5px 0;""><b>D)</b> Desconnectar la centralització de comptadors de l’edifici.</div></div></div>","<div style=""text-align: left; font-family: -apple-system, sans-serif;""><div style=""font-weight: bold; font-size: 16px; color: #10b981; margin-bottom: 8px;"">✓ Resposta Correcta: A</div><div style=""font-size: 14px; margin-bottom: 12px; padding: 10px; background: rgba(16,185,129,0.1); border-radius: 6px; border-left: 4px solid #10b981;"">A) Permetre tallar tota la instal·lació interior de l’usuari.</div><hr style=""border: 0; border-top: 1px solid #ddd; margin: 12px 0;""><div style=""font-size: 13px; color: #444; line-height: 1.4;""><b style=""color: #111;"">Explicació:</b> L’IGA permet desconnectar globalment la instal·lació interior de l’usuari.</div></div>","T12_-_Installacions","15912"
"<div style=""text-align: left; font-family: -apple-system, sans-serif;""><div style=""font-size: 11px; color: #888; margin-bottom: 6px;"">[T12 - Instal·lacions] Pregunta 137</div><div style=""font-weight: bold; font-size: 16px; margin-bottom: 14px; line-height: 1.4;"">Com es poden reconèixer sovint els diferencials motoritzats respecte dels convencionals?</div><div style=""font-size: 14px; line-height: 1.6;""><div style=""padding: 5px 0;""><b>A)</b> Perquè acostumen a ser més grans.</div><div style=""padding: 5px 0;""><b>B)</b> Perquè substitueixen tots els magnetotèrmics del quadre.</div><div style=""padding: 5px 0;""><b>C)</b> Perquè no disposen de palanca d’accionament.</div><div style=""padding: 5px 0;""><b>D)</b> Perquè sempre tenen una sensibilitat de 300 mA.</div></div></div>","<div style=""text-align: left; font-family: -apple-system, sans-serif;""><div style=""font-weight: bold; font-size: 16px; color: #10b981; margin-bottom: 8px;"">✓ Resposta Correcta: A</div><div style=""font-size: 14px; margin-bottom: 12px; padding: 10px; background: rgba(16,185,129,0.1); border-radius: 6px; border-left: 4px solid #10b981;"">A) Perquè acostumen a ser més grans.</div><hr style=""border: 0; border-top: 1px solid #ddd; margin: 12px 0;""><div style=""font-size: 13px; color: #444; line-height: 1.4;""><b style=""color: #111;"">Explicació:</b> El mecanisme de motorització fa que habitualment ocupin més espai que un diferencial convencional.</div></div>","T12_-_Installacions","15987"
"<div style=""text-align: left; font-family: -apple-system, sans-serif;""><div style=""font-size: 11px; color: #888; margin-bottom: 6px;"">[T12 - Instal·lacions] Pregunta 138</div><div style=""font-weight: bold; font-size: 16px; margin-bottom: 14px; line-height: 1.4;"">Quin element s’instal·la a les derivacions d’un distribuïdor d’aigua en anell?</div><div style=""font-size: 14px; line-height: 1.6;""><div style=""padding: 5px 0;""><b>A)</b> Claus de tall.</div><div style=""padding: 5px 0;""><b>B)</b> Filtres generals.</div><div style=""padding: 5px 0;""><b>C)</b> Comptadors generals.</div><div style=""padding: 5px 0;""><b>D)</b> Purgadors automàtics.</div></div></div>","<div style=""text-align: left; font-family: -apple-system, sans-serif;""><div style=""font-weight: bold; font-size: 16px; color: #10b981; margin-bottom: 8px;"">✓ Resposta Correcta: A</div><div style=""font-size: 14px; margin-bottom: 12px; padding: 10px; background: rgba(16,185,129,0.1); border-radius: 6px; border-left: 4px solid #10b981;"">A) Claus de tall.</div><hr style=""border: 0; border-top: 1px solid #ddd; margin: 12px 0;""><div style=""font-size: 13px; color: #444; line-height: 1.4;""><b style=""color: #111;"">Explicació:</b> Les claus permeten aïllar sectors del distribuïdor.</div></div>","T12_-_Installacions","16129"
"<div style=""text-align: left; font-family: -apple-system, sans-serif;""><div style=""font-size: 11px; color: #888; margin-bottom: 6px;"">[T12 - Instal·lacions] Pregunta 139</div><div style=""font-weight: bold; font-size: 16px; margin-bottom: 14px; line-height: 1.4;"">Quina funció té la connexió a terra del neutre respecte d’una fuga de corrent?</div><div style=""font-size: 14px; line-height: 1.6;""><div style=""padding: 5px 0;""><b>A)</b> Proporcionar un camí de retorn cap al generador o transformador.</div><div style=""padding: 5px 0;""><b>B)</b> Impedir que el diferencial compari fase i neutre.</div><div style=""padding: 5px 0;""><b>C)</b> Substituir el conductor de protecció de les masses metàl·liques.</div><div style=""padding: 5px 0;""><b>D)</b> Augmentar la intensitat nominal dels circuits interiors.</div></div></div>","<div style=""text-align: left; font-family: -apple-system, sans-serif;""><div style=""font-weight: bold; font-size: 16px; color: #10b981; margin-bottom: 8px;"">✓ Resposta Correcta: A</div><div style=""font-size: 14px; margin-bottom: 12px; padding: 10px; background: rgba(16,185,129,0.1); border-radius: 6px; border-left: 4px solid #10b981;"">A) Proporcionar un camí de retorn cap al generador o transformador.</div><hr style=""border: 0; border-top: 1px solid #ddd; margin: 12px 0;""><div style=""font-size: 13px; color: #444; line-height: 1.4;""><b style=""color: #111;"">Explicació:</b> La posada a terra del neutre permet tancar el circuit d’una fuga a través de terra.</div></div>","T12_-_Installacions","15974"
"<div style=""text-align: left; font-family: -apple-system, sans-serif;""><div style=""font-size: 11px; color: #888; margin-bottom: 6px;"">[T12 - Instal·lacions] Pregunta 140</div><div style=""font-weight: bold; font-size: 16px; margin-bottom: 14px; line-height: 1.4;"">Què connecta la xarxa de baixa tensió dins la distribució?</div><div style=""font-size: 14px; line-height: 1.6;""><div style=""padding: 5px 0;""><b>A)</b> Les interconnexions internacionals amb la xarxa peninsular.</div><div style=""padding: 5px 0;""><b>B)</b> Les grans centrals amb les subestacions de transport.</div><div style=""padding: 5px 0;""><b>C)</b> Les centrals mitjanes amb la xarxa de transport.</div><div style=""padding: 5px 0;""><b>D)</b> La xarxa de mitja tensió amb els punts finals de consum.</div></div></div>","<div style=""text-align: left; font-family: -apple-system, sans-serif;""><div style=""font-weight: bold; font-size: 16px; color: #10b981; margin-bottom: 8px;"">✓ Resposta Correcta: D</div><div style=""font-size: 14px; margin-bottom: 12px; padding: 10px; background: rgba(16,185,129,0.1); border-radius: 6px; border-left: 4px solid #10b981;"">D) La xarxa de mitja tensió amb els punts finals de consum.</div><hr style=""border: 0; border-top: 1px solid #ddd; margin: 12px 0;""><div style=""font-size: 13px; color: #444; line-height: 1.4;""><b style=""color: #111;"">Explicació:</b> La baixa tensió és el tram que uneix la distribució de mitjana tensió amb els usuaris finals.</div></div>","T12_-_Installacions","15813"
"<div style=""text-align: left; font-family: -apple-system, sans-serif;""><div style=""font-size: 11px; color: #888; margin-bottom: 6px;"">[T12 - Instal·lacions] Pregunta 141</div><div style=""font-weight: bold; font-size: 16px; margin-bottom: 14px; line-height: 1.4;"">Què cal fer amb un magnetotèrmic després que hagi actuat i s’hagi eliminat la fallada?</div><div style=""font-size: 14px; line-height: 1.6;""><div style=""padding: 5px 0;""><b>A)</b> Prémer el botó de test.</div><div style=""padding: 5px 0;""><b>B)</b> Rearmar-lo una vegada eliminada la causa.</div><div style=""padding: 5px 0;""><b>C)</b> Canviar el conductor neutre.</div><div style=""padding: 5px 0;""><b>D)</b> Substituir-lo obligatòriament.</div></div></div>","<div style=""text-align: left; font-family: -apple-system, sans-serif;""><div style=""font-weight: bold; font-size: 16px; color: #10b981; margin-bottom: 8px;"">✓ Resposta Correcta: B</div><div style=""font-size: 14px; margin-bottom: 12px; padding: 10px; background: rgba(16,185,129,0.1); border-radius: 6px; border-left: 4px solid #10b981;"">B) Rearmar-lo una vegada eliminada la causa.</div><hr style=""border: 0; border-top: 1px solid #ddd; margin: 12px 0;""><div style=""font-size: 13px; color: #444; line-height: 1.4;""><b style=""color: #111;"">Explicació:</b> A diferència del fusible, el magnetotèrmic és reutilitzable i es pot rearmar.</div></div>","T12_-_Installacions","15967"
"<div style=""text-align: left; font-family: -apple-system, sans-serif;""><div style=""font-size: 11px; color: #888; margin-bottom: 6px;"">[T12 - Instal·lacions] Pregunta 142</div><div style=""font-weight: bold; font-size: 16px; margin-bottom: 14px; line-height: 1.4;"">Quin pendent mínim s’indica per als col·lectors soterrats de sanejament?</div><div style=""font-size: 14px; line-height: 1.6;""><div style=""padding: 5px 0;""><b>A)</b> 3%.</div><div style=""padding: 5px 0;""><b>B)</b> 2%.</div><div style=""padding: 5px 0;""><b>C)</b> 1%.</div><div style=""padding: 5px 0;""><b>D)</b> 5%.</div></div></div>","<div style=""text-align: left; font-family: -apple-system, sans-serif;""><div style=""font-weight: bold; font-size: 16px; color: #10b981; margin-bottom: 8px;"">✓ Resposta Correcta: B</div><div style=""font-size: 14px; margin-bottom: 12px; padding: 10px; background: rgba(16,185,129,0.1); border-radius: 6px; border-left: 4px solid #10b981;"">B) 2%.</div><hr style=""border: 0; border-top: 1px solid #ddd; margin: 12px 0;""><div style=""font-size: 13px; color: #444; line-height: 1.4;""><b style=""color: #111;"">Explicació:</b> Els col·lectors soterrats han de mantenir un pendent mínim del 2%.</div></div>","T12_-_Installacions","16182"
"<div style=""text-align: left; font-family: -apple-system, sans-serif;""><div style=""font-size: 11px; color: #888; margin-bottom: 6px;"">[T12 - Instal·lacions] Pregunta 143</div><div style=""font-weight: bold; font-size: 16px; margin-bottom: 14px; line-height: 1.4;"">Què fa el conductor de protecció PE davant d’una fallada d’aïllament?</div><div style=""font-size: 14px; line-height: 1.6;""><div style=""padding: 5px 0;""><b>A)</b> Desvia el corrent de defecte cap al conductor de fase.</div><div style=""padding: 5px 0;""><b>B)</b> Deriva el corrent de defecte cap a l’equip de mesura.</div><div style=""padding: 5px 0;""><b>C)</b> Manté el corrent de defecte a la carcassa metàl·lica.</div><div style=""padding: 5px 0;""><b>D)</b> Desvia el corrent de defecte cap a terra.</div></div></div>","<div style=""text-align: left; font-family: -apple-system, sans-serif;""><div style=""font-weight: bold; font-size: 16px; color: #10b981; margin-bottom: 8px;"">✓ Resposta Correcta: D</div><div style=""font-size: 14px; margin-bottom: 12px; padding: 10px; background: rgba(16,185,129,0.1); border-radius: 6px; border-left: 4px solid #10b981;"">D) Desvia el corrent de defecte cap a terra.</div><hr style=""border: 0; border-top: 1px solid #ddd; margin: 12px 0;""><div style=""font-size: 13px; color: #444; line-height: 1.4;""><b style=""color: #111;"">Explicació:</b> La connexió de les masses a terra proporciona un camí perquè el corrent de defecte es desviï cap al terreny.</div></div>","T12_-_Installacions","15923"
"<div style=""text-align: left; font-family: -apple-system, sans-serif;""><div style=""font-size: 11px; color: #888; margin-bottom: 6px;"">[T12 - Instal·lacions] Pregunta 144</div><div style=""font-weight: bold; font-size: 16px; margin-bottom: 14px; line-height: 1.4;"">Com contribueix la connexió a terra del neutre al funcionament de les proteccions del centre de transformació?</div><div style=""font-size: 14px; line-height: 1.6;""><div style=""padding: 5px 0;""><b>A)</b> Fa innecessaris els dispositius de protecció diferencial.</div><div style=""padding: 5px 0;""><b>B)</b> Elimina la necessitat de connectar les masses metàl·liques a terra.</div><div style=""padding: 5px 0;""><b>C)</b> Evita que hi pugui circular corrent de defecte.</div><div style=""padding: 5px 0;""><b>D)</b> Permet el funcionament dels aparells de detecció de fuites.</div></div></div>","<div style=""text-align: left; font-family: -apple-system, sans-serif;""><div style=""font-weight: bold; font-size: 16px; color: #10b981; margin-bottom: 8px;"">✓ Resposta Correcta: D</div><div style=""font-size: 14px; margin-bottom: 12px; padding: 10px; background: rgba(16,185,129,0.1); border-radius: 6px; border-left: 4px solid #10b981;"">D) Permet el funcionament dels aparells de detecció de fuites.</div><hr style=""border: 0; border-top: 1px solid #ddd; margin: 12px 0;""><div style=""font-size: 13px; color: #444; line-height: 1.4;""><b style=""color: #111;"">Explicació:</b> La posada a terra del neutre facilita que els dispositius destinats a detectar fuites puguin actuar correctament.</div></div>","T12_-_Installacions","15852"
"<div style=""text-align: left; font-family: -apple-system, sans-serif;""><div style=""font-size: 11px; color: #888; margin-bottom: 6px;"">[T12 - Instal·lacions] Pregunta 145</div><div style=""font-weight: bold; font-size: 16px; margin-bottom: 14px; line-height: 1.4;"">Quines parts comunes d’un edifici poden constituir una instal·lació receptora?</div><div style=""font-size: 14px; line-height: 1.6;""><div style=""padding: 5px 0;""><b>A)</b> Les instal·lacions comunitàries.</div><div style=""padding: 5px 0;""><b>B)</b> La línia general d’alimentació.</div><div style=""padding: 5px 0;""><b>C)</b> L’escomesa de la xarxa.</div><div style=""padding: 5px 0;""><b>D)</b> La caixa general de protecció.</div></div></div>","<div style=""text-align: left; font-family: -apple-system, sans-serif;""><div style=""font-weight: bold; font-size: 16px; color: #10b981; margin-bottom: 8px;"">✓ Resposta Correcta: A</div><div style=""font-size: 14px; margin-bottom: 12px; padding: 10px; background: rgba(16,185,129,0.1); border-radius: 6px; border-left: 4px solid #10b981;"">A) Les instal·lacions comunitàries.</div><hr style=""border: 0; border-top: 1px solid #ddd; margin: 12px 0;""><div style=""font-size: 13px; color: #444; line-height: 1.4;""><b style=""color: #111;"">Explicació:</b> Les instal·lacions comunitàries d’un edifici també tenen la consideració d’instal·lacions receptores.</div></div>","T12_-_Installacions","15906"
"<div style=""text-align: left; font-family: -apple-system, sans-serif;""><div style=""font-size: 11px; color: #888; margin-bottom: 6px;"">[T12 - Instal·lacions] Pregunta 146</div><div style=""font-weight: bold; font-size: 16px; margin-bottom: 14px; line-height: 1.4;"">En què es basa una instal·lació elèctrica aïllada amb generador sense acumulació?</div><div style=""font-size: 14px; line-height: 1.6;""><div style=""padding: 5px 0;""><b>A)</b> En generació pròpia que es complementa amb la xarxa.</div><div style=""padding: 5px 0;""><b>B)</b> En panells solars que acumulen energia en bateries.</div><div style=""padding: 5px 0;""><b>C)</b> En bateries que alimenten la instal·lació sense generador.</div><div style=""padding: 5px 0;""><b>D)</b> En grups electrògens que produeixen corrent altern.</div></div></div>","<div style=""text-align: left; font-family: -apple-system, sans-serif;""><div style=""font-weight: bold; font-size: 16px; color: #10b981; margin-bottom: 8px;"">✓ Resposta Correcta: D</div><div style=""font-size: 14px; margin-bottom: 12px; padding: 10px; background: rgba(16,185,129,0.1); border-radius: 6px; border-left: 4px solid #10b981;"">D) En grups electrògens que produeixen corrent altern.</div><hr style=""border: 0; border-top: 1px solid #ddd; margin: 12px 0;""><div style=""font-size: 13px; color: #444; line-height: 1.4;""><b style=""color: #111;"">Explicació:</b> Aquesta tipologia es basa en grups electrògens que produeixen corrent altern sense acumulació diària en bateries.</div></div>","T12_-_Installacions","15715"
"<div style=""text-align: left; font-family: -apple-system, sans-serif;""><div style=""font-size: 11px; color: #888; margin-bottom: 6px;"">[T12 - Instal·lacions] Pregunta 147</div><div style=""font-weight: bold; font-size: 16px; margin-bottom: 14px; line-height: 1.4;"">Quina combinació caracteritza una instal·lació fotovoltaica aïllada amb acumulació?</div><div style=""font-size: 14px; line-height: 1.6;""><div style=""padding: 5px 0;""><b>A)</b> Energia solar combinada amb bateries.</div><div style=""padding: 5px 0;""><b>B)</b> Grup electrogen sense sistema de bateries.</div><div style=""padding: 5px 0;""><b>C)</b> Generació pròpia combinada amb la xarxa.</div><div style=""padding: 5px 0;""><b>D)</b> Energia solar sense sistema de bateries.</div></div></div>","<div style=""text-align: left; font-family: -apple-system, sans-serif;""><div style=""font-weight: bold; font-size: 16px; color: #10b981; margin-bottom: 8px;"">✓ Resposta Correcta: A</div><div style=""font-size: 14px; margin-bottom: 12px; padding: 10px; background: rgba(16,185,129,0.1); border-radius: 6px; border-left: 4px solid #10b981;"">A) Energia solar combinada amb bateries.</div><hr style=""border: 0; border-top: 1px solid #ddd; margin: 12px 0;""><div style=""font-size: 13px; color: #444; line-height: 1.4;""><b style=""color: #111;"">Explicació:</b> Aquest tipus d’instal·lació aïllada utilitza energia solar i bateries per emmagatzemar l’electricitat.</div></div>","T12_-_Installacions","15711"
"<div style=""text-align: left; font-family: -apple-system, sans-serif;""><div style=""font-size: 11px; color: #888; margin-bottom: 6px;"">[T12 - Instal·lacions] Pregunta 148</div><div style=""font-weight: bold; font-size: 16px; margin-bottom: 14px; line-height: 1.4;"">Quina funció té el regulador d’una bombona de GLP?</div><div style=""font-size: 14px; line-height: 1.6;""><div style=""padding: 5px 0;""><b>A)</b> Mesurar el consum acumulat de gas.</div><div style=""padding: 5px 0;""><b>B)</b> Liquar el gas abans del tub flexible.</div><div style=""padding: 5px 0;""><b>C)</b> Subministrar gas a pressió baixa i constant.</div><div style=""padding: 5px 0;""><b>D)</b> Augmentar la pressió abans del receptor.</div></div></div>","<div style=""text-align: left; font-family: -apple-system, sans-serif;""><div style=""font-weight: bold; font-size: 16px; color: #10b981; margin-bottom: 8px;"">✓ Resposta Correcta: C</div><div style=""font-size: 14px; margin-bottom: 12px; padding: 10px; background: rgba(16,185,129,0.1); border-radius: 6px; border-left: 4px solid #10b981;"">C) Subministrar gas a pressió baixa i constant.</div><hr style=""border: 0; border-top: 1px solid #ddd; margin: 12px 0;""><div style=""font-size: 13px; color: #444; line-height: 1.4;""><b style=""color: #111;"">Explicació:</b> El regulador redueix i estabilitza la pressió del combustible.</div></div>","T12_-_Installacions","16196"
"<div style=""text-align: left; font-family: -apple-system, sans-serif;""><div style=""font-size: 11px; color: #888; margin-bottom: 6px;"">[T12 - Instal·lacions] Pregunta 149</div><div style=""font-weight: bold; font-size: 16px; margin-bottom: 14px; line-height: 1.4;"">Per a què serveix una cambra de neteja del clavegueram?</div><div style=""font-size: 14px; line-height: 1.6;""><div style=""padding: 5px 0;""><b>A)</b> Per reduir la velocitat de l’aigua als col·lectors.</div><div style=""padding: 5px 0;""><b>B)</b> Per acumular aigua i descarregar-la sobtadament per netejar canonades.</div><div style=""padding: 5px 0;""><b>C)</b> Per separar les aigües pluvials de les residuals.</div><div style=""padding: 5px 0;""><b>D)</b> Per retenir gasos abans que arribin als baixants.</div></div></div>","<div style=""text-align: left; font-family: -apple-system, sans-serif;""><div style=""font-weight: bold; font-size: 16px; color: #10b981; margin-bottom: 8px;"">✓ Resposta Correcta: B</div><div style=""font-size: 14px; margin-bottom: 12px; padding: 10px; background: rgba(16,185,129,0.1); border-radius: 6px; border-left: 4px solid #10b981;"">B) Per acumular aigua i descarregar-la sobtadament per netejar canonades.</div><hr style=""border: 0; border-top: 1px solid #ddd; margin: 12px 0;""><div style=""font-size: 13px; color: #444; line-height: 1.4;""><b style=""color: #111;"">Explicació:</b> La descàrrega sobtada genera un efecte de neteja dins la conducció.</div></div>","T12_-_Installacions","16165"
"<div style=""text-align: left; font-family: -apple-system, sans-serif;""><div style=""font-size: 11px; color: #888; margin-bottom: 6px;"">[T12 - Instal·lacions] Pregunta 150</div><div style=""font-weight: bold; font-size: 16px; margin-bottom: 14px; line-height: 1.4;"">Quina tensió utilitza l’ADIF convencional?</div><div style=""font-size: 14px; line-height: 1.6;""><div style=""padding: 5px 0;""><b>A)</b> 1.500 V DC.</div><div style=""padding: 5px 0;""><b>B)</b> 3.000 V DC.</div><div style=""padding: 5px 0;""><b>C)</b> 25.000 V AC.</div><div style=""padding: 5px 0;""><b>D)</b> 750 V DC.</div></div></div>","<div style=""text-align: left; font-family: -apple-system, sans-serif;""><div style=""font-weight: bold; font-size: 16px; color: #10b981; margin-bottom: 8px;"">✓ Resposta Correcta: B</div><div style=""font-size: 14px; margin-bottom: 12px; padding: 10px; background: rgba(16,185,129,0.1); border-radius: 6px; border-left: 4px solid #10b981;"">B) 3.000 V DC.</div><hr style=""border: 0; border-top: 1px solid #ddd; margin: 12px 0;""><div style=""font-size: 13px; color: #444; line-height: 1.4;""><b style=""color: #111;"">Explicació:</b> Les línies convencionals d’ADIF utilitzen una tensió de 3.000 V en corrent continu.</div></div>","T12_-_Installacions","15744"
"<div style=""text-align: left; font-family: -apple-system, sans-serif;""><div style=""font-size: 11px; color: #888; margin-bottom: 6px;"">[T12 - Instal·lacions] Pregunta 151</div><div style=""font-weight: bold; font-size: 16px; margin-bottom: 14px; line-height: 1.4;"">Quina tensió correspon a una instal·lació final trifàsica?</div><div style=""font-size: 14px; line-height: 1.6;""><div style=""padding: 5px 0;""><b>A)</b> 400 V.</div><div style=""padding: 5px 0;""><b>B)</b> 1.500 V.</div><div style=""padding: 5px 0;""><b>C)</b> 750 V.</div><div style=""padding: 5px 0;""><b>D)</b> 230 V.</div></div></div>","<div style=""text-align: left; font-family: -apple-system, sans-serif;""><div style=""font-weight: bold; font-size: 16px; color: #10b981; margin-bottom: 8px;"">✓ Resposta Correcta: A</div><div style=""font-size: 14px; margin-bottom: 12px; padding: 10px; background: rgba(16,185,129,0.1); border-radius: 6px; border-left: 4px solid #10b981;"">A) 400 V.</div><hr style=""border: 0; border-top: 1px solid #ddd; margin: 12px 0;""><div style=""font-size: 13px; color: #444; line-height: 1.4;""><b style=""color: #111;"">Explicació:</b> En les instal·lacions finals de consum, el valor indicat per a trifàsica és de 400 V.</div></div>","T12_-_Installacions","15702"
"<div style=""text-align: left; font-family: -apple-system, sans-serif;""><div style=""font-size: 11px; color: #888; margin-bottom: 6px;"">[T12 - Instal·lacions] Pregunta 152</div><div style=""font-weight: bold; font-size: 16px; margin-bottom: 14px; line-height: 1.4;"">Què han de protegir les proteccions d’una instal·lació elèctrica davant una fallada?</div><div style=""font-size: 14px; line-height: 1.6;""><div style=""padding: 5px 0;""><b>A)</b> Els equips i els comptadors, però no els conductors.</div><div style=""padding: 5px 0;""><b>B)</b> Els comptadors i els quadres, principalment davant variacions de consum.</div><div style=""padding: 5px 0;""><b>C)</b> Els conductors i els receptors, però no les persones.</div><div style=""padding: 5px 0;""><b>D)</b> Els equips, els cables i especialment les persones.</div></div></div>","<div style=""text-align: left; font-family: -apple-system, sans-serif;""><div style=""font-weight: bold; font-size: 16px; color: #10b981; margin-bottom: 8px;"">✓ Resposta Correcta: D</div><div style=""font-size: 14px; margin-bottom: 12px; padding: 10px; background: rgba(16,185,129,0.1); border-radius: 6px; border-left: 4px solid #10b981;"">D) Els equips, els cables i especialment les persones.</div><hr style=""border: 0; border-top: 1px solid #ddd; margin: 12px 0;""><div style=""font-size: 13px; color: #444; line-height: 1.4;""><b style=""color: #111;"">Explicació:</b> La protecció elèctrica busca limitar els efectes de les fallades sobre instal·lació i persones.</div></div>","T12_-_Installacions","15930"
"<div style=""text-align: left; font-family: -apple-system, sans-serif;""><div style=""font-size: 11px; color: #888; margin-bottom: 6px;"">[T12 - Instal·lacions] Pregunta 153</div><div style=""font-weight: bold; font-size: 16px; margin-bottom: 14px; line-height: 1.4;"">Per què un arc és més fàcil d’extingir en corrent altern que en corrent continu?</div><div style=""font-size: 14px; line-height: 1.6;""><div style=""padding: 5px 0;""><b>A)</b> Perquè el corrent altern circula únicament pel conductor neutre.</div><div style=""padding: 5px 0;""><b>B)</b> Perquè el corrent continu té sempre una tensió nominal inferior.</div><div style=""padding: 5px 0;""><b>C)</b> Perquè el corrent altern no genera escalfament per efecte Joule.</div><div style=""padding: 5px 0;""><b>D)</b> Perquè el corrent altern passa periòdicament per zero.</div></div></div>","<div style=""text-align: left; font-family: -apple-system, sans-serif;""><div style=""font-weight: bold; font-size: 16px; color: #10b981; margin-bottom: 8px;"">✓ Resposta Correcta: D</div><div style=""font-size: 14px; margin-bottom: 12px; padding: 10px; background: rgba(16,185,129,0.1); border-radius: 6px; border-left: 4px solid #10b981;"">D) Perquè el corrent altern passa periòdicament per zero.</div><hr style=""border: 0; border-top: 1px solid #ddd; margin: 12px 0;""><div style=""font-size: 13px; color: #444; line-height: 1.4;""><b style=""color: #111;"">Explicació:</b> El pas periòdic per zero afavoreix l’extinció natural de l’arc en AC.</div></div>","T12_-_Installacions","15944"
"<div style=""text-align: left; font-family: -apple-system, sans-serif;""><div style=""font-size: 11px; color: #888; margin-bottom: 6px;"">[T12 - Instal·lacions] Pregunta 154</div><div style=""font-weight: bold; font-size: 16px; margin-bottom: 14px; line-height: 1.4;"">Quin component predomina en el gas natural?</div><div style=""font-size: 14px; line-height: 1.6;""><div style=""padding: 5px 0;""><b>A)</b> Butà.</div><div style=""padding: 5px 0;""><b>B)</b> Metà.</div><div style=""padding: 5px 0;""><b>C)</b> Propà.</div><div style=""padding: 5px 0;""><b>D)</b> Hidrogen.</div></div></div>","<div style=""text-align: left; font-family: -apple-system, sans-serif;""><div style=""font-weight: bold; font-size: 16px; color: #10b981; margin-bottom: 8px;"">✓ Resposta Correcta: B</div><div style=""font-size: 14px; margin-bottom: 12px; padding: 10px; background: rgba(16,185,129,0.1); border-radius: 6px; border-left: 4px solid #10b981;"">B) Metà.</div><hr style=""border: 0; border-top: 1px solid #ddd; margin: 12px 0;""><div style=""font-size: 13px; color: #444; line-height: 1.4;""><b style=""color: #111;"">Explicació:</b> El metà és el component majoritari del gas natural.</div></div>","T12_-_Installacions","16204"
"<div style=""text-align: left; font-family: -apple-system, sans-serif;""><div style=""font-size: 11px; color: #888; margin-bottom: 6px;"">[T12 - Instal·lacions] Pregunta 155</div><div style=""font-weight: bold; font-size: 16px; margin-bottom: 14px; line-height: 1.4;"">Quin element barreja gas i aire en un aparell gasodomèstic?</div><div style=""font-size: 14px; line-height: 1.6;""><div style=""padding: 5px 0;""><b>A)</b> La reixeta.</div><div style=""padding: 5px 0;""><b>B)</b> El regulador.</div><div style=""padding: 5px 0;""><b>C)</b> El cremador.</div><div style=""padding: 5px 0;""><b>D)</b> El comptador.</div></div></div>","<div style=""text-align: left; font-family: -apple-system, sans-serif;""><div style=""font-weight: bold; font-size: 16px; color: #10b981; margin-bottom: 8px;"">✓ Resposta Correcta: C</div><div style=""font-size: 14px; margin-bottom: 12px; padding: 10px; background: rgba(16,185,129,0.1); border-radius: 6px; border-left: 4px solid #10b981;"">C) El cremador.</div><hr style=""border: 0; border-top: 1px solid #ddd; margin: 12px 0;""><div style=""font-size: 13px; color: #444; line-height: 1.4;""><b style=""color: #111;"">Explicació:</b> El cremador prepara la mescla necessària per produir una combustió correcta.</div></div>","T12_-_Installacions","18884"
"<div style=""text-align: left; font-family: -apple-system, sans-serif;""><div style=""font-size: 11px; color: #888; margin-bottom: 6px;"">[T12 - Instal·lacions] Pregunta 156</div><div style=""font-weight: bold; font-size: 16px; margin-bottom: 14px; line-height: 1.4;"">Quina part d’un sistema fotovoltaic on-grid pot continuar en tensió durant un tall de xarxa?</div><div style=""font-size: 14px; line-height: 1.6;""><div style=""padding: 5px 0;""><b>A)</b> La part de corrent continu entre les plaques i l’inversor.</div><div style=""padding: 5px 0;""><b>B)</b> La xarxa exterior de distribució que ha quedat desconnectada.</div><div style=""padding: 5px 0;""><b>C)</b> La part de corrent altern posterior a l’inversor.</div><div style=""padding: 5px 0;""><b>D)</b> Les càrregues de la instal·lació alimentades per l’inversor aturat.</div></div></div>","<div style=""text-align: left; font-family: -apple-system, sans-serif;""><div style=""font-weight: bold; font-size: 16px; color: #10b981; margin-bottom: 8px;"">✓ Resposta Correcta: A</div><div style=""font-size: 14px; margin-bottom: 12px; padding: 10px; background: rgba(16,185,129,0.1); border-radius: 6px; border-left: 4px solid #10b981;"">A) La part de corrent continu entre les plaques i l’inversor.</div><hr style=""border: 0; border-top: 1px solid #ddd; margin: 12px 0;""><div style=""font-size: 13px; color: #444; line-height: 1.4;""><b style=""color: #111;"">Explicació:</b> Encara que l’inversor s’aturi, la part DC formada per les plaques i els cables fins a l’inversor pot continuar en tensió.</div></div>","T12_-_Installacions","15725"
"<div style=""text-align: left; font-family: -apple-system, sans-serif;""><div style=""font-size: 11px; color: #888; margin-bottom: 6px;"">[T12 - Instal·lacions] Pregunta 157</div><div style=""font-weight: bold; font-size: 16px; margin-bottom: 14px; line-height: 1.4;"">Què caracteritza les centrals no tèrmiques amb màquines rotatives?</div><div style=""font-size: 14px; line-height: 1.6;""><div style=""padding: 5px 0;""><b>A)</b> Eleven la tensió de la xarxa mitjançant transformadors.</div><div style=""padding: 5px 0;""><b>B)</b> Transformen llum en electricitat sense parts mòbils.</div><div style=""padding: 5px 0;""><b>C)</b> Utilitzen calor per produir vapor abans de moure la turbina.</div><div style=""padding: 5px 0;""><b>D)</b> Aprofiten directament l’energia mecànica.</div></div></div>","<div style=""text-align: left; font-family: -apple-system, sans-serif;""><div style=""font-weight: bold; font-size: 16px; color: #10b981; margin-bottom: 8px;"">✓ Resposta Correcta: D</div><div style=""font-size: 14px; margin-bottom: 12px; padding: 10px; background: rgba(16,185,129,0.1); border-radius: 6px; border-left: 4px solid #10b981;"">D) Aprofiten directament l’energia mecànica.</div><hr style=""border: 0; border-top: 1px solid #ddd; margin: 12px 0;""><div style=""font-size: 13px; color: #444; line-height: 1.4;""><b style=""color: #111;"">Explicació:</b> Les centrals no tèrmiques aprofiten directament energia mecànica, com la de l’aigua o el vent.</div></div>","T12_-_Installacions","15769"
"<div style=""text-align: left; font-family: -apple-system, sans-serif;""><div style=""font-size: 11px; color: #888; margin-bottom: 6px;"">[T12 - Instal·lacions] Pregunta 158</div><div style=""font-weight: bold; font-size: 16px; margin-bottom: 14px; line-height: 1.4;"">Com respon un diferencial quan la fuga supera el seu llindar de dispar?</div><div style=""font-size: 14px; line-height: 1.6;""><div style=""padding: 5px 0;""><b>A)</b> Desconnecta el circuit ràpidament.</div><div style=""padding: 5px 0;""><b>B)</b> Augmenta temporalment la resistència del neutre.</div><div style=""padding: 5px 0;""><b>C)</b> Deriva tota la càrrega al conductor de protecció.</div><div style=""padding: 5px 0;""><b>D)</b> Redueix progressivament la tensió fins a zero.</div></div></div>","<div style=""text-align: left; font-family: -apple-system, sans-serif;""><div style=""font-weight: bold; font-size: 16px; color: #10b981; margin-bottom: 8px;"">✓ Resposta Correcta: A</div><div style=""font-size: 14px; margin-bottom: 12px; padding: 10px; background: rgba(16,185,129,0.1); border-radius: 6px; border-left: 4px solid #10b981;"">A) Desconnecta el circuit ràpidament.</div><hr style=""border: 0; border-top: 1px solid #ddd; margin: 12px 0;""><div style=""font-size: 13px; color: #444; line-height: 1.4;""><b style=""color: #111;"">Explicació:</b> Superada la sensibilitat prevista, el diferencial obre el circuit per limitar el temps de pas del corrent.</div></div>","T12_-_Installacions","15977"
"<div style=""text-align: left; font-family: -apple-system, sans-serif;""><div style=""font-size: 11px; color: #888; margin-bottom: 6px;"">[T12 - Instal·lacions] Pregunta 159</div><div style=""font-weight: bold; font-size: 16px; margin-bottom: 14px; line-height: 1.4;"">Quin material és habitual en instal·lacions interiors domèstiques de gas?</div><div style=""font-size: 14px; line-height: 1.6;""><div style=""padding: 5px 0;""><b>A)</b> PVC rígid.</div><div style=""padding: 5px 0;""><b>B)</b> Polietilè.</div><div style=""padding: 5px 0;""><b>C)</b> Acer estructural.</div><div style=""padding: 5px 0;""><b>D)</b> Coure.</div></div></div>","<div style=""text-align: left; font-family: -apple-system, sans-serif;""><div style=""font-weight: bold; font-size: 16px; color: #10b981; margin-bottom: 8px;"">✓ Resposta Correcta: D</div><div style=""font-size: 14px; margin-bottom: 12px; padding: 10px; background: rgba(16,185,129,0.1); border-radius: 6px; border-left: 4px solid #10b981;"">D) Coure.</div><hr style=""border: 0; border-top: 1px solid #ddd; margin: 12px 0;""><div style=""font-size: 13px; color: #444; line-height: 1.4;""><b style=""color: #111;"">Explicació:</b> El coure és habitual en instal·lacions interiors domèstiques a baixa pressió.</div></div>","T12_-_Installacions","16230"
"<div style=""text-align: left; font-family: -apple-system, sans-serif;""><div style=""font-size: 11px; color: #888; margin-bottom: 6px;"">[T12 - Instal·lacions] Pregunta 160</div><div style=""font-weight: bold; font-size: 16px; margin-bottom: 14px; line-height: 1.4;"">Com és una sobretensió transitòria?</div><div style=""font-size: 14px; line-height: 1.6;""><div style=""padding: 5px 0;""><b>A)</b> Una sobrecàrrega de corrent sostinguda en un receptor.</div><div style=""padding: 5px 0;""><b>B)</b> Un pic de tensió molt elevat i molt breu.</div><div style=""padding: 5px 0;""><b>C)</b> Un augment moderat de tensió que es manté durant molt temps.</div><div style=""padding: 5px 0;""><b>D)</b> Una fuga de corrent petita i continuada cap a terra.</div></div></div>","<div style=""text-align: left; font-family: -apple-system, sans-serif;""><div style=""font-weight: bold; font-size: 16px; color: #10b981; margin-bottom: 8px;"">✓ Resposta Correcta: B</div><div style=""font-size: 14px; margin-bottom: 12px; padding: 10px; background: rgba(16,185,129,0.1); border-radius: 6px; border-left: 4px solid #10b981;"">B) Un pic de tensió molt elevat i molt breu.</div><hr style=""border: 0; border-top: 1px solid #ddd; margin: 12px 0;""><div style=""font-size: 13px; color: #444; line-height: 1.4;""><b style=""color: #111;"">Explicació:</b> Les transitòries tenen gran amplitud però durada molt curta.</div></div>","T12_-_Installacions","15996"
"<div style=""text-align: left; font-family: -apple-system, sans-serif;""><div style=""font-size: 11px; color: #888; margin-bottom: 6px;"">[T12 - Instal·lacions] Pregunta 161</div><div style=""font-weight: bold; font-size: 16px; margin-bottom: 14px; line-height: 1.4;"">Quin risc protegeix principalment un interruptor diferencial (ID)?</div><div style=""font-size: 14px; line-height: 1.6;""><div style=""padding: 5px 0;""><b>A)</b> Les sobrecàrregues dels circuits.</div><div style=""padding: 5px 0;""><b>B)</b> Els contactes indirectes.</div><div style=""padding: 5px 0;""><b>C)</b> Els excessos de potència contractada.</div><div style=""padding: 5px 0;""><b>D)</b> Els curtcircuits entre conductors.</div></div></div>","<div style=""text-align: left; font-family: -apple-system, sans-serif;""><div style=""font-weight: bold; font-size: 16px; color: #10b981; margin-bottom: 8px;"">✓ Resposta Correcta: B</div><div style=""font-size: 14px; margin-bottom: 12px; padding: 10px; background: rgba(16,185,129,0.1); border-radius: 6px; border-left: 4px solid #10b981;"">B) Els contactes indirectes.</div><hr style=""border: 0; border-top: 1px solid #ddd; margin: 12px 0;""><div style=""font-size: 13px; color: #444; line-height: 1.4;""><b style=""color: #111;"">Explicació:</b> L’interruptor diferencial és la protecció destinada als contactes indirectes.</div></div>","T12_-_Installacions","15916"
"<div style=""text-align: left; font-family: -apple-system, sans-serif;""><div style=""font-size: 11px; color: #888; margin-bottom: 6px;"">[T12 - Instal·lacions] Pregunta 162</div><div style=""font-weight: bold; font-size: 16px; margin-bottom: 14px; line-height: 1.4;"">Quin equip es pot trobar entre el centre de transformació i les caixes generals de protecció?</div><div style=""font-size: 14px; line-height: 1.6;""><div style=""padding: 5px 0;""><b>A)</b> Un interruptor diferencial d’usuari.</div><div style=""padding: 5px 0;""><b>B)</b> Un armari de distribució urbana (ADU).</div><div style=""padding: 5px 0;""><b>C)</b> Una centralització de comptadors.</div><div style=""padding: 5px 0;""><b>D)</b> Un quadre general de comandament i protecció.</div></div></div>","<div style=""text-align: left; font-family: -apple-system, sans-serif;""><div style=""font-weight: bold; font-size: 16px; color: #10b981; margin-bottom: 8px;"">✓ Resposta Correcta: B</div><div style=""font-size: 14px; margin-bottom: 12px; padding: 10px; background: rgba(16,185,129,0.1); border-radius: 6px; border-left: 4px solid #10b981;"">B) Un armari de distribució urbana (ADU).</div><hr style=""border: 0; border-top: 1px solid #ddd; margin: 12px 0;""><div style=""font-size: 13px; color: #444; line-height: 1.4;""><b style=""color: #111;"">Explicació:</b> Els armaris de distribució urbana poden aparèixer al recorregut de la xarxa de baixa tensió abans de les CGP.</div></div>","T12_-_Installacions","15865"
"<div style=""text-align: left; font-family: -apple-system, sans-serif;""><div style=""font-size: 11px; color: #888; margin-bottom: 6px;"">[T12 - Instal·lacions] Pregunta 163</div><div style=""font-weight: bold; font-size: 16px; margin-bottom: 14px; line-height: 1.4;"">Quins aparells permeten interconnectar circuits dins d’una subestació de transformació?</div><div style=""font-size: 14px; line-height: 1.6;""><div style=""padding: 5px 0;""><b>A)</b> Interruptors i seccionadors.</div><div style=""padding: 5px 0;""><b>B)</b> Motors i generadors portàtils.</div><div style=""padding: 5px 0;""><b>C)</b> Turbines i alternadors.</div><div style=""padding: 5px 0;""><b>D)</b> Inversors i bateries.</div></div></div>","<div style=""text-align: left; font-family: -apple-system, sans-serif;""><div style=""font-weight: bold; font-size: 16px; color: #10b981; margin-bottom: 8px;"">✓ Resposta Correcta: A</div><div style=""font-size: 14px; margin-bottom: 12px; padding: 10px; background: rgba(16,185,129,0.1); border-radius: 6px; border-left: 4px solid #10b981;"">A) Interruptors i seccionadors.</div><hr style=""border: 0; border-top: 1px solid #ddd; margin: 12px 0;""><div style=""font-size: 13px; color: #444; line-height: 1.4;""><b style=""color: #111;"">Explicació:</b> Els interruptors i els seccionadors permeten establir o separar interconnexions entre circuits.</div></div>","T12_-_Installacions","15840"
"<div style=""text-align: left; font-family: -apple-system, sans-serif;""><div style=""font-size: 11px; color: #888; margin-bottom: 6px;"">[T12 - Instal·lacions] Pregunta 164</div><div style=""font-weight: bold; font-size: 16px; margin-bottom: 14px; line-height: 1.4;"">Quin color identifica el conductor de protecció o terra d’una instal·lació receptora?</div><div style=""font-size: 14px; line-height: 1.6;""><div style=""padding: 5px 0;""><b>A)</b> Groc i verd.</div><div style=""padding: 5px 0;""><b>B)</b> Negre i groc.</div><div style=""padding: 5px 0;""><b>C)</b> Marró i blau.</div><div style=""padding: 5px 0;""><b>D)</b> Blau i verd.</div></div></div>","<div style=""text-align: left; font-family: -apple-system, sans-serif;""><div style=""font-weight: bold; font-size: 16px; color: #10b981; margin-bottom: 8px;"">✓ Resposta Correcta: A</div><div style=""font-size: 14px; margin-bottom: 12px; padding: 10px; background: rgba(16,185,129,0.1); border-radius: 6px; border-left: 4px solid #10b981;"">A) Groc i verd.</div><hr style=""border: 0; border-top: 1px solid #ddd; margin: 12px 0;""><div style=""font-size: 13px; color: #444; line-height: 1.4;""><b style=""color: #111;"">Explicació:</b> El conductor de protecció PE s’identifica mitjançant els colors groc i verd.</div></div>","T12_-_Installacions","15921"
"<div style=""text-align: left; font-family: -apple-system, sans-serif;""><div style=""font-size: 11px; color: #888; margin-bottom: 6px;"">[T12 - Instal·lacions] Pregunta 165</div><div style=""font-weight: bold; font-size: 16px; margin-bottom: 14px; line-height: 1.4;"">Quin element ha d’incloure la base d’un muntant d’aigua?</div><div style=""font-size: 14px; line-height: 1.6;""><div style=""padding: 5px 0;""><b>A)</b> Un purgador principal.</div><div style=""padding: 5px 0;""><b>B)</b> Un comptador general.</div><div style=""padding: 5px 0;""><b>C)</b> Una vàlvula de retenció.</div><div style=""padding: 5px 0;""><b>D)</b> Un filtre de 25 μm.</div></div></div>","<div style=""text-align: left; font-family: -apple-system, sans-serif;""><div style=""font-weight: bold; font-size: 16px; color: #10b981; margin-bottom: 8px;"">✓ Resposta Correcta: C</div><div style=""font-size: 14px; margin-bottom: 12px; padding: 10px; background: rgba(16,185,129,0.1); border-radius: 6px; border-left: 4px solid #10b981;"">C) Una vàlvula de retenció.</div><hr style=""border: 0; border-top: 1px solid #ddd; margin: 12px 0;""><div style=""font-size: 13px; color: #444; line-height: 1.4;""><b style=""color: #111;"">Explicació:</b> A la base del muntant hi ha una vàlvula de retenció.</div></div>","T12_-_Installacions","16134"
"<div style=""text-align: left; font-family: -apple-system, sans-serif;""><div style=""font-size: 11px; color: #888; margin-bottom: 6px;"">[T12 - Instal·lacions] Pregunta 166</div><div style=""font-weight: bold; font-size: 16px; margin-bottom: 14px; line-height: 1.4;"">Quina condició provoca la fusió del conductor d’un fusible?</div><div style=""font-size: 14px; line-height: 1.6;""><div style=""padding: 5px 0;""><b>A)</b> Que el corrent superi el seu valor normal durant les condicions previstes.</div><div style=""padding: 5px 0;""><b>B)</b> Que la tensió baixi per sota del valor nominal del circuit.</div><div style=""padding: 5px 0;""><b>C)</b> Que aparegui una petita diferència entre fase i neutre.</div><div style=""padding: 5px 0;""><b>D)</b> Que la freqüència de la xarxa variï lleugerament.</div></div></div>","<div style=""text-align: left; font-family: -apple-system, sans-serif;""><div style=""font-weight: bold; font-size: 16px; color: #10b981; margin-bottom: 8px;"">✓ Resposta Correcta: A</div><div style=""font-size: 14px; margin-bottom: 12px; padding: 10px; background: rgba(16,185,129,0.1); border-radius: 6px; border-left: 4px solid #10b981;"">A) Que el corrent superi el seu valor normal durant les condicions previstes.</div><hr style=""border: 0; border-top: 1px solid #ddd; margin: 12px 0;""><div style=""font-size: 13px; color: #444; line-height: 1.4;""><b style=""color: #111;"">Explicació:</b> El fusible respon a una intensitat excessiva, no a petites variacions de tensió o freqüència.</div></div>","T12_-_Installacions","15933"
"<div style=""text-align: left; font-family: -apple-system, sans-serif;""><div style=""font-size: 11px; color: #888; margin-bottom: 6px;"">[T12 - Instal·lacions] Pregunta 167</div><div style=""font-weight: bold; font-size: 16px; margin-bottom: 14px; line-height: 1.4;"">Quina funció tenen les centrals de punta?</div><div style=""font-size: 14px; line-height: 1.6;""><div style=""padding: 5px 0;""><b>A)</b> Mantenir una producció estable amb poca flexibilitat.</div><div style=""padding: 5px 0;""><b>B)</b> Reduir la tensió abans dels punts finals de consum.</div><div style=""padding: 5px 0;""><b>C)</b> Cobrir de forma contínua la demanda mínima del sistema.</div><div style=""padding: 5px 0;""><b>D)</b> Respondre ràpidament a pics sobtats de consum.</div></div></div>","<div style=""text-align: left; font-family: -apple-system, sans-serif;""><div style=""font-weight: bold; font-size: 16px; color: #10b981; margin-bottom: 8px;"">✓ Resposta Correcta: D</div><div style=""font-size: 14px; margin-bottom: 12px; padding: 10px; background: rgba(16,185,129,0.1); border-radius: 6px; border-left: 4px solid #10b981;"">D) Respondre ràpidament a pics sobtats de consum.</div><hr style=""border: 0; border-top: 1px solid #ddd; margin: 12px 0;""><div style=""font-size: 13px; color: #444; line-height: 1.4;""><b style=""color: #111;"">Explicació:</b> Les centrals de punta poden activar-se o aturar-se ràpidament quan apareixen increments sobtats de demanda.</div></div>","T12_-_Installacions","15787"
"<div style=""text-align: left; font-family: -apple-system, sans-serif;""><div style=""font-size: 11px; color: #888; margin-bottom: 6px;"">[T12 - Instal·lacions] Pregunta 168</div><div style=""font-weight: bold; font-size: 16px; margin-bottom: 14px; line-height: 1.4;"">Quina clau s’ha d’accionar per tallar l’aigua a tot un edifici?</div><div style=""font-size: 14px; line-height: 1.6;""><div style=""padding: 5px 0;""><b>A)</b> La clau de pas interior.</div><div style=""padding: 5px 0;""><b>B)</b> La clau de sortida.</div><div style=""padding: 5px 0;""><b>C)</b> La clau de tall general.</div><div style=""padding: 5px 0;""><b>D)</b> La clau prèvia al comptador divisionari.</div></div></div>","<div style=""text-align: left; font-family: -apple-system, sans-serif;""><div style=""font-weight: bold; font-size: 16px; color: #10b981; margin-bottom: 8px;"">✓ Resposta Correcta: C</div><div style=""font-size: 14px; margin-bottom: 12px; padding: 10px; background: rgba(16,185,129,0.1); border-radius: 6px; border-left: 4px solid #10b981;"">C) La clau de tall general.</div><hr style=""border: 0; border-top: 1px solid #ddd; margin: 12px 0;""><div style=""font-size: 13px; color: #444; line-height: 1.4;""><b style=""color: #111;"">Explicació:</b> La clau general està destinada al tall complet del subministrament.</div></div>","T12_-_Installacions","16108"
"<div style=""text-align: left; font-family: -apple-system, sans-serif;""><div style=""font-size: 11px; color: #888; margin-bottom: 6px;"">[T12 - Instal·lacions] Pregunta 169</div><div style=""font-weight: bold; font-size: 16px; margin-bottom: 14px; line-height: 1.4;"">Per què és necessari equilibrar contínuament la generació amb la demanda?</div><div style=""font-size: 14px; line-height: 1.6;""><div style=""padding: 5px 0;""><b>A)</b> Perquè l’electricitat és difícil d’emmagatzemar a gran escala.</div><div style=""padding: 5px 0;""><b>B)</b> Perquè la xarxa necessita mantenir una producció fixa durant tota la jornada.</div><div style=""padding: 5px 0;""><b>C)</b> Perquè les centrals de fons estan destinades a cobrir les variacions sobtades.</div><div style=""padding: 5px 0;""><b>D)</b> Perquè la tensió de transport depèn directament de la demanda instantània.</div></div></div>","<div style=""text-align: left; font-family: -apple-system, sans-serif;""><div style=""font-weight: bold; font-size: 16px; color: #10b981; margin-bottom: 8px;"">✓ Resposta Correcta: A</div><div style=""font-size: 14px; margin-bottom: 12px; padding: 10px; background: rgba(16,185,129,0.1); border-radius: 6px; border-left: 4px solid #10b981;"">A) Perquè l’electricitat és difícil d’emmagatzemar a gran escala.</div><hr style=""border: 0; border-top: 1px solid #ddd; margin: 12px 0;""><div style=""font-size: 13px; color: #444; line-height: 1.4;""><b style=""color: #111;"">Explicació:</b> La dificultat d’emmagatzemar electricitat a gran escala obliga a adaptar la producció al consum.</div></div>","T12_-_Installacions","15781"
"<div style=""text-align: left; font-family: -apple-system, sans-serif;""><div style=""font-size: 11px; color: #888; margin-bottom: 6px;"">[T12 - Instal·lacions] Pregunta 170</div><div style=""font-weight: bold; font-size: 16px; margin-bottom: 14px; line-height: 1.4;"">Quin aparell és habitualment de circuit estanc?</div><div style=""font-size: 14px; line-height: 1.6;""><div style=""padding: 5px 0;""><b>A)</b> Una cuina de gas oberta.</div><div style=""padding: 5px 0;""><b>B)</b> Una estufa mòbil oberta.</div><div style=""padding: 5px 0;""><b>C)</b> Un cremador atmosfèric sense conducte.</div><div style=""padding: 5px 0;""><b>D)</b> Una caldera de calefacció.</div></div></div>","<div style=""text-align: left; font-family: -apple-system, sans-serif;""><div style=""font-weight: bold; font-size: 16px; color: #10b981; margin-bottom: 8px;"">✓ Resposta Correcta: D</div><div style=""font-size: 14px; margin-bottom: 12px; padding: 10px; background: rgba(16,185,129,0.1); border-radius: 6px; border-left: 4px solid #10b981;"">D) Una caldera de calefacció.</div><hr style=""border: 0; border-top: 1px solid #ddd; margin: 12px 0;""><div style=""font-size: 13px; color: #444; line-height: 1.4;""><b style=""color: #111;"">Explicació:</b> Les calderes de calefacció són exemples habituals d’aparells de circuit estanc.</div></div>","T12_-_Installacions","18893"
"<div style=""text-align: left; font-family: -apple-system, sans-serif;""><div style=""font-size: 11px; color: #888; margin-bottom: 6px;"">[T12 - Instal·lacions] Pregunta 171</div><div style=""font-weight: bold; font-size: 16px; margin-bottom: 14px; line-height: 1.4;"">Quina funció tenen les arquetes d’una xarxa de sanejament?</div><div style=""font-size: 14px; line-height: 1.6;""><div style=""padding: 5px 0;""><b>A)</b> Impulsar l’aigua cap al clavegueram.</div><div style=""padding: 5px 0;""><b>B)</b> Rebre, enllaçar i distribuir canalitzacions.</div><div style=""padding: 5px 0;""><b>C)</b> Separar aigües grises de negres.</div><div style=""padding: 5px 0;""><b>D)</b> Ventilar els baixants principals.</div></div></div>","<div style=""text-align: left; font-family: -apple-system, sans-serif;""><div style=""font-weight: bold; font-size: 16px; color: #10b981; margin-bottom: 8px;"">✓ Resposta Correcta: B</div><div style=""font-size: 14px; margin-bottom: 12px; padding: 10px; background: rgba(16,185,129,0.1); border-radius: 6px; border-left: 4px solid #10b981;"">B) Rebre, enllaçar i distribuir canalitzacions.</div><hr style=""border: 0; border-top: 1px solid #ddd; margin: 12px 0;""><div style=""font-size: 13px; color: #444; line-height: 1.4;""><b style=""color: #111;"">Explicació:</b> Les arquetes són punts soterrats de connexió i distribució de conduccions.</div></div>","T12_-_Installacions","16184"
"<div style=""text-align: left; font-family: -apple-system, sans-serif;""><div style=""font-size: 11px; color: #888; margin-bottom: 6px;"">[T12 - Instal·lacions] Pregunta 172</div><div style=""font-weight: bold; font-size: 16px; margin-bottom: 14px; line-height: 1.4;"">Com arriba el gas natural canalitzat als habitatges?</div><div style=""font-size: 14px; line-height: 1.6;""><div style=""padding: 5px 0;""><b>A)</b> En estat gasós per dipòsits individuals.</div><div style=""padding: 5px 0;""><b>B)</b> En estat gasós per canonades soterrades.</div><div style=""padding: 5px 0;""><b>C)</b> En bombones connectades a una xarxa comuna.</div><div style=""padding: 5px 0;""><b>D)</b> En estat líquid per canonades interiors.</div></div></div>","<div style=""text-align: left; font-family: -apple-system, sans-serif;""><div style=""font-weight: bold; font-size: 16px; color: #10b981; margin-bottom: 8px;"">✓ Resposta Correcta: B</div><div style=""font-size: 14px; margin-bottom: 12px; padding: 10px; background: rgba(16,185,129,0.1); border-radius: 6px; border-left: 4px solid #10b981;"">B) En estat gasós per canonades soterrades.</div><hr style=""border: 0; border-top: 1px solid #ddd; margin: 12px 0;""><div style=""font-size: 13px; color: #444; line-height: 1.4;""><b style=""color: #111;"">Explicació:</b> El gas natural canalitzat es distribueix en fase gasosa fins als habitatges.</div></div>","T12_-_Installacions","16201"
"<div style=""text-align: left; font-family: -apple-system, sans-serif;""><div style=""font-size: 11px; color: #888; margin-bottom: 6px;"">[T12 - Instal·lacions] Pregunta 173</div><div style=""font-weight: bold; font-size: 16px; margin-bottom: 14px; line-height: 1.4;"">En quin estat es distribueix i s'emmagatzema els GLP?</div><div style=""font-size: 14px; line-height: 1.6;""><div style=""padding: 5px 0;""><b>A)</b> En estat gasós.</div><div style=""padding: 5px 0;""><b>B)</b> En fase supercrítica.</div><div style=""padding: 5px 0;""><b>C)</b> En estat sòlid pressuritzat.</div><div style=""padding: 5px 0;""><b>D)</b> En estat líquid.</div></div></div>","<div style=""text-align: left; font-family: -apple-system, sans-serif;""><div style=""font-weight: bold; font-size: 16px; color: #10b981; margin-bottom: 8px;"">✓ Resposta Correcta: D</div><div style=""font-size: 14px; margin-bottom: 12px; padding: 10px; background: rgba(16,185,129,0.1); border-radius: 6px; border-left: 4px solid #10b981;"">D) En estat líquid.</div><hr style=""border: 0; border-top: 1px solid #ddd; margin: 12px 0;""><div style=""font-size: 13px; color: #444; line-height: 1.4;""><b style=""color: #111;"">Explicació:</b> Els GLP es distribueixen i s’emmagatzemen liquats en recipients adequats.</div></div>","T12_-_Installacions","16190"
"<div style=""text-align: left; font-family: -apple-system, sans-serif;""><div style=""font-size: 11px; color: #888; margin-bottom: 6px;"">[T12 - Instal·lacions] Pregunta 174</div><div style=""font-weight: bold; font-size: 16px; margin-bottom: 14px; line-height: 1.4;"">Quina és la prioritat operativa dels aparells de mesura davant un possible risc elèctric?</div><div style=""font-size: 14px; line-height: 1.6;""><div style=""padding: 5px 0;""><b>A)</b> Determinar la resistència de la instal·lació abans de comprovar si hi ha tensió.</div><div style=""padding: 5px 0;""><b>B)</b> Identificar la potència nominal dels receptors abans d’avaluar el risc elèctric.</div><div style=""padding: 5px 0;""><b>C)</b> Detectar la presència de tensió i verificar-ne l’absència abans d’actuar.</div><div style=""padding: 5px 0;""><b>D)</b> Obtenir una mesura exacta de la intensitat abans de decidir si s’intervé.</div></div></div>","<div style=""text-align: left; font-family: -apple-system, sans-serif;""><div style=""font-weight: bold; font-size: 16px; color: #10b981; margin-bottom: 8px;"">✓ Resposta Correcta: C</div><div style=""font-size: 14px; margin-bottom: 12px; padding: 10px; background: rgba(16,185,129,0.1); border-radius: 6px; border-left: 4px solid #10b981;"">C) Detectar la presència de tensió i verificar-ne l’absència abans d’actuar.</div><hr style=""border: 0; border-top: 1px solid #ddd; margin: 12px 0;""><div style=""font-size: 13px; color: #444; line-height: 1.4;""><b style=""color: #111;"">Explicació:</b> En seguretat elèctrica, la prioritat és saber si hi ha tensió i confirmar-ne l’absència abans de treballar-hi.</div></div>","T12_-_Installacions","16011"
"<div style=""text-align: left; font-family: -apple-system, sans-serif;""><div style=""font-size: 11px; color: #888; margin-bottom: 6px;"">[T12 - Instal·lacions] Pregunta 175</div><div style=""font-weight: bold; font-size: 16px; margin-bottom: 14px; line-height: 1.4;"">Quins gasos formen habitualment els GLP d’ús domèstic?</div><div style=""font-size: 14px; line-height: 1.6;""><div style=""padding: 5px 0;""><b>A)</b> Propà i butà.</div><div style=""padding: 5px 0;""><b>B)</b> Butà i gas natural.</div><div style=""padding: 5px 0;""><b>C)</b> Metà i età.</div><div style=""padding: 5px 0;""><b>D)</b> Propà i metà.</div></div></div>","<div style=""text-align: left; font-family: -apple-system, sans-serif;""><div style=""font-weight: bold; font-size: 16px; color: #10b981; margin-bottom: 8px;"">✓ Resposta Correcta: A</div><div style=""font-size: 14px; margin-bottom: 12px; padding: 10px; background: rgba(16,185,129,0.1); border-radius: 6px; border-left: 4px solid #10b981;"">A) Propà i butà.</div><hr style=""border: 0; border-top: 1px solid #ddd; margin: 12px 0;""><div style=""font-size: 13px; color: #444; line-height: 1.4;""><b style=""color: #111;"">Explicació:</b> Els GLP d’ús domèstic són principalment propà i butà.</div></div>","T12_-_Installacions","16189"
"<div style=""text-align: left; font-family: -apple-system, sans-serif;""><div style=""font-size: 11px; color: #888; margin-bottom: 6px;"">[T12 - Instal·lacions] Pregunta 176</div><div style=""font-weight: bold; font-size: 16px; margin-bottom: 14px; line-height: 1.4;"">Quin element de la xarxa de gas transporta el combustible a alta pressió abans de la regulació?</div><div style=""font-size: 14px; line-height: 1.6;""><div style=""padding: 5px 0;""><b>A)</b> La instal·lació receptora.</div><div style=""padding: 5px 0;""><b>B)</b> El gasoducte.</div><div style=""padding: 5px 0;""><b>C)</b> La xarxa de distribució.</div><div style=""padding: 5px 0;""><b>D)</b> El regulador final.</div></div></div>","<div style=""text-align: left; font-family: -apple-system, sans-serif;""><div style=""font-weight: bold; font-size: 16px; color: #10b981; margin-bottom: 8px;"">✓ Resposta Correcta: B</div><div style=""font-size: 14px; margin-bottom: 12px; padding: 10px; background: rgba(16,185,129,0.1); border-radius: 6px; border-left: 4px solid #10b981;"">B) El gasoducte.</div><hr style=""border: 0; border-top: 1px solid #ddd; margin: 12px 0;""><div style=""font-size: 13px; color: #444; line-height: 1.4;""><b style=""color: #111;"">Explicació:</b> El gasoducte correspon al tram de transport a alta pressió.</div></div>","T12_-_Installacions","16234"
"<div style=""text-align: left; font-family: -apple-system, sans-serif;""><div style=""font-size: 11px; color: #888; margin-bottom: 6px;"">[T12 - Instal·lacions] Pregunta 177</div><div style=""font-weight: bold; font-size: 16px; margin-bottom: 14px; line-height: 1.4;"">Quan es poden admetre conductors aeris nus en baixa tensió?</div><div style=""font-size: 14px; line-height: 1.6;""><div style=""padding: 5px 0;""><b>A)</b> En aplicacions especials degudament justificades.</div><div style=""padding: 5px 0;""><b>B)</b> Quan la línia discorre per una façana.</div><div style=""padding: 5px 0;""><b>C)</b> Quan la línia alimenta més d’un usuari.</div><div style=""padding: 5px 0;""><b>D)</b> Quan la instal·lació és monofàsica.</div></div></div>","<div style=""text-align: left; font-family: -apple-system, sans-serif;""><div style=""font-weight: bold; font-size: 16px; color: #10b981; margin-bottom: 8px;"">✓ Resposta Correcta: A</div><div style=""font-size: 14px; margin-bottom: 12px; padding: 10px; background: rgba(16,185,129,0.1); border-radius: 6px; border-left: 4px solid #10b981;"">A) En aplicacions especials degudament justificades.</div><hr style=""border: 0; border-top: 1px solid #ddd; margin: 12px 0;""><div style=""font-size: 13px; color: #444; line-height: 1.4;""><b style=""color: #111;"">Explicació:</b> La normativa admet conductors aeris nus només en aplicacions especials que estiguin degudament justificades.</div></div>","T12_-_Installacions","15860"
"<div style=""text-align: left; font-family: -apple-system, sans-serif;""><div style=""font-size: 11px; color: #888; margin-bottom: 6px;"">[T12 - Instal·lacions] Pregunta 178</div><div style=""font-weight: bold; font-size: 16px; margin-bottom: 14px; line-height: 1.4;"">Quin element rep l’alimentació de la LGA i dona origen a les derivacions individuals?</div><div style=""font-size: 14px; line-height: 1.6;""><div style=""padding: 5px 0;""><b>A)</b> L’embarrat general de la centralització.</div><div style=""padding: 5px 0;""><b>B)</b> El quadre general de comandament i protecció.</div><div style=""padding: 5px 0;""><b>C)</b> La caixa general de protecció de l’edifici.</div><div style=""padding: 5px 0;""><b>D)</b> L’escomesa de la xarxa de baixa tensió.</div></div></div>","<div style=""text-align: left; font-family: -apple-system, sans-serif;""><div style=""font-weight: bold; font-size: 16px; color: #10b981; margin-bottom: 8px;"">✓ Resposta Correcta: A</div><div style=""font-size: 14px; margin-bottom: 12px; padding: 10px; background: rgba(16,185,129,0.1); border-radius: 6px; border-left: 4px solid #10b981;"">A) L’embarrat general de la centralització.</div><hr style=""border: 0; border-top: 1px solid #ddd; margin: 12px 0;""><div style=""font-size: 13px; color: #444; line-height: 1.4;""><b style=""color: #111;"">Explicació:</b> L’embarrat general rep la LGA i, mitjançant els fusibles de seguretat, permet l’inici de les derivacions individuals.</div></div>","T12_-_Installacions","15898"
"<div style=""text-align: left; font-family: -apple-system, sans-serif;""><div style=""font-size: 11px; color: #888; margin-bottom: 6px;"">[T12 - Instal·lacions] Pregunta 179</div><div style=""font-weight: bold; font-size: 16px; margin-bottom: 14px; line-height: 1.4;"">Quina pressió màxima correspon a una xarxa de gas BP?</div><div style=""font-size: 14px; line-height: 1.6;""><div style=""padding: 5px 0;""><b>A)</b> 0,4 bar, és a dir, 400 mbar.</div><div style=""padding: 5px 0;""><b>B)</b> 0,05 bar, és a dir, 50 mbar.</div><div style=""padding: 5px 0;""><b>C)</b> 4 bar.</div><div style=""padding: 5px 0;""><b>D)</b> 16 bar.</div></div></div>","<div style=""text-align: left; font-family: -apple-system, sans-serif;""><div style=""font-weight: bold; font-size: 16px; color: #10b981; margin-bottom: 8px;"">✓ Resposta Correcta: B</div><div style=""font-size: 14px; margin-bottom: 12px; padding: 10px; background: rgba(16,185,129,0.1); border-radius: 6px; border-left: 4px solid #10b981;"">B) 0,05 bar, és a dir, 50 mbar.</div><hr style=""border: 0; border-top: 1px solid #ddd; margin: 12px 0;""><div style=""font-size: 13px; color: #444; line-height: 1.4;""><b style=""color: #111;"">Explicació:</b> La baixa pressió arriba fins a 0,05 bar, equivalent a 50 mbar.</div></div>","T12_-_Installacions","16243"
"<div style=""text-align: left; font-family: -apple-system, sans-serif;""><div style=""font-size: 11px; color: #888; margin-bottom: 6px;"">[T12 - Instal·lacions] Pregunta 180</div><div style=""font-weight: bold; font-size: 16px; margin-bottom: 14px; line-height: 1.4;"">On es pot instal·lar un centre de transformació?</div><div style=""font-size: 14px; line-height: 1.6;""><div style=""padding: 5px 0;""><b>A)</b> En edificis, soterrat o a l’exterior.</div><div style=""padding: 5px 0;""><b>B)</b> En edificis i recintes exteriors, però sense configuracions soterrades.</div><div style=""padding: 5px 0;""><b>C)</b> En edificis o recintes soterrats, però sense ubicacions exteriors.</div><div style=""padding: 5px 0;""><b>D)</b> En recintes soterrats o exteriors, però fora dels edificis.</div></div></div>","<div style=""text-align: left; font-family: -apple-system, sans-serif;""><div style=""font-weight: bold; font-size: 16px; color: #10b981; margin-bottom: 8px;"">✓ Resposta Correcta: A</div><div style=""font-size: 14px; margin-bottom: 12px; padding: 10px; background: rgba(16,185,129,0.1); border-radius: 6px; border-left: 4px solid #10b981;"">A) En edificis, soterrat o a l’exterior.</div><hr style=""border: 0; border-top: 1px solid #ddd; margin: 12px 0;""><div style=""font-size: 13px; color: #444; line-height: 1.4;""><b style=""color: #111;"">Explicació:</b> Els centres de transformació poden adoptar diferents ubicacions: dins d’edificis, soterrats o a l’exterior.</div></div>","T12_-_Installacions","15849"
"<div style=""text-align: left; font-family: -apple-system, sans-serif;""><div style=""font-size: 11px; color: #888; margin-bottom: 6px;"">[T12 - Instal·lacions] Pregunta 181</div><div style=""font-weight: bold; font-size: 16px; margin-bottom: 14px; line-height: 1.4;"">Quin límit de baixa tensió fixa el REBT per al corrent altern?</div><div style=""font-size: 14px; line-height: 1.6;""><div style=""padding: 5px 0;""><b>A)</b> Fins a 1.500 V.</div><div style=""padding: 5px 0;""><b>B)</b> Fins a 36 kV.</div><div style=""padding: 5px 0;""><b>C)</b> Fins a 1.000 V.</div><div style=""padding: 5px 0;""><b>D)</b> Fins a 110 kV.</div></div></div>","<div style=""text-align: left; font-family: -apple-system, sans-serif;""><div style=""font-weight: bold; font-size: 16px; color: #10b981; margin-bottom: 8px;"">✓ Resposta Correcta: C</div><div style=""font-size: 14px; margin-bottom: 12px; padding: 10px; background: rgba(16,185,129,0.1); border-radius: 6px; border-left: 4px solid #10b981;"">C) Fins a 1.000 V.</div><hr style=""border: 0; border-top: 1px solid #ddd; margin: 12px 0;""><div style=""font-size: 13px; color: #444; line-height: 1.4;""><b style=""color: #111;"">Explicació:</b> El REBT considera baixa tensió, en corrent altern, les instal·lacions fins a 1.000 V.</div></div>","T12_-_Installacions","15793"
"<div style=""text-align: left; font-family: -apple-system, sans-serif;""><div style=""font-size: 11px; color: #888; margin-bottom: 6px;"">[T12 - Instal·lacions] Pregunta 182</div><div style=""font-weight: bold; font-size: 16px; margin-bottom: 14px; line-height: 1.4;"">On se situa la clau de comptador d’una instal·lació de gas?</div><div style=""font-size: 14px; line-height: 1.6;""><div style=""padding: 5px 0;""><b>A)</b> Immediatament després del comptador.</div><div style=""padding: 5px 0;""><b>B)</b> Al costat de cada aparell.</div><div style=""padding: 5px 0;""><b>C)</b> Immediatament abans del comptador o regulador.</div><div style=""padding: 5px 0;""><b>D)</b> Al límit exterior de la propietat.</div></div></div>","<div style=""text-align: left; font-family: -apple-system, sans-serif;""><div style=""font-weight: bold; font-size: 16px; color: #10b981; margin-bottom: 8px;"">✓ Resposta Correcta: C</div><div style=""font-size: 14px; margin-bottom: 12px; padding: 10px; background: rgba(16,185,129,0.1); border-radius: 6px; border-left: 4px solid #10b981;"">C) Immediatament abans del comptador o regulador.</div><hr style=""border: 0; border-top: 1px solid #ddd; margin: 12px 0;""><div style=""font-size: 13px; color: #444; line-height: 1.4;""><b style=""color: #111;"">Explicació:</b> La clau de comptador s’ubica just abans del comptador o del regulador directament connectat.</div></div>","T12_-_Installacions","16279"
"<div style=""text-align: left; font-family: -apple-system, sans-serif;""><div style=""font-size: 11px; color: #888; margin-bottom: 6px;"">[T12 - Instal·lacions] Pregunta 183</div><div style=""font-weight: bold; font-size: 16px; margin-bottom: 14px; line-height: 1.4;"">Quin rang de malla pot tenir el filtre general d’aigua indicat?</div><div style=""font-size: 14px; line-height: 1.6;""><div style=""padding: 5px 0;""><b>A)</b> Entre 150 i 200 μm.</div><div style=""padding: 5px 0;""><b>B)</b> Entre 25 i 50 μm.</div><div style=""padding: 5px 0;""><b>C)</b> Entre 5 i 10 μm.</div><div style=""padding: 5px 0;""><b>D)</b> Entre 75 i 100 μm.</div></div></div>","<div style=""text-align: left; font-family: -apple-system, sans-serif;""><div style=""font-weight: bold; font-size: 16px; color: #10b981; margin-bottom: 8px;"">✓ Resposta Correcta: B</div><div style=""font-size: 14px; margin-bottom: 12px; padding: 10px; background: rgba(16,185,129,0.1); border-radius: 6px; border-left: 4px solid #10b981;"">B) Entre 25 i 50 μm.</div><hr style=""border: 0; border-top: 1px solid #ddd; margin: 12px 0;""><div style=""font-size: 13px; color: #444; line-height: 1.4;""><b style=""color: #111;"">Explicació:</b> La malla indicada és d’entre 25 i 50 micres.</div></div>","T12_-_Installacions","16113"
"<div style=""text-align: left; font-family: -apple-system, sans-serif;""><div style=""font-size: 11px; color: #888; margin-bottom: 6px;"">[T12 - Instal·lacions] Pregunta 184</div><div style=""font-weight: bold; font-size: 16px; margin-bottom: 14px; line-height: 1.4;"">Quins elements pot incorporar un comptador de gas?</div><div style=""font-size: 14px; line-height: 1.6;""><div style=""padding: 5px 0;""><b>A)</b> Una vàlvula d’aire i un sifó.</div><div style=""padding: 5px 0;""><b>B)</b> Una clau de pas i un regulador de cabal.</div><div style=""padding: 5px 0;""><b>C)</b> Un detector i una bomba.</div><div style=""padding: 5px 0;""><b>D)</b> Una reixeta i un cremador.</div></div></div>","<div style=""text-align: left; font-family: -apple-system, sans-serif;""><div style=""font-weight: bold; font-size: 16px; color: #10b981; margin-bottom: 8px;"">✓ Resposta Correcta: B</div><div style=""font-size: 14px; margin-bottom: 12px; padding: 10px; background: rgba(16,185,129,0.1); border-radius: 6px; border-left: 4px solid #10b981;"">B) Una clau de pas i un regulador de cabal.</div><hr style=""border: 0; border-top: 1px solid #ddd; margin: 12px 0;""><div style=""font-size: 13px; color: #444; line-height: 1.4;""><b style=""color: #111;"">Explicació:</b> El comptador pot incorporar elements addicionals de tall o regulació de cabal.</div></div>","T12_-_Installacions","16283"
"<div style=""text-align: left; font-family: -apple-system, sans-serif;""><div style=""font-size: 11px; color: #888; margin-bottom: 6px;"">[T12 - Instal·lacions] Pregunta 185</div><div style=""font-weight: bold; font-size: 16px; margin-bottom: 14px; line-height: 1.4;"">Com ha d’estar la clau de tall general d’aigua?</div><div style=""font-size: 14px; line-height: 1.6;""><div style=""padding: 5px 0;""><b>A)</b> Oculta i precintada.</div><div style=""padding: 5px 0;""><b>B)</b> En zones d'ús comú i ben identificada.</div><div style=""padding: 5px 0;""><b>C)</b> Integrada al comptador.</div><div style=""padding: 5px 0;""><b>D)</b> Enterrada i protegida.</div></div></div>","<div style=""text-align: left; font-family: -apple-system, sans-serif;""><div style=""font-weight: bold; font-size: 16px; color: #10b981; margin-bottom: 8px;"">✓ Resposta Correcta: B</div><div style=""font-size: 14px; margin-bottom: 12px; padding: 10px; background: rgba(16,185,129,0.1); border-radius: 6px; border-left: 4px solid #10b981;"">B) En zones d'ús comú i ben identificada.</div><hr style=""border: 0; border-top: 1px solid #ddd; margin: 12px 0;""><div style=""font-size: 13px; color: #444; line-height: 1.4;""><b style=""color: #111;"">Explicació:</b> Ha de poder localitzar-se i accionar-se ràpidament.</div></div>","T12_-_Installacions","16107"
"<div style=""text-align: left; font-family: -apple-system, sans-serif;""><div style=""font-size: 11px; color: #888; margin-bottom: 6px;"">[T12 - Instal·lacions] Pregunta 186</div><div style=""font-weight: bold; font-size: 16px; margin-bottom: 14px; line-height: 1.4;"">Com actua la protecció contra sobretensions permanents quan la tensió és excessiva?</div><div style=""font-size: 14px; line-height: 1.6;""><div style=""padding: 5px 0;""><b>A)</b> Deriva únicament el corrent de fuga del neutre a terra.</div><div style=""padding: 5px 0;""><b>B)</b> Obre automàticament el circuit general.</div><div style=""padding: 5px 0;""><b>C)</b> Fon un fusible específic de cada circuit receptor.</div><div style=""padding: 5px 0;""><b>D)</b> Manté la instal·lació alimentada i redueix la freqüència.</div></div></div>","<div style=""text-align: left; font-family: -apple-system, sans-serif;""><div style=""font-weight: bold; font-size: 16px; color: #10b981; margin-bottom: 8px;"">✓ Resposta Correcta: B</div><div style=""font-size: 14px; margin-bottom: 12px; padding: 10px; background: rgba(16,185,129,0.1); border-radius: 6px; border-left: 4px solid #10b981;"">B) Obre automàticament el circuit general.</div><hr style=""border: 0; border-top: 1px solid #ddd; margin: 12px 0;""><div style=""font-size: 13px; color: #444; line-height: 1.4;""><b style=""color: #111;"">Explicació:</b> Davant una tensió sostinguda massa alta, la protecció desconnecta l’alimentació general.</div></div>","T12_-_Installacions","16003"
"<div style=""text-align: left; font-family: -apple-system, sans-serif;""><div style=""font-size: 11px; color: #888; margin-bottom: 6px;"">[T12 - Instal·lacions] Pregunta 187</div><div style=""font-weight: bold; font-size: 16px; margin-bottom: 14px; line-height: 1.4;"">Com és un sistema de sanejament separatiu?</div><div style=""font-size: 14px; line-height: 1.6;""><div style=""padding: 5px 0;""><b>A)</b> Té una xarxa per a aigües negres i grises i una altra per a pluvials.</div><div style=""padding: 5px 0;""><b>B)</b> Reuneix totes les aigües en una única xarxa.</div><div style=""padding: 5px 0;""><b>C)</b> Evacua aigües negres i pluvials juntes i les grises per separat.</div><div style=""padding: 5px 0;""><b>D)</b> Separa aigües negres de grises, però incorpora les pluvials a les grises.</div></div></div>","<div style=""text-align: left; font-family: -apple-system, sans-serif;""><div style=""font-weight: bold; font-size: 16px; color: #10b981; margin-bottom: 8px;"">✓ Resposta Correcta: A</div><div style=""font-size: 14px; margin-bottom: 12px; padding: 10px; background: rgba(16,185,129,0.1); border-radius: 6px; border-left: 4px solid #10b981;"">A) Té una xarxa per a aigües negres i grises i una altra per a pluvials.</div><hr style=""border: 0; border-top: 1px solid #ddd; margin: 12px 0;""><div style=""font-size: 13px; color: #444; line-height: 1.4;""><b style=""color: #111;"">Explicació:</b> El sistema separatiu diferencia la xarxa residual de la xarxa pluvial.</div></div>","T12_-_Installacions","16156"
"<div style=""text-align: left; font-family: -apple-system, sans-serif;""><div style=""font-size: 11px; color: #888; margin-bottom: 6px;"">[T12 - Instal·lacions] Pregunta 188</div><div style=""font-weight: bold; font-size: 16px; margin-bottom: 14px; line-height: 1.4;"">Com s’adapten habitualment les canonades de gas als canvis de direcció?</div><div style=""font-size: 14px; line-height: 1.6;""><div style=""padding: 5px 0;""><b>A)</b> Amb unions telescòpiques.</div><div style=""padding: 5px 0;""><b>B)</b> Amb vàlvules reductores.</div><div style=""padding: 5px 0;""><b>C)</b> Amb accessoris com colzes, maneguets...</div><div style=""padding: 5px 0;""><b>D)</b> Amb trams flexibles continus.</div></div></div>","<div style=""text-align: left; font-family: -apple-system, sans-serif;""><div style=""font-weight: bold; font-size: 16px; color: #10b981; margin-bottom: 8px;"">✓ Resposta Correcta: C</div><div style=""font-size: 14px; margin-bottom: 12px; padding: 10px; background: rgba(16,185,129,0.1); border-radius: 6px; border-left: 4px solid #10b981;"">C) Amb accessoris com colzes, maneguets...</div><hr style=""border: 0; border-top: 1px solid #ddd; margin: 12px 0;""><div style=""font-size: 13px; color: #444; line-height: 1.4;""><b style=""color: #111;"">Explicació:</b> Els canvis de recorregut es resolen amb accessoris adequats, com colzes i tes.</div></div>","T12_-_Installacions","16257"
"<div style=""text-align: left; font-family: -apple-system, sans-serif;""><div style=""font-size: 11px; color: #888; margin-bottom: 6px;"">[T12 - Instal·lacions] Pregunta 189</div><div style=""font-weight: bold; font-size: 16px; margin-bottom: 14px; line-height: 1.4;"">Fins a quina tensió poden arribar algunes bateries d'instal·lacions elèctriques d’autoconsum  amb acumulació en indústries?</div><div style=""font-size: 14px; line-height: 1.6;""><div style=""padding: 5px 0;""><b>A)</b> Fins a 230 V AC.</div><div style=""padding: 5px 0;""><b>B)</b> Fins a 800 V DC.</div><div style=""padding: 5px 0;""><b>C)</b> Fins a 48 V DC.</div><div style=""padding: 5px 0;""><b>D)</b> Fins a 400 V AC.</div></div></div>","<div style=""text-align: left; font-family: -apple-system, sans-serif;""><div style=""font-weight: bold; font-size: 16px; color: #10b981; margin-bottom: 8px;"">✓ Resposta Correcta: B</div><div style=""font-size: 14px; margin-bottom: 12px; padding: 10px; background: rgba(16,185,129,0.1); border-radius: 6px; border-left: 4px solid #10b981;"">B) Fins a 800 V DC.</div><hr style=""border: 0; border-top: 1px solid #ddd; margin: 12px 0;""><div style=""font-size: 13px; color: #444; line-height: 1.4;""><b style=""color: #111;"">Explicació:</b> En instal·lacions industrials hi pot haver bateries d’alta tensió que arriben fins als 800 V DC.</div></div>","T12_-_Installacions","15729"
"<div style=""text-align: left; font-family: -apple-system, sans-serif;""><div style=""font-size: 11px; color: #888; margin-bottom: 6px;"">[T12 - Instal·lacions] Pregunta 190</div><div style=""font-weight: bold; font-size: 16px; margin-bottom: 14px; line-height: 1.4;"">Com poden presentar-se els protectors contra sobretensions en un quadre elèctric?</div><div style=""font-size: 14px; line-height: 1.6;""><div style=""padding: 5px 0;""><b>A)</b> Només incorporats al comptador electrònic de companyia.</div><div style=""padding: 5px 0;""><b>B)</b> Únicament com a fusibles de ganiveta independents.</div><div style=""padding: 5px 0;""><b>C)</b> Integrats obligatòriament dins de cada interruptor diferencial.</div><div style=""padding: 5px 0;""><b>D)</b> Separats o combinats en un mateix aparell.</div></div></div>","<div style=""text-align: left; font-family: -apple-system, sans-serif;""><div style=""font-weight: bold; font-size: 16px; color: #10b981; margin-bottom: 8px;"">✓ Resposta Correcta: D</div><div style=""font-size: 14px; margin-bottom: 12px; padding: 10px; background: rgba(16,185,129,0.1); border-radius: 6px; border-left: 4px solid #10b981;"">D) Separats o combinats en un mateix aparell.</div><hr style=""border: 0; border-top: 1px solid #ddd; margin: 12px 0;""><div style=""font-size: 13px; color: #444; line-height: 1.4;""><b style=""color: #111;"">Explicació:</b> Hi ha solucions modulars separades i altres que combinen diverses funcions.</div></div>","T12_-_Installacions","16004"
"<div style=""text-align: left; font-family: -apple-system, sans-serif;""><div style=""font-size: 11px; color: #888; margin-bottom: 6px;"">[T12 - Instal·lacions] Pregunta 191</div><div style=""font-weight: bold; font-size: 16px; margin-bottom: 14px; line-height: 1.4;"">Una xarxa de gas que treballa exactament a 4 bar, com es classifica?</div><div style=""font-size: 14px; line-height: 1.6;""><div style=""padding: 5px 0;""><b>A)</b> BP.</div><div style=""padding: 5px 0;""><b>B)</b> MPB.</div><div style=""padding: 5px 0;""><b>C)</b> MPA.</div><div style=""padding: 5px 0;""><b>D)</b> APA.</div></div></div>","<div style=""text-align: left; font-family: -apple-system, sans-serif;""><div style=""font-weight: bold; font-size: 16px; color: #10b981; margin-bottom: 8px;"">✓ Resposta Correcta: B</div><div style=""font-size: 14px; margin-bottom: 12px; padding: 10px; background: rgba(16,185,129,0.1); border-radius: 6px; border-left: 4px solid #10b981;"">B) MPB.</div><hr style=""border: 0; border-top: 1px solid #ddd; margin: 12px 0;""><div style=""font-size: 13px; color: #444; line-height: 1.4;""><b style=""color: #111;"">Explicació:</b> La MPB arriba fins a 4 bar; APA comença per sobre de 4 bar.</div></div>","T12_-_Installacions","16250"
"<div style=""text-align: left; font-family: -apple-system, sans-serif;""><div style=""font-size: 11px; color: #888; margin-bottom: 6px;"">[T12 - Instal·lacions] Pregunta 192</div><div style=""font-weight: bold; font-size: 16px; margin-bottom: 14px; line-height: 1.4;"">Quins elements de protecció i tall incorpora habitualment un armari de distribució urbana (ADU)?</div><div style=""font-size: 14px; line-height: 1.6;""><div style=""padding: 5px 0;""><b>A)</b> PIAs associats a cada circuit interior.</div><div style=""padding: 5px 0;""><b>B)</b> Fusibles associats als diferents circuits.</div><div style=""padding: 5px 0;""><b>C)</b> ICP associats a cada potència contractada.</div><div style=""padding: 5px 0;""><b>D)</b> Interruptors diferencials associats a cada habitatge.</div></div></div>","<div style=""text-align: left; font-family: -apple-system, sans-serif;""><div style=""font-weight: bold; font-size: 16px; color: #10b981; margin-bottom: 8px;"">✓ Resposta Correcta: B</div><div style=""font-size: 14px; margin-bottom: 12px; padding: 10px; background: rgba(16,185,129,0.1); border-radius: 6px; border-left: 4px solid #10b981;"">B) Fusibles associats als diferents circuits.</div><hr style=""border: 0; border-top: 1px solid #ddd; margin: 12px 0;""><div style=""font-size: 13px; color: #444; line-height: 1.4;""><b style=""color: #111;"">Explicació:</b> Els circuits que reparteix un ADU disposen dels seus fusibles corresponents de protecció i tall.</div></div>","T12_-_Installacions","15867"
"<div style=""text-align: left; font-family: -apple-system, sans-serif;""><div style=""font-size: 11px; color: #888; margin-bottom: 6px;"">[T12 - Instal·lacions] Pregunta 193</div><div style=""font-weight: bold; font-size: 16px; margin-bottom: 14px; line-height: 1.4;"">Quina diferència operativa hi ha a l'hora d'intervenir entre la xarxa d’alta tensió i una instal·lació final de consum?</div><div style=""font-size: 14px; line-height: 1.6;""><div style=""padding: 5px 0;""><b>A)</b> A la xarxa cal personal de la companyia; al consum final es pot tallar de forma autònoma.</div><div style=""padding: 5px 0;""><b>B)</b> En tots dos casos el tall depèn de la protecció anti-illa.</div><div style=""padding: 5px 0;""><b>C)</b> A la xarxa es talla de forma autònoma; al consum final cal personal de la companyia.</div><div style=""padding: 5px 0;""><b>D)</b> En tots dos casos el tall es fa amb personal de la companyia.</div></div></div>","<div style=""text-align: left; font-family: -apple-system, sans-serif;""><div style=""font-weight: bold; font-size: 16px; color: #10b981; margin-bottom: 8px;"">✓ Resposta Correcta: A</div><div style=""font-size: 14px; margin-bottom: 12px; padding: 10px; background: rgba(16,185,129,0.1); border-radius: 6px; border-left: 4px solid #10b981;"">A) A la xarxa cal personal de la companyia; al consum final es pot tallar de forma autònoma.</div><hr style=""border: 0; border-top: 1px solid #ddd; margin: 12px 0;""><div style=""font-size: 13px; color: #444; line-height: 1.4;""><b style=""color: #111;"">Explicació:</b> Les intervencions en generació, transport i distribució requereixen la companyia elèctrica, mentre que al consum final el tall pot fer-se de forma autònoma.</div></div>","T12_-_Installacions","15705"
"<div style=""text-align: left; font-family: -apple-system, sans-serif;""><div style=""font-size: 11px; color: #888; margin-bottom: 6px;"">[T12 - Instal·lacions] Pregunta 194</div><div style=""font-weight: bold; font-size: 16px; margin-bottom: 14px; line-height: 1.4;"">A quin valor poden arribar les tensions en generació, transport i distribució?</div><div style=""font-size: 14px; line-height: 1.6;""><div style=""padding: 5px 0;""><b>A)</b> A 3.000 V.</div><div style=""padding: 5px 0;""><b>B)</b> A 400 V.</div><div style=""padding: 5px 0;""><b>C)</b> A 25.000 V.</div><div style=""padding: 5px 0;""><b>D)</b> A 400.000 V.</div></div></div>","<div style=""text-align: left; font-family: -apple-system, sans-serif;""><div style=""font-weight: bold; font-size: 16px; color: #10b981; margin-bottom: 8px;"">✓ Resposta Correcta: D</div><div style=""font-size: 14px; margin-bottom: 12px; padding: 10px; background: rgba(16,185,129,0.1); border-radius: 6px; border-left: 4px solid #10b981;"">D) A 400.000 V.</div><hr style=""border: 0; border-top: 1px solid #ddd; margin: 12px 0;""><div style=""font-size: 13px; color: #444; line-height: 1.4;""><b style=""color: #111;"">Explicació:</b> En aquestes etapes de la xarxa les tensions poden arribar fins als 400.000 V.</div></div>","T12_-_Installacions","15698"
"<div style=""text-align: left; font-family: -apple-system, sans-serif;""><div style=""font-size: 11px; color: #888; margin-bottom: 6px;"">[T12 - Instal·lacions] Pregunta 195</div><div style=""font-weight: bold; font-size: 16px; margin-bottom: 14px; line-height: 1.4;"">Quina funció tenen les reixetes de ventilació en un local amb aparells de gas?</div><div style=""font-size: 14px; line-height: 1.6;""><div style=""padding: 5px 0;""><b>A)</b> Regular la pressió del gas.</div><div style=""padding: 5px 0;""><b>B)</b> Refredar els conductes de gas.</div><div style=""padding: 5px 0;""><b>C)</b> Renovar l’aire i afavorir una combustió correcta.</div><div style=""padding: 5px 0;""><b>D)</b> Mesurar el cabal de combustió.</div></div></div>","<div style=""text-align: left; font-family: -apple-system, sans-serif;""><div style=""font-weight: bold; font-size: 16px; color: #10b981; margin-bottom: 8px;"">✓ Resposta Correcta: C</div><div style=""font-size: 14px; margin-bottom: 12px; padding: 10px; background: rgba(16,185,129,0.1); border-radius: 6px; border-left: 4px solid #10b981;"">C) Renovar l’aire i afavorir una combustió correcta.</div><hr style=""border: 0; border-top: 1px solid #ddd; margin: 12px 0;""><div style=""font-size: 13px; color: #444; line-height: 1.4;""><b style=""color: #111;"">Explicació:</b> L’entrada d’aire exterior ajuda a garantir una combustió adequada.</div></div>","T12_-_Installacions","16289"
"<div style=""text-align: left; font-family: -apple-system, sans-serif;""><div style=""font-size: 11px; color: #888; margin-bottom: 6px;"">[T12 - Instal·lacions] Pregunta 196</div><div style=""font-weight: bold; font-size: 16px; margin-bottom: 14px; line-height: 1.4;"">De quin material poden ser les conduccions d’una escomesa de sanejament?</div><div style=""font-size: 14px; line-height: 1.6;""><div style=""padding: 5px 0;""><b>A)</b> De polietilè o alumini.</div><div style=""padding: 5px 0;""><b>B)</b> De PVC o formigó.</div><div style=""padding: 5px 0;""><b>C)</b> De coure o acer.</div><div style=""padding: 5px 0;""><b>D)</b> De PVC o coure.</div></div></div>","<div style=""text-align: left; font-family: -apple-system, sans-serif;""><div style=""font-weight: bold; font-size: 16px; color: #10b981; margin-bottom: 8px;"">✓ Resposta Correcta: B</div><div style=""font-size: 14px; margin-bottom: 12px; padding: 10px; background: rgba(16,185,129,0.1); border-radius: 6px; border-left: 4px solid #10b981;"">B) De PVC o formigó.</div><hr style=""border: 0; border-top: 1px solid #ddd; margin: 12px 0;""><div style=""font-size: 13px; color: #444; line-height: 1.4;""><b style=""color: #111;"">Explicació:</b> Les conduccions indicades per a l’escomesa són habitualment de PVC o de formigó.</div></div>","T12_-_Installacions","16178"
"<div style=""text-align: left; font-family: -apple-system, sans-serif;""><div style=""font-size: 11px; color: #888; margin-bottom: 6px;"">[T12 - Instal·lacions] Pregunta 197</div><div style=""font-weight: bold; font-size: 16px; margin-bottom: 14px; line-height: 1.4;"">Quina funció té la centralització de comptadors?</div><div style=""font-size: 14px; line-height: 1.6;""><div style=""padding: 5px 0;""><b>A)</b> Connectar les masses metàl·liques dels receptors a la presa de terra.</div><div style=""padding: 5px 0;""><b>B)</b> Transformar la tensió de la xarxa fins als 400 V trifàsics.</div><div style=""padding: 5px 0;""><b>C)</b> Agrupar les unitats necessàries per protegir, mesurar i distribuir els subministraments.</div><div style=""padding: 5px 0;""><b>D)</b> Protegir individualment els circuits interiors contra sobrecàrregues.</div></div></div>","<div style=""text-align: left; font-family: -apple-system, sans-serif;""><div style=""font-weight: bold; font-size: 16px; color: #10b981; margin-bottom: 8px;"">✓ Resposta Correcta: C</div><div style=""font-size: 14px; margin-bottom: 12px; padding: 10px; background: rgba(16,185,129,0.1); border-radius: 6px; border-left: 4px solid #10b981;"">C) Agrupar les unitats necessàries per protegir, mesurar i distribuir els subministraments.</div><hr style=""border: 0; border-top: 1px solid #ddd; margin: 12px 0;""><div style=""font-size: 13px; color: #444; line-height: 1.4;""><b style=""color: #111;"">Explicació:</b> La centralització reuneix els elements funcionals de protecció, mesura i distribució dels diferents subministraments.</div></div>","T12_-_Installacions","15879"
"<div style=""text-align: left; font-family: -apple-system, sans-serif;""><div style=""font-size: 11px; color: #888; margin-bottom: 6px;"">[T12 - Instal·lacions] Pregunta 198</div><div style=""font-weight: bold; font-size: 16px; margin-bottom: 14px; line-height: 1.4;"">Quins equips complementen els transformadors en una subestació?</div><div style=""font-size: 14px; line-height: 1.6;""><div style=""padding: 5px 0;""><b>A)</b> Turbines de gas i turbines de vapor.</div><div style=""padding: 5px 0;""><b>B)</b> Bateries d’autoconsum i panells fotovoltaics.</div><div style=""padding: 5px 0;""><b>C)</b> Motors de combustió i aerogeneradors.</div><div style=""padding: 5px 0;""><b>D)</b> Aparells de mesura i de protecció.</div></div></div>","<div style=""text-align: left; font-family: -apple-system, sans-serif;""><div style=""font-weight: bold; font-size: 16px; color: #10b981; margin-bottom: 8px;"">✓ Resposta Correcta: D</div><div style=""font-size: 14px; margin-bottom: 12px; padding: 10px; background: rgba(16,185,129,0.1); border-radius: 6px; border-left: 4px solid #10b981;"">D) Aparells de mesura i de protecció.</div><hr style=""border: 0; border-top: 1px solid #ddd; margin: 12px 0;""><div style=""font-size: 13px; color: #444; line-height: 1.4;""><b style=""color: #111;"">Explicació:</b> Les subestacions incorporen equips que mesuren magnituds i protegeixen la instal·lació.</div></div>","T12_-_Installacions","15841"
"<div style=""text-align: left; font-family: -apple-system, sans-serif;""><div style=""font-size: 11px; color: #888; margin-bottom: 6px;"">[T12 - Instal·lacions] Pregunta 199</div><div style=""font-weight: bold; font-size: 16px; margin-bottom: 14px; line-height: 1.4;"">Quina protecció han d’incorporar els tubs flexibles de gas d’aparells mòbils?</div><div style=""font-size: 14px; line-height: 1.6;""><div style=""padding: 5px 0;""><b>A)</b> Alarma acústica de baixa pressió.</div><div style=""padding: 5px 0;""><b>B)</b> Regulació automàtica del cabal.</div><div style=""padding: 5px 0;""><b>C)</b> Tancament automàtic si es desconnecten.</div><div style=""padding: 5px 0;""><b>D)</b> Purga automàtica del conducte.</div></div></div>","<div style=""text-align: left; font-family: -apple-system, sans-serif;""><div style=""font-weight: bold; font-size: 16px; color: #10b981; margin-bottom: 8px;"">✓ Resposta Correcta: C</div><div style=""font-size: 14px; margin-bottom: 12px; padding: 10px; background: rgba(16,185,129,0.1); border-radius: 6px; border-left: 4px solid #10b981;"">C) Tancament automàtic si es desconnecten.</div><hr style=""border: 0; border-top: 1px solid #ddd; margin: 12px 0;""><div style=""font-size: 13px; color: #444; line-height: 1.4;""><b style=""color: #111;"">Explicació:</b> El sistema ha d’interrompre el pas de gas si el tub es desprèn.</div></div>","T12_-_Installacions","16262"
"<div style=""text-align: left; font-family: -apple-system, sans-serif;""><div style=""font-size: 11px; color: #888; margin-bottom: 6px;"">[T12 - Instal·lacions] Pregunta 200</div><div style=""font-weight: bold; font-size: 16px; margin-bottom: 14px; line-height: 1.4;"">Quina funció han de permetre els comptadors divisionaris d’aigua?</div><div style=""font-size: 14px; line-height: 1.6;""><div style=""padding: 5px 0;""><b>A)</b> Tall remot del ramal.</div><div style=""padding: 5px 0;""><b>B)</b> Lectura a distància.</div><div style=""padding: 5px 0;""><b>C)</b> Regulació del cabal.</div><div style=""padding: 5px 0;""><b>D)</b> Purga del muntant.</div></div></div>","<div style=""text-align: left; font-family: -apple-system, sans-serif;""><div style=""font-weight: bold; font-size: 16px; color: #10b981; margin-bottom: 8px;"">✓ Resposta Correcta: B</div><div style=""font-size: 14px; margin-bottom: 12px; padding: 10px; background: rgba(16,185,129,0.1); border-radius: 6px; border-left: 4px solid #10b981;"">B) Lectura a distància.</div><hr style=""border: 0; border-top: 1px solid #ddd; margin: 12px 0;""><div style=""font-size: 13px; color: #444; line-height: 1.4;""><b style=""color: #111;"">Explicació:</b> El contingut indica que han de permetre lectura remota.</div></div>","T12_-_Installacions","16141"
"<div style=""text-align: left; font-family: -apple-system, sans-serif;""><div style=""font-size: 11px; color: #888; margin-bottom: 6px;"">[T12 - Instal·lacions] Pregunta 201</div><div style=""font-weight: bold; font-size: 16px; margin-bottom: 14px; line-height: 1.4;"">Quina característica visual és habitual en una eina dielèctrica?</div><div style=""font-size: 14px; line-height: 1.6;""><div style=""padding: 5px 0;""><b>A)</b> Un mànec parcialment recobert de goma sense cap indicació de tensió.</div><div style=""padding: 5px 0;""><b>B)</b> Un recobriment plàstic decoratiu.</div><div style=""padding: 5px 0;""><b>C)</b> Una empunyadura metàl·lica amb una franja de color que identifica la fase.</div><div style=""padding: 5px 0;""><b>D)</b> El mànec completament recobert d’aïllament i amb marcatges de classe o tensió.</div></div></div>","<div style=""text-align: left; font-family: -apple-system, sans-serif;""><div style=""font-weight: bold; font-size: 16px; color: #10b981; margin-bottom: 8px;"">✓ Resposta Correcta: D</div><div style=""font-size: 14px; margin-bottom: 12px; padding: 10px; background: rgba(16,185,129,0.1); border-radius: 6px; border-left: 4px solid #10b981;"">D) El mànec completament recobert d’aïllament i amb marcatges de classe o tensió.</div><hr style=""border: 0; border-top: 1px solid #ddd; margin: 12px 0;""><div style=""font-size: 13px; color: #444; line-height: 1.4;""><b style=""color: #111;"">Explicació:</b> El marcatge i el recobriment permeten diferenciar una eina dielèctrica d’una eina convencional.</div></div>","T12_-_Installacions","16082"
"<div style=""text-align: left; font-family: -apple-system, sans-serif;""><div style=""font-size: 11px; color: #888; margin-bottom: 6px;"">[T12 - Instal·lacions] Pregunta 202</div><div style=""font-weight: bold; font-size: 16px; margin-bottom: 14px; line-height: 1.4;"">Què han de tenir les conduccions de sanejament per funcionar correctament?</div><div style=""font-size: 14px; line-height: 1.6;""><div style=""padding: 5px 0;""><b>A)</b> Diàmetre constant i pendent nul.</div><div style=""padding: 5px 0;""><b>B)</b> Aïllament i pressió elevats.</div><div style=""padding: 5px 0;""><b>C)</b> Pendent i diàmetre adequats.</div><div style=""padding: 5px 0;""><b>D)</b> Pressió i cabal constants.</div></div></div>","<div style=""text-align: left; font-family: -apple-system, sans-serif;""><div style=""font-weight: bold; font-size: 16px; color: #10b981; margin-bottom: 8px;"">✓ Resposta Correcta: C</div><div style=""font-size: 14px; margin-bottom: 12px; padding: 10px; background: rgba(16,185,129,0.1); border-radius: 6px; border-left: 4px solid #10b981;"">C) Pendent i diàmetre adequats.</div><hr style=""border: 0; border-top: 1px solid #ddd; margin: 12px 0;""><div style=""font-size: 13px; color: #444; line-height: 1.4;""><b style=""color: #111;"">Explicació:</b> La capacitat d’evacuació depèn especialment del diàmetre i del pendent.</div></div>","T12_-_Installacions","16179"
"<div style=""text-align: left; font-family: -apple-system, sans-serif;""><div style=""font-size: 11px; color: #888; margin-bottom: 6px;"">[T12 - Instal·lacions] Pregunta 203</div><div style=""font-weight: bold; font-size: 16px; margin-bottom: 14px; line-height: 1.4;"">Què es pot fer a partir d’una mateixa línia general d’alimentació (LGA)?</div><div style=""font-size: 14px; line-height: 1.6;""><div style=""padding: 5px 0;""><b>A)</b> Crear derivacions individuals directes cap als circuits interiors de cada usuari.</div><div style=""padding: 5px 0;""><b>B)</b> Fer derivacions per alimentar diferents centralitzacions de comptadors.</div><div style=""padding: 5px 0;""><b>C)</b> Connectar els conductors de protecció de cada usuari al neutre de la xarxa.</div><div style=""padding: 5px 0;""><b>D)</b> Separar directament les tres fases en PIAs de cada habitatge.</div></div></div>","<div style=""text-align: left; font-family: -apple-system, sans-serif;""><div style=""font-weight: bold; font-size: 16px; color: #10b981; margin-bottom: 8px;"">✓ Resposta Correcta: B</div><div style=""font-size: 14px; margin-bottom: 12px; padding: 10px; background: rgba(16,185,129,0.1); border-radius: 6px; border-left: 4px solid #10b981;"">B) Fer derivacions per alimentar diferents centralitzacions de comptadors.</div><hr style=""border: 0; border-top: 1px solid #ddd; margin: 12px 0;""><div style=""font-size: 13px; color: #444; line-height: 1.4;""><b style=""color: #111;"">Explicació:</b> Una mateixa LGA pot ramificar-se per alimentar més d’una centralització de comptadors.</div></div>","T12_-_Installacions","15878"
"<div style=""text-align: left; font-family: -apple-system, sans-serif;""><div style=""font-size: 11px; color: #888; margin-bottom: 6px;"">[T12 - Instal·lacions] Pregunta 204</div><div style=""font-weight: bold; font-size: 16px; margin-bottom: 14px; line-height: 1.4;"">Quin és un avantatge principal dels fusibles?</div><div style=""font-size: 14px; line-height: 1.6;""><div style=""padding: 5px 0;""><b>A)</b> La detecció directa de corrents de fuga a terra.</div><div style=""padding: 5px 0;""><b>B)</b> El baix cost i la simplicitat.</div><div style=""padding: 5px 0;""><b>C)</b> La regulació automàtica de la potència contractada.</div><div style=""padding: 5px 0;""><b>D)</b> La possibilitat de rearmament il·limitat.</div></div></div>","<div style=""text-align: left; font-family: -apple-system, sans-serif;""><div style=""font-weight: bold; font-size: 16px; color: #10b981; margin-bottom: 8px;"">✓ Resposta Correcta: B</div><div style=""font-size: 14px; margin-bottom: 12px; padding: 10px; background: rgba(16,185,129,0.1); border-radius: 6px; border-left: 4px solid #10b981;"">B) El baix cost i la simplicitat.</div><hr style=""border: 0; border-top: 1px solid #ddd; margin: 12px 0;""><div style=""font-size: 13px; color: #444; line-height: 1.4;""><b style=""color: #111;"">Explicació:</b> La seva construcció senzilla fa que siguin econòmics i fàcils d’aplicar.</div></div>","T12_-_Installacions","15938"
"<div style=""text-align: left; font-family: -apple-system, sans-serif;""><div style=""font-size: 11px; color: #888; margin-bottom: 6px;"">[T12 - Instal·lacions] Pregunta 205</div><div style=""font-weight: bold; font-size: 16px; margin-bottom: 14px; line-height: 1.4;"">En una instal·lació d’un únic usuari amb CPM, quin recorregut fa la derivació individual?</div><div style=""font-size: 14px; line-height: 1.6;""><div style=""padding: 5px 0;""><b>A)</b> Des de la CGP fins a la centralització de comptadors.</div><div style=""padding: 5px 0;""><b>B)</b> Des de l’embarrat general fins a la línia general d’alimentació.</div><div style=""padding: 5px 0;""><b>C)</b> Des de la CPM fins als dispositius generals de comandament i protecció de l’usuari.</div><div style=""padding: 5px 0;""><b>D)</b> Des del centre de transformació fins a la caixa general de protecció.</div></div></div>","<div style=""text-align: left; font-family: -apple-system, sans-serif;""><div style=""font-weight: bold; font-size: 16px; color: #10b981; margin-bottom: 8px;"">✓ Resposta Correcta: C</div><div style=""font-size: 14px; margin-bottom: 12px; padding: 10px; background: rgba(16,185,129,0.1); border-radius: 6px; border-left: 4px solid #10b981;"">C) Des de la CPM fins als dispositius generals de comandament i protecció de l’usuari.</div><hr style=""border: 0; border-top: 1px solid #ddd; margin: 12px 0;""><div style=""font-size: 13px; color: #444; line-height: 1.4;""><b style=""color: #111;"">Explicació:</b> En aquesta configuració, la derivació individual surt directament de la CPM i arriba al quadre general de l’usuari.</div></div>","T12_-_Installacions","15893"
"<div style=""text-align: left; font-family: -apple-system, sans-serif;""><div style=""font-size: 11px; color: #888; margin-bottom: 6px;"">[T12 - Instal·lacions] Pregunta 206</div><div style=""font-weight: bold; font-size: 16px; margin-bottom: 14px; line-height: 1.4;"">Quin tram d’aigua queda abans del distribuïdor principal?</div><div style=""font-size: 14px; line-height: 1.6;""><div style=""padding: 5px 0;""><b>A)</b> Les derivacions particulars.</div><div style=""padding: 5px 0;""><b>B)</b> Els muntants.</div><div style=""padding: 5px 0;""><b>C)</b> Els tubs d’alimentació.</div><div style=""padding: 5px 0;""><b>D)</b> Els comptadors divisionaris.</div></div></div>","<div style=""text-align: left; font-family: -apple-system, sans-serif;""><div style=""font-weight: bold; font-size: 16px; color: #10b981; margin-bottom: 8px;"">✓ Resposta Correcta: C</div><div style=""font-size: 14px; margin-bottom: 12px; padding: 10px; background: rgba(16,185,129,0.1); border-radius: 6px; border-left: 4px solid #10b981;"">C) Els tubs d’alimentació.</div><hr style=""border: 0; border-top: 1px solid #ddd; margin: 12px 0;""><div style=""font-size: 13px; color: #444; line-height: 1.4;""><b style=""color: #111;"">Explicació:</b> Els tubs d’alimentació condueixen l’aigua fins al distribuïdor.</div></div>","T12_-_Installacions","16124"
"<div style=""text-align: left; font-family: -apple-system, sans-serif;""><div style=""font-size: 11px; color: #888; margin-bottom: 6px;"">[T12 - Instal·lacions] Pregunta 207</div><div style=""font-weight: bold; font-size: 16px; margin-bottom: 14px; line-height: 1.4;"">Quina alçada mínima han de tenir les sortides de ventilació del clavegueram?</div><div style=""font-size: 14px; line-height: 1.6;""><div style=""padding: 5px 0;""><b>A)</b> 12 m.</div><div style=""padding: 5px 0;""><b>B)</b> 6 m.</div><div style=""padding: 5px 0;""><b>C)</b> 9 m.</div><div style=""padding: 5px 0;""><b>D)</b> 15 m.</div></div></div>","<div style=""text-align: left; font-family: -apple-system, sans-serif;""><div style=""font-weight: bold; font-size: 16px; color: #10b981; margin-bottom: 8px;"">✓ Resposta Correcta: C</div><div style=""font-size: 14px; margin-bottom: 12px; padding: 10px; background: rgba(16,185,129,0.1); border-radius: 6px; border-left: 4px solid #10b981;"">C) 9 m.</div><hr style=""border: 0; border-top: 1px solid #ddd; margin: 12px 0;""><div style=""font-size: 13px; color: #444; line-height: 1.4;""><b style=""color: #111;"">Explicació:</b> Les sortides s’han de situar a una alçada mínima de 9 metres.</div></div>","T12_-_Installacions","16174"
"<div style=""text-align: left; font-family: -apple-system, sans-serif;""><div style=""font-size: 11px; color: #888; margin-bottom: 6px;"">[T12 - Instal·lacions] Pregunta 208</div><div style=""font-weight: bold; font-size: 16px; margin-bottom: 14px; line-height: 1.4;"">Com són les centrals de fons respecte de l’estabilitat i la flexibilitat?</div><div style=""font-size: 14px; line-height: 1.6;""><div style=""padding: 5px 0;""><b>A)</b> Són poc estables i poc adequades per treballar de forma contínua.</div><div style=""padding: 5px 0;""><b>B)</b> Són molt estables i molt flexibles.</div><div style=""padding: 5px 0;""><b>C)</b> Són poc estables però molt flexibles.</div><div style=""padding: 5px 0;""><b>D)</b> Són molt estables però poc flexibles.</div></div></div>","<div style=""text-align: left; font-family: -apple-system, sans-serif;""><div style=""font-weight: bold; font-size: 16px; color: #10b981; margin-bottom: 8px;"">✓ Resposta Correcta: D</div><div style=""font-size: 14px; margin-bottom: 12px; padding: 10px; background: rgba(16,185,129,0.1); border-radius: 6px; border-left: 4px solid #10b981;"">D) Són molt estables però poc flexibles.</div><hr style=""border: 0; border-top: 1px solid #ddd; margin: 12px 0;""><div style=""font-size: 13px; color: #444; line-height: 1.4;""><b style=""color: #111;"">Explicació:</b> Les centrals de fons estan pensades per treballar de manera estable, no per canviar ràpidament de potència.</div></div>","T12_-_Installacions","15783"
"<div style=""text-align: left; font-family: -apple-system, sans-serif;""><div style=""font-size: 11px; color: #888; margin-bottom: 6px;"">[T12 - Instal·lacions] Pregunta 209</div><div style=""font-weight: bold; font-size: 16px; margin-bottom: 14px; line-height: 1.4;"">On s’utilitza principalment l’acer en xarxes de gas?</div><div style=""font-size: 14px; line-height: 1.6;""><div style=""padding: 5px 0;""><b>A)</b> En connexions flexibles de bombona.</div><div style=""padding: 5px 0;""><b>B)</b> En transport i distribució a mitjana o alta pressió.</div><div style=""padding: 5px 0;""><b>C)</b> En interiors domèstics a baixa pressió.</div><div style=""padding: 5px 0;""><b>D)</b> En derivacions interiors encastades.</div></div></div>","<div style=""text-align: left; font-family: -apple-system, sans-serif;""><div style=""font-weight: bold; font-size: 16px; color: #10b981; margin-bottom: 8px;"">✓ Resposta Correcta: B</div><div style=""font-size: 14px; margin-bottom: 12px; padding: 10px; background: rgba(16,185,129,0.1); border-radius: 6px; border-left: 4px solid #10b981;"">B) En transport i distribució a mitjana o alta pressió.</div><hr style=""border: 0; border-top: 1px solid #ddd; margin: 12px 0;""><div style=""font-size: 13px; color: #444; line-height: 1.4;""><b style=""color: #111;"">Explicació:</b> L’acer s’empra especialment en transport i distribució a pressions mitjanes o altes.</div></div>","T12_-_Installacions","16225"
"<div style=""text-align: left; font-family: -apple-system, sans-serif;""><div style=""font-size: 11px; color: #888; margin-bottom: 6px;"">[T12 - Instal·lacions] Pregunta 210</div><div style=""font-weight: bold; font-size: 16px; margin-bottom: 14px; line-height: 1.4;"">Quina és la primera acció davant la presència d’electricitat?</div><div style=""font-size: 14px; line-height: 1.6;""><div style=""padding: 5px 0;""><b>A)</b> Posar-se guants de protecció i acostar-se fins a poder llegir la tensió.</div><div style=""padding: 5px 0;""><b>B)</b> Tocar l’element amb una eina aïllada per confirmar si està energitzat.</div><div style=""padding: 5px 0;""><b>C)</b> Evitar el contacte i mantenir una distància de seguretat.</div><div style=""padding: 5px 0;""><b>D)</b> Comprovar la intensitat del circuit abans d’allunyar-se.</div></div></div>","<div style=""text-align: left; font-family: -apple-system, sans-serif;""><div style=""font-weight: bold; font-size: 16px; color: #10b981; margin-bottom: 8px;"">✓ Resposta Correcta: C</div><div style=""font-size: 14px; margin-bottom: 12px; padding: 10px; background: rgba(16,185,129,0.1); border-radius: 6px; border-left: 4px solid #10b981;"">C) Evitar el contacte i mantenir una distància de seguretat.</div><hr style=""border: 0; border-top: 1px solid #ddd; margin: 12px 0;""><div style=""font-size: 13px; color: #444; line-height: 1.4;""><b style=""color: #111;"">Explicació:</b> La prevenció inicial consisteix a no entrar en contacte amb l’element potencialment energitzat.</div></div>","T12_-_Installacions","16073"
"<div style=""text-align: left; font-family: -apple-system, sans-serif;""><div style=""font-size: 11px; color: #888; margin-bottom: 6px;"">[T12 - Instal·lacions] Pregunta 211</div><div style=""font-weight: bold; font-size: 16px; margin-bottom: 14px; line-height: 1.4;"">A quines distàncies s’utilitza habitualment la xarxa de mitjana tensió?</div><div style=""font-size: 14px; line-height: 1.6;""><div style=""padding: 5px 0;""><b>A)</b> A distàncies internes de central.</div><div style=""padding: 5px 0;""><b>B)</b> A grans distàncies de transport.</div><div style=""padding: 5px 0;""><b>C)</b> A mitjanes distàncies.</div><div style=""padding: 5px 0;""><b>D)</b> A distàncies locals i curtes.</div></div></div>","<div style=""text-align: left; font-family: -apple-system, sans-serif;""><div style=""font-weight: bold; font-size: 16px; color: #10b981; margin-bottom: 8px;"">✓ Resposta Correcta: C</div><div style=""font-size: 14px; margin-bottom: 12px; padding: 10px; background: rgba(16,185,129,0.1); border-radius: 6px; border-left: 4px solid #10b981;"">C) A mitjanes distàncies.</div><hr style=""border: 0; border-top: 1px solid #ddd; margin: 12px 0;""><div style=""font-size: 13px; color: #444; line-height: 1.4;""><b style=""color: #111;"">Explicació:</b> La mitjana tensió és pròpia de la distribució a distàncies intermèdies.</div></div>","T12_-_Installacions","15810"
"<div style=""text-align: left; font-family: -apple-system, sans-serif;""><div style=""font-size: 11px; color: #888; margin-bottom: 6px;"">[T12 - Instal·lacions] Pregunta 212</div><div style=""font-weight: bold; font-size: 16px; margin-bottom: 14px; line-height: 1.4;"">Quin equip de generació addicional pot incorporar una instal·lació fotovoltaica aïllada amb acumulació?</div><div style=""font-size: 14px; line-height: 1.6;""><div style=""padding: 5px 0;""><b>A)</b> Un quadre elèctric.</div><div style=""padding: 5px 0;""><b>B)</b> Un grup electrogen.</div><div style=""padding: 5px 0;""><b>C)</b> Un inversor.</div><div style=""padding: 5px 0;""><b>D)</b> Un banc de bateries.</div></div></div>","<div style=""text-align: left; font-family: -apple-system, sans-serif;""><div style=""font-weight: bold; font-size: 16px; color: #10b981; margin-bottom: 8px;"">✓ Resposta Correcta: B</div><div style=""font-size: 14px; margin-bottom: 12px; padding: 10px; background: rgba(16,185,129,0.1); border-radius: 6px; border-left: 4px solid #10b981;"">B) Un grup electrogen.</div><hr style=""border: 0; border-top: 1px solid #ddd; margin: 12px 0;""><div style=""font-size: 13px; color: #444; line-height: 1.4;""><b style=""color: #111;"">Explicació:</b> Les instal·lacions fotovoltaiques aïllades amb acumulació poden incorporar grups electrògens com a suport.</div></div>","T12_-_Installacions","15714"
"<div style=""text-align: left; font-family: -apple-system, sans-serif;""><div style=""font-size: 11px; color: #888; margin-bottom: 6px;"">[T12 - Instal·lacions] Pregunta 213</div><div style=""font-weight: bold; font-size: 16px; margin-bottom: 14px; line-height: 1.4;"">Com són habitualment les unions d’acer galvanitzat en instal·lacions de gas?</div><div style=""font-size: 14px; line-height: 1.6;""><div style=""padding: 5px 0;""><b>A)</b> Termofusionades.</div><div style=""padding: 5px 0;""><b>B)</b> Soldades capil·larment.</div><div style=""padding: 5px 0;""><b>C)</b> Roscades.</div><div style=""padding: 5px 0;""><b>D)</b> Electrofusionades.</div></div></div>","<div style=""text-align: left; font-family: -apple-system, sans-serif;""><div style=""font-weight: bold; font-size: 16px; color: #10b981; margin-bottom: 8px;"">✓ Resposta Correcta: C</div><div style=""font-size: 14px; margin-bottom: 12px; padding: 10px; background: rgba(16,185,129,0.1); border-radius: 6px; border-left: 4px solid #10b981;"">C) Roscades.</div><hr style=""border: 0; border-top: 1px solid #ddd; margin: 12px 0;""><div style=""font-size: 13px; color: #444; line-height: 1.4;""><b style=""color: #111;"">Explicació:</b> Les unions d’acer galvanitzat són habitualment roscades.</div></div>","T12_-_Installacions","16233"
"<div style=""text-align: left; font-family: -apple-system, sans-serif;""><div style=""font-size: 11px; color: #888; margin-bottom: 6px;"">[T12 - Instal·lacions] Pregunta 214</div><div style=""font-weight: bold; font-size: 16px; margin-bottom: 14px; line-height: 1.4;"">Per què es connecta a terra el neutre en un centre de transformació?</div><div style=""font-size: 14px; line-height: 1.6;""><div style=""padding: 5px 0;""><b>A)</b> Per elevar la tensió entre fases.</div><div style=""padding: 5px 0;""><b>B)</b> Per substituir els conductors de protecció.</div><div style=""padding: 5px 0;""><b>C)</b> Per separar la xarxa trifàsica en circuits monofàsics.</div><div style=""padding: 5px 0;""><b>D)</b> Per garantir una referència de les tensions.</div></div></div>","<div style=""text-align: left; font-family: -apple-system, sans-serif;""><div style=""font-weight: bold; font-size: 16px; color: #10b981; margin-bottom: 8px;"">✓ Resposta Correcta: D</div><div style=""font-size: 14px; margin-bottom: 12px; padding: 10px; background: rgba(16,185,129,0.1); border-radius: 6px; border-left: 4px solid #10b981;"">D) Per garantir una referència de les tensions.</div><hr style=""border: 0; border-top: 1px solid #ddd; margin: 12px 0;""><div style=""font-size: 13px; color: #444; line-height: 1.4;""><b style=""color: #111;"">Explicació:</b> La connexió del neutre a terra estableix una referència de tensió per al sistema.</div></div>","T12_-_Installacions","15851"
"<div style=""text-align: left; font-family: -apple-system, sans-serif;""><div style=""font-size: 11px; color: #888; margin-bottom: 6px;"">[T12 - Instal·lacions] Pregunta 215</div><div style=""font-weight: bold; font-size: 16px; margin-bottom: 14px; line-height: 1.4;"">Quina combinació inclou exemples de centrals de punta?</div><div style=""font-size: 14px; line-height: 1.6;""><div style=""padding: 5px 0;""><b>A)</b> Centrals nuclears i instal·lacions fotovoltaiques.</div><div style=""padding: 5px 0;""><b>B)</b> Subestacions elevadores i centrals de cogeneració.</div><div style=""padding: 5px 0;""><b>C)</b> Algunes centrals hidràuliques i motors de combustió interna.</div><div style=""padding: 5px 0;""><b>D)</b> Xarxes de transport i centrals solars tèrmiques.</div></div></div>","<div style=""text-align: left; font-family: -apple-system, sans-serif;""><div style=""font-weight: bold; font-size: 16px; color: #10b981; margin-bottom: 8px;"">✓ Resposta Correcta: C</div><div style=""font-size: 14px; margin-bottom: 12px; padding: 10px; background: rgba(16,185,129,0.1); border-radius: 6px; border-left: 4px solid #10b981;"">C) Algunes centrals hidràuliques i motors de combustió interna.</div><hr style=""border: 0; border-top: 1px solid #ddd; margin: 12px 0;""><div style=""font-size: 13px; color: #444; line-height: 1.4;""><b style=""color: #111;"">Explicació:</b> Algunes hidràuliques i els motors de combustió interna poden donar una resposta ràpida als pics de consum.</div></div>","T12_-_Installacions","15788"
"<div style=""text-align: left; font-family: -apple-system, sans-serif;""><div style=""font-size: 11px; color: #888; margin-bottom: 6px;"">[T12 - Instal·lacions] Pregunta 216</div><div style=""font-weight: bold; font-size: 16px; margin-bottom: 14px; line-height: 1.4;"">Què afavoreix el corrent d’aire en la ventilació del clavegueram?</div><div style=""font-size: 14px; line-height: 1.6;""><div style=""padding: 5px 0;""><b>A)</b> La diferència de diàmetre entre baixants.</div><div style=""padding: 5px 0;""><b>B)</b> La diferència de temperatura entre l’interior del col·lector i l’exterior.</div><div style=""padding: 5px 0;""><b>C)</b> La velocitat del trànsit sobre els col·lectors.</div><div style=""padding: 5px 0;""><b>D)</b> La pressió de la xarxa d’aigua potable.</div></div></div>","<div style=""text-align: left; font-family: -apple-system, sans-serif;""><div style=""font-weight: bold; font-size: 16px; color: #10b981; margin-bottom: 8px;"">✓ Resposta Correcta: B</div><div style=""font-size: 14px; margin-bottom: 12px; padding: 10px; background: rgba(16,185,129,0.1); border-radius: 6px; border-left: 4px solid #10b981;"">B) La diferència de temperatura entre l’interior del col·lector i l’exterior.</div><hr style=""border: 0; border-top: 1px solid #ddd; margin: 12px 0;""><div style=""font-size: 13px; color: #444; line-height: 1.4;""><b style=""color: #111;"">Explicació:</b> La diferència tèrmica contribueix al moviment natural de l’aire.</div></div>","T12_-_Installacions","16172"
"<div style=""text-align: left; font-family: -apple-system, sans-serif;""><div style=""font-size: 11px; color: #888; margin-bottom: 6px;"">[T12 - Instal·lacions] Pregunta 217</div><div style=""font-weight: bold; font-size: 16px; margin-bottom: 14px; line-height: 1.4;"">Quina forma presenta habitualment la flama d’un cremador atmosfèric domèstic?</div><div style=""font-size: 14px; line-height: 1.6;""><div style=""padding: 5px 0;""><b>A)</b> Llarga i blava.</div><div style=""padding: 5px 0;""><b>B)</b> Llarga i groga.</div><div style=""padding: 5px 0;""><b>C)</b> Curta i vermella.</div><div style=""padding: 5px 0;""><b>D)</b> Curta i blava.</div></div></div>","<div style=""text-align: left; font-family: -apple-system, sans-serif;""><div style=""font-weight: bold; font-size: 16px; color: #10b981; margin-bottom: 8px;"">✓ Resposta Correcta: D</div><div style=""font-size: 14px; margin-bottom: 12px; padding: 10px; background: rgba(16,185,129,0.1); border-radius: 6px; border-left: 4px solid #10b981;"">D) Curta i blava.</div><hr style=""border: 0; border-top: 1px solid #ddd; margin: 12px 0;""><div style=""font-size: 13px; color: #444; line-height: 1.4;""><b style=""color: #111;"">Explicació:</b> La flama característica és curta, blava i formada per tres cons.</div></div>","T12_-_Installacions","18886"
"<div style=""text-align: left; font-family: -apple-system, sans-serif;""><div style=""font-size: 11px; color: #888; margin-bottom: 6px;"">[T12 - Instal·lacions] Pregunta 218</div><div style=""font-weight: bold; font-size: 16px; margin-bottom: 14px; line-height: 1.4;"">Sobre quins conductors s’ha de verificar l’absència de tensió?</div><div style=""font-size: 14px; line-height: 1.6;""><div style=""padding: 5px 0;""><b>A)</b> Sobre les fases actives, sense necessitat de comprovar el neutre.</div><div style=""padding: 5px 0;""><b>B)</b> Sobre totes les fases i el neutre.</div><div style=""padding: 5px 0;""><b>C)</b> Sobre una sola fase si totes depenen del mateix dispositiu de tall.</div><div style=""padding: 5px 0;""><b>D)</b> Sobre el neutre i el conductor de protecció, sense comprovar totes les fases.</div></div></div>","<div style=""text-align: left; font-family: -apple-system, sans-serif;""><div style=""font-weight: bold; font-size: 16px; color: #10b981; margin-bottom: 8px;"">✓ Resposta Correcta: B</div><div style=""font-size: 14px; margin-bottom: 12px; padding: 10px; background: rgba(16,185,129,0.1); border-radius: 6px; border-left: 4px solid #10b981;"">B) Sobre totes les fases i el neutre.</div><hr style=""border: 0; border-top: 1px solid #ddd; margin: 12px 0;""><div style=""font-size: 13px; color: #444; line-height: 1.4;""><b style=""color: #111;"">Explicació:</b> La comprovació ha d’incloure tots els conductors actius que poden presentar tensió.</div></div>","T12_-_Installacions","16062"
"<div style=""text-align: left; font-family: -apple-system, sans-serif;""><div style=""font-size: 11px; color: #888; margin-bottom: 6px;"">[T12 - Instal·lacions] Pregunta 219</div><div style=""font-weight: bold; font-size: 16px; margin-bottom: 14px; line-height: 1.4;"">Quina és la funció principal de la xarxa de transport?</div><div style=""font-size: 14px; line-height: 1.6;""><div style=""padding: 5px 0;""><b>A)</b> Connectar els receptors finals amb les caixes generals de protecció.</div><div style=""padding: 5px 0;""><b>B)</b> Repartir energia a 230/400 V als punts finals de consum.</div><div style=""padding: 5px 0;""><b>C)</b> Moure grans quantitats d’energia a alta tensió i a grans distàncies.</div><div style=""padding: 5px 0;""><b>D)</b> Moure grans quantitats d’energia a alta intensitat i a grans distàncies.</div></div></div>","<div style=""text-align: left; font-family: -apple-system, sans-serif;""><div style=""font-weight: bold; font-size: 16px; color: #10b981; margin-bottom: 8px;"">✓ Resposta Correcta: C</div><div style=""font-size: 14px; margin-bottom: 12px; padding: 10px; background: rgba(16,185,129,0.1); border-radius: 6px; border-left: 4px solid #10b981;"">C) Moure grans quantitats d’energia a alta tensió i a grans distàncies.</div><hr style=""border: 0; border-top: 1px solid #ddd; margin: 12px 0;""><div style=""font-size: 13px; color: #444; line-height: 1.4;""><b style=""color: #111;"">Explicació:</b> La xarxa de transport trasllada grans potències a alta tensió entre punts allunyats.</div></div>","T12_-_Installacions","15804"
"<div style=""text-align: left; font-family: -apple-system, sans-serif;""><div style=""font-size: 11px; color: #888; margin-bottom: 6px;"">[T12 - Instal·lacions] Pregunta 220</div><div style=""font-weight: bold; font-size: 16px; margin-bottom: 14px; line-height: 1.4;"">Quin paràmetre s’ha de diferenciar en mesurar tensió amb un multímetre?</div><div style=""font-size: 14px; line-height: 1.6;""><div style=""padding: 5px 0;""><b>A)</b> Si la tensió és de corrent altern o de corrent continu.</div><div style=""padding: 5px 0;""><b>B)</b> Si el circuit disposa de diferencial o de magnetotèrmic.</div><div style=""padding: 5px 0;""><b>C)</b> Si el receptor està abans o després del quadre general.</div><div style=""padding: 5px 0;""><b>D)</b> Si el conductor és de fase o de neutre, sense tenir en compte el tipus de corrent.</div></div></div>","<div style=""text-align: left; font-family: -apple-system, sans-serif;""><div style=""font-weight: bold; font-size: 16px; color: #10b981; margin-bottom: 8px;"">✓ Resposta Correcta: A</div><div style=""font-size: 14px; margin-bottom: 12px; padding: 10px; background: rgba(16,185,129,0.1); border-radius: 6px; border-left: 4px solid #10b981;"">A) Si la tensió és de corrent altern o de corrent continu.</div><hr style=""border: 0; border-top: 1px solid #ddd; margin: 12px 0;""><div style=""font-size: 13px; color: #444; line-height: 1.4;""><b style=""color: #111;"">Explicació:</b> La selecció AC/DC és essencial perquè l’instrument interpreti correctament el senyal.</div></div>","T12_-_Installacions","16043"
"<div style=""text-align: left; font-family: -apple-system, sans-serif;""><div style=""font-size: 11px; color: #888; margin-bottom: 6px;"">[T12 - Instal·lacions] Pregunta 221</div><div style=""font-weight: bold; font-size: 16px; margin-bottom: 14px; line-height: 1.4;"">Quina tensió suggereix aproximadament un aïllador format per 20 discos ceràmics?</div><div style=""font-size: 14px; line-height: 1.6;""><div style=""padding: 5px 0;""><b>A)</b> Uns 400 kV.</div><div style=""padding: 5px 0;""><b>B)</b> Uns 220 kV.</div><div style=""padding: 5px 0;""><b>C)</b> Uns 110 kV.</div><div style=""padding: 5px 0;""><b>D)</b> Uns 36 kV.</div></div></div>","<div style=""text-align: left; font-family: -apple-system, sans-serif;""><div style=""font-weight: bold; font-size: 16px; color: #10b981; margin-bottom: 8px;"">✓ Resposta Correcta: B</div><div style=""font-size: 14px; margin-bottom: 12px; padding: 10px; background: rgba(16,185,129,0.1); border-radius: 6px; border-left: 4px solid #10b981;"">B) Uns 220 kV.</div><hr style=""border: 0; border-top: 1px solid #ddd; margin: 12px 0;""><div style=""font-size: 13px; color: #444; line-height: 1.4;""><b style=""color: #111;"">Explicació:</b> Amb l’aproximació d’11 kV per disc, 20 peces corresponen aproximadament a 220 kV.</div></div>","T12_-_Installacions","15825"
"<div style=""text-align: left; font-family: -apple-system, sans-serif;""><div style=""font-size: 11px; color: #888; margin-bottom: 6px;"">[T12 - Instal·lacions] Pregunta 222</div><div style=""font-weight: bold; font-size: 16px; margin-bottom: 14px; line-height: 1.4;"">Quina diferència funcional bàsica hi ha entre un magnetotèrmic i un fusible després d’actuar?</div><div style=""font-size: 14px; line-height: 1.6;""><div style=""padding: 5px 0;""><b>A)</b> El magnetotèrmic s’ha de substituir després de cada actuació.</div><div style=""padding: 5px 0;""><b>B)</b> El magnetotèrmic es rearma substituint el seu element fusible intern.</div><div style=""padding: 5px 0;""><b>C)</b> El magnetotèrmic és reutilitzable i es pot rearmar.</div><div style=""padding: 5px 0;""><b>D)</b> El magnetotèrmic només es pot reutilitzar si no hi ha hagut sobrecàrrega.</div></div></div>","<div style=""text-align: left; font-family: -apple-system, sans-serif;""><div style=""font-weight: bold; font-size: 16px; color: #10b981; margin-bottom: 8px;"">✓ Resposta Correcta: C</div><div style=""font-size: 14px; margin-bottom: 12px; padding: 10px; background: rgba(16,185,129,0.1); border-radius: 6px; border-left: 4px solid #10b981;"">C) El magnetotèrmic és reutilitzable i es pot rearmar.</div><hr style=""border: 0; border-top: 1px solid #ddd; margin: 12px 0;""><div style=""font-size: 13px; color: #444; line-height: 1.4;""><b style=""color: #111;"">Explicació:</b> El magnetotèrmic pot tornar-se a connectar després d’eliminar la causa de la fallada.</div></div>","T12_-_Installacions","15951"
"<div style=""text-align: left; font-family: -apple-system, sans-serif;""><div style=""font-size: 11px; color: #888; margin-bottom: 6px;"">[T12 - Instal·lacions] Pregunta 223</div><div style=""font-weight: bold; font-size: 16px; margin-bottom: 14px; line-height: 1.4;"">Quan una clau de gas té accessibilitat de grau 3?</div><div style=""font-size: 14px; line-height: 1.6;""><div style=""padding: 5px 0;""><b>A)</b> Quan és darrere un panell practicable.</div><div style=""padding: 5px 0;""><b>B)</b> Quan és visible sense obrir cap tancament.</div><div style=""padding: 5px 0;""><b>C)</b> Quan cal una escala, mitjà mecànic o accés difícil.</div><div style=""padding: 5px 0;""><b>D)</b> Quan és dins un armari normalitzat accessible.</div></div></div>","<div style=""text-align: left; font-family: -apple-system, sans-serif;""><div style=""font-weight: bold; font-size: 16px; color: #10b981; margin-bottom: 8px;"">✓ Resposta Correcta: C</div><div style=""font-size: 14px; margin-bottom: 12px; padding: 10px; background: rgba(16,185,129,0.1); border-radius: 6px; border-left: 4px solid #10b981;"">C) Quan cal una escala, mitjà mecànic o accés difícil.</div><hr style=""border: 0; border-top: 1px solid #ddd; margin: 12px 0;""><div style=""font-size: 13px; color: #444; line-height: 1.4;""><b style=""color: #111;"">Explicació:</b> El grau 3 implica una accessibilitat més dificultosa.</div></div>","T12_-_Installacions","16269"
"<div style=""text-align: left; font-family: -apple-system, sans-serif;""><div style=""font-size: 11px; color: #888; margin-bottom: 6px;"">[T12 - Instal·lacions] Pregunta 224</div><div style=""font-weight: bold; font-size: 16px; margin-bottom: 14px; line-height: 1.4;"">On comença la xarxa de distribució de baixa tensió?</div><div style=""font-size: 14px; line-height: 1.6;""><div style=""padding: 5px 0;""><b>A)</b> Als centres de transformació.</div><div style=""padding: 5px 0;""><b>B)</b> A les derivacions individuals.</div><div style=""padding: 5px 0;""><b>C)</b> Als quadres generals de comandament i protecció.</div><div style=""padding: 5px 0;""><b>D)</b> A les centralitzacions de comptadors.</div></div></div>","<div style=""text-align: left; font-family: -apple-system, sans-serif;""><div style=""font-weight: bold; font-size: 16px; color: #10b981; margin-bottom: 8px;"">✓ Resposta Correcta: A</div><div style=""font-size: 14px; margin-bottom: 12px; padding: 10px; background: rgba(16,185,129,0.1); border-radius: 6px; border-left: 4px solid #10b981;"">A) Als centres de transformació.</div><hr style=""border: 0; border-top: 1px solid #ddd; margin: 12px 0;""><div style=""font-size: 13px; color: #444; line-height: 1.4;""><b style=""color: #111;"">Explicació:</b> La distribució en baixa tensió s’inicia als centres de transformació, on es redueix la tensió procedent de la xarxa d’alta tensió.</div></div>","T12_-_Installacions","15846"
"<div style=""text-align: left; font-family: -apple-system, sans-serif;""><div style=""font-size: 11px; color: #888; margin-bottom: 6px;"">[T12 - Instal·lacions] Pregunta 225</div><div style=""font-weight: bold; font-size: 16px; margin-bottom: 14px; line-height: 1.4;"">Quina funció tenen els conductes d’evacuació dels aparells de gas?</div><div style=""font-size: 14px; line-height: 1.6;""><div style=""padding: 5px 0;""><b>A)</b> Expulsar els fums de combustió a l’exterior.</div><div style=""padding: 5px 0;""><b>B)</b> Introduir aire al cremador.</div><div style=""padding: 5px 0;""><b>C)</b> Regular la pressió del combustible.</div><div style=""padding: 5px 0;""><b>D)</b> Mesurar els gasos consumits.</div></div></div>","<div style=""text-align: left; font-family: -apple-system, sans-serif;""><div style=""font-weight: bold; font-size: 16px; color: #10b981; margin-bottom: 8px;"">✓ Resposta Correcta: A</div><div style=""font-size: 14px; margin-bottom: 12px; padding: 10px; background: rgba(16,185,129,0.1); border-radius: 6px; border-left: 4px solid #10b981;"">A) Expulsar els fums de combustió a l’exterior.</div><hr style=""border: 0; border-top: 1px solid #ddd; margin: 12px 0;""><div style=""font-size: 13px; color: #444; line-height: 1.4;""><b style=""color: #111;"">Explicació:</b> Els conductes eviten que els productes de combustió s’acumulin dins l’habitatge.</div></div>","T12_-_Installacions","18882"
"<div style=""text-align: left; font-family: -apple-system, sans-serif;""><div style=""font-size: 11px; color: #888; margin-bottom: 6px;"">[T12 - Instal·lacions] Pregunta 226</div><div style=""font-weight: bold; font-size: 16px; margin-bottom: 14px; line-height: 1.4;"">Quin element de la xarxa de gas regula i mesura el cabal després del gasoducte?</div><div style=""font-size: 14px; line-height: 1.6;""><div style=""padding: 5px 0;""><b>A)</b> L’estació de regulació i mesura (ERM).</div><div style=""padding: 5px 0;""><b>B)</b> La regulador individual.</div><div style=""padding: 5px 0;""><b>C)</b> El regulador final.</div><div style=""padding: 5px 0;""><b>D)</b> La instal·lació receptora.</div></div></div>","<div style=""text-align: left; font-family: -apple-system, sans-serif;""><div style=""font-weight: bold; font-size: 16px; color: #10b981; margin-bottom: 8px;"">✓ Resposta Correcta: A</div><div style=""font-size: 14px; margin-bottom: 12px; padding: 10px; background: rgba(16,185,129,0.1); border-radius: 6px; border-left: 4px solid #10b981;"">A) L’estació de regulació i mesura (ERM).</div><hr style=""border: 0; border-top: 1px solid #ddd; margin: 12px 0;""><div style=""font-size: 13px; color: #444; line-height: 1.4;""><b style=""color: #111;"">Explicació:</b> L’ERM se situa després del transport i adapta les condicions abans de la distribució.</div></div>","T12_-_Installacions","16235"
"<div style=""text-align: left; font-family: -apple-system, sans-serif;""><div style=""font-size: 11px; color: #888; margin-bottom: 6px;"">[T12 - Instal·lacions] Pregunta 227</div><div style=""font-weight: bold; font-size: 16px; margin-bottom: 14px; line-height: 1.4;"">Quin angle ha d’haver-hi entre l’entrada i la sortida d’una arqueta de sanejament?</div><div style=""font-size: 14px; line-height: 1.6;""><div style=""padding: 5px 0;""><b>A)</b> Inferior a 90°.</div><div style=""padding: 5px 0;""><b>B)</b> Exactament 90°.</div><div style=""padding: 5px 0;""><b>C)</b> Inferior a 45°.</div><div style=""padding: 5px 0;""><b>D)</b> Superior a 90°.</div></div></div>","<div style=""text-align: left; font-family: -apple-system, sans-serif;""><div style=""font-weight: bold; font-size: 16px; color: #10b981; margin-bottom: 8px;"">✓ Resposta Correcta: D</div><div style=""font-size: 14px; margin-bottom: 12px; padding: 10px; background: rgba(16,185,129,0.1); border-radius: 6px; border-left: 4px solid #10b981;"">D) Superior a 90°.</div><hr style=""border: 0; border-top: 1px solid #ddd; margin: 12px 0;""><div style=""font-size: 13px; color: #444; line-height: 1.4;""><b style=""color: #111;"">Explicació:</b> L’angle entre el col·lector d’entrada i el de sortida ha de superar els 90 graus.</div></div>","T12_-_Installacions","16188"
"<div style=""text-align: left; font-family: -apple-system, sans-serif;""><div style=""font-size: 11px; color: #888; margin-bottom: 6px;"">[T12 - Instal·lacions] Pregunta 228</div><div style=""font-weight: bold; font-size: 16px; margin-bottom: 14px; line-height: 1.4;"">Quin tipus de corrent mesuren habitualment la majoria de pinces amperimètriques?</div><div style=""font-size: 14px; line-height: 1.6;""><div style=""padding: 5px 0;""><b>A)</b> Corrent altern.</div><div style=""padding: 5px 0;""><b>B)</b> Corrent altern únicament quan la instal·lació és trifàsica.</div><div style=""padding: 5px 0;""><b>C)</b> Corrent altern i continu en la mateixa proporció de models.</div><div style=""padding: 5px 0;""><b>D)</b> Corrent continu.</div></div></div>","<div style=""text-align: left; font-family: -apple-system, sans-serif;""><div style=""font-weight: bold; font-size: 16px; color: #10b981; margin-bottom: 8px;"">✓ Resposta Correcta: A</div><div style=""font-size: 14px; margin-bottom: 12px; padding: 10px; background: rgba(16,185,129,0.1); border-radius: 6px; border-left: 4px solid #10b981;"">A) Corrent altern.</div><hr style=""border: 0; border-top: 1px solid #ddd; margin: 12px 0;""><div style=""font-size: 13px; color: #444; line-height: 1.4;""><b style=""color: #111;"">Explicació:</b> La majoria de pinces descrites mesuren corrent altern, tot i que alguns models avançats també mesuren corrent continu.</div></div>","T12_-_Installacions","16047"
"<div style=""text-align: left; font-family: -apple-system, sans-serif;""><div style=""font-size: 11px; color: #888; margin-bottom: 6px;"">[T12 - Instal·lacions] Pregunta 229</div><div style=""font-weight: bold; font-size: 16px; margin-bottom: 14px; line-height: 1.4;"">Quin criteri s’ha d’aplicar si cal intervenir amb elements en tensió durant una emergència?</div><div style=""font-size: 14px; line-height: 1.6;""><div style=""padding: 5px 0;""><b>A)</b> Extremar la precaució i aplicar mesures de protecció addicionals.</div><div style=""padding: 5px 0;""><b>B)</b> Confiar principalment en les proteccions automàtiques de la instal·lació.</div><div style=""padding: 5px 0;""><b>C)</b> Reduir la distància al conductor per limitar el temps d’exposició.</div><div style=""padding: 5px 0;""><b>D)</b> Substituir les cinc regles d’or per una mesura ràpida de tensió.</div></div></div>","<div style=""text-align: left; font-family: -apple-system, sans-serif;""><div style=""font-weight: bold; font-size: 16px; color: #10b981; margin-bottom: 8px;"">✓ Resposta Correcta: A</div><div style=""font-size: 14px; margin-bottom: 12px; padding: 10px; background: rgba(16,185,129,0.1); border-radius: 6px; border-left: 4px solid #10b981;"">A) Extremar la precaució i aplicar mesures de protecció addicionals.</div><hr style=""border: 0; border-top: 1px solid #ddd; margin: 12px 0;""><div style=""font-size: 13px; color: #444; line-height: 1.4;""><b style=""color: #111;"">Explicació:</b> Treballar amb tensió incrementa el risc i exigeix mesures específiques de prevenció.</div></div>","T12_-_Installacions","16072"
"<div style=""text-align: left; font-family: -apple-system, sans-serif;""><div style=""font-size: 11px; color: #888; margin-bottom: 6px;"">[T12 - Instal·lacions] Pregunta 230</div><div style=""font-weight: bold; font-size: 16px; margin-bottom: 14px; line-height: 1.4;"">Quina característica de manteniment tenen molts protectors contra sobretensions transitòries?</div><div style=""font-size: 14px; line-height: 1.6;""><div style=""padding: 5px 0;""><b>A)</b> Són de rearmament il·limitat i no necessiten comprovació.</div><div style=""padding: 5px 0;""><b>B)</b> No presenten cap senyal extern sobre el seu estat.</div><div style=""padding: 5px 0;""><b>C)</b> Tenen vida limitada i un indicador visual de substitució.</div><div style=""padding: 5px 0;""><b>D)</b> S’han de substituir després de qualsevol petita variació de tensió.</div></div></div>","<div style=""text-align: left; font-family: -apple-system, sans-serif;""><div style=""font-weight: bold; font-size: 16px; color: #10b981; margin-bottom: 8px;"">✓ Resposta Correcta: C</div><div style=""font-size: 14px; margin-bottom: 12px; padding: 10px; background: rgba(16,185,129,0.1); border-radius: 6px; border-left: 4px solid #10b981;"">C) Tenen vida limitada i un indicador visual de substitució.</div><hr style=""border: 0; border-top: 1px solid #ddd; margin: 12px 0;""><div style=""font-size: 13px; color: #444; line-height: 1.4;""><b style=""color: #111;"">Explicació:</b> La degradació per impulsos fa necessari comprovar l’indicador d’estat i substituir-los quan correspon.</div></div>","T12_-_Installacions","16000"
"<div style=""text-align: left; font-family: -apple-system, sans-serif;""><div style=""font-size: 11px; color: #888; margin-bottom: 6px;"">[T12 - Instal·lacions] Pregunta 231</div><div style=""font-weight: bold; font-size: 16px; margin-bottom: 14px; line-height: 1.4;"">Què pot fer una instal·lació d'autoconsum on-grid amb els excedents?</div><div style=""font-size: 14px; line-height: 1.6;""><div style=""padding: 5px 0;""><b>A)</b> Injectar els excedents d’energia a la xarxa.</div><div style=""padding: 5px 0;""><b>B)</b> Retenir els excedents dins l’inversor.</div><div style=""padding: 5px 0;""><b>C)</b> Acumular els excedents en bateries del sistema.</div><div style=""padding: 5px 0;""><b>D)</b> Reservar els excedents per a càrregues essencials.</div></div></div>","<div style=""text-align: left; font-family: -apple-system, sans-serif;""><div style=""font-weight: bold; font-size: 16px; color: #10b981; margin-bottom: 8px;"">✓ Resposta Correcta: A</div><div style=""font-size: 14px; margin-bottom: 12px; padding: 10px; background: rgba(16,185,129,0.1); border-radius: 6px; border-left: 4px solid #10b981;"">A) Injectar els excedents d’energia a la xarxa.</div><hr style=""border: 0; border-top: 1px solid #ddd; margin: 12px 0;""><div style=""font-size: 13px; color: #444; line-height: 1.4;""><b style=""color: #111;"">Explicació:</b> Els excedents d’un sistema on-grid es poden injectar a la xarxa elèctrica.</div></div>","T12_-_Installacions","15722"
"<div style=""text-align: left; font-family: -apple-system, sans-serif;""><div style=""font-size: 11px; color: #888; margin-bottom: 6px;"">[T12 - Instal·lacions] Pregunta 232</div><div style=""font-weight: bold; font-size: 16px; margin-bottom: 14px; line-height: 1.4;"">En quin cas pot ser especialment perillosa la retirada d’un fusible sota càrrega?</div><div style=""font-size: 14px; line-height: 1.6;""><div style=""padding: 5px 0;""><b>A)</b> En circuits amb magnetotèrmic rearmat i sense càrrega.</div><div style=""padding: 5px 0;""><b>B)</b> En circuits de corrent altern i tensions molt baixes.</div><div style=""padding: 5px 0;""><b>C)</b> En circuits monofàsics amb diferencial de 30 mA.</div><div style=""padding: 5px 0;""><b>D)</b> En circuits de corrent continu i tensions elevades.</div></div></div>","<div style=""text-align: left; font-family: -apple-system, sans-serif;""><div style=""font-weight: bold; font-size: 16px; color: #10b981; margin-bottom: 8px;"">✓ Resposta Correcta: D</div><div style=""font-size: 14px; margin-bottom: 12px; padding: 10px; background: rgba(16,185,129,0.1); border-radius: 6px; border-left: 4px solid #10b981;"">D) En circuits de corrent continu i tensions elevades.</div><hr style=""border: 0; border-top: 1px solid #ddd; margin: 12px 0;""><div style=""font-size: 13px; color: #444; line-height: 1.4;""><b style=""color: #111;"">Explicació:</b> En DC l’arc no disposa del pas periòdic per zero propi de l’AC i pot mantenir-se amb més facilitat.</div></div>","T12_-_Installacions","15945"
"<div style=""text-align: left; font-family: -apple-system, sans-serif;""><div style=""font-size: 11px; color: #888; margin-bottom: 6px;"">[T12 - Instal·lacions] Pregunta 233</div><div style=""font-weight: bold; font-size: 16px; margin-bottom: 14px; line-height: 1.4;"">Quina és la pressió d’ús habitual d’un aparell domèstic de gas natural?</div><div style=""font-size: 14px; line-height: 1.6;""><div style=""padding: 5px 0;""><b>A)</b> Uns 200 mbar.</div><div style=""padding: 5px 0;""><b>B)</b> Uns 2 bar.</div><div style=""padding: 5px 0;""><b>C)</b> Uns 2 mbar.</div><div style=""padding: 5px 0;""><b>D)</b> Uns 20 mbar.</div></div></div>","<div style=""text-align: left; font-family: -apple-system, sans-serif;""><div style=""font-weight: bold; font-size: 16px; color: #10b981; margin-bottom: 8px;"">✓ Resposta Correcta: D</div><div style=""font-size: 14px; margin-bottom: 12px; padding: 10px; background: rgba(16,185,129,0.1); border-radius: 6px; border-left: 4px solid #10b981;"">D) Uns 20 mbar.</div><hr style=""border: 0; border-top: 1px solid #ddd; margin: 12px 0;""><div style=""font-size: 13px; color: #444; line-height: 1.4;""><b style=""color: #111;"">Explicació:</b> Els aparells domèstics treballen habitualment al voltant de 20 mbar.</div></div>","T12_-_Installacions","16223"
"<div style=""text-align: left; font-family: -apple-system, sans-serif;""><div style=""font-size: 11px; color: #888; margin-bottom: 6px;"">[T12 - Instal·lacions] Pregunta 234</div><div style=""font-weight: bold; font-size: 16px; margin-bottom: 14px; line-height: 1.4;"">Quina configuració de conductors pot correspondre a una línia elèctrica monofàsica de baixa tensió?</div><div style=""font-size: 14px; line-height: 1.6;""><div style=""padding: 5px 0;""><b>A)</b> Dos conductors: fase i neutre.</div><div style=""padding: 5px 0;""><b>B)</b> Tres conductors: tres fases sense neutre.</div><div style=""padding: 5px 0;""><b>C)</b> Dos conductors: dues fases.</div><div style=""padding: 5px 0;""><b>D)</b> Quatre conductors: dues fases i dos neutres.</div></div></div>","<div style=""text-align: left; font-family: -apple-system, sans-serif;""><div style=""font-weight: bold; font-size: 16px; color: #10b981; margin-bottom: 8px;"">✓ Resposta Correcta: A</div><div style=""font-size: 14px; margin-bottom: 12px; padding: 10px; background: rgba(16,185,129,0.1); border-radius: 6px; border-left: 4px solid #10b981;"">A) Dos conductors: fase i neutre.</div><hr style=""border: 0; border-top: 1px solid #ddd; margin: 12px 0;""><div style=""font-size: 13px; color: #444; line-height: 1.4;""><b style=""color: #111;"">Explicació:</b> Una derivació monofàsica de baixa tensió pot presentar únicament fase i neutre.</div></div>","T12_-_Installacions","15863"
"<div style=""text-align: left; font-family: -apple-system, sans-serif;""><div style=""font-size: 11px; color: #888; margin-bottom: 6px;"">[T12 - Instal·lacions] Pregunta 235</div><div style=""font-weight: bold; font-size: 16px; margin-bottom: 14px; line-height: 1.4;"">D’on procedeixen les aigües grises d’un edifici?</div><div style=""font-size: 14px; line-height: 1.6;""><div style=""padding: 5px 0;""><b>A)</b> De piques, dutxes, banyeres, cuines, rentadores i rentavaixelles.</div><div style=""padding: 5px 0;""><b>B)</b> De baixants exclusius de pluja.</div><div style=""padding: 5px 0;""><b>C)</b> De cobertes, terrasses i patis.</div><div style=""padding: 5px 0;""><b>D)</b> Dels vàters i urinaris.</div></div></div>","<div style=""text-align: left; font-family: -apple-system, sans-serif;""><div style=""font-weight: bold; font-size: 16px; color: #10b981; margin-bottom: 8px;"">✓ Resposta Correcta: A</div><div style=""font-size: 14px; margin-bottom: 12px; padding: 10px; background: rgba(16,185,129,0.1); border-radius: 6px; border-left: 4px solid #10b981;"">A) De piques, dutxes, banyeres, cuines, rentadores i rentavaixelles.</div><hr style=""border: 0; border-top: 1px solid #ddd; margin: 12px 0;""><div style=""font-size: 13px; color: #444; line-height: 1.4;""><b style=""color: #111;"">Explicació:</b> Les aigües grises provenen dels aparells sanitaris i domèstics indicats, excepte els vàters.</div></div>","T12_-_Installacions","16152"
"<div style=""text-align: left; font-family: -apple-system, sans-serif;""><div style=""font-size: 11px; color: #888; margin-bottom: 6px;"">[T12 - Instal·lacions] Pregunta 236</div><div style=""font-weight: bold; font-size: 16px; margin-bottom: 14px; line-height: 1.4;"">On comença habitualment la xarxa de distribució de gas?</div><div style=""font-size: 14px; line-height: 1.6;""><div style=""padding: 5px 0;""><b>A)</b> En estacions de regulació i mesura.</div><div style=""padding: 5px 0;""><b>B)</b> A la derivació individual.</div><div style=""padding: 5px 0;""><b>C)</b> A la bombona de GLP.</div><div style=""padding: 5px 0;""><b>D)</b> A la clau de cada aparell.</div></div></div>","<div style=""text-align: left; font-family: -apple-system, sans-serif;""><div style=""font-weight: bold; font-size: 16px; color: #10b981; margin-bottom: 8px;"">✓ Resposta Correcta: A</div><div style=""font-size: 14px; margin-bottom: 12px; padding: 10px; background: rgba(16,185,129,0.1); border-radius: 6px; border-left: 4px solid #10b981;"">A) En estacions de regulació i mesura.</div><hr style=""border: 0; border-top: 1px solid #ddd; margin: 12px 0;""><div style=""font-size: 13px; color: #444; line-height: 1.4;""><b style=""color: #111;"">Explicació:</b> La distribució s’inicia habitualment en estacions de regulació i mesura.</div></div>","T12_-_Installacions","16217"
"<div style=""text-align: left; font-family: -apple-system, sans-serif;""><div style=""font-size: 11px; color: #888; margin-bottom: 6px;"">[T12 - Instal·lacions] Pregunta 237</div><div style=""font-weight: bold; font-size: 16px; margin-bottom: 14px; line-height: 1.4;"">Com es connecten els aparells mòbils a una instal·lació domèstica de gas?</div><div style=""font-size: 14px; line-height: 1.6;""><div style=""padding: 5px 0;""><b>A)</b> Amb mànegues estàndard sense protecció.</div><div style=""padding: 5px 0;""><b>B)</b> Amb tubs flexibles de seguretat.</div><div style=""padding: 5px 0;""><b>C)</b> Amb canonada rígida soldada.</div><div style=""padding: 5px 0;""><b>D)</b> Amb tubs flexibles de ventilació.</div></div></div>","<div style=""text-align: left; font-family: -apple-system, sans-serif;""><div style=""font-weight: bold; font-size: 16px; color: #10b981; margin-bottom: 8px;"">✓ Resposta Correcta: B</div><div style=""font-size: 14px; margin-bottom: 12px; padding: 10px; background: rgba(16,185,129,0.1); border-radius: 6px; border-left: 4px solid #10b981;"">B) Amb tubs flexibles de seguretat.</div><hr style=""border: 0; border-top: 1px solid #ddd; margin: 12px 0;""><div style=""font-size: 13px; color: #444; line-height: 1.4;""><b style=""color: #111;"">Explicació:</b> Els aparells mòbils utilitzen tubs flexibles específics de seguretat.</div></div>","T12_-_Installacions","16261"
"<div style=""text-align: left; font-family: -apple-system, sans-serif;""><div style=""font-size: 11px; color: #888; margin-bottom: 6px;"">[T12 - Instal·lacions] Pregunta 238</div><div style=""font-weight: bold; font-size: 16px; margin-bottom: 14px; line-height: 1.4;"">Quina longitud màxima pot tenir el tub flexible d’un aparell mòbil de gas?</div><div style=""font-size: 14px; line-height: 1.6;""><div style=""padding: 5px 0;""><b>A)</b> 2,0 m.</div><div style=""padding: 5px 0;""><b>B)</b> 1,0 m.</div><div style=""padding: 5px 0;""><b>C)</b> 1,5 m.</div><div style=""padding: 5px 0;""><b>D)</b> 2,5 m.</div></div></div>","<div style=""text-align: left; font-family: -apple-system, sans-serif;""><div style=""font-weight: bold; font-size: 16px; color: #10b981; margin-bottom: 8px;"">✓ Resposta Correcta: C</div><div style=""font-size: 14px; margin-bottom: 12px; padding: 10px; background: rgba(16,185,129,0.1); border-radius: 6px; border-left: 4px solid #10b981;"">C) 1,5 m.</div><hr style=""border: 0; border-top: 1px solid #ddd; margin: 12px 0;""><div style=""font-size: 13px; color: #444; line-height: 1.4;""><b style=""color: #111;"">Explicació:</b> La longitud màxima indicada és d’1,5 metres.</div></div>","T12_-_Installacions","16263"
"<div style=""text-align: left; font-family: -apple-system, sans-serif;""><div style=""font-size: 11px; color: #888; margin-bottom: 6px;"">[T12 - Instal·lacions] Pregunta 239</div><div style=""font-weight: bold; font-size: 16px; margin-bottom: 14px; line-height: 1.4;"">Quin tret permet reconèixer un feeder al costat de la catenària?</div><div style=""font-size: 14px; line-height: 1.6;""><div style=""padding: 5px 0;""><b>A)</b> Porta aïlladors en la subjecció al pal de la catenària.</div><div style=""padding: 5px 0;""><b>B)</b> Està col·locat com un carril addicional al costat de la via.</div><div style=""padding: 5px 0;""><b>C)</b> No presenta aïlladors en la subjecció al pal.</div><div style=""padding: 5px 0;""><b>D)</b> Contacta directament amb el pantògraf del tren.</div></div></div>","<div style=""text-align: left; font-family: -apple-system, sans-serif;""><div style=""font-weight: bold; font-size: 16px; color: #10b981; margin-bottom: 8px;"">✓ Resposta Correcta: A</div><div style=""font-size: 14px; margin-bottom: 12px; padding: 10px; background: rgba(16,185,129,0.1); border-radius: 6px; border-left: 4px solid #10b981;"">A) Porta aïlladors en la subjecció al pal de la catenària.</div><hr style=""border: 0; border-top: 1px solid #ddd; margin: 12px 0;""><div style=""font-size: 13px; color: #444; line-height: 1.4;""><b style=""color: #111;"">Explicació:</b> El feeder es pot identificar pels aïlladors que presenta en el punt de subjecció al pal de la catenària.</div></div>","T12_-_Installacions","15753"
"<div style=""text-align: left; font-family: -apple-system, sans-serif;""><div style=""font-size: 11px; color: #888; margin-bottom: 6px;"">[T12 - Instal·lacions] Pregunta 240</div><div style=""font-weight: bold; font-size: 16px; margin-bottom: 14px; line-height: 1.4;"">Quina configuració és coherent amb un subministrament individual mitjançant CPM?</div><div style=""font-size: 14px; line-height: 1.6;""><div style=""padding: 5px 0;""><b>A)</b> CGP, LGA i centralització de comptadors abans d’una derivació individual cap a l’usuari.</div><div style=""padding: 5px 0;""><b>B)</b> CPM amb protecció i mesura, seguida d’una derivació individual fins al quadre de l’usuari.</div><div style=""padding: 5px 0;""><b>C)</b> Centralització de comptadors amb embarrat general però sense derivació individual fins a l’usuari.</div><div style=""padding: 5px 0;""><b>D)</b> Embarrat general connectat directament al quadre interior, sense protecció ni equip de mesura.</div></div></div>","<div style=""text-align: left; font-family: -apple-system, sans-serif;""><div style=""font-weight: bold; font-size: 16px; color: #10b981; margin-bottom: 8px;"">✓ Resposta Correcta: B</div><div style=""font-size: 14px; margin-bottom: 12px; padding: 10px; background: rgba(16,185,129,0.1); border-radius: 6px; border-left: 4px solid #10b981;"">B) CPM amb protecció i mesura, seguida d’una derivació individual fins al quadre de l’usuari.</div><hr style=""border: 0; border-top: 1px solid #ddd; margin: 12px 0;""><div style=""font-size: 13px; color: #444; line-height: 1.4;""><b style=""color: #111;"">Explicació:</b> La CPM simplifica la instal·lació d’enllaç d’un únic usuari agrupant protecció i mesura i eliminant la LGA i la centralització.</div></div>","T12_-_Installacions","15899"
"<div style=""text-align: left; font-family: -apple-system, sans-serif;""><div style=""font-size: 11px; color: #888; margin-bottom: 6px;"">[T12 - Instal·lacions] Pregunta 241</div><div style=""font-weight: bold; font-size: 16px; margin-bottom: 14px; line-height: 1.4;"">Quins avantatges aporta el mallat de la xarxa elèctrica?</div><div style=""font-size: 14px; line-height: 1.6;""><div style=""padding: 5px 0;""><b>A)</b> Fiabilitat, flexibilitat i seguretat del subministrament.</div><div style=""padding: 5px 0;""><b>B)</b> Eliminació de les pèrdues i de qualsevol interrupció del servei.</div><div style=""padding: 5px 0;""><b>C)</b> Absència de proteccions, transformadors i equips de mesura.</div><div style=""padding: 5px 0;""><b>D)</b> Menor tensió, menor freqüència i menor nombre de conductors.</div></div></div>","<div style=""text-align: left; font-family: -apple-system, sans-serif;""><div style=""font-weight: bold; font-size: 16px; color: #10b981; margin-bottom: 8px;"">✓ Resposta Correcta: A</div><div style=""font-size: 14px; margin-bottom: 12px; padding: 10px; background: rgba(16,185,129,0.1); border-radius: 6px; border-left: 4px solid #10b981;"">A) Fiabilitat, flexibilitat i seguretat del subministrament.</div><hr style=""border: 0; border-top: 1px solid #ddd; margin: 12px 0;""><div style=""font-size: 13px; color: #444; line-height: 1.4;""><b style=""color: #111;"">Explicació:</b> Disposar de diversos camins d’alimentació reforça la continuïtat i la flexibilitat del sistema.</div></div>","T12_-_Installacions","15835"
"<div style=""text-align: left; font-family: -apple-system, sans-serif;""><div style=""font-size: 11px; color: #888; margin-bottom: 6px;"">[T12 - Instal·lacions] Pregunta 242</div><div style=""font-weight: bold; font-size: 16px; margin-bottom: 14px; line-height: 1.4;"">Com s’ha de col·locar la pinça amperimètrica per mesurar corrent?</div><div style=""font-size: 14px; line-height: 1.6;""><div style=""padding: 5px 0;""><b>A)</b> Connectant les dues puntes entre fase i neutre.</div><div style=""padding: 5px 0;""><b>B)</b> Abraçant amb la pinça el cable pel qual circula la intensitat que es vol mesurar.</div><div style=""padding: 5px 0;""><b>C)</b> Abraçant simultàniament tots els conductors d’un circuit monofàsic.</div><div style=""padding: 5px 0;""><b>D)</b> Aproximant la pinça al cable sense arribar a envoltar-lo.</div></div></div>","<div style=""text-align: left; font-family: -apple-system, sans-serif;""><div style=""font-weight: bold; font-size: 16px; color: #10b981; margin-bottom: 8px;"">✓ Resposta Correcta: B</div><div style=""font-size: 14px; margin-bottom: 12px; padding: 10px; background: rgba(16,185,129,0.1); border-radius: 6px; border-left: 4px solid #10b981;"">B) Abraçant amb la pinça el cable pel qual circula la intensitat que es vol mesurar.</div><hr style=""border: 0; border-top: 1px solid #ddd; margin: 12px 0;""><div style=""font-size: 13px; color: #444; line-height: 1.4;""><b style=""color: #111;"">Explicació:</b> La mordassa de la pinça s’utilitza al voltant del conductor objecte de la mesura.</div></div>","T12_-_Installacions","16046"
"<div style=""text-align: left; font-family: -apple-system, sans-serif;""><div style=""font-size: 11px; color: #888; margin-bottom: 6px;"">[T12 - Instal·lacions] Pregunta 243</div><div style=""font-weight: bold; font-size: 16px; margin-bottom: 14px; line-height: 1.4;"">A quin element arriba l’escomesa de baixa tensió?</div><div style=""font-size: 14px; line-height: 1.6;""><div style=""padding: 5px 0;""><b>A)</b> A l’interruptor general automàtic (IGA).</div><div style=""padding: 5px 0;""><b>B)</b> A la centralització de comptadors.</div><div style=""padding: 5px 0;""><b>C)</b> A l’interruptor diferencial (ID).</div><div style=""padding: 5px 0;""><b>D)</b> A la caixa general de protecció (CGP).</div></div></div>","<div style=""text-align: left; font-family: -apple-system, sans-serif;""><div style=""font-weight: bold; font-size: 16px; color: #10b981; margin-bottom: 8px;"">✓ Resposta Correcta: D</div><div style=""font-size: 14px; margin-bottom: 12px; padding: 10px; background: rgba(16,185,129,0.1); border-radius: 6px; border-left: 4px solid #10b981;"">D) A la caixa general de protecció (CGP).</div><hr style=""border: 0; border-top: 1px solid #ddd; margin: 12px 0;""><div style=""font-size: 13px; color: #444; line-height: 1.4;""><b style=""color: #111;"">Explicació:</b> L’escomesa finalitza a la CGP, on es produeix el pas entre la xarxa de distribució i la instal·lació de l’abonat.</div></div>","T12_-_Installacions","15869"
"<div style=""text-align: left; font-family: -apple-system, sans-serif;""><div style=""font-size: 11px; color: #888; margin-bottom: 6px;"">[T12 - Instal·lacions] Pregunta 244</div><div style=""font-weight: bold; font-size: 16px; margin-bottom: 14px; line-height: 1.4;"">En un defecte d’aïllament sense bona presa de terra, què aporta el diferencial si una persona toca la massa?</div><div style=""font-size: 14px; line-height: 1.6;""><div style=""padding: 5px 0;""><b>A)</b> Elimina la necessitat de conductor de protecció.</div><div style=""padding: 5px 0;""><b>B)</b> Limita la durada del pas de corrent desconnectant ràpidament.</div><div style=""padding: 5px 0;""><b>C)</b> Evita físicament que es produeixi el primer contacte.</div><div style=""padding: 5px 0;""><b>D)</b> Redueix la tensió abans que circuli corrent per la persona.</div></div></div>","<div style=""text-align: left; font-family: -apple-system, sans-serif;""><div style=""font-weight: bold; font-size: 16px; color: #10b981; margin-bottom: 8px;"">✓ Resposta Correcta: B</div><div style=""font-size: 14px; margin-bottom: 12px; padding: 10px; background: rgba(16,185,129,0.1); border-radius: 6px; border-left: 4px solid #10b981;"">B) Limita la durada del pas de corrent desconnectant ràpidament.</div><hr style=""border: 0; border-top: 1px solid #ddd; margin: 12px 0;""><div style=""font-size: 13px; color: #444; line-height: 1.4;""><b style=""color: #111;"">Explicació:</b> El diferencial no evita el contacte inicial, però pot reduir-ne la durada en detectar la fuga.</div></div>","T12_-_Installacions","15993"
"<div style=""text-align: left; font-family: -apple-system, sans-serif;""><div style=""font-size: 11px; color: #888; margin-bottom: 6px;"">[T12 - Instal·lacions] Pregunta 245</div><div style=""font-weight: bold; font-size: 16px; margin-bottom: 14px; line-height: 1.4;"">Quina consideració tenen els guants d’intervenció de cuir davant el risc elèctric?</div><div style=""font-size: 14px; line-height: 1.6;""><div style=""padding: 5px 0;""><b>A)</b> Són adequats com a protecció principal si es combinen amb eines dielèctriques.</div><div style=""padding: 5px 0;""><b>B)</b> Equivalen a guants dielèctrics de classe baixa quan s’utilitzen breument.</div><div style=""padding: 5px 0;""><b>C)</b> No són guants aïllants, i la seva protecció empitjora si estan molls.</div><div style=""padding: 5px 0;""><b>D)</b> Són aïllants per a baixa tensió si el cuir està sec i sense fissures.</div></div></div>","<div style=""text-align: left; font-family: -apple-system, sans-serif;""><div style=""font-weight: bold; font-size: 16px; color: #10b981; margin-bottom: 8px;"">✓ Resposta Correcta: C</div><div style=""font-size: 14px; margin-bottom: 12px; padding: 10px; background: rgba(16,185,129,0.1); border-radius: 6px; border-left: 4px solid #10b981;"">C) No són guants aïllants, i la seva protecció empitjora si estan molls.</div><hr style=""border: 0; border-top: 1px solid #ddd; margin: 12px 0;""><div style=""font-size: 13px; color: #444; line-height: 1.4;""><b style=""color: #111;"">Explicació:</b> Els guants d’intervenció no substitueixen els guants dielèctrics certificats.</div></div>","T12_-_Installacions","16090"
"<div style=""text-align: left; font-family: -apple-system, sans-serif;""><div style=""font-size: 11px; color: #888; margin-bottom: 6px;"">[T12 - Instal·lacions] Pregunta 246</div><div style=""font-weight: bold; font-size: 16px; margin-bottom: 14px; line-height: 1.4;"">En la classificació tècnica de les xarxes, què s’entén per alta tensió?</div><div style=""font-size: 14px; line-height: 1.6;""><div style=""padding: 5px 0;""><b>A)</b> Tensions pròpies principalment dels nivells de 220 kV i 400 kV.</div><div style=""padding: 5px 0;""><b>B)</b> Tensions superiors al límit de baixa tensió establert pel REBT.</div><div style=""padding: 5px 0;""><b>C)</b> Tensions utilitzades als punts finals de consum industrial.</div><div style=""padding: 5px 0;""><b>D)</b> Tensions superiors a les considerades habitualment de mitja tensió.</div></div></div>","<div style=""text-align: left; font-family: -apple-system, sans-serif;""><div style=""font-weight: bold; font-size: 16px; color: #10b981; margin-bottom: 8px;"">✓ Resposta Correcta: D</div><div style=""font-size: 14px; margin-bottom: 12px; padding: 10px; background: rgba(16,185,129,0.1); border-radius: 6px; border-left: 4px solid #10b981;"">D) Tensions superiors a les considerades habitualment de mitja tensió.</div><hr style=""border: 0; border-top: 1px solid #ddd; margin: 12px 0;""><div style=""font-size: 13px; color: #444; line-height: 1.4;""><b style=""color: #111;"">Explicació:</b> En la classificació tècnica de transport i distribució, l’alta tensió queda per sobre del rang habitual de mitjana tensió.</div></div>","T12_-_Installacions","15799"
"<div style=""text-align: left; font-family: -apple-system, sans-serif;""><div style=""font-size: 11px; color: #888; margin-bottom: 6px;"">[T12 - Instal·lacions] Pregunta 247</div><div style=""font-weight: bold; font-size: 16px; margin-bottom: 14px; line-height: 1.4;"">Quina funció tenen els muntants d’una instal·lació d’aigua?</div><div style=""font-size: 14px; line-height: 1.6;""><div style=""padding: 5px 0;""><b>A)</b> Mesurar-ne el consum general.</div><div style=""padding: 5px 0;""><b>B)</b> Portar l’aigua verticalment als pisos.</div><div style=""padding: 5px 0;""><b>C)</b> Repartir-la horitzontalment entre edificis.</div><div style=""padding: 5px 0;""><b>D)</b> Evacuar-la fins al clavegueram.</div></div></div>","<div style=""text-align: left; font-family: -apple-system, sans-serif;""><div style=""font-weight: bold; font-size: 16px; color: #10b981; margin-bottom: 8px;"">✓ Resposta Correcta: B</div><div style=""font-size: 14px; margin-bottom: 12px; padding: 10px; background: rgba(16,185,129,0.1); border-radius: 6px; border-left: 4px solid #10b981;"">B) Portar l’aigua verticalment als pisos.</div><hr style=""border: 0; border-top: 1px solid #ddd; margin: 12px 0;""><div style=""font-size: 13px; color: #444; line-height: 1.4;""><b style=""color: #111;"">Explicació:</b> Els muntants eleven l’aigua cap a les diferents plantes.</div></div>","T12_-_Installacions","16131"
"<div style=""text-align: left; font-family: -apple-system, sans-serif;""><div style=""font-size: 11px; color: #888; margin-bottom: 6px;"">[T12 - Instal·lacions] Pregunta 248</div><div style=""font-weight: bold; font-size: 16px; margin-bottom: 14px; line-height: 1.4;"">Com es protegeix habitualment l’entrada DC d’un inversor fotovoltaic davant impulsos induïts per llamps?</div><div style=""font-size: 14px; line-height: 1.6;""><div style=""padding: 5px 0;""><b>A)</b> Amb un diferencial de 30 mA instal·lat entre cada panell.</div><div style=""padding: 5px 0;""><b>B)</b> Amb un protector permanent connectat només al conductor neutre.</div><div style=""padding: 5px 0;""><b>C)</b> Amb protectors contra sobretensions transitòries en els cables procedents dels panells.</div><div style=""padding: 5px 0;""><b>D)</b> Amb un magnetotèrmic AC col·locat després del comptador.</div></div></div>","<div style=""text-align: left; font-family: -apple-system, sans-serif;""><div style=""font-weight: bold; font-size: 16px; color: #10b981; margin-bottom: 8px;"">✓ Resposta Correcta: C</div><div style=""font-size: 14px; margin-bottom: 12px; padding: 10px; background: rgba(16,185,129,0.1); border-radius: 6px; border-left: 4px solid #10b981;"">C) Amb protectors contra sobretensions transitòries en els cables procedents dels panells.</div><hr style=""border: 0; border-top: 1px solid #ddd; margin: 12px 0;""><div style=""font-size: 13px; color: #444; line-height: 1.4;""><b style=""color: #111;"">Explicació:</b> En fotovoltaica s’instal·len proteccions transitòries al costat DC per limitar impulsos induïts.</div></div>","T12_-_Installacions","16008"
"<div style=""text-align: left; font-family: -apple-system, sans-serif;""><div style=""font-size: 11px; color: #888; margin-bottom: 6px;"">[T12 - Instal·lacions] Pregunta 249</div><div style=""font-weight: bold; font-size: 16px; margin-bottom: 14px; line-height: 1.4;"">Per a què utilitzen sistemes d’alt voltatge les línies de ferrocarril electrificades?</div><div style=""font-size: 14px; line-height: 1.6;""><div style=""padding: 5px 0;""><b>A)</b> Per alimentar els serveis auxiliars de les estacions.</div><div style=""padding: 5px 0;""><b>B)</b> Per alimentar els sistemes de senyalització de la via.</div><div style=""padding: 5px 0;""><b>C)</b> Per alimentar locomotores i unitats tractores.</div><div style=""padding: 5px 0;""><b>D)</b> Per alimentar els equips de comunicació ferroviària.</div></div></div>","<div style=""text-align: left; font-family: -apple-system, sans-serif;""><div style=""font-weight: bold; font-size: 16px; color: #10b981; margin-bottom: 8px;"">✓ Resposta Correcta: C</div><div style=""font-size: 14px; margin-bottom: 12px; padding: 10px; background: rgba(16,185,129,0.1); border-radius: 6px; border-left: 4px solid #10b981;"">C) Per alimentar locomotores i unitats tractores.</div><hr style=""border: 0; border-top: 1px solid #ddd; margin: 12px 0;""><div style=""font-size: 13px; color: #444; line-height: 1.4;""><b style=""color: #111;"">Explicació:</b> Els sistemes ferroviaris electrificats utilitzen alt voltatge per alimentar les locomotores i les unitats tractores.</div></div>","T12_-_Installacions","15741"
"<div style=""text-align: left; font-family: -apple-system, sans-serif;""><div style=""font-size: 11px; color: #888; margin-bottom: 6px;"">[T12 - Instal·lacions] Pregunta 250</div><div style=""font-weight: bold; font-size: 16px; margin-bottom: 14px; line-height: 1.4;"">Per què en alguns usos industrials es pot escollir un diferencial de 100 o 300 mA?</div><div style=""font-size: 14px; line-height: 1.6;""><div style=""padding: 5px 0;""><b>A)</b> Perquè permeten eliminar el conductor de protecció de la instal·lació.</div><div style=""padding: 5px 0;""><b>B)</b> Per reduir dispars massa freqüents que podria provocar un diferencial de 30 mA.</div><div style=""padding: 5px 0;""><b>C)</b> Perquè 100 o 300 mA ofereixen una sensibilitat superior a 30 mA.</div><div style=""padding: 5px 0;""><b>D)</b> Perquè aquestes sensibilitats protegeixen millor davant curtcircuits.</div></div></div>","<div style=""text-align: left; font-family: -apple-system, sans-serif;""><div style=""font-weight: bold; font-size: 16px; color: #10b981; margin-bottom: 8px;"">✓ Resposta Correcta: B</div><div style=""font-size: 14px; margin-bottom: 12px; padding: 10px; background: rgba(16,185,129,0.1); border-radius: 6px; border-left: 4px solid #10b981;"">B) Per reduir dispars massa freqüents que podria provocar un diferencial de 30 mA.</div><hr style=""border: 0; border-top: 1px solid #ddd; margin: 12px 0;""><div style=""font-size: 13px; color: #444; line-height: 1.4;""><b style=""color: #111;"">Explicació:</b> Una sensibilitat més alta en mA és menys sensible i pot evitar dispars intempestius en determinades instal·lacions.</div></div>","T12_-_Installacions","15982"
"<div style=""text-align: left; font-family: -apple-system, sans-serif;""><div style=""font-size: 11px; color: #888; margin-bottom: 6px;"">[T12 - Instal·lacions] Pregunta 251</div><div style=""font-weight: bold; font-size: 16px; margin-bottom: 14px; line-height: 1.4;"">Quins elements connecta habitualment la xarxa de transport?</div><div style=""font-size: 14px; line-height: 1.6;""><div style=""padding: 5px 0;""><b>A)</b> Grans centrals de generació amb subestacions de transport.</div><div style=""padding: 5px 0;""><b>B)</b> Caixes generals de protecció amb quadres interiors de consum.</div><div style=""padding: 5px 0;""><b>C)</b> Petites centrals de generació amb receptors residencials.</div><div style=""padding: 5px 0;""><b>D)</b> Instal·lacions domèstiques amb centrals elèctriques.</div></div></div>","<div style=""text-align: left; font-family: -apple-system, sans-serif;""><div style=""font-weight: bold; font-size: 16px; color: #10b981; margin-bottom: 8px;"">✓ Resposta Correcta: A</div><div style=""font-size: 14px; margin-bottom: 12px; padding: 10px; background: rgba(16,185,129,0.1); border-radius: 6px; border-left: 4px solid #10b981;"">A) Grans centrals de generació amb subestacions de transport.</div><hr style=""border: 0; border-top: 1px solid #ddd; margin: 12px 0;""><div style=""font-size: 13px; color: #444; line-height: 1.4;""><b style=""color: #111;"">Explicació:</b> El transport enllaça les grans fonts de generació amb les subestacions principals.</div></div>","T12_-_Installacions","15805"
"<div style=""text-align: left; font-family: -apple-system, sans-serif;""><div style=""font-size: 11px; color: #888; margin-bottom: 6px;"">[T12 - Instal·lacions] Pregunta 252</div><div style=""font-weight: bold; font-size: 16px; margin-bottom: 14px; line-height: 1.4;"">Quins cables no s’han de confondre amb els conductors de fase d’una línia d’alta tensió?</div><div style=""font-size: 14px; line-height: 1.6;""><div style=""padding: 5px 0;""><b>A)</b> Els conductors de fase situats als braços laterals de la torre.</div><div style=""padding: 5px 0;""><b>B)</b> Els cables de protecció situats a la part més alta de la línia.</div><div style=""padding: 5px 0;""><b>C)</b> Els conductors interiors dels transformadors de la subestació.</div><div style=""padding: 5px 0;""><b>D)</b> Els cables de distribució de baixa tensió dels punts finals.</div></div></div>","<div style=""text-align: left; font-family: -apple-system, sans-serif;""><div style=""font-weight: bold; font-size: 16px; color: #10b981; margin-bottom: 8px;"">✓ Resposta Correcta: B</div><div style=""font-size: 14px; margin-bottom: 12px; padding: 10px; background: rgba(16,185,129,0.1); border-radius: 6px; border-left: 4px solid #10b981;"">B) Els cables de protecció situats a la part més alta de la línia.</div><hr style=""border: 0; border-top: 1px solid #ddd; margin: 12px 0;""><div style=""font-size: 13px; color: #444; line-height: 1.4;""><b style=""color: #111;"">Explicació:</b> Els cables superiors de protecció tenen una funció diferent dels conductors que transporten l’energia.</div></div>","T12_-_Installacions","15819"
"<div style=""text-align: left; font-family: -apple-system, sans-serif;""><div style=""font-size: 11px; color: #888; margin-bottom: 6px;"">[T12 - Instal·lacions] Pregunta 253</div><div style=""font-weight: bold; font-size: 16px; margin-bottom: 14px; line-height: 1.4;"">Quin dispositiu permet tallar tota la instal·lació interior i alhora la protegeix davant de sobreintensitats?</div><div style=""font-size: 14px; line-height: 1.6;""><div style=""padding: 5px 0;""><b>A)</b> L’interruptor general de maniobra (IGM).</div><div style=""padding: 5px 0;""><b>B)</b> L’interruptor de control de potència (ICP).</div><div style=""padding: 5px 0;""><b>C)</b> L’interruptor general automàtic (IGA).</div><div style=""padding: 5px 0;""><b>D)</b> L’interruptor diferencial (ID).</div></div></div>","<div style=""text-align: left; font-family: -apple-system, sans-serif;""><div style=""font-weight: bold; font-size: 16px; color: #10b981; margin-bottom: 8px;"">✓ Resposta Correcta: C</div><div style=""font-size: 14px; margin-bottom: 12px; padding: 10px; background: rgba(16,185,129,0.1); border-radius: 6px; border-left: 4px solid #10b981;"">C) L’interruptor general automàtic (IGA).</div><hr style=""border: 0; border-top: 1px solid #ddd; margin: 12px 0;""><div style=""font-size: 13px; color: #444; line-height: 1.4;""><b style=""color: #111;"">Explicació:</b> L’IGA combina la maniobra general de la instal·lació interior amb la protecció contra sobrecàrregues i curtcircuits.</div></div>","T12_-_Installacions","15928"
"<div style=""text-align: left; font-family: -apple-system, sans-serif;""><div style=""font-size: 11px; color: #888; margin-bottom: 6px;"">[T12 - Instal·lacions] Pregunta 254</div><div style=""font-weight: bold; font-size: 16px; margin-bottom: 14px; line-height: 1.4;"">Quina aplicació és habitual d’una xarxa de gas MPB?</div><div style=""font-size: 14px; line-height: 1.6;""><div style=""padding: 5px 0;""><b>A)</b> Petits consumidors després de regulació.</div><div style=""padding: 5px 0;""><b>B)</b> Grans gasoductes de transport.</div><div style=""padding: 5px 0;""><b>C)</b> Instal·lacions receptores domèstiques.</div><div style=""padding: 5px 0;""><b>D)</b> Distribució urbana i industrial, polígons i grans edificis.</div></div></div>","<div style=""text-align: left; font-family: -apple-system, sans-serif;""><div style=""font-weight: bold; font-size: 16px; color: #10b981; margin-bottom: 8px;"">✓ Resposta Correcta: D</div><div style=""font-size: 14px; margin-bottom: 12px; padding: 10px; background: rgba(16,185,129,0.1); border-radius: 6px; border-left: 4px solid #10b981;"">D) Distribució urbana i industrial, polígons i grans edificis.</div><hr style=""border: 0; border-top: 1px solid #ddd; margin: 12px 0;""><div style=""font-size: 13px; color: #444; line-height: 1.4;""><b style=""color: #111;"">Explicació:</b> La MPB és habitual en distribució urbana i industrial i en grans edificis.</div></div>","T12_-_Installacions","16246"
"<div style=""text-align: left; font-family: -apple-system, sans-serif;""><div style=""font-size: 11px; color: #888; margin-bottom: 6px;"">[T12 - Instal·lacions] Pregunta 255</div><div style=""font-weight: bold; font-size: 16px; margin-bottom: 14px; line-height: 1.4;"">Quin element hi ha abans de cada comptador divisionari d’aigua?</div><div style=""font-size: 14px; line-height: 1.6;""><div style=""padding: 5px 0;""><b>A)</b> Una vàlvula de retenció.</div><div style=""padding: 5px 0;""><b>B)</b> Un filtre general.</div><div style=""padding: 5px 0;""><b>C)</b> Una clau de tall.</div><div style=""padding: 5px 0;""><b>D)</b> Un purgador.</div></div></div>","<div style=""text-align: left; font-family: -apple-system, sans-serif;""><div style=""font-weight: bold; font-size: 16px; color: #10b981; margin-bottom: 8px;"">✓ Resposta Correcta: C</div><div style=""font-size: 14px; margin-bottom: 12px; padding: 10px; background: rgba(16,185,129,0.1); border-radius: 6px; border-left: 4px solid #10b981;"">C) Una clau de tall.</div><hr style=""border: 0; border-top: 1px solid #ddd; margin: 12px 0;""><div style=""font-size: 13px; color: #444; line-height: 1.4;""><b style=""color: #111;"">Explicació:</b> Abans de cada comptador hi ha una clau per aïllar-lo.</div></div>","T12_-_Installacions","16142"
"<div style=""text-align: left; font-family: -apple-system, sans-serif;""><div style=""font-size: 11px; color: #888; margin-bottom: 6px;"">[T12 - Instal·lacions] Pregunta 256</div><div style=""font-weight: bold; font-size: 16px; margin-bottom: 14px; line-height: 1.4;"">Quina tensió utilitzen els tramvies (TRAM)?</div><div style=""font-size: 14px; line-height: 1.6;""><div style=""padding: 5px 0;""><b>A)</b> 1.500 V DC.</div><div style=""padding: 5px 0;""><b>B)</b> 3.000 V DC.</div><div style=""padding: 5px 0;""><b>C)</b> 25.000 V AC.</div><div style=""padding: 5px 0;""><b>D)</b> 750 V DC.</div></div></div>","<div style=""text-align: left; font-family: -apple-system, sans-serif;""><div style=""font-weight: bold; font-size: 16px; color: #10b981; margin-bottom: 8px;"">✓ Resposta Correcta: D</div><div style=""font-size: 14px; margin-bottom: 12px; padding: 10px; background: rgba(16,185,129,0.1); border-radius: 6px; border-left: 4px solid #10b981;"">D) 750 V DC.</div><hr style=""border: 0; border-top: 1px solid #ddd; margin: 12px 0;""><div style=""font-size: 13px; color: #444; line-height: 1.4;""><b style=""color: #111;"">Explicació:</b> Els tramvies (TRAM) treballen amb una tensió de 750 V en corrent continu.</div></div>","T12_-_Installacions","15742"
"<div style=""text-align: left; font-family: -apple-system, sans-serif;""><div style=""font-size: 11px; color: #888; margin-bottom: 6px;"">[T12 - Instal·lacions] Pregunta 257</div><div style=""font-weight: bold; font-size: 16px; margin-bottom: 14px; line-height: 1.4;"">Per on han de discórrer els muntants d’aigua?</div><div style=""font-size: 14px; line-height: 1.6;""><div style=""padding: 5px 0;""><b>A)</b> Per cambres privades.</div><div style=""padding: 5px 0;""><b>B)</b> Per recintes o buits comuns.</div><div style=""padding: 5px 0;""><b>C)</b> Per l’interior dels desguassos.</div><div style=""padding: 5px 0;""><b>D)</b> Per patis d’ús exclusiu.</div></div></div>","<div style=""text-align: left; font-family: -apple-system, sans-serif;""><div style=""font-weight: bold; font-size: 16px; color: #10b981; margin-bottom: 8px;"">✓ Resposta Correcta: B</div><div style=""font-size: 14px; margin-bottom: 12px; padding: 10px; background: rgba(16,185,129,0.1); border-radius: 6px; border-left: 4px solid #10b981;"">B) Per recintes o buits comuns.</div><hr style=""border: 0; border-top: 1px solid #ddd; margin: 12px 0;""><div style=""font-size: 13px; color: #444; line-height: 1.4;""><b style=""color: #111;"">Explicació:</b> Els muntants s’ubiquen en espais comuns.</div></div>","T12_-_Installacions","16132"
"<div style=""text-align: left; font-family: -apple-system, sans-serif;""><div style=""font-size: 11px; color: #888; margin-bottom: 6px;"">[T12 - Instal·lacions] Pregunta 258</div><div style=""font-weight: bold; font-size: 16px; margin-bottom: 14px; line-height: 1.4;"">Quin rang de pressió correspon a una xarxa de gas MPA?</div><div style=""font-size: 14px; line-height: 1.6;""><div style=""padding: 5px 0;""><b>A)</b> Més de 0,4 bar i fins a 4 bar.</div><div style=""padding: 5px 0;""><b>B)</b> Fins a 0,05 bar.</div><div style=""padding: 5px 0;""><b>C)</b> Més de 0,05 bar i fins a 0,4 bar.</div><div style=""padding: 5px 0;""><b>D)</b> Més de 4 bar i fins a 16 bar.</div></div></div>","<div style=""text-align: left; font-family: -apple-system, sans-serif;""><div style=""font-weight: bold; font-size: 16px; color: #10b981; margin-bottom: 8px;"">✓ Resposta Correcta: C</div><div style=""font-size: 14px; margin-bottom: 12px; padding: 10px; background: rgba(16,185,129,0.1); border-radius: 6px; border-left: 4px solid #10b981;"">C) Més de 0,05 bar i fins a 0,4 bar.</div><hr style=""border: 0; border-top: 1px solid #ddd; margin: 12px 0;""><div style=""font-size: 13px; color: #444; line-height: 1.4;""><b style=""color: #111;"">Explicació:</b> La categoria MPA treballa entre la baixa pressió i la MPB.</div></div>","T12_-_Installacions","16242"
"<div style=""text-align: left; font-family: -apple-system, sans-serif;""><div style=""font-size: 11px; color: #888; margin-bottom: 6px;"">[T12 - Instal·lacions] Pregunta 259</div><div style=""font-weight: bold; font-size: 16px; margin-bottom: 14px; line-height: 1.4;"">En un encreuament entre una línia elèctrica de transport i una de distribució, quina passa per sobre?</div><div style=""font-size: 14px; line-height: 1.6;""><div style=""padding: 5px 0;""><b>A)</b> La línia de transport.</div><div style=""padding: 5px 0;""><b>B)</b> La línia amb menor separació entre fases.</div><div style=""padding: 5px 0;""><b>C)</b> La línia amb menys conductors.</div><div style=""padding: 5px 0;""><b>D)</b> La línia de distribució.</div></div></div>","<div style=""text-align: left; font-family: -apple-system, sans-serif;""><div style=""font-weight: bold; font-size: 16px; color: #10b981; margin-bottom: 8px;"">✓ Resposta Correcta: A</div><div style=""font-size: 14px; margin-bottom: 12px; padding: 10px; background: rgba(16,185,129,0.1); border-radius: 6px; border-left: 4px solid #10b981;"">A) La línia de transport.</div><hr style=""border: 0; border-top: 1px solid #ddd; margin: 12px 0;""><div style=""font-size: 13px; color: #444; line-height: 1.4;""><b style=""color: #111;"">Explicació:</b> En els encreuaments, les línies de transport discorren per sobre de les línies de distribució.</div></div>","T12_-_Installacions","15832"
"<div style=""text-align: left; font-family: -apple-system, sans-serif;""><div style=""font-size: 11px; color: #888; margin-bottom: 6px;"">[T12 - Instal·lacions] Pregunta 260</div><div style=""font-weight: bold; font-size: 16px; margin-bottom: 14px; line-height: 1.4;"">Quina finalitat té posar a terra i en curtcircuit una instal·lació abans de treballar-hi?</div><div style=""font-size: 14px; line-height: 1.6;""><div style=""padding: 5px 0;""><b>A)</b> Mantenir totes les fases a la tensió nominal però sense diferència de potencial entre elles.</div><div style=""padding: 5px 0;""><b>B)</b> Fer que qualsevol corrent residual quedi emmagatzemat als conductors fins al final del treball.</div><div style=""padding: 5px 0;""><b>C)</b> Fer que una realimentació accidental es descarregui cap a terra i no a través de l’operari.</div><div style=""padding: 5px 0;""><b>D)</b> Impedir que les proteccions actuïn si es produeix una realimentació accidental.</div></div></div>","<div style=""text-align: left; font-family: -apple-system, sans-serif;""><div style=""font-weight: bold; font-size: 16px; color: #10b981; margin-bottom: 8px;"">✓ Resposta Correcta: C</div><div style=""font-size: 14px; margin-bottom: 12px; padding: 10px; background: rgba(16,185,129,0.1); border-radius: 6px; border-left: 4px solid #10b981;"">C) Fer que una realimentació accidental es descarregui cap a terra i no a través de l’operari.</div><hr style=""border: 0; border-top: 1px solid #ddd; margin: 12px 0;""><div style=""font-size: 13px; color: #444; line-height: 1.4;""><b style=""color: #111;"">Explicació:</b> La posada a terra i en curtcircuit crea una protecció passiva davant una energització inesperada.</div></div>","T12_-_Installacions","16065"
"<div style=""text-align: left; font-family: -apple-system, sans-serif;""><div style=""font-size: 11px; color: #888; margin-bottom: 6px;"">[T12 - Instal·lacions] Pregunta 261</div><div style=""font-weight: bold; font-size: 16px; margin-bottom: 14px; line-height: 1.4;"">Què requereix un grup electrogen per evitar riscos elèctrics?</div><div style=""font-size: 14px; line-height: 1.6;""><div style=""padding: 5px 0;""><b>A)</b> Un inversor i una connexió d’excedents.</div><div style=""padding: 5px 0;""><b>B)</b> Una bateria de 48 V DC i un sistema híbrid.</div><div style=""padding: 5px 0;""><b>C)</b> Una protecció anti-lliscant i una bateria d’acumulació.</div><div style=""padding: 5px 0;""><b>D)</b> Proteccions i connexions adequades.</div></div></div>","<div style=""text-align: left; font-family: -apple-system, sans-serif;""><div style=""font-weight: bold; font-size: 16px; color: #10b981; margin-bottom: 8px;"">✓ Resposta Correcta: D</div><div style=""font-size: 14px; margin-bottom: 12px; padding: 10px; background: rgba(16,185,129,0.1); border-radius: 6px; border-left: 4px solid #10b981;"">D) Proteccions i connexions adequades.</div><hr style=""border: 0; border-top: 1px solid #ddd; margin: 12px 0;""><div style=""font-size: 13px; color: #444; line-height: 1.4;""><b style=""color: #111;"">Explicació:</b> La seguretat dels grups electrògens depèn de disposar de proteccions i connexions adequades.</div></div>","T12_-_Installacions","15734"
"<div style=""text-align: left; font-family: -apple-system, sans-serif;""><div style=""font-size: 11px; color: #888; margin-bottom: 6px;"">[T12 - Instal·lacions] Pregunta 262</div><div style=""font-weight: bold; font-size: 16px; margin-bottom: 14px; line-height: 1.4;"">A qui pertanyen les instal·lacions d’enllaç elèctriques?</div><div style=""font-size: 14px; line-height: 1.6;""><div style=""padding: 5px 0;""><b>A)</b> A l’usuari o abonat.</div><div style=""padding: 5px 0;""><b>B)</b> Al titular del centre de transformació.</div><div style=""padding: 5px 0;""><b>C)</b> A l’administració local que gestiona la via pública.</div><div style=""padding: 5px 0;""><b>D)</b> A l’empresa distribuïdora.</div></div></div>","<div style=""text-align: left; font-family: -apple-system, sans-serif;""><div style=""font-weight: bold; font-size: 16px; color: #10b981; margin-bottom: 8px;"">✓ Resposta Correcta: A</div><div style=""font-size: 14px; margin-bottom: 12px; padding: 10px; background: rgba(16,185,129,0.1); border-radius: 6px; border-left: 4px solid #10b981;"">A) A l’usuari o abonat.</div><hr style=""border: 0; border-top: 1px solid #ddd; margin: 12px 0;""><div style=""font-size: 13px; color: #444; line-height: 1.4;""><b style=""color: #111;"">Explicació:</b> Les instal·lacions d’enllaç pertanyen a l’usuari o abonat.</div></div>","T12_-_Installacions","15872"
"<div style=""text-align: left; font-family: -apple-system, sans-serif;""><div style=""font-size: 11px; color: #888; margin-bottom: 6px;"">[T12 - Instal·lacions] Pregunta 263</div><div style=""font-weight: bold; font-size: 16px; margin-bottom: 14px; line-height: 1.4;"">Quants conductors de fase té una línia trifàsica d’un sol circuit?</div><div style=""font-size: 14px; line-height: 1.6;""><div style=""padding: 5px 0;""><b>A)</b> Quatre conductors.</div><div style=""padding: 5px 0;""><b>B)</b> Sis conductors.</div><div style=""padding: 5px 0;""><b>C)</b> Tres conductors.</div><div style=""padding: 5px 0;""><b>D)</b> Dos conductors.</div></div></div>","<div style=""text-align: left; font-family: -apple-system, sans-serif;""><div style=""font-weight: bold; font-size: 16px; color: #10b981; margin-bottom: 8px;"">✓ Resposta Correcta: C</div><div style=""font-size: 14px; margin-bottom: 12px; padding: 10px; background: rgba(16,185,129,0.1); border-radius: 6px; border-left: 4px solid #10b981;"">C) Tres conductors.</div><hr style=""border: 0; border-top: 1px solid #ddd; margin: 12px 0;""><div style=""font-size: 13px; color: #444; line-height: 1.4;""><b style=""color: #111;"">Explicació:</b> Un circuit trifàsic sense neutre necessita tres conductors de fase.</div></div>","T12_-_Installacions","15817"
"<div style=""text-align: left; font-family: -apple-system, sans-serif;""><div style=""font-size: 11px; color: #888; margin-bottom: 6px;"">[T12 - Instal·lacions] Pregunta 264</div><div style=""font-weight: bold; font-size: 16px; margin-bottom: 14px; line-height: 1.4;"">Què defineix una instal·lació aïllada?</div><div style=""font-size: 14px; line-height: 1.6;""><div style=""padding: 5px 0;""><b>A)</b> Forma part de la xarxa de transport a alta tensió.</div><div style=""padding: 5px 0;""><b>B)</b> Combina generació pròpia amb connexió permanent a la xarxa.</div><div style=""padding: 5px 0;""><b>C)</b> Funciona de manera autònoma i no està connectada a la xarxa principal.</div><div style=""padding: 5px 0;""><b>D)</b> S’alimenta a través de la catenària.</div></div></div>","<div style=""text-align: left; font-family: -apple-system, sans-serif;""><div style=""font-weight: bold; font-size: 16px; color: #10b981; margin-bottom: 8px;"">✓ Resposta Correcta: C</div><div style=""font-size: 14px; margin-bottom: 12px; padding: 10px; background: rgba(16,185,129,0.1); border-radius: 6px; border-left: 4px solid #10b981;"">C) Funciona de manera autònoma i no està connectada a la xarxa principal.</div><hr style=""border: 0; border-top: 1px solid #ddd; margin: 12px 0;""><div style=""font-size: 13px; color: #444; line-height: 1.4;""><b style=""color: #111;"">Explicació:</b> Una instal·lació aïllada funciona de manera autònoma, sense connexió a la xarxa elèctrica principal.</div></div>","T12_-_Installacions","15708"
"<div style=""text-align: left; font-family: -apple-system, sans-serif;""><div style=""font-size: 11px; color: #888; margin-bottom: 6px;"">[T12 - Instal·lacions] Pregunta 265</div><div style=""font-weight: bold; font-size: 16px; margin-bottom: 14px; line-height: 1.4;"">Quina operació facilita la clau de sortida del comptador general d’aigua?</div><div style=""font-size: 14px; line-height: 1.6;""><div style=""padding: 5px 0;""><b>A)</b> Muntar o desmuntar el comptador.</div><div style=""padding: 5px 0;""><b>B)</b> Netejar el filtre amb pressió.</div><div style=""padding: 5px 0;""><b>C)</b> Llegir els comptadors a distància.</div><div style=""padding: 5px 0;""><b>D)</b> Purgar els muntants.</div></div></div>","<div style=""text-align: left; font-family: -apple-system, sans-serif;""><div style=""font-weight: bold; font-size: 16px; color: #10b981; margin-bottom: 8px;"">✓ Resposta Correcta: A</div><div style=""font-size: 14px; margin-bottom: 12px; padding: 10px; background: rgba(16,185,129,0.1); border-radius: 6px; border-left: 4px solid #10b981;"">A) Muntar o desmuntar el comptador.</div><hr style=""border: 0; border-top: 1px solid #ddd; margin: 12px 0;""><div style=""font-size: 13px; color: #444; line-height: 1.4;""><b style=""color: #111;"">Explicació:</b> El tall a la sortida facilita la manipulació del comptador.</div></div>","T12_-_Installacions","16118"
"<div style=""text-align: left; font-family: -apple-system, sans-serif;""><div style=""font-size: 11px; color: #888; margin-bottom: 6px;"">[T12 - Instal·lacions] Pregunta 266</div><div style=""font-weight: bold; font-size: 16px; margin-bottom: 14px; line-height: 1.4;"">Què pot indicar el visor incorporat en alguns fusibles?</div><div style=""font-size: 14px; line-height: 1.6;""><div style=""padding: 5px 0;""><b>A)</b> Que el fusible està fos.</div><div style=""padding: 5px 0;""><b>B)</b> Que la potència contractada ha estat excedida.</div><div style=""padding: 5px 0;""><b>C)</b> Que la tensió ha superat el límit permanent.</div><div style=""padding: 5px 0;""><b>D)</b> Que el circuit presenta una fuga a terra.</div></div></div>","<div style=""text-align: left; font-family: -apple-system, sans-serif;""><div style=""font-weight: bold; font-size: 16px; color: #10b981; margin-bottom: 8px;"">✓ Resposta Correcta: A</div><div style=""font-size: 14px; margin-bottom: 12px; padding: 10px; background: rgba(16,185,129,0.1); border-radius: 6px; border-left: 4px solid #10b981;"">A) Que el fusible està fos.</div><hr style=""border: 0; border-top: 1px solid #ddd; margin: 12px 0;""><div style=""font-size: 13px; color: #444; line-height: 1.4;""><b style=""color: #111;"">Explicació:</b> Alguns fusibles incorporen un indicador visual de fusió.</div></div>","T12_-_Installacions","15948"
"<div style=""text-align: left; font-family: -apple-system, sans-serif;""><div style=""font-size: 11px; color: #888; margin-bottom: 6px;"">[T12 - Instal·lacions] Pregunta 267</div><div style=""font-weight: bold; font-size: 16px; margin-bottom: 14px; line-height: 1.4;"">Què ha de permetre el filtre general d’aigua durant el manteniment?</div><div style=""font-size: 14px; line-height: 1.6;""><div style=""padding: 5px 0;""><b>A)</b> Treure’l sense tallar el subministrament.</div><div style=""padding: 5px 0;""><b>B)</b> Regular la pressió de tota la xarxa.</div><div style=""padding: 5px 0;""><b>C)</b> Canviar-ne la malla amb pressió màxima.</div><div style=""padding: 5px 0;""><b>D)</b> Mesurar el cabal sense comptador.</div></div></div>","<div style=""text-align: left; font-family: -apple-system, sans-serif;""><div style=""font-weight: bold; font-size: 16px; color: #10b981; margin-bottom: 8px;"">✓ Resposta Correcta: A</div><div style=""font-size: 14px; margin-bottom: 12px; padding: 10px; background: rgba(16,185,129,0.1); border-radius: 6px; border-left: 4px solid #10b981;"">A) Treure’l sense tallar el subministrament.</div><hr style=""border: 0; border-top: 1px solid #ddd; margin: 12px 0;""><div style=""font-size: 13px; color: #444; line-height: 1.4;""><b style=""color: #111;"">Explicació:</b> El filtre s’ha de poder mantenir sense interrompre el servei d’aigua.</div></div>","T12_-_Installacions","16115"
"<div style=""text-align: left; font-family: -apple-system, sans-serif;""><div style=""font-size: 11px; color: #888; margin-bottom: 6px;"">[T12 - Instal·lacions] Pregunta 268</div><div style=""font-weight: bold; font-size: 16px; margin-bottom: 14px; line-height: 1.4;"">Com és una xarxa de distribució de gas ramificada?</div><div style=""font-size: 14px; line-height: 1.6;""><div style=""padding: 5px 0;""><b>A)</b> El gas circula en bucle a cada edifici.</div><div style=""padding: 5px 0;""><b>B)</b> El gas arriba per un únic camí.</div><div style=""padding: 5px 0;""><b>C)</b> El gas arriba des de dues escomeses.</div><div style=""padding: 5px 0;""><b>D)</b> El gas arriba per diversos itineraris.</div></div></div>","<div style=""text-align: left; font-family: -apple-system, sans-serif;""><div style=""font-weight: bold; font-size: 16px; color: #10b981; margin-bottom: 8px;"">✓ Resposta Correcta: B</div><div style=""font-size: 14px; margin-bottom: 12px; padding: 10px; background: rgba(16,185,129,0.1); border-radius: 6px; border-left: 4px solid #10b981;"">B) El gas arriba per un únic camí.</div><hr style=""border: 0; border-top: 1px solid #ddd; margin: 12px 0;""><div style=""font-size: 13px; color: #444; line-height: 1.4;""><b style=""color: #111;"">Explicació:</b> En una xarxa ramificada cada punt depèn d’un únic itinerari.</div></div>","T12_-_Installacions","16221"
"<div style=""text-align: left; font-family: -apple-system, sans-serif;""><div style=""font-size: 11px; color: #888; margin-bottom: 6px;"">[T12 - Instal·lacions] Pregunta 269</div><div style=""font-weight: bold; font-size: 16px; margin-bottom: 14px; line-height: 1.4;"">Què fa girar la turbina en una central amb turbina de vapor?</div><div style=""font-size: 14px; line-height: 1.6;""><div style=""padding: 5px 0;""><b>A)</b> Aigua en moviment sense canvi d’estat.</div><div style=""padding: 5px 0;""><b>B)</b> Vapor d’aigua a alta pressió.</div><div style=""padding: 5px 0;""><b>C)</b> Aire impulsat per l’acció del vent.</div><div style=""padding: 5px 0;""><b>D)</b> Gasos calents procedents directament de la combustió.</div></div></div>","<div style=""text-align: left; font-family: -apple-system, sans-serif;""><div style=""font-weight: bold; font-size: 16px; color: #10b981; margin-bottom: 8px;"">✓ Resposta Correcta: B</div><div style=""font-size: 14px; margin-bottom: 12px; padding: 10px; background: rgba(16,185,129,0.1); border-radius: 6px; border-left: 4px solid #10b981;"">B) Vapor d’aigua a alta pressió.</div><hr style=""border: 0; border-top: 1px solid #ddd; margin: 12px 0;""><div style=""font-size: 13px; color: #444; line-height: 1.4;""><b style=""color: #111;"">Explicació:</b> En una turbina de vapor, el vapor d’aigua a alta pressió és el que fa girar la turbina.</div></div>","T12_-_Installacions","15761"
"<div style=""text-align: left; font-family: -apple-system, sans-serif;""><div style=""font-size: 11px; color: #888; margin-bottom: 6px;"">[T12 - Instal·lacions] Pregunta 270</div><div style=""font-weight: bold; font-size: 16px; margin-bottom: 14px; line-height: 1.4;"">Com és la topologia de la xarxa elèctrica de transport i distribució?</div><div style=""font-size: 14px; line-height: 1.6;""><div style=""padding: 5px 0;""><b>A)</b> És una xarxa molt mallada.</div><div style=""padding: 5px 0;""><b>B)</b> És una xarxa lineal sense ramificacions.</div><div style=""padding: 5px 0;""><b>C)</b> És una xarxa radial amb un únic camí per punt.</div><div style=""padding: 5px 0;""><b>D)</b> És una xarxa formada per circuits independents sense connexions.</div></div></div>","<div style=""text-align: left; font-family: -apple-system, sans-serif;""><div style=""font-weight: bold; font-size: 16px; color: #10b981; margin-bottom: 8px;"">✓ Resposta Correcta: A</div><div style=""font-size: 14px; margin-bottom: 12px; padding: 10px; background: rgba(16,185,129,0.1); border-radius: 6px; border-left: 4px solid #10b981;"">A) És una xarxa molt mallada.</div><hr style=""border: 0; border-top: 1px solid #ddd; margin: 12px 0;""><div style=""font-size: 13px; color: #444; line-height: 1.4;""><b style=""color: #111;"">Explicació:</b> La xarxa està fortament interconnectada i presenta una estructura mallada.</div></div>","T12_-_Installacions","15833"
"<div style=""text-align: left; font-family: -apple-system, sans-serif;""><div style=""font-size: 11px; color: #888; margin-bottom: 6px;"">[T12 - Instal·lacions] Pregunta 271</div><div style=""font-weight: bold; font-size: 16px; margin-bottom: 14px; line-height: 1.4;"">On se situa el filtre general d’aigua respecte de la clau general?</div><div style=""font-size: 14px; line-height: 1.6;""><div style=""padding: 5px 0;""><b>A)</b> Després del distribuïdor principal.</div><div style=""padding: 5px 0;""><b>B)</b> Abans de la clau de presa.</div><div style=""padding: 5px 0;""><b>C)</b> Abans de l’escomesa.</div><div style=""padding: 5px 0;""><b>D)</b> Després de la clau general.</div></div></div>","<div style=""text-align: left; font-family: -apple-system, sans-serif;""><div style=""font-weight: bold; font-size: 16px; color: #10b981; margin-bottom: 8px;"">✓ Resposta Correcta: D</div><div style=""font-size: 14px; margin-bottom: 12px; padding: 10px; background: rgba(16,185,129,0.1); border-radius: 6px; border-left: 4px solid #10b981;"">D) Després de la clau general.</div><hr style=""border: 0; border-top: 1px solid #ddd; margin: 12px 0;""><div style=""font-size: 13px; color: #444; line-height: 1.4;""><b style=""color: #111;"">Explicació:</b> El filtre s’instal·la aigües avall de la clau de tall general.</div></div>","T12_-_Installacions","16111"
"<div style=""text-align: left; font-family: -apple-system, sans-serif;""><div style=""font-size: 11px; color: #888; margin-bottom: 6px;"">[T12 - Instal·lacions] Pregunta 272</div><div style=""font-weight: bold; font-size: 16px; margin-bottom: 14px; line-height: 1.4;"">Quin principi utilitzen les centrals tèrmiques amb alternador?</div><div style=""font-size: 14px; line-height: 1.6;""><div style=""padding: 5px 0;""><b>A)</b> Utilitzen calor per moure turbines o motors.</div><div style=""padding: 5px 0;""><b>B)</b> Transformen la llum solar directament en corrent continu.</div><div style=""padding: 5px 0;""><b>C)</b> Utilitzen directament l’energia mecànica de l’aigua o del vent.</div><div style=""padding: 5px 0;""><b>D)</b> Utilitzen un transformador per produir energia elèctrica.</div></div></div>","<div style=""text-align: left; font-family: -apple-system, sans-serif;""><div style=""font-weight: bold; font-size: 16px; color: #10b981; margin-bottom: 8px;"">✓ Resposta Correcta: A</div><div style=""font-size: 14px; margin-bottom: 12px; padding: 10px; background: rgba(16,185,129,0.1); border-radius: 6px; border-left: 4px solid #10b981;"">A) Utilitzen calor per moure turbines o motors.</div><hr style=""border: 0; border-top: 1px solid #ddd; margin: 12px 0;""><div style=""font-size: 13px; color: #444; line-height: 1.4;""><b style=""color: #111;"">Explicació:</b> Les centrals tèrmiques converteixen calor en moviment mecànic que acciona turbines o motors.</div></div>","T12_-_Installacions","15760"
"<div style=""text-align: left; font-family: -apple-system, sans-serif;""><div style=""font-size: 11px; color: #888; margin-bottom: 6px;"">[T12 - Instal·lacions] Pregunta 273</div><div style=""font-weight: bold; font-size: 16px; margin-bottom: 14px; line-height: 1.4;"">Respecte de la xarxa potable, on s’han de situar els col·lectors de sanejament?</div><div style=""font-size: 14px; line-height: 1.6;""><div style=""padding: 5px 0;""><b>A)</b> A qualsevol cota si són de PVC.</div><div style=""padding: 5px 0;""><b>B)</b> A la mateixa cota que la xarxa potable.</div><div style=""padding: 5px 0;""><b>C)</b> Per sobre de la xarxa d’aigua potable.</div><div style=""padding: 5px 0;""><b>D)</b> Per sota de la xarxa d’aigua potable.</div></div></div>","<div style=""text-align: left; font-family: -apple-system, sans-serif;""><div style=""font-weight: bold; font-size: 16px; color: #10b981; margin-bottom: 8px;"">✓ Resposta Correcta: D</div><div style=""font-size: 14px; margin-bottom: 12px; padding: 10px; background: rgba(16,185,129,0.1); border-radius: 6px; border-left: 4px solid #10b981;"">D) Per sota de la xarxa d’aigua potable.</div><hr style=""border: 0; border-top: 1px solid #ddd; margin: 12px 0;""><div style=""font-size: 13px; color: #444; line-height: 1.4;""><b style=""color: #111;"">Explicació:</b> La xarxa de sanejament s’ha de col·locar per sota de la d’aigua potable.</div></div>","T12_-_Installacions","16181"
"<div style=""text-align: left; font-family: -apple-system, sans-serif;""><div style=""font-size: 11px; color: #888; margin-bottom: 6px;"">[T12 - Instal·lacions] Pregunta 274</div><div style=""font-weight: bold; font-size: 16px; margin-bottom: 14px; line-height: 1.4;"">Quins elements exigeixen una atenció especial encara que s’hagi tallat l’alimentació principal?</div><div style=""font-size: 14px; line-height: 1.6;""><div style=""padding: 5px 0;""><b>A)</b> Fusibles i magnetotèrmics que ja han obert el circuit.</div><div style=""padding: 5px 0;""><b>B)</b> Bateries i condensadors capaços d’emmagatzemar energia.</div><div style=""padding: 5px 0;""><b>C)</b> Conductors de protecció connectats permanentment a terra.</div><div style=""padding: 5px 0;""><b>D)</b> Interruptors diferencials que hagin estat desconnectats des del comandament frontal.</div></div></div>","<div style=""text-align: left; font-family: -apple-system, sans-serif;""><div style=""font-weight: bold; font-size: 16px; color: #10b981; margin-bottom: 8px;"">✓ Resposta Correcta: B</div><div style=""font-size: 14px; margin-bottom: 12px; padding: 10px; background: rgba(16,185,129,0.1); border-radius: 6px; border-left: 4px solid #10b981;"">B) Bateries i condensadors capaços d’emmagatzemar energia.</div><hr style=""border: 0; border-top: 1px solid #ddd; margin: 12px 0;""><div style=""font-size: 13px; color: #444; line-height: 1.4;""><b style=""color: #111;"">Explicació:</b> Alguns elements poden conservar energia després de la desconnexió de la font principal.</div></div>","T12_-_Installacions","16056"
"<div style=""text-align: left; font-family: -apple-system, sans-serif;""><div style=""font-size: 11px; color: #888; margin-bottom: 6px;"">[T12 - Instal·lacions] Pregunta 275</div><div style=""font-weight: bold; font-size: 16px; margin-bottom: 14px; line-height: 1.4;"">Què diferencia sobretot la xarxa de transport de la de distribució?</div><div style=""font-size: 14px; line-height: 1.6;""><div style=""padding: 5px 0;""><b>A)</b> El tipus de central que produeix l’electricitat.</div><div style=""padding: 5px 0;""><b>B)</b> El nombre exacte de conductors que utilitzen.</div><div style=""padding: 5px 0;""><b>C)</b> La presència obligatòria de línies soterrades.</div><div style=""padding: 5px 0;""><b>D)</b> La funció que exerceixen dins del sistema elèctric.</div></div></div>","<div style=""text-align: left; font-family: -apple-system, sans-serif;""><div style=""font-weight: bold; font-size: 16px; color: #10b981; margin-bottom: 8px;"">✓ Resposta Correcta: D</div><div style=""font-size: 14px; margin-bottom: 12px; padding: 10px; background: rgba(16,185,129,0.1); border-radius: 6px; border-left: 4px solid #10b981;"">D) La funció que exerceixen dins del sistema elèctric.</div><hr style=""border: 0; border-top: 1px solid #ddd; margin: 12px 0;""><div style=""font-size: 13px; color: #444; line-height: 1.4;""><b style=""color: #111;"">Explicació:</b> La distinció entre transport i distribució és principalment funcional, no només de tensió.</div></div>","T12_-_Installacions","15803"
"<div style=""text-align: left; font-family: -apple-system, sans-serif;""><div style=""font-size: 11px; color: #888; margin-bottom: 6px;"">[T12 - Instal·lacions] Pregunta 276</div><div style=""font-weight: bold; font-size: 16px; margin-bottom: 14px; line-height: 1.4;"">Davant de quins defectes protegeix l’interruptor general automàtic (IGA)?</div><div style=""font-size: 14px; line-height: 1.6;""><div style=""padding: 5px 0;""><b>A)</b> Fuites a terra i contactes indirectes.</div><div style=""padding: 5px 0;""><b>B)</b> Excés de potència contractada.</div><div style=""padding: 5px 0;""><b>C)</b> Sobretensions transitòries i permanents.</div><div style=""padding: 5px 0;""><b>D)</b> Sobrecàrregues i curtcircuits.</div></div></div>","<div style=""text-align: left; font-family: -apple-system, sans-serif;""><div style=""font-weight: bold; font-size: 16px; color: #10b981; margin-bottom: 8px;"">✓ Resposta Correcta: D</div><div style=""font-size: 14px; margin-bottom: 12px; padding: 10px; background: rgba(16,185,129,0.1); border-radius: 6px; border-left: 4px solid #10b981;"">D) Sobrecàrregues i curtcircuits.</div><hr style=""border: 0; border-top: 1px solid #ddd; margin: 12px 0;""><div style=""font-size: 13px; color: #444; line-height: 1.4;""><b style=""color: #111;"">Explicació:</b> L’IGA protegeix el conjunt de la instal·lació interior contra sobreintensitats per sobrecàrrega o curtcircuit.</div></div>","T12_-_Installacions","15913"
"<div style=""text-align: left; font-family: -apple-system, sans-serif;""><div style=""font-size: 11px; color: #888; margin-bottom: 6px;"">[T12 - Instal·lacions] Pregunta 277</div><div style=""font-weight: bold; font-size: 16px; margin-bottom: 14px; line-height: 1.4;"">Una xarxa de gas que treballa exactament a 16 bar, com es classifica?</div><div style=""font-size: 14px; line-height: 1.6;""><div style=""padding: 5px 0;""><b>A)</b> APB.</div><div style=""padding: 5px 0;""><b>B)</b> MPA.</div><div style=""padding: 5px 0;""><b>C)</b> MPB.</div><div style=""padding: 5px 0;""><b>D)</b> APA.</div></div></div>","<div style=""text-align: left; font-family: -apple-system, sans-serif;""><div style=""font-weight: bold; font-size: 16px; color: #10b981; margin-bottom: 8px;"">✓ Resposta Correcta: D</div><div style=""font-size: 14px; margin-bottom: 12px; padding: 10px; background: rgba(16,185,129,0.1); border-radius: 6px; border-left: 4px solid #10b981;"">D) APA.</div><hr style=""border: 0; border-top: 1px solid #ddd; margin: 12px 0;""><div style=""font-size: 13px; color: #444; line-height: 1.4;""><b style=""color: #111;"">Explicació:</b> La categoria APA arriba fins a 16 bar; APB comença per sobre de 16 bar.</div></div>","T12_-_Installacions","16249"
"<div style=""text-align: left; font-family: -apple-system, sans-serif;""><div style=""font-size: 11px; color: #888; margin-bottom: 6px;"">[T12 - Instal·lacions] Pregunta 278</div><div style=""font-weight: bold; font-size: 16px; margin-bottom: 14px; line-height: 1.4;"">Què indica una diferència entre el corrent que entra i el que surt d’un circuit controlat per un diferencial?</div><div style=""font-size: 14px; line-height: 1.6;""><div style=""padding: 5px 0;""><b>A)</b> Que la tensió de xarxa és massa elevada.</div><div style=""padding: 5px 0;""><b>B)</b> Que hi ha necessàriament una sobrecàrrega tèrmica.</div><div style=""padding: 5px 0;""><b>C)</b> Que una part del corrent pot estar fugint cap a terra.</div><div style=""padding: 5px 0;""><b>D)</b> Que el circuit treballa amb una potència inferior a la contractada.</div></div></div>","<div style=""text-align: left; font-family: -apple-system, sans-serif;""><div style=""font-weight: bold; font-size: 16px; color: #10b981; margin-bottom: 8px;"">✓ Resposta Correcta: C</div><div style=""font-size: 14px; margin-bottom: 12px; padding: 10px; background: rgba(16,185,129,0.1); border-radius: 6px; border-left: 4px solid #10b981;"">C) Que una part del corrent pot estar fugint cap a terra.</div><hr style=""border: 0; border-top: 1px solid #ddd; margin: 12px 0;""><div style=""font-size: 13px; color: #444; line-height: 1.4;""><b style=""color: #111;"">Explicació:</b> El desequilibri de corrent és el principi que utilitza el diferencial per detectar una fuga.</div></div>","T12_-_Installacions","15976"
"<div style=""text-align: left; font-family: -apple-system, sans-serif;""><div style=""font-size: 11px; color: #888; margin-bottom: 6px;"">[T12 - Instal·lacions] Pregunta 279</div><div style=""font-weight: bold; font-size: 16px; margin-bottom: 14px; line-height: 1.4;"">Quin criteri s’ha de seguir davant la manca d’un equip dielèctric adequat?</div><div style=""font-size: 14px; line-height: 1.6;""><div style=""padding: 5px 0;""><b>A)</b> No improvisar una protecció amb eines o materials que no estiguin certificats per a aquell ús.</div><div style=""padding: 5px 0;""><b>B)</b> Utilitzar equips humits si la tensió és baixa i el contacte és molt breu.</div><div style=""padding: 5px 0;""><b>C)</b> Combinar dos elements aïllants normals per augmentar-ne la tensió admissible.</div><div style=""padding: 5px 0;""><b>D)</b> Utilitzar una eina amb mànec de goma si no presenta parts metàl·liques exposades.</div></div></div>","<div style=""text-align: left; font-family: -apple-system, sans-serif;""><div style=""font-weight: bold; font-size: 16px; color: #10b981; margin-bottom: 8px;"">✓ Resposta Correcta: A</div><div style=""font-size: 14px; margin-bottom: 12px; padding: 10px; background: rgba(16,185,129,0.1); border-radius: 6px; border-left: 4px solid #10b981;"">A) No improvisar una protecció amb eines o materials que no estiguin certificats per a aquell ús.</div><hr style=""border: 0; border-top: 1px solid #ddd; margin: 12px 0;""><div style=""font-size: 13px; color: #444; line-height: 1.4;""><b style=""color: #111;"">Explicació:</b> La seguretat elèctrica depèn d’equips dissenyats i certificats, no d’aparences o solucions improvisades.</div></div>","T12_-_Installacions","16081"
"<div style=""text-align: left; font-family: -apple-system, sans-serif;""><div style=""font-size: 11px; color: #888; margin-bottom: 6px;"">[T12 - Instal·lacions] Pregunta 280</div><div style=""font-weight: bold; font-size: 16px; margin-bottom: 14px; line-height: 1.4;"">En quin cas és habitual instal·lar un feeder en una línia ferroviària?</div><div style=""font-size: 14px; line-height: 1.6;""><div style=""padding: 5px 0;""><b>A)</b> En trams curts amb subestacions molt pròximes.</div><div style=""padding: 5px 0;""><b>B)</b> En trams de demanda baixa amb molts punts d’alimentació.</div><div style=""padding: 5px 0;""><b>C)</b> En trams alimentats per tercer carril.</div><div style=""padding: 5px 0;""><b>D)</b> En trams llargs sense subestacions.</div></div></div>","<div style=""text-align: left; font-family: -apple-system, sans-serif;""><div style=""font-weight: bold; font-size: 16px; color: #10b981; margin-bottom: 8px;"">✓ Resposta Correcta: D</div><div style=""font-size: 14px; margin-bottom: 12px; padding: 10px; background: rgba(16,185,129,0.1); border-radius: 6px; border-left: 4px solid #10b981;"">D) En trams llargs sense subestacions.</div><hr style=""border: 0; border-top: 1px solid #ddd; margin: 12px 0;""><div style=""font-size: 13px; color: #444; line-height: 1.4;""><b style=""color: #111;"">Explicació:</b> Els feeders també són habituals en trams llargs on no hi ha subestacions properes.</div></div>","T12_-_Installacions","15752"
"<div style=""text-align: left; font-family: -apple-system, sans-serif;""><div style=""font-size: 11px; color: #888; margin-bottom: 6px;"">[T12 - Instal·lacions] Pregunta 281</div><div style=""font-weight: bold; font-size: 16px; margin-bottom: 14px; line-height: 1.4;"">Quina funció té el filtre general d’una instal·lació d’aigua?</div><div style=""font-size: 14px; line-height: 1.6;""><div style=""padding: 5px 0;""><b>A)</b> Evitar el retorn d’aigua.</div><div style=""padding: 5px 0;""><b>B)</b> Mesurar el cabal.</div><div style=""padding: 5px 0;""><b>C)</b> Retenir impureses.</div><div style=""padding: 5px 0;""><b>D)</b> Regular la pressió.</div></div></div>","<div style=""text-align: left; font-family: -apple-system, sans-serif;""><div style=""font-weight: bold; font-size: 16px; color: #10b981; margin-bottom: 8px;"">✓ Resposta Correcta: C</div><div style=""font-size: 14px; margin-bottom: 12px; padding: 10px; background: rgba(16,185,129,0.1); border-radius: 6px; border-left: 4px solid #10b981;"">C) Retenir impureses.</div><hr style=""border: 0; border-top: 1px solid #ddd; margin: 12px 0;""><div style=""font-size: 13px; color: #444; line-height: 1.4;""><b style=""color: #111;"">Explicació:</b> El filtre evita que les impureses circulin per la instal·lació.</div></div>","T12_-_Installacions","16109"
"<div style=""text-align: left; font-family: -apple-system, sans-serif;""><div style=""font-size: 11px; color: #888; margin-bottom: 6px;"">[T12 - Instal·lacions] Pregunta 282</div><div style=""font-weight: bold; font-size: 16px; margin-bottom: 14px; line-height: 1.4;"">Quines bombones s'usen habitualment en els habitatges?</div><div style=""font-size: 14px; line-height: 1.6;""><div style=""padding: 5px 0;""><b>A)</b> UNE-156</div><div style=""padding: 5px 0;""><b>B)</b> UD-125</div><div style=""padding: 5px 0;""><b>C)</b> UNE-125</div><div style=""padding: 5px 0;""><b>D)</b> UD-156</div></div></div>","<div style=""text-align: left; font-family: -apple-system, sans-serif;""><div style=""font-weight: bold; font-size: 16px; color: #10b981; margin-bottom: 8px;"">✓ Resposta Correcta: B</div><div style=""font-size: 14px; margin-bottom: 12px; padding: 10px; background: rgba(16,185,129,0.1); border-radius: 6px; border-left: 4px solid #10b981;"">B) UD-125</div></div>","T12_-_Installacions","16199"
"<div style=""text-align: left; font-family: -apple-system, sans-serif;""><div style=""font-size: 11px; color: #888; margin-bottom: 6px;"">[T12 - Instal·lacions] Pregunta 283</div><div style=""font-weight: bold; font-size: 16px; margin-bottom: 14px; line-height: 1.4;"">Per quin motiu els cables de guarda són menys habituals a les línies de distribució de mitja tensió?</div><div style=""font-size: 14px; line-height: 1.6;""><div style=""padding: 5px 0;""><b>A)</b> Principalment per raons econòmiques.</div><div style=""padding: 5px 0;""><b>B)</b> Per l’ús habitual d’un conductor neutre.</div><div style=""padding: 5px 0;""><b>C)</b> Per la menor separació entre fases.</div><div style=""padding: 5px 0;""><b>D)</b> Per la menor alçada de les torres.</div></div></div>","<div style=""text-align: left; font-family: -apple-system, sans-serif;""><div style=""font-weight: bold; font-size: 16px; color: #10b981; margin-bottom: 8px;"">✓ Resposta Correcta: A</div><div style=""font-size: 14px; margin-bottom: 12px; padding: 10px; background: rgba(16,185,129,0.1); border-radius: 6px; border-left: 4px solid #10b981;"">A) Principalment per raons econòmiques.</div><hr style=""border: 0; border-top: 1px solid #ddd; margin: 12px 0;""><div style=""font-size: 13px; color: #444; line-height: 1.4;""><b style=""color: #111;"">Explicació:</b> El cost i l’afectació econòmica expliquen que no siguin habituals en moltes línies de MT.</div></div>","T12_-_Installacions","15830"
"<div style=""text-align: left; font-family: -apple-system, sans-serif;""><div style=""font-size: 11px; color: #888; margin-bottom: 6px;"">[T12 - Instal·lacions] Pregunta 284</div><div style=""font-weight: bold; font-size: 16px; margin-bottom: 14px; line-height: 1.4;"">Qui ha d’acompanyar una intervenció en generació, transport o distribució d'energia elèctrica?</div><div style=""font-size: 14px; line-height: 1.6;""><div style=""padding: 5px 0;""><b>A)</b> Personal encarregat dels equips de consum.</div><div style=""padding: 5px 0;""><b>B)</b> Personal de manteniment de la instal·lació receptora.</div><div style=""padding: 5px 0;""><b>C)</b> Personal de la companyia elèctrica.</div><div style=""padding: 5px 0;""><b>D)</b> Personal responsable de l’autoconsum de l’edifici.</div></div></div>","<div style=""text-align: left; font-family: -apple-system, sans-serif;""><div style=""font-weight: bold; font-size: 16px; color: #10b981; margin-bottom: 8px;"">✓ Resposta Correcta: C</div><div style=""font-size: 14px; margin-bottom: 12px; padding: 10px; background: rgba(16,185,129,0.1); border-radius: 6px; border-left: 4px solid #10b981;"">C) Personal de la companyia elèctrica.</div><hr style=""border: 0; border-top: 1px solid #ddd; margin: 12px 0;""><div style=""font-size: 13px; color: #444; line-height: 1.4;""><b style=""color: #111;"">Explicació:</b> Les intervencions en aquests àmbits s’han de fer acompanyades de personal de la companyia elèctrica.</div></div>","T12_-_Installacions","15699"
"<div style=""text-align: left; font-family: -apple-system, sans-serif;""><div style=""font-size: 11px; color: #888; margin-bottom: 6px;"">[T12 - Instal·lacions] Pregunta 285</div><div style=""font-weight: bold; font-size: 16px; margin-bottom: 14px; line-height: 1.4;"">Quines tensions utilitza principalment la xarxa de transport a la Península?</div><div style=""font-size: 14px; line-height: 1.6;""><div style=""padding: 5px 0;""><b>A)</b> 36 kV i 110 kV.</div><div style=""padding: 5px 0;""><b>B)</b> 220 kV i 400 kV.</div><div style=""padding: 5px 0;""><b>C)</b> 230 V i 400 V.</div><div style=""padding: 5px 0;""><b>D)</b> 1 kV i 36 kV.</div></div></div>","<div style=""text-align: left; font-family: -apple-system, sans-serif;""><div style=""font-weight: bold; font-size: 16px; color: #10b981; margin-bottom: 8px;"">✓ Resposta Correcta: B</div><div style=""font-size: 14px; margin-bottom: 12px; padding: 10px; background: rgba(16,185,129,0.1); border-radius: 6px; border-left: 4px solid #10b981;"">B) 220 kV i 400 kV.</div><hr style=""border: 0; border-top: 1px solid #ddd; margin: 12px 0;""><div style=""font-size: 13px; color: #444; line-height: 1.4;""><b style=""color: #111;"">Explicació:</b> La xarxa principal de transport peninsular treballa sobretot a 220 i 400 kV.</div></div>","T12_-_Installacions","15801"
"<div style=""text-align: left; font-family: -apple-system, sans-serif;""><div style=""font-size: 11px; color: #888; margin-bottom: 6px;"">[T12 - Instal·lacions] Pregunta 286</div><div style=""font-weight: bold; font-size: 16px; margin-bottom: 14px; line-height: 1.4;"">Com es connecten els cables de protecció o guarda d’una línia de transport?</div><div style=""font-size: 14px; line-height: 1.6;""><div style=""padding: 5px 0;""><b>A)</b> Es connecten directament als consumidors finals.</div><div style=""padding: 5px 0;""><b>B)</b> Es connecten a terra.</div><div style=""padding: 5px 0;""><b>C)</b> Es connecten en sèrie amb les fases.</div><div style=""padding: 5px 0;""><b>D)</b> Es connecten al conductor neutre.</div></div></div>","<div style=""text-align: left; font-family: -apple-system, sans-serif;""><div style=""font-weight: bold; font-size: 16px; color: #10b981; margin-bottom: 8px;"">✓ Resposta Correcta: B</div><div style=""font-size: 14px; margin-bottom: 12px; padding: 10px; background: rgba(16,185,129,0.1); border-radius: 6px; border-left: 4px solid #10b981;"">B) Es connecten a terra.</div><hr style=""border: 0; border-top: 1px solid #ddd; margin: 12px 0;""><div style=""font-size: 13px; color: #444; line-height: 1.4;""><b style=""color: #111;"">Explicació:</b> Els cables de guarda estan posats a terra per complir la seva funció protectora.</div></div>","T12_-_Installacions","15827"
"<div style=""text-align: left; font-family: -apple-system, sans-serif;""><div style=""font-size: 11px; color: #888; margin-bottom: 6px;"">[T12 - Instal·lacions] Pregunta 287</div><div style=""font-weight: bold; font-size: 16px; margin-bottom: 14px; line-height: 1.4;"">Què comprova principalment un discriminador de tensió?</div><div style=""font-size: 14px; line-height: 1.6;""><div style=""padding: 5px 0;""><b>A)</b> La intensitat que circula per un conductor sense obrir el circuit.</div><div style=""padding: 5px 0;""><b>B)</b> La diferència de potencial entre dos punts d’un circuit.</div><div style=""padding: 5px 0;""><b>C)</b> La resistència d’aïllament entre un conductor i la carcassa.</div><div style=""padding: 5px 0;""><b>D)</b> La potència consumida per un receptor entre fase i neutre.</div></div></div>","<div style=""text-align: left; font-family: -apple-system, sans-serif;""><div style=""font-weight: bold; font-size: 16px; color: #10b981; margin-bottom: 8px;"">✓ Resposta Correcta: B</div><div style=""font-size: 14px; margin-bottom: 12px; padding: 10px; background: rgba(16,185,129,0.1); border-radius: 6px; border-left: 4px solid #10b981;"">B) La diferència de potencial entre dos punts d’un circuit.</div><hr style=""border: 0; border-top: 1px solid #ddd; margin: 12px 0;""><div style=""font-size: 13px; color: #444; line-height: 1.4;""><b style=""color: #111;"">Explicació:</b> El discriminador treballa entre dos punts i permet comprovar si hi ha diferència de potencial.</div></div>","T12_-_Installacions","16028"
"<div style=""text-align: left; font-family: -apple-system, sans-serif;""><div style=""font-size: 11px; color: #888; margin-bottom: 6px;"">[T12 - Instal·lacions] Pregunta 288</div><div style=""font-weight: bold; font-size: 16px; margin-bottom: 14px; line-height: 1.4;"">Quina tensió utilitza l’alta velocitat (AVE)?</div><div style=""font-size: 14px; line-height: 1.6;""><div style=""padding: 5px 0;""><b>A)</b> 3.000 V DC.</div><div style=""padding: 5px 0;""><b>B)</b> 25.000 V AC.</div><div style=""padding: 5px 0;""><b>C)</b> 750 V DC.</div><div style=""padding: 5px 0;""><b>D)</b> 1.500 V DC.</div></div></div>","<div style=""text-align: left; font-family: -apple-system, sans-serif;""><div style=""font-weight: bold; font-size: 16px; color: #10b981; margin-bottom: 8px;"">✓ Resposta Correcta: B</div><div style=""font-size: 14px; margin-bottom: 12px; padding: 10px; background: rgba(16,185,129,0.1); border-radius: 6px; border-left: 4px solid #10b981;"">B) 25.000 V AC.</div><hr style=""border: 0; border-top: 1px solid #ddd; margin: 12px 0;""><div style=""font-size: 13px; color: #444; line-height: 1.4;""><b style=""color: #111;"">Explicació:</b> L’alta velocitat utilitza 25.000 V en corrent altern.</div></div>","T12_-_Installacions","15745"
"<div style=""text-align: left; font-family: -apple-system, sans-serif;""><div style=""font-size: 11px; color: #888; margin-bottom: 6px;"">[T12 - Instal·lacions] Pregunta 289</div><div style=""font-weight: bold; font-size: 16px; margin-bottom: 14px; line-height: 1.4;"">Què passa si es manté bloquejada la palanca d’un magnetotèrmic durant una fallada?</div><div style=""font-size: 14px; line-height: 1.6;""><div style=""padding: 5px 0;""><b>A)</b> El magnetotèrmic passa a actuar com un fusible d’un sol ús.</div><div style=""padding: 5px 0;""><b>B)</b> La protecció interna pot actuar igualment i desconnectar.</div><div style=""padding: 5px 0;""><b>C)</b> La protecció queda anul·lada fins que s’allibera la palanca.</div><div style=""padding: 5px 0;""><b>D)</b> El circuit queda protegit únicament contra fugues a terra.</div></div></div>","<div style=""text-align: left; font-family: -apple-system, sans-serif;""><div style=""font-weight: bold; font-size: 16px; color: #10b981; margin-bottom: 8px;"">✓ Resposta Correcta: B</div><div style=""font-size: 14px; margin-bottom: 12px; padding: 10px; background: rgba(16,185,129,0.1); border-radius: 6px; border-left: 4px solid #10b981;"">B) La protecció interna pot actuar igualment i desconnectar.</div><hr style=""border: 0; border-top: 1px solid #ddd; margin: 12px 0;""><div style=""font-size: 13px; color: #444; line-height: 1.4;""><b style=""color: #111;"">Explicació:</b> El mecanisme intern de dispar no depèn de poder moure manualment la palanca.</div></div>","T12_-_Installacions","15966"
"<div style=""text-align: left; font-family: -apple-system, sans-serif;""><div style=""font-size: 11px; color: #888; margin-bottom: 6px;"">[T12 - Instal·lacions] Pregunta 290</div><div style=""font-weight: bold; font-size: 16px; margin-bottom: 14px; line-height: 1.4;"">En quin tipus d’instal·lació es poden emprar diferencials de 100 o 300 mA?</div><div style=""font-size: 14px; line-height: 1.6;""><div style=""padding: 5px 0;""><b>A)</b> En circuits de molt alt risc com a protecció més sensible que 10 mA.</div><div style=""padding: 5px 0;""><b>B)</b> En equips fotovoltaics com a protecció exclusiva contra llamps.</div><div style=""padding: 5px 0;""><b>C)</b> En habitatges com a substitució ordinària del diferencial de 30 mA.</div><div style=""padding: 5px 0;""><b>D)</b> En determinats usos industrials o d’enllumenat públic.</div></div></div>","<div style=""text-align: left; font-family: -apple-system, sans-serif;""><div style=""font-weight: bold; font-size: 16px; color: #10b981; margin-bottom: 8px;"">✓ Resposta Correcta: D</div><div style=""font-size: 14px; margin-bottom: 12px; padding: 10px; background: rgba(16,185,129,0.1); border-radius: 6px; border-left: 4px solid #10b981;"">D) En determinats usos industrials o d’enllumenat públic.</div><hr style=""border: 0; border-top: 1px solid #ddd; margin: 12px 0;""><div style=""font-size: 13px; color: #444; line-height: 1.4;""><b style=""color: #111;"">Explicació:</b> Sensibilitats menys estrictes poden emprar-se en determinats entorns on 30 mA generaria dispars no desitjats.</div></div>","T12_-_Installacions","15981"
"<div style=""text-align: left; font-family: -apple-system, sans-serif;""><div style=""font-size: 11px; color: #888; margin-bottom: 6px;"">[T12 - Instal·lacions] Pregunta 291</div><div style=""font-weight: bold; font-size: 16px; margin-bottom: 14px; line-height: 1.4;"">Com s’ha de delimitar una zona de treball elèctric?</div><div style=""font-size: 14px; line-height: 1.6;""><div style=""padding: 5px 0;""><b>A)</b> Amb una senyalització visual sense necessitat de limitar físicament l’accés.</div><div style=""padding: 5px 0;""><b>B)</b> Amb barreres, tanques o altres elements que en limitin l’accés.</div><div style=""padding: 5px 0;""><b>C)</b> Amb el bloqueig del quadre general, sense delimitar la zona si no hi ha tensió.</div><div style=""padding: 5px 0;""><b>D)</b> Amb una connexió a terra visible que indiqui que el circuit està protegit.</div></div></div>","<div style=""text-align: left; font-family: -apple-system, sans-serif;""><div style=""font-weight: bold; font-size: 16px; color: #10b981; margin-bottom: 8px;"">✓ Resposta Correcta: B</div><div style=""font-size: 14px; margin-bottom: 12px; padding: 10px; background: rgba(16,185,129,0.1); border-radius: 6px; border-left: 4px solid #10b981;"">B) Amb barreres, tanques o altres elements que en limitin l’accés.</div><hr style=""border: 0; border-top: 1px solid #ddd; margin: 12px 0;""><div style=""font-size: 13px; color: #444; line-height: 1.4;""><b style=""color: #111;"">Explicació:</b> La delimitació física ajuda a impedir l’accés accidental a l’àrea de treball.</div></div>","T12_-_Installacions","16068"
"<div style=""text-align: left; font-family: -apple-system, sans-serif;""><div style=""font-size: 11px; color: #888; margin-bottom: 6px;"">[T12 - Instal·lacions] Pregunta 292</div><div style=""font-weight: bold; font-size: 16px; margin-bottom: 14px; line-height: 1.4;"">Què és el feeder d’una línia ferroviària electrificada?</div><div style=""font-size: 14px; line-height: 1.6;""><div style=""padding: 5px 0;""><b>A)</b> El carril addicional que alimenta alguns ferrocarrils.</div><div style=""padding: 5px 0;""><b>B)</b> Un cable auxiliar de potència que discorre paral·lel a la catenària.</div><div style=""padding: 5px 0;""><b>C)</b> El fil conductor aeri que contacta amb el pantògraf.</div><div style=""padding: 5px 0;""><b>D)</b> L’aparell del tren que capta corrent de la catenària.</div></div></div>","<div style=""text-align: left; font-family: -apple-system, sans-serif;""><div style=""font-weight: bold; font-size: 16px; color: #10b981; margin-bottom: 8px;"">✓ Resposta Correcta: B</div><div style=""font-size: 14px; margin-bottom: 12px; padding: 10px; background: rgba(16,185,129,0.1); border-radius: 6px; border-left: 4px solid #10b981;"">B) Un cable auxiliar de potència que discorre paral·lel a la catenària.</div><hr style=""border: 0; border-top: 1px solid #ddd; margin: 12px 0;""><div style=""font-size: 13px; color: #444; line-height: 1.4;""><b style=""color: #111;"">Explicació:</b> El feeder és un cable auxiliar de potència disposat en paral·lel a la catenària.</div></div>","T12_-_Installacions","15750"
"<div style=""text-align: left; font-family: -apple-system, sans-serif;""><div style=""font-size: 11px; color: #888; margin-bottom: 6px;"">[T12 - Instal·lacions] Pregunta 293</div><div style=""font-weight: bold; font-size: 16px; margin-bottom: 14px; line-height: 1.4;"">Quina condició és especialment important amb un aparell de gas de circuit obert?</div><div style=""font-size: 14px; line-height: 1.6;""><div style=""padding: 5px 0;""><b>A)</b> Augmentar la pressió de servei.</div><div style=""padding: 5px 0;""><b>B)</b> Tancar les entrades d’aire.</div><div style=""padding: 5px 0;""><b>C)</b> Mantenir el local estanc.</div><div style=""padding: 5px 0;""><b>D)</b> Disposar d’una ventilació adequada.</div></div></div>","<div style=""text-align: left; font-family: -apple-system, sans-serif;""><div style=""font-weight: bold; font-size: 16px; color: #10b981; margin-bottom: 8px;"">✓ Resposta Correcta: D</div><div style=""font-size: 14px; margin-bottom: 12px; padding: 10px; background: rgba(16,185,129,0.1); border-radius: 6px; border-left: 4px solid #10b981;"">D) Disposar d’una ventilació adequada.</div><hr style=""border: 0; border-top: 1px solid #ddd; margin: 12px 0;""><div style=""font-size: 13px; color: #444; line-height: 1.4;""><b style=""color: #111;"">Explicació:</b> La ventilació renova l’aire i ajuda a evacuar correctament els productes de combustió.</div></div>","T12_-_Installacions","18889"
"<div style=""text-align: left; font-family: -apple-system, sans-serif;""><div style=""font-size: 11px; color: #888; margin-bottom: 6px;"">[T12 - Instal·lacions] Pregunta 294</div><div style=""font-weight: bold; font-size: 16px; margin-bottom: 14px; line-height: 1.4;"">Quins elements integren l’escomesa d’una instal·lació d’aigua?</div><div style=""font-size: 14px; line-height: 1.6;""><div style=""padding: 5px 0;""><b>A)</b> Muntant, purgador i derivació.</div><div style=""padding: 5px 0;""><b>B)</b> Baixant, sifó i arqueta.</div><div style=""padding: 5px 0;""><b>C)</b> Filtre, comptador i distribuïdor.</div><div style=""padding: 5px 0;""><b>D)</b> Clau o collet de presa, tub i clau de tall exterior.</div></div></div>","<div style=""text-align: left; font-family: -apple-system, sans-serif;""><div style=""font-weight: bold; font-size: 16px; color: #10b981; margin-bottom: 8px;"">✓ Resposta Correcta: D</div><div style=""font-size: 14px; margin-bottom: 12px; padding: 10px; background: rgba(16,185,129,0.1); border-radius: 6px; border-left: 4px solid #10b981;"">D) Clau o collet de presa, tub i clau de tall exterior.</div><hr style=""border: 0; border-top: 1px solid #ddd; margin: 12px 0;""><div style=""font-size: 13px; color: #444; line-height: 1.4;""><b style=""color: #111;"">Explicació:</b> L’escomesa inclou la connexió a xarxa, el tub d’escomesa i la clau exterior.</div></div>","T12_-_Installacions","16102"
"<div style=""text-align: left; font-family: -apple-system, sans-serif;""><div style=""font-size: 11px; color: #888; margin-bottom: 6px;"">[T12 - Instal·lacions] Pregunta 295</div><div style=""font-weight: bold; font-size: 16px; margin-bottom: 14px; line-height: 1.4;"">Què ha de tenir cada aparell connectat a la instal·lació d’aigua d’un habitatge?</div><div style=""font-size: 14px; line-height: 1.6;""><div style=""padding: 5px 0;""><b>A)</b> Un filtre propi.</div><div style=""padding: 5px 0;""><b>B)</b> Una clau de tall individual.</div><div style=""padding: 5px 0;""><b>C)</b> Una vàlvula general.</div><div style=""padding: 5px 0;""><b>D)</b> Un comptador propi.</div></div></div>","<div style=""text-align: left; font-family: -apple-system, sans-serif;""><div style=""font-weight: bold; font-size: 16px; color: #10b981; margin-bottom: 8px;"">✓ Resposta Correcta: B</div><div style=""font-size: 14px; margin-bottom: 12px; padding: 10px; background: rgba(16,185,129,0.1); border-radius: 6px; border-left: 4px solid #10b981;"">B) Una clau de tall individual.</div><hr style=""border: 0; border-top: 1px solid #ddd; margin: 12px 0;""><div style=""font-size: 13px; color: #444; line-height: 1.4;""><b style=""color: #111;"">Explicació:</b> Aixetes, dipòsits, escalfadors i altres aparells han de poder-se aïllar individualment.</div></div>","T12_-_Installacions","16149"
"<div style=""text-align: left; font-family: -apple-system, sans-serif;""><div style=""font-size: 11px; color: #888; margin-bottom: 6px;"">[T12 - Instal·lacions] Pregunta 296</div><div style=""font-weight: bold; font-size: 16px; margin-bottom: 14px; line-height: 1.4;"">Quins dos tipus de subestacions es distingeixen segons la variació de tensió?</div><div style=""font-size: 14px; line-height: 1.6;""><div style=""padding: 5px 0;""><b>A)</b> Subestacions de fons i de punta.</div><div style=""padding: 5px 0;""><b>B)</b> Subestacions rotatives i no rotatives.</div><div style=""padding: 5px 0;""><b>C)</b> Subestacions elevadores i reductores.</div><div style=""padding: 5px 0;""><b>D)</b> Subestacions primàries i domèstiques.</div></div></div>","<div style=""text-align: left; font-family: -apple-system, sans-serif;""><div style=""font-weight: bold; font-size: 16px; color: #10b981; margin-bottom: 8px;"">✓ Resposta Correcta: C</div><div style=""font-size: 14px; margin-bottom: 12px; padding: 10px; background: rgba(16,185,129,0.1); border-radius: 6px; border-left: 4px solid #10b981;"">C) Subestacions elevadores i reductores.</div><hr style=""border: 0; border-top: 1px solid #ddd; margin: 12px 0;""><div style=""font-size: 13px; color: #444; line-height: 1.4;""><b style=""color: #111;"">Explicació:</b> Segons si augmenten o disminueixen la tensió, les subestacions poden ser elevadores o reductores.</div></div>","T12_-_Installacions","15844"
"<div style=""text-align: left; font-family: -apple-system, sans-serif;""><div style=""font-size: 11px; color: #888; margin-bottom: 6px;"">[T12 - Instal·lacions] Pregunta 297</div><div style=""font-weight: bold; font-size: 16px; margin-bottom: 14px; line-height: 1.4;"">Quina situació fa actuar la protecció tèrmica d’un magnetotèrmic?</div><div style=""font-size: 14px; line-height: 1.6;""><div style=""padding: 5px 0;""><b>A)</b> Un corrent excessiu mantingut durant un cert temps.</div><div style=""padding: 5px 0;""><b>B)</b> Un pic breu de sobretensió atmosfèrica.</div><div style=""padding: 5px 0;""><b>C)</b> Una fuga petita de corrent cap a terra.</div><div style=""padding: 5px 0;""><b>D)</b> Una interrupció momentània de l’alimentació.</div></div></div>","<div style=""text-align: left; font-family: -apple-system, sans-serif;""><div style=""font-weight: bold; font-size: 16px; color: #10b981; margin-bottom: 8px;"">✓ Resposta Correcta: A</div><div style=""font-size: 14px; margin-bottom: 12px; padding: 10px; background: rgba(16,185,129,0.1); border-radius: 6px; border-left: 4px solid #10b981;"">A) Un corrent excessiu mantingut durant un cert temps.</div><hr style=""border: 0; border-top: 1px solid #ddd; margin: 12px 0;""><div style=""font-size: 13px; color: #444; line-height: 1.4;""><b style=""color: #111;"">Explicació:</b> La part tèrmica respon a sobrecàrregues sostingudes, no a fugues ni a sobretensions.</div></div>","T12_-_Installacions","15956"
"<div style=""text-align: left; font-family: -apple-system, sans-serif;""><div style=""font-size: 11px; color: #888; margin-bottom: 6px;"">[T12 - Instal·lacions] Pregunta 298</div><div style=""font-weight: bold; font-size: 16px; margin-bottom: 14px; line-height: 1.4;"">Quins tipus de corrent apareixen en una instal·lació fotovoltaica?</div><div style=""font-size: 14px; line-height: 1.6;""><div style=""padding: 5px 0;""><b>A)</b> Una part en corrent monofàsic i una altra en corrent trifàsic.</div><div style=""padding: 5px 0;""><b>B)</b> Una part en corrent continu i una part en corrent altern.</div><div style=""padding: 5px 0;""><b>C)</b> Una part en corrent altern trifàsic i una altra també en corrent altern monofàsic.</div><div style=""padding: 5px 0;""><b>D)</b> Una part en corrent continu trifàsic i una altra també en corrent continu monofàsic.</div></div></div>","<div style=""text-align: left; font-family: -apple-system, sans-serif;""><div style=""font-weight: bold; font-size: 16px; color: #10b981; margin-bottom: 8px;"">✓ Resposta Correcta: B</div><div style=""font-size: 14px; margin-bottom: 12px; padding: 10px; background: rgba(16,185,129,0.1); border-radius: 6px; border-left: 4px solid #10b981;"">B) Una part en corrent continu i una part en corrent altern.</div><hr style=""border: 0; border-top: 1px solid #ddd; margin: 12px 0;""><div style=""font-size: 13px; color: #444; line-height: 1.4;""><b style=""color: #111;"">Explicació:</b> Aquestes instal·lacions combinen una part en corrent continu amb una part en corrent altern.</div></div>","T12_-_Installacions","15713"
"<div style=""text-align: left; font-family: -apple-system, sans-serif;""><div style=""font-size: 11px; color: #888; margin-bottom: 6px;"">[T12 - Instal·lacions] Pregunta 299</div><div style=""font-weight: bold; font-size: 16px; margin-bottom: 14px; line-height: 1.4;"">Com es comprova tensió amb un tornavís buscapols?</div><div style=""font-size: 14px; line-height: 1.6;""><div style=""padding: 5px 0;""><b>A)</b> Es connecten dues puntes entre fase i neutre i es llegeix el valor de tensió.</div><div style=""padding: 5px 0;""><b>B)</b> S’abraça el conductor amb el mànec i es comprova si circula intensitat.</div><div style=""padding: 5px 0;""><b>C)</b> Es toca el contacte metàl·lic del mànec amb un dit i s’aplica la punta al conductor.</div><div style=""padding: 5px 0;""><b>D)</b> S’apropa la punta al cable sense tocar-lo i s’espera una alarma acústica.</div></div></div>","<div style=""text-align: left; font-family: -apple-system, sans-serif;""><div style=""font-weight: bold; font-size: 16px; color: #10b981; margin-bottom: 8px;"">✓ Resposta Correcta: C</div><div style=""font-size: 14px; margin-bottom: 12px; padding: 10px; background: rgba(16,185,129,0.1); border-radius: 6px; border-left: 4px solid #10b981;"">C) Es toca el contacte metàl·lic del mànec amb un dit i s’aplica la punta al conductor.</div><hr style=""border: 0; border-top: 1px solid #ddd; margin: 12px 0;""><div style=""font-size: 13px; color: #444; line-height: 1.4;""><b style=""color: #111;"">Explicació:</b> El buscapols completa un circuit de molt baixa intensitat a través de l’usuari i encén el llum indicador.</div></div>","T12_-_Installacions","16021"
"<div style=""text-align: left; font-family: -apple-system, sans-serif;""><div style=""font-size: 11px; color: #888; margin-bottom: 6px;"">[T12 - Instal·lacions] Pregunta 300</div><div style=""font-weight: bold; font-size: 16px; margin-bottom: 14px; line-height: 1.4;"">Quina funció fan les estacions transformadores dins la xarxa?</div><div style=""font-size: 14px; line-height: 1.6;""><div style=""padding: 5px 0;""><b>A)</b> Emmagatzemar electricitat per compensar les variacions de demanda.</div><div style=""padding: 5px 0;""><b>B)</b> Produir electricitat a partir dels recursos energètics disponibles.</div><div style=""padding: 5px 0;""><b>C)</b> Elevar o reduir el voltatge.</div><div style=""padding: 5px 0;""><b>D)</b> Convertir corrent altern en corrent continu com a funció principal.</div></div></div>","<div style=""text-align: left; font-family: -apple-system, sans-serif;""><div style=""font-weight: bold; font-size: 16px; color: #10b981; margin-bottom: 8px;"">✓ Resposta Correcta: C</div><div style=""font-size: 14px; margin-bottom: 12px; padding: 10px; background: rgba(16,185,129,0.1); border-radius: 6px; border-left: 4px solid #10b981;"">C) Elevar o reduir el voltatge.</div><hr style=""border: 0; border-top: 1px solid #ddd; margin: 12px 0;""><div style=""font-size: 13px; color: #444; line-height: 1.4;""><b style=""color: #111;"">Explicació:</b> Les estacions transformadores adapten la tensió segons el tram de xarxa.</div></div>","T12_-_Installacions","15792"
"<div style=""text-align: left; font-family: -apple-system, sans-serif;""><div style=""font-size: 11px; color: #888; margin-bottom: 6px;"">[T12 - Instal·lacions] Pregunta 301</div><div style=""font-weight: bold; font-size: 16px; margin-bottom: 14px; line-height: 1.4;"">Quina funció té l’escomesa d’una instal·lació d’aigua?</div><div style=""font-size: 14px; line-height: 1.6;""><div style=""padding: 5px 0;""><b>A)</b> Distribuir l’aigua entre plantes.</div><div style=""padding: 5px 0;""><b>B)</b> Mesurar el consum de cada usuari.</div><div style=""padding: 5px 0;""><b>C)</b> Evacuar l’aigua cap al clavegueram.</div><div style=""padding: 5px 0;""><b>D)</b> Connectar l’edifici amb la xarxa exterior.</div></div></div>","<div style=""text-align: left; font-family: -apple-system, sans-serif;""><div style=""font-weight: bold; font-size: 16px; color: #10b981; margin-bottom: 8px;"">✓ Resposta Correcta: D</div><div style=""font-size: 14px; margin-bottom: 12px; padding: 10px; background: rgba(16,185,129,0.1); border-radius: 6px; border-left: 4px solid #10b981;"">D) Connectar l’edifici amb la xarxa exterior.</div><hr style=""border: 0; border-top: 1px solid #ddd; margin: 12px 0;""><div style=""font-size: 13px; color: #444; line-height: 1.4;""><b style=""color: #111;"">Explicació:</b> L’escomesa és el punt d’unió entre la xarxa exterior i la instal·lació de l’edifici.</div></div>","T12_-_Installacions","16098"
"<div style=""text-align: left; font-family: -apple-system, sans-serif;""><div style=""font-size: 11px; color: #888; margin-bottom: 6px;"">[T12 - Instal·lacions] Pregunta 302</div><div style=""font-weight: bold; font-size: 16px; margin-bottom: 14px; line-height: 1.4;"">Fins a quina tensió està certificat com a aïllant el casc d’intervenció pesat?</div><div style=""font-size: 14px; line-height: 1.6;""><div style=""padding: 5px 0;""><b>A)</b> Fins a 1.000 V.</div><div style=""padding: 5px 0;""><b>B)</b> Fins a 440 V.</div><div style=""padding: 5px 0;""><b>C)</b> Fins a 400 V.</div><div style=""padding: 5px 0;""><b>D)</b> Fins a 230 V.</div></div></div>","<div style=""text-align: left; font-family: -apple-system, sans-serif;""><div style=""font-weight: bold; font-size: 16px; color: #10b981; margin-bottom: 8px;"">✓ Resposta Correcta: B</div><div style=""font-size: 14px; margin-bottom: 12px; padding: 10px; background: rgba(16,185,129,0.1); border-radius: 6px; border-left: 4px solid #10b981;"">B) Fins a 440 V.</div><hr style=""border: 0; border-top: 1px solid #ddd; margin: 12px 0;""><div style=""font-size: 13px; color: #444; line-height: 1.4;""><b style=""color: #111;"">Explicació:</b> El casc indicat disposa de certificació dielèctrica fins a 440 V.</div></div>","T12_-_Installacions","16092"
"<div style=""text-align: left; font-family: -apple-system, sans-serif;""><div style=""font-size: 11px; color: #888; margin-bottom: 6px;"">[T12 - Instal·lacions] Pregunta 303</div><div style=""font-weight: bold; font-size: 16px; margin-bottom: 14px; line-height: 1.4;"">Què han de garantir els materials de les canonades de gas?</div><div style=""font-size: 14px; line-height: 1.6;""><div style=""padding: 5px 0;""><b>A)</b> Dilatació i drenatge.</div><div style=""padding: 5px 0;""><b>B)</b> Porositat i ventilació.</div><div style=""padding: 5px 0;""><b>C)</b> Estanquitat i seguretat.</div><div style=""padding: 5px 0;""><b>D)</b> Conductivitat i flexibilitat.</div></div></div>","<div style=""text-align: left; font-family: -apple-system, sans-serif;""><div style=""font-weight: bold; font-size: 16px; color: #10b981; margin-bottom: 8px;"">✓ Resposta Correcta: C</div><div style=""font-size: 14px; margin-bottom: 12px; padding: 10px; background: rgba(16,185,129,0.1); border-radius: 6px; border-left: 4px solid #10b981;"">C) Estanquitat i seguretat.</div><hr style=""border: 0; border-top: 1px solid #ddd; margin: 12px 0;""><div style=""font-size: 13px; color: #444; line-height: 1.4;""><b style=""color: #111;"">Explicació:</b> Els materials han de mantenir el gas confinat i suportar les condicions de servei.</div></div>","T12_-_Installacions","16224"
"<div style=""text-align: left; font-family: -apple-system, sans-serif;""><div style=""font-size: 11px; color: #888; margin-bottom: 6px;"">[T12 - Instal·lacions] Pregunta 304</div><div style=""font-weight: bold; font-size: 16px; margin-bottom: 14px; line-height: 1.4;"">Quina funció tenen els transformadors situats a la sortida d’una central de generació?</div><div style=""font-size: 14px; line-height: 1.6;""><div style=""padding: 5px 0;""><b>A)</b> Regular la demanda elèctrica activant o aturant els generadors.</div><div style=""padding: 5px 0;""><b>B)</b> Reduir el voltatge de transport fins al nivell de consum domèstic.</div><div style=""padding: 5px 0;""><b>C)</b> Convertir el corrent altern dels generadors en corrent continu per al transport.</div><div style=""padding: 5px 0;""><b>D)</b> Elevar el voltatge dels generadors fins al nivell necessari per al transport.</div></div></div>","<div style=""text-align: left; font-family: -apple-system, sans-serif;""><div style=""font-weight: bold; font-size: 16px; color: #10b981; margin-bottom: 8px;"">✓ Resposta Correcta: D</div><div style=""font-size: 14px; margin-bottom: 12px; padding: 10px; background: rgba(16,185,129,0.1); border-radius: 6px; border-left: 4px solid #10b981;"">D) Elevar el voltatge dels generadors fins al nivell necessari per al transport.</div><hr style=""border: 0; border-top: 1px solid #ddd; margin: 12px 0;""><div style=""font-size: 13px; color: #444; line-height: 1.4;""><b style=""color: #111;"">Explicació:</b> Els transformadors de sortida eleven la tensió generada abans de connectar-la a les línies de transport.</div></div>","T12_-_Installacions","15776"
"<div style=""text-align: left; font-family: -apple-system, sans-serif;""><div style=""font-size: 11px; color: #888; margin-bottom: 6px;"">[T12 - Instal·lacions] Pregunta 305</div><div style=""font-weight: bold; font-size: 16px; margin-bottom: 14px; line-height: 1.4;"">Quan s’ha de disposar un pou de registre en una conducció de clavegueram?</div><div style=""font-size: 14px; line-height: 1.6;""><div style=""padding: 5px 0;""><b>A)</b> En cada sortida d’un baixant.</div><div style=""padding: 5px 0;""><b>B)</b> En els canvis de pendent.</div><div style=""padding: 5px 0;""><b>C)</b> En cada unió amb un aparell sanitari.</div><div style=""padding: 5px 0;""><b>D)</b> En cada canvi de diàmetre interior.</div></div></div>","<div style=""text-align: left; font-family: -apple-system, sans-serif;""><div style=""font-weight: bold; font-size: 16px; color: #10b981; margin-bottom: 8px;"">✓ Resposta Correcta: B</div><div style=""font-size: 14px; margin-bottom: 12px; padding: 10px; background: rgba(16,185,129,0.1); border-radius: 6px; border-left: 4px solid #10b981;"">B) En els canvis de pendent.</div><hr style=""border: 0; border-top: 1px solid #ddd; margin: 12px 0;""><div style=""font-size: 13px; color: #444; line-height: 1.4;""><b style=""color: #111;"">Explicació:</b> Els canvis de pendent requereixen un punt de registre.</div></div>","T12_-_Installacions","16163"
"<div style=""text-align: left; font-family: -apple-system, sans-serif;""><div style=""font-size: 11px; color: #888; margin-bottom: 6px;"">[T12 - Instal·lacions] Pregunta 306</div><div style=""font-weight: bold; font-size: 16px; margin-bottom: 14px; line-height: 1.4;"">Quina funció té la clau d’usuari d’una instal·lació de gas?</div><div style=""font-size: 14px; line-height: 1.6;""><div style=""padding: 5px 0;""><b>A)</b> Separar la xarxa pública de l’edifici.</div><div style=""padding: 5px 0;""><b>B)</b> Separar un aparell de la derivació individual.</div><div style=""padding: 5px 0;""><b>C)</b> Separar la instal·lació comuna de la individual.</div><div style=""padding: 5px 0;""><b>D)</b> Separar el comptador del regulador.</div></div></div>","<div style=""text-align: left; font-family: -apple-system, sans-serif;""><div style=""font-weight: bold; font-size: 16px; color: #10b981; margin-bottom: 8px;"">✓ Resposta Correcta: C</div><div style=""font-size: 14px; margin-bottom: 12px; padding: 10px; background: rgba(16,185,129,0.1); border-radius: 6px; border-left: 4px solid #10b981;"">C) Separar la instal·lació comuna de la individual.</div><hr style=""border: 0; border-top: 1px solid #ddd; margin: 12px 0;""><div style=""font-size: 13px; color: #444; line-height: 1.4;""><b style=""color: #111;"">Explicació:</b> La clau d’usuari delimita la part comuna i la instal·lació individual d’un abonat.</div></div>","T12_-_Installacions","16276"
"<div style=""text-align: left; font-family: -apple-system, sans-serif;""><div style=""font-size: 11px; color: #888; margin-bottom: 6px;"">[T12 - Instal·lacions] Pregunta 307</div><div style=""font-weight: bold; font-size: 16px; margin-bottom: 14px; line-height: 1.4;"">Quina funció té un detector de tensió sense contacte?</div><div style=""font-size: 14px; line-height: 1.6;""><div style=""padding: 5px 0;""><b>A)</b> Fer una comprovació ràpida de presència de tensió aproximant-lo al conductor o equip.</div><div style=""padding: 5px 0;""><b>B)</b> Comprovar la continuïtat elèctrica entre dos punts sense obrir el circuit.</div><div style=""padding: 5px 0;""><b>C)</b> Mesurar la intensitat que circula pel conductor sense interrompre’l.</div><div style=""padding: 5px 0;""><b>D)</b> Mesurar el valor exacte de la tensió sense tocar el conductor.</div></div></div>","<div style=""text-align: left; font-family: -apple-system, sans-serif;""><div style=""font-weight: bold; font-size: 16px; color: #10b981; margin-bottom: 8px;"">✓ Resposta Correcta: A</div><div style=""font-size: 14px; margin-bottom: 12px; padding: 10px; background: rgba(16,185,129,0.1); border-radius: 6px; border-left: 4px solid #10b981;"">A) Fer una comprovació ràpida de presència de tensió aproximant-lo al conductor o equip.</div><hr style=""border: 0; border-top: 1px solid #ddd; margin: 12px 0;""><div style=""font-size: 13px; color: #444; line-height: 1.4;""><b style=""color: #111;"">Explicació:</b> El detector sense contacte és un dispositiu d’alerta, no un instrument de mesura precisa.</div></div>","T12_-_Installacions","16012"
"<div style=""text-align: left; font-family: -apple-system, sans-serif;""><div style=""font-size: 11px; color: #888; margin-bottom: 6px;"">[T12 - Instal·lacions] Pregunta 308</div><div style=""font-weight: bold; font-size: 16px; margin-bottom: 14px; line-height: 1.4;"">Quina tensió és habitual en bateries d'instal·lacions domèstiques d’autoconsum?</div><div style=""font-size: 14px; line-height: 1.6;""><div style=""padding: 5px 0;""><b>A)</b> 800 V DC.</div><div style=""padding: 5px 0;""><b>B)</b> 400 V AC.</div><div style=""padding: 5px 0;""><b>C)</b> 48 V DC.</div><div style=""padding: 5px 0;""><b>D)</b> 230 V AC.</div></div></div>","<div style=""text-align: left; font-family: -apple-system, sans-serif;""><div style=""font-weight: bold; font-size: 16px; color: #10b981; margin-bottom: 8px;"">✓ Resposta Correcta: C</div><div style=""font-size: 14px; margin-bottom: 12px; padding: 10px; background: rgba(16,185,129,0.1); border-radius: 6px; border-left: 4px solid #10b981;"">C) 48 V DC.</div><hr style=""border: 0; border-top: 1px solid #ddd; margin: 12px 0;""><div style=""font-size: 13px; color: #444; line-height: 1.4;""><b style=""color: #111;"">Explicació:</b> Les bateries domèstiques d’autoconsum solen treballar a 48 V en corrent continu.</div></div>","T12_-_Installacions","15728"
"<div style=""text-align: left; font-family: -apple-system, sans-serif;""><div style=""font-size: 11px; color: #888; margin-bottom: 6px;"">[T12 - Instal·lacions] Pregunta 309</div><div style=""font-weight: bold; font-size: 16px; margin-bottom: 14px; line-height: 1.4;"">Què representa la sensibilitat nominal d’un interruptor diferencial?</div><div style=""font-size: 14px; line-height: 1.6;""><div style=""padding: 5px 0;""><b>A)</b> La tensió màxima que pot derivar cap a terra.</div><div style=""padding: 5px 0;""><b>B)</b> La intensitat nominal que pot suportar sense escalfar-se.</div><div style=""padding: 5px 0;""><b>C)</b> El corrent màxim de curtcircuit que pot interrompre.</div><div style=""padding: 5px 0;""><b>D)</b> La diferència de corrent a partir de la qual ha de desconnectar.</div></div></div>","<div style=""text-align: left; font-family: -apple-system, sans-serif;""><div style=""font-weight: bold; font-size: 16px; color: #10b981; margin-bottom: 8px;"">✓ Resposta Correcta: D</div><div style=""font-size: 14px; margin-bottom: 12px; padding: 10px; background: rgba(16,185,129,0.1); border-radius: 6px; border-left: 4px solid #10b981;"">D) La diferència de corrent a partir de la qual ha de desconnectar.</div><hr style=""border: 0; border-top: 1px solid #ddd; margin: 12px 0;""><div style=""font-size: 13px; color: #444; line-height: 1.4;""><b style=""color: #111;"">Explicació:</b> La sensibilitat s’expressa habitualment en mA i fixa el llindar de corrent diferencial.</div></div>","T12_-_Installacions","15979"
"<div style=""text-align: left; font-family: -apple-system, sans-serif;""><div style=""font-size: 11px; color: #888; margin-bottom: 6px;"">[T12 - Instal·lacions] Pregunta 310</div><div style=""font-weight: bold; font-size: 16px; margin-bottom: 14px; line-height: 1.4;"">Com s'han de desfer les 5 regles d'or?</div><div style=""font-size: 14px; line-height: 1.6;""><div style=""padding: 5px 0;""><b>A)</b> En el mateix ordre.</div><div style=""padding: 5px 0;""><b>B)</b> En l'ordre invers.</div><div style=""padding: 5px 0;""><b>C)</b> L'ordre per desfer no és important</div><div style=""padding: 5px 0;""><b>D)</b> En el mateix ordre o l'ordre invers però de cap altra manera.</div></div></div>","<div style=""text-align: left; font-family: -apple-system, sans-serif;""><div style=""font-weight: bold; font-size: 16px; color: #10b981; margin-bottom: 8px;"">✓ Resposta Correcta: A</div><div style=""font-size: 14px; margin-bottom: 12px; padding: 10px; background: rgba(16,185,129,0.1); border-radius: 6px; border-left: 4px solid #10b981;"">A) En el mateix ordre.</div></div>","T12_-_Installacions","16070"
"<div style=""text-align: left; font-family: -apple-system, sans-serif;""><div style=""font-size: 11px; color: #888; margin-bottom: 6px;"">[T12 - Instal·lacions] Pregunta 311</div><div style=""font-weight: bold; font-size: 16px; margin-bottom: 14px; line-height: 1.4;"">Quin element rep l’aigua dels tubs d’alimentació d’un edifici?</div><div style=""font-size: 14px; line-height: 1.6;""><div style=""padding: 5px 0;""><b>A)</b> El comptador divisionari.</div><div style=""padding: 5px 0;""><b>B)</b> La clau de pas interior.</div><div style=""padding: 5px 0;""><b>C)</b> El punt de consum.</div><div style=""padding: 5px 0;""><b>D)</b> El distribuïdor principal.</div></div></div>","<div style=""text-align: left; font-family: -apple-system, sans-serif;""><div style=""font-weight: bold; font-size: 16px; color: #10b981; margin-bottom: 8px;"">✓ Resposta Correcta: D</div><div style=""font-size: 14px; margin-bottom: 12px; padding: 10px; background: rgba(16,185,129,0.1); border-radius: 6px; border-left: 4px solid #10b981;"">D) El distribuïdor principal.</div><hr style=""border: 0; border-top: 1px solid #ddd; margin: 12px 0;""><div style=""font-size: 13px; color: #444; line-height: 1.4;""><b style=""color: #111;"">Explicació:</b> Els tubs d’alimentació desemboquen al distribuïdor principal.</div></div>","T12_-_Installacions","16123"
"<div style=""text-align: left; font-family: -apple-system, sans-serif;""><div style=""font-size: 11px; color: #888; margin-bottom: 6px;"">[T12 - Instal·lacions] Pregunta 312</div><div style=""font-weight: bold; font-size: 16px; margin-bottom: 14px; line-height: 1.4;"">Quina comprovació és més completa abans de declarar sense tensió una instal·lació trifàsica amb neutre?</div><div style=""font-size: 14px; line-height: 1.6;""><div style=""padding: 5px 0;""><b>A)</b> Comprovar el neutre respecte de terra i una de les fases respecte del neutre.</div><div style=""padding: 5px 0;""><b>B)</b> Comprovar l’absència de corrent amb una pinça i donar per absent la tensió.</div><div style=""padding: 5px 0;""><b>C)</b> Comprovar tots els conductors i les seves diferències de potencial respecte de terra.</div><div style=""padding: 5px 0;""><b>D)</b> Comprovar una fase respecte del neutre i extrapolar el resultat a la resta.</div></div></div>","<div style=""text-align: left; font-family: -apple-system, sans-serif;""><div style=""font-weight: bold; font-size: 16px; color: #10b981; margin-bottom: 8px;"">✓ Resposta Correcta: C</div><div style=""font-size: 14px; margin-bottom: 12px; padding: 10px; background: rgba(16,185,129,0.1); border-radius: 6px; border-left: 4px solid #10b981;"">C) Comprovar tots els conductors i les seves diferències de potencial respecte de terra.</div><hr style=""border: 0; border-top: 1px solid #ddd; margin: 12px 0;""><div style=""font-size: 13px; color: #444; line-height: 1.4;""><b style=""color: #111;"">Explicació:</b> La verificació ha d’evitar inferències: cal comprovar els conductors que poden conservar potencial.</div></div>","T12_-_Installacions","16064"
"<div style=""text-align: left; font-family: -apple-system, sans-serif;""><div style=""font-size: 11px; color: #888; margin-bottom: 6px;"">[T12 - Instal·lacions] Pregunta 313</div><div style=""font-weight: bold; font-size: 16px; margin-bottom: 14px; line-height: 1.4;"">Què permet fer el quadre general de comandament i protecció?</div><div style=""font-size: 14px; line-height: 1.6;""><div style=""padding: 5px 0;""><b>A)</b> Tallar i protegir el conjunt de la instal·lació i els circuits interiors.</div><div style=""padding: 5px 0;""><b>B)</b> Distribuir la xarxa pública de baixa tensió entre les diferents caixes generals de protecció.</div><div style=""padding: 5px 0;""><b>C)</b> Transformar la tensió i adaptar-la al nivell de consum dels diferents circuits interiors.</div><div style=""padding: 5px 0;""><b>D)</b> Mesurar conjuntament el consum dels diferents usuaris i repartir-los l’alimentació.</div></div></div>","<div style=""text-align: left; font-family: -apple-system, sans-serif;""><div style=""font-weight: bold; font-size: 16px; color: #10b981; margin-bottom: 8px;"">✓ Resposta Correcta: A</div><div style=""font-size: 14px; margin-bottom: 12px; padding: 10px; background: rgba(16,185,129,0.1); border-radius: 6px; border-left: 4px solid #10b981;"">A) Tallar i protegir el conjunt de la instal·lació i els circuits interiors.</div><hr style=""border: 0; border-top: 1px solid #ddd; margin: 12px 0;""><div style=""font-size: 13px; color: #444; line-height: 1.4;""><b style=""color: #111;"">Explicació:</b> Aquest quadre concentra els dispositius que permeten maniobrar i protegir la instal·lació interior i els seus circuits.</div></div>","T12_-_Installacions","15909"
"<div style=""text-align: left; font-family: -apple-system, sans-serif;""><div style=""font-size: 11px; color: #888; margin-bottom: 6px;"">[T12 - Instal·lacions] Pregunta 314</div><div style=""font-weight: bold; font-size: 16px; margin-bottom: 14px; line-height: 1.4;"">On es produeix la major part de l’electricitat de la xarxa?</div><div style=""font-size: 14px; line-height: 1.6;""><div style=""padding: 5px 0;""><b>A)</b> En grans centrals situades lluny dels punts de consum.</div><div style=""padding: 5px 0;""><b>B)</b> En centres de transformació integrats a les xarxes locals.</div><div style=""padding: 5px 0;""><b>C)</b> En subestacions de distribució pròximes als consumidors finals.</div><div style=""padding: 5px 0;""><b>D)</b> En petites instal·lacions situades prop dels punts de consum.</div></div></div>","<div style=""text-align: left; font-family: -apple-system, sans-serif;""><div style=""font-weight: bold; font-size: 16px; color: #10b981; margin-bottom: 8px;"">✓ Resposta Correcta: A</div><div style=""font-size: 14px; margin-bottom: 12px; padding: 10px; background: rgba(16,185,129,0.1); border-radius: 6px; border-left: 4px solid #10b981;"">A) En grans centrals situades lluny dels punts de consum.</div><hr style=""border: 0; border-top: 1px solid #ddd; margin: 12px 0;""><div style=""font-size: 13px; color: #444; line-height: 1.4;""><b style=""color: #111;"">Explicació:</b> La major part de l’electricitat es produeix en grans centrals allunyades del consum.</div></div>","T12_-_Installacions","15758"
"<div style=""text-align: left; font-family: -apple-system, sans-serif;""><div style=""font-size: 11px; color: #888; margin-bottom: 6px;"">[T12 - Instal·lacions] Pregunta 315</div><div style=""font-weight: bold; font-size: 16px; margin-bottom: 14px; line-height: 1.4;"">Quina maniobra s’ha de poder efectuar de manera controlada amb la companyia elèctrica per a poder intervenir en instal·lacions d'alta tensió?</div><div style=""font-size: 14px; line-height: 1.6;""><div style=""padding: 5px 0;""><b>A)</b> L’arrencada d’un grup electrogen de suport.</div><div style=""padding: 5px 0;""><b>B)</b> La maniobra de tall del subministrament.</div><div style=""padding: 5px 0;""><b>C)</b> El canvi entre alimentació monofàsica i trifàsica.</div><div style=""padding: 5px 0;""><b>D)</b> La reducció de la tensió de consum final.</div></div></div>","<div style=""text-align: left; font-family: -apple-system, sans-serif;""><div style=""font-weight: bold; font-size: 16px; color: #10b981; margin-bottom: 8px;"">✓ Resposta Correcta: B</div><div style=""font-size: 14px; margin-bottom: 12px; padding: 10px; background: rgba(16,185,129,0.1); border-radius: 6px; border-left: 4px solid #10b981;"">B) La maniobra de tall del subministrament.</div><hr style=""border: 0; border-top: 1px solid #ddd; margin: 12px 0;""><div style=""font-size: 13px; color: #444; line-height: 1.4;""><b style=""color: #111;"">Explicació:</b> La presència de la companyia elèctrica permet efectuar de manera controlada les maniobres de tall del subministrament.</div></div>","T12_-_Installacions","15700"
"<div style=""text-align: left; font-family: -apple-system, sans-serif;""><div style=""font-size: 11px; color: #888; margin-bottom: 6px;"">[T12 - Instal·lacions] Pregunta 316</div><div style=""font-weight: bold; font-size: 16px; margin-bottom: 14px; line-height: 1.4;"">Quina seqüència és correcta en una instal·lació amb diversos usuaris i comptadors centralitzats?</div><div style=""font-size: 14px; line-height: 1.6;""><div style=""padding: 5px 0;""><b>A)</b> CGP → derivació individual → LGA → centralització de comptadors.</div><div style=""padding: 5px 0;""><b>B)</b> Centralització de comptadors → CGP → LGA → derivació individual.</div><div style=""padding: 5px 0;""><b>C)</b> CGP → LGA → centralització de comptadors → derivació individual.</div><div style=""padding: 5px 0;""><b>D)</b> LGA → CGP → derivació individual → centralització de comptadors.</div></div></div>","<div style=""text-align: left; font-family: -apple-system, sans-serif;""><div style=""font-weight: bold; font-size: 16px; color: #10b981; margin-bottom: 8px;"">✓ Resposta Correcta: C</div><div style=""font-size: 14px; margin-bottom: 12px; padding: 10px; background: rgba(16,185,129,0.1); border-radius: 6px; border-left: 4px solid #10b981;"">C) CGP → LGA → centralització de comptadors → derivació individual.</div><hr style=""border: 0; border-top: 1px solid #ddd; margin: 12px 0;""><div style=""font-size: 13px; color: #444; line-height: 1.4;""><b style=""color: #111;"">Explicació:</b> La CGP alimenta la LGA, aquesta arriba a la centralització i des d’allà parteixen les derivacions individuals.</div></div>","T12_-_Installacions","15894"
"<div style=""text-align: left; font-family: -apple-system, sans-serif;""><div style=""font-size: 11px; color: #888; margin-bottom: 6px;"">[T12 - Instal·lacions] Pregunta 317</div><div style=""font-weight: bold; font-size: 16px; margin-bottom: 14px; line-height: 1.4;"">Quin corrent nominal indica un magnetotèrmic marcat C25?</div><div style=""font-size: 14px; line-height: 1.6;""><div style=""padding: 5px 0;""><b>A)</b> 25 V.</div><div style=""padding: 5px 0;""><b>B)</b> 25 kA.</div><div style=""padding: 5px 0;""><b>C)</b> 25 A.</div><div style=""padding: 5px 0;""><b>D)</b> 250 mA.</div></div></div>","<div style=""text-align: left; font-family: -apple-system, sans-serif;""><div style=""font-weight: bold; font-size: 16px; color: #10b981; margin-bottom: 8px;"">✓ Resposta Correcta: C</div><div style=""font-size: 14px; margin-bottom: 12px; padding: 10px; background: rgba(16,185,129,0.1); border-radius: 6px; border-left: 4px solid #10b981;"">C) 25 A.</div><hr style=""border: 0; border-top: 1px solid #ddd; margin: 12px 0;""><div style=""font-size: 13px; color: #444; line-height: 1.4;""><b style=""color: #111;"">Explicació:</b> En la designació C25, el nombre 25 correspon al corrent nominal en amperes.</div></div>","T12_-_Installacions","15963"
"<div style=""text-align: left; font-family: -apple-system, sans-serif;""><div style=""font-size: 11px; color: #888; margin-bottom: 6px;"">[T12 - Instal·lacions] Pregunta 318</div><div style=""font-weight: bold; font-size: 16px; margin-bottom: 14px; line-height: 1.4;"">Com produeix electricitat un grup electrogen?</div><div style=""font-size: 14px; line-height: 1.6;""><div style=""padding: 5px 0;""><b>A)</b> Mitjançant l’energia acumulada en bateries.</div><div style=""padding: 5px 0;""><b>B)</b> Mitjançant la llum solar captada per panells.</div><div style=""padding: 5px 0;""><b>C)</b> Mitjançant un motor de combustió.</div><div style=""padding: 5px 0;""><b>D)</b> Mitjançant un inversor connectat a la xarxa.</div></div></div>","<div style=""text-align: left; font-family: -apple-system, sans-serif;""><div style=""font-weight: bold; font-size: 16px; color: #10b981; margin-bottom: 8px;"">✓ Resposta Correcta: C</div><div style=""font-size: 14px; margin-bottom: 12px; padding: 10px; background: rgba(16,185,129,0.1); border-radius: 6px; border-left: 4px solid #10b981;"">C) Mitjançant un motor de combustió.</div><hr style=""border: 0; border-top: 1px solid #ddd; margin: 12px 0;""><div style=""font-size: 13px; color: #444; line-height: 1.4;""><b style=""color: #111;"">Explicació:</b> Els grups electrògens generen electricitat a partir d’un motor de combustió.</div></div>","T12_-_Installacions","15732"
"<div style=""text-align: left; font-family: -apple-system, sans-serif;""><div style=""font-size: 11px; color: #888; margin-bottom: 6px;"">[T12 - Instal·lacions] Pregunta 319</div><div style=""font-weight: bold; font-size: 16px; margin-bottom: 14px; line-height: 1.4;"">Per què pot encendre’s el llum d’un buscapols sense provocar una descàrrega perceptible?</div><div style=""font-size: 14px; line-height: 1.6;""><div style=""padding: 5px 0;""><b>A)</b> Perquè el circuit es tanca amb una intensitat molt baixa, de l’ordre de dècimes de mA.</div><div style=""padding: 5px 0;""><b>B)</b> Perquè el mànec elimina completament el pas de corrent pel cos de l’usuari.</div><div style=""padding: 5px 0;""><b>C)</b> Perquè el buscapols transforma la tensió alterna en una tensió de seguretat.</div><div style=""padding: 5px 0;""><b>D)</b> Perquè la punta capta el camp elèctric i el contacte del mànec estabilitza la indicació sense tancar circuit.</div></div></div>","<div style=""text-align: left; font-family: -apple-system, sans-serif;""><div style=""font-weight: bold; font-size: 16px; color: #10b981; margin-bottom: 8px;"">✓ Resposta Correcta: A</div><div style=""font-size: 14px; margin-bottom: 12px; padding: 10px; background: rgba(16,185,129,0.1); border-radius: 6px; border-left: 4px solid #10b981;"">A) Perquè el circuit es tanca amb una intensitat molt baixa, de l’ordre de dècimes de mA.</div><hr style=""border: 0; border-top: 1px solid #ddd; margin: 12px 0;""><div style=""font-size: 13px; color: #444; line-height: 1.4;""><b style=""color: #111;"">Explicació:</b> La intensitat que circula és molt petita, però l’ús correcte continua depenent del rang per al qual ha estat dissenyat.</div></div>","T12_-_Installacions","16023"
"<div style=""text-align: left; font-family: -apple-system, sans-serif;""><div style=""font-size: 11px; color: #888; margin-bottom: 6px;"">[T12 - Instal·lacions] Pregunta 320</div><div style=""font-weight: bold; font-size: 16px; margin-bottom: 14px; line-height: 1.4;"">On se situa el filtre general d’aigua respecte del comptador general?</div><div style=""font-size: 14px; line-height: 1.6;""><div style=""padding: 5px 0;""><b>A)</b> Després del distribuïdor.</div><div style=""padding: 5px 0;""><b>B)</b> Abans del comptador.</div><div style=""padding: 5px 0;""><b>C)</b> Darrere de la clau de sortida.</div><div style=""padding: 5px 0;""><b>D)</b> Després del comptador.</div></div></div>","<div style=""text-align: left; font-family: -apple-system, sans-serif;""><div style=""font-weight: bold; font-size: 16px; color: #10b981; margin-bottom: 8px;"">✓ Resposta Correcta: B</div><div style=""font-size: 14px; margin-bottom: 12px; padding: 10px; background: rgba(16,185,129,0.1); border-radius: 6px; border-left: 4px solid #10b981;"">B) Abans del comptador.</div><hr style=""border: 0; border-top: 1px solid #ddd; margin: 12px 0;""><div style=""font-size: 13px; color: #444; line-height: 1.4;""><b style=""color: #111;"">Explicació:</b> L’ordre indicat és clau general, filtre i comptador.</div></div>","T12_-_Installacions","16112"
"<div style=""text-align: left; font-family: -apple-system, sans-serif;""><div style=""font-size: 11px; color: #888; margin-bottom: 6px;"">[T12 - Instal·lacions] Pregunta 321</div><div style=""font-weight: bold; font-size: 16px; margin-bottom: 14px; line-height: 1.4;"">Quin element de l’escomesa d’aigua connecta amb la canonada de distribució?</div><div style=""font-size: 14px; line-height: 1.6;""><div style=""padding: 5px 0;""><b>A)</b> La clau de pas interior.</div><div style=""padding: 5px 0;""><b>B)</b> La clau de sortida.</div><div style=""padding: 5px 0;""><b>C)</b> La vàlvula de retenció.</div><div style=""padding: 5px 0;""><b>D)</b> La clau o collet de presa.</div></div></div>","<div style=""text-align: left; font-family: -apple-system, sans-serif;""><div style=""font-weight: bold; font-size: 16px; color: #10b981; margin-bottom: 8px;"">✓ Resposta Correcta: D</div><div style=""font-size: 14px; margin-bottom: 12px; padding: 10px; background: rgba(16,185,129,0.1); border-radius: 6px; border-left: 4px solid #10b981;"">D) La clau o collet de presa.</div><hr style=""border: 0; border-top: 1px solid #ddd; margin: 12px 0;""><div style=""font-size: 13px; color: #444; line-height: 1.4;""><b style=""color: #111;"">Explicació:</b> La clau o collar de presa és l’element de connexió amb la canonada de distribució.</div></div>","T12_-_Installacions","16099"
"<div style=""text-align: left; font-family: -apple-system, sans-serif;""><div style=""font-size: 11px; color: #888; margin-bottom: 6px;"">[T12 - Instal·lacions] Pregunta 322</div><div style=""font-weight: bold; font-size: 16px; margin-bottom: 14px; line-height: 1.4;"">Davant quines fallades protegeix un interruptor magnetotèrmic?</div><div style=""font-size: 14px; line-height: 1.6;""><div style=""padding: 5px 0;""><b>A)</b> Sobrecàrregues i curtcircuits.</div><div style=""padding: 5px 0;""><b>B)</b> Sobretensions permanents i transitòries.</div><div style=""padding: 5px 0;""><b>C)</b> Fugues a terra i contactes indirectes.</div><div style=""padding: 5px 0;""><b>D)</b> Baixades de tensió i desequilibris de freqüència.</div></div></div>","<div style=""text-align: left; font-family: -apple-system, sans-serif;""><div style=""font-weight: bold; font-size: 16px; color: #10b981; margin-bottom: 8px;"">✓ Resposta Correcta: A</div><div style=""font-size: 14px; margin-bottom: 12px; padding: 10px; background: rgba(16,185,129,0.1); border-radius: 6px; border-left: 4px solid #10b981;"">A) Sobrecàrregues i curtcircuits.</div><hr style=""border: 0; border-top: 1px solid #ddd; margin: 12px 0;""><div style=""font-size: 13px; color: #444; line-height: 1.4;""><b style=""color: #111;"">Explicació:</b> La protecció magnetotèrmica actua contra sobreintensitats, tant prolongades com molt elevades.</div></div>","T12_-_Installacions","15952"
"<div style=""text-align: left; font-family: -apple-system, sans-serif;""><div style=""font-size: 11px; color: #888; margin-bottom: 6px;"">[T12 - Instal·lacions] Pregunta 323</div><div style=""font-weight: bold; font-size: 16px; margin-bottom: 14px; line-height: 1.4;"">Quants col·lectors pot rebre una arqueta de sanejament per cada cara?</div><div style=""font-size: 14px; line-height: 1.6;""><div style=""padding: 5px 0;""><b>A)</b> Dos col·lectors.</div><div style=""padding: 5px 0;""><b>B)</b> Tres col·lectors.</div><div style=""padding: 5px 0;""><b>C)</b> Tants com permeti el diàmetre.</div><div style=""padding: 5px 0;""><b>D)</b> Un col·lector.</div></div></div>","<div style=""text-align: left; font-family: -apple-system, sans-serif;""><div style=""font-weight: bold; font-size: 16px; color: #10b981; margin-bottom: 8px;"">✓ Resposta Correcta: D</div><div style=""font-size: 14px; margin-bottom: 12px; padding: 10px; background: rgba(16,185,129,0.1); border-radius: 6px; border-left: 4px solid #10b981;"">D) Un col·lector.</div><hr style=""border: 0; border-top: 1px solid #ddd; margin: 12px 0;""><div style=""font-size: 13px; color: #444; line-height: 1.4;""><b style=""color: #111;"">Explicació:</b> Cada cara de l’arqueta pot rebre un únic col·lector.</div></div>","T12_-_Installacions","16187"
"<div style=""text-align: left; font-family: -apple-system, sans-serif;""><div style=""font-size: 11px; color: #888; margin-bottom: 6px;"">[T12 - Instal·lacions] Pregunta 324</div><div style=""font-weight: bold; font-size: 16px; margin-bottom: 14px; line-height: 1.4;"">Una xarxa de gas que treballa a 0,2 bar, com es classifica?</div><div style=""font-size: 14px; line-height: 1.6;""><div style=""padding: 5px 0;""><b>A)</b> BP.</div><div style=""padding: 5px 0;""><b>B)</b> APA.</div><div style=""padding: 5px 0;""><b>C)</b> MPA.</div><div style=""padding: 5px 0;""><b>D)</b> MPB.</div></div></div>","<div style=""text-align: left; font-family: -apple-system, sans-serif;""><div style=""font-weight: bold; font-size: 16px; color: #10b981; margin-bottom: 8px;"">✓ Resposta Correcta: C</div><div style=""font-size: 14px; margin-bottom: 12px; padding: 10px; background: rgba(16,185,129,0.1); border-radius: 6px; border-left: 4px solid #10b981;"">C) MPA.</div><hr style=""border: 0; border-top: 1px solid #ddd; margin: 12px 0;""><div style=""font-size: 13px; color: #444; line-height: 1.4;""><b style=""color: #111;"">Explicació:</b> 0,2 bar es troba dins el rang de més de 0,05 bar i fins a 0,4 bar.</div></div>","T12_-_Installacions","16255"
"<div style=""text-align: left; font-family: -apple-system, sans-serif;""><div style=""font-size: 11px; color: #888; margin-bottom: 6px;"">[T12 - Instal·lacions] Pregunta 325</div><div style=""font-weight: bold; font-size: 16px; margin-bottom: 14px; line-height: 1.4;"">A més dels transformadors, quins equips formen part habitualment d’un centre de transformació?</div><div style=""font-size: 14px; line-height: 1.6;""><div style=""padding: 5px 0;""><b>A)</b> Comptadors individuals, PIAs i interruptors diferencials.</div><div style=""padding: 5px 0;""><b>B)</b> ICP, IGA i dispositius de protecció contra sobretensions.</div><div style=""padding: 5px 0;""><b>C)</b> Dispositius de connexió, protecció i mesura.</div><div style=""padding: 5px 0;""><b>D)</b> Fusibles de seguretat, equips de mesura i derivacions individuals.</div></div></div>","<div style=""text-align: left; font-family: -apple-system, sans-serif;""><div style=""font-weight: bold; font-size: 16px; color: #10b981; margin-bottom: 8px;"">✓ Resposta Correcta: C</div><div style=""font-size: 14px; margin-bottom: 12px; padding: 10px; background: rgba(16,185,129,0.1); border-radius: 6px; border-left: 4px solid #10b981;"">C) Dispositius de connexió, protecció i mesura.</div><hr style=""border: 0; border-top: 1px solid #ddd; margin: 12px 0;""><div style=""font-size: 13px; color: #444; line-height: 1.4;""><b style=""color: #111;"">Explicació:</b> Els centres de transformació incorporen dispositius de connexió, protecció i mesura, a més dels transformadors.</div></div>","T12_-_Installacions","15848"
"<div style=""text-align: left; font-family: -apple-system, sans-serif;""><div style=""font-size: 11px; color: #888; margin-bottom: 6px;"">[T12 - Instal·lacions] Pregunta 326</div><div style=""font-weight: bold; font-size: 16px; margin-bottom: 14px; line-height: 1.4;"">Quin percentatge aproximat de metà pot contenir el gas natural?</div><div style=""font-size: 14px; line-height: 1.6;""><div style=""padding: 5px 0;""><b>A)</b> Entre el 80 i el 85%.</div><div style=""padding: 5px 0;""><b>B)</b> Entre el 95 i el 100%.</div><div style=""padding: 5px 0;""><b>C)</b> Entre el 90 i el 95%.</div><div style=""padding: 5px 0;""><b>D)</b> Entre el 70 i el 75%.</div></div></div>","<div style=""text-align: left; font-family: -apple-system, sans-serif;""><div style=""font-weight: bold; font-size: 16px; color: #10b981; margin-bottom: 8px;"">✓ Resposta Correcta: C</div><div style=""font-size: 14px; margin-bottom: 12px; padding: 10px; background: rgba(16,185,129,0.1); border-radius: 6px; border-left: 4px solid #10b981;"">C) Entre el 90 i el 95%.</div><hr style=""border: 0; border-top: 1px solid #ddd; margin: 12px 0;""><div style=""font-size: 13px; color: #444; line-height: 1.4;""><b style=""color: #111;"">Explicació:</b> La proporció de metà és habitualment d’aproximadament el 90-95%.</div></div>","T12_-_Installacions","16205"
"<div style=""text-align: left; font-family: -apple-system, sans-serif;""><div style=""font-size: 11px; color: #888; margin-bottom: 6px;"">[T12 - Instal·lacions] Pregunta 327</div><div style=""font-weight: bold; font-size: 16px; margin-bottom: 14px; line-height: 1.4;"">Quin avantatge aporta un aparell de gas de circuit estanc?</div><div style=""font-size: 14px; line-height: 1.6;""><div style=""padding: 5px 0;""><b>A)</b> Més consum i ventilació.</div><div style=""padding: 5px 0;""><b>B)</b> Més pressió i cabal.</div><div style=""padding: 5px 0;""><b>C)</b> Menys necessitat de regulació.</div><div style=""padding: 5px 0;""><b>D)</b> Més seguretat i eficiència.</div></div></div>","<div style=""text-align: left; font-family: -apple-system, sans-serif;""><div style=""font-weight: bold; font-size: 16px; color: #10b981; margin-bottom: 8px;"">✓ Resposta Correcta: D</div><div style=""font-size: 14px; margin-bottom: 12px; padding: 10px; background: rgba(16,185,129,0.1); border-radius: 6px; border-left: 4px solid #10b981;"">D) Més seguretat i eficiència.</div><hr style=""border: 0; border-top: 1px solid #ddd; margin: 12px 0;""><div style=""font-size: 13px; color: #444; line-height: 1.4;""><b style=""color: #111;"">Explicació:</b> La separació del circuit de combustió respecte del local millora la seguretat i l’eficiència.</div></div>","T12_-_Installacions","18892"
"<div style=""text-align: left; font-family: -apple-system, sans-serif;""><div style=""font-size: 11px; color: #888; margin-bottom: 6px;"">[T12 - Instal·lacions] Pregunta 328</div><div style=""font-weight: bold; font-size: 16px; margin-bottom: 14px; line-height: 1.4;"">Què necessita un distribuïdor d’aigua encastat?</div><div style=""font-size: 14px; line-height: 1.6;""><div style=""padding: 5px 0;""><b>A)</b> Filtres a cada derivació.</div><div style=""padding: 5px 0;""><b>B)</b> Purgadors a cada metre.</div><div style=""padding: 5px 0;""><b>C)</b> Comptadors generals repetits.</div><div style=""padding: 5px 0;""><b>D)</b> Registres d’inspecció.</div></div></div>","<div style=""text-align: left; font-family: -apple-system, sans-serif;""><div style=""font-weight: bold; font-size: 16px; color: #10b981; margin-bottom: 8px;"">✓ Resposta Correcta: D</div><div style=""font-size: 14px; margin-bottom: 12px; padding: 10px; background: rgba(16,185,129,0.1); border-radius: 6px; border-left: 4px solid #10b981;"">D) Registres d’inspecció.</div><hr style=""border: 0; border-top: 1px solid #ddd; margin: 12px 0;""><div style=""font-size: 13px; color: #444; line-height: 1.4;""><b style=""color: #111;"">Explicació:</b> Els registres permeten inspeccionar un distribuïdor encastat.</div></div>","T12_-_Installacions","16127"
"<div style=""text-align: left; font-family: -apple-system, sans-serif;""><div style=""font-size: 11px; color: #888; margin-bottom: 6px;"">[T12 - Instal·lacions] Pregunta 329</div><div style=""font-weight: bold; font-size: 16px; margin-bottom: 14px; line-height: 1.4;"">Amb quina altra clau pot coincidir la clau de comptador de gas?</div><div style=""font-size: 14px; line-height: 1.6;""><div style=""padding: 5px 0;""><b>A)</b> Amb la clau de muntant.</div><div style=""padding: 5px 0;""><b>B)</b> Amb la clau d’usuari.</div><div style=""padding: 5px 0;""><b>C)</b> Amb la clau d’edifici.</div><div style=""padding: 5px 0;""><b>D)</b> Amb la clau d’escomesa.</div></div></div>","<div style=""text-align: left; font-family: -apple-system, sans-serif;""><div style=""font-weight: bold; font-size: 16px; color: #10b981; margin-bottom: 8px;"">✓ Resposta Correcta: B</div><div style=""font-size: 14px; margin-bottom: 12px; padding: 10px; background: rgba(16,185,129,0.1); border-radius: 6px; border-left: 4px solid #10b981;"">B) Amb la clau d’usuari.</div><hr style=""border: 0; border-top: 1px solid #ddd; margin: 12px 0;""><div style=""font-size: 13px; color: #444; line-height: 1.4;""><b style=""color: #111;"">Explicació:</b> En algunes instal·lacions una mateixa clau pot assumir les funcions de comptador i d’usuari.</div></div>","T12_-_Installacions","16280"
"<div style=""text-align: left; font-family: -apple-system, sans-serif;""><div style=""font-size: 11px; color: #888; margin-bottom: 6px;"">[T12 - Instal·lacions] Pregunta 330</div><div style=""font-weight: bold; font-size: 16px; margin-bottom: 14px; line-height: 1.4;"">Quina funció té el vapor en una central tèrmica convencional?</div><div style=""font-size: 14px; line-height: 1.6;""><div style=""padding: 5px 0;""><b>A)</b> Fer girar directament les pales d’un aerogenerador.</div><div style=""padding: 5px 0;""><b>B)</b> Elevar la tensió de sortida dels generadors.</div><div style=""padding: 5px 0;""><b>C)</b> Convertir llum solar en corrent continu.</div><div style=""padding: 5px 0;""><b>D)</b> Impulsar les turbines.</div></div></div>","<div style=""text-align: left; font-family: -apple-system, sans-serif;""><div style=""font-weight: bold; font-size: 16px; color: #10b981; margin-bottom: 8px;"">✓ Resposta Correcta: D</div><div style=""font-size: 14px; margin-bottom: 12px; padding: 10px; background: rgba(16,185,129,0.1); border-radius: 6px; border-left: 4px solid #10b981;"">D) Impulsar les turbines.</div><hr style=""border: 0; border-top: 1px solid #ddd; margin: 12px 0;""><div style=""font-size: 13px; color: #444; line-height: 1.4;""><b style=""color: #111;"">Explicació:</b> El vapor produït per la combustió és el fluid que impulsa la turbina.</div></div>","T12_-_Installacions","15765"
"<div style=""text-align: left; font-family: -apple-system, sans-serif;""><div style=""font-size: 11px; color: #888; margin-bottom: 6px;"">[T12 - Instal·lacions] Pregunta 331</div><div style=""font-weight: bold; font-size: 16px; margin-bottom: 14px; line-height: 1.4;"">Quina càrrega conté una bombona UD-125?</div><div style=""font-size: 14px; line-height: 1.6;""><div style=""padding: 5px 0;""><b>A)</b> 1,25 kg</div><div style=""padding: 5px 0;""><b>B)</b> 125 L</div><div style=""padding: 5px 0;""><b>C)</b> 12,5 kg</div><div style=""padding: 5px 0;""><b>D)</b> 125 kg</div></div></div>","<div style=""text-align: left; font-family: -apple-system, sans-serif;""><div style=""font-weight: bold; font-size: 16px; color: #10b981; margin-bottom: 8px;"">✓ Resposta Correcta: </div><div style=""font-size: 14px; margin-bottom: 12px; padding: 10px; background: rgba(16,185,129,0.1); border-radius: 6px; border-left: 4px solid #10b981;"">) </div></div>","T12_-_Installacions","16200"
"<div style=""text-align: left; font-family: -apple-system, sans-serif;""><div style=""font-size: 11px; color: #888; margin-bottom: 6px;"">[T12 - Instal·lacions] Pregunta 332</div><div style=""font-weight: bold; font-size: 16px; margin-bottom: 14px; line-height: 1.4;"">Com s’emmagatzema habitualment el GLP en un habitatge sense xarxa de gas?</div><div style=""font-size: 14px; line-height: 1.6;""><div style=""padding: 5px 0;""><b>A)</b> En gasòmetres.</div><div style=""padding: 5px 0;""><b>B)</b> En acumuladors de membrana.</div><div style=""padding: 5px 0;""><b>C)</b> En canonades soterrades.</div><div style=""padding: 5px 0;""><b>D)</b> En bombones.</div></div></div>","<div style=""text-align: left; font-family: -apple-system, sans-serif;""><div style=""font-weight: bold; font-size: 16px; color: #10b981; margin-bottom: 8px;"">✓ Resposta Correcta: D</div><div style=""font-size: 14px; margin-bottom: 12px; padding: 10px; background: rgba(16,185,129,0.1); border-radius: 6px; border-left: 4px solid #10b981;"">D) En bombones.</div><hr style=""border: 0; border-top: 1px solid #ddd; margin: 12px 0;""><div style=""font-size: 13px; color: #444; line-height: 1.4;""><b style=""color: #111;"">Explicació:</b> En habitatges sense gas canalitzat, el GLP arriba habitualment en bombones.</div></div>","T12_-_Installacions","16191"
"<div style=""text-align: left; font-family: -apple-system, sans-serif;""><div style=""font-size: 11px; color: #888; margin-bottom: 6px;"">[T12 - Instal·lacions] Pregunta 333</div><div style=""font-weight: bold; font-size: 16px; margin-bottom: 14px; line-height: 1.4;"">Quina diferència bàsica hi ha entre un buscapols i un detector sense contacte?</div><div style=""font-size: 14px; line-height: 1.6;""><div style=""padding: 5px 0;""><b>A)</b> El buscapols necessita contacte de la punta amb el conductor que es vol comprovar.</div><div style=""padding: 5px 0;""><b>B)</b> El buscapols mesura intensitat i el detector comprova diferència de potencial.</div><div style=""padding: 5px 0;""><b>C)</b> El buscapols ofereix una estimació de tensió i el detector confirma la presència per proximitat.</div><div style=""padding: 5px 0;""><b>D)</b> El buscapols comprova continuïtat i el detector determina la resistència del conductor.</div></div></div>","<div style=""text-align: left; font-family: -apple-system, sans-serif;""><div style=""font-weight: bold; font-size: 16px; color: #10b981; margin-bottom: 8px;"">✓ Resposta Correcta: A</div><div style=""font-size: 14px; margin-bottom: 12px; padding: 10px; background: rgba(16,185,129,0.1); border-radius: 6px; border-left: 4px solid #10b981;"">A) El buscapols necessita contacte de la punta amb el conductor que es vol comprovar.</div><hr style=""border: 0; border-top: 1px solid #ddd; margin: 12px 0;""><div style=""font-size: 13px; color: #444; line-height: 1.4;""><b style=""color: #111;"">Explicació:</b> El buscapols requereix contacte físic; el detector sense contacte treballa per proximitat.</div></div>","T12_-_Installacions","16025"
"<div style=""text-align: left; font-family: -apple-system, sans-serif;""><div style=""font-size: 11px; color: #888; margin-bottom: 6px;"">[T12 - Instal·lacions] Pregunta 334</div><div style=""font-weight: bold; font-size: 16px; margin-bottom: 14px; line-height: 1.4;"">Quan una clau de gas té accessibilitat de grau 1?</div><div style=""font-size: 14px; line-height: 1.6;""><div style=""padding: 5px 0;""><b>A)</b> Quan es manipula sense obrir tancaments ni usar mitjans auxiliars.</div><div style=""padding: 5px 0;""><b>B)</b> Quan cal una escala o mitjà mecànic.</div><div style=""padding: 5px 0;""><b>C)</b> Quan queda darrere un registre practicable.</div><div style=""padding: 5px 0;""><b>D)</b> Quan cal retirar un panell fàcilment desmuntable.</div></div></div>","<div style=""text-align: left; font-family: -apple-system, sans-serif;""><div style=""font-weight: bold; font-size: 16px; color: #10b981; margin-bottom: 8px;"">✓ Resposta Correcta: A</div><div style=""font-size: 14px; margin-bottom: 12px; padding: 10px; background: rgba(16,185,129,0.1); border-radius: 6px; border-left: 4px solid #10b981;"">A) Quan es manipula sense obrir tancaments ni usar mitjans auxiliars.</div><hr style=""border: 0; border-top: 1px solid #ddd; margin: 12px 0;""><div style=""font-size: 13px; color: #444; line-height: 1.4;""><b style=""color: #111;"">Explicació:</b> El grau 1 correspon a una manipulació directa i immediata.</div></div>","T12_-_Installacions","16267"
"<div style=""text-align: left; font-family: -apple-system, sans-serif;""><div style=""font-size: 11px; color: #888; margin-bottom: 6px;"">[T12 - Instal·lacions] Pregunta 335</div><div style=""font-weight: bold; font-size: 16px; margin-bottom: 14px; line-height: 1.4;"">Com són habitualment les línies d’alta i mitja tensió?</div><div style=""font-size: 14px; line-height: 1.6;""><div style=""padding: 5px 0;""><b>A)</b> Línies formades per cables de baixa tensió recolzats directament a terra.</div><div style=""padding: 5px 0;""><b>B)</b> Línies constituïdes principalment per conductors continus enterrats sense aïllament.</div><div style=""padding: 5px 0;""><b>C)</b> Línies aèries amb cables aïllats suspesos en pals elèctrics.</div><div style=""padding: 5px 0;""><b>D)</b> Línies aèries amb cables nus suspesos per torres elèctriques.</div></div></div>","<div style=""text-align: left; font-family: -apple-system, sans-serif;""><div style=""font-weight: bold; font-size: 16px; color: #10b981; margin-bottom: 8px;"">✓ Resposta Correcta: D</div><div style=""font-size: 14px; margin-bottom: 12px; padding: 10px; background: rgba(16,185,129,0.1); border-radius: 6px; border-left: 4px solid #10b981;"">D) Línies aèries amb cables nus suspesos per torres elèctriques.</div><hr style=""border: 0; border-top: 1px solid #ddd; margin: 12px 0;""><div style=""font-size: 13px; color: #444; line-height: 1.4;""><b style=""color: #111;"">Explicació:</b> La major part de la xarxa d’AT i MT és aèria i utilitza conductors nus suspesos per torres elèctriques.</div></div>","T12_-_Installacions","15815"
"<div style=""text-align: left; font-family: -apple-system, sans-serif;""><div style=""font-size: 11px; color: #888; margin-bottom: 6px;"">[T12 - Instal·lacions] Pregunta 336</div><div style=""font-weight: bold; font-size: 16px; margin-bottom: 14px; line-height: 1.4;"">Quina funció de maniobra pot fer un interruptor magnetotèrmic a més de protegir?</div><div style=""font-size: 14px; line-height: 1.6;""><div style=""padding: 5px 0;""><b>A)</b> Mesurar la intensitat de fuga cap a terra.</div><div style=""padding: 5px 0;""><b>B)</b> Regular progressivament la tensió del circuit.</div><div style=""padding: 5px 0;""><b>C)</b> Obrir o tancar el circuit que alimenta.</div><div style=""padding: 5px 0;""><b>D)</b> Transformar un circuit trifàsic en monofàsic.</div></div></div>","<div style=""text-align: left; font-family: -apple-system, sans-serif;""><div style=""font-weight: bold; font-size: 16px; color: #10b981; margin-bottom: 8px;"">✓ Resposta Correcta: C</div><div style=""font-size: 14px; margin-bottom: 12px; padding: 10px; background: rgba(16,185,129,0.1); border-radius: 6px; border-left: 4px solid #10b981;"">C) Obrir o tancar el circuit que alimenta.</div><hr style=""border: 0; border-top: 1px solid #ddd; margin: 12px 0;""><div style=""font-size: 13px; color: #444; line-height: 1.4;""><b style=""color: #111;"">Explicació:</b> El magnetotèrmic també pot utilitzar-se com a interruptor manual del circuit.</div></div>","T12_-_Installacions","15953"
"<div style=""text-align: left; font-family: -apple-system, sans-serif;""><div style=""font-size: 11px; color: #888; margin-bottom: 6px;"">[T12 - Instal·lacions] Pregunta 337</div><div style=""font-weight: bold; font-size: 16px; margin-bottom: 14px; line-height: 1.4;"">Quin risc específic poden presentar els grups electrògens fixos?</div><div style=""font-size: 14px; line-height: 1.6;""><div style=""padding: 5px 0;""><b>A)</b> Poden aturar-se quan la demanda és inferior a la necessària.</div><div style=""padding: 5px 0;""><b>B)</b> Poden funcionar sense diferencial com els portàtils.</div><div style=""padding: 5px 0;""><b>C)</b> Poden mantenir en tensió la part DC del sistema.</div><div style=""padding: 5px 0;""><b>D)</b> Poden arrencar automàticament quan falla la tensió de la xarxa.</div></div></div>","<div style=""text-align: left; font-family: -apple-system, sans-serif;""><div style=""font-weight: bold; font-size: 16px; color: #10b981; margin-bottom: 8px;"">✓ Resposta Correcta: D</div><div style=""font-size: 14px; margin-bottom: 12px; padding: 10px; background: rgba(16,185,129,0.1); border-radius: 6px; border-left: 4px solid #10b981;"">D) Poden arrencar automàticament quan falla la tensió de la xarxa.</div><hr style=""border: 0; border-top: 1px solid #ddd; margin: 12px 0;""><div style=""font-size: 13px; color: #444; line-height: 1.4;""><b style=""color: #111;"">Explicació:</b> Alguns grups fixos poden arrencar automàticament quan detecten una fallada de tensió de la xarxa.</div></div>","T12_-_Installacions","15740"
"<div style=""text-align: left; font-family: -apple-system, sans-serif;""><div style=""font-size: 11px; color: #888; margin-bottom: 6px;"">[T12 - Instal·lacions] Pregunta 338</div><div style=""font-weight: bold; font-size: 16px; margin-bottom: 14px; line-height: 1.4;"">Què s’ha de respectar entre una canonada de gas i altres instal·lacions?</div><div style=""font-size: 14px; line-height: 1.6;""><div style=""padding: 5px 0;""><b>A)</b> Un contacte equipotencial directe.</div><div style=""padding: 5px 0;""><b>B)</b> Una separació màxima determinada.</div><div style=""padding: 5px 0;""><b>C)</b> Una trajectòria paral·lela comuna.</div><div style=""padding: 5px 0;""><b>D)</b> Una distància mínima de seguretat.</div></div></div>","<div style=""text-align: left; font-family: -apple-system, sans-serif;""><div style=""font-weight: bold; font-size: 16px; color: #10b981; margin-bottom: 8px;"">✓ Resposta Correcta: D</div><div style=""font-size: 14px; margin-bottom: 12px; padding: 10px; background: rgba(16,185,129,0.1); border-radius: 6px; border-left: 4px solid #10b981;"">D) Una distància mínima de seguretat.</div><hr style=""border: 0; border-top: 1px solid #ddd; margin: 12px 0;""><div style=""font-size: 13px; color: #444; line-height: 1.4;""><b style=""color: #111;"">Explicació:</b> Cal mantenir separació respecte de conductors elèctrics, aigua i altres instal·lacions.</div></div>","T12_-_Installacions","16260"
"<div style=""text-align: left; font-family: -apple-system, sans-serif;""><div style=""font-size: 11px; color: #888; margin-bottom: 6px;"">[T12 - Instal·lacions] Pregunta 339</div><div style=""font-weight: bold; font-size: 16px; margin-bottom: 14px; line-height: 1.4;"">Què és l’interruptor general de maniobra (IGM) dins d’una instal·lació d’enllaç?</div><div style=""font-size: 14px; line-height: 1.6;""><div style=""padding: 5px 0;""><b>A)</b> Un dispositiu del quadre interior que protegeix cada circuit.</div><div style=""padding: 5px 0;""><b>B)</b> Un interruptor de l’escomesa que limita la potència contractada.</div><div style=""padding: 5px 0;""><b>C)</b> Una unitat funcional de la centralització de comptadors.</div><div style=""padding: 5px 0;""><b>D)</b> Un element del centre de transformació que redueix la tensió.</div></div></div>","<div style=""text-align: left; font-family: -apple-system, sans-serif;""><div style=""font-weight: bold; font-size: 16px; color: #10b981; margin-bottom: 8px;"">✓ Resposta Correcta: C</div><div style=""font-size: 14px; margin-bottom: 12px; padding: 10px; background: rgba(16,185,129,0.1); border-radius: 6px; border-left: 4px solid #10b981;"">C) Una unitat funcional de la centralització de comptadors.</div><hr style=""border: 0; border-top: 1px solid #ddd; margin: 12px 0;""><div style=""font-size: 13px; color: #444; line-height: 1.4;""><b style=""color: #111;"">Explicació:</b> L’IGM forma part funcionalment de la centralització de comptadors.</div></div>","T12_-_Installacions","15880"
"<div style=""text-align: left; font-family: -apple-system, sans-serif;""><div style=""font-size: 11px; color: #888; margin-bottom: 6px;"">[T12 - Instal·lacions] Pregunta 340</div><div style=""font-weight: bold; font-size: 16px; margin-bottom: 14px; line-height: 1.4;"">Què passa amb la separació entre cables quan augmenta la tensió?</div><div style=""font-size: 14px; line-height: 1.6;""><div style=""padding: 5px 0;""><b>A)</b> La separació deixa de tenir relació amb la tensió.</div><div style=""padding: 5px 0;""><b>B)</b> Els cables han d’estar més separats.</div><div style=""padding: 5px 0;""><b>C)</b> Els conductors passen a compartir el mateix aïllador.</div><div style=""padding: 5px 0;""><b>D)</b> Els cables poden situar-se més junts.</div></div></div>","<div style=""text-align: left; font-family: -apple-system, sans-serif;""><div style=""font-weight: bold; font-size: 16px; color: #10b981; margin-bottom: 8px;"">✓ Resposta Correcta: B</div><div style=""font-size: 14px; margin-bottom: 12px; padding: 10px; background: rgba(16,185,129,0.1); border-radius: 6px; border-left: 4px solid #10b981;"">B) Els cables han d’estar més separats.</div><hr style=""border: 0; border-top: 1px solid #ddd; margin: 12px 0;""><div style=""font-size: 13px; color: #444; line-height: 1.4;""><b style=""color: #111;"">Explicació:</b> L’augment de tensió exigeix més distància entre conductors.</div></div>","T12_-_Installacions","15822"
"<div style=""text-align: left; font-family: -apple-system, sans-serif;""><div style=""font-size: 11px; color: #888; margin-bottom: 6px;"">[T12 - Instal·lacions] Pregunta 341</div><div style=""font-weight: bold; font-size: 16px; margin-bottom: 14px; line-height: 1.4;"">Quin avantatge principal té una pinça amperimètrica?</div><div style=""font-size: 14px; line-height: 1.6;""><div style=""padding: 5px 0;""><b>A)</b> Permet mesurar la tensió d’un conductor sense tocar-lo.</div><div style=""padding: 5px 0;""><b>B)</b> Permet verificar l’absència de tensió sense cap segon instrument.</div><div style=""padding: 5px 0;""><b>C)</b> Permet mesurar la intensitat d’un conductor sense tallar-lo.</div><div style=""padding: 5px 0;""><b>D)</b> Permet mesurar resistència sense desconnectar el circuit de la xarxa.</div></div></div>","<div style=""text-align: left; font-family: -apple-system, sans-serif;""><div style=""font-weight: bold; font-size: 16px; color: #10b981; margin-bottom: 8px;"">✓ Resposta Correcta: C</div><div style=""font-size: 14px; margin-bottom: 12px; padding: 10px; background: rgba(16,185,129,0.1); border-radius: 6px; border-left: 4px solid #10b981;"">C) Permet mesurar la intensitat d’un conductor sense tallar-lo.</div><hr style=""border: 0; border-top: 1px solid #ddd; margin: 12px 0;""><div style=""font-size: 13px; color: #444; line-height: 1.4;""><b style=""color: #111;"">Explicació:</b> La pinça mesura corrent abraçant el conductor, sense haver d’interrompre’l.</div></div>","T12_-_Installacions","16045"
"<div style=""text-align: left; font-family: -apple-system, sans-serif;""><div style=""font-size: 11px; color: #888; margin-bottom: 6px;"">[T12 - Instal·lacions] Pregunta 342</div><div style=""font-weight: bold; font-size: 16px; margin-bottom: 14px; line-height: 1.4;"">Per mesurar una tensió domèstica d’uns 230 V AC amb selecció de rang per part de l’usuari, quin rang és adequat?</div><div style=""font-size: 14px; line-height: 1.6;""><div style=""padding: 5px 0;""><b>A)</b> Un rang de tensió alterna inferior, com 200 V AC, per millorar la resolució.</div><div style=""padding: 5px 0;""><b>B)</b> Un rang de tensió contínua de 500 V perquè és superior al valor esperat.</div><div style=""padding: 5px 0;""><b>C)</b> Un rang de tensió alterna immediatament superior, com 500 V AC.</div><div style=""padding: 5px 0;""><b>D)</b> Un rang d’intensitat alterna superior a 230 A per evitar sobrecàrrega.</div></div></div>","<div style=""text-align: left; font-family: -apple-system, sans-serif;""><div style=""font-weight: bold; font-size: 16px; color: #10b981; margin-bottom: 8px;"">✓ Resposta Correcta: C</div><div style=""font-size: 14px; margin-bottom: 12px; padding: 10px; background: rgba(16,185,129,0.1); border-radius: 6px; border-left: 4px solid #10b981;"">C) Un rang de tensió alterna immediatament superior, com 500 V AC.</div><hr style=""border: 0; border-top: 1px solid #ddd; margin: 12px 0;""><div style=""font-size: 13px; color: #444; line-height: 1.4;""><b style=""color: #111;"">Explicació:</b> Quan el rang no se selecciona automàticament, s’escull un valor superior a la tensió que s’espera mesurar.</div></div>","T12_-_Installacions","16042"
"<div style=""text-align: left; font-family: -apple-system, sans-serif;""><div style=""font-size: 11px; color: #888; margin-bottom: 6px;"">[T12 - Instal·lacions] Pregunta 343</div><div style=""font-weight: bold; font-size: 16px; margin-bottom: 14px; line-height: 1.4;"">Què aprofita una central de cicle combinat per millorar l’eficiència?</div><div style=""font-size: 14px; line-height: 1.6;""><div style=""padding: 5px 0;""><b>A)</b> La calor residual de la turbina de vapor.</div><div style=""padding: 5px 0;""><b>B)</b> La calor residual de la turbina de gas.</div><div style=""padding: 5px 0;""><b>C)</b> L’energia mecànica residual d’una central hidràulica.</div><div style=""padding: 5px 0;""><b>D)</b> El corrent continu residual d’una instal·lació fotovoltaica.</div></div></div>","<div style=""text-align: left; font-family: -apple-system, sans-serif;""><div style=""font-weight: bold; font-size: 16px; color: #10b981; margin-bottom: 8px;"">✓ Resposta Correcta: B</div><div style=""font-size: 14px; margin-bottom: 12px; padding: 10px; background: rgba(16,185,129,0.1); border-radius: 6px; border-left: 4px solid #10b981;"">B) La calor residual de la turbina de gas.</div><hr style=""border: 0; border-top: 1px solid #ddd; margin: 12px 0;""><div style=""font-size: 13px; color: #444; line-height: 1.4;""><b style=""color: #111;"">Explicació:</b> La calor residual del procés amb turbina de gas s’aprofita per alimentar el cicle de vapor.</div></div>","T12_-_Installacions","15773"
"<div style=""text-align: left; font-family: -apple-system, sans-serif;""><div style=""font-size: 11px; color: #888; margin-bottom: 6px;"">[T12 - Instal·lacions] Pregunta 344</div><div style=""font-weight: bold; font-size: 16px; margin-bottom: 14px; line-height: 1.4;"">Quina és la funció principal d’una subestació de transformació?</div><div style=""font-size: 14px; line-height: 1.6;""><div style=""padding: 5px 0;""><b>A)</b> Emmagatzemar electricitat per cobrir pics de demanda.</div><div style=""padding: 5px 0;""><b>B)</b> Produir electricitat a partir d’un recurs energètic.</div><div style=""padding: 5px 0;""><b>C)</b> Adaptar el voltatge entre línies de tensió diferent.</div><div style=""padding: 5px 0;""><b>D)</b> Convertir totes les línies de corrent altern en corrent continu.</div></div></div>","<div style=""text-align: left; font-family: -apple-system, sans-serif;""><div style=""font-weight: bold; font-size: 16px; color: #10b981; margin-bottom: 8px;"">✓ Resposta Correcta: C</div><div style=""font-size: 14px; margin-bottom: 12px; padding: 10px; background: rgba(16,185,129,0.1); border-radius: 6px; border-left: 4px solid #10b981;"">C) Adaptar el voltatge entre línies de tensió diferent.</div><hr style=""border: 0; border-top: 1px solid #ddd; margin: 12px 0;""><div style=""font-size: 13px; color: #444; line-height: 1.4;""><b style=""color: #111;"">Explicació:</b> La funció principal és transformar la tensió entre els diferents nivells de xarxa.</div></div>","T12_-_Installacions","15838"
"<div style=""text-align: left; font-family: -apple-system, sans-serif;""><div style=""font-size: 11px; color: #888; margin-bottom: 6px;"">[T12 - Instal·lacions] Pregunta 345</div><div style=""font-weight: bold; font-size: 16px; margin-bottom: 14px; line-height: 1.4;"">On poden estar instal·lades les subestacions de transformació?</div><div style=""font-size: 14px; line-height: 1.6;""><div style=""padding: 5px 0;""><b>A)</b> Dins d’edificis, en estructures elevades o en centres de generació.</div><div style=""padding: 5px 0;""><b>B)</b> A l’aire lliure, dins d’edificis o soterrades.</div><div style=""padding: 5px 0;""><b>C)</b> Soterrades, dins de torres o integrades en línies aèries.</div><div style=""padding: 5px 0;""><b>D)</b> A l’aire lliure, dins de torres elèctriques o en galeries de línia.</div></div></div>","<div style=""text-align: left; font-family: -apple-system, sans-serif;""><div style=""font-weight: bold; font-size: 16px; color: #10b981; margin-bottom: 8px;"">✓ Resposta Correcta: B</div><div style=""font-size: 14px; margin-bottom: 12px; padding: 10px; background: rgba(16,185,129,0.1); border-radius: 6px; border-left: 4px solid #10b981;"">B) A l’aire lliure, dins d’edificis o soterrades.</div><hr style=""border: 0; border-top: 1px solid #ddd; margin: 12px 0;""><div style=""font-size: 13px; color: #444; line-height: 1.4;""><b style=""color: #111;"">Explicació:</b> Les subestacions poden adoptar configuracions exteriors, interiors o subterrànies.</div></div>","T12_-_Installacions","15845"
"<div style=""text-align: left; font-family: -apple-system, sans-serif;""><div style=""font-size: 11px; color: #888; margin-bottom: 6px;"">[T12 - Instal·lacions] Pregunta 346</div><div style=""font-weight: bold; font-size: 16px; margin-bottom: 14px; line-height: 1.4;"">On comença una derivació individual en una instal·lació amb comptadors centralitzats?</div><div style=""font-size: 14px; line-height: 1.6;""><div style=""padding: 5px 0;""><b>A)</b> A la caixa general de protecció de l’edifici.</div><div style=""padding: 5px 0;""><b>B)</b> Al quadre general de comandament de l’usuari.</div><div style=""padding: 5px 0;""><b>C)</b> A l’embarrat general de la centralització.</div><div style=""padding: 5px 0;""><b>D)</b> A la línia general d’alimentació abans del comptatge.</div></div></div>","<div style=""text-align: left; font-family: -apple-system, sans-serif;""><div style=""font-weight: bold; font-size: 16px; color: #10b981; margin-bottom: 8px;"">✓ Resposta Correcta: C</div><div style=""font-size: 14px; margin-bottom: 12px; padding: 10px; background: rgba(16,185,129,0.1); border-radius: 6px; border-left: 4px solid #10b981;"">C) A l’embarrat general de la centralització.</div><hr style=""border: 0; border-top: 1px solid #ddd; margin: 12px 0;""><div style=""font-size: 13px; color: #444; line-height: 1.4;""><b style=""color: #111;"">Explicació:</b> En una centralització, la derivació individual s’inicia a l’embarrat general.</div></div>","T12_-_Installacions","15888"
"<div style=""text-align: left; font-family: -apple-system, sans-serif;""><div style=""font-size: 11px; color: #888; margin-bottom: 6px;"">[T12 - Instal·lacions] Pregunta 347</div><div style=""font-weight: bold; font-size: 16px; margin-bottom: 14px; line-height: 1.4;"">On acaba la xarxa de distribució de gas?</div><div style=""font-size: 14px; line-height: 1.6;""><div style=""padding: 5px 0;""><b>A)</b> A la clau de la cuina.</div><div style=""padding: 5px 0;""><b>B)</b> Al comptador individual.</div><div style=""padding: 5px 0;""><b>C)</b> Al regulador de cada aparell.</div><div style=""padding: 5px 0;""><b>D)</b> A la clau d’escomesa.</div></div></div>","<div style=""text-align: left; font-family: -apple-system, sans-serif;""><div style=""font-weight: bold; font-size: 16px; color: #10b981; margin-bottom: 8px;"">✓ Resposta Correcta: D</div><div style=""font-size: 14px; margin-bottom: 12px; padding: 10px; background: rgba(16,185,129,0.1); border-radius: 6px; border-left: 4px solid #10b981;"">D) A la clau d’escomesa.</div><hr style=""border: 0; border-top: 1px solid #ddd; margin: 12px 0;""><div style=""font-size: 13px; color: #444; line-height: 1.4;""><b style=""color: #111;"">Explicació:</b> La xarxa de distribució arriba fins a la clau d’escomesa de l’edifici.</div></div>","T12_-_Installacions","16218"
"<div style=""text-align: left; font-family: -apple-system, sans-serif;""><div style=""font-size: 11px; color: #888; margin-bottom: 6px;"">[T12 - Instal·lacions] Pregunta 348</div><div style=""font-weight: bold; font-size: 16px; margin-bottom: 14px; line-height: 1.4;"">Quina és la protecció elèctrica més vinculada a la seguretat de les persones?</div><div style=""font-size: 14px; line-height: 1.6;""><div style=""padding: 5px 0;""><b>A)</b> L’interruptor magnetotèrmic.</div><div style=""padding: 5px 0;""><b>B)</b> El fusible de ganiveta.</div><div style=""padding: 5px 0;""><b>C)</b> El protector contra sobretensions.</div><div style=""padding: 5px 0;""><b>D)</b> L’interruptor diferencial.</div></div></div>","<div style=""text-align: left; font-family: -apple-system, sans-serif;""><div style=""font-weight: bold; font-size: 16px; color: #10b981; margin-bottom: 8px;"">✓ Resposta Correcta: D</div><div style=""font-size: 14px; margin-bottom: 12px; padding: 10px; background: rgba(16,185,129,0.1); border-radius: 6px; border-left: 4px solid #10b981;"">D) L’interruptor diferencial.</div><hr style=""border: 0; border-top: 1px solid #ddd; margin: 12px 0;""><div style=""font-size: 13px; color: #444; line-height: 1.4;""><b style=""color: #111;"">Explicació:</b> El diferencial està destinat a detectar corrents que fugen del circuit cap a terra.</div></div>","T12_-_Installacions","15970"
"<div style=""text-align: left; font-family: -apple-system, sans-serif;""><div style=""font-size: 11px; color: #888; margin-bottom: 6px;"">[T12 - Instal·lacions] Pregunta 349</div><div style=""font-weight: bold; font-size: 16px; margin-bottom: 14px; line-height: 1.4;"">Què s’indica sobre les antigues instal·lacions aèries nues de baixa tensió?</div><div style=""font-size: 14px; line-height: 1.6;""><div style=""padding: 5px 0;""><b>A)</b> Que s’han de convertir en cablejat de comunicacions.</div><div style=""padding: 5px 0;""><b>B)</b> Que s’han de duplicar amb un segon neutre.</div><div style=""padding: 5px 0;""><b>C)</b> Que s’han de mantenir sense canvis.</div><div style=""padding: 5px 0;""><b>D)</b> Que s’han d’anar substituint.</div></div></div>","<div style=""text-align: left; font-family: -apple-system, sans-serif;""><div style=""font-weight: bold; font-size: 16px; color: #10b981; margin-bottom: 8px;"">✓ Resposta Correcta: D</div><div style=""font-size: 14px; margin-bottom: 12px; padding: 10px; background: rgba(16,185,129,0.1); border-radius: 6px; border-left: 4px solid #10b981;"">D) Que s’han d’anar substituint.</div><hr style=""border: 0; border-top: 1px solid #ddd; margin: 12px 0;""><div style=""font-size: 13px; color: #444; line-height: 1.4;""><b style=""color: #111;"">Explicació:</b> Les antigues instal·lacions amb conductors aeris nus encara es poden trobar, però s’han d’anar substituint.</div></div>","T12_-_Installacions","15861"
"<div style=""text-align: left; font-family: -apple-system, sans-serif;""><div style=""font-size: 11px; color: #888; margin-bottom: 6px;"">[T12 - Instal·lacions] Pregunta 350</div><div style=""font-weight: bold; font-size: 16px; margin-bottom: 14px; line-height: 1.4;"">Quin tipus de corrent predomina en la generació, el transport i la distribució?</div><div style=""font-size: 14px; line-height: 1.6;""><div style=""padding: 5px 0;""><b>A)</b> Corrent continu trifàsic.</div><div style=""padding: 5px 0;""><b>B)</b> Corrent altern monofàsic.</div><div style=""padding: 5px 0;""><b>C)</b> Corrent continu monofàsic.</div><div style=""padding: 5px 0;""><b>D)</b> Corrent altern trifàsic.</div></div></div>","<div style=""text-align: left; font-family: -apple-system, sans-serif;""><div style=""font-weight: bold; font-size: 16px; color: #10b981; margin-bottom: 8px;"">✓ Resposta Correcta: D</div><div style=""font-size: 14px; margin-bottom: 12px; padding: 10px; background: rgba(16,185,129,0.1); border-radius: 6px; border-left: 4px solid #10b981;"">D) Corrent altern trifàsic.</div><hr style=""border: 0; border-top: 1px solid #ddd; margin: 12px 0;""><div style=""font-size: 13px; color: #444; line-height: 1.4;""><b style=""color: #111;"">Explicació:</b> En les etapes de generació, transport i distribució s’utilitza majoritàriament corrent altern trifàsic.</div></div>","T12_-_Installacions","15696"
"<div style=""text-align: left; font-family: -apple-system, sans-serif;""><div style=""font-size: 11px; color: #888; margin-bottom: 6px;"">[T12 - Instal·lacions] Pregunta 351</div><div style=""font-weight: bold; font-size: 16px; margin-bottom: 14px; line-height: 1.4;"">On aboquen els fums els aparells de gas de circuit obert?</div><div style=""font-size: 14px; line-height: 1.6;""><div style=""padding: 5px 0;""><b>A)</b> A una cambra de regulació.</div><div style=""padding: 5px 0;""><b>B)</b> Al mateix local.</div><div style=""padding: 5px 0;""><b>C)</b> A la xarxa de distribució.</div><div style=""padding: 5px 0;""><b>D)</b> A un conducte estanc exterior.</div></div></div>","<div style=""text-align: left; font-family: -apple-system, sans-serif;""><div style=""font-weight: bold; font-size: 16px; color: #10b981; margin-bottom: 8px;"">✓ Resposta Correcta: B</div><div style=""font-size: 14px; margin-bottom: 12px; padding: 10px; background: rgba(16,185,129,0.1); border-radius: 6px; border-left: 4px solid #10b981;"">B) Al mateix local.</div><hr style=""border: 0; border-top: 1px solid #ddd; margin: 12px 0;""><div style=""font-size: 13px; color: #444; line-height: 1.4;""><b style=""color: #111;"">Explicació:</b> En el circuit obert descrit, els productes de combustió s’alliberen al recinte.</div></div>","T12_-_Installacions","18888"
"<div style=""text-align: left; font-family: -apple-system, sans-serif;""><div style=""font-size: 11px; color: #888; margin-bottom: 6px;"">[T12 - Instal·lacions] Pregunta 352</div><div style=""font-weight: bold; font-size: 16px; margin-bottom: 14px; line-height: 1.4;"">Quina informació solen indicar les plaques d’identificació de les torres elèctriques?</div><div style=""font-size: 14px; line-height: 1.6;""><div style=""padding: 5px 0;""><b>A)</b> El nombre de centrals connectades i la demanda instantània.</div><div style=""padding: 5px 0;""><b>B)</b> La tensió de la línia i el nom de l’empresa operadora.</div><div style=""padding: 5px 0;""><b>C)</b> La intensitat de cada fase i el consum anual de la zona.</div><div style=""padding: 5px 0;""><b>D)</b> La potència de cada consumidor i la tensió de la seva instal·lació.</div></div></div>","<div style=""text-align: left; font-family: -apple-system, sans-serif;""><div style=""font-weight: bold; font-size: 16px; color: #10b981; margin-bottom: 8px;"">✓ Resposta Correcta: B</div><div style=""font-size: 14px; margin-bottom: 12px; padding: 10px; background: rgba(16,185,129,0.1); border-radius: 6px; border-left: 4px solid #10b981;"">B) La tensió de la línia i el nom de l’empresa operadora.</div><hr style=""border: 0; border-top: 1px solid #ddd; margin: 12px 0;""><div style=""font-size: 13px; color: #444; line-height: 1.4;""><b style=""color: #111;"">Explicació:</b> Les plaques ajuden a identificar la línia mitjançant la tensió i l’empresa responsable.</div></div>","T12_-_Installacions","15831"
"<div style=""text-align: left; font-family: -apple-system, sans-serif;""><div style=""font-size: 11px; color: #888; margin-bottom: 6px;"">[T12 - Instal·lacions] Pregunta 353</div><div style=""font-weight: bold; font-size: 16px; margin-bottom: 14px; line-height: 1.4;"">Per on ha de passar el distribuïdor principal d’aigua?</div><div style=""font-size: 14px; line-height: 1.6;""><div style=""padding: 5px 0;""><b>A)</b> Per zones comunes.</div><div style=""padding: 5px 0;""><b>B)</b> Per l’interior de cada habitatge.</div><div style=""padding: 5px 0;""><b>C)</b> Per zones de consum privades.</div><div style=""padding: 5px 0;""><b>D)</b> Per la xarxa de sanejament.</div></div></div>","<div style=""text-align: left; font-family: -apple-system, sans-serif;""><div style=""font-weight: bold; font-size: 16px; color: #10b981; margin-bottom: 8px;"">✓ Resposta Correcta: A</div><div style=""font-size: 14px; margin-bottom: 12px; padding: 10px; background: rgba(16,185,129,0.1); border-radius: 6px; border-left: 4px solid #10b981;"">A) Per zones comunes.</div><hr style=""border: 0; border-top: 1px solid #ddd; margin: 12px 0;""><div style=""font-size: 13px; color: #444; line-height: 1.4;""><b style=""color: #111;"">Explicació:</b> La seva ubicació en zones comunes facilita l’accés i el manteniment.</div></div>","T12_-_Installacions","16126"
"<div style=""text-align: left; font-family: -apple-system, sans-serif;""><div style=""font-size: 11px; color: #888; margin-bottom: 6px;"">[T12 - Instal·lacions] Pregunta 354</div><div style=""font-weight: bold; font-size: 16px; margin-bottom: 14px; line-height: 1.4;"">A què destina l’electricitat una instal·lació d'autoconsum sense acumulació o on-grid?</div><div style=""font-size: 14px; line-height: 1.6;""><div style=""padding: 5px 0;""><b>A)</b> A l’emmagatzematge previ en bateries.</div><div style=""padding: 5px 0;""><b>B)</b> A la reserva per a càrregues essencials.</div><div style=""padding: 5px 0;""><b>C)</b> Al consum immediat de l’electricitat generada.</div><div style=""padding: 5px 0;""><b>D)</b> A la injecció directa de tota la producció.</div></div></div>","<div style=""text-align: left; font-family: -apple-system, sans-serif;""><div style=""font-weight: bold; font-size: 16px; color: #10b981; margin-bottom: 8px;"">✓ Resposta Correcta: C</div><div style=""font-size: 14px; margin-bottom: 12px; padding: 10px; background: rgba(16,185,129,0.1); border-radius: 6px; border-left: 4px solid #10b981;"">C) Al consum immediat de l’electricitat generada.</div><hr style=""border: 0; border-top: 1px solid #ddd; margin: 12px 0;""><div style=""font-size: 13px; color: #444; line-height: 1.4;""><b style=""color: #111;"">Explicació:</b> Els sistemes on-grid sense acumulació generen electricitat pensada principalment per al consum immediat.</div></div>","T12_-_Installacions","15721"
"<div style=""text-align: left; font-family: -apple-system, sans-serif;""><div style=""font-size: 11px; color: #888; margin-bottom: 6px;"">[T12 - Instal·lacions] Pregunta 355</div><div style=""font-weight: bold; font-size: 16px; margin-bottom: 14px; line-height: 1.4;"">Quin problema poden causar les impureses retingudes pel filtre d’aigua?</div><div style=""font-size: 14px; line-height: 1.6;""><div style=""padding: 5px 0;""><b>A)</b> Pèrdua d’estanquitat del comptador.</div><div style=""padding: 5px 0;""><b>B)</b> Retorn d’aigua entre ramals.</div><div style=""padding: 5px 0;""><b>C)</b> Corrosió.</div><div style=""padding: 5px 0;""><b>D)</b> Desajust de les claus de tall.</div></div></div>","<div style=""text-align: left; font-family: -apple-system, sans-serif;""><div style=""font-weight: bold; font-size: 16px; color: #10b981; margin-bottom: 8px;"">✓ Resposta Correcta: C</div><div style=""font-size: 14px; margin-bottom: 12px; padding: 10px; background: rgba(16,185,129,0.1); border-radius: 6px; border-left: 4px solid #10b981;"">C) Corrosió.</div><hr style=""border: 0; border-top: 1px solid #ddd; margin: 12px 0;""><div style=""font-size: 13px; color: #444; line-height: 1.4;""><b style=""color: #111;"">Explicació:</b> Les impureses poden afavorir processos de corrosió a la instal·lació.</div></div>","T12_-_Installacions","16110"
"<div style=""text-align: left; font-family: -apple-system, sans-serif;""><div style=""font-size: 11px; color: #888; margin-bottom: 6px;"">[T12 - Instal·lacions] Pregunta 356</div><div style=""font-weight: bold; font-size: 16px; margin-bottom: 14px; line-height: 1.4;"">Quina part de la instal·lació d’enllaç alimenta directament cada usuari?</div><div style=""font-size: 14px; line-height: 1.6;""><div style=""padding: 5px 0;""><b>A)</b> L’embarrat general de la centralització.</div><div style=""padding: 5px 0;""><b>B)</b> L’escomesa de la xarxa de distribució.</div><div style=""padding: 5px 0;""><b>C)</b> La derivació individual de cada usuari.</div><div style=""padding: 5px 0;""><b>D)</b> La línia general d’alimentació comuna.</div></div></div>","<div style=""text-align: left; font-family: -apple-system, sans-serif;""><div style=""font-weight: bold; font-size: 16px; color: #10b981; margin-bottom: 8px;"">✓ Resposta Correcta: C</div><div style=""font-size: 14px; margin-bottom: 12px; padding: 10px; background: rgba(16,185,129,0.1); border-radius: 6px; border-left: 4px solid #10b981;"">C) La derivació individual de cada usuari.</div><hr style=""border: 0; border-top: 1px solid #ddd; margin: 12px 0;""><div style=""font-size: 13px; color: #444; line-height: 1.4;""><b style=""color: #111;"">Explicació:</b> La derivació individual és el tram destinat a alimentar un usuari concret.</div></div>","T12_-_Installacions","15887"
"<div style=""text-align: left; font-family: -apple-system, sans-serif;""><div style=""font-size: 11px; color: #888; margin-bottom: 6px;"">[T12 - Instal·lacions] Pregunta 357</div><div style=""font-weight: bold; font-size: 16px; margin-bottom: 14px; line-height: 1.4;"">Quina diferència funcional hi ha entre l’embarrat general i una derivació individual?</div><div style=""font-size: 14px; line-height: 1.6;""><div style=""padding: 5px 0;""><b>A)</b> L’embarrat limita la potència; la derivació individual detecta fuites a terra.</div><div style=""padding: 5px 0;""><b>B)</b> L’embarrat alimenta un únic usuari; la derivació individual reparteix l’alimentació entre tots.</div><div style=""padding: 5px 0;""><b>C)</b> L’embarrat transforma la tensió; la derivació individual mesura la tensió.</div><div style=""padding: 5px 0;""><b>D)</b> L’embarrat reparteix l’alimentació entre subministraments; la derivació individual porta l’energia a un usuari.</div></div></div>","<div style=""text-align: left; font-family: -apple-system, sans-serif;""><div style=""font-weight: bold; font-size: 16px; color: #10b981; margin-bottom: 8px;"">✓ Resposta Correcta: D</div><div style=""font-size: 14px; margin-bottom: 12px; padding: 10px; background: rgba(16,185,129,0.1); border-radius: 6px; border-left: 4px solid #10b981;"">D) L’embarrat reparteix l’alimentació entre subministraments; la derivació individual porta l’energia a un usuari.</div><hr style=""border: 0; border-top: 1px solid #ddd; margin: 12px 0;""><div style=""font-size: 13px; color: #444; line-height: 1.4;""><b style=""color: #111;"">Explicació:</b> L’embarrat és el punt comú de distribució de la centralització, mentre que cada derivació individual continua cap a un usuari.</div></div>","T12_-_Installacions","15896"
"<div style=""text-align: left; font-family: -apple-system, sans-serif;""><div style=""font-size: 11px; color: #888; margin-bottom: 6px;"">[T12 - Instal·lacions] Pregunta 358</div><div style=""font-weight: bold; font-size: 16px; margin-bottom: 14px; line-height: 1.4;"">Què s’ha d’avaluar abans d’intervenir a prop d’una instal·lació elèctrica?</div><div style=""font-size: 14px; line-height: 1.6;""><div style=""padding: 5px 0;""><b>A)</b> La intensitat nominal de tots els receptors de la zona.</div><div style=""padding: 5px 0;""><b>B)</b> La sensibilitat dels diferencials de l’edifici.</div><div style=""padding: 5px 0;""><b>C)</b> La resistència del conductor de protecció.</div><div style=""padding: 5px 0;""><b>D)</b> El nivell de tensió al qual pot estar sotmesa.</div></div></div>","<div style=""text-align: left; font-family: -apple-system, sans-serif;""><div style=""font-weight: bold; font-size: 16px; color: #10b981; margin-bottom: 8px;"">✓ Resposta Correcta: D</div><div style=""font-size: 14px; margin-bottom: 12px; padding: 10px; background: rgba(16,185,129,0.1); border-radius: 6px; border-left: 4px solid #10b981;"">D) El nivell de tensió al qual pot estar sotmesa.</div><hr style=""border: 0; border-top: 1px solid #ddd; margin: 12px 0;""><div style=""font-size: 13px; color: #444; line-height: 1.4;""><b style=""color: #111;"">Explicació:</b> La tensió condiciona les distàncies, els equips i el nivell de protecció necessari.</div></div>","T12_-_Installacions","16074"
"<div style=""text-align: left; font-family: -apple-system, sans-serif;""><div style=""font-size: 11px; color: #888; margin-bottom: 6px;"">[T12 - Instal·lacions] Pregunta 359</div><div style=""font-weight: bold; font-size: 16px; margin-bottom: 14px; line-height: 1.4;"">Com s’han d’aplicar les cinc regles d’or?</div><div style=""font-size: 14px; line-height: 1.6;""><div style=""padding: 5px 0;""><b>A)</b> Sempre en l’ordre establert.</div><div style=""padding: 5px 0;""><b>B)</b> En qualsevol ordre si totes s’han completat abans d’intervenir.</div><div style=""padding: 5px 0;""><b>C)</b> Prioritzant les mesures de protecció personal abans de desconnectar l’alimentació.</div><div style=""padding: 5px 0;""><b>D)</b> Començant per la verificació de tensió i aplicant després les que siguin necessàries.</div></div></div>","<div style=""text-align: left; font-family: -apple-system, sans-serif;""><div style=""font-weight: bold; font-size: 16px; color: #10b981; margin-bottom: 8px;"">✓ Resposta Correcta: A</div><div style=""font-size: 14px; margin-bottom: 12px; padding: 10px; background: rgba(16,185,129,0.1); border-radius: 6px; border-left: 4px solid #10b981;"">A) Sempre en l’ordre establert.</div><hr style=""border: 0; border-top: 1px solid #ddd; margin: 12px 0;""><div style=""font-size: 13px; color: #444; line-height: 1.4;""><b style=""color: #111;"">Explicació:</b> L’ordre forma part del procediment de seguretat i evita deixar passos crítics sense controlar.</div></div>","T12_-_Installacions","16052"
"<div style=""text-align: left; font-family: -apple-system, sans-serif;""><div style=""font-size: 11px; color: #888; margin-bottom: 6px;"">[T12 - Instal·lacions] Pregunta 360</div><div style=""font-weight: bold; font-size: 16px; margin-bottom: 14px; line-height: 1.4;"">Què pot ser un cable paral·lel a la catenària si no porta aïlladors a la subjecció?</div><div style=""font-size: 14px; line-height: 1.6;""><div style=""padding: 5px 0;""><b>A)</b> Un conductor de contacte de la catenària.</div><div style=""padding: 5px 0;""><b>B)</b> Un carril addicional d’alimentació.</div><div style=""padding: 5px 0;""><b>C)</b> Un feeder auxiliar de potència.</div><div style=""padding: 5px 0;""><b>D)</b> Un cable de terra o de comunicacions.</div></div></div>","<div style=""text-align: left; font-family: -apple-system, sans-serif;""><div style=""font-weight: bold; font-size: 16px; color: #10b981; margin-bottom: 8px;"">✓ Resposta Correcta: D</div><div style=""font-size: 14px; margin-bottom: 12px; padding: 10px; background: rgba(16,185,129,0.1); border-radius: 6px; border-left: 4px solid #10b981;"">D) Un cable de terra o de comunicacions.</div><hr style=""border: 0; border-top: 1px solid #ddd; margin: 12px 0;""><div style=""font-size: 13px; color: #444; line-height: 1.4;""><b style=""color: #111;"">Explicació:</b> L’absència d’aïlladors indica que el cable pot correspondre a terra o comunicacions i no al feeder de potència.</div></div>","T12_-_Installacions","15754"
"<div style=""text-align: left; font-family: -apple-system, sans-serif;""><div style=""font-size: 11px; color: #888; margin-bottom: 6px;"">[T12 - Instal·lacions] Pregunta 361</div><div style=""font-weight: bold; font-size: 16px; margin-bottom: 14px; line-height: 1.4;"">Quin risc obliga a mantenir distància davant una línia d’alta tensió?</div><div style=""font-size: 14px; line-height: 1.6;""><div style=""padding: 5px 0;""><b>A)</b> La possible magnetització de les eines metàl·liques.</div><div style=""padding: 5px 0;""><b>B)</b> La possible actuació del diferencial per proximitat.</div><div style=""padding: 5px 0;""><b>C)</b> La possible inversió de polaritat del conductor.</div><div style=""padding: 5px 0;""><b>D)</b> La possible formació d’un arc elèctric a través de l’aire.</div></div></div>","<div style=""text-align: left; font-family: -apple-system, sans-serif;""><div style=""font-weight: bold; font-size: 16px; color: #10b981; margin-bottom: 8px;"">✓ Resposta Correcta: D</div><div style=""font-size: 14px; margin-bottom: 12px; padding: 10px; background: rgba(16,185,129,0.1); border-radius: 6px; border-left: 4px solid #10b981;"">D) La possible formació d’un arc elèctric a través de l’aire.</div><hr style=""border: 0; border-top: 1px solid #ddd; margin: 12px 0;""><div style=""font-size: 13px; color: #444; line-height: 1.4;""><b style=""color: #111;"">Explicació:</b> El risc no depèn només del contacte físic; l’arc pot salvar una distància a través de l’aire.</div></div>","T12_-_Installacions","16077"
"<div style=""text-align: left; font-family: -apple-system, sans-serif;""><div style=""font-size: 11px; color: #888; margin-bottom: 6px;"">[T12 - Instal·lacions] Pregunta 362</div><div style=""font-weight: bold; font-size: 16px; margin-bottom: 14px; line-height: 1.4;"">Quin element de tall ha d’incloure la base d’un muntant d’aigua?</div><div style=""font-size: 14px; line-height: 1.6;""><div style=""padding: 5px 0;""><b>A)</b> Una clau de tall de manteniment.</div><div style=""padding: 5px 0;""><b>B)</b> Una clau de presa exterior.</div><div style=""padding: 5px 0;""><b>C)</b> Una clau de sortida del comptador.</div><div style=""padding: 5px 0;""><b>D)</b> Una clau de pas interior.</div></div></div>","<div style=""text-align: left; font-family: -apple-system, sans-serif;""><div style=""font-weight: bold; font-size: 16px; color: #10b981; margin-bottom: 8px;"">✓ Resposta Correcta: A</div><div style=""font-size: 14px; margin-bottom: 12px; padding: 10px; background: rgba(16,185,129,0.1); border-radius: 6px; border-left: 4px solid #10b981;"">A) Una clau de tall de manteniment.</div><hr style=""border: 0; border-top: 1px solid #ddd; margin: 12px 0;""><div style=""font-size: 13px; color: #444; line-height: 1.4;""><b style=""color: #111;"">Explicació:</b> La clau de manteniment permet aïllar el muntant.</div></div>","T12_-_Installacions","16135"
"<div style=""text-align: left; font-family: -apple-system, sans-serif;""><div style=""font-size: 11px; color: #888; margin-bottom: 6px;"">[T12 - Instal·lacions] Pregunta 363</div><div style=""font-weight: bold; font-size: 16px; margin-bottom: 14px; line-height: 1.4;"">Quines dues xarxes d’aigua cal distingir principalment en un edifici?</div><div style=""font-size: 14px; line-height: 1.6;""><div style=""padding: 5px 0;""><b>A)</b> Potable i contra incendis.</div><div style=""padding: 5px 0;""><b>B)</b> Sanitària i sanejament.</div><div style=""padding: 5px 0;""><b>C)</b> Interior i exterior.</div><div style=""padding: 5px 0;""><b>D)</b> General i particular.</div></div></div>","<div style=""text-align: left; font-family: -apple-system, sans-serif;""><div style=""font-weight: bold; font-size: 16px; color: #10b981; margin-bottom: 8px;"">✓ Resposta Correcta: B</div><div style=""font-size: 14px; margin-bottom: 12px; padding: 10px; background: rgba(16,185,129,0.1); border-radius: 6px; border-left: 4px solid #10b981;"">B) Sanitària i sanejament.</div><hr style=""border: 0; border-top: 1px solid #ddd; margin: 12px 0;""><div style=""font-size: 13px; color: #444; line-height: 1.4;""><b style=""color: #111;"">Explicació:</b> El contingut diferencia la xarxa d’aigua sanitària de la xarxa de sanejament.</div></div>","T12_-_Installacions","16096"
"<div style=""text-align: left; font-family: -apple-system, sans-serif;""><div style=""font-size: 11px; color: #888; margin-bottom: 6px;"">[T12 - Instal·lacions] Pregunta 364</div><div style=""font-weight: bold; font-size: 16px; margin-bottom: 14px; line-height: 1.4;"">Quina accessibilitat ha de tenir la clau d’escomesa des de zona pública?</div><div style=""font-size: 14px; line-height: 1.6;""><div style=""padding: 5px 0;""><b>A)</b> Grau 1 o 2.</div><div style=""padding: 5px 0;""><b>B)</b> Grau 1.</div><div style=""padding: 5px 0;""><b>C)</b> Grau 2 o 3.</div><div style=""padding: 5px 0;""><b>D)</b> Grau 3.</div></div></div>","<div style=""text-align: left; font-family: -apple-system, sans-serif;""><div style=""font-weight: bold; font-size: 16px; color: #10b981; margin-bottom: 8px;"">✓ Resposta Correcta: A</div><div style=""font-size: 14px; margin-bottom: 12px; padding: 10px; background: rgba(16,185,129,0.1); border-radius: 6px; border-left: 4px solid #10b981;"">A) Grau 1 o 2.</div><hr style=""border: 0; border-top: 1px solid #ddd; margin: 12px 0;""><div style=""font-size: 13px; color: #444; line-height: 1.4;""><b style=""color: #111;"">Explicació:</b> La clau d’escomesa ha de ser accessible des de zona pública amb grau 1 o 2.</div></div>","T12_-_Installacions","16272"
"<div style=""text-align: left; font-family: -apple-system, sans-serif;""><div style=""font-size: 11px; color: #888; margin-bottom: 6px;"">[T12 - Instal·lacions] Pregunta 365</div><div style=""font-weight: bold; font-size: 16px; margin-bottom: 14px; line-height: 1.4;"">On s’instal·la habitualment la protecció contra sobretensions d’una instal·lació interior?</div><div style=""font-size: 14px; line-height: 1.6;""><div style=""padding: 5px 0;""><b>A)</b> Després de cada receptor, al final de cada circuit.</div><div style=""padding: 5px 0;""><b>B)</b> Al conductor de protecció, sense connexió als conductors actius.</div><div style=""padding: 5px 0;""><b>C)</b> A la derivació individual, després de tots els PIAs.</div><div style=""padding: 5px 0;""><b>D)</b> A l’entrada del quadre, a prop de l’IGA.</div></div></div>","<div style=""text-align: left; font-family: -apple-system, sans-serif;""><div style=""font-weight: bold; font-size: 16px; color: #10b981; margin-bottom: 8px;"">✓ Resposta Correcta: D</div><div style=""font-size: 14px; margin-bottom: 12px; padding: 10px; background: rgba(16,185,129,0.1); border-radius: 6px; border-left: 4px solid #10b981;"">D) A l’entrada del quadre, a prop de l’IGA.</div><hr style=""border: 0; border-top: 1px solid #ddd; margin: 12px 0;""><div style=""font-size: 13px; color: #444; line-height: 1.4;""><b style=""color: #111;"">Explicació:</b> La ubicació a l’entrada permet protegir el conjunt de la instal·lació davant l’anomalia.</div></div>","T12_-_Installacions","16005"
"<div style=""text-align: left; font-family: -apple-system, sans-serif;""><div style=""font-size: 11px; color: #888; margin-bottom: 6px;"">[T12 - Instal·lacions] Pregunta 366</div><div style=""font-weight: bold; font-size: 16px; margin-bottom: 14px; line-height: 1.4;"">Quins punts es poden comparar amb un discriminador de tensió?</div><div style=""font-size: 14px; line-height: 1.6;""><div style=""padding: 5px 0;""><b>A)</b> Una fase, una pinça de corrent o un conductor aïllat per proximitat.</div><div style=""padding: 5px 0;""><b>B)</b> Dues fases, fase-neutre o fase-terra.</div><div style=""padding: 5px 0;""><b>C)</b> Fase-neutre, neutre-terra o dos conductors sense contacte físic.</div><div style=""padding: 5px 0;""><b>D)</b> Dues fases, un receptor o una protecció sense accedir al metall conductor.</div></div></div>","<div style=""text-align: left; font-family: -apple-system, sans-serif;""><div style=""font-weight: bold; font-size: 16px; color: #10b981; margin-bottom: 8px;"">✓ Resposta Correcta: B</div><div style=""font-size: 14px; margin-bottom: 12px; padding: 10px; background: rgba(16,185,129,0.1); border-radius: 6px; border-left: 4px solid #10b981;"">B) Dues fases, fase-neutre o fase-terra.</div><hr style=""border: 0; border-top: 1px solid #ddd; margin: 12px 0;""><div style=""font-size: 13px; color: #444; line-height: 1.4;""><b style=""color: #111;"">Explicació:</b> El discriminador comprova tensió entre parelles de punts elèctrics accessibles.</div></div>","T12_-_Installacions","16030"
"<div style=""text-align: left; font-family: -apple-system, sans-serif;""><div style=""font-size: 11px; color: #888; margin-bottom: 6px;"">[T12 - Instal·lacions] Pregunta 367</div><div style=""font-weight: bold; font-size: 16px; margin-bottom: 14px; line-height: 1.4;"">Quina és la condició més segura per intervenir en una instal·lació elèctrica?</div><div style=""font-size: 14px; line-height: 1.6;""><div style=""padding: 5px 0;""><b>A)</b> Treballar amb tensió si s’ha comprovat prèviament la intensitat del circuit.</div><div style=""padding: 5px 0;""><b>B)</b> Treballar sense tensió quan les condicions de la intervenció ho permeten.</div><div style=""padding: 5px 0;""><b>C)</b> Treballar amb tensió baixa si s’utilitzen eines aïllades.</div><div style=""padding: 5px 0;""><b>D)</b> Treballar amb la instal·lació alimentada però amb el diferencial connectat.</div></div></div>","<div style=""text-align: left; font-family: -apple-system, sans-serif;""><div style=""font-weight: bold; font-size: 16px; color: #10b981; margin-bottom: 8px;"">✓ Resposta Correcta: B</div><div style=""font-size: 14px; margin-bottom: 12px; padding: 10px; background: rgba(16,185,129,0.1); border-radius: 6px; border-left: 4px solid #10b981;"">B) Treballar sense tensió quan les condicions de la intervenció ho permeten.</div><hr style=""border: 0; border-top: 1px solid #ddd; margin: 12px 0;""><div style=""font-size: 13px; color: #444; line-height: 1.4;""><b style=""color: #111;"">Explicació:</b> La base de les cinc regles d’or és eliminar la tensió abans de començar els treballs.</div></div>","T12_-_Installacions","16050"
"<div style=""text-align: left; font-family: -apple-system, sans-serif;""><div style=""font-size: 11px; color: #888; margin-bottom: 6px;"">[T12 - Instal·lacions] Pregunta 368</div><div style=""font-weight: bold; font-size: 16px; margin-bottom: 14px; line-height: 1.4;"">Què ha d’haver immediatament abans d’un regulador de gas?</div><div style=""font-size: 14px; line-height: 1.6;""><div style=""padding: 5px 0;""><b>A)</b> Una reixeta de ventilació.</div><div style=""padding: 5px 0;""><b>B)</b> Un comptador auxiliar.</div><div style=""padding: 5px 0;""><b>C)</b> Una clau de pas pròpia.</div><div style=""padding: 5px 0;""><b>D)</b> Un segon regulador.</div></div></div>","<div style=""text-align: left; font-family: -apple-system, sans-serif;""><div style=""font-weight: bold; font-size: 16px; color: #10b981; margin-bottom: 8px;"">✓ Resposta Correcta: C</div><div style=""font-size: 14px; margin-bottom: 12px; padding: 10px; background: rgba(16,185,129,0.1); border-radius: 6px; border-left: 4px solid #10b981;"">C) Una clau de pas pròpia.</div><hr style=""border: 0; border-top: 1px solid #ddd; margin: 12px 0;""><div style=""font-size: 13px; color: #444; line-height: 1.4;""><b style=""color: #111;"">Explicació:</b> Cada regulador ha de disposar d’una clau de pas situada just abans del dispositiu.</div></div>","T12_-_Installacions","16287"
"<div style=""text-align: left; font-family: -apple-system, sans-serif;""><div style=""font-size: 11px; color: #888; margin-bottom: 6px;"">[T12 - Instal·lacions] Pregunta 369</div><div style=""font-weight: bold; font-size: 16px; margin-bottom: 14px; line-height: 1.4;"">Com s’escullen els guants dielèctrics per a una intervenció?</div><div style=""font-size: 14px; line-height: 1.6;""><div style=""padding: 5px 0;""><b>A)</b> D’acord amb la classe de protecció adequada a la tensió prevista.</div><div style=""padding: 5px 0;""><b>B)</b> D’acord amb el tipus de corrent, sense tenir en compte la classe dielèctrica.</div><div style=""padding: 5px 0;""><b>C)</b> D’acord amb el gruix del material, independentment de la tensió nominal.</div><div style=""padding: 5px 0;""><b>D)</b> D’acord amb la sensibilitat del diferencial que protegeix el circuit.</div></div></div>","<div style=""text-align: left; font-family: -apple-system, sans-serif;""><div style=""font-weight: bold; font-size: 16px; color: #10b981; margin-bottom: 8px;"">✓ Resposta Correcta: A</div><div style=""font-size: 14px; margin-bottom: 12px; padding: 10px; background: rgba(16,185,129,0.1); border-radius: 6px; border-left: 4px solid #10b981;"">A) D’acord amb la classe de protecció adequada a la tensió prevista.</div><hr style=""border: 0; border-top: 1px solid #ddd; margin: 12px 0;""><div style=""font-size: 13px; color: #444; line-height: 1.4;""><b style=""color: #111;"">Explicació:</b> La classe del guant determina la tensió per a la qual ha estat dissenyat.</div></div>","T12_-_Installacions","16088"
"<div style=""text-align: left; font-family: -apple-system, sans-serif;""><div style=""font-size: 11px; color: #888; margin-bottom: 6px;"">[T12 - Instal·lacions] Pregunta 370</div><div style=""font-weight: bold; font-size: 16px; margin-bottom: 14px; line-height: 1.4;"">Com s’ha d’actuar davant un fusible que està sota càrrega?</div><div style=""font-size: 14px; line-height: 1.6;""><div style=""padding: 5px 0;""><b>A)</b> No s’ha de manipular ni retirar mentre està carregat.</div><div style=""padding: 5px 0;""><b>B)</b> S’ha de retirar primer i després obrir l’interruptor del circuit.</div><div style=""padding: 5px 0;""><b>C)</b> Es pot retirar si la intensitat és inferior a la nominal.</div><div style=""padding: 5px 0;""><b>D)</b> Es pot substituir directament si es porta una eina metàl·lica aïllada.</div></div></div>","<div style=""text-align: left; font-family: -apple-system, sans-serif;""><div style=""font-weight: bold; font-size: 16px; color: #10b981; margin-bottom: 8px;"">✓ Resposta Correcta: A</div><div style=""font-size: 14px; margin-bottom: 12px; padding: 10px; background: rgba(16,185,129,0.1); border-radius: 6px; border-left: 4px solid #10b981;"">A) No s’ha de manipular ni retirar mentre està carregat.</div><hr style=""border: 0; border-top: 1px solid #ddd; margin: 12px 0;""><div style=""font-size: 13px; color: #444; line-height: 1.4;""><b style=""color: #111;"">Explicació:</b> Retirar un fusible sota càrrega pot originar un arc elèctric perillós.</div></div>","T12_-_Installacions","15942"
"<div style=""text-align: left; font-family: -apple-system, sans-serif;""><div style=""font-size: 11px; color: #888; margin-bottom: 6px;"">[T12 - Instal·lacions] Pregunta 371</div><div style=""font-weight: bold; font-size: 16px; margin-bottom: 14px; line-height: 1.4;"">Com generen electricitat les centrals amb màquines rotatives?</div><div style=""font-size: 14px; line-height: 1.6;""><div style=""padding: 5px 0;""><b>A)</b> Fent girar un alternador.</div><div style=""padding: 5px 0;""><b>B)</b> Acumulant electricitat en un sistema de bateries.</div><div style=""padding: 5px 0;""><b>C)</b> Transformant directament llum en corrent continu.</div><div style=""padding: 5px 0;""><b>D)</b> Reduint la tensió d’una línia de transport.</div></div></div>","<div style=""text-align: left; font-family: -apple-system, sans-serif;""><div style=""font-weight: bold; font-size: 16px; color: #10b981; margin-bottom: 8px;"">✓ Resposta Correcta: A</div><div style=""font-size: 14px; margin-bottom: 12px; padding: 10px; background: rgba(16,185,129,0.1); border-radius: 6px; border-left: 4px solid #10b981;"">A) Fent girar un alternador.</div><hr style=""border: 0; border-top: 1px solid #ddd; margin: 12px 0;""><div style=""font-size: 13px; color: #444; line-height: 1.4;""><b style=""color: #111;"">Explicació:</b> Les centrals amb màquines rotatives produeixen electricitat mitjançant el gir d’un alternador.</div></div>","T12_-_Installacions","15759"
"<div style=""text-align: left; font-family: -apple-system, sans-serif;""><div style=""font-size: 11px; color: #888; margin-bottom: 6px;"">[T12 - Instal·lacions] Pregunta 372</div><div style=""font-weight: bold; font-size: 16px; margin-bottom: 14px; line-height: 1.4;"">Quina funció tenen els tubs d’alimentació d’una instal·lació d’aigua?</div><div style=""font-size: 14px; line-height: 1.6;""><div style=""padding: 5px 0;""><b>A)</b> Evacuar l’aigua residual.</div><div style=""padding: 5px 0;""><b>B)</b> Mesurar el consum de cada planta.</div><div style=""padding: 5px 0;""><b>C)</b> Portar l’aigua fins al distribuïdor principal.</div><div style=""padding: 5px 0;""><b>D)</b> Portar l’aigua fins a cada aparell.</div></div></div>","<div style=""text-align: left; font-family: -apple-system, sans-serif;""><div style=""font-weight: bold; font-size: 16px; color: #10b981; margin-bottom: 8px;"">✓ Resposta Correcta: C</div><div style=""font-size: 14px; margin-bottom: 12px; padding: 10px; background: rgba(16,185,129,0.1); border-radius: 6px; border-left: 4px solid #10b981;"">C) Portar l’aigua fins al distribuïdor principal.</div><hr style=""border: 0; border-top: 1px solid #ddd; margin: 12px 0;""><div style=""font-size: 13px; color: #444; line-height: 1.4;""><b style=""color: #111;"">Explicació:</b> Els tubs d’alimentació connecten el conjunt general amb el distribuïdor principal.</div></div>","T12_-_Installacions","16119"
"<div style=""text-align: left; font-family: -apple-system, sans-serif;""><div style=""font-size: 11px; color: #888; margin-bottom: 6px;"">[T12 - Instal·lacions] Pregunta 373</div><div style=""font-weight: bold; font-size: 16px; margin-bottom: 14px; line-height: 1.4;"">Quines proteccions poden incorporar els generadors de més potència?</div><div style=""font-size: 14px; line-height: 1.6;""><div style=""padding: 5px 0;""><b>A)</b> Diferencials o detecció de fuites.</div><div style=""padding: 5px 0;""><b>B)</b> Gestió de bateries i càrregues essencials.</div><div style=""padding: 5px 0;""><b>C)</b> Protecció contra sobrecàrregues.</div><div style=""padding: 5px 0;""><b>D)</b> Gestió d’excedents.</div></div></div>","<div style=""text-align: left; font-family: -apple-system, sans-serif;""><div style=""font-weight: bold; font-size: 16px; color: #10b981; margin-bottom: 8px;"">✓ Resposta Correcta: A</div><div style=""font-size: 14px; margin-bottom: 12px; padding: 10px; background: rgba(16,185,129,0.1); border-radius: 6px; border-left: 4px solid #10b981;"">A) Diferencials o detecció de fuites.</div><hr style=""border: 0; border-top: 1px solid #ddd; margin: 12px 0;""><div style=""font-size: 13px; color: #444; line-height: 1.4;""><b style=""color: #111;"">Explicació:</b> Els generadors de més potència poden incorporar diferencials o sistemes de detecció de fuites.</div></div>","T12_-_Installacions","15737"
"<div style=""text-align: left; font-family: -apple-system, sans-serif;""><div style=""font-size: 11px; color: #888; margin-bottom: 6px;"">[T12 - Instal·lacions] Pregunta 374</div><div style=""font-weight: bold; font-size: 16px; margin-bottom: 14px; line-height: 1.4;"">Quin tipus d’informació proporciona un buscapols en una comprovació habitual?</div><div style=""font-size: 14px; line-height: 1.6;""><div style=""padding: 5px 0;""><b>A)</b> Una mesura de tensió amb menor precisió que un multímetre.</div><div style=""padding: 5px 0;""><b>B)</b> Una mesura aproximada de la intensitat que travessa el conductor.</div><div style=""padding: 5px 0;""><b>C)</b> Una indicació de continuïtat i del sentit del corrent.</div><div style=""padding: 5px 0;""><b>D)</b> Una indicació de presència de tensió, sense quantificar-ne el valor.</div></div></div>","<div style=""text-align: left; font-family: -apple-system, sans-serif;""><div style=""font-weight: bold; font-size: 16px; color: #10b981; margin-bottom: 8px;"">✓ Resposta Correcta: D</div><div style=""font-size: 14px; margin-bottom: 12px; padding: 10px; background: rgba(16,185,129,0.1); border-radius: 6px; border-left: 4px solid #10b981;"">D) Una indicació de presència de tensió, sense quantificar-ne el valor.</div><hr style=""border: 0; border-top: 1px solid #ddd; margin: 12px 0;""><div style=""font-size: 13px; color: #444; line-height: 1.4;""><b style=""color: #111;"">Explicació:</b> El buscapols serveix com a indicador, no com a instrument de mesura quantitativa.</div></div>","T12_-_Installacions","16027"
"<div style=""text-align: left; font-family: -apple-system, sans-serif;""><div style=""font-size: 11px; color: #888; margin-bottom: 6px;"">[T12 - Instal·lacions] Pregunta 375</div><div style=""font-weight: bold; font-size: 16px; margin-bottom: 14px; line-height: 1.4;"">Quina és la finalitat principal d’una instal·lació interior o receptora?</div><div style=""font-size: 14px; line-height: 1.6;""><div style=""padding: 5px 0;""><b>A)</b> La utilització final de l’energia elèctrica.</div><div style=""padding: 5px 0;""><b>B)</b> La transformació de l’alta tensió en baixa tensió.</div><div style=""padding: 5px 0;""><b>C)</b> La distribució entre centralitzacions de comptadors.</div><div style=""padding: 5px 0;""><b>D)</b> El transport de l’electricitat a llarga distància.</div></div></div>","<div style=""text-align: left; font-family: -apple-system, sans-serif;""><div style=""font-weight: bold; font-size: 16px; color: #10b981; margin-bottom: 8px;"">✓ Resposta Correcta: A</div><div style=""font-size: 14px; margin-bottom: 12px; padding: 10px; background: rgba(16,185,129,0.1); border-radius: 6px; border-left: 4px solid #10b981;"">A) La utilització final de l’energia elèctrica.</div><hr style=""border: 0; border-top: 1px solid #ddd; margin: 12px 0;""><div style=""font-size: 13px; color: #444; line-height: 1.4;""><b style=""color: #111;"">Explicació:</b> Les instal·lacions interiors o receptores constitueixen la part destinada a l’ús final de l’energia elèctrica.</div></div>","T12_-_Installacions","15902"
"<div style=""text-align: left; font-family: -apple-system, sans-serif;""><div style=""font-size: 11px; color: #888; margin-bottom: 6px;"">[T12 - Instal·lacions] Pregunta 376</div><div style=""font-weight: bold; font-size: 16px; margin-bottom: 14px; line-height: 1.4;"">Quin risc pot aparèixer en retirar un fusible sota càrrega?</div><div style=""font-size: 14px; line-height: 1.6;""><div style=""padding: 5px 0;""><b>A)</b> La formació d’un arc elèctric.</div><div style=""padding: 5px 0;""><b>B)</b> Una inversió de polaritat entre fase i neutre.</div><div style=""padding: 5px 0;""><b>C)</b> Una fuga diferencial causada pel conductor de protecció.</div><div style=""padding: 5px 0;""><b>D)</b> Una sobretensió permanent per augment de freqüència.</div></div></div>","<div style=""text-align: left; font-family: -apple-system, sans-serif;""><div style=""font-weight: bold; font-size: 16px; color: #10b981; margin-bottom: 8px;"">✓ Resposta Correcta: A</div><div style=""font-size: 14px; margin-bottom: 12px; padding: 10px; background: rgba(16,185,129,0.1); border-radius: 6px; border-left: 4px solid #10b981;"">A) La formació d’un arc elèctric.</div><hr style=""border: 0; border-top: 1px solid #ddd; margin: 12px 0;""><div style=""font-size: 13px; color: #444; line-height: 1.4;""><b style=""color: #111;"">Explicació:</b> La separació dels contactes mentre circula corrent pot mantenir un arc entre els punts de connexió.</div></div>","T12_-_Installacions","15943"
"<div style=""text-align: left; font-family: -apple-system, sans-serif;""><div style=""font-size: 11px; color: #888; margin-bottom: 6px;"">[T12 - Instal·lacions] Pregunta 377</div><div style=""font-weight: bold; font-size: 16px; margin-bottom: 14px; line-height: 1.4;"">Quina funció addicional és habitual en un discriminador de tensió?</div><div style=""font-size: 14px; line-height: 1.6;""><div style=""padding: 5px 0;""><b>A)</b> La mesura de temperatura sense accessoris.</div><div style=""padding: 5px 0;""><b>B)</b> La mesura de corrent mitjançant una pinça.</div><div style=""padding: 5px 0;""><b>C)</b> La comprovació de continuïtat.</div><div style=""padding: 5px 0;""><b>D)</b> La mesura de potència trifàsica.</div></div></div>","<div style=""text-align: left; font-family: -apple-system, sans-serif;""><div style=""font-weight: bold; font-size: 16px; color: #10b981; margin-bottom: 8px;"">✓ Resposta Correcta: C</div><div style=""font-size: 14px; margin-bottom: 12px; padding: 10px; background: rgba(16,185,129,0.1); border-radius: 6px; border-left: 4px solid #10b981;"">C) La comprovació de continuïtat.</div><hr style=""border: 0; border-top: 1px solid #ddd; margin: 12px 0;""><div style=""font-size: 13px; color: #444; line-height: 1.4;""><b style=""color: #111;"">Explicació:</b> La continuïtat és una de les funcions addicionals habituals d’aquests equips.</div></div>","T12_-_Installacions","16033"
"<div style=""text-align: left; font-family: -apple-system, sans-serif;""><div style=""font-size: 11px; color: #888; margin-bottom: 6px;"">[T12 - Instal·lacions] Pregunta 378</div><div style=""font-weight: bold; font-size: 16px; margin-bottom: 14px; line-height: 1.4;"">Quina comprovació es pot fer directament amb un discriminador de tensió?</div><div style=""font-size: 14px; line-height: 1.6;""><div style=""padding: 5px 0;""><b>A)</b> Comprovar la diferència de potencial entre fase i neutre.</div><div style=""padding: 5px 0;""><b>B)</b> Detectar tensió sense contacte físic amb cap conductor.</div><div style=""padding: 5px 0;""><b>C)</b> Mesurar intensitat abraçant un únic conductor.</div><div style=""padding: 5px 0;""><b>D)</b> Mesurar potència activa connectant-se en paral·lel al receptor.</div></div></div>","<div style=""text-align: left; font-family: -apple-system, sans-serif;""><div style=""font-weight: bold; font-size: 16px; color: #10b981; margin-bottom: 8px;"">✓ Resposta Correcta: A</div><div style=""font-size: 14px; margin-bottom: 12px; padding: 10px; background: rgba(16,185,129,0.1); border-radius: 6px; border-left: 4px solid #10b981;"">A) Comprovar la diferència de potencial entre fase i neutre.</div><hr style=""border: 0; border-top: 1px solid #ddd; margin: 12px 0;""><div style=""font-size: 13px; color: #444; line-height: 1.4;""><b style=""color: #111;"">Explicació:</b> Les puntes del discriminador s’apliquen a dos punts entre els quals es vol comprovar diferència de potencial.</div></div>","T12_-_Installacions","16029"
"<div style=""text-align: left; font-family: -apple-system, sans-serif;""><div style=""font-size: 11px; color: #888; margin-bottom: 6px;"">[T12 - Instal·lacions] Pregunta 379</div><div style=""font-weight: bold; font-size: 16px; margin-bottom: 14px; line-height: 1.4;"">Quina funció té un armari de distribució urbana (ADU)?</div><div style=""font-size: 14px; line-height: 1.6;""><div style=""padding: 5px 0;""><b>A)</b> Mesurar individualment el consum de cada usuari.</div><div style=""padding: 5px 0;""><b>B)</b> Transformar l’alta tensió en 400 V trifàsics.</div><div style=""padding: 5px 0;""><b>C)</b> Protegir els circuits interiors d’un habitatge.</div><div style=""padding: 5px 0;""><b>D)</b> Repartir la xarxa de baixa tensió en diversos circuits.</div></div></div>","<div style=""text-align: left; font-family: -apple-system, sans-serif;""><div style=""font-weight: bold; font-size: 16px; color: #10b981; margin-bottom: 8px;"">✓ Resposta Correcta: D</div><div style=""font-size: 14px; margin-bottom: 12px; padding: 10px; background: rgba(16,185,129,0.1); border-radius: 6px; border-left: 4px solid #10b981;"">D) Repartir la xarxa de baixa tensió en diversos circuits.</div><hr style=""border: 0; border-top: 1px solid #ddd; margin: 12px 0;""><div style=""font-size: 13px; color: #444; line-height: 1.4;""><b style=""color: #111;"">Explicació:</b> L’ADU reparteix l’alimentació de baixa tensió en diversos circuits.</div></div>","T12_-_Installacions","15866"
"<div style=""text-align: left; font-family: -apple-system, sans-serif;""><div style=""font-size: 11px; color: #888; margin-bottom: 6px;"">[T12 - Instal·lacions] Pregunta 380</div><div style=""font-weight: bold; font-size: 16px; margin-bottom: 14px; line-height: 1.4;"">Quin nexe poden formar les subestacions de transformació?</div><div style=""font-size: 14px; line-height: 1.6;""><div style=""padding: 5px 0;""><b>A)</b> El nexe entre una bateria i un inversor fotovoltaic.</div><div style=""padding: 5px 0;""><b>B)</b> El nexe entre la xarxa de transport i la xarxa de distribució.</div><div style=""padding: 5px 0;""><b>C)</b> El nexe entre una turbina i l’alternador d’una central.</div><div style=""padding: 5px 0;""><b>D)</b> El nexe entre un receptor domèstic i el seu quadre elèctric.</div></div></div>","<div style=""text-align: left; font-family: -apple-system, sans-serif;""><div style=""font-weight: bold; font-size: 16px; color: #10b981; margin-bottom: 8px;"">✓ Resposta Correcta: B</div><div style=""font-size: 14px; margin-bottom: 12px; padding: 10px; background: rgba(16,185,129,0.1); border-radius: 6px; border-left: 4px solid #10b981;"">B) El nexe entre la xarxa de transport i la xarxa de distribució.</div><hr style=""border: 0; border-top: 1px solid #ddd; margin: 12px 0;""><div style=""font-size: 13px; color: #444; line-height: 1.4;""><b style=""color: #111;"">Explicació:</b> Una subestació pot actuar com a punt d’enllaç entre transport i distribució.</div></div>","T12_-_Installacions","15837"
"<div style=""text-align: left; font-family: -apple-system, sans-serif;""><div style=""font-size: 11px; color: #888; margin-bottom: 6px;"">[T12 - Instal·lacions] Pregunta 381</div><div style=""font-weight: bold; font-size: 16px; margin-bottom: 14px; line-height: 1.4;"">Una xarxa de gas que treballa exactament a 0,05 bar, com es classifica?</div><div style=""font-size: 14px; line-height: 1.6;""><div style=""padding: 5px 0;""><b>A)</b> MPA.</div><div style=""padding: 5px 0;""><b>B)</b> MPB.</div><div style=""padding: 5px 0;""><b>C)</b> APA.</div><div style=""padding: 5px 0;""><b>D)</b> BP.</div></div></div>","<div style=""text-align: left; font-family: -apple-system, sans-serif;""><div style=""font-weight: bold; font-size: 16px; color: #10b981; margin-bottom: 8px;"">✓ Resposta Correcta: D</div><div style=""font-size: 14px; margin-bottom: 12px; padding: 10px; background: rgba(16,185,129,0.1); border-radius: 6px; border-left: 4px solid #10b981;"">D) BP.</div><hr style=""border: 0; border-top: 1px solid #ddd; margin: 12px 0;""><div style=""font-size: 13px; color: #444; line-height: 1.4;""><b style=""color: #111;"">Explicació:</b> La baixa pressió inclou valors de fins a 0,05 bar.</div></div>","T12_-_Installacions","16252"
"<div style=""text-align: left; font-family: -apple-system, sans-serif;""><div style=""font-size: 11px; color: #888; margin-bottom: 6px;"">[T12 - Instal·lacions] Pregunta 382</div><div style=""font-weight: bold; font-size: 16px; margin-bottom: 14px; line-height: 1.4;"">Quin origen pot tenir una sobretensió transitòria?</div><div style=""font-size: 14px; line-height: 1.6;""><div style=""padding: 5px 0;""><b>A)</b> Un consum inferior al corrent nominal.</div><div style=""padding: 5px 0;""><b>B)</b> Un llamp o una maniobra a la xarxa.</div><div style=""padding: 5px 0;""><b>C)</b> Una sobrecàrrega lenta d’un conductor.</div><div style=""padding: 5px 0;""><b>D)</b> Una fuga petita a través d’una carcassa.</div></div></div>","<div style=""text-align: left; font-family: -apple-system, sans-serif;""><div style=""font-weight: bold; font-size: 16px; color: #10b981; margin-bottom: 8px;"">✓ Resposta Correcta: B</div><div style=""font-size: 14px; margin-bottom: 12px; padding: 10px; background: rgba(16,185,129,0.1); border-radius: 6px; border-left: 4px solid #10b981;"">B) Un llamp o una maniobra a la xarxa.</div><hr style=""border: 0; border-top: 1px solid #ddd; margin: 12px 0;""><div style=""font-size: 13px; color: #444; line-height: 1.4;""><b style=""color: #111;"">Explicació:</b> Els llamps i certes maniobres de xarxa poden generar pics de tensió breus i intensos.</div></div>","T12_-_Installacions","15998"
"<div style=""text-align: left; font-family: -apple-system, sans-serif;""><div style=""font-size: 11px; color: #888; margin-bottom: 6px;"">[T12 - Instal·lacions] Pregunta 383</div><div style=""font-weight: bold; font-size: 16px; margin-bottom: 14px; line-height: 1.4;"">Quin tipus de cable s’ha d’utilitzar en les instal·lacions aèries de baixa tensió?</div><div style=""font-size: 14px; line-height: 1.6;""><div style=""padding: 5px 0;""><b>A)</b> Cables elèctrics aïllats.</div><div style=""padding: 5px 0;""><b>B)</b> Cables elèctrics nus d’ús ordinari.</div><div style=""padding: 5px 0;""><b>C)</b> Cables de comunicacions apantallats.</div><div style=""padding: 5px 0;""><b>D)</b> Conductors de protecció nus.</div></div></div>","<div style=""text-align: left; font-family: -apple-system, sans-serif;""><div style=""font-weight: bold; font-size: 16px; color: #10b981; margin-bottom: 8px;"">✓ Resposta Correcta: A</div><div style=""font-size: 14px; margin-bottom: 12px; padding: 10px; background: rgba(16,185,129,0.1); border-radius: 6px; border-left: 4px solid #10b981;"">A) Cables elèctrics aïllats.</div><hr style=""border: 0; border-top: 1px solid #ddd; margin: 12px 0;""><div style=""font-size: 13px; color: #444; line-height: 1.4;""><b style=""color: #111;"">Explicació:</b> En les instal·lacions aèries de baixa tensió, la solució general és utilitzar conductors aïllats.</div></div>","T12_-_Installacions","15859"
"<div style=""text-align: left; font-family: -apple-system, sans-serif;""><div style=""font-size: 11px; color: #888; margin-bottom: 6px;"">[T12 - Instal·lacions] Pregunta 384</div><div style=""font-weight: bold; font-size: 16px; margin-bottom: 14px; line-height: 1.4;"">De quin material solen ser les bombones de GLP?</div><div style=""font-size: 14px; line-height: 1.6;""><div style=""padding: 5px 0;""><b>A)</b> PVC.</div><div style=""padding: 5px 0;""><b>B)</b> Alumini.</div><div style=""padding: 5px 0;""><b>C)</b> Acer.</div><div style=""padding: 5px 0;""><b>D)</b> Coure.</div></div></div>","<div style=""text-align: left; font-family: -apple-system, sans-serif;""><div style=""font-weight: bold; font-size: 16px; color: #10b981; margin-bottom: 8px;"">✓ Resposta Correcta: C</div><div style=""font-size: 14px; margin-bottom: 12px; padding: 10px; background: rgba(16,185,129,0.1); border-radius: 6px; border-left: 4px solid #10b981;"">C) Acer.</div></div>","T12_-_Installacions","16198"
"<div style=""text-align: left; font-family: -apple-system, sans-serif;""><div style=""font-size: 11px; color: #888; margin-bottom: 6px;"">[T12 - Instal·lacions] Pregunta 385</div><div style=""font-weight: bold; font-size: 16px; margin-bottom: 14px; line-height: 1.4;"">De què depenen la configuració i el dimensionament de les instal·lacions d’enllaç?</div><div style=""font-size: 14px; line-height: 1.6;""><div style=""padding: 5px 0;""><b>A)</b> De les característiques del subministrament.</div><div style=""padding: 5px 0;""><b>B)</b> De la ubicació del centre de transformació més proper.</div><div style=""padding: 5px 0;""><b>C)</b> Del nombre de circuits interiors protegits per PIAs.</div><div style=""padding: 5px 0;""><b>D)</b> Del tipus de conductor de protecció utilitzat pels receptors.</div></div></div>","<div style=""text-align: left; font-family: -apple-system, sans-serif;""><div style=""font-weight: bold; font-size: 16px; color: #10b981; margin-bottom: 8px;"">✓ Resposta Correcta: A</div><div style=""font-size: 14px; margin-bottom: 12px; padding: 10px; background: rgba(16,185,129,0.1); border-radius: 6px; border-left: 4px solid #10b981;"">A) De les característiques del subministrament.</div><hr style=""border: 0; border-top: 1px solid #ddd; margin: 12px 0;""><div style=""font-size: 13px; color: #444; line-height: 1.4;""><b style=""color: #111;"">Explicació:</b> La configuració i el dimensionament de la instal·lació d’enllaç s’adapten a les característiques del subministrament.</div></div>","T12_-_Installacions","15901"
"<div style=""text-align: left; font-family: -apple-system, sans-serif;""><div style=""font-size: 11px; color: #888; margin-bottom: 6px;"">[T12 - Instal·lacions] Pregunta 386</div><div style=""font-weight: bold; font-size: 16px; margin-bottom: 14px; line-height: 1.4;"">Quina limitació cal considerar especialment en seleccionar un fusible?</div><div style=""font-size: 14px; line-height: 1.6;""><div style=""padding: 5px 0;""><b>A)</b> El nombre màxim de rearms que admet després d’actuar.</div><div style=""padding: 5px 0;""><b>B)</b> El corrent màxim que pot interrompre amb seguretat.</div><div style=""padding: 5px 0;""><b>C)</b> La sensibilitat en mil·liamperes davant fugues a terra.</div><div style=""padding: 5px 0;""><b>D)</b> La tensió mínima a partir de la qual reconnecta automàticament.</div></div></div>","<div style=""text-align: left; font-family: -apple-system, sans-serif;""><div style=""font-weight: bold; font-size: 16px; color: #10b981; margin-bottom: 8px;"">✓ Resposta Correcta: B</div><div style=""font-size: 14px; margin-bottom: 12px; padding: 10px; background: rgba(16,185,129,0.1); border-radius: 6px; border-left: 4px solid #10b981;"">B) El corrent màxim que pot interrompre amb seguretat.</div><hr style=""border: 0; border-top: 1px solid #ddd; margin: 12px 0;""><div style=""font-size: 13px; color: #444; line-height: 1.4;""><b style=""color: #111;"">Explicació:</b> La capacitat d’interrupció determina quin corrent de fallada pot tallar el fusible amb seguretat.</div></div>","T12_-_Installacions","15939"
"<div style=""text-align: left; font-family: -apple-system, sans-serif;""><div style=""font-size: 11px; color: #888; margin-bottom: 6px;"">[T12 - Instal·lacions] Pregunta 387</div><div style=""font-weight: bold; font-size: 16px; margin-bottom: 14px; line-height: 1.4;"">Quin diàmetre màxim s’indica per a les sortides de ventilació del clavegueram?</div><div style=""font-size: 14px; line-height: 1.6;""><div style=""padding: 5px 0;""><b>A)</b> Inferior a 10 cm.</div><div style=""padding: 5px 0;""><b>B)</b> Inferior a 20 cm.</div><div style=""padding: 5px 0;""><b>C)</b> Inferior a 25 cm.</div><div style=""padding: 5px 0;""><b>D)</b> Inferior a 30 cm.</div></div></div>","<div style=""text-align: left; font-family: -apple-system, sans-serif;""><div style=""font-weight: bold; font-size: 16px; color: #10b981; margin-bottom: 8px;"">✓ Resposta Correcta: B</div><div style=""font-size: 14px; margin-bottom: 12px; padding: 10px; background: rgba(16,185,129,0.1); border-radius: 6px; border-left: 4px solid #10b981;"">B) Inferior a 20 cm.</div><hr style=""border: 0; border-top: 1px solid #ddd; margin: 12px 0;""><div style=""font-size: 13px; color: #444; line-height: 1.4;""><b style=""color: #111;"">Explicació:</b> El diàmetre indicat ha de ser inferior a 20 centímetres.</div></div>","T12_-_Installacions","16175"
"<div style=""text-align: left; font-family: -apple-system, sans-serif;""><div style=""font-size: 11px; color: #888; margin-bottom: 6px;"">[T12 - Instal·lacions] Pregunta 388</div><div style=""font-weight: bold; font-size: 16px; margin-bottom: 14px; line-height: 1.4;"">Per a quin valor d’ús està dissenyat habitualment el buscapols?</div><div style=""font-size: 14px; line-height: 1.6;""><div style=""padding: 5px 0;""><b>A)</b> Per a tensions de 230 a 400 V AC si el mànec està correctament aïllat.</div><div style=""padding: 5px 0;""><b>B)</b> Per a les tensions usuals de xarxa de 230 V entre fase i neutre.</div><div style=""padding: 5px 0;""><b>C)</b> Per a circuits de 48 V de corrent continu i de 230 V de corrent altern.</div><div style=""padding: 5px 0;""><b>D)</b> Per a xarxes de baixa tensió fins a 400 V entre fases.</div></div></div>","<div style=""text-align: left; font-family: -apple-system, sans-serif;""><div style=""font-weight: bold; font-size: 16px; color: #10b981; margin-bottom: 8px;"">✓ Resposta Correcta: B</div><div style=""font-size: 14px; margin-bottom: 12px; padding: 10px; background: rgba(16,185,129,0.1); border-radius: 6px; border-left: 4px solid #10b981;"">B) Per a les tensions usuals de xarxa de 230 V entre fase i neutre.</div><hr style=""border: 0; border-top: 1px solid #ddd; margin: 12px 0;""><div style=""font-size: 13px; color: #444; line-height: 1.4;""><b style=""color: #111;"">Explicació:</b> El buscapols està pensat per les tensions habituals de xarxa; fora d’aquest rang el seu ús no és segur.</div></div>","T12_-_Installacions","16024"
"<div style=""text-align: left; font-family: -apple-system, sans-serif;""><div style=""font-size: 11px; color: #888; margin-bottom: 6px;"">[T12 - Instal·lacions] Pregunta 389</div><div style=""font-weight: bold; font-size: 16px; margin-bottom: 14px; line-height: 1.4;"">Què cal preveure si els tubs d’alimentació d’aigua van encastats?</div><div style=""font-size: 14px; line-height: 1.6;""><div style=""padding: 5px 0;""><b>A)</b> Registres d’inspecció.</div><div style=""padding: 5px 0;""><b>B)</b> Vàlvules reductores.</div><div style=""padding: 5px 0;""><b>C)</b> Purgadors automàtics.</div><div style=""padding: 5px 0;""><b>D)</b> Comptadors divisionaris.</div></div></div>","<div style=""text-align: left; font-family: -apple-system, sans-serif;""><div style=""font-weight: bold; font-size: 16px; color: #10b981; margin-bottom: 8px;"">✓ Resposta Correcta: A</div><div style=""font-size: 14px; margin-bottom: 12px; padding: 10px; background: rgba(16,185,129,0.1); border-radius: 6px; border-left: 4px solid #10b981;"">A) Registres d’inspecció.</div><hr style=""border: 0; border-top: 1px solid #ddd; margin: 12px 0;""><div style=""font-size: 13px; color: #444; line-height: 1.4;""><b style=""color: #111;"">Explicació:</b> Els trams encastats han de poder inspeccionar-se en punts adequats.</div></div>","T12_-_Installacions","16121"
"<div style=""text-align: left; font-family: -apple-system, sans-serif;""><div style=""font-size: 11px; color: #888; margin-bottom: 6px;"">[T12 - Instal·lacions] Pregunta 390</div><div style=""font-weight: bold; font-size: 16px; margin-bottom: 14px; line-height: 1.4;"">Quin rang de pressió correspon a una xarxa de gas MPB?</div><div style=""font-size: 14px; line-height: 1.6;""><div style=""padding: 5px 0;""><b>A)</b> Més de 0,05 bar i fins a 0,4 bar.</div><div style=""padding: 5px 0;""><b>B)</b> Més de 4 bar i fins a 16 bar.</div><div style=""padding: 5px 0;""><b>C)</b> Fins a 0,05 bar.</div><div style=""padding: 5px 0;""><b>D)</b> Més de 0,4 bar i fins a 4 bar.</div></div></div>","<div style=""text-align: left; font-family: -apple-system, sans-serif;""><div style=""font-weight: bold; font-size: 16px; color: #10b981; margin-bottom: 8px;"">✓ Resposta Correcta: D</div><div style=""font-size: 14px; margin-bottom: 12px; padding: 10px; background: rgba(16,185,129,0.1); border-radius: 6px; border-left: 4px solid #10b981;"">D) Més de 0,4 bar i fins a 4 bar.</div><hr style=""border: 0; border-top: 1px solid #ddd; margin: 12px 0;""><div style=""font-size: 13px; color: #444; line-height: 1.4;""><b style=""color: #111;"">Explicació:</b> La categoria MPB ocupa el rang superior de mitjana pressió indicat.</div></div>","T12_-_Installacions","16241"
"<div style=""text-align: left; font-family: -apple-system, sans-serif;""><div style=""font-size: 11px; color: #888; margin-bottom: 6px;"">[T12 - Instal·lacions] Pregunta 391</div><div style=""font-weight: bold; font-size: 16px; margin-bottom: 14px; line-height: 1.4;"">Quina diferència funcional hi ha entre la línia general d’alimentació i la derivació individual?</div><div style=""font-size: 14px; line-height: 1.6;""><div style=""padding: 5px 0;""><b>A)</b> La LGA alimenta la centralització; la derivació individual alimenta un usuari concret.</div><div style=""padding: 5px 0;""><b>B)</b> La LGA alimenta un usuari concret; la derivació individual alimenta tota la centralització.</div><div style=""padding: 5px 0;""><b>C)</b> La LGA mesura el consum; la derivació individual limita la potència contractada.</div><div style=""padding: 5px 0;""><b>D)</b> La LGA protegeix els circuits interiors; la derivació individual transforma la tensió.</div></div></div>","<div style=""text-align: left; font-family: -apple-system, sans-serif;""><div style=""font-weight: bold; font-size: 16px; color: #10b981; margin-bottom: 8px;"">✓ Resposta Correcta: A</div><div style=""font-size: 14px; margin-bottom: 12px; padding: 10px; background: rgba(16,185,129,0.1); border-radius: 6px; border-left: 4px solid #10b981;"">A) La LGA alimenta la centralització; la derivació individual alimenta un usuari concret.</div><hr style=""border: 0; border-top: 1px solid #ddd; margin: 12px 0;""><div style=""font-size: 13px; color: #444; line-height: 1.4;""><b style=""color: #111;"">Explicació:</b> La LGA és comuna fins a la centralització, mentre que cada derivació individual correspon a un subministrament determinat.</div></div>","T12_-_Installacions","15895"
"<div style=""text-align: left; font-family: -apple-system, sans-serif;""><div style=""font-size: 11px; color: #888; margin-bottom: 6px;"">[T12 - Instal·lacions] Pregunta 392</div><div style=""font-weight: bold; font-size: 16px; margin-bottom: 14px; line-height: 1.4;"">Quin grau d'accessibilitat ha de tenir la clau de muntant col·lectiu?</div><div style=""font-size: 14px; line-height: 1.6;""><div style=""padding: 5px 0;""><b>A)</b> Grau 1 o 2.</div><div style=""padding: 5px 0;""><b>B)</b> Grau 3.</div><div style=""padding: 5px 0;""><b>C)</b> Grau 1.</div><div style=""padding: 5px 0;""><b>D)</b> Grau 2 o 3.</div></div></div>","<div style=""text-align: left; font-family: -apple-system, sans-serif;""><div style=""font-weight: bold; font-size: 16px; color: #10b981; margin-bottom: 8px;"">✓ Resposta Correcta: D</div><div style=""font-size: 14px; margin-bottom: 12px; padding: 10px; background: rgba(16,185,129,0.1); border-radius: 6px; border-left: 4px solid #10b981;"">D) Grau 2 o 3.</div></div>","T12_-_Installacions","16277"
"<div style=""text-align: left; font-family: -apple-system, sans-serif;""><div style=""font-size: 11px; color: #888; margin-bottom: 6px;"">[T12 - Instal·lacions] Pregunta 393</div><div style=""font-weight: bold; font-size: 16px; margin-bottom: 14px; line-height: 1.4;"">Quina clau talla el gas als usuaris d’un mateix muntant o sector?</div><div style=""font-size: 14px; line-height: 1.6;""><div style=""padding: 5px 0;""><b>A)</b> La clau de comptador.</div><div style=""padding: 5px 0;""><b>B)</b> La clau de muntant col·lectiu.</div><div style=""padding: 5px 0;""><b>C)</b> La clau d’usuari.</div><div style=""padding: 5px 0;""><b>D)</b> La clau d’escomesa.</div></div></div>","<div style=""text-align: left; font-family: -apple-system, sans-serif;""><div style=""font-weight: bold; font-size: 16px; color: #10b981; margin-bottom: 8px;"">✓ Resposta Correcta: B</div><div style=""font-size: 14px; margin-bottom: 12px; padding: 10px; background: rgba(16,185,129,0.1); border-radius: 6px; border-left: 4px solid #10b981;"">B) La clau de muntant col·lectiu.</div><hr style=""border: 0; border-top: 1px solid #ddd; margin: 12px 0;""><div style=""font-size: 13px; color: #444; line-height: 1.4;""><b style=""color: #111;"">Explicació:</b> Aquesta clau interromp el subministrament d’un conjunt d’usuaris del mateix muntant o sector.</div></div>","T12_-_Installacions","16275"
"<div style=""text-align: left; font-family: -apple-system, sans-serif;""><div style=""font-size: 11px; color: #888; margin-bottom: 6px;"">[T12 - Instal·lacions] Pregunta 394</div><div style=""font-weight: bold; font-size: 16px; margin-bottom: 14px; line-height: 1.4;"">Quina sensibilitat diferencial es pot utilitzar en ambients especialment humits o de risc elevat?</div><div style=""font-size: 14px; line-height: 1.6;""><div style=""padding: 5px 0;""><b>A)</b> 300 mA.</div><div style=""padding: 5px 0;""><b>B)</b> 30 A.</div><div style=""padding: 5px 0;""><b>C)</b> 10 mA.</div><div style=""padding: 5px 0;""><b>D)</b> 100 mA.</div></div></div>","<div style=""text-align: left; font-family: -apple-system, sans-serif;""><div style=""font-weight: bold; font-size: 16px; color: #10b981; margin-bottom: 8px;"">✓ Resposta Correcta: C</div><div style=""font-size: 14px; margin-bottom: 12px; padding: 10px; background: rgba(16,185,129,0.1); border-radius: 6px; border-left: 4px solid #10b981;"">C) 10 mA.</div><hr style=""border: 0; border-top: 1px solid #ddd; margin: 12px 0;""><div style=""font-size: 13px; color: #444; line-height: 1.4;""><b style=""color: #111;"">Explicació:</b> Els 10 mA proporcionen una sensibilitat més elevada davant corrents de fuga.</div></div>","T12_-_Installacions","15983"
"<div style=""text-align: left; font-family: -apple-system, sans-serif;""><div style=""font-size: 11px; color: #888; margin-bottom: 6px;"">[T12 - Instal·lacions] Pregunta 395</div><div style=""font-weight: bold; font-size: 16px; margin-bottom: 14px; line-height: 1.4;"">Quina protecció és freqüent en un grup electrogen portàtil?</div><div style=""font-size: 14px; line-height: 1.6;""><div style=""padding: 5px 0;""><b>A)</b> La protecció contra contactes indirectes.</div><div style=""padding: 5px 0;""><b>B)</b> La protecció contra sobrecàrregues.</div><div style=""padding: 5px 0;""><b>C)</b> La protecció especial de l’inversor.</div><div style=""padding: 5px 0;""><b>D)</b> Un diferencial.</div></div></div>","<div style=""text-align: left; font-family: -apple-system, sans-serif;""><div style=""font-weight: bold; font-size: 16px; color: #10b981; margin-bottom: 8px;"">✓ Resposta Correcta: B</div><div style=""font-size: 14px; margin-bottom: 12px; padding: 10px; background: rgba(16,185,129,0.1); border-radius: 6px; border-left: 4px solid #10b981;"">B) La protecció contra sobrecàrregues.</div><hr style=""border: 0; border-top: 1px solid #ddd; margin: 12px 0;""><div style=""font-size: 13px; color: #444; line-height: 1.4;""><b style=""color: #111;"">Explicació:</b> En els grups portàtils és habitual que la protecció disponible sigui principalment contra sobrecàrregues.</div></div>","T12_-_Installacions","15736"
"<div style=""text-align: left; font-family: -apple-system, sans-serif;""><div style=""font-size: 11px; color: #888; margin-bottom: 6px;"">[T12 - Instal·lacions] Pregunta 396</div><div style=""font-weight: bold; font-size: 16px; margin-bottom: 14px; line-height: 1.4;"">Quina accessibilitat ha de tenir la clau d’usuari per a la companyia subministradora?</div><div style=""font-size: 14px; line-height: 1.6;""><div style=""padding: 5px 0;""><b>A)</b> Grau 3 des de zones comunes.</div><div style=""padding: 5px 0;""><b>B)</b> Grau 1 des de l’habitatge.</div><div style=""padding: 5px 0;""><b>C)</b> Grau 2 des de zones de propietat comuna.</div><div style=""padding: 5px 0;""><b>D)</b> Grau 2 des de zones privades.</div></div></div>","<div style=""text-align: left; font-family: -apple-system, sans-serif;""><div style=""font-weight: bold; font-size: 16px; color: #10b981; margin-bottom: 8px;"">✓ Resposta Correcta: C</div><div style=""font-size: 14px; margin-bottom: 12px; padding: 10px; background: rgba(16,185,129,0.1); border-radius: 6px; border-left: 4px solid #10b981;"">C) Grau 2 des de zones de propietat comuna.</div><hr style=""border: 0; border-top: 1px solid #ddd; margin: 12px 0;""><div style=""font-size: 13px; color: #444; line-height: 1.4;""><b style=""color: #111;"">Explicació:</b> La companyia ha de poder-hi accedir amb grau 2 des de zones no privades.</div></div>","T12_-_Installacions","16278"
"<div style=""text-align: left; font-family: -apple-system, sans-serif;""><div style=""font-size: 11px; color: #888; margin-bottom: 6px;"">[T12 - Instal·lacions] Pregunta 397</div><div style=""font-weight: bold; font-size: 16px; margin-bottom: 14px; line-height: 1.4;"">Quin tipus de protecció aporta la posada a terra i en curtcircuit?</div><div style=""font-size: 14px; line-height: 1.6;""><div style=""padding: 5px 0;""><b>A)</b> Una protecció diferencial que compara el corrent d’entrada i sortida.</div><div style=""padding: 5px 0;""><b>B)</b> Una protecció activa que mesura tensió i obre el circuit.</div><div style=""padding: 5px 0;""><b>C)</b> Una protecció passiva davant una realimentació accidental.</div><div style=""padding: 5px 0;""><b>D)</b> Una protecció tèrmica que limita la intensitat per sobrecàrrega.</div></div></div>","<div style=""text-align: left; font-family: -apple-system, sans-serif;""><div style=""font-weight: bold; font-size: 16px; color: #10b981; margin-bottom: 8px;"">✓ Resposta Correcta: C</div><div style=""font-size: 14px; margin-bottom: 12px; padding: 10px; background: rgba(16,185,129,0.1); border-radius: 6px; border-left: 4px solid #10b981;"">C) Una protecció passiva davant una realimentació accidental.</div><hr style=""border: 0; border-top: 1px solid #ddd; margin: 12px 0;""><div style=""font-size: 13px; color: #444; line-height: 1.4;""><b style=""color: #111;"">Explicació:</b> Aquesta mesura continua protegint encara que la realimentació es produeixi inesperadament.</div></div>","T12_-_Installacions","16066"
"<div style=""text-align: left; font-family: -apple-system, sans-serif;""><div style=""font-size: 11px; color: #888; margin-bottom: 6px;"">[T12 - Instal·lacions] Pregunta 398</div><div style=""font-weight: bold; font-size: 16px; margin-bottom: 14px; line-height: 1.4;"">Quina seqüència és correcta a l’armari del comptador general d’aigua?</div><div style=""font-size: 14px; line-height: 1.6;""><div style=""padding: 5px 0;""><b>A)</b> Clau de tall general, filtre, ràcord de prova, comptador, clau de sortida, válvula de retenció.</div><div style=""padding: 5px 0;""><b>B)</b> Filtre, clau de tall general, comptador, ràcord de prova, clau de sortida, vàlvula de retenció.</div><div style=""padding: 5px 0;""><b>C)</b> Clau de tall general, filtre, comptador, ràcord de prova, vàlvula de retenció, clau de sortida.</div><div style=""padding: 5px 0;""><b>D)</b> Clau de tall general, comptador, filtre, vàlvula de retenció, ràcord de prova, clau de sortida.</div></div></div>","<div style=""text-align: left; font-family: -apple-system, sans-serif;""><div style=""font-weight: bold; font-size: 16px; color: #10b981; margin-bottom: 8px;"">✓ Resposta Correcta: C</div><div style=""font-size: 14px; margin-bottom: 12px; padding: 10px; background: rgba(16,185,129,0.1); border-radius: 6px; border-left: 4px solid #10b981;"">C) Clau de tall general, filtre, comptador, ràcord de prova, vàlvula de retenció, clau de sortida.</div><hr style=""border: 0; border-top: 1px solid #ddd; margin: 12px 0;""><div style=""font-size: 13px; color: #444; line-height: 1.4;""><b style=""color: #111;"">Explicació:</b> Aquesta és la disposició indicada dels sis elements.</div></div>","T12_-_Installacions","16116"
"<div style=""text-align: left; font-family: -apple-system, sans-serif;""><div style=""font-size: 11px; color: #888; margin-bottom: 6px;"">[T12 - Instal·lacions] Pregunta 399</div><div style=""font-weight: bold; font-size: 16px; margin-bottom: 14px; line-height: 1.4;"">Què protegeixen els dispositius de protecció contra sobretensions?</div><div style=""font-size: 14px; line-height: 1.6;""><div style=""padding: 5px 0;""><b>A)</b> La línia general d’alimentació davant de sobrecàrregues.</div><div style=""padding: 5px 0;""><b>B)</b> La potència contractada davant d’excessos de demanda.</div><div style=""padding: 5px 0;""><b>C)</b> Les persones davant de contactes indirectes.</div><div style=""padding: 5px 0;""><b>D)</b> La instal·lació i els equips.</div></div></div>","<div style=""text-align: left; font-family: -apple-system, sans-serif;""><div style=""font-weight: bold; font-size: 16px; color: #10b981; margin-bottom: 8px;"">✓ Resposta Correcta: D</div><div style=""font-size: 14px; margin-bottom: 12px; padding: 10px; background: rgba(16,185,129,0.1); border-radius: 6px; border-left: 4px solid #10b981;"">D) La instal·lació i els equips.</div><hr style=""border: 0; border-top: 1px solid #ddd; margin: 12px 0;""><div style=""font-size: 13px; color: #444; line-height: 1.4;""><b style=""color: #111;"">Explicació:</b> Aquests dispositius limiten els efectes de les sobretensions sobre la instal·lació i els equips connectats.</div></div>","T12_-_Installacions","15914"
"<div style=""text-align: left; font-family: -apple-system, sans-serif;""><div style=""font-size: 11px; color: #888; margin-bottom: 6px;"">[T12 - Instal·lacions] Pregunta 400</div><div style=""font-weight: bold; font-size: 16px; margin-bottom: 14px; line-height: 1.4;"">Qui opera les xarxes de distribució de mitja i baixa tensió?</div><div style=""font-size: 14px; line-height: 1.6;""><div style=""padding: 5px 0;""><b>A)</b> Empreses distribuïdores que es reparteixen el territori.</div><div style=""padding: 5px 0;""><b>B)</b> Els consumidors finals a través de les seves instal·lacions.</div><div style=""padding: 5px 0;""><b>C)</b> Les centrals de generació connectades a cada zona.</div><div style=""padding: 5px 0;""><b>D)</b> Red Eléctrica de España de manera exclusiva.</div></div></div>","<div style=""text-align: left; font-family: -apple-system, sans-serif;""><div style=""font-weight: bold; font-size: 16px; color: #10b981; margin-bottom: 8px;"">✓ Resposta Correcta: A</div><div style=""font-size: 14px; margin-bottom: 12px; padding: 10px; background: rgba(16,185,129,0.1); border-radius: 6px; border-left: 4px solid #10b981;"">A) Empreses distribuïdores que es reparteixen el territori.</div><hr style=""border: 0; border-top: 1px solid #ddd; margin: 12px 0;""><div style=""font-size: 13px; color: #444; line-height: 1.4;""><b style=""color: #111;"">Explicació:</b> La distribució territorial correspon a empreses distribuïdores, cadascuna amb el seu àmbit.</div></div>","T12_-_Installacions","15814"
"<div style=""text-align: left; font-family: -apple-system, sans-serif;""><div style=""font-size: 11px; color: #888; margin-bottom: 6px;"">[T12 - Instal·lacions] Pregunta 401</div><div style=""font-weight: bold; font-size: 16px; margin-bottom: 14px; line-height: 1.4;"">Quina capacitat pot incorporar una pinça amperimètrica avançada?</div><div style=""font-size: 14px; line-height: 1.6;""><div style=""padding: 5px 0;""><b>A)</b> Verificar l’absència de tensió per proximitat sense contacte.</div><div style=""padding: 5px 0;""><b>B)</b> Mesurar la resistència d’aïllament d’una línia energitzada.</div><div style=""padding: 5px 0;""><b>C)</b> Mesurar també corrent continu.</div><div style=""padding: 5px 0;""><b>D)</b> Mesurar tensió de mitjana tensió sense puntes.</div></div></div>","<div style=""text-align: left; font-family: -apple-system, sans-serif;""><div style=""font-weight: bold; font-size: 16px; color: #10b981; margin-bottom: 8px;"">✓ Resposta Correcta: C</div><div style=""font-size: 14px; margin-bottom: 12px; padding: 10px; background: rgba(16,185,129,0.1); border-radius: 6px; border-left: 4px solid #10b981;"">C) Mesurar també corrent continu.</div><hr style=""border: 0; border-top: 1px solid #ddd; margin: 12px 0;""><div style=""font-size: 13px; color: #444; line-height: 1.4;""><b style=""color: #111;"">Explicació:</b> Alguns models poden mesurar AC i DC, fet especialment útil en determinades instal·lacions.</div></div>","T12_-_Installacions","16048"
"<div style=""text-align: left; font-family: -apple-system, sans-serif;""><div style=""font-size: 11px; color: #888; margin-bottom: 6px;"">[T12 - Instal·lacions] Pregunta 402</div><div style=""font-weight: bold; font-size: 16px; margin-bottom: 14px; line-height: 1.4;"">Quina funció té una banqueta o estora aïllant durant un treball elèctric?</div><div style=""font-size: 14px; line-height: 1.6;""><div style=""padding: 5px 0;""><b>A)</b> Connectar l’operari a terra perquè les proteccions disparin amb més rapidesa.</div><div style=""padding: 5px 0;""><b>B)</b> Aïllar l’operari del terra i dificultar el pas de corrent a través dels peus.</div><div style=""padding: 5px 0;""><b>C)</b> Eliminar la necessitat de portar calçat o guants adequats.</div><div style=""padding: 5px 0;""><b>D)</b> Aïllar únicament les eines metàl·liques que es deixen sobre la superfície.</div></div></div>","<div style=""text-align: left; font-family: -apple-system, sans-serif;""><div style=""font-weight: bold; font-size: 16px; color: #10b981; margin-bottom: 8px;"">✓ Resposta Correcta: B</div><div style=""font-size: 14px; margin-bottom: 12px; padding: 10px; background: rgba(16,185,129,0.1); border-radius: 6px; border-left: 4px solid #10b981;"">B) Aïllar l’operari del terra i dificultar el pas de corrent a través dels peus.</div><hr style=""border: 0; border-top: 1px solid #ddd; margin: 12px 0;""><div style=""font-size: 13px; color: #444; line-height: 1.4;""><b style=""color: #111;"">Explicació:</b> Aquests elements trenquen o augmenten la resistència del camí elèctric cap a terra.</div></div>","T12_-_Installacions","16093"
"<div style=""text-align: left; font-family: -apple-system, sans-serif;""><div style=""font-size: 11px; color: #888; margin-bottom: 6px;"">[T12 - Instal·lacions] Pregunta 403</div><div style=""font-weight: bold; font-size: 16px; margin-bottom: 14px; line-height: 1.4;"">On se situen els comptadors divisionaris d’una instal·lació d’aigua?</div><div style=""font-size: 14px; line-height: 1.6;""><div style=""padding: 5px 0;""><b>A)</b> En zones comunes.</div><div style=""padding: 5px 0;""><b>B)</b> Dins de cada bany.</div><div style=""padding: 5px 0;""><b>C)</b> Al capdamunt dels muntants.</div><div style=""padding: 5px 0;""><b>D)</b> A la xarxa exterior.</div></div></div>","<div style=""text-align: left; font-family: -apple-system, sans-serif;""><div style=""font-weight: bold; font-size: 16px; color: #10b981; margin-bottom: 8px;"">✓ Resposta Correcta: A</div><div style=""font-size: 14px; margin-bottom: 12px; padding: 10px; background: rgba(16,185,129,0.1); border-radius: 6px; border-left: 4px solid #10b981;"">A) En zones comunes.</div><hr style=""border: 0; border-top: 1px solid #ddd; margin: 12px 0;""><div style=""font-size: 13px; color: #444; line-height: 1.4;""><b style=""color: #111;"">Explicació:</b> Els comptadors divisionaris s’agrupen en zones comunes.</div></div>","T12_-_Installacions","16139"
"<div style=""text-align: left; font-family: -apple-system, sans-serif;""><div style=""font-size: 11px; color: #888; margin-bottom: 6px;"">[T12 - Instal·lacions] Pregunta 404</div><div style=""font-weight: bold; font-size: 16px; margin-bottom: 14px; line-height: 1.4;"">On poden evacuar-se les aigües residuals i pluvials d’un edifici?</div><div style=""font-size: 14px; line-height: 1.6;""><div style=""padding: 5px 0;""><b>A)</b> A una cisterna o a la xarxa contra incendis.</div><div style=""padding: 5px 0;""><b>B)</b> A la xarxa potable o a un dipòsit de reserva.</div><div style=""padding: 5px 0;""><b>C)</b> A la xarxa municipal o a una fossa sèptica si no hi ha clavegueram.</div><div style=""padding: 5px 0;""><b>D)</b> A la xarxa municipal o a una arqueta de consum.</div></div></div>","<div style=""text-align: left; font-family: -apple-system, sans-serif;""><div style=""font-weight: bold; font-size: 16px; color: #10b981; margin-bottom: 8px;"">✓ Resposta Correcta: C</div><div style=""font-size: 14px; margin-bottom: 12px; padding: 10px; background: rgba(16,185,129,0.1); border-radius: 6px; border-left: 4px solid #10b981;"">C) A la xarxa municipal o a una fossa sèptica si no hi ha clavegueram.</div><hr style=""border: 0; border-top: 1px solid #ddd; margin: 12px 0;""><div style=""font-size: 13px; color: #444; line-height: 1.4;""><b style=""color: #111;"">Explicació:</b> La destinació habitual és la xarxa municipal; sense clavegueram es pot recórrer a una fossa sèptica.</div></div>","T12_-_Installacions","16159"
"<div style=""text-align: left; font-family: -apple-system, sans-serif;""><div style=""font-size: 11px; color: #888; margin-bottom: 6px;"">[T12 - Instal·lacions] Pregunta 405</div><div style=""font-weight: bold; font-size: 16px; margin-bottom: 14px; line-height: 1.4;"">Què fa l’embarrat general d’una centralització de comptadors?</div><div style=""font-size: 14px; line-height: 1.6;""><div style=""padding: 5px 0;""><b>A)</b> Redueix la tensió abans de cada comptador.</div><div style=""padding: 5px 0;""><b>B)</b> Limita la potència contractada de tots els usuaris.</div><div style=""padding: 5px 0;""><b>C)</b> Protegeix els circuits interiors davant de contactes indirectes.</div><div style=""padding: 5px 0;""><b>D)</b> Distribueix l’alimentació entre els diferents subministraments.</div></div></div>","<div style=""text-align: left; font-family: -apple-system, sans-serif;""><div style=""font-weight: bold; font-size: 16px; color: #10b981; margin-bottom: 8px;"">✓ Resposta Correcta: D</div><div style=""font-size: 14px; margin-bottom: 12px; padding: 10px; background: rgba(16,185,129,0.1); border-radius: 6px; border-left: 4px solid #10b981;"">D) Distribueix l’alimentació entre els diferents subministraments.</div><hr style=""border: 0; border-top: 1px solid #ddd; margin: 12px 0;""><div style=""font-size: 13px; color: #444; line-height: 1.4;""><b style=""color: #111;"">Explicació:</b> L’embarrat general reparteix l’alimentació entre els diferents subministraments de la centralització.</div></div>","T12_-_Installacions","15885"
"<div style=""text-align: left; font-family: -apple-system, sans-serif;""><div style=""font-size: 11px; color: #888; margin-bottom: 6px;"">[T12 - Instal·lacions] Pregunta 406</div><div style=""font-weight: bold; font-size: 16px; margin-bottom: 14px; line-height: 1.4;"">Què transporta la xarxa d’aigua sanitària d’un edifici?</div><div style=""font-size: 14px; line-height: 1.6;""><div style=""padding: 5px 0;""><b>A)</b> Aigües residuals.</div><div style=""padding: 5px 0;""><b>B)</b> Aigua potable.</div><div style=""padding: 5px 0;""><b>C)</b> Aigües de drenatge.</div><div style=""padding: 5px 0;""><b>D)</b> Aigües pluvials.</div></div></div>","<div style=""text-align: left; font-family: -apple-system, sans-serif;""><div style=""font-weight: bold; font-size: 16px; color: #10b981; margin-bottom: 8px;"">✓ Resposta Correcta: B</div><div style=""font-size: 14px; margin-bottom: 12px; padding: 10px; background: rgba(16,185,129,0.1); border-radius: 6px; border-left: 4px solid #10b981;"">B) Aigua potable.</div><hr style=""border: 0; border-top: 1px solid #ddd; margin: 12px 0;""><div style=""font-size: 13px; color: #444; line-height: 1.4;""><b style=""color: #111;"">Explicació:</b> La xarxa sanitària correspon al subministrament d’aigua potable.</div></div>","T12_-_Installacions","16097"
"<div style=""text-align: left; font-family: -apple-system, sans-serif;""><div style=""font-size: 11px; color: #888; margin-bottom: 6px;"">[T12 - Instal·lacions] Pregunta 407</div><div style=""font-weight: bold; font-size: 16px; margin-bottom: 14px; line-height: 1.4;"">Quina característica poden tenir alguns interruptors diferencials motoritzats?</div><div style=""font-size: 14px; line-height: 1.6;""><div style=""padding: 5px 0;""><b>A)</b> Fondre un conductor intern després de cada dispar.</div><div style=""padding: 5px 0;""><b>B)</b> Limitar directament la potència contractada.</div><div style=""padding: 5px 0;""><b>C)</b> Desviar a terra les sobretensions transitòries.</div><div style=""padding: 5px 0;""><b>D)</b> Intentar reconnectar-se automàticament.</div></div></div>","<div style=""text-align: left; font-family: -apple-system, sans-serif;""><div style=""font-weight: bold; font-size: 16px; color: #10b981; margin-bottom: 8px;"">✓ Resposta Correcta: D</div><div style=""font-size: 14px; margin-bottom: 12px; padding: 10px; background: rgba(16,185,129,0.1); border-radius: 6px; border-left: 4px solid #10b981;"">D) Intentar reconnectar-se automàticament.</div><hr style=""border: 0; border-top: 1px solid #ddd; margin: 12px 0;""><div style=""font-size: 13px; color: #444; line-height: 1.4;""><b style=""color: #111;"">Explicació:</b> Alguns diferencials incorporen un mecanisme motoritzat de reconnexió.</div></div>","T12_-_Installacions","15986"
"<div style=""text-align: left; font-family: -apple-system, sans-serif;""><div style=""font-size: 11px; color: #888; margin-bottom: 6px;"">[T12 - Instal·lacions] Pregunta 408</div><div style=""font-weight: bold; font-size: 16px; margin-bottom: 14px; line-height: 1.4;"">Quin és el tram final de la xarxa de baixa tensió abans de la instal·lació de l’abonat?</div><div style=""font-size: 14px; line-height: 1.6;""><div style=""padding: 5px 0;""><b>A)</b> La línia general d’alimentació.</div><div style=""padding: 5px 0;""><b>B)</b> L’embarrat general de la centralització.</div><div style=""padding: 5px 0;""><b>C)</b> La derivació individual de l’abonat.</div><div style=""padding: 5px 0;""><b>D)</b> L’escomesa de baixa tensió.</div></div></div>","<div style=""text-align: left; font-family: -apple-system, sans-serif;""><div style=""font-weight: bold; font-size: 16px; color: #10b981; margin-bottom: 8px;"">✓ Resposta Correcta: D</div><div style=""font-size: 14px; margin-bottom: 12px; padding: 10px; background: rgba(16,185,129,0.1); border-radius: 6px; border-left: 4px solid #10b981;"">D) L’escomesa de baixa tensió.</div><hr style=""border: 0; border-top: 1px solid #ddd; margin: 12px 0;""><div style=""font-size: 13px; color: #444; line-height: 1.4;""><b style=""color: #111;"">Explicació:</b> L’escomesa és el tram final de la xarxa de baixa tensió que arriba fins a la caixa general de protecció.</div></div>","T12_-_Installacions","15868"
"<div style=""text-align: left; font-family: -apple-system, sans-serif;""><div style=""font-size: 11px; color: #888; margin-bottom: 6px;"">[T12 - Instal·lacions] Pregunta 409</div><div style=""font-weight: bold; font-size: 16px; margin-bottom: 14px; line-height: 1.4;"">Quina propietat energètica destaca en el gas natural?</div><div style=""font-size: 14px; line-height: 1.6;""><div style=""padding: 5px 0;""><b>A)</b> Alta viscositat.</div><div style=""padding: 5px 0;""><b>B)</b> Baix punt d’ebullició.</div><div style=""padding: 5px 0;""><b>C)</b> Alt poder calorífic.</div><div style=""padding: 5px 0;""><b>D)</b> Baixa conductivitat tèrmica.</div></div></div>","<div style=""text-align: left; font-family: -apple-system, sans-serif;""><div style=""font-weight: bold; font-size: 16px; color: #10b981; margin-bottom: 8px;"">✓ Resposta Correcta: C</div><div style=""font-size: 14px; margin-bottom: 12px; padding: 10px; background: rgba(16,185,129,0.1); border-radius: 6px; border-left: 4px solid #10b981;"">C) Alt poder calorífic.</div><hr style=""border: 0; border-top: 1px solid #ddd; margin: 12px 0;""><div style=""font-size: 13px; color: #444; line-height: 1.4;""><b style=""color: #111;"">Explicació:</b> L’alt poder calorífic el fa eficient com a combustible.</div></div>","T12_-_Installacions","16209"
"<div style=""text-align: left; font-family: -apple-system, sans-serif;""><div style=""font-size: 11px; color: #888; margin-bottom: 6px;"">[T12 - Instal·lacions] Pregunta 410</div><div style=""font-weight: bold; font-size: 16px; margin-bottom: 14px; line-height: 1.4;"">Què passa davant un defecte d’aïllament si la massa està ben connectada a terra?</div><div style=""font-size: 14px; line-height: 1.6;""><div style=""padding: 5px 0;""><b>A)</b> El corrent de defecte va a terra i el diferencial pot disparar sense que ningú toqui la massa.</div><div style=""padding: 5px 0;""><b>B)</b> El diferencial espera que una persona toqui la massa abans de poder actuar.</div><div style=""padding: 5px 0;""><b>C)</b> El corrent de defecte retorna íntegrament pel neutre i no hi ha desequilibri.</div><div style=""padding: 5px 0;""><b>D)</b> La massa queda aïllada de terra i el magnetotèrmic assumeix la protecció de persones.</div></div></div>","<div style=""text-align: left; font-family: -apple-system, sans-serif;""><div style=""font-weight: bold; font-size: 16px; color: #10b981; margin-bottom: 8px;"">✓ Resposta Correcta: A</div><div style=""font-size: 14px; margin-bottom: 12px; padding: 10px; background: rgba(16,185,129,0.1); border-radius: 6px; border-left: 4px solid #10b981;"">A) El corrent de defecte va a terra i el diferencial pot disparar sense que ningú toqui la massa.</div><hr style=""border: 0; border-top: 1px solid #ddd; margin: 12px 0;""><div style=""font-size: 13px; color: #444; line-height: 1.4;""><b style=""color: #111;"">Explicació:</b> Una bona connexió a terra crea immediatament el camí de fuga necessari perquè el diferencial detecti el desequilibri.</div></div>","T12_-_Installacions","15991"
"<div style=""text-align: left; font-family: -apple-system, sans-serif;""><div style=""font-size: 11px; color: #888; margin-bottom: 6px;"">[T12 - Instal·lacions] Pregunta 411</div><div style=""font-weight: bold; font-size: 16px; margin-bottom: 14px; line-height: 1.4;"">Què cal fer amb un fusible després que hagi actuat correctament?</div><div style=""font-size: 14px; line-height: 1.6;""><div style=""padding: 5px 0;""><b>A)</b> Restablir-lo prement el botó de test.</div><div style=""padding: 5px 0;""><b>B)</b> Rearmar-lo amb una palanca.</div><div style=""padding: 5px 0;""><b>C)</b> Substituir-lo per un fusible adequat.</div><div style=""padding: 5px 0;""><b>D)</b> Esperar que es refredi perquè recuperi la continuïtat.</div></div></div>","<div style=""text-align: left; font-family: -apple-system, sans-serif;""><div style=""font-weight: bold; font-size: 16px; color: #10b981; margin-bottom: 8px;"">✓ Resposta Correcta: C</div><div style=""font-size: 14px; margin-bottom: 12px; padding: 10px; background: rgba(16,185,129,0.1); border-radius: 6px; border-left: 4px solid #10b981;"">C) Substituir-lo per un fusible adequat.</div><hr style=""border: 0; border-top: 1px solid #ddd; margin: 12px 0;""><div style=""font-size: 13px; color: #444; line-height: 1.4;""><b style=""color: #111;"">Explicació:</b> El fusible és d’un sol ús: després de fondre’s no es pot rearmar.</div></div>","T12_-_Installacions","15937"
"<div style=""text-align: left; font-family: -apple-system, sans-serif;""><div style=""font-size: 11px; color: #888; margin-bottom: 6px;"">[T12 - Instal·lacions] Pregunta 412</div><div style=""font-weight: bold; font-size: 16px; margin-bottom: 14px; line-height: 1.4;"">Quines fonts s’han de considerar en desconnectar una instal·lació elèctrica?</div><div style=""font-size: 14px; line-height: 1.6;""><div style=""padding: 5px 0;""><b>A)</b> Xarxa, màquina, quadre, bateria i qualsevol altra font possible.</div><div style=""padding: 5px 0;""><b>B)</b> La font principal que alimenta la zona, deixant les fonts auxiliars per a la comprovació posterior.</div><div style=""padding: 5px 0;""><b>C)</b> Xarxa i màquina, deixant les fonts internes per a la verificació posterior.</div><div style=""padding: 5px 0;""><b>D)</b> Xarxa i quadre general, però no bateries si el circuit principal està obert.</div></div></div>","<div style=""text-align: left; font-family: -apple-system, sans-serif;""><div style=""font-weight: bold; font-size: 16px; color: #10b981; margin-bottom: 8px;"">✓ Resposta Correcta: A</div><div style=""font-size: 14px; margin-bottom: 12px; padding: 10px; background: rgba(16,185,129,0.1); border-radius: 6px; border-left: 4px solid #10b981;"">A) Xarxa, màquina, quadre, bateria i qualsevol altra font possible.</div><hr style=""border: 0; border-top: 1px solid #ddd; margin: 12px 0;""><div style=""font-size: 13px; color: #444; line-height: 1.4;""><b style=""color: #111;"">Explicació:</b> La desconnexió ha d’incloure qualsevol font capaç de mantenir o restablir tensió.</div></div>","T12_-_Installacions","16054"
"<div style=""text-align: left; font-family: -apple-system, sans-serif;""><div style=""font-size: 11px; color: #888; margin-bottom: 6px;"">[T12 - Instal·lacions] Pregunta 413</div><div style=""font-weight: bold; font-size: 16px; margin-bottom: 14px; line-height: 1.4;"">A partir de quina potència s’indica conducte d’evacuació en un aparell de gas?</div><div style=""font-size: 14px; line-height: 1.6;""><div style=""padding: 5px 0;""><b>A)</b> 7,4 kW.</div><div style=""padding: 5px 0;""><b>B)</b> 5,5 kW.</div><div style=""padding: 5px 0;""><b>C)</b> 3,5 kW.</div><div style=""padding: 5px 0;""><b>D)</b> 4,7 kW.</div></div></div>","<div style=""text-align: left; font-family: -apple-system, sans-serif;""><div style=""font-weight: bold; font-size: 16px; color: #10b981; margin-bottom: 8px;"">✓ Resposta Correcta: D</div><div style=""font-size: 14px; margin-bottom: 12px; padding: 10px; background: rgba(16,185,129,0.1); border-radius: 6px; border-left: 4px solid #10b981;"">D) 4,7 kW.</div><hr style=""border: 0; border-top: 1px solid #ddd; margin: 12px 0;""><div style=""font-size: 13px; color: #444; line-height: 1.4;""><b style=""color: #111;"">Explicació:</b> Els conductes són obligatoris en els aparells indicats amb potència igual o superior a 4,7 kW.</div></div>","T12_-_Installacions","18883"
"<div style=""text-align: left; font-family: -apple-system, sans-serif;""><div style=""font-size: 11px; color: #888; margin-bottom: 6px;"">[T12 - Instal·lacions] Pregunta 414</div><div style=""font-weight: bold; font-size: 16px; margin-bottom: 14px; line-height: 1.4;"">En un edifici plurifamiliar, què es considera instal·lació receptora?</div><div style=""font-size: 14px; line-height: 1.6;""><div style=""padding: 5px 0;""><b>A)</b> La caixa general de protecció comuna.</div><div style=""padding: 5px 0;""><b>B)</b> La centralització de comptadors.</div><div style=""padding: 5px 0;""><b>C)</b> La línia general d’alimentació de l’edifici.</div><div style=""padding: 5px 0;""><b>D)</b> Cada habitatge i cada local.</div></div></div>","<div style=""text-align: left; font-family: -apple-system, sans-serif;""><div style=""font-weight: bold; font-size: 16px; color: #10b981; margin-bottom: 8px;"">✓ Resposta Correcta: D</div><div style=""font-size: 14px; margin-bottom: 12px; padding: 10px; background: rgba(16,185,129,0.1); border-radius: 6px; border-left: 4px solid #10b981;"">D) Cada habitatge i cada local.</div><hr style=""border: 0; border-top: 1px solid #ddd; margin: 12px 0;""><div style=""font-size: 13px; color: #444; line-height: 1.4;""><b style=""color: #111;"">Explicació:</b> Cada habitatge i local constitueix una instal·lació receptora pròpia dins d’un edifici plurifamiliar.</div></div>","T12_-_Installacions","15905"
"<div style=""text-align: left; font-family: -apple-system, sans-serif;""><div style=""font-size: 11px; color: #888; margin-bottom: 6px;"">[T12 - Instal·lacions] Pregunta 415</div><div style=""font-weight: bold; font-size: 16px; margin-bottom: 14px; line-height: 1.4;"">Davant quines fallades protegeix principalment un fusible?</div><div style=""font-size: 14px; line-height: 1.6;""><div style=""padding: 5px 0;""><b>A)</b> Baixades de tensió i desequilibris de fase.</div><div style=""padding: 5px 0;""><b>B)</b> Fugues a terra i contactes indirectes.</div><div style=""padding: 5px 0;""><b>C)</b> Sobrecàrregues i curtcircuits.</div><div style=""padding: 5px 0;""><b>D)</b> Sobretensions transitòries i permanents.</div></div></div>","<div style=""text-align: left; font-family: -apple-system, sans-serif;""><div style=""font-weight: bold; font-size: 16px; color: #10b981; margin-bottom: 8px;"">✓ Resposta Correcta: C</div><div style=""font-size: 14px; margin-bottom: 12px; padding: 10px; background: rgba(16,185,129,0.1); border-radius: 6px; border-left: 4px solid #10b981;"">C) Sobrecàrregues i curtcircuits.</div><hr style=""border: 0; border-top: 1px solid #ddd; margin: 12px 0;""><div style=""font-size: 13px; color: #444; line-height: 1.4;""><b style=""color: #111;"">Explicació:</b> Els fusibles són proteccions contra sobreintensitats: sobrecàrregues i curtcircuits.</div></div>","T12_-_Installacions","15936"
"<div style=""text-align: left; font-family: -apple-system, sans-serif;""><div style=""font-size: 11px; color: #888; margin-bottom: 6px;"">[T12 - Instal·lacions] Pregunta 416</div><div style=""font-weight: bold; font-size: 16px; margin-bottom: 14px; line-height: 1.4;"">Quina durada és típica d’una sobretensió transitòria?</div><div style=""font-size: 14px; line-height: 1.6;""><div style=""padding: 5px 0;""><b>A)</b> De diverses hores.</div><div style=""padding: 5px 0;""><b>B)</b> Fins que es rearma el diferencial.</div><div style=""padding: 5px 0;""><b>C)</b> De diversos minuts.</div><div style=""padding: 5px 0;""><b>D)</b> De l’ordre de mil·lisegons.</div></div></div>","<div style=""text-align: left; font-family: -apple-system, sans-serif;""><div style=""font-weight: bold; font-size: 16px; color: #10b981; margin-bottom: 8px;"">✓ Resposta Correcta: D</div><div style=""font-size: 14px; margin-bottom: 12px; padding: 10px; background: rgba(16,185,129,0.1); border-radius: 6px; border-left: 4px solid #10b981;"">D) De l’ordre de mil·lisegons.</div><hr style=""border: 0; border-top: 1px solid #ddd; margin: 12px 0;""><div style=""font-size: 13px; color: #444; line-height: 1.4;""><b style=""color: #111;"">Explicació:</b> Els transitoris són fenòmens molt ràpids, habitualment de mil·lisegons.</div></div>","T12_-_Installacions","15997"
"<div style=""text-align: left; font-family: -apple-system, sans-serif;""><div style=""font-size: 11px; color: #888; margin-bottom: 6px;"">[T12 - Instal·lacions] Pregunta 417</div><div style=""font-weight: bold; font-size: 16px; margin-bottom: 14px; line-height: 1.4;"">De quins recursos depèn una instal·lació aïllada?</div><div style=""font-size: 14px; line-height: 1.6;""><div style=""padding: 5px 0;""><b>A)</b> De la xarxa principal i d’un sistema d’acumulació.</div><div style=""padding: 5px 0;""><b>B)</b> D’una xarxa de distribució pròpia sense generació local.</div><div style=""padding: 5px 0;""><b>C)</b> De fonts pròpies i d’una connexió permanent a la xarxa.</div><div style=""padding: 5px 0;""><b>D)</b> De fonts pròpies de generació i, sovint, de sistemes d’acumulació.</div></div></div>","<div style=""text-align: left; font-family: -apple-system, sans-serif;""><div style=""font-weight: bold; font-size: 16px; color: #10b981; margin-bottom: 8px;"">✓ Resposta Correcta: D</div><div style=""font-size: 14px; margin-bottom: 12px; padding: 10px; background: rgba(16,185,129,0.1); border-radius: 6px; border-left: 4px solid #10b981;"">D) De fonts pròpies de generació i, sovint, de sistemes d’acumulació.</div><hr style=""border: 0; border-top: 1px solid #ddd; margin: 12px 0;""><div style=""font-size: 13px; color: #444; line-height: 1.4;""><b style=""color: #111;"">Explicació:</b> Com que no depèn de la xarxa principal, una instal·lació aïllada necessita generació pròpia i sovint acumulació.</div></div>","T12_-_Installacions","15709"
"<div style=""text-align: left; font-family: -apple-system, sans-serif;""><div style=""font-size: 11px; color: #888; margin-bottom: 6px;"">[T12 - Instal·lacions] Pregunta 418</div><div style=""font-weight: bold; font-size: 16px; margin-bottom: 14px; line-height: 1.4;"">Quin objectiu tenen les cinc regles d’or en una instal·lació elèctrica?</div><div style=""font-size: 14px; line-height: 1.6;""><div style=""padding: 5px 0;""><b>A)</b> Assegurar que queda desconnectada, protegida i controlada abans de treballar-hi.</div><div style=""padding: 5px 0;""><b>B)</b> Reduir la tensió de servei fins a un valor compatible amb les eines disponibles.</div><div style=""padding: 5px 0;""><b>C)</b> Garantir que les proteccions automàtiques actuïn abans que l’operari pugui rebre corrent.</div><div style=""padding: 5px 0;""><b>D)</b> Mantenir alimentats els circuits essencials mentre s’aïlla únicament la zona de treball.</div></div></div>","<div style=""text-align: left; font-family: -apple-system, sans-serif;""><div style=""font-weight: bold; font-size: 16px; color: #10b981; margin-bottom: 8px;"">✓ Resposta Correcta: A</div><div style=""font-size: 14px; margin-bottom: 12px; padding: 10px; background: rgba(16,185,129,0.1); border-radius: 6px; border-left: 4px solid #10b981;"">A) Assegurar que queda desconnectada, protegida i controlada abans de treballar-hi.</div><hr style=""border: 0; border-top: 1px solid #ddd; margin: 12px 0;""><div style=""font-size: 13px; color: #444; line-height: 1.4;""><b style=""color: #111;"">Explicació:</b> Les regles estableixen un procediment de posada en seguretat abans de la intervenció.</div></div>","T12_-_Installacions","16051"
"<div style=""text-align: left; font-family: -apple-system, sans-serif;""><div style=""font-size: 11px; color: #888; margin-bottom: 6px;"">[T12 - Instal·lacions] Pregunta 419</div><div style=""font-weight: bold; font-size: 16px; margin-bottom: 14px; line-height: 1.4;"">Cada quina distància s’han de situar les sortides de ventilació del clavegueram?</div><div style=""font-size: 14px; line-height: 1.6;""><div style=""padding: 5px 0;""><b>A)</b> Cada 500 m.</div><div style=""padding: 5px 0;""><b>B)</b> Cada 250 m.</div><div style=""padding: 5px 0;""><b>C)</b> Cada 300 m.</div><div style=""padding: 5px 0;""><b>D)</b> Cada 150 m.</div></div></div>","<div style=""text-align: left; font-family: -apple-system, sans-serif;""><div style=""font-weight: bold; font-size: 16px; color: #10b981; margin-bottom: 8px;"">✓ Resposta Correcta: B</div><div style=""font-size: 14px; margin-bottom: 12px; padding: 10px; background: rgba(16,185,129,0.1); border-radius: 6px; border-left: 4px solid #10b981;"">B) Cada 250 m.</div><hr style=""border: 0; border-top: 1px solid #ddd; margin: 12px 0;""><div style=""font-size: 13px; color: #444; line-height: 1.4;""><b style=""color: #111;"">Explicació:</b> La separació indicada entre sortides de ventilació és de 250 metres.</div></div>","T12_-_Installacions","16173"
"<div style=""text-align: left; font-family: -apple-system, sans-serif;""><div style=""font-size: 11px; color: #888; margin-bottom: 6px;"">[T12 - Instal·lacions] Pregunta 420</div><div style=""font-weight: bold; font-size: 16px; margin-bottom: 14px; line-height: 1.4;"">Què provoca internament el botó Test d’un diferencial?</div><div style=""font-size: 14px; line-height: 1.6;""><div style=""padding: 5px 0;""><b>A)</b> Una sobretensió permanent controlada.</div><div style=""padding: 5px 0;""><b>B)</b> Un curtcircuit directe entre fase i neutre.</div><div style=""padding: 5px 0;""><b>C)</b> Una desconnexió mecànica sense circulació de corrent.</div><div style=""padding: 5px 0;""><b>D)</b> Una petita fuga de corrent temporal.</div></div></div>","<div style=""text-align: left; font-family: -apple-system, sans-serif;""><div style=""font-weight: bold; font-size: 16px; color: #10b981; margin-bottom: 8px;"">✓ Resposta Correcta: D</div><div style=""font-size: 14px; margin-bottom: 12px; padding: 10px; background: rgba(16,185,129,0.1); border-radius: 6px; border-left: 4px solid #10b981;"">D) Una petita fuga de corrent temporal.</div><hr style=""border: 0; border-top: 1px solid #ddd; margin: 12px 0;""><div style=""font-size: 13px; color: #444; line-height: 1.4;""><b style=""color: #111;"">Explicació:</b> El circuit de test crea intencionadament un petit desequilibri perquè el diferencial actuï.</div></div>","T12_-_Installacions","15985"
"<div style=""text-align: left; font-family: -apple-system, sans-serif;""><div style=""font-size: 11px; color: #888; margin-bottom: 6px;"">[T12 - Instal·lacions] Pregunta 421</div><div style=""font-weight: bold; font-size: 16px; margin-bottom: 14px; line-height: 1.4;"">Quina funció té l’IGA en una instal·lació interior domèstica?</div><div style=""font-size: 14px; line-height: 1.6;""><div style=""padding: 5px 0;""><b>A)</b> Desviar a terra les sobretensions transitòries.</div><div style=""padding: 5px 0;""><b>B)</b> Detectar fugues a terra de cada circuit individual.</div><div style=""padding: 5px 0;""><b>C)</b> Protegir el conjunt de la instal·lació mitjançant un magnetotèrmic general.</div><div style=""padding: 5px 0;""><b>D)</b> Mesurar el consum i facturar l’energia de l’habitatge.</div></div></div>","<div style=""text-align: left; font-family: -apple-system, sans-serif;""><div style=""font-weight: bold; font-size: 16px; color: #10b981; margin-bottom: 8px;"">✓ Resposta Correcta: C</div><div style=""font-size: 14px; margin-bottom: 12px; padding: 10px; background: rgba(16,185,129,0.1); border-radius: 6px; border-left: 4px solid #10b981;"">C) Protegir el conjunt de la instal·lació mitjançant un magnetotèrmic general.</div><hr style=""border: 0; border-top: 1px solid #ddd; margin: 12px 0;""><div style=""font-size: 13px; color: #444; line-height: 1.4;""><b style=""color: #111;"">Explicació:</b> L’IGA és el magnetotèrmic general situat al principi del quadre interior.</div></div>","T12_-_Installacions","15968"
"<div style=""text-align: left; font-family: -apple-system, sans-serif;""><div style=""font-size: 11px; color: #888; margin-bottom: 6px;"">[T12 - Instal·lacions] Pregunta 422</div><div style=""font-weight: bold; font-size: 16px; margin-bottom: 14px; line-height: 1.4;"">Què permet la cambra d’extinció d’arc d’un magnetotèrmic?</div><div style=""font-size: 14px; line-height: 1.6;""><div style=""padding: 5px 0;""><b>A)</b> Obrir circuits sota càrrega amb seguretat.</div><div style=""padding: 5px 0;""><b>B)</b> Reconnectar automàticament el circuit després de la fallada.</div><div style=""padding: 5px 0;""><b>C)</b> Desviar a terra una sobretensió transitòria.</div><div style=""padding: 5px 0;""><b>D)</b> Detectar una diferència de corrent entre fase i neutre.</div></div></div>","<div style=""text-align: left; font-family: -apple-system, sans-serif;""><div style=""font-weight: bold; font-size: 16px; color: #10b981; margin-bottom: 8px;"">✓ Resposta Correcta: A</div><div style=""font-size: 14px; margin-bottom: 12px; padding: 10px; background: rgba(16,185,129,0.1); border-radius: 6px; border-left: 4px solid #10b981;"">A) Obrir circuits sota càrrega amb seguretat.</div><hr style=""border: 0; border-top: 1px solid #ddd; margin: 12px 0;""><div style=""font-size: 13px; color: #444; line-height: 1.4;""><b style=""color: #111;"">Explicació:</b> La cambra està dissenyada per extingir l’arc que es forma durant l’obertura amb corrent.</div></div>","T12_-_Installacions","15959"
"<div style=""text-align: left; font-family: -apple-system, sans-serif;""><div style=""font-size: 11px; color: #888; margin-bottom: 6px;"">[T12 - Instal·lacions] Pregunta 423</div><div style=""font-weight: bold; font-size: 16px; margin-bottom: 14px; line-height: 1.4;"">Com s’han de dimensionar els col·lectors soterrats de sanejament?</div><div style=""font-size: 14px; line-height: 1.6;""><div style=""padding: 5px 0;""><b>A)</b> Amb dimensions adequades al cabal previst.</div><div style=""padding: 5px 0;""><b>B)</b> Amb el diàmetre mínim compatible amb el registre.</div><div style=""padding: 5px 0;""><b>C)</b> Amb un diàmetre uniforme per a tota la xarxa.</div><div style=""padding: 5px 0;""><b>D)</b> Amb la mateixa secció que els baixants.</div></div></div>","<div style=""text-align: left; font-family: -apple-system, sans-serif;""><div style=""font-weight: bold; font-size: 16px; color: #10b981; margin-bottom: 8px;"">✓ Resposta Correcta: A</div><div style=""font-size: 14px; margin-bottom: 12px; padding: 10px; background: rgba(16,185,129,0.1); border-radius: 6px; border-left: 4px solid #10b981;"">A) Amb dimensions adequades al cabal previst.</div><hr style=""border: 0; border-top: 1px solid #ddd; margin: 12px 0;""><div style=""font-size: 13px; color: #444; line-height: 1.4;""><b style=""color: #111;"">Explicació:</b> Els col·lectors s’han d’adaptar a les necessitats de desguàs.</div></div>","T12_-_Installacions","16180"
"<div style=""text-align: left; font-family: -apple-system, sans-serif;""><div style=""font-size: 11px; color: #888; margin-bottom: 6px;"">[T12 - Instal·lacions] Pregunta 424</div><div style=""font-weight: bold; font-size: 16px; margin-bottom: 14px; line-height: 1.4;"">Quin risc hi ha davant un defecte d’aïllament si la massa no té una bona presa de terra?</div><div style=""font-size: 14px; line-height: 1.6;""><div style=""padding: 5px 0;""><b>A)</b> El magnetotèrmic detecta sempre el defecte com un curtcircuit instantani.</div><div style=""padding: 5px 0;""><b>B)</b> La massa queda automàticament al mateix potencial que el neutre.</div><div style=""padding: 5px 0;""><b>C)</b> El diferencial dispara necessàriament abans que la massa adquireixi tensió.</div><div style=""padding: 5px 0;""><b>D)</b> El diferencial pot no disparar fins que una persona faci de camí cap a terra.</div></div></div>","<div style=""text-align: left; font-family: -apple-system, sans-serif;""><div style=""font-weight: bold; font-size: 16px; color: #10b981; margin-bottom: 8px;"">✓ Resposta Correcta: D</div><div style=""font-size: 14px; margin-bottom: 12px; padding: 10px; background: rgba(16,185,129,0.1); border-radius: 6px; border-left: 4px solid #10b981;"">D) El diferencial pot no disparar fins que una persona faci de camí cap a terra.</div><hr style=""border: 0; border-top: 1px solid #ddd; margin: 12px 0;""><div style=""font-size: 13px; color: #444; line-height: 1.4;""><b style=""color: #111;"">Explicació:</b> Sense un bon camí a terra, la fuga pot ser insuficient fins que apareix un contacte humà.</div></div>","T12_-_Installacions","15992"
"<div style=""text-align: left; font-family: -apple-system, sans-serif;""><div style=""font-size: 11px; color: #888; margin-bottom: 6px;"">[T12 - Instal·lacions] Pregunta 425</div><div style=""font-weight: bold; font-size: 16px; margin-bottom: 14px; line-height: 1.4;"">Fins a quina pressió poden operar els trams principals de distribució de gas?</div><div style=""font-size: 14px; line-height: 1.6;""><div style=""padding: 5px 0;""><b>A)</b> Fins a 6 bar.</div><div style=""padding: 5px 0;""><b>B)</b> Fins a 100 bar.</div><div style=""padding: 5px 0;""><b>C)</b> Fins a 16 bar.</div><div style=""padding: 5px 0;""><b>D)</b> Fins a 60 bar.</div></div></div>","<div style=""text-align: left; font-family: -apple-system, sans-serif;""><div style=""font-weight: bold; font-size: 16px; color: #10b981; margin-bottom: 8px;"">✓ Resposta Correcta: C</div><div style=""font-size: 14px; margin-bottom: 12px; padding: 10px; background: rgba(16,185,129,0.1); border-radius: 6px; border-left: 4px solid #10b981;"">C) Fins a 16 bar.</div><hr style=""border: 0; border-top: 1px solid #ddd; margin: 12px 0;""><div style=""font-size: 13px; color: #444; line-height: 1.4;""><b style=""color: #111;"">Explicació:</b> Els trams principals de distribució poden operar fins a 16 bar.</div></div>","T12_-_Installacions","16219"
"<div style=""text-align: left; font-family: -apple-system, sans-serif;""><div style=""font-size: 11px; color: #888; margin-bottom: 6px;"">[T12 - Instal·lacions] Pregunta 426</div><div style=""font-weight: bold; font-size: 16px; margin-bottom: 14px; line-height: 1.4;"">Per on han de passar preferentment els tubs d’alimentació d’aigua?</div><div style=""font-size: 14px; line-height: 1.6;""><div style=""padding: 5px 0;""><b>A)</b> Per patis privats.</div><div style=""padding: 5px 0;""><b>B)</b> Per l’interior dels habitatges.</div><div style=""padding: 5px 0;""><b>C)</b> Per zones comunes.</div><div style=""padding: 5px 0;""><b>D)</b> Per conductes de sanejament.</div></div></div>","<div style=""text-align: left; font-family: -apple-system, sans-serif;""><div style=""font-weight: bold; font-size: 16px; color: #10b981; margin-bottom: 8px;"">✓ Resposta Correcta: C</div><div style=""font-size: 14px; margin-bottom: 12px; padding: 10px; background: rgba(16,185,129,0.1); border-radius: 6px; border-left: 4px solid #10b981;"">C) Per zones comunes.</div><hr style=""border: 0; border-top: 1px solid #ddd; margin: 12px 0;""><div style=""font-size: 13px; color: #444; line-height: 1.4;""><b style=""color: #111;"">Explicació:</b> El recorregut s’ha de fer per zones comunes de l’edifici.</div></div>","T12_-_Installacions","16120"
"<div style=""text-align: left; font-family: -apple-system, sans-serif;""><div style=""font-size: 11px; color: #888; margin-bottom: 6px;"">[T12 - Instal·lacions] Pregunta 427</div><div style=""font-weight: bold; font-size: 16px; margin-bottom: 14px; line-height: 1.4;"">Quina característica diferencia el multímetre dels indicadors simples de tensió?</div><div style=""font-size: 14px; line-height: 1.6;""><div style=""padding: 5px 0;""><b>A)</b> Permet mesurar intensitat sense haver d’interrompre el conductor.</div><div style=""padding: 5px 0;""><b>B)</b> Permet treballar sense seleccionar la magnitud que es vol mesurar.</div><div style=""padding: 5px 0;""><b>C)</b> Permet detectar tensió sense cap contacte amb conductors.</div><div style=""padding: 5px 0;""><b>D)</b> Permet obtenir valors numèrics de les magnituds mesurades.</div></div></div>","<div style=""text-align: left; font-family: -apple-system, sans-serif;""><div style=""font-weight: bold; font-size: 16px; color: #10b981; margin-bottom: 8px;"">✓ Resposta Correcta: D</div><div style=""font-size: 14px; margin-bottom: 12px; padding: 10px; background: rgba(16,185,129,0.1); border-radius: 6px; border-left: 4px solid #10b981;"">D) Permet obtenir valors numèrics de les magnituds mesurades.</div><hr style=""border: 0; border-top: 1px solid #ddd; margin: 12px 0;""><div style=""font-size: 13px; color: #444; line-height: 1.4;""><b style=""color: #111;"">Explicació:</b> El multímetre és un instrument de mesura quantitativa i versàtil.</div></div>","T12_-_Installacions","16036"
"<div style=""text-align: left; font-family: -apple-system, sans-serif;""><div style=""font-size: 11px; color: #888; margin-bottom: 6px;"">[T12 - Instal·lacions] Pregunta 428</div><div style=""font-weight: bold; font-size: 16px; margin-bottom: 14px; line-height: 1.4;"">Per què és important conservar la clau d’un bloqueig durant una intervenció?</div><div style=""font-size: 14px; line-height: 1.6;""><div style=""padding: 5px 0;""><b>A)</b> Per poder activar el diferencial si es detecta tensió residual.</div><div style=""padding: 5px 0;""><b>B)</b> Per poder obrir el conductor de terra en cas de curtcircuit.</div><div style=""padding: 5px 0;""><b>C)</b> Per mantenir sota control la possibilitat de retirar el bloqueig i reconnectar.</div><div style=""padding: 5px 0;""><b>D)</b> Per canviar el rang del voltímetre sense interrompre la comprovació.</div></div></div>","<div style=""text-align: left; font-family: -apple-system, sans-serif;""><div style=""font-weight: bold; font-size: 16px; color: #10b981; margin-bottom: 8px;"">✓ Resposta Correcta: C</div><div style=""font-size: 14px; margin-bottom: 12px; padding: 10px; background: rgba(16,185,129,0.1); border-radius: 6px; border-left: 4px solid #10b981;"">C) Per mantenir sota control la possibilitat de retirar el bloqueig i reconnectar.</div><hr style=""border: 0; border-top: 1px solid #ddd; margin: 12px 0;""><div style=""font-size: 13px; color: #444; line-height: 1.4;""><b style=""color: #111;"">Explicació:</b> El control del bloqueig evita que tercers puguin restablir l’alimentació durant el treball.</div></div>","T12_-_Installacions","16061"
"<div style=""text-align: left; font-family: -apple-system, sans-serif;""><div style=""font-size: 11px; color: #888; margin-bottom: 6px;"">[T12 - Instal·lacions] Pregunta 429</div><div style=""font-weight: bold; font-size: 16px; margin-bottom: 14px; line-height: 1.4;"">Quina mesura física és adequada per impedir una reconnexió accidental?</div><div style=""font-size: 14px; line-height: 1.6;""><div style=""padding: 5px 0;""><b>A)</b> Bloquejar els dispositius de maniobra amb cadenats o sistemes de bloqueig.</div><div style=""padding: 5px 0;""><b>B)</b> Retirar temporalment el conductor de terra de la instal·lació.</div><div style=""padding: 5px 0;""><b>C)</b> Seleccionar el rang màxim del voltímetre abans de començar el treball.</div><div style=""padding: 5px 0;""><b>D)</b> Mantenir premut el botó de test del diferencial durant la intervenció.</div></div></div>","<div style=""text-align: left; font-family: -apple-system, sans-serif;""><div style=""font-weight: bold; font-size: 16px; color: #10b981; margin-bottom: 8px;"">✓ Resposta Correcta: A</div><div style=""font-size: 14px; margin-bottom: 12px; padding: 10px; background: rgba(16,185,129,0.1); border-radius: 6px; border-left: 4px solid #10b981;"">A) Bloquejar els dispositius de maniobra amb cadenats o sistemes de bloqueig.</div><hr style=""border: 0; border-top: 1px solid #ddd; margin: 12px 0;""><div style=""font-size: 13px; color: #444; line-height: 1.4;""><b style=""color: #111;"">Explicació:</b> El bloqueig mecànic evita que una altra persona o un automatisme torni a alimentar el circuit.</div></div>","T12_-_Installacions","16058"
"<div style=""text-align: left; font-family: -apple-system, sans-serif;""><div style=""font-size: 11px; color: #888; margin-bottom: 6px;"">[T12 - Instal·lacions] Pregunta 430</div><div style=""font-weight: bold; font-size: 16px; margin-bottom: 14px; line-height: 1.4;"">Quina funció tenen els interruptors en el primer pas de les cinc regles d’or?</div><div style=""font-size: 14px; line-height: 1.6;""><div style=""padding: 5px 0;""><b>A)</b> Confirmar que no queda tensió residual als conductors.</div><div style=""padding: 5px 0;""><b>B)</b> Evitar mecànicament qualsevol reconnexió posterior.</div><div style=""padding: 5px 0;""><b>C)</b> Tallar el pas del corrent des de les fonts d’alimentació.</div><div style=""padding: 5px 0;""><b>D)</b> Connectar automàticament la instal·lació a terra.</div></div></div>","<div style=""text-align: left; font-family: -apple-system, sans-serif;""><div style=""font-weight: bold; font-size: 16px; color: #10b981; margin-bottom: 8px;"">✓ Resposta Correcta: C</div><div style=""font-size: 14px; margin-bottom: 12px; padding: 10px; background: rgba(16,185,129,0.1); border-radius: 6px; border-left: 4px solid #10b981;"">C) Tallar el pas del corrent des de les fonts d’alimentació.</div><hr style=""border: 0; border-top: 1px solid #ddd; margin: 12px 0;""><div style=""font-size: 13px; color: #444; line-height: 1.4;""><b style=""color: #111;"">Explicació:</b> Els dispositius de maniobra s’utilitzen per interrompre l’alimentació abans de continuar el procediment.</div></div>","T12_-_Installacions","16055"
"<div style=""text-align: left; font-family: -apple-system, sans-serif;""><div style=""font-size: 11px; color: #888; margin-bottom: 6px;"">[T12 - Instal·lacions] Pregunta 431</div><div style=""font-weight: bold; font-size: 16px; margin-bottom: 14px; line-height: 1.4;"">Quina diferència funcional hi ha entre l’IGA i els PIAs?</div><div style=""font-size: 14px; line-height: 1.6;""><div style=""padding: 5px 0;""><b>A)</b> L’IGA protegeix de sobretensions; els PIAs mesuren el consum.</div><div style=""padding: 5px 0;""><b>B)</b> L’IGA detecta fuites a terra; els PIAs limiten la potència contractada.</div><div style=""padding: 5px 0;""><b>C)</b> L’IGA protegeix un circuit individual; els PIAs protegeixen tota la instal·lació.</div><div style=""padding: 5px 0;""><b>D)</b> L’IGA protegeix el conjunt de la instal·lació; els PIAs protegeixen circuits individuals.</div></div></div>","<div style=""text-align: left; font-family: -apple-system, sans-serif;""><div style=""font-weight: bold; font-size: 16px; color: #10b981; margin-bottom: 8px;"">✓ Resposta Correcta: D</div><div style=""font-size: 14px; margin-bottom: 12px; padding: 10px; background: rgba(16,185,129,0.1); border-radius: 6px; border-left: 4px solid #10b981;"">D) L’IGA protegeix el conjunt de la instal·lació; els PIAs protegeixen circuits individuals.</div><hr style=""border: 0; border-top: 1px solid #ddd; margin: 12px 0;""><div style=""font-size: 13px; color: #444; line-height: 1.4;""><b style=""color: #111;"">Explicació:</b> Tant l’IGA com els PIAs actuen davant de sobrecàrregues i curtcircuits, però ho fan sobre àmbits diferents.</div></div>","T12_-_Installacions","15920"
"<div style=""text-align: left; font-family: -apple-system, sans-serif;""><div style=""font-size: 11px; color: #888; margin-bottom: 6px;"">[T12 - Instal·lacions] Pregunta 432</div><div style=""font-weight: bold; font-size: 16px; margin-bottom: 14px; line-height: 1.4;"">Quina fallada detecta principalment un interruptor diferencial?</div><div style=""font-size: 14px; line-height: 1.6;""><div style=""padding: 5px 0;""><b>A)</b> Una sobrecàrrega mantinguda en el conductor.</div><div style=""padding: 5px 0;""><b>B)</b> Una sobretensió permanent de la xarxa.</div><div style=""padding: 5px 0;""><b>C)</b> Un curtcircuit entre fase i neutre.</div><div style=""padding: 5px 0;""><b>D)</b> Una fuga de corrent cap a terra.</div></div></div>","<div style=""text-align: left; font-family: -apple-system, sans-serif;""><div style=""font-weight: bold; font-size: 16px; color: #10b981; margin-bottom: 8px;"">✓ Resposta Correcta: D</div><div style=""font-size: 14px; margin-bottom: 12px; padding: 10px; background: rgba(16,185,129,0.1); border-radius: 6px; border-left: 4px solid #10b981;"">D) Una fuga de corrent cap a terra.</div><hr style=""border: 0; border-top: 1px solid #ddd; margin: 12px 0;""><div style=""font-size: 13px; color: #444; line-height: 1.4;""><b style=""color: #111;"">Explicació:</b> El diferencial actua quan detecta un desequilibri entre el corrent que entra i el que retorna.</div></div>","T12_-_Installacions","15971"
"<div style=""text-align: left; font-family: -apple-system, sans-serif;""><div style=""font-size: 11px; color: #888; margin-bottom: 6px;"">[T12 - Instal·lacions] Pregunta 433</div><div style=""font-weight: bold; font-size: 16px; margin-bottom: 14px; line-height: 1.4;"">Com s’utilitza un detector de tensió sense contacte sobre un cable?</div><div style=""font-size: 14px; line-height: 1.6;""><div style=""padding: 5px 0;""><b>A)</b> Es tanca el circuit tocant una part metàl·lica de l’aparell amb el dit.</div><div style=""padding: 5px 0;""><b>B)</b> S’abraça el cable completament amb una mordassa.</div><div style=""padding: 5px 0;""><b>C)</b> Es posa una punta sobre el conductor i una altra sobre el neutre.</div><div style=""padding: 5px 0;""><b>D)</b> S’aproxima al cable sense tocar-ne el conductor nu.</div></div></div>","<div style=""text-align: left; font-family: -apple-system, sans-serif;""><div style=""font-weight: bold; font-size: 16px; color: #10b981; margin-bottom: 8px;"">✓ Resposta Correcta: D</div><div style=""font-size: 14px; margin-bottom: 12px; padding: 10px; background: rgba(16,185,129,0.1); border-radius: 6px; border-left: 4px solid #10b981;"">D) S’aproxima al cable sense tocar-ne el conductor nu.</div><hr style=""border: 0; border-top: 1px solid #ddd; margin: 12px 0;""><div style=""font-size: 13px; color: #444; line-height: 1.4;""><b style=""color: #111;"">Explicació:</b> La seva característica principal és detectar el camp associat a la tensió sense contacte directe amb el metall conductor.</div></div>","T12_-_Installacions","16013"
"<div style=""text-align: left; font-family: -apple-system, sans-serif;""><div style=""font-size: 11px; color: #888; margin-bottom: 6px;"">[T12 - Instal·lacions] Pregunta 434</div><div style=""font-weight: bold; font-size: 16px; margin-bottom: 14px; line-height: 1.4;"">Quina situació pot originar una fuga a terra detectable per un diferencial?</div><div style=""font-size: 14px; line-height: 1.6;""><div style=""padding: 5px 0;""><b>A)</b> Un magnetotèrmic que obre manualment un circuit amb càrrega.</div><div style=""padding: 5px 0;""><b>B)</b> Una persona que toca una part defectuosa posada accidentalment en tensió.</div><div style=""padding: 5px 0;""><b>C)</b> Un receptor que consumeix el seu corrent nominal.</div><div style=""padding: 5px 0;""><b>D)</b> Un fusible fos instal·lat dins del seu portafusibles.</div></div></div>","<div style=""text-align: left; font-family: -apple-system, sans-serif;""><div style=""font-weight: bold; font-size: 16px; color: #10b981; margin-bottom: 8px;"">✓ Resposta Correcta: B</div><div style=""font-size: 14px; margin-bottom: 12px; padding: 10px; background: rgba(16,185,129,0.1); border-radius: 6px; border-left: 4px solid #10b981;"">B) Una persona que toca una part defectuosa posada accidentalment en tensió.</div><hr style=""border: 0; border-top: 1px solid #ddd; margin: 12px 0;""><div style=""font-size: 13px; color: #444; line-height: 1.4;""><b style=""color: #111;"">Explicació:</b> El contacte amb una massa en tensió pot crear un camí de corrent cap a terra.</div></div>","T12_-_Installacions","15973"
"<div style=""text-align: left; font-family: -apple-system, sans-serif;""><div style=""font-size: 11px; color: #888; margin-bottom: 6px;"">[T12 - Instal·lacions] Pregunta 435</div><div style=""font-weight: bold; font-size: 16px; margin-bottom: 14px; line-height: 1.4;"">Què passa amb la pressió del gas a mesura que s’acosta als usuaris?</div><div style=""font-size: 14px; line-height: 1.6;""><div style=""padding: 5px 0;""><b>A)</b> Augmenta progressivament.</div><div style=""padding: 5px 0;""><b>B)</b> Es manté per sobre de 60 bar.</div><div style=""padding: 5px 0;""><b>C)</b> Es converteix en pressió negativa.</div><div style=""padding: 5px 0;""><b>D)</b> Es redueix progressivament.</div></div></div>","<div style=""text-align: left; font-family: -apple-system, sans-serif;""><div style=""font-weight: bold; font-size: 16px; color: #10b981; margin-bottom: 8px;"">✓ Resposta Correcta: D</div><div style=""font-size: 14px; margin-bottom: 12px; padding: 10px; background: rgba(16,185,129,0.1); border-radius: 6px; border-left: 4px solid #10b981;"">D) Es redueix progressivament.</div><hr style=""border: 0; border-top: 1px solid #ddd; margin: 12px 0;""><div style=""font-size: 13px; color: #444; line-height: 1.4;""><b style=""color: #111;"">Explicació:</b> La pressió es redueix amb equips de regulació a mesura que el gas s’acosta al consum.</div></div>","T12_-_Installacions","16220"
"<div style=""text-align: left; font-family: -apple-system, sans-serif;""><div style=""font-size: 11px; color: #888; margin-bottom: 6px;"">[T12 - Instal·lacions] Pregunta 436</div><div style=""font-weight: bold; font-size: 16px; margin-bottom: 14px; line-height: 1.4;"">Quin objectiu té la ventilació del clavegueram?</div><div style=""font-size: 14px; line-height: 1.6;""><div style=""padding: 5px 0;""><b>A)</b> Separar les aigües residuals de les pluvials.</div><div style=""padding: 5px 0;""><b>B)</b> Evitar l’acumulació de gasos i mantenir condicions sanitàries.</div><div style=""padding: 5px 0;""><b>C)</b> Augmentar la velocitat del cabal als col·lectors.</div><div style=""padding: 5px 0;""><b>D)</b> Refredar les canonades enterrades.</div></div></div>","<div style=""text-align: left; font-family: -apple-system, sans-serif;""><div style=""font-weight: bold; font-size: 16px; color: #10b981; margin-bottom: 8px;"">✓ Resposta Correcta: B</div><div style=""font-size: 14px; margin-bottom: 12px; padding: 10px; background: rgba(16,185,129,0.1); border-radius: 6px; border-left: 4px solid #10b981;"">B) Evitar l’acumulació de gasos i mantenir condicions sanitàries.</div><hr style=""border: 0; border-top: 1px solid #ddd; margin: 12px 0;""><div style=""font-size: 13px; color: #444; line-height: 1.4;""><b style=""color: #111;"">Explicació:</b> La ventilació facilita l’evacuació de gasos produïts al sistema.</div></div>","T12_-_Installacions","16171"
"<div style=""text-align: left; font-family: -apple-system, sans-serif;""><div style=""font-size: 11px; color: #888; margin-bottom: 6px;"">[T12 - Instal·lacions] Pregunta 437</div><div style=""font-weight: bold; font-size: 16px; margin-bottom: 14px; line-height: 1.4;"">Quina funció té un pou de registre del clavegueram?</div><div style=""font-size: 14px; line-height: 1.6;""><div style=""padding: 5px 0;""><b>A)</b> Ventilar els baixants de l’edifici.</div><div style=""padding: 5px 0;""><b>B)</b> Separar les aigües grises de les negres.</div><div style=""padding: 5px 0;""><b>C)</b> Impulsar l’aigua quan falta pendent.</div><div style=""padding: 5px 0;""><b>D)</b> Donar accés a la xarxa per inspecció i manteniment.</div></div></div>","<div style=""text-align: left; font-family: -apple-system, sans-serif;""><div style=""font-weight: bold; font-size: 16px; color: #10b981; margin-bottom: 8px;"">✓ Resposta Correcta: D</div><div style=""font-size: 14px; margin-bottom: 12px; padding: 10px; background: rgba(16,185,129,0.1); border-radius: 6px; border-left: 4px solid #10b981;"">D) Donar accés a la xarxa per inspecció i manteniment.</div><hr style=""border: 0; border-top: 1px solid #ddd; margin: 12px 0;""><div style=""font-size: 13px; color: #444; line-height: 1.4;""><b style=""color: #111;"">Explicació:</b> El pou de registre permet accedir físicament a les conduccions enterrades.</div></div>","T12_-_Installacions","16161"
"<div style=""text-align: left; font-family: -apple-system, sans-serif;""><div style=""font-size: 11px; color: #888; margin-bottom: 6px;"">[T12 - Instal·lacions] Pregunta 438</div><div style=""font-weight: bold; font-size: 16px; margin-bottom: 14px; line-height: 1.4;"">Quin ordre de menor a major tensió ferroviària és correcte?</div><div style=""font-size: 14px; line-height: 1.6;""><div style=""padding: 5px 0;""><b>A)</b> TRAM, Metro/FGC, ADIF convencional i AVE.</div><div style=""padding: 5px 0;""><b>B)</b> AVE, ADIF convencional, Metro/FGC i TRAM.</div><div style=""padding: 5px 0;""><b>C)</b> Metro/FGC, TRAM, ADIF convencional i AVE.</div><div style=""padding: 5px 0;""><b>D)</b> TRAM, ADIF convencional, Metro/FGC i AVE.</div></div></div>","<div style=""text-align: left; font-family: -apple-system, sans-serif;""><div style=""font-weight: bold; font-size: 16px; color: #10b981; margin-bottom: 8px;"">✓ Resposta Correcta: A</div><div style=""font-size: 14px; margin-bottom: 12px; padding: 10px; background: rgba(16,185,129,0.1); border-radius: 6px; border-left: 4px solid #10b981;"">A) TRAM, Metro/FGC, ADIF convencional i AVE.</div><hr style=""border: 0; border-top: 1px solid #ddd; margin: 12px 0;""><div style=""font-size: 13px; color: #444; line-height: 1.4;""><b style=""color: #111;"">Explicació:</b> Les tensions augmenten de 750 V DC al TRAM, 1.500 V DC al Metro/FGC, 3.000 V DC a ADIF i 25.000 V AC a l’AVE.</div></div>","T12_-_Installacions","15746"
"<div style=""text-align: left; font-family: -apple-system, sans-serif;""><div style=""font-size: 11px; color: #888; margin-bottom: 6px;"">[T12 - Instal·lacions] Pregunta 439</div><div style=""font-weight: bold; font-size: 16px; margin-bottom: 14px; line-height: 1.4;"">Quin ordre de magnitud té habitualment la tensió de sortida dels generadors abans d’elevar-la?</div><div style=""font-size: 14px; line-height: 1.6;""><div style=""padding: 5px 0;""><b>A)</b> Centenars de volts.</div><div style=""padding: 5px 0;""><b>B)</b> Centenars de quilovolts.</div><div style=""padding: 5px 0;""><b>C)</b> Desenes de quilovolts.</div><div style=""padding: 5px 0;""><b>D)</b> Pocs volts en corrent continu.</div></div></div>","<div style=""text-align: left; font-family: -apple-system, sans-serif;""><div style=""font-weight: bold; font-size: 16px; color: #10b981; margin-bottom: 8px;"">✓ Resposta Correcta: C</div><div style=""font-size: 14px; margin-bottom: 12px; padding: 10px; background: rgba(16,185,129,0.1); border-radius: 6px; border-left: 4px solid #10b981;"">C) Desenes de quilovolts.</div><hr style=""border: 0; border-top: 1px solid #ddd; margin: 12px 0;""><div style=""font-size: 13px; color: #444; line-height: 1.4;""><b style=""color: #111;"">Explicació:</b> Els generadors treballen habitualment a desenes de kV abans de la transformació per al transport.</div></div>","T12_-_Installacions","15777"
"<div style=""text-align: left; font-family: -apple-system, sans-serif;""><div style=""font-size: 11px; color: #888; margin-bottom: 6px;"">[T12 - Instal·lacions] Pregunta 440</div><div style=""font-weight: bold; font-size: 16px; margin-bottom: 14px; line-height: 1.4;"">Quants conductors té habitualment una línia trifàsica de baixa tensió amb neutre?</div><div style=""font-size: 14px; line-height: 1.6;""><div style=""padding: 5px 0;""><b>A)</b> Quatre: tres fases i un neutre.</div><div style=""padding: 5px 0;""><b>B)</b> Dos: una fase i un neutre.</div><div style=""padding: 5px 0;""><b>C)</b> Tres: dues fases i un neutre.</div><div style=""padding: 5px 0;""><b>D)</b> Cinc: tres fases i dos neutres.</div></div></div>","<div style=""text-align: left; font-family: -apple-system, sans-serif;""><div style=""font-weight: bold; font-size: 16px; color: #10b981; margin-bottom: 8px;"">✓ Resposta Correcta: A</div><div style=""font-size: 14px; margin-bottom: 12px; padding: 10px; background: rgba(16,185,129,0.1); border-radius: 6px; border-left: 4px solid #10b981;"">A) Quatre: tres fases i un neutre.</div><hr style=""border: 0; border-top: 1px solid #ddd; margin: 12px 0;""><div style=""font-size: 13px; color: #444; line-height: 1.4;""><b style=""color: #111;"">Explicació:</b> La distribució trifàsica de baixa tensió utilitza tres fases i un neutre, és a dir, quatre conductors.</div></div>","T12_-_Installacions","15856"
"<div style=""text-align: left; font-family: -apple-system, sans-serif;""><div style=""font-size: 11px; color: #888; margin-bottom: 6px;"">[T12 - Instal·lacions] Pregunta 441</div><div style=""font-weight: bold; font-size: 16px; margin-bottom: 14px; line-height: 1.4;"">Quin element de comptatge col·lectiu no existeix en una configuració amb CPM?</div><div style=""font-size: 14px; line-height: 1.6;""><div style=""padding: 5px 0;""><b>A)</b> La centralització de comptadors.</div><div style=""padding: 5px 0;""><b>B)</b> L’equip de mesura.</div><div style=""padding: 5px 0;""><b>C)</b> La protecció general.</div><div style=""padding: 5px 0;""><b>D)</b> La derivació individual.</div></div></div>","<div style=""text-align: left; font-family: -apple-system, sans-serif;""><div style=""font-weight: bold; font-size: 16px; color: #10b981; margin-bottom: 8px;"">✓ Resposta Correcta: A</div><div style=""font-size: 14px; margin-bottom: 12px; padding: 10px; background: rgba(16,185,129,0.1); border-radius: 6px; border-left: 4px solid #10b981;"">A) La centralització de comptadors.</div><hr style=""border: 0; border-top: 1px solid #ddd; margin: 12px 0;""><div style=""font-size: 13px; color: #444; line-height: 1.4;""><b style=""color: #111;"">Explicació:</b> La configuració individual amb CPM no necessita una centralització de comptadors.</div></div>","T12_-_Installacions","15892"
"<div style=""text-align: left; font-family: -apple-system, sans-serif;""><div style=""font-size: 11px; color: #888; margin-bottom: 6px;"">[T12 - Instal·lacions] Pregunta 442</div><div style=""font-weight: bold; font-size: 16px; margin-bottom: 14px; line-height: 1.4;"">Quina magnitud pot mesurar un multímetre en mA o A?</div><div style=""font-size: 14px; line-height: 1.6;""><div style=""padding: 5px 0;""><b>A)</b> La diferència de potencial.</div><div style=""padding: 5px 0;""><b>B)</b> La intensitat de corrent.</div><div style=""padding: 5px 0;""><b>C)</b> La resistència d’aïllament.</div><div style=""padding: 5px 0;""><b>D)</b> La freqüència elèctrica.</div></div></div>","<div style=""text-align: left; font-family: -apple-system, sans-serif;""><div style=""font-weight: bold; font-size: 16px; color: #10b981; margin-bottom: 8px;"">✓ Resposta Correcta: B</div><div style=""font-size: 14px; margin-bottom: 12px; padding: 10px; background: rgba(16,185,129,0.1); border-radius: 6px; border-left: 4px solid #10b981;"">B) La intensitat de corrent.</div><hr style=""border: 0; border-top: 1px solid #ddd; margin: 12px 0;""><div style=""font-size: 13px; color: #444; line-height: 1.4;""><b style=""color: #111;"">Explicació:</b> Els amperes i mil·liamperes són unitats d’intensitat de corrent.</div></div>","T12_-_Installacions","16039"
"<div style=""text-align: left; font-family: -apple-system, sans-serif;""><div style=""font-size: 11px; color: #888; margin-bottom: 6px;"">[T12 - Instal·lacions] Pregunta 443</div><div style=""font-weight: bold; font-size: 16px; margin-bottom: 14px; line-height: 1.4;"">Quin interval s’associa habitualment a la mitjana tensió?</div><div style=""font-size: 14px; line-height: 1.6;""><div style=""padding: 5px 0;""><b>A)</b> Entre 230 V i 400 V.</div><div style=""padding: 5px 0;""><b>B)</b> Entre 220 kV i 400 kV.</div><div style=""padding: 5px 0;""><b>C)</b> Entre 1 kV i 36 kV.</div><div style=""padding: 5px 0;""><b>D)</b> Entre 36 kV i 110 kV.</div></div></div>","<div style=""text-align: left; font-family: -apple-system, sans-serif;""><div style=""font-weight: bold; font-size: 16px; color: #10b981; margin-bottom: 8px;"">✓ Resposta Correcta: C</div><div style=""font-size: 14px; margin-bottom: 12px; padding: 10px; background: rgba(16,185,129,0.1); border-radius: 6px; border-left: 4px solid #10b981;"">C) Entre 1 kV i 36 kV.</div><hr style=""border: 0; border-top: 1px solid #ddd; margin: 12px 0;""><div style=""font-size: 13px; color: #444; line-height: 1.4;""><b style=""color: #111;"">Explicació:</b> En l’àmbit tècnic, la mitjana tensió se situa generalment entre 1 i 36 kV.</div></div>","T12_-_Installacions","15796"
"<div style=""text-align: left; font-family: -apple-system, sans-serif;""><div style=""font-size: 11px; color: #888; margin-bottom: 6px;"">[T12 - Instal·lacions] Pregunta 444</div><div style=""font-weight: bold; font-size: 16px; margin-bottom: 14px; line-height: 1.4;"">Com varia la llargada dels aïlladors amb la tensió de la línia?</div><div style=""font-size: 14px; line-height: 1.6;""><div style=""padding: 5px 0;""><b>A)</b> Augmenta quan augmenta la tensió.</div><div style=""padding: 5px 0;""><b>B)</b> Es manté pràcticament constant entre diferents nivells de tensió.</div><div style=""padding: 5px 0;""><b>C)</b> Disminueix quan augmenta la tensió.</div><div style=""padding: 5px 0;""><b>D)</b> Depèn principalment del nombre de circuits de la línia.</div></div></div>","<div style=""text-align: left; font-family: -apple-system, sans-serif;""><div style=""font-weight: bold; font-size: 16px; color: #10b981; margin-bottom: 8px;"">✓ Resposta Correcta: A</div><div style=""font-size: 14px; margin-bottom: 12px; padding: 10px; background: rgba(16,185,129,0.1); border-radius: 6px; border-left: 4px solid #10b981;"">A) Augmenta quan augmenta la tensió.</div><hr style=""border: 0; border-top: 1px solid #ddd; margin: 12px 0;""><div style=""font-size: 13px; color: #444; line-height: 1.4;""><b style=""color: #111;"">Explicació:</b> A tensions més elevades cal una longitud d’aïllament més gran per evitar descàrregues.</div></div>","T12_-_Installacions","15823"
"<div style=""text-align: left; font-family: -apple-system, sans-serif;""><div style=""font-size: 11px; color: #888; margin-bottom: 6px;"">[T12 - Instal·lacions] Pregunta 445</div><div style=""font-weight: bold; font-size: 16px; margin-bottom: 14px; line-height: 1.4;"">Quin sistema d'alimentació alertaniu a l'habitual a la península podem trobar en algunes línies ferroviàries?</div><div style=""font-size: 14px; line-height: 1.6;""><div style=""padding: 5px 0;""><b>A)</b> Una catenària amb feeder sense aïlladors.</div><div style=""padding: 5px 0;""><b>B)</b> Un sistema de tercer carril.</div><div style=""padding: 5px 0;""><b>C)</b> Una catenària amb 5 fases desfasades 72º</div><div style=""padding: 5px 0;""><b>D)</b> Un sistema aeri captat per pantògraf.</div></div></div>","<div style=""text-align: left; font-family: -apple-system, sans-serif;""><div style=""font-weight: bold; font-size: 16px; color: #10b981; margin-bottom: 8px;"">✓ Resposta Correcta: B</div><div style=""font-size: 14px; margin-bottom: 12px; padding: 10px; background: rgba(16,185,129,0.1); border-radius: 6px; border-left: 4px solid #10b981;"">B) Un sistema de tercer carril.</div><hr style=""border: 0; border-top: 1px solid #ddd; margin: 12px 0;""><div style=""font-size: 13px; color: #444; line-height: 1.4;""><b style=""color: #111;"">Explicació:</b> El Tren Groc és un exemple de ferrocarril electrificat sense catenària: rep l’electricitat d’un tercer carril addicional al costat de la via.</div></div>","T12_-_Installacions","15755"
"<div style=""text-align: left; font-family: -apple-system, sans-serif;""><div style=""font-size: 11px; color: #888; margin-bottom: 6px;"">[T12 - Instal·lacions] Pregunta 446</div><div style=""font-weight: bold; font-size: 16px; margin-bottom: 14px; line-height: 1.4;"">Quan funcionarà un sifó?</div><div style=""font-size: 14px; line-height: 1.6;""><div style=""padding: 5px 0;""><b>A)</b> Quan el nivell de sortida estigui per sota de la superfície del dipòsit.</div><div style=""padding: 5px 0;""><b>B)</b> Quan el nivell de sortida estigui per sobre de la superfície del dipòsit.</div><div style=""padding: 5px 0;""><b>C)</b> Quan el nivell de la superfície del dipòsit estigui a nivell del mar.</div><div style=""padding: 5px 0;""><b>D)</b> Nomès quan els nivells de sortida i de superfície del dipòsit siguin iguals.</div></div></div>","<div style=""text-align: left; font-family: -apple-system, sans-serif;""><div style=""font-weight: bold; font-size: 16px; color: #10b981; margin-bottom: 8px;"">✓ Resposta Correcta: A</div><div style=""font-size: 14px; margin-bottom: 12px; padding: 10px; background: rgba(16,185,129,0.1); border-radius: 6px; border-left: 4px solid #10b981;"">A) Quan el nivell de sortida estigui per sota de la superfície del dipòsit.</div><hr style=""border: 0; border-top: 1px solid #ddd; margin: 12px 0;""><div style=""font-size: 13px; color: #444; line-height: 1.4;""><b style=""color: #111;"">Explicació:</b> L’aigua del sifó actua com a tancament davant els gasos del clavegueram.</div></div>","T12_-_Installacions","16170"
"<div style=""text-align: left; font-family: -apple-system, sans-serif;""><div style=""font-size: 11px; color: #888; margin-bottom: 6px;"">[T12 - Instal·lacions] Pregunta 447</div><div style=""font-weight: bold; font-size: 16px; margin-bottom: 14px; line-height: 1.4;"">D’on rep l’alimentació l’embarrat general d’una centralització de comptadors?</div><div style=""font-size: 14px; line-height: 1.6;""><div style=""padding: 5px 0;""><b>A)</b> Dels quadres generals de comandament dels usuaris.</div><div style=""padding: 5px 0;""><b>B)</b> De la línia general d’alimentació.</div><div style=""padding: 5px 0;""><b>C)</b> Dels interruptors diferencials interiors.</div><div style=""padding: 5px 0;""><b>D)</b> De les derivacions individuals.</div></div></div>","<div style=""text-align: left; font-family: -apple-system, sans-serif;""><div style=""font-weight: bold; font-size: 16px; color: #10b981; margin-bottom: 8px;"">✓ Resposta Correcta: B</div><div style=""font-size: 14px; margin-bottom: 12px; padding: 10px; background: rgba(16,185,129,0.1); border-radius: 6px; border-left: 4px solid #10b981;"">B) De la línia general d’alimentació.</div><hr style=""border: 0; border-top: 1px solid #ddd; margin: 12px 0;""><div style=""font-size: 13px; color: #444; line-height: 1.4;""><b style=""color: #111;"">Explicació:</b> L’embarrat general rep l’energia procedent de la LGA.</div></div>","T12_-_Installacions","15884"
"<div style=""text-align: left; font-family: -apple-system, sans-serif;""><div style=""font-size: 11px; color: #888; margin-bottom: 6px;"">[T12 - Instal·lacions] Pregunta 448</div><div style=""font-weight: bold; font-size: 16px; margin-bottom: 14px; line-height: 1.4;"">Respecte de quin punt s’ha de comprovar també cada conductor en verificar absència de tensió?</div><div style=""font-size: 14px; line-height: 1.6;""><div style=""padding: 5px 0;""><b>A)</b> Respecte del diferencial més proper.</div><div style=""padding: 5px 0;""><b>B)</b> Respecte de terra.</div><div style=""padding: 5px 0;""><b>C)</b> Respecte del conductor de protecció quan hi ha càrrega connectada al circuit.</div><div style=""padding: 5px 0;""><b>D)</b> Respecte del magnetotèrmic general.</div></div></div>","<div style=""text-align: left; font-family: -apple-system, sans-serif;""><div style=""font-weight: bold; font-size: 16px; color: #10b981; margin-bottom: 8px;"">✓ Resposta Correcta: B</div><div style=""font-size: 14px; margin-bottom: 12px; padding: 10px; background: rgba(16,185,129,0.1); border-radius: 6px; border-left: 4px solid #10b981;"">B) Respecte de terra.</div><hr style=""border: 0; border-top: 1px solid #ddd; margin: 12px 0;""><div style=""font-size: 13px; color: #444; line-height: 1.4;""><b style=""color: #111;"">Explicació:</b> La comprovació respecte de terra ajuda a detectar qualsevol potencial perillós residual.</div></div>","T12_-_Installacions","16063"
"<div style=""text-align: left; font-family: -apple-system, sans-serif;""><div style=""font-size: 11px; color: #888; margin-bottom: 6px;"">[T12 - Instal·lacions] Pregunta 449</div><div style=""font-weight: bold; font-size: 16px; margin-bottom: 14px; line-height: 1.4;"">On acaba la xarxa de transport i distribució?</div><div style=""font-size: 14px; line-height: 1.6;""><div style=""padding: 5px 0;""><b>A)</b> A les interconnexions internacionals de la xarxa de transport.</div><div style=""padding: 5px 0;""><b>B)</b> Als aparells de consum que tenim als habitatges.</div><div style=""padding: 5px 0;""><b>C)</b> Als alternadors que trobem previs al consum.</div><div style=""padding: 5px 0;""><b>D)</b> A les caixes generals de protecció on es connecten les instal·lacions dels consumidors.</div></div></div>","<div style=""text-align: left; font-family: -apple-system, sans-serif;""><div style=""font-weight: bold; font-size: 16px; color: #10b981; margin-bottom: 8px;"">✓ Resposta Correcta: D</div><div style=""font-size: 14px; margin-bottom: 12px; padding: 10px; background: rgba(16,185,129,0.1); border-radius: 6px; border-left: 4px solid #10b981;"">D) A les caixes generals de protecció on es connecten les instal·lacions dels consumidors.</div><hr style=""border: 0; border-top: 1px solid #ddd; margin: 12px 0;""><div style=""font-size: 13px; color: #444; line-height: 1.4;""><b style=""color: #111;"">Explicació:</b> El final de la xarxa se situa a les CGP que donen pas a les instal·lacions consumidores.</div></div>","T12_-_Installacions","15790"
"<div style=""text-align: left; font-family: -apple-system, sans-serif;""><div style=""font-size: 11px; color: #888; margin-bottom: 6px;"">[T12 - Instal·lacions] Pregunta 450</div><div style=""font-weight: bold; font-size: 16px; margin-bottom: 14px; line-height: 1.4;"">De què depèn la configuració d’una instal·lació d’enllaç?</div><div style=""font-size: 14px; line-height: 1.6;""><div style=""padding: 5px 0;""><b>A)</b> De la tensió del centre de transformació i del nombre de fases de la xarxa d’alta tensió.</div><div style=""padding: 5px 0;""><b>B)</b> De la longitud de l’escomesa i del nombre de circuits receptors interiors.</div><div style=""padding: 5px 0;""><b>C)</b> Del nombre de PIAs i del tipus d’interruptor diferencial interior.</div><div style=""padding: 5px 0;""><b>D)</b> Del nombre d’usuaris i de la situació dels comptadors.</div></div></div>","<div style=""text-align: left; font-family: -apple-system, sans-serif;""><div style=""font-weight: bold; font-size: 16px; color: #10b981; margin-bottom: 8px;"">✓ Resposta Correcta: D</div><div style=""font-size: 14px; margin-bottom: 12px; padding: 10px; background: rgba(16,185,129,0.1); border-radius: 6px; border-left: 4px solid #10b981;"">D) Del nombre d’usuaris i de la situació dels comptadors.</div><hr style=""border: 0; border-top: 1px solid #ddd; margin: 12px 0;""><div style=""font-size: 13px; color: #444; line-height: 1.4;""><b style=""color: #111;"">Explicació:</b> La configuració de les instal·lacions d’enllaç varia principalment amb el nombre d’usuaris i la ubicació dels comptadors.</div></div>","T12_-_Installacions","15874"
"<div style=""text-align: left; font-family: -apple-system, sans-serif;""><div style=""font-size: 11px; color: #888; margin-bottom: 6px;"">[T12 - Instal·lacions] Pregunta 451</div><div style=""font-weight: bold; font-size: 16px; margin-bottom: 14px; line-height: 1.4;"">Com és el circuit de combustió d’un aparell de gas estanc?</div><div style=""font-size: 14px; line-height: 1.6;""><div style=""padding: 5px 0;""><b>A)</b> Connectat directament a la xarxa de gas.</div><div style=""padding: 5px 0;""><b>B)</b> Compartit amb la ventilació.</div><div style=""padding: 5px 0;""><b>C)</b> Obert al local.</div><div style=""padding: 5px 0;""><b>D)</b> Hermètic respecte del local.</div></div></div>","<div style=""text-align: left; font-family: -apple-system, sans-serif;""><div style=""font-weight: bold; font-size: 16px; color: #10b981; margin-bottom: 8px;"">✓ Resposta Correcta: D</div><div style=""font-size: 14px; margin-bottom: 12px; padding: 10px; background: rgba(16,185,129,0.1); border-radius: 6px; border-left: 4px solid #10b981;"">D) Hermètic respecte del local.</div><hr style=""border: 0; border-top: 1px solid #ddd; margin: 12px 0;""><div style=""font-size: 13px; color: #444; line-height: 1.4;""><b style=""color: #111;"">Explicació:</b> En els aparells estancs, la combustió queda separada de l’ambient interior.</div></div>","T12_-_Installacions","18890"
"<div style=""text-align: left; font-family: -apple-system, sans-serif;""><div style=""font-size: 11px; color: #888; margin-bottom: 6px;"">[T12 - Instal·lacions] Pregunta 452</div><div style=""font-weight: bold; font-size: 16px; margin-bottom: 14px; line-height: 1.4;"">Quin origen pot tenir una sobretensió permanent?</div><div style=""font-size: 14px; line-height: 1.6;""><div style=""padding: 5px 0;""><b>A)</b> La maniobra manual d’un PIA sense càrrega.</div><div style=""padding: 5px 0;""><b>B)</b> La fusió normal d’un fusible després d’una sobrecàrrega.</div><div style=""padding: 5px 0;""><b>C)</b> Un problema de la xarxa elèctrica.</div><div style=""padding: 5px 0;""><b>D)</b> El funcionament del botó de test d’un diferencial.</div></div></div>","<div style=""text-align: left; font-family: -apple-system, sans-serif;""><div style=""font-weight: bold; font-size: 16px; color: #10b981; margin-bottom: 8px;"">✓ Resposta Correcta: C</div><div style=""font-size: 14px; margin-bottom: 12px; padding: 10px; background: rgba(16,185,129,0.1); border-radius: 6px; border-left: 4px solid #10b981;"">C) Un problema de la xarxa elèctrica.</div><hr style=""border: 0; border-top: 1px solid #ddd; margin: 12px 0;""><div style=""font-size: 13px; color: #444; line-height: 1.4;""><b style=""color: #111;"">Explicació:</b> Els problemes de xarxa poden mantenir la tensió per sobre del valor admissible.</div></div>","T12_-_Installacions","16002"
"<div style=""text-align: left; font-family: -apple-system, sans-serif;""><div style=""font-size: 11px; color: #888; margin-bottom: 6px;"">[T12 - Instal·lacions] Pregunta 453</div><div style=""font-weight: bold; font-size: 16px; margin-bottom: 14px; line-height: 1.4;"">Quan és obligatori l’interruptor general de maniobra (IGM)?</div><div style=""font-size: 14px; line-height: 1.6;""><div style=""padding: 5px 0;""><b>A)</b> En centralitzacions de més de dos usuaris.</div><div style=""padding: 5px 0;""><b>B)</b> En qualsevol instal·lació d’un únic usuari amb CPM.</div><div style=""padding: 5px 0;""><b>C)</b> En qualsevol circuit interior que disposi de més de dos PIAs.</div><div style=""padding: 5px 0;""><b>D)</b> En totes les instal·lacions d'enllaç.</div></div></div>","<div style=""text-align: left; font-family: -apple-system, sans-serif;""><div style=""font-weight: bold; font-size: 16px; color: #10b981; margin-bottom: 8px;"">✓ Resposta Correcta: A</div><div style=""font-size: 14px; margin-bottom: 12px; padding: 10px; background: rgba(16,185,129,0.1); border-radius: 6px; border-left: 4px solid #10b981;"">A) En centralitzacions de més de dos usuaris.</div><hr style=""border: 0; border-top: 1px solid #ddd; margin: 12px 0;""><div style=""font-size: 13px; color: #444; line-height: 1.4;""><b style=""color: #111;"">Explicació:</b> L’IGM és obligatori quan la centralització dona servei a més de dos usuaris.</div></div>","T12_-_Installacions","15882"
"<div style=""text-align: left; font-family: -apple-system, sans-serif;""><div style=""font-size: 11px; color: #888; margin-bottom: 6px;"">[T12 - Instal·lacions] Pregunta 454</div><div style=""font-weight: bold; font-size: 16px; margin-bottom: 14px; line-height: 1.4;"">On s’integra actualment la funció de limitar la potència contractada que feia l’antic ICP?</div><div style=""font-size: 14px; line-height: 1.6;""><div style=""padding: 5px 0;""><b>A)</b> A l’interruptor diferencial de 30 mA.</div><div style=""padding: 5px 0;""><b>B)</b> Al comptador electrònic.</div><div style=""padding: 5px 0;""><b>C)</b> Al protector contra sobretensions transitòries.</div><div style=""padding: 5px 0;""><b>D)</b> Al portafusibles de la caixa general de protecció.</div></div></div>","<div style=""text-align: left; font-family: -apple-system, sans-serif;""><div style=""font-weight: bold; font-size: 16px; color: #10b981; margin-bottom: 8px;"">✓ Resposta Correcta: B</div><div style=""font-size: 14px; margin-bottom: 12px; padding: 10px; background: rgba(16,185,129,0.1); border-radius: 6px; border-left: 4px solid #10b981;"">B) Al comptador electrònic.</div><hr style=""border: 0; border-top: 1px solid #ddd; margin: 12px 0;""><div style=""font-size: 13px; color: #444; line-height: 1.4;""><b style=""color: #111;"">Explicació:</b> La limitació de potència que antigament feia l’ICP s’ha integrat funcionalment en el comptador electrònic.</div></div>","T12_-_Installacions","15969"
"<div style=""text-align: left; font-family: -apple-system, sans-serif;""><div style=""font-size: 11px; color: #888; margin-bottom: 6px;"">[T12 - Instal·lacions] Pregunta 455</div><div style=""font-weight: bold; font-size: 16px; margin-bottom: 14px; line-height: 1.4;"">De quin element han de disposar algunes intal·lacions de consum molt elevats que reben tensions més elevades a l'habitual?</div><div style=""font-size: 14px; line-height: 1.6;""><div style=""padding: 5px 0;""><b>A)</b> Un sistema d’acumulació amb bateries.</div><div style=""padding: 5px 0;""><b>B)</b> Un inversor d’autoconsum.</div><div style=""padding: 5px 0;""><b>C)</b> Una protecció anti-illa.</div><div style=""padding: 5px 0;""><b>D)</b> Un centre de transformació propi.</div></div></div>","<div style=""text-align: left; font-family: -apple-system, sans-serif;""><div style=""font-weight: bold; font-size: 16px; color: #10b981; margin-bottom: 8px;"">✓ Resposta Correcta: D</div><div style=""font-size: 14px; margin-bottom: 12px; padding: 10px; background: rgba(16,185,129,0.1); border-radius: 6px; border-left: 4px solid #10b981;"">D) Un centre de transformació propi.</div><hr style=""border: 0; border-top: 1px solid #ddd; margin: 12px 0;""><div style=""font-size: 13px; color: #444; line-height: 1.4;""><b style=""color: #111;"">Explicació:</b> Quan una instal·lació final rep electricitat a una tensió més alta, pot disposar d’un centre de transformació propi.</div></div>","T12_-_Installacions","15703"
"<div style=""text-align: left; font-family: -apple-system, sans-serif;""><div style=""font-size: 11px; color: #888; margin-bottom: 6px;"">[T12 - Instal·lacions] Pregunta 456</div><div style=""font-weight: bold; font-size: 16px; margin-bottom: 14px; line-height: 1.4;"">Què passa amb l’electricitat produïda en una planta de cogeneració?</div><div style=""font-size: 14px; line-height: 1.6;""><div style=""padding: 5px 0;""><b>A)</b> S’emmagatzema tota en bateries abans d’utilitzar-se a la planta.</div><div style=""padding: 5px 0;""><b>B)</b> Es consumeix a la planta i els excedents s’aboquen a la xarxa.</div><div style=""padding: 5px 0;""><b>C)</b> Es transforma tota en calor per alimentar els processos industrials.</div><div style=""padding: 5px 0;""><b>D)</b> S’envia tota a la xarxa i la planta s’alimenta des de l’exterior.</div></div></div>","<div style=""text-align: left; font-family: -apple-system, sans-serif;""><div style=""font-weight: bold; font-size: 16px; color: #10b981; margin-bottom: 8px;"">✓ Resposta Correcta: B</div><div style=""font-size: 14px; margin-bottom: 12px; padding: 10px; background: rgba(16,185,129,0.1); border-radius: 6px; border-left: 4px solid #10b981;"">B) Es consumeix a la planta i els excedents s’aboquen a la xarxa.</div><hr style=""border: 0; border-top: 1px solid #ddd; margin: 12px 0;""><div style=""font-size: 13px; color: #444; line-height: 1.4;""><b style=""color: #111;"">Explicació:</b> La cogeneració prioritza el consum elèctric de la mateixa planta i pot enviar els excedents a la xarxa.</div></div>","T12_-_Installacions","15774"
"<div style=""text-align: left; font-family: -apple-system, sans-serif;""><div style=""font-size: 11px; color: #888; margin-bottom: 6px;"">[T12 - Instal·lacions] Pregunta 457</div><div style=""font-weight: bold; font-size: 16px; margin-bottom: 14px; line-height: 1.4;"">Quin punt de la instal·lació assenyala la caixa general de protecció (CGP)?</div><div style=""font-size: 14px; line-height: 1.6;""><div style=""padding: 5px 0;""><b>A)</b> L’inici de la instal·lació propietat dels usuaris.</div><div style=""padding: 5px 0;""><b>B)</b> L’inici dels circuits interiors després del quadre general.</div><div style=""padding: 5px 0;""><b>C)</b> L’inici de la xarxa de distribució de baixa tensió.</div><div style=""padding: 5px 0;""><b>D)</b> El final de la derivació individual dins de cada habitatge.</div></div></div>","<div style=""text-align: left; font-family: -apple-system, sans-serif;""><div style=""font-weight: bold; font-size: 16px; color: #10b981; margin-bottom: 8px;"">✓ Resposta Correcta: A</div><div style=""font-size: 14px; margin-bottom: 12px; padding: 10px; background: rgba(16,185,129,0.1); border-radius: 6px; border-left: 4px solid #10b981;"">A) L’inici de la instal·lació propietat dels usuaris.</div><hr style=""border: 0; border-top: 1px solid #ddd; margin: 12px 0;""><div style=""font-size: 13px; color: #444; line-height: 1.4;""><b style=""color: #111;"">Explicació:</b> La CGP marca l’inici de la part de la instal·lació que és propietat dels usuaris.</div></div>","T12_-_Installacions","15876"
"<div style=""text-align: left; font-family: -apple-system, sans-serif;""><div style=""font-size: 11px; color: #888; margin-bottom: 6px;"">[T12 - Instal·lacions] Pregunta 458</div><div style=""font-weight: bold; font-size: 16px; margin-bottom: 14px; line-height: 1.4;"">Quina pressió pot arribar a tenir el gas natural abans de la regulació domèstica indicada?</div><div style=""font-size: 14px; line-height: 1.6;""><div style=""padding: 5px 0;""><b>A)</b> Fins a 4 bar.</div><div style=""padding: 5px 0;""><b>B)</b> Fins a 16 bar.</div><div style=""padding: 5px 0;""><b>C)</b> Fins a 0,4 bar.</div><div style=""padding: 5px 0;""><b>D)</b> Fins a 45 bar.</div></div></div>","<div style=""text-align: left; font-family: -apple-system, sans-serif;""><div style=""font-weight: bold; font-size: 16px; color: #10b981; margin-bottom: 8px;"">✓ Resposta Correcta: A</div><div style=""font-size: 14px; margin-bottom: 12px; padding: 10px; background: rgba(16,185,129,0.1); border-radius: 6px; border-left: 4px solid #10b981;"">A) Fins a 4 bar.</div><hr style=""border: 0; border-top: 1px solid #ddd; margin: 12px 0;""><div style=""font-size: 13px; color: #444; line-height: 1.4;""><b style=""color: #111;"">Explicació:</b> La distribució pot arribar fins a 4 bar abans de reduir-se a la pressió de servei.</div></div>","T12_-_Installacions","16286"
"<div style=""text-align: left; font-family: -apple-system, sans-serif;""><div style=""font-size: 11px; color: #888; margin-bottom: 6px;"">[T12 - Instal·lacions] Pregunta 459</div><div style=""font-weight: bold; font-size: 16px; margin-bottom: 14px; line-height: 1.4;"">Com s’evacuen principalment les aigües residuals i pluvials d’un edifici?</div><div style=""font-size: 14px; line-height: 1.6;""><div style=""padding: 5px 0;""><b>A)</b> Per pressió, mitjançant bombes i impulsions.</div><div style=""padding: 5px 0;""><b>B)</b> Per gravetat, mitjançant baixants i desguassos.</div><div style=""padding: 5px 0;""><b>C)</b> Per aspiració, mitjançant conductes verticals.</div><div style=""padding: 5px 0;""><b>D)</b> Per sifonament, mitjançant col·lectors tancats.</div></div></div>","<div style=""text-align: left; font-family: -apple-system, sans-serif;""><div style=""font-weight: bold; font-size: 16px; color: #10b981; margin-bottom: 8px;"">✓ Resposta Correcta: B</div><div style=""font-size: 14px; margin-bottom: 12px; padding: 10px; background: rgba(16,185,129,0.1); border-radius: 6px; border-left: 4px solid #10b981;"">B) Per gravetat, mitjançant baixants i desguassos.</div><hr style=""border: 0; border-top: 1px solid #ddd; margin: 12px 0;""><div style=""font-size: 13px; color: #444; line-height: 1.4;""><b style=""color: #111;"">Explicació:</b> L’evacuació ordinària aprofita la gravetat a través de baixants i desguassos.</div></div>","T12_-_Installacions","16154"
"<div style=""text-align: left; font-family: -apple-system, sans-serif;""><div style=""font-size: 11px; color: #888; margin-bottom: 6px;"">[T12 - Instal·lacions] Pregunta 460</div><div style=""font-weight: bold; font-size: 16px; margin-bottom: 14px; line-height: 1.4;"">D’on parteix la instal·lació general d’aigua d’un edifici?</div><div style=""font-size: 14px; line-height: 1.6;""><div style=""padding: 5px 0;""><b>A)</b> De la clau de pas interior.</div><div style=""padding: 5px 0;""><b>B)</b> Del comptador divisionari.</div><div style=""padding: 5px 0;""><b>C)</b> Del distribuïdor principal.</div><div style=""padding: 5px 0;""><b>D)</b> De l’escomesa.</div></div></div>","<div style=""text-align: left; font-family: -apple-system, sans-serif;""><div style=""font-weight: bold; font-size: 16px; color: #10b981; margin-bottom: 8px;"">✓ Resposta Correcta: D</div><div style=""font-size: 14px; margin-bottom: 12px; padding: 10px; background: rgba(16,185,129,0.1); border-radius: 6px; border-left: 4px solid #10b981;"">D) De l’escomesa.</div><hr style=""border: 0; border-top: 1px solid #ddd; margin: 12px 0;""><div style=""font-size: 13px; color: #444; line-height: 1.4;""><b style=""color: #111;"">Explicació:</b> La instal·lació general continua a partir de l’escomesa.</div></div>","T12_-_Installacions","16106"
"<div style=""text-align: left; font-family: -apple-system, sans-serif;""><div style=""font-size: 11px; color: #888; margin-bottom: 6px;"">[T12 - Instal·lacions] Pregunta 461</div><div style=""font-weight: bold; font-size: 16px; margin-bottom: 14px; line-height: 1.4;"">Quins elements formen la xarxa de transport i distribució?</div><div style=""font-size: 14px; line-height: 1.6;""><div style=""padding: 5px 0;""><b>A)</b> Alternadors, turbines, bateries i receptors finals de consum.</div><div style=""padding: 5px 0;""><b>B)</b> Estacions transformadores, línies elèctriques i dispositius de control, mesura, protecció i monitorització.</div><div style=""padding: 5px 0;""><b>C)</b> Inversors, panells fotovoltaics, motors i xarxes interiors.</div><div style=""padding: 5px 0;""><b>D)</b> Generadors portàtils, quadres de consum i preses de corrent.</div></div></div>","<div style=""text-align: left; font-family: -apple-system, sans-serif;""><div style=""font-weight: bold; font-size: 16px; color: #10b981; margin-bottom: 8px;"">✓ Resposta Correcta: B</div><div style=""font-size: 14px; margin-bottom: 12px; padding: 10px; background: rgba(16,185,129,0.1); border-radius: 6px; border-left: 4px solid #10b981;"">B) Estacions transformadores, línies elèctriques i dispositius de control, mesura, protecció i monitorització.</div><hr style=""border: 0; border-top: 1px solid #ddd; margin: 12px 0;""><div style=""font-size: 13px; color: #444; line-height: 1.4;""><b style=""color: #111;"">Explicació:</b> La xarxa combina línies i transformació amb equips de supervisió, mesura i protecció.</div></div>","T12_-_Installacions","15791"
"<div style=""text-align: left; font-family: -apple-system, sans-serif;""><div style=""font-size: 11px; color: #888; margin-bottom: 6px;"">[T12 - Instal·lacions] Pregunta 462</div><div style=""font-weight: bold; font-size: 16px; margin-bottom: 14px; line-height: 1.4;"">Quina part és la instal·lació particular d’aigua d’un habitatge?</div><div style=""font-size: 14px; line-height: 1.6;""><div style=""padding: 5px 0;""><b>A)</b> La connexió amb la xarxa pública.</div><div style=""padding: 5px 0;""><b>B)</b> El conjunt del comptador general.</div><div style=""padding: 5px 0;""><b>C)</b> El tram final dins l’habitatge.</div><div style=""padding: 5px 0;""><b>D)</b> El distribuïdor principal de l’edifici.</div></div></div>","<div style=""text-align: left; font-family: -apple-system, sans-serif;""><div style=""font-weight: bold; font-size: 16px; color: #10b981; margin-bottom: 8px;"">✓ Resposta Correcta: C</div><div style=""font-size: 14px; margin-bottom: 12px; padding: 10px; background: rgba(16,185,129,0.1); border-radius: 6px; border-left: 4px solid #10b981;"">C) El tram final dins l’habitatge.</div><hr style=""border: 0; border-top: 1px solid #ddd; margin: 12px 0;""><div style=""font-size: 13px; color: #444; line-height: 1.4;""><b style=""color: #111;"">Explicació:</b> La instal·lació particular correspon a la distribució final de cada habitatge.</div></div>","T12_-_Installacions","16144"
"<div style=""text-align: left; font-family: -apple-system, sans-serif;""><div style=""font-size: 11px; color: #888; margin-bottom: 6px;"">[T12 - Instal·lacions] Pregunta 463</div><div style=""font-weight: bold; font-size: 16px; margin-bottom: 14px; line-height: 1.4;"">Quina infraestructura pot formar part de la xarxa bàsica de gas?</div><div style=""font-size: 14px; line-height: 1.6;""><div style=""padding: 5px 0;""><b>A)</b> Bombes de presió.</div><div style=""padding: 5px 0;""><b>B)</b> Canonades de formigó.</div><div style=""padding: 5px 0;""><b>C)</b> Plantes de regasificació de GNL.</div><div style=""padding: 5px 0;""><b>D)</b> Bombones de GLP.</div></div></div>","<div style=""text-align: left; font-family: -apple-system, sans-serif;""><div style=""font-weight: bold; font-size: 16px; color: #10b981; margin-bottom: 8px;"">✓ Resposta Correcta: C</div><div style=""font-size: 14px; margin-bottom: 12px; padding: 10px; background: rgba(16,185,129,0.1); border-radius: 6px; border-left: 4px solid #10b981;"">C) Plantes de regasificació de GNL.</div><hr style=""border: 0; border-top: 1px solid #ddd; margin: 12px 0;""><div style=""font-size: 13px; color: #444; line-height: 1.4;""><b style=""color: #111;"">Explicació:</b> La xarxa bàsica inclou infraestructures com plantes de regasificació de GNL.</div></div>","T12_-_Installacions","16214"
"<div style=""text-align: left; font-family: -apple-system, sans-serif;""><div style=""font-size: 11px; color: #888; margin-bottom: 6px;"">[T12 - Instal·lacions] Pregunta 464</div><div style=""font-weight: bold; font-size: 16px; margin-bottom: 14px; line-height: 1.4;"">Què és l’escomesa de sanejament d’un edifici?</div><div style=""font-size: 14px; line-height: 1.6;""><div style=""padding: 5px 0;""><b>A)</b> El baixant que uneix les plantes amb el col·lector interior.</div><div style=""padding: 5px 0;""><b>B)</b> El tram que uneix dos pous de registre municipals.</div><div style=""padding: 5px 0;""><b>C)</b> El ramal que connecta l’edifici amb el clavegueram municipal.</div><div style=""padding: 5px 0;""><b>D)</b> La canonada que ventila el sanejament fins a coberta.</div></div></div>","<div style=""text-align: left; font-family: -apple-system, sans-serif;""><div style=""font-weight: bold; font-size: 16px; color: #10b981; margin-bottom: 8px;"">✓ Resposta Correcta: C</div><div style=""font-size: 14px; margin-bottom: 12px; padding: 10px; background: rgba(16,185,129,0.1); border-radius: 6px; border-left: 4px solid #10b981;"">C) El ramal que connecta l’edifici amb el clavegueram municipal.</div><hr style=""border: 0; border-top: 1px solid #ddd; margin: 12px 0;""><div style=""font-size: 13px; color: #444; line-height: 1.4;""><b style=""color: #111;"">Explicació:</b> L’escomesa és l’enllaç entre la instal·lació de l’edifici i la xarxa pública.</div></div>","T12_-_Installacions","16177"
"<div style=""text-align: left; font-family: -apple-system, sans-serif;""><div style=""font-size: 11px; color: #888; margin-bottom: 6px;"">[T12 - Instal·lacions] Pregunta 465</div><div style=""font-weight: bold; font-size: 16px; margin-bottom: 14px; line-height: 1.4;"">Un magnetotèrmic ha de disparar exactament quan s’assoleix el seu corrent nominal?</div><div style=""font-size: 14px; line-height: 1.6;""><div style=""padding: 5px 0;""><b>A)</b> No; pot tolerar un petit excés durant un temps.</div><div style=""padding: 5px 0;""><b>B)</b> Sí; qualsevol superació mínima provoca un dispar instantani.</div><div style=""padding: 5px 0;""><b>C)</b> Sí; però únicament per acció del mecanisme magnètic.</div><div style=""padding: 5px 0;""><b>D)</b> No; només dispara quan el corrent duplica el nominal.</div></div></div>","<div style=""text-align: left; font-family: -apple-system, sans-serif;""><div style=""font-weight: bold; font-size: 16px; color: #10b981; margin-bottom: 8px;"">✓ Resposta Correcta: A</div><div style=""font-size: 14px; margin-bottom: 12px; padding: 10px; background: rgba(16,185,129,0.1); border-radius: 6px; border-left: 4px solid #10b981;"">A) No; pot tolerar un petit excés durant un temps.</div><hr style=""border: 0; border-top: 1px solid #ddd; margin: 12px 0;""><div style=""font-size: 13px; color: #444; line-height: 1.4;""><b style=""color: #111;"">Explicació:</b> La resposta tèrmica depèn de la magnitud i durada de la sobrecàrrega.</div></div>","T12_-_Installacions","15965"
"<div style=""text-align: left; font-family: -apple-system, sans-serif;""><div style=""font-size: 11px; color: #888; margin-bottom: 6px;"">[T12 - Instal·lacions] Pregunta 466</div><div style=""font-weight: bold; font-size: 16px; margin-bottom: 14px; line-height: 1.4;"">Entre quins extrems s’estén una xarxa elèctrica?</div><div style=""font-size: 14px; line-height: 1.6;""><div style=""padding: 5px 0;""><b>A)</b> Des de la distribució fins a les línies d’alta tensió.</div><div style=""padding: 5px 0;""><b>B)</b> Des de les instal·lacions finals fins als punts de generació.</div><div style=""padding: 5px 0;""><b>C)</b> Des de la generació d’electricitat fins als punts de consum.</div><div style=""padding: 5px 0;""><b>D)</b> Des del transport d’electricitat fins als centres de transformació.</div></div></div>","<div style=""text-align: left; font-family: -apple-system, sans-serif;""><div style=""font-weight: bold; font-size: 16px; color: #10b981; margin-bottom: 8px;"">✓ Resposta Correcta: C</div><div style=""font-size: 14px; margin-bottom: 12px; padding: 10px; background: rgba(16,185,129,0.1); border-radius: 6px; border-left: 4px solid #10b981;"">C) Des de la generació d’electricitat fins als punts de consum.</div><hr style=""border: 0; border-top: 1px solid #ddd; margin: 12px 0;""><div style=""font-size: 13px; color: #444; line-height: 1.4;""><b style=""color: #111;"">Explicació:</b> La xarxa elèctrica comprèn tot el recorregut de l’energia, des que es genera fins que arriba als punts de consum.</div></div>","T12_-_Installacions","15694"
"<div style=""text-align: left; font-family: -apple-system, sans-serif;""><div style=""font-size: 11px; color: #888; margin-bottom: 6px;"">[T12 - Instal·lacions] Pregunta 467</div><div style=""font-weight: bold; font-size: 16px; margin-bottom: 14px; line-height: 1.4;"">Com s’obté el vapor en una central solar tèrmica?</div><div style=""font-size: 14px; line-height: 1.6;""><div style=""padding: 5px 0;""><b>A)</b> Escalfant l'aigua d'un embassament amb la radiació solar.</div><div style=""padding: 5px 0;""><b>B)</b> Concentrant radiació solar per escalfar un fluid que produeix vapor.</div><div style=""padding: 5px 0;""><b>C)</b> Cremant combustible fòssil per escalfar directament la turbina.</div><div style=""padding: 5px 0;""><b>D)</b> Fent passar corrent continu per un banc de resistències de potència.</div></div></div>","<div style=""text-align: left; font-family: -apple-system, sans-serif;""><div style=""font-weight: bold; font-size: 16px; color: #10b981; margin-bottom: 8px;"">✓ Resposta Correcta: B</div><div style=""font-size: 14px; margin-bottom: 12px; padding: 10px; background: rgba(16,185,129,0.1); border-radius: 6px; border-left: 4px solid #10b981;"">B) Concentrant radiació solar per escalfar un fluid que produeix vapor.</div><hr style=""border: 0; border-top: 1px solid #ddd; margin: 12px 0;""><div style=""font-size: 13px; color: #444; line-height: 1.4;""><b style=""color: #111;"">Explicació:</b> La radiació solar concentrada escalfa un fluid i permet produir el vapor que mou la turbina.</div></div>","T12_-_Installacions","15766"
"<div style=""text-align: left; font-family: -apple-system, sans-serif;""><div style=""font-size: 11px; color: #888; margin-bottom: 6px;"">[T12 - Instal·lacions] Pregunta 468</div><div style=""font-weight: bold; font-size: 16px; margin-bottom: 14px; line-height: 1.4;"">Davant de quins defectes protegeix un PIA?</div><div style=""font-size: 14px; line-height: 1.6;""><div style=""padding: 5px 0;""><b>A)</b> Sobretensions transitòries i permanents.</div><div style=""padding: 5px 0;""><b>B)</b> Fuites a terra i contactes indirectes.</div><div style=""padding: 5px 0;""><b>C)</b> Excés de potència contractada.</div><div style=""padding: 5px 0;""><b>D)</b> Sobrecàrregues i curtcircuits.</div></div></div>","<div style=""text-align: left; font-family: -apple-system, sans-serif;""><div style=""font-weight: bold; font-size: 16px; color: #10b981; margin-bottom: 8px;"">✓ Resposta Correcta: D</div><div style=""font-size: 14px; margin-bottom: 12px; padding: 10px; background: rgba(16,185,129,0.1); border-radius: 6px; border-left: 4px solid #10b981;"">D) Sobrecàrregues i curtcircuits.</div><hr style=""border: 0; border-top: 1px solid #ddd; margin: 12px 0;""><div style=""font-size: 13px; color: #444; line-height: 1.4;""><b style=""color: #111;"">Explicació:</b> Els PIAs són proteccions contra sobreintensitats en els circuits interiors.</div></div>","T12_-_Installacions","15919"
"<div style=""text-align: left; font-family: -apple-system, sans-serif;""><div style=""font-size: 11px; color: #888; margin-bottom: 6px;"">[T12 - Instal·lacions] Pregunta 469</div><div style=""font-weight: bold; font-size: 16px; margin-bottom: 14px; line-height: 1.4;"">Quines escales es descriuen com a dielèctriques per a treballs amb risc elèctric?</div><div style=""font-size: 14px; line-height: 1.6;""><div style=""padding: 5px 0;""><b>A)</b> L’escala de fusta i l’escala d’alumini si es mantenen separades de terra.</div><div style=""padding: 5px 0;""><b>B)</b> L’escala colissa metàl·lica i l’escala de ganxos amb recobriment plàstic.</div><div style=""padding: 5px 0;""><b>C)</b> L’escala colissa i l’escala de ganxos fabricades en fibra.</div><div style=""padding: 5px 0;""><b>D)</b> L’escala metàl·lica i l’escala telescòpica si disposen de peus de goma.</div></div></div>","<div style=""text-align: left; font-family: -apple-system, sans-serif;""><div style=""font-weight: bold; font-size: 16px; color: #10b981; margin-bottom: 8px;"">✓ Resposta Correcta: C</div><div style=""font-size: 14px; margin-bottom: 12px; padding: 10px; background: rgba(16,185,129,0.1); border-radius: 6px; border-left: 4px solid #10b981;"">C) L’escala colissa i l’escala de ganxos fabricades en fibra.</div><hr style=""border: 0; border-top: 1px solid #ddd; margin: 12px 0;""><div style=""font-size: 13px; color: #444; line-height: 1.4;""><b style=""color: #111;"">Explicació:</b> Les escales de fibra es destaquen perquè són dielèctriques i certificades.</div></div>","T12_-_Installacions","16094"
"<div style=""text-align: left; font-family: -apple-system, sans-serif;""><div style=""font-size: 11px; color: #888; margin-bottom: 6px;"">[T12 - Instal·lacions] Pregunta 470</div><div style=""font-weight: bold; font-size: 16px; margin-bottom: 14px; line-height: 1.4;"">Què es pot concloure si un detector sense contacte pita en apropar-lo a un conductor?</div><div style=""font-size: 14px; line-height: 1.6;""><div style=""padding: 5px 0;""><b>A)</b> Que és raonable considerar que hi ha tensió al conductor.</div><div style=""padding: 5px 0;""><b>B)</b> Que el conductor té tensió però no pot circular-hi corrent.</div><div style=""padding: 5px 0;""><b>C)</b> Que el conductor està necessàriament a 230 V de corrent altern.</div><div style=""padding: 5px 0;""><b>D)</b> Que el circuit està correctament protegit contra contactes elèctrics.</div></div></div>","<div style=""text-align: left; font-family: -apple-system, sans-serif;""><div style=""font-weight: bold; font-size: 16px; color: #10b981; margin-bottom: 8px;"">✓ Resposta Correcta: A</div><div style=""font-size: 14px; margin-bottom: 12px; padding: 10px; background: rgba(16,185,129,0.1); border-radius: 6px; border-left: 4px solid #10b981;"">A) Que és raonable considerar que hi ha tensió al conductor.</div><hr style=""border: 0; border-top: 1px solid #ddd; margin: 12px 0;""><div style=""font-size: 13px; color: #444; line-height: 1.4;""><b style=""color: #111;"">Explicació:</b> Una indicació positiva és útil per confirmar presència de tensió, però no determina el seu valor exacte.</div></div>","T12_-_Installacions","16015"
"<div style=""text-align: left; font-family: -apple-system, sans-serif;""><div style=""font-size: 11px; color: #888; margin-bottom: 6px;"">[T12 - Instal·lacions] Pregunta 471</div><div style=""font-weight: bold; font-size: 16px; margin-bottom: 14px; line-height: 1.4;"">Quin avantatge té el gas natural canalitzat respecte del GLP en bombones?</div><div style=""font-size: 14px; line-height: 1.6;""><div style=""padding: 5px 0;""><b>A)</b> Absència d’elements de regulació.</div><div style=""padding: 5px 0;""><b>B)</b> Pressió d’ús superior als aparells domèstics.</div><div style=""padding: 5px 0;""><b>C)</b> Subministrament permanent sense emmagatzematge local.</div><div style=""padding: 5px 0;""><b>D)</b> Transport en fase líquida fins a l’habitatge.</div></div></div>","<div style=""text-align: left; font-family: -apple-system, sans-serif;""><div style=""font-weight: bold; font-size: 16px; color: #10b981; margin-bottom: 8px;"">✓ Resposta Correcta: C</div><div style=""font-size: 14px; margin-bottom: 12px; padding: 10px; background: rgba(16,185,129,0.1); border-radius: 6px; border-left: 4px solid #10b981;"">C) Subministrament permanent sense emmagatzematge local.</div><hr style=""border: 0; border-top: 1px solid #ddd; margin: 12px 0;""><div style=""font-size: 13px; color: #444; line-height: 1.4;""><b style=""color: #111;"">Explicació:</b> La xarxa canalitzada evita haver d’emmagatzemar combustible a l’habitatge.</div></div>","T12_-_Installacions","16202"
"<div style=""text-align: left; font-family: -apple-system, sans-serif;""><div style=""font-size: 11px; color: #888; margin-bottom: 6px;"">[T12 - Instal·lacions] Pregunta 472</div><div style=""font-weight: bold; font-size: 16px; margin-bottom: 14px; line-height: 1.4;"">Després d’una lectura negativa amb un detector sense contacte, què cal fer abans d’actuar?</div><div style=""font-size: 14px; line-height: 1.6;""><div style=""padding: 5px 0;""><b>A)</b> Considerar el circuit segur si el detector no pita en dos punts diferents.</div><div style=""padding: 5px 0;""><b>B)</b> Fer una segona comprovació adequada per confirmar l’absència real de tensió.</div><div style=""padding: 5px 0;""><b>C)</b> Mesurar únicament la continuïtat per confirmar que el circuit està desconnectat.</div><div style=""padding: 5px 0;""><b>D)</b> Repetir la prova amb el mateix detector tocant el conductor nu.</div></div></div>","<div style=""text-align: left; font-family: -apple-system, sans-serif;""><div style=""font-weight: bold; font-size: 16px; color: #10b981; margin-bottom: 8px;"">✓ Resposta Correcta: B</div><div style=""font-size: 14px; margin-bottom: 12px; padding: 10px; background: rgba(16,185,129,0.1); border-radius: 6px; border-left: 4px solid #10b981;"">B) Fer una segona comprovació adequada per confirmar l’absència real de tensió.</div><hr style=""border: 0; border-top: 1px solid #ddd; margin: 12px 0;""><div style=""font-size: 13px; color: #444; line-height: 1.4;""><b style=""color: #111;"">Explicació:</b> Una lectura negativa d’aquest detector no és suficient per declarar un circuit sense tensió.</div></div>","T12_-_Installacions","16018"
"<div style=""text-align: left; font-family: -apple-system, sans-serif;""><div style=""font-size: 11px; color: #888; margin-bottom: 6px;"">[T12 - Instal·lacions] Pregunta 473</div><div style=""font-weight: bold; font-size: 16px; margin-bottom: 14px; line-height: 1.4;"">Quants conductors de fase hi ha si una línia trifàsica té dos circuits?</div><div style=""font-size: 14px; line-height: 1.6;""><div style=""padding: 5px 0;""><b>A)</b> Vuit conductors.</div><div style=""padding: 5px 0;""><b>B)</b> Quatre conductors.</div><div style=""padding: 5px 0;""><b>C)</b> Tres conductors.</div><div style=""padding: 5px 0;""><b>D)</b> Sis conductors.</div></div></div>","<div style=""text-align: left; font-family: -apple-system, sans-serif;""><div style=""font-weight: bold; font-size: 16px; color: #10b981; margin-bottom: 8px;"">✓ Resposta Correcta: D</div><div style=""font-size: 14px; margin-bottom: 12px; padding: 10px; background: rgba(16,185,129,0.1); border-radius: 6px; border-left: 4px solid #10b981;"">D) Sis conductors.</div><hr style=""border: 0; border-top: 1px solid #ddd; margin: 12px 0;""><div style=""font-size: 13px; color: #444; line-height: 1.4;""><b style=""color: #111;"">Explicació:</b> Dos circuits trifàsics aporten tres conductors cadascun, és a dir, sis conductors de fase.</div></div>","T12_-_Installacions","15818"
"<div style=""text-align: left; font-family: -apple-system, sans-serif;""><div style=""font-size: 11px; color: #888; margin-bottom: 6px;"">[T12 - Instal·lacions] Pregunta 474</div><div style=""font-weight: bold; font-size: 16px; margin-bottom: 14px; line-height: 1.4;"">Si un dispositiu combina IGA i protecció contra sobretensions, què continua sent necessari als circuits interiors?</div><div style=""font-size: 14px; line-height: 1.6;""><div style=""padding: 5px 0;""><b>A)</b> Connectar cada circuit directament a la derivació individual.</div><div style=""padding: 5px 0;""><b>B)</b> Eliminar tots els interruptors diferencials.</div><div style=""padding: 5px 0;""><b>C)</b> Magnetotèrmics específics per protegir els circuits.</div><div style=""padding: 5px 0;""><b>D)</b> Instal·lar un fusible en sèrie amb cada receptor.</div></div></div>","<div style=""text-align: left; font-family: -apple-system, sans-serif;""><div style=""font-weight: bold; font-size: 16px; color: #10b981; margin-bottom: 8px;"">✓ Resposta Correcta: C</div><div style=""font-size: 14px; margin-bottom: 12px; padding: 10px; background: rgba(16,185,129,0.1); border-radius: 6px; border-left: 4px solid #10b981;"">C) Magnetotèrmics específics per protegir els circuits.</div><hr style=""border: 0; border-top: 1px solid #ddd; margin: 12px 0;""><div style=""font-size: 13px; color: #444; line-height: 1.4;""><b style=""color: #111;"">Explicació:</b> La protecció general no substitueix els magnetotèrmics que protegeixen individualment els circuits.</div></div>","T12_-_Installacions","16007"
"<div style=""text-align: left; font-family: -apple-system, sans-serif;""><div style=""font-size: 11px; color: #888; margin-bottom: 6px;"">[T12 - Instal·lacions] Pregunta 475</div><div style=""font-weight: bold; font-size: 16px; margin-bottom: 14px; line-height: 1.4;"">Quan desconnecta la instal·lació un interruptor diferencial (ID)?</div><div style=""font-size: 14px; line-height: 1.6;""><div style=""padding: 5px 0;""><b>A)</b> Quan detecta una fuita de corrent a terra.</div><div style=""padding: 5px 0;""><b>B)</b> Quan la potència demandada supera la contractada.</div><div style=""padding: 5px 0;""><b>C)</b> Quan la tensió d’alimentació es redueix per sota de 400 V.</div><div style=""padding: 5px 0;""><b>D)</b> Quan un circuit supera el seu corrent nominal per sobrecàrrega.</div></div></div>","<div style=""text-align: left; font-family: -apple-system, sans-serif;""><div style=""font-weight: bold; font-size: 16px; color: #10b981; margin-bottom: 8px;"">✓ Resposta Correcta: A</div><div style=""font-size: 14px; margin-bottom: 12px; padding: 10px; background: rgba(16,185,129,0.1); border-radius: 6px; border-left: 4px solid #10b981;"">A) Quan detecta una fuita de corrent a terra.</div><hr style=""border: 0; border-top: 1px solid #ddd; margin: 12px 0;""><div style=""font-size: 13px; color: #444; line-height: 1.4;""><b style=""color: #111;"">Explicació:</b> El diferencial compara els corrents i actua quan detecta una fuga cap a terra.</div></div>","T12_-_Installacions","15917"
"<div style=""text-align: left; font-family: -apple-system, sans-serif;""><div style=""font-size: 11px; color: #888; margin-bottom: 6px;"">[T12 - Instal·lacions] Pregunta 476</div><div style=""font-weight: bold; font-size: 16px; margin-bottom: 14px; line-height: 1.4;"">Quina funció tenen els sobreeixidors en una xarxa unitària de clavegueram?</div><div style=""font-size: 14px; line-height: 1.6;""><div style=""padding: 5px 0;""><b>A)</b> Impulsar les aigües residuals cap a una cota superior.</div><div style=""padding: 5px 0;""><b>B)</b> Retenir l’aigua fins que disminueixi el cabal.</div><div style=""padding: 5px 0;""><b>C)</b> Separar les aigües negres de les grises.</div><div style=""padding: 5px 0;""><b>D)</b> Derivar l’excés d’aigua de pluja a un curs natural.</div></div></div>","<div style=""text-align: left; font-family: -apple-system, sans-serif;""><div style=""font-weight: bold; font-size: 16px; color: #10b981; margin-bottom: 8px;"">✓ Resposta Correcta: D</div><div style=""font-size: 14px; margin-bottom: 12px; padding: 10px; background: rgba(16,185,129,0.1); border-radius: 6px; border-left: 4px solid #10b981;"">D) Derivar l’excés d’aigua de pluja a un curs natural.</div><hr style=""border: 0; border-top: 1px solid #ddd; margin: 12px 0;""><div style=""font-size: 13px; color: #444; line-height: 1.4;""><b style=""color: #111;"">Explicació:</b> Els sobreeixidors alleugen una xarxa unitària quan el cabal supera la capacitat disponible.</div></div>","T12_-_Installacions","16166"
"<div style=""text-align: left; font-family: -apple-system, sans-serif;""><div style=""font-size: 11px; color: #888; margin-bottom: 6px;"">[T12 - Instal·lacions] Pregunta 477</div><div style=""font-weight: bold; font-size: 16px; margin-bottom: 14px; line-height: 1.4;"">Quan es considera que hi ha una fuga de corrent en una instal·lació elèctrica?</div><div style=""font-size: 14px; line-height: 1.6;""><div style=""padding: 5px 0;""><b>A)</b> Quan tot el corrent retorna pel conductor neutre.</div><div style=""padding: 5px 0;""><b>B)</b> Quan la tensió entre fase i neutre disminueix lleugerament.</div><div style=""padding: 5px 0;""><b>C)</b> Quan el corrent nominal es manté estable durant un temps.</div><div style=""padding: 5px 0;""><b>D)</b> Quan part del corrent surt del circuit per un camí no previst.</div></div></div>","<div style=""text-align: left; font-family: -apple-system, sans-serif;""><div style=""font-weight: bold; font-size: 16px; color: #10b981; margin-bottom: 8px;"">✓ Resposta Correcta: D</div><div style=""font-size: 14px; margin-bottom: 12px; padding: 10px; background: rgba(16,185,129,0.1); border-radius: 6px; border-left: 4px solid #10b981;"">D) Quan part del corrent surt del circuit per un camí no previst.</div><hr style=""border: 0; border-top: 1px solid #ddd; margin: 12px 0;""><div style=""font-size: 13px; color: #444; line-height: 1.4;""><b style=""color: #111;"">Explicació:</b> Una fuga implica que una part del corrent no segueix el recorregut elèctric previst.</div></div>","T12_-_Installacions","15972"
"<div style=""text-align: left; font-family: -apple-system, sans-serif;""><div style=""font-size: 11px; color: #888; margin-bottom: 6px;"">[T12 - Instal·lacions] Pregunta 478</div><div style=""font-weight: bold; font-size: 16px; margin-bottom: 14px; line-height: 1.4;"">Quina protecció provoca l’aturada de l’inversor en una instal·lació on-grid quan falla la xarxa?</div><div style=""font-size: 14px; line-height: 1.6;""><div style=""padding: 5px 0;""><b>A)</b> La detecció de fuites del generador.</div><div style=""padding: 5px 0;""><b>B)</b> La protecció contra sobrecàrregues.</div><div style=""padding: 5px 0;""><b>C)</b> La protecció anti-illa.</div><div style=""padding: 5px 0;""><b>D)</b> La protecció diferencial.</div></div></div>","<div style=""text-align: left; font-family: -apple-system, sans-serif;""><div style=""font-weight: bold; font-size: 16px; color: #10b981; margin-bottom: 8px;"">✓ Resposta Correcta: C</div><div style=""font-size: 14px; margin-bottom: 12px; padding: 10px; background: rgba(16,185,129,0.1); border-radius: 6px; border-left: 4px solid #10b981;"">C) La protecció anti-illa.</div><hr style=""border: 0; border-top: 1px solid #ddd; margin: 12px 0;""><div style=""font-size: 13px; color: #444; line-height: 1.4;""><b style=""color: #111;"">Explicació:</b> La protecció anti-illa impedeix que l’inversor on-grid continuï alimentant la instal·lació quan la xarxa queda sense tensió.</div></div>","T12_-_Installacions","15724"
"<div style=""text-align: left; font-family: -apple-system, sans-serif;""><div style=""font-size: 11px; color: #888; margin-bottom: 6px;"">[T12 - Instal·lacions] Pregunta 479</div><div style=""font-weight: bold; font-size: 16px; margin-bottom: 14px; line-height: 1.4;"">Quina aplicació és habitual d’una xarxa de gas APA?</div><div style=""font-size: 14px; line-height: 1.6;""><div style=""padding: 5px 0;""><b>A)</b> Distribució urbana principal i alimentació d’estacions de regulació.</div><div style=""padding: 5px 0;""><b>B)</b> Instal·lacions receptores domèstiques.</div><div style=""padding: 5px 0;""><b>C)</b> Distribució a petits consumidors.</div><div style=""padding: 5px 0;""><b>D)</b> Distribució interior després de la regulació final.</div></div></div>","<div style=""text-align: left; font-family: -apple-system, sans-serif;""><div style=""font-weight: bold; font-size: 16px; color: #10b981; margin-bottom: 8px;"">✓ Resposta Correcta: A</div><div style=""font-size: 14px; margin-bottom: 12px; padding: 10px; background: rgba(16,185,129,0.1); border-radius: 6px; border-left: 4px solid #10b981;"">A) Distribució urbana principal i alimentació d’estacions de regulació.</div><hr style=""border: 0; border-top: 1px solid #ddd; margin: 12px 0;""><div style=""font-size: 13px; color: #444; line-height: 1.4;""><b style=""color: #111;"">Explicació:</b> Les xarxes APA s’utilitzen en distribució urbana principal i per alimentar estacions de regulació.</div></div>","T12_-_Installacions","16245"
"<div style=""text-align: left; font-family: -apple-system, sans-serif;""><div style=""font-size: 11px; color: #888; margin-bottom: 6px;"">[T12 - Instal·lacions] Pregunta 480</div><div style=""font-weight: bold; font-size: 16px; margin-bottom: 14px; line-height: 1.4;"">Una xarxa de gas que treballa a 10 bar, com es classifica?</div><div style=""font-size: 14px; line-height: 1.6;""><div style=""padding: 5px 0;""><b>A)</b> APB.</div><div style=""padding: 5px 0;""><b>B)</b> MPA.</div><div style=""padding: 5px 0;""><b>C)</b> APA.</div><div style=""padding: 5px 0;""><b>D)</b> MPB.</div></div></div>","<div style=""text-align: left; font-family: -apple-system, sans-serif;""><div style=""font-weight: bold; font-size: 16px; color: #10b981; margin-bottom: 8px;"">✓ Resposta Correcta: C</div><div style=""font-size: 14px; margin-bottom: 12px; padding: 10px; background: rgba(16,185,129,0.1); border-radius: 6px; border-left: 4px solid #10b981;"">C) APA.</div><hr style=""border: 0; border-top: 1px solid #ddd; margin: 12px 0;""><div style=""font-size: 13px; color: #444; line-height: 1.4;""><b style=""color: #111;"">Explicació:</b> 10 bar es troba dins el rang de més de 4 bar i fins a 16 bar.</div></div>","T12_-_Installacions","16253"
"<div style=""text-align: left; font-family: -apple-system, sans-serif;""><div style=""font-size: 11px; color: #888; margin-bottom: 6px;"">[T12 - Instal·lacions] Pregunta 481</div><div style=""font-weight: bold; font-size: 16px; margin-bottom: 14px; line-height: 1.4;"">Quina funció té la xarxa de sanejament d’aigua d’un edifici?</div><div style=""font-size: 14px; line-height: 1.6;""><div style=""padding: 5px 0;""><b>A)</b> Distribuir aigua potable.</div><div style=""padding: 5px 0;""><b>B)</b> Evacuar aigües residuals i pluvials.</div><div style=""padding: 5px 0;""><b>C)</b> Alimentar els comptadors divisionaris.</div><div style=""padding: 5px 0;""><b>D)</b> Mantenir la pressió de consum.</div></div></div>","<div style=""text-align: left; font-family: -apple-system, sans-serif;""><div style=""font-weight: bold; font-size: 16px; color: #10b981; margin-bottom: 8px;"">✓ Resposta Correcta: B</div><div style=""font-size: 14px; margin-bottom: 12px; padding: 10px; background: rgba(16,185,129,0.1); border-radius: 6px; border-left: 4px solid #10b981;"">B) Evacuar aigües residuals i pluvials.</div><hr style=""border: 0; border-top: 1px solid #ddd; margin: 12px 0;""><div style=""font-size: 13px; color: #444; line-height: 1.4;""><b style=""color: #111;"">Explicació:</b> El sanejament recull i evacua aigües residuals i pluvials.</div></div>","T12_-_Installacions","16095"
"<div style=""text-align: left; font-family: -apple-system, sans-serif;""><div style=""font-size: 11px; color: #888; margin-bottom: 6px;"">[T12 - Instal·lacions] Pregunta 482</div><div style=""font-weight: bold; font-size: 16px; margin-bottom: 14px; line-height: 1.4;"">En quines instal·lacions de corrent continu és habitual trobar fusibles específics?</div><div style=""font-size: 14px; line-height: 1.6;""><div style=""padding: 5px 0;""><b>A)</b> En circuits de telefonia i comunicacions sense potència.</div><div style=""padding: 5px 0;""><b>B)</b> En sistemes diferencials de 30 mA de corrent altern.</div><div style=""padding: 5px 0;""><b>C)</b> En instal·lacions fotovoltaiques i bateries.</div><div style=""padding: 5px 0;""><b>D)</b> En proteccions permanents connectades només al neutre.</div></div></div>","<div style=""text-align: left; font-family: -apple-system, sans-serif;""><div style=""font-weight: bold; font-size: 16px; color: #10b981; margin-bottom: 8px;"">✓ Resposta Correcta: C</div><div style=""font-size: 14px; margin-bottom: 12px; padding: 10px; background: rgba(16,185,129,0.1); border-radius: 6px; border-left: 4px solid #10b981;"">C) En instal·lacions fotovoltaiques i bateries.</div><hr style=""border: 0; border-top: 1px solid #ddd; margin: 12px 0;""><div style=""font-size: 13px; color: #444; line-height: 1.4;""><b style=""color: #111;"">Explicació:</b> La fotovoltaica i les bateries utilitzen circuits DC que requereixen fusibles adequats a corrent continu.</div></div>","T12_-_Installacions","15950"
"<div style=""text-align: left; font-family: -apple-system, sans-serif;""><div style=""font-size: 11px; color: #888; margin-bottom: 6px;"">[T12 - Instal·lacions] Pregunta 483</div><div style=""font-weight: bold; font-size: 16px; margin-bottom: 14px; line-height: 1.4;"">Quins són els elements bàsics d’una instal·lació domèstica amb bombona de GLP?</div><div style=""font-size: 14px; line-height: 1.6;""><div style=""padding: 5px 0;""><b>A)</b> Bombona, bomba i vàlvula reductora.</div><div style=""padding: 5px 0;""><b>B)</b> Dipòsit, manòmetre i escomesa.</div><div style=""padding: 5px 0;""><b>C)</b> Bombona, comptador i baixant.</div><div style=""padding: 5px 0;""><b>D)</b> Bombona, regulador i tub flexible.</div></div></div>","<div style=""text-align: left; font-family: -apple-system, sans-serif;""><div style=""font-weight: bold; font-size: 16px; color: #10b981; margin-bottom: 8px;"">✓ Resposta Correcta: D</div><div style=""font-size: 14px; margin-bottom: 12px; padding: 10px; background: rgba(16,185,129,0.1); border-radius: 6px; border-left: 4px solid #10b981;"">D) Bombona, regulador i tub flexible.</div><hr style=""border: 0; border-top: 1px solid #ddd; margin: 12px 0;""><div style=""font-size: 13px; color: #444; line-height: 1.4;""><b style=""color: #111;"">Explicació:</b> La instal·lació domèstica amb bombona es basa en aquests tres elements.</div></div>","T12_-_Installacions","16193"
"<div style=""text-align: left; font-family: -apple-system, sans-serif;""><div style=""font-size: 11px; color: #888; margin-bottom: 6px;"">[T12 - Instal·lacions] Pregunta 484</div><div style=""font-weight: bold; font-size: 16px; margin-bottom: 14px; line-height: 1.4;"">Com és una sobretensió permanent?</div><div style=""font-size: 14px; line-height: 1.6;""><div style=""padding: 5px 0;""><b>A)</b> Un curtcircuit d’intensitat molt elevada.</div><div style=""padding: 5px 0;""><b>B)</b> Un pic molt breu de mil·lisegons.</div><div style=""padding: 5px 0;""><b>C)</b> Un augment de tensió que es manté durant un temps.</div><div style=""padding: 5px 0;""><b>D)</b> Una diferència de corrent entre fase i neutre.</div></div></div>","<div style=""text-align: left; font-family: -apple-system, sans-serif;""><div style=""font-weight: bold; font-size: 16px; color: #10b981; margin-bottom: 8px;"">✓ Resposta Correcta: C</div><div style=""font-size: 14px; margin-bottom: 12px; padding: 10px; background: rgba(16,185,129,0.1); border-radius: 6px; border-left: 4px solid #10b981;"">C) Un augment de tensió que es manté durant un temps.</div><hr style=""border: 0; border-top: 1px solid #ddd; margin: 12px 0;""><div style=""font-size: 13px; color: #444; line-height: 1.4;""><b style=""color: #111;"">Explicació:</b> Les sobretensions permanents es caracteritzen per una tensió excessiva sostinguda.</div></div>","T12_-_Installacions","16001"
"<div style=""text-align: left; font-family: -apple-system, sans-serif;""><div style=""font-size: 11px; color: #888; margin-bottom: 6px;"">[T12 - Instal·lacions] Pregunta 485</div><div style=""font-weight: bold; font-size: 16px; margin-bottom: 14px; line-height: 1.4;"">Com es poden disposar els comptadors en un edifici plurifamiliar?</div><div style=""font-size: 14px; line-height: 1.6;""><div style=""padding: 5px 0;""><b>A)</b> Instal·lats a la coberta.</div><div style=""padding: 5px 0;""><b>B)</b> Centralitzats en un local específic.</div><div style=""padding: 5px 0;""><b>C)</b> Agrupats a l’escomesa pública.</div><div style=""padding: 5px 0;""><b>D)</b> Integrats dins cada aparell.</div></div></div>","<div style=""text-align: left; font-family: -apple-system, sans-serif;""><div style=""font-weight: bold; font-size: 16px; color: #10b981; margin-bottom: 8px;"">✓ Resposta Correcta: B</div><div style=""font-size: 14px; margin-bottom: 12px; padding: 10px; background: rgba(16,185,129,0.1); border-radius: 6px; border-left: 4px solid #10b981;"">B) Centralitzats en un local específic.</div><hr style=""border: 0; border-top: 1px solid #ddd; margin: 12px 0;""><div style=""font-size: 13px; color: #444; line-height: 1.4;""><b style=""color: #111;"">Explicació:</b> En edificis plurifamiliars poden centralitzar-se en un local del qual surten derivacions individuals.</div></div>","T12_-_Installacions","16284"
"<div style=""text-align: left; font-family: -apple-system, sans-serif;""><div style=""font-size: 11px; color: #888; margin-bottom: 6px;"">[T12 - Instal·lacions] Pregunta 486</div><div style=""font-weight: bold; font-size: 16px; margin-bottom: 14px; line-height: 1.4;"">Davant de quins fenòmens actuen els aparells de protecció d’una subestació de transforació?</div><div style=""font-size: 14px; line-height: 1.6;""><div style=""padding: 5px 0;""><b>A)</b> Variacions de demanda i falta d’emmagatzematge.</div><div style=""padding: 5px 0;""><b>B)</b> Pèrdua d’aigua i falta de combustible.</div><div style=""padding: 5px 0;""><b>C)</b> Sobretensions i sobrecorrents.</div><div style=""padding: 5px 0;""><b>D)</b> Baixa radiació solar i manca de vent.</div></div></div>","<div style=""text-align: left; font-family: -apple-system, sans-serif;""><div style=""font-weight: bold; font-size: 16px; color: #10b981; margin-bottom: 8px;"">✓ Resposta Correcta: C</div><div style=""font-size: 14px; margin-bottom: 12px; padding: 10px; background: rgba(16,185,129,0.1); border-radius: 6px; border-left: 4px solid #10b981;"">C) Sobretensions i sobrecorrents.</div><hr style=""border: 0; border-top: 1px solid #ddd; margin: 12px 0;""><div style=""font-size: 13px; color: #444; line-height: 1.4;""><b style=""color: #111;"">Explicació:</b> Els aparells de protecció de la subestació contemplen, entre altres, sobretensions i sobrecorrents.</div></div>","T12_-_Installacions","15842"
"<div style=""text-align: left; font-family: -apple-system, sans-serif;""><div style=""font-size: 11px; color: #888; margin-bottom: 6px;"">[T12 - Instal·lacions] Pregunta 487</div><div style=""font-weight: bold; font-size: 16px; margin-bottom: 14px; line-height: 1.4;"">Com han d’anar habitualment les canonades interiors d’una instal·lació domèstica de gas?</div><div style=""font-size: 14px; line-height: 1.6;""><div style=""padding: 5px 0;""><b>A)</b> Soterrades dins l’habitatge.</div><div style=""padding: 5px 0;""><b>B)</b> Vistes.</div><div style=""padding: 5px 0;""><b>C)</b> Ocultes dins elements estructurals.</div><div style=""padding: 5px 0;""><b>D)</b> Encastades sense registre.</div></div></div>","<div style=""text-align: left; font-family: -apple-system, sans-serif;""><div style=""font-weight: bold; font-size: 16px; color: #10b981; margin-bottom: 8px;"">✓ Resposta Correcta: B</div><div style=""font-size: 14px; margin-bottom: 12px; padding: 10px; background: rgba(16,185,129,0.1); border-radius: 6px; border-left: 4px solid #10b981;"">B) Vistes.</div><hr style=""border: 0; border-top: 1px solid #ddd; margin: 12px 0;""><div style=""font-size: 13px; color: #444; line-height: 1.4;""><b style=""color: #111;"">Explicació:</b> Les canonades interiors s’han de poder inspeccionar amb facilitat.</div></div>","T12_-_Installacions","16256"
"<div style=""text-align: left; font-family: -apple-system, sans-serif;""><div style=""font-size: 11px; color: #888; margin-bottom: 6px;"">[T12 - Instal·lacions] Pregunta 488</div><div style=""font-weight: bold; font-size: 16px; margin-bottom: 14px; line-height: 1.4;"">De quin material són habitualment els tubs flexibles homologats per a GLP?</div><div style=""font-size: 14px; line-height: 1.6;""><div style=""padding: 5px 0;""><b>A)</b> D’elastòmers.</div><div style=""padding: 5px 0;""><b>B)</b> De coure recuit.</div><div style=""padding: 5px 0;""><b>C)</b> De polietilè rígid.</div><div style=""padding: 5px 0;""><b>D)</b> D’acer galvanitzat.</div></div></div>","<div style=""text-align: left; font-family: -apple-system, sans-serif;""><div style=""font-weight: bold; font-size: 16px; color: #10b981; margin-bottom: 8px;"">✓ Resposta Correcta: A</div><div style=""font-size: 14px; margin-bottom: 12px; padding: 10px; background: rgba(16,185,129,0.1); border-radius: 6px; border-left: 4px solid #10b981;"">A) D’elastòmers.</div><hr style=""border: 0; border-top: 1px solid #ddd; margin: 12px 0;""><div style=""font-size: 13px; color: #444; line-height: 1.4;""><b style=""color: #111;"">Explicació:</b> Els tubs flexibles homologats habituals estan fabricats amb elastòmers.</div></div>","T12_-_Installacions","16195"
"<div style=""text-align: left; font-family: -apple-system, sans-serif;""><div style=""font-size: 11px; color: #888; margin-bottom: 6px;"">[T12 - Instal·lacions] Pregunta 489</div><div style=""font-weight: bold; font-size: 16px; margin-bottom: 14px; line-height: 1.4;"">Com s’integra habitualment un grup electrogen fix?</div><div style=""font-size: 14px; line-height: 1.6;""><div style=""padding: 5px 0;""><b>A)</b> Com un sistema on-grid sense acumulació.</div><div style=""padding: 5px 0;""><b>B)</b> Com un equip portàtil amb proteccions molt limitades.</div><div style=""padding: 5px 0;""><b>C)</b> Com un generador aïllat sense bateries d’ús diari.</div><div style=""padding: 5px 0;""><b>D)</b> Com a part d’una instal·lació completa i protegida.</div></div></div>","<div style=""text-align: left; font-family: -apple-system, sans-serif;""><div style=""font-weight: bold; font-size: 16px; color: #10b981; margin-bottom: 8px;"">✓ Resposta Correcta: D</div><div style=""font-size: 14px; margin-bottom: 12px; padding: 10px; background: rgba(16,185,129,0.1); border-radius: 6px; border-left: 4px solid #10b981;"">D) Com a part d’una instal·lació completa i protegida.</div><hr style=""border: 0; border-top: 1px solid #ddd; margin: 12px 0;""><div style=""font-size: 13px; color: #444; line-height: 1.4;""><b style=""color: #111;"">Explicació:</b> Els grups fixos formen part d’una instal·lació més completa i protegida que els equips portàtils.</div></div>","T12_-_Installacions","15739"
"<div style=""text-align: left; font-family: -apple-system, sans-serif;""><div style=""font-size: 11px; color: #888; margin-bottom: 6px;"">[T12 - Instal·lacions] Pregunta 490</div><div style=""font-weight: bold; font-size: 16px; margin-bottom: 14px; line-height: 1.4;"">Com s’uneixen les canonades de polietilè per a gas?</div><div style=""font-size: 14px; line-height: 1.6;""><div style=""padding: 5px 0;""><b>A)</b> Per rosca cònica.</div><div style=""padding: 5px 0;""><b>B)</b> Per brides metàl·liques.</div><div style=""padding: 5px 0;""><b>C)</b> Per soldadura capil·lar.</div><div style=""padding: 5px 0;""><b>D)</b> Per electrofusió o termofusió.</div></div></div>","<div style=""text-align: left; font-family: -apple-system, sans-serif;""><div style=""font-weight: bold; font-size: 16px; color: #10b981; margin-bottom: 8px;"">✓ Resposta Correcta: D</div><div style=""font-size: 14px; margin-bottom: 12px; padding: 10px; background: rgba(16,185,129,0.1); border-radius: 6px; border-left: 4px solid #10b981;"">D) Per electrofusió o termofusió.</div><hr style=""border: 0; border-top: 1px solid #ddd; margin: 12px 0;""><div style=""font-size: 13px; color: #444; line-height: 1.4;""><b style=""color: #111;"">Explicació:</b> Les unions de polietilè es fan mitjançant tècniques de fusió.</div></div>","T12_-_Installacions","16229"
"<div style=""text-align: left; font-family: -apple-system, sans-serif;""><div style=""font-size: 11px; color: #888; margin-bottom: 6px;"">[T12 - Instal·lacions] Pregunta 491</div><div style=""font-weight: bold; font-size: 16px; margin-bottom: 14px; line-height: 1.4;"">Quina funció té l’embeinat d’una canonada de gas oculta?</div><div style=""font-size: 14px; line-height: 1.6;""><div style=""padding: 5px 0;""><b>A)</b> Reduir-ne el cabal.</div><div style=""padding: 5px 0;""><b>B)</b> Protegir-la i permetre ventilar possibles fuites.</div><div style=""padding: 5px 0;""><b>C)</b> Augmentar-ne la pressió de servei.</div><div style=""padding: 5px 0;""><b>D)</b> Evitar-ne la dilatació tèrmica.</div></div></div>","<div style=""text-align: left; font-family: -apple-system, sans-serif;""><div style=""font-weight: bold; font-size: 16px; color: #10b981; margin-bottom: 8px;"">✓ Resposta Correcta: B</div><div style=""font-size: 14px; margin-bottom: 12px; padding: 10px; background: rgba(16,185,129,0.1); border-radius: 6px; border-left: 4px solid #10b981;"">B) Protegir-la i permetre ventilar possibles fuites.</div><hr style=""border: 0; border-top: 1px solid #ddd; margin: 12px 0;""><div style=""font-size: 13px; color: #444; line-height: 1.4;""><b style=""color: #111;"">Explicació:</b> L’embeinat aporta protecció mecànica i facilita el control o ventilació d’una possible fuita.</div></div>","T12_-_Installacions","16259"
"<div style=""text-align: left; font-family: -apple-system, sans-serif;""><div style=""font-size: 11px; color: #888; margin-bottom: 6px;"">[T12 - Instal·lacions] Pregunta 492</div><div style=""font-weight: bold; font-size: 16px; margin-bottom: 14px; line-height: 1.4;"">Quina distància màxima s’indica entre registres d’un col·lector soterrat?</div><div style=""font-size: 14px; line-height: 1.6;""><div style=""padding: 5px 0;""><b>A)</b> 10 m.</div><div style=""padding: 5px 0;""><b>B)</b> 25 m.</div><div style=""padding: 5px 0;""><b>C)</b> 20 m.</div><div style=""padding: 5px 0;""><b>D)</b> 15 m.</div></div></div>","<div style=""text-align: left; font-family: -apple-system, sans-serif;""><div style=""font-weight: bold; font-size: 16px; color: #10b981; margin-bottom: 8px;"">✓ Resposta Correcta: D</div><div style=""font-size: 14px; margin-bottom: 12px; padding: 10px; background: rgba(16,185,129,0.1); border-radius: 6px; border-left: 4px solid #10b981;"">D) 15 m.</div><hr style=""border: 0; border-top: 1px solid #ddd; margin: 12px 0;""><div style=""font-size: 13px; color: #444; line-height: 1.4;""><b style=""color: #111;"">Explicació:</b> Els registres s’han de distribuir amb una separació màxima de 15 metres.</div></div>","T12_-_Installacions","16183"
"<div style=""text-align: left; font-family: -apple-system, sans-serif;""><div style=""font-size: 11px; color: #888; margin-bottom: 6px;"">[T12 - Instal·lacions] Pregunta 493</div><div style=""font-weight: bold; font-size: 16px; margin-bottom: 14px; line-height: 1.4;"">Què ha d’indicar la senyalització de la zona de treball elèctric?</div><div style=""font-size: 14px; line-height: 1.6;""><div style=""padding: 5px 0;""><b>A)</b> El rang de tensió seleccionat als aparells de mesura.</div><div style=""padding: 5px 0;""><b>B)</b> La sensibilitat dels diferencials instal·lats a la zona.</div><div style=""padding: 5px 0;""><b>C)</b> El perill i la prohibició d’accés accidental.</div><div style=""padding: 5px 0;""><b>D)</b> La intensitat màxima admissible del circuit desconnectat.</div></div></div>","<div style=""text-align: left; font-family: -apple-system, sans-serif;""><div style=""font-weight: bold; font-size: 16px; color: #10b981; margin-bottom: 8px;"">✓ Resposta Correcta: C</div><div style=""font-size: 14px; margin-bottom: 12px; padding: 10px; background: rgba(16,185,129,0.1); border-radius: 6px; border-left: 4px solid #10b981;"">C) El perill i la prohibició d’accés accidental.</div><hr style=""border: 0; border-top: 1px solid #ddd; margin: 12px 0;""><div style=""font-size: 13px; color: #444; line-height: 1.4;""><b style=""color: #111;"">Explicació:</b> La senyalització serveix per advertir del risc i evitar entrades no autoritzades.</div></div>","T12_-_Installacions","16069"
"<div style=""text-align: left; font-family: -apple-system, sans-serif;""><div style=""font-size: 11px; color: #888; margin-bottom: 6px;"">[T12 - Instal·lacions] Pregunta 494</div><div style=""font-weight: bold; font-size: 16px; margin-bottom: 14px; line-height: 1.4;"">Com actua el conductor intern d’un fusible davant una sobreintensitat suficient?</div><div style=""font-size: 14px; line-height: 1.6;""><div style=""padding: 5px 0;""><b>A)</b> Es dilata i redueix gradualment la tensió del circuit.</div><div style=""padding: 5px 0;""><b>B)</b> Es magnetitza i manté obert el neutre.</div><div style=""padding: 5px 0;""><b>C)</b> Es fon i obre el circuit.</div><div style=""padding: 5px 0;""><b>D)</b> Es desplaça mecànicament i deriva el corrent a terra.</div></div></div>","<div style=""text-align: left; font-family: -apple-system, sans-serif;""><div style=""font-weight: bold; font-size: 16px; color: #10b981; margin-bottom: 8px;"">✓ Resposta Correcta: C</div><div style=""font-size: 14px; margin-bottom: 12px; padding: 10px; background: rgba(16,185,129,0.1); border-radius: 6px; border-left: 4px solid #10b981;"">C) Es fon i obre el circuit.</div><hr style=""border: 0; border-top: 1px solid #ddd; margin: 12px 0;""><div style=""font-size: 13px; color: #444; line-height: 1.4;""><b style=""color: #111;"">Explicació:</b> La fusió del conductor interromp el pas de corrent i deixa el circuit obert.</div></div>","T12_-_Installacions","15932"
"<div style=""text-align: left; font-family: -apple-system, sans-serif;""><div style=""font-size: 11px; color: #888; margin-bottom: 6px;"">[T12 - Instal·lacions] Pregunta 495</div><div style=""font-weight: bold; font-size: 16px; margin-bottom: 14px; line-height: 1.4;"">Quina funció té la xarxa de distribució de gas?</div><div style=""font-size: 14px; line-height: 1.6;""><div style=""padding: 5px 0;""><b>A)</b> Liquar el gas abans de l’escomesa.</div><div style=""padding: 5px 0;""><b>B)</b> Portar el gas fins als usuaris finals.</div><div style=""padding: 5px 0;""><b>C)</b> Transportar GNL entre plantes.</div><div style=""padding: 5px 0;""><b>D)</b> Emmagatzemar gas abans del transport.</div></div></div>","<div style=""text-align: left; font-family: -apple-system, sans-serif;""><div style=""font-weight: bold; font-size: 16px; color: #10b981; margin-bottom: 8px;"">✓ Resposta Correcta: B</div><div style=""font-size: 14px; margin-bottom: 12px; padding: 10px; background: rgba(16,185,129,0.1); border-radius: 6px; border-left: 4px solid #10b981;"">B) Portar el gas fins als usuaris finals.</div><hr style=""border: 0; border-top: 1px solid #ddd; margin: 12px 0;""><div style=""font-size: 13px; color: #444; line-height: 1.4;""><b style=""color: #111;"">Explicació:</b> La xarxa de distribució aproxima el gas als punts finals de consum.</div></div>","T12_-_Installacions","16216"
"<div style=""text-align: left; font-family: -apple-system, sans-serif;""><div style=""font-size: 11px; color: #888; margin-bottom: 6px;"">[T12 - Instal·lacions] Pregunta 496</div><div style=""font-weight: bold; font-size: 16px; margin-bottom: 14px; line-height: 1.4;"">Quina característica elèctrica s’ha de respectar en un fusible pel tipus de corrent?</div><div style=""font-size: 14px; line-height: 1.6;""><div style=""padding: 5px 0;""><b>A)</b> Ha de ser sempre d’AC, encara que el circuit sigui de DC.</div><div style=""padding: 5px 0;""><b>B)</b> Ha de ser sempre de DC perquè l’arc sigui més fàcil d’extingir.</div><div style=""padding: 5px 0;""><b>C)</b> Ha d’estar dissenyat per treballar en AC o en DC, segons el circuit.</div><div style=""padding: 5px 0;""><b>D)</b> El tipus AC o DC és indiferent si la intensitat nominal coincideix.</div></div></div>","<div style=""text-align: left; font-family: -apple-system, sans-serif;""><div style=""font-weight: bold; font-size: 16px; color: #10b981; margin-bottom: 8px;"">✓ Resposta Correcta: C</div><div style=""font-size: 14px; margin-bottom: 12px; padding: 10px; background: rgba(16,185,129,0.1); border-radius: 6px; border-left: 4px solid #10b981;"">C) Ha d’estar dissenyat per treballar en AC o en DC, segons el circuit.</div><hr style=""border: 0; border-top: 1px solid #ddd; margin: 12px 0;""><div style=""font-size: 13px; color: #444; line-height: 1.4;""><b style=""color: #111;"">Explicació:</b> L’extinció de l’arc és diferent en corrent altern i continu, per això el fusible ha de ser adequat al circuit.</div></div>","T12_-_Installacions","15941"
"<div style=""text-align: left; font-family: -apple-system, sans-serif;""><div style=""font-size: 11px; color: #888; margin-bottom: 6px;"">[T12 - Instal·lacions] Pregunta 497</div><div style=""font-weight: bold; font-size: 16px; margin-bottom: 14px; line-height: 1.4;"">Quina característica de seguretat presenta habitualment un fusible BUC de ganiveta?</div><div style=""font-size: 14px; line-height: 1.6;""><div style=""padding: 5px 0;""><b>A)</b> La pala incorpora un diferencial de 30 mA dins del mateix cos.</div><div style=""padding: 5px 0;""><b>B)</b> La pala queda exposada per comprovar visualment la tensió abans de retirar-la.</div><div style=""padding: 5px 0;""><b>C)</b> La pala es rearma mitjançant una palanca després de cada actuació.</div><div style=""padding: 5px 0;""><b>D)</b> La pala no es pot tocar direcatment i es manipula amb extractor o mànec aïllant.</div></div></div>","<div style=""text-align: left; font-family: -apple-system, sans-serif;""><div style=""font-weight: bold; font-size: 16px; color: #10b981; margin-bottom: 8px;"">✓ Resposta Correcta: D</div><div style=""font-size: 14px; margin-bottom: 12px; padding: 10px; background: rgba(16,185,129,0.1); border-radius: 6px; border-left: 4px solid #10b981;"">D) La pala no es pot tocar direcatment i es manipula amb extractor o mànec aïllant.</div><hr style=""border: 0; border-top: 1px solid #ddd; margin: 12px 0;""><div style=""font-size: 13px; color: #444; line-height: 1.4;""><b style=""color: #111;"">Explicació:</b> El disseny BUC redueix el contacte directe amb la pala i preveu eines adequades per a la manipulació.</div></div>","T12_-_Installacions","15947"
"<div style=""text-align: left; font-family: -apple-system, sans-serif;""><div style=""font-size: 11px; color: #888; margin-bottom: 6px;"">[T12 - Instal·lacions] Pregunta 498</div><div style=""font-weight: bold; font-size: 16px; margin-bottom: 14px; line-height: 1.4;"">Qui és responsable de conservar i mantenir les instal·lacions d’enllaç elèctriques?</div><div style=""font-size: 14px; line-height: 1.6;""><div style=""padding: 5px 0;""><b>A)</b> El titular del centre de transformació que l’alimenta.</div><div style=""padding: 5px 0;""><b>B)</b> L’administració responsable de la via pública.</div><div style=""padding: 5px 0;""><b>C)</b> L’usuari o abonat propietari de la instal·lació.</div><div style=""padding: 5px 0;""><b>D)</b> L’empresa distribuïdora propietària de la xarxa pública.</div></div></div>","<div style=""text-align: left; font-family: -apple-system, sans-serif;""><div style=""font-weight: bold; font-size: 16px; color: #10b981; margin-bottom: 8px;"">✓ Resposta Correcta: C</div><div style=""font-size: 14px; margin-bottom: 12px; padding: 10px; background: rgba(16,185,129,0.1); border-radius: 6px; border-left: 4px solid #10b981;"">C) L’usuari o abonat propietari de la instal·lació.</div><hr style=""border: 0; border-top: 1px solid #ddd; margin: 12px 0;""><div style=""font-size: 13px; color: #444; line-height: 1.4;""><b style=""color: #111;"">Explicació:</b> La responsabilitat de conservació i manteniment correspon al propietari de la instal·lació d’enllaç, és a dir, l’usuari o abonat.</div></div>","T12_-_Installacions","15873"
"<div style=""text-align: left; font-family: -apple-system, sans-serif;""><div style=""font-size: 11px; color: #888; margin-bottom: 6px;"">[T12 - Instal·lacions] Pregunta 499</div><div style=""font-weight: bold; font-size: 16px; margin-bottom: 14px; line-height: 1.4;"">Què es pot concloure si un detector sense contacte no emet cap senyal?</div><div style=""font-size: 14px; line-height: 1.6;""><div style=""padding: 5px 0;""><b>A)</b> No es pot assegurar per si sol que el circuit estigui sense tensió.</div><div style=""padding: 5px 0;""><b>B)</b> Es pot intervenir directament si el detector ha funcionat en una comprovació anterior.</div><div style=""padding: 5px 0;""><b>C)</b> Es pot considerar que no hi ha tensió si el detector està dins del seu rang nominal.</div><div style=""padding: 5px 0;""><b>D)</b> Es pot descartar tensió si el cable està aïllat i el detector no hi respon.</div></div></div>","<div style=""text-align: left; font-family: -apple-system, sans-serif;""><div style=""font-weight: bold; font-size: 16px; color: #10b981; margin-bottom: 8px;"">✓ Resposta Correcta: A</div><div style=""font-size: 14px; margin-bottom: 12px; padding: 10px; background: rgba(16,185,129,0.1); border-radius: 6px; border-left: 4px solid #10b981;"">A) No es pot assegurar per si sol que el circuit estigui sense tensió.</div><hr style=""border: 0; border-top: 1px solid #ddd; margin: 12px 0;""><div style=""font-size: 13px; color: #444; line-height: 1.4;""><b style=""color: #111;"">Explicació:</b> L’absència de senyal pot deure’s a la posició o a la distància i no acredita l’absència de tensió.</div></div>","T12_-_Installacions","16016"
"<div style=""text-align: left; font-family: -apple-system, sans-serif;""><div style=""font-size: 11px; color: #888; margin-bottom: 6px;"">[T12 - Instal·lacions] Pregunta 500</div><div style=""font-weight: bold; font-size: 16px; margin-bottom: 14px; line-height: 1.4;"">Quin ordre segueixen les etapes de la xarxa fins al consum final?</div><div style=""font-size: 14px; line-height: 1.6;""><div style=""padding: 5px 0;""><b>A)</b> Generació, transport, distribució i instal·lació final de consum.</div><div style=""padding: 5px 0;""><b>B)</b> Distribució, transport, generació i instal·lació final de consum.</div><div style=""padding: 5px 0;""><b>C)</b> Generació, distribució, transport i instal·lació final de consum.</div><div style=""padding: 5px 0;""><b>D)</b> Transport, generació, distribució i instal·lació final de consum.</div></div></div>","<div style=""text-align: left; font-family: -apple-system, sans-serif;""><div style=""font-weight: bold; font-size: 16px; color: #10b981; margin-bottom: 8px;"">✓ Resposta Correcta: A</div><div style=""font-size: 14px; margin-bottom: 12px; padding: 10px; background: rgba(16,185,129,0.1); border-radius: 6px; border-left: 4px solid #10b981;"">A) Generació, transport, distribució i instal·lació final de consum.</div><hr style=""border: 0; border-top: 1px solid #ddd; margin: 12px 0;""><div style=""font-size: 13px; color: #444; line-height: 1.4;""><b style=""color: #111;"">Explicació:</b> L’energia passa de la generació al transport, després a la distribució i finalment a les instal·lacions de consum.</div></div>","T12_-_Installacions","15706"
"<div style=""text-align: left; font-family: -apple-system, sans-serif;""><div style=""font-size: 11px; color: #888; margin-bottom: 6px;"">[T12 - Instal·lacions] Pregunta 501</div><div style=""font-weight: bold; font-size: 16px; margin-bottom: 14px; line-height: 1.4;"">Quin risc s’ha de considerar en un tren amb el pantògraf aixecat?</div><div style=""font-size: 14px; line-height: 1.6;""><div style=""padding: 5px 0;""><b>A)</b> El risc queda restringit al fil exterior de la catenària.</div><div style=""padding: 5px 0;""><b>B)</b> El tren queda sense elements d’alta tensió quan està aturat.</div><div style=""padding: 5px 0;""><b>C)</b> Les instal·lacions d’alta tensió del tren també poden suposar un risc.</div><div style=""padding: 5px 0;""><b>D)</b> El pantògraf aixecat desconnecta les instal·lacions elèctriques del tren.</div></div></div>","<div style=""text-align: left; font-family: -apple-system, sans-serif;""><div style=""font-weight: bold; font-size: 16px; color: #10b981; margin-bottom: 8px;"">✓ Resposta Correcta: C</div><div style=""font-size: 14px; margin-bottom: 12px; padding: 10px; background: rgba(16,185,129,0.1); border-radius: 6px; border-left: 4px solid #10b981;"">C) Les instal·lacions d’alta tensió del tren també poden suposar un risc.</div><hr style=""border: 0; border-top: 1px solid #ddd; margin: 12px 0;""><div style=""font-size: 13px; color: #444; line-height: 1.4;""><b style=""color: #111;"">Explicació:</b> Amb el pantògraf aixecat, no només la catenària és perillosa; les instal·lacions d’alta tensió del tren també representen risc.</div></div>","T12_-_Installacions","15749"
"<div style=""text-align: left; font-family: -apple-system, sans-serif;""><div style=""font-size: 11px; color: #888; margin-bottom: 6px;"">[T12 - Instal·lacions] Pregunta 502</div><div style=""font-weight: bold; font-size: 16px; margin-bottom: 14px; line-height: 1.4;"">On es pot trobar encara acer galvanitzat en instal·lacions de gas?</div><div style=""font-size: 14px; line-height: 1.6;""><div style=""padding: 5px 0;""><b>A)</b> En escomeses modernes de polietilè.</div><div style=""padding: 5px 0;""><b>B)</b> En instal·lacions antigues o circuits de GLP.</div><div style=""padding: 5px 0;""><b>C)</b> En tubs flexibles d’aparells domèstics.</div><div style=""padding: 5px 0;""><b>D)</b> En xarxes noves de gas natural d’alta pressió.</div></div></div>","<div style=""text-align: left; font-family: -apple-system, sans-serif;""><div style=""font-weight: bold; font-size: 16px; color: #10b981; margin-bottom: 8px;"">✓ Resposta Correcta: B</div><div style=""font-size: 14px; margin-bottom: 12px; padding: 10px; background: rgba(16,185,129,0.1); border-radius: 6px; border-left: 4px solid #10b981;"">B) En instal·lacions antigues o circuits de GLP.</div><hr style=""border: 0; border-top: 1px solid #ddd; margin: 12px 0;""><div style=""font-size: 13px; color: #444; line-height: 1.4;""><b style=""color: #111;"">Explicació:</b> L’acer galvanitzat està en desús per al gas natural, però pot aparèixer en instal·lacions antigues o de GLP.</div></div>","T12_-_Installacions","16232"
"<div style=""text-align: left; font-family: -apple-system, sans-serif;""><div style=""font-size: 11px; color: #888; margin-bottom: 6px;"">[T12 - Instal·lacions] Pregunta 503</div><div style=""font-weight: bold; font-size: 16px; margin-bottom: 14px; line-height: 1.4;"">Com és el sistema de corrent de les línies de transport i distribució en mitja tensió?</div><div style=""font-size: 14px; line-height: 1.6;""><div style=""padding: 5px 0;""><b>A)</b> Corrent continu monofàsic amb neutre.</div><div style=""padding: 5px 0;""><b>B)</b> Corrent altern trifàsic sense neutre.</div><div style=""padding: 5px 0;""><b>C)</b> Corrent altern monofàsic amb neutre.</div><div style=""padding: 5px 0;""><b>D)</b> Corrent continu trifàsic sense neutre.</div></div></div>","<div style=""text-align: left; font-family: -apple-system, sans-serif;""><div style=""font-weight: bold; font-size: 16px; color: #10b981; margin-bottom: 8px;"">✓ Resposta Correcta: B</div><div style=""font-size: 14px; margin-bottom: 12px; padding: 10px; background: rgba(16,185,129,0.1); border-radius: 6px; border-left: 4px solid #10b981;"">B) Corrent altern trifàsic sense neutre.</div><hr style=""border: 0; border-top: 1px solid #ddd; margin: 12px 0;""><div style=""font-size: 13px; color: #444; line-height: 1.4;""><b style=""color: #111;"">Explicació:</b> Les línies de transport i de distribució en mitjana tensió treballen en corrent altern trifàsic sense neutre.</div></div>","T12_-_Installacions","15816"
"<div style=""text-align: left; font-family: -apple-system, sans-serif;""><div style=""font-size: 11px; color: #888; margin-bottom: 6px;"">[T12 - Instal·lacions] Pregunta 504</div><div style=""font-weight: bold; font-size: 16px; margin-bottom: 14px; line-height: 1.4;"">On és habitual trobar fusibles dins les xarxes de distribució de baixa tensió?</div><div style=""font-size: 14px; line-height: 1.6;""><div style=""padding: 5px 0;""><b>A)</b> Als comptadors electrònics com a limitadors de potència.</div><div style=""padding: 5px 0;""><b>B)</b> Als interruptors diferencials i als PIAs de cada circuit.</div><div style=""padding: 5px 0;""><b>C)</b> A les caixes generals de protecció (CGP) i les ADU.</div><div style=""padding: 5px 0;""><b>D)</b> A les derivacions individuals com a dispositius de fuga a terra.</div></div></div>","<div style=""text-align: left; font-family: -apple-system, sans-serif;""><div style=""font-weight: bold; font-size: 16px; color: #10b981; margin-bottom: 8px;"">✓ Resposta Correcta: C</div><div style=""font-size: 14px; margin-bottom: 12px; padding: 10px; background: rgba(16,185,129,0.1); border-radius: 6px; border-left: 4px solid #10b981;"">C) A les caixes generals de protecció (CGP) i les ADU.</div><hr style=""border: 0; border-top: 1px solid #ddd; margin: 12px 0;""><div style=""font-size: 13px; color: #444; line-height: 1.4;""><b style=""color: #111;"">Explicació:</b> Les caixes generals de protecció i els armaris de distribució urbana utilitzen fusibles en la xarxa de BT.</div></div>","T12_-_Installacions","15949"
"<div style=""text-align: left; font-family: -apple-system, sans-serif;""><div style=""font-size: 11px; color: #888; margin-bottom: 6px;"">[T12 - Instal·lacions] Pregunta 505</div><div style=""font-weight: bold; font-size: 16px; margin-bottom: 14px; line-height: 1.4;"">Quina accessibilitat ha de tenir un regulador domèstic de gas?</div><div style=""font-size: 14px; line-height: 1.6;""><div style=""padding: 5px 0;""><b>A)</b> Grau 1 o 2.</div><div style=""padding: 5px 0;""><b>B)</b> Grau 1.</div><div style=""padding: 5px 0;""><b>C)</b> Grau 3.</div><div style=""padding: 5px 0;""><b>D)</b> Grau 2 o 3.</div></div></div>","<div style=""text-align: left; font-family: -apple-system, sans-serif;""><div style=""font-weight: bold; font-size: 16px; color: #10b981; margin-bottom: 8px;"">✓ Resposta Correcta: A</div><div style=""font-size: 14px; margin-bottom: 12px; padding: 10px; background: rgba(16,185,129,0.1); border-radius: 6px; border-left: 4px solid #10b981;"">A) Grau 1 o 2.</div><hr style=""border: 0; border-top: 1px solid #ddd; margin: 12px 0;""><div style=""font-size: 13px; color: #444; line-height: 1.4;""><b style=""color: #111;"">Explicació:</b> El regulador ha de ser accessible tant per a l’usuari com per a la companyia amb grau 1 o 2.</div></div>","T12_-_Installacions","16288"
"<div style=""text-align: left; font-family: -apple-system, sans-serif;""><div style=""font-size: 11px; color: #888; margin-bottom: 6px;"">[T12 - Instal·lacions] Pregunta 506</div><div style=""font-weight: bold; font-size: 16px; margin-bottom: 14px; line-height: 1.4;"">Quin risc s’ha de considerar a més d’una reconnexió feta directament per una persona?</div><div style=""font-size: 14px; line-height: 1.6;""><div style=""padding: 5px 0;""><b>A)</b> Les realimentacions automàtiques o les maniobres telecomandades.</div><div style=""padding: 5px 0;""><b>B)</b> La reducció automàtica de tensió causada per una sobrecàrrega.</div><div style=""padding: 5px 0;""><b>C)</b> L’actuació d’un fusible que deixi sense tensió un altre circuit.</div><div style=""padding: 5px 0;""><b>D)</b> La pèrdua de continuïtat del conductor de protecció.</div></div></div>","<div style=""text-align: left; font-family: -apple-system, sans-serif;""><div style=""font-weight: bold; font-size: 16px; color: #10b981; margin-bottom: 8px;"">✓ Resposta Correcta: A</div><div style=""font-size: 14px; margin-bottom: 12px; padding: 10px; background: rgba(16,185,129,0.1); border-radius: 6px; border-left: 4px solid #10b981;"">A) Les realimentacions automàtiques o les maniobres telecomandades.</div><hr style=""border: 0; border-top: 1px solid #ddd; margin: 12px 0;""><div style=""font-size: 13px; color: #444; line-height: 1.4;""><b style=""color: #111;"">Explicació:</b> Una instal·lació pot tornar a alimentar-se sense intervenció local si disposa d’automatismes o comandament remot.</div></div>","T12_-_Installacions","16059"
"<div style=""text-align: left; font-family: -apple-system, sans-serif;""><div style=""font-size: 11px; color: #888; margin-bottom: 6px;"">[T12 - Instal·lacions] Pregunta 507</div><div style=""font-weight: bold; font-size: 16px; margin-bottom: 14px; line-height: 1.4;"">On se situa la clau d’escomesa d’una instal·lació de gas?</div><div style=""font-size: 14px; line-height: 1.6;""><div style=""padding: 5px 0;""><b>A)</b> Dins de cada habitatge.</div><div style=""padding: 5px 0;""><b>B)</b> Juntament amb cada aparell.</div><div style=""padding: 5px 0;""><b>C)</b> Després de cada comptador.</div><div style=""padding: 5px 0;""><b>D)</b> Al límit de la propietat i accessible des de l’exterior.</div></div></div>","<div style=""text-align: left; font-family: -apple-system, sans-serif;""><div style=""font-weight: bold; font-size: 16px; color: #10b981; margin-bottom: 8px;"">✓ Resposta Correcta: D</div><div style=""font-size: 14px; margin-bottom: 12px; padding: 10px; background: rgba(16,185,129,0.1); border-radius: 6px; border-left: 4px solid #10b981;"">D) Al límit de la propietat i accessible des de l’exterior.</div><hr style=""border: 0; border-top: 1px solid #ddd; margin: 12px 0;""><div style=""font-size: 13px; color: #444; line-height: 1.4;""><b style=""color: #111;"">Explicació:</b> La clau d’escomesa és un element de la xarxa de distribució situat al límit de la propietat.</div></div>","T12_-_Installacions","16270"
"<div style=""text-align: left; font-family: -apple-system, sans-serif;""><div style=""font-size: 11px; color: #888; margin-bottom: 6px;"">[T12 - Instal·lacions] Pregunta 508</div><div style=""font-weight: bold; font-size: 16px; margin-bottom: 14px; line-height: 1.4;"">Quina pressió caracteritza la xarxa bàsica de gas?</div><div style=""font-size: 14px; line-height: 1.6;""><div style=""padding: 5px 0;""><b>A)</b> Al voltant de 20 mbar.</div><div style=""padding: 5px 0;""><b>B)</b> Entre 16 i 60 bar.</div><div style=""padding: 5px 0;""><b>C)</b> Superior a 60 bar.</div><div style=""padding: 5px 0;""><b>D)</b> Fins a 16 bar.</div></div></div>","<div style=""text-align: left; font-family: -apple-system, sans-serif;""><div style=""font-weight: bold; font-size: 16px; color: #10b981; margin-bottom: 8px;"">✓ Resposta Correcta: C</div><div style=""font-size: 14px; margin-bottom: 12px; padding: 10px; background: rgba(16,185,129,0.1); border-radius: 6px; border-left: 4px solid #10b981;"">C) Superior a 60 bar.</div><hr style=""border: 0; border-top: 1px solid #ddd; margin: 12px 0;""><div style=""font-size: 13px; color: #444; line-height: 1.4;""><b style=""color: #111;"">Explicació:</b> La xarxa bàsica opera a pressions superiors a 60 bar.</div></div>","T12_-_Installacions","16213"
"<div style=""text-align: left; font-family: -apple-system, sans-serif;""><div style=""font-size: 11px; color: #888; margin-bottom: 6px;"">[T12 - Instal·lacions] Pregunta 509</div><div style=""font-weight: bold; font-size: 16px; margin-bottom: 14px; line-height: 1.4;"">Què pot passar amb el límit superior de la mitjana tensió?</div><div style=""font-size: 14px; line-height: 1.6;""><div style=""padding: 5px 0;""><b>A)</b> Coincideix amb el límit de 1.500 V establert per al corrent continu.</div><div style=""padding: 5px 0;""><b>B)</b> Es fixa en 36 kV com a frontera tècnica comuna de totes les distribuïdores.</div><div style=""padding: 5px 0;""><b>C)</b> Pot variar segons els criteris de l’empresa distribuïdora.</div><div style=""padding: 5px 0;""><b>D)</b> Es determina a partir de la tensió de sortida de les centrals de generació.</div></div></div>","<div style=""text-align: left; font-family: -apple-system, sans-serif;""><div style=""font-weight: bold; font-size: 16px; color: #10b981; margin-bottom: 8px;"">✓ Resposta Correcta: C</div><div style=""font-size: 14px; margin-bottom: 12px; padding: 10px; background: rgba(16,185,129,0.1); border-radius: 6px; border-left: 4px solid #10b981;"">C) Pot variar segons els criteris de l’empresa distribuïdora.</div><hr style=""border: 0; border-top: 1px solid #ddd; margin: 12px 0;""><div style=""font-size: 13px; color: #444; line-height: 1.4;""><b style=""color: #111;"">Explicació:</b> La frontera superior de la mitjana tensió no és completament uniforme i pot variar segons la distribuïdora.</div></div>","T12_-_Installacions","15797"
"<div style=""text-align: left; font-family: -apple-system, sans-serif;""><div style=""font-size: 11px; color: #888; margin-bottom: 6px;"">[T12 - Instal·lacions] Pregunta 510</div><div style=""font-weight: bold; font-size: 16px; margin-bottom: 14px; line-height: 1.4;"">Qui opera en exclusiva la xarxa de transport elèctric?</div><div style=""font-size: 14px; line-height: 1.6;""><div style=""padding: 5px 0;""><b>A)</b> Les centrals de generació que injecten energia a la xarxa.</div><div style=""padding: 5px 0;""><b>B)</b> Les empreses distribuïdores de cada territori.</div><div style=""padding: 5px 0;""><b>C)</b> Els grans consumidors industrials connectats a alta tensió.</div><div style=""padding: 5px 0;""><b>D)</b> Red Eléctrica de España (REE).</div></div></div>","<div style=""text-align: left; font-family: -apple-system, sans-serif;""><div style=""font-weight: bold; font-size: 16px; color: #10b981; margin-bottom: 8px;"">✓ Resposta Correcta: D</div><div style=""font-size: 14px; margin-bottom: 12px; padding: 10px; background: rgba(16,185,129,0.1); border-radius: 6px; border-left: 4px solid #10b981;"">D) Red Eléctrica de España (REE).</div><hr style=""border: 0; border-top: 1px solid #ddd; margin: 12px 0;""><div style=""font-size: 13px; color: #444; line-height: 1.4;""><b style=""color: #111;"">Explicació:</b> Red Eléctrica de España (REE) opera en exclusiva la xarxa de transport elèctric.</div></div>","T12_-_Installacions","15807"
"<div style=""text-align: left; font-family: -apple-system, sans-serif;""><div style=""font-size: 11px; color: #888; margin-bottom: 6px;"">[T12 - Instal·lacions] Pregunta 511</div><div style=""font-weight: bold; font-size: 16px; margin-bottom: 14px; line-height: 1.4;"">Quin error de seguretat s’ha d’evitar amb un detector sense contacte?</div><div style=""font-size: 14px; line-height: 1.6;""><div style=""padding: 5px 0;""><b>A)</b> Apropar-lo a un cable aïllat abans d’utilitzar un instrument de confirmació.</div><div style=""padding: 5px 0;""><b>B)</b> Interpretar l’absència de senyal com una garantia absoluta d’absència de tensió.</div><div style=""padding: 5px 0;""><b>C)</b> Utilitzar-lo com a comprovació inicial sense exigir una lectura numèrica.</div><div style=""padding: 5px 0;""><b>D)</b> Interpretar una alarma acústica com un indici que pot existir tensió.</div></div></div>","<div style=""text-align: left; font-family: -apple-system, sans-serif;""><div style=""font-weight: bold; font-size: 16px; color: #10b981; margin-bottom: 8px;"">✓ Resposta Correcta: B</div><div style=""font-size: 14px; margin-bottom: 12px; padding: 10px; background: rgba(16,185,129,0.1); border-radius: 6px; border-left: 4px solid #10b981;"">B) Interpretar l’absència de senyal com una garantia absoluta d’absència de tensió.</div><hr style=""border: 0; border-top: 1px solid #ddd; margin: 12px 0;""><div style=""font-size: 13px; color: #444; line-height: 1.4;""><b style=""color: #111;"">Explicació:</b> El risc principal és confiar excessivament en una lectura negativa d’un dispositiu que només fa una detecció indirecta.</div></div>","T12_-_Installacions","16020"
"<div style=""text-align: left; font-family: -apple-system, sans-serif;""><div style=""font-size: 11px; color: #888; margin-bottom: 6px;"">[T12 - Instal·lacions] Pregunta 512</div><div style=""font-weight: bold; font-size: 16px; margin-bottom: 14px; line-height: 1.4;"">Quina tensió identifica habitualment la xarxa de baixa tensió de distribució?</div><div style=""font-size: 14px; line-height: 1.6;""><div style=""padding: 5px 0;""><b>A)</b> 110/220 kV.</div><div style=""padding: 5px 0;""><b>B)</b> 230/400 V.</div><div style=""padding: 5px 0;""><b>C)</b> 1/36 kV.</div><div style=""padding: 5px 0;""><b>D)</b> 220/400 kV.</div></div></div>","<div style=""text-align: left; font-family: -apple-system, sans-serif;""><div style=""font-weight: bold; font-size: 16px; color: #10b981; margin-bottom: 8px;"">✓ Resposta Correcta: B</div><div style=""font-size: 14px; margin-bottom: 12px; padding: 10px; background: rgba(16,185,129,0.1); border-radius: 6px; border-left: 4px solid #10b981;"">B) 230/400 V.</div><hr style=""border: 0; border-top: 1px solid #ddd; margin: 12px 0;""><div style=""font-size: 13px; color: #444; line-height: 1.4;""><b style=""color: #111;"">Explicació:</b> La xarxa final de baixa tensió de distribució treballa habitualment a 230/400 V.</div></div>","T12_-_Installacions","15812"
"<div style=""text-align: left; font-family: -apple-system, sans-serif;""><div style=""font-size: 11px; color: #888; margin-bottom: 6px;"">[T12 - Instal·lacions] Pregunta 513</div><div style=""font-weight: bold; font-size: 16px; margin-bottom: 14px; line-height: 1.4;"">Quina funció tenen les centrals de fons?</div><div style=""font-size: 14px; line-height: 1.6;""><div style=""padding: 5px 0;""><b>A)</b> Substituir la xarxa de distribució en situacions d’emergència.</div><div style=""padding: 5px 0;""><b>B)</b> Ajustar ràpidament la potència a cada variació prevista.</div><div style=""padding: 5px 0;""><b>C)</b> Cobrir de manera contínua la demanda mínima.</div><div style=""padding: 5px 0;""><b>D)</b> Respondre a pics sobtats de consum durant períodes curts.</div></div></div>","<div style=""text-align: left; font-family: -apple-system, sans-serif;""><div style=""font-weight: bold; font-size: 16px; color: #10b981; margin-bottom: 8px;"">✓ Resposta Correcta: C</div><div style=""font-size: 14px; margin-bottom: 12px; padding: 10px; background: rgba(16,185,129,0.1); border-radius: 6px; border-left: 4px solid #10b981;"">C) Cobrir de manera contínua la demanda mínima.</div><hr style=""border: 0; border-top: 1px solid #ddd; margin: 12px 0;""><div style=""font-size: 13px; color: #444; line-height: 1.4;""><b style=""color: #111;"">Explicació:</b> Les centrals de fons treballen de forma sostinguda per cobrir la base mínima de demanda.</div></div>","T12_-_Installacions","15782"
"<div style=""text-align: left; font-family: -apple-system, sans-serif;""><div style=""font-size: 11px; color: #888; margin-bottom: 6px;"">[T12 - Instal·lacions] Pregunta 514</div><div style=""font-weight: bold; font-size: 16px; margin-bottom: 14px; line-height: 1.4;"">Quin lloc ocupa la generació dins del subministrament elèctric?</div><div style=""font-size: 14px; line-height: 1.6;""><div style=""padding: 5px 0;""><b>A)</b> És el primer pas del subministrament elèctric.</div><div style=""padding: 5px 0;""><b>B)</b> És l’etapa posterior a la distribució en baixa tensió.</div><div style=""padding: 5px 0;""><b>C)</b> És l’última fase abans dels punts finals de consum.</div><div style=""padding: 5px 0;""><b>D)</b> És una fase intermèdia entre transport i distribució.</div></div></div>","<div style=""text-align: left; font-family: -apple-system, sans-serif;""><div style=""font-weight: bold; font-size: 16px; color: #10b981; margin-bottom: 8px;"">✓ Resposta Correcta: A</div><div style=""font-size: 14px; margin-bottom: 12px; padding: 10px; background: rgba(16,185,129,0.1); border-radius: 6px; border-left: 4px solid #10b981;"">A) És el primer pas del subministrament elèctric.</div><hr style=""border: 0; border-top: 1px solid #ddd; margin: 12px 0;""><div style=""font-size: 13px; color: #444; line-height: 1.4;""><b style=""color: #111;"">Explicació:</b> La generació inicia el subministrament elèctric abans del transport i la distribució.</div></div>","T12_-_Installacions","15756"
"<div style=""text-align: left; font-family: -apple-system, sans-serif;""><div style=""font-size: 11px; color: #888; margin-bottom: 6px;"">[T12 - Instal·lacions] Pregunta 515</div><div style=""font-weight: bold; font-size: 16px; margin-bottom: 14px; line-height: 1.4;"">Quina combinació és pròpia d’un centre de transformació de baixa tensió?</div><div style=""font-size: 14px; line-height: 1.6;""><div style=""padding: 5px 0;""><b>A)</b> Comandament interior, protecció contra contactes indirectes i PIAs.</div><div style=""padding: 5px 0;""><b>B)</b> Mesura individual, protecció de circuits interiors i limitació de potència contractada.</div><div style=""padding: 5px 0;""><b>C)</b> Transformació de tensió, dispositius de connexió i equips de protecció i mesura.</div><div style=""padding: 5px 0;""><b>D)</b> Distribució entre usuaris, derivacions individuals i interruptors diferencials.</div></div></div>","<div style=""text-align: left; font-family: -apple-system, sans-serif;""><div style=""font-weight: bold; font-size: 16px; color: #10b981; margin-bottom: 8px;"">✓ Resposta Correcta: C</div><div style=""font-size: 14px; margin-bottom: 12px; padding: 10px; background: rgba(16,185,129,0.1); border-radius: 6px; border-left: 4px solid #10b981;"">C) Transformació de tensió, dispositius de connexió i equips de protecció i mesura.</div><hr style=""border: 0; border-top: 1px solid #ddd; margin: 12px 0;""><div style=""font-size: 13px; color: #444; line-height: 1.4;""><b style=""color: #111;"">Explicació:</b> El centre de transformació concentra la transformació de tensió i els equips necessaris per connectar, protegir i mesurar la instal·lació.</div></div>","T12_-_Installacions","15854"
"<div style=""text-align: left; font-family: -apple-system, sans-serif;""><div style=""font-size: 11px; color: #888; margin-bottom: 6px;"">[T12 - Instal·lacions] Pregunta 516</div><div style=""font-weight: bold; font-size: 16px; margin-bottom: 14px; line-height: 1.4;"">Per quin motiu un detector sense contacte pot no avisar tot i existir tensió?</div><div style=""font-size: 14px; line-height: 1.6;""><div style=""padding: 5px 0;""><b>A)</b> Perquè la detecció depèn principalment de la intensitat que circula pel conductor.</div><div style=""padding: 5px 0;""><b>B)</b> Perquè deixa de detectar tensió quan el circuit disposa d’un conductor neutre.</div><div style=""padding: 5px 0;""><b>C)</b> Perquè necessita que l’aïllament del cable permeti un acoblament directe amb el conductor metàl·lic.</div><div style=""padding: 5px 0;""><b>D)</b> Perquè la posició o la distància poden impedir que detecti prou camp elèctric.</div></div></div>","<div style=""text-align: left; font-family: -apple-system, sans-serif;""><div style=""font-weight: bold; font-size: 16px; color: #10b981; margin-bottom: 8px;"">✓ Resposta Correcta: D</div><div style=""font-size: 14px; margin-bottom: 12px; padding: 10px; background: rgba(16,185,129,0.1); border-radius: 6px; border-left: 4px solid #10b981;"">D) Perquè la posició o la distància poden impedir que detecti prou camp elèctric.</div><hr style=""border: 0; border-top: 1px solid #ddd; margin: 12px 0;""><div style=""font-size: 13px; color: #444; line-height: 1.4;""><b style=""color: #111;"">Explicació:</b> La detecció és indirecta i depèn de la capacitat de l’aparell per captar el camp elèctric.</div></div>","T12_-_Installacions","16017"
"<div style=""text-align: left; font-family: -apple-system, sans-serif;""><div style=""font-size: 11px; color: #888; margin-bottom: 6px;"">[T12 - Instal·lacions] Pregunta 517</div><div style=""font-weight: bold; font-size: 16px; margin-bottom: 14px; line-height: 1.4;"">On s’instal·la la clau de connexió d’un aparell de gas?</div><div style=""font-size: 14px; line-height: 1.6;""><div style=""padding: 5px 0;""><b>A)</b> Tan a prop de l’aparell com sigui possible.</div><div style=""padding: 5px 0;""><b>B)</b> A l’entrada de l’edifici.</div><div style=""padding: 5px 0;""><b>C)</b> Abans del comptador general.</div><div style=""padding: 5px 0;""><b>D)</b> A l’inici del muntant col·lectiu.</div></div></div>","<div style=""text-align: left; font-family: -apple-system, sans-serif;""><div style=""font-weight: bold; font-size: 16px; color: #10b981; margin-bottom: 8px;"">✓ Resposta Correcta: A</div><div style=""font-size: 14px; margin-bottom: 12px; padding: 10px; background: rgba(16,185,129,0.1); border-radius: 6px; border-left: 4px solid #10b981;"">A) Tan a prop de l’aparell com sigui possible.</div><hr style=""border: 0; border-top: 1px solid #ddd; margin: 12px 0;""><div style=""font-size: 13px; color: #444; line-height: 1.4;""><b style=""color: #111;"">Explicació:</b> La clau de connexió forma part de la instal·lació individual i se situa molt pròxima a l’aparell.</div></div>","T12_-_Installacions","16281"
"<div style=""text-align: left; font-family: -apple-system, sans-serif;""><div style=""font-size: 11px; color: #888; margin-bottom: 6px;"">[T12 - Instal·lacions] Pregunta 518</div><div style=""font-weight: bold; font-size: 16px; margin-bottom: 14px; line-height: 1.4;"">Quina dada d’un magnetotèrmic identifica el corrent assignat de funcionament?</div><div style=""font-size: 14px; line-height: 1.6;""><div style=""padding: 5px 0;""><b>A)</b> La resistència de terra.</div><div style=""padding: 5px 0;""><b>B)</b> El corrent nominal.</div><div style=""padding: 5px 0;""><b>C)</b> La tensió de contacte.</div><div style=""padding: 5px 0;""><b>D)</b> La sensibilitat en mil·liamperes.</div></div></div>","<div style=""text-align: left; font-family: -apple-system, sans-serif;""><div style=""font-weight: bold; font-size: 16px; color: #10b981; margin-bottom: 8px;"">✓ Resposta Correcta: B</div><div style=""font-size: 14px; margin-bottom: 12px; padding: 10px; background: rgba(16,185,129,0.1); border-radius: 6px; border-left: 4px solid #10b981;"">B) El corrent nominal.</div><hr style=""border: 0; border-top: 1px solid #ddd; margin: 12px 0;""><div style=""font-size: 13px; color: #444; line-height: 1.4;""><b style=""color: #111;"">Explicació:</b> El corrent nominal és el valor d’intensitat de referència del magnetotèrmic.</div></div>","T12_-_Installacions","15960"
"<div style=""text-align: left; font-family: -apple-system, sans-serif;""><div style=""font-size: 11px; color: #888; margin-bottom: 6px;"">[T12 - Instal·lacions] Pregunta 519</div><div style=""font-weight: bold; font-size: 16px; margin-bottom: 14px; line-height: 1.4;"">Quins tipus de sobretensions poden cobrir els dispositius específics de protecció?</div><div style=""font-size: 14px; line-height: 1.6;""><div style=""padding: 5px 0;""><b>A)</b> Sobrecàrregues i curtcircuits.</div><div style=""padding: 5px 0;""><b>B)</b> Sobretensions transitòries i sobrecàrregues.</div><div style=""padding: 5px 0;""><b>C)</b> Sobretensions permanents i curtcircuits.</div><div style=""padding: 5px 0;""><b>D)</b> Transitòries i, quan correspongui, permanents.</div></div></div>","<div style=""text-align: left; font-family: -apple-system, sans-serif;""><div style=""font-weight: bold; font-size: 16px; color: #10b981; margin-bottom: 8px;"">✓ Resposta Correcta: D</div><div style=""font-size: 14px; margin-bottom: 12px; padding: 10px; background: rgba(16,185,129,0.1); border-radius: 6px; border-left: 4px solid #10b981;"">D) Transitòries i, quan correspongui, permanents.</div><hr style=""border: 0; border-top: 1px solid #ddd; margin: 12px 0;""><div style=""font-size: 13px; color: #444; line-height: 1.4;""><b style=""color: #111;"">Explicació:</b> La protecció contra sobretensions pot actuar davant de sobretensions transitòries i també permanents quan correspongui.</div></div>","T12_-_Installacions","15915"
"<div style=""text-align: left; font-family: -apple-system, sans-serif;""><div style=""font-size: 11px; color: #888; margin-bottom: 6px;"">[T12 - Instal·lacions] Pregunta 520</div><div style=""font-weight: bold; font-size: 16px; margin-bottom: 14px; line-height: 1.4;"">Quina ubicació exterior pot tenir un centre de transformació?</div><div style=""font-size: 14px; line-height: 1.6;""><div style=""padding: 5px 0;""><b>A)</b> Pot instal·lar-se en un recinte exterior, però sense ubicar-se directament en una torre elèctrica.</div><div style=""padding: 5px 0;""><b>B)</b> Pot situar-se en una torre elèctrica, però ha d’estar allotjat dins d’un recinte soterrat.</div><div style=""padding: 5px 0;""><b>C)</b> Pot estar en una caseta aïllada o fins i tot a la intempèrie en una torre elèctrica.</div><div style=""padding: 5px 0;""><b>D)</b> Pot estar en una caseta aïllada, però ha de quedar necessàriament integrada dins d’un edifici.</div></div></div>","<div style=""text-align: left; font-family: -apple-system, sans-serif;""><div style=""font-weight: bold; font-size: 16px; color: #10b981; margin-bottom: 8px;"">✓ Resposta Correcta: C</div><div style=""font-size: 14px; margin-bottom: 12px; padding: 10px; background: rgba(16,185,129,0.1); border-radius: 6px; border-left: 4px solid #10b981;"">C) Pot estar en una caseta aïllada o fins i tot a la intempèrie en una torre elèctrica.</div><hr style=""border: 0; border-top: 1px solid #ddd; margin: 12px 0;""><div style=""font-size: 13px; color: #444; line-height: 1.4;""><b style=""color: #111;"">Explicació:</b> Els centres de transformació poden instal·lar-se en diferents configuracions, incloses casetes aïllades i instal·lacions a la intempèrie.</div></div>","T12_-_Installacions","15855"
"<div style=""text-align: left; font-family: -apple-system, sans-serif;""><div style=""font-size: 11px; color: #888; margin-bottom: 6px;"">[T12 - Instal·lacions] Pregunta 521</div><div style=""font-weight: bold; font-size: 16px; margin-bottom: 14px; line-height: 1.4;"">Quina relació ha de mantenir-se entre generació i demanda elèctrica?</div><div style=""font-size: 14px; line-height: 1.6;""><div style=""padding: 5px 0;""><b>A)</b> La demanda ha de mantenir-se per sota de la generació mínima.</div><div style=""padding: 5px 0;""><b>B)</b> La generació ha de mantenir-se per sobre de la demanda en tot moment.</div><div style=""padding: 5px 0;""><b>C)</b> La generació ha d’igualar la demanda en tot moment.</div><div style=""padding: 5px 0;""><b>D)</b> La generació pot variar independentment de la demanda durant el dia.</div></div></div>","<div style=""text-align: left; font-family: -apple-system, sans-serif;""><div style=""font-weight: bold; font-size: 16px; color: #10b981; margin-bottom: 8px;"">✓ Resposta Correcta: C</div><div style=""font-size: 14px; margin-bottom: 12px; padding: 10px; background: rgba(16,185,129,0.1); border-radius: 6px; border-left: 4px solid #10b981;"">C) La generació ha d’igualar la demanda en tot moment.</div><hr style=""border: 0; border-top: 1px solid #ddd; margin: 12px 0;""><div style=""font-size: 13px; color: #444; line-height: 1.4;""><b style=""color: #111;"">Explicació:</b> Com que l’electricitat és difícil d’emmagatzemar a gran escala, producció i consum s’han d’equilibrar contínuament.</div></div>","T12_-_Installacions","15780"
"<div style=""text-align: left; font-family: -apple-system, sans-serif;""><div style=""font-size: 11px; color: #888; margin-bottom: 6px;"">[T12 - Instal·lacions] Pregunta 522</div><div style=""font-weight: bold; font-size: 16px; margin-bottom: 14px; line-height: 1.4;"">Quines proteccions hi ha d’haver com a mínim en el quadre d’una instal·lació elèctrica interior?</div><div style=""font-size: 14px; line-height: 1.6;""><div style=""padding: 5px 0;""><b>A)</b> Un IGA i un interruptor diferencial.</div><div style=""padding: 5px 0;""><b>B)</b> Dos diferencials i un ICP independent.</div><div style=""padding: 5px 0;""><b>C)</b> Un protector transitori i un comptador electrònic.</div><div style=""padding: 5px 0;""><b>D)</b> Un fusible BUC i un protector de 300 mA.</div></div></div>","<div style=""text-align: left; font-family: -apple-system, sans-serif;""><div style=""font-weight: bold; font-size: 16px; color: #10b981; margin-bottom: 8px;"">✓ Resposta Correcta: A</div><div style=""font-size: 14px; margin-bottom: 12px; padding: 10px; background: rgba(16,185,129,0.1); border-radius: 6px; border-left: 4px solid #10b981;"">A) Un IGA i un interruptor diferencial.</div><hr style=""border: 0; border-top: 1px solid #ddd; margin: 12px 0;""><div style=""font-size: 13px; color: #444; line-height: 1.4;""><b style=""color: #111;"">Explicació:</b> L’esquema bàsic exigeix com a mínim una protecció general magnetotèrmica i una protecció diferencial.</div></div>","T12_-_Installacions","16009"
"<div style=""text-align: left; font-family: -apple-system, sans-serif;""><div style=""font-size: 11px; color: #888; margin-bottom: 6px;"">[T12 - Instal·lacions] Pregunta 523</div><div style=""font-weight: bold; font-size: 16px; margin-bottom: 14px; line-height: 1.4;"">Quin element permet identificar un centre de transformació concret?</div><div style=""font-size: 14px; line-height: 1.6;""><div style=""padding: 5px 0;""><b>A)</b> Una placa amb un codi d’identificació.</div><div style=""padding: 5px 0;""><b>B)</b> El número del comptador de l’usuari més proper.</div><div style=""padding: 5px 0;""><b>C)</b> La referència de la línia general d’alimentació.</div><div style=""padding: 5px 0;""><b>D)</b> El codi de la caixa general de protecció associada.</div></div></div>","<div style=""text-align: left; font-family: -apple-system, sans-serif;""><div style=""font-weight: bold; font-size: 16px; color: #10b981; margin-bottom: 8px;"">✓ Resposta Correcta: A</div><div style=""font-size: 14px; margin-bottom: 12px; padding: 10px; background: rgba(16,185,129,0.1); border-radius: 6px; border-left: 4px solid #10b981;"">A) Una placa amb un codi d’identificació.</div><hr style=""border: 0; border-top: 1px solid #ddd; margin: 12px 0;""><div style=""font-size: 13px; color: #444; line-height: 1.4;""><b style=""color: #111;"">Explicació:</b> Els centres de transformació disposen d’una placa amb un codi que permet identificar la instal·lació.</div></div>","T12_-_Installacions","15850"
"<div style=""text-align: left; font-family: -apple-system, sans-serif;""><div style=""font-size: 11px; color: #888; margin-bottom: 6px;"">[T12 - Instal·lacions] Pregunta 524</div><div style=""font-weight: bold; font-size: 16px; margin-bottom: 14px; line-height: 1.4;"">Quin element del buscapols ha de tocar l’usuari durant la comprovació?</div><div style=""font-size: 14px; line-height: 1.6;""><div style=""padding: 5px 0;""><b>A)</b> El contacte metàl·lic situat al mànec.</div><div style=""padding: 5px 0;""><b>B)</b> La zona aïllada del mànec situada entre la punta i el llum.</div><div style=""padding: 5px 0;""><b>C)</b> El terminal lateral destinat a seleccionar el rang de tensió.</div><div style=""padding: 5px 0;""><b>D)</b> La part metàl·lica de la punta situada més a prop del conductor.</div></div></div>","<div style=""text-align: left; font-family: -apple-system, sans-serif;""><div style=""font-weight: bold; font-size: 16px; color: #10b981; margin-bottom: 8px;"">✓ Resposta Correcta: A</div><div style=""font-size: 14px; margin-bottom: 12px; padding: 10px; background: rgba(16,185,129,0.1); border-radius: 6px; border-left: 4px solid #10b981;"">A) El contacte metàl·lic situat al mànec.</div><hr style=""border: 0; border-top: 1px solid #ddd; margin: 12px 0;""><div style=""font-size: 13px; color: #444; line-height: 1.4;""><b style=""color: #111;"">Explicació:</b> El contacte metàl·lic del mànec forma part del principi de funcionament del buscapols.</div></div>","T12_-_Installacions","16026"
"<div style=""text-align: left; font-family: -apple-system, sans-serif;""><div style=""font-size: 11px; color: #888; margin-bottom: 6px;"">[T12 - Instal·lacions] Pregunta 525</div><div style=""font-weight: bold; font-size: 16px; margin-bottom: 14px; line-height: 1.4;"">Quina part d’una instal·lació queda protegida per un interruptor diferencial?</div><div style=""font-size: 14px; line-height: 1.6;""><div style=""padding: 5px 0;""><b>A)</b> Només el conductor neutre del quadre elèctric.</div><div style=""padding: 5px 0;""><b>B)</b> Qualsevol circuit de la xarxa encara que estigui abans del diferencial.</div><div style=""padding: 5px 0;""><b>C)</b> Tota la xarxa de distribució de baixa tensió del transformador.</div><div style=""padding: 5px 0;""><b>D)</b> Els circuits situats aigües avall que alimenta.</div></div></div>","<div style=""text-align: left; font-family: -apple-system, sans-serif;""><div style=""font-weight: bold; font-size: 16px; color: #10b981; margin-bottom: 8px;"">✓ Resposta Correcta: D</div><div style=""font-size: 14px; margin-bottom: 12px; padding: 10px; background: rgba(16,185,129,0.1); border-radius: 6px; border-left: 4px solid #10b981;"">D) Els circuits situats aigües avall que alimenta.</div><hr style=""border: 0; border-top: 1px solid #ddd; margin: 12px 0;""><div style=""font-size: 13px; color: #444; line-height: 1.4;""><b style=""color: #111;"">Explicació:</b> El diferencial només pot controlar i desconnectar els conductors que passen per ell.</div></div>","T12_-_Installacions","15978"
"<div style=""text-align: left; font-family: -apple-system, sans-serif;""><div style=""font-size: 11px; color: #888; margin-bottom: 6px;"">[T12 - Instal·lacions] Pregunta 526</div><div style=""font-weight: bold; font-size: 16px; margin-bottom: 14px; line-height: 1.4;"">Quin element redueix la pressió del gas abans d’entrar a una instal·lació receptora?</div><div style=""font-size: 14px; line-height: 1.6;""><div style=""padding: 5px 0;""><b>A)</b> El gasoducte.</div><div style=""padding: 5px 0;""><b>B)</b> L’ERM de transport.</div><div style=""padding: 5px 0;""><b>C)</b> El regulador de pressió.</div><div style=""padding: 5px 0;""><b>D)</b> La xarxa APB.</div></div></div>","<div style=""text-align: left; font-family: -apple-system, sans-serif;""><div style=""font-weight: bold; font-size: 16px; color: #10b981; margin-bottom: 8px;"">✓ Resposta Correcta: C</div><div style=""font-size: 14px; margin-bottom: 12px; padding: 10px; background: rgba(16,185,129,0.1); border-radius: 6px; border-left: 4px solid #10b981;"">C) El regulador de pressió.</div><hr style=""border: 0; border-top: 1px solid #ddd; margin: 12px 0;""><div style=""font-size: 13px; color: #444; line-height: 1.4;""><b style=""color: #111;"">Explicació:</b> La regulació final redueix la pressió abans de l’entrada a la instal·lació receptora.</div></div>","T12_-_Installacions","16237"
"<div style=""text-align: left; font-family: -apple-system, sans-serif;""><div style=""font-size: 11px; color: #888; margin-bottom: 6px;"">[T12 - Instal·lacions] Pregunta 527</div><div style=""font-weight: bold; font-size: 16px; margin-bottom: 14px; line-height: 1.4;"">Com actua la protecció magnètica d’un magnetotèrmic davant un curtcircuit?</div><div style=""font-size: 14px; line-height: 1.6;""><div style=""padding: 5px 0;""><b>A)</b> Quan la tensió es manté elevada durant diversos segons.</div><div style=""padding: 5px 0;""><b>B)</b> Només després que actuï la protecció diferencial.</div><div style=""padding: 5px 0;""><b>C)</b> De manera gairebé instantània.</div><div style=""padding: 5px 0;""><b>D)</b> Amb un retard prolongat per escalfament del bimetall.</div></div></div>","<div style=""text-align: left; font-family: -apple-system, sans-serif;""><div style=""font-weight: bold; font-size: 16px; color: #10b981; margin-bottom: 8px;"">✓ Resposta Correcta: C</div><div style=""font-size: 14px; margin-bottom: 12px; padding: 10px; background: rgba(16,185,129,0.1); border-radius: 6px; border-left: 4px solid #10b981;"">C) De manera gairebé instantània.</div><hr style=""border: 0; border-top: 1px solid #ddd; margin: 12px 0;""><div style=""font-size: 13px; color: #444; line-height: 1.4;""><b style=""color: #111;"">Explicació:</b> La part magnètica està destinada a una resposta molt ràpida davant curtcircuits.</div></div>","T12_-_Installacions","15958"
"<div style=""text-align: left; font-family: -apple-system, sans-serif;""><div style=""font-size: 11px; color: #888; margin-bottom: 6px;"">[T12 - Instal·lacions] Pregunta 528</div><div style=""font-weight: bold; font-size: 16px; margin-bottom: 14px; line-height: 1.4;"">Quina aplicació és habitual d’una xarxa de gas MPA?</div><div style=""font-size: 14px; line-height: 1.6;""><div style=""padding: 5px 0;""><b>A)</b> Distribució urbana principal a alta pressió.</div><div style=""padding: 5px 0;""><b>B)</b> Alimentació de grans centres de consum.</div><div style=""padding: 5px 0;""><b>C)</b> Transport primari per gasoducte.</div><div style=""padding: 5px 0;""><b>D)</b> Distribució a edificis residencials, comercials i petits consumidors.</div></div></div>","<div style=""text-align: left; font-family: -apple-system, sans-serif;""><div style=""font-weight: bold; font-size: 16px; color: #10b981; margin-bottom: 8px;"">✓ Resposta Correcta: D</div><div style=""font-size: 14px; margin-bottom: 12px; padding: 10px; background: rgba(16,185,129,0.1); border-radius: 6px; border-left: 4px solid #10b981;"">D) Distribució a edificis residencials, comercials i petits consumidors.</div><hr style=""border: 0; border-top: 1px solid #ddd; margin: 12px 0;""><div style=""font-size: 13px; color: #444; line-height: 1.4;""><b style=""color: #111;"">Explicació:</b> La MPA s’associa a edificis i petits consumidors, amb regulació prèvia.</div></div>","T12_-_Installacions","16247"
"<div style=""text-align: left; font-family: -apple-system, sans-serif;""><div style=""font-size: 11px; color: #888; margin-bottom: 6px;"">[T12 - Instal·lacions] Pregunta 529</div><div style=""font-weight: bold; font-size: 16px; margin-bottom: 14px; line-height: 1.4;"">Quina relació hi ha entre l’alçada d’una torre i la tensió de la línia?</div><div style=""font-size: 14px; line-height: 1.6;""><div style=""padding: 5px 0;""><b>A)</b> Com més alta és la torre, més gran acostuma a ser la tensió.</div><div style=""padding: 5px 0;""><b>B)</b> L’alçada de la torre depèn del nombre de consumidors, no de la tensió.</div><div style=""padding: 5px 0;""><b>C)</b> Com més alta és la torre, més baixa acostuma a ser la tensió.</div><div style=""padding: 5px 0;""><b>D)</b> Les línies de totes les tensions utilitzen torres de la mateixa alçada.</div></div></div>","<div style=""text-align: left; font-family: -apple-system, sans-serif;""><div style=""font-weight: bold; font-size: 16px; color: #10b981; margin-bottom: 8px;"">✓ Resposta Correcta: A</div><div style=""font-size: 14px; margin-bottom: 12px; padding: 10px; background: rgba(16,185,129,0.1); border-radius: 6px; border-left: 4px solid #10b981;"">A) Com més alta és la torre, més gran acostuma a ser la tensió.</div><hr style=""border: 0; border-top: 1px solid #ddd; margin: 12px 0;""><div style=""font-size: 13px; color: #444; line-height: 1.4;""><b style=""color: #111;"">Explicació:</b> Les tensions més elevades requereixen estructures que mantinguin distàncies més grans.</div></div>","T12_-_Installacions","15820"
"<div style=""text-align: left; font-family: -apple-system, sans-serif;""><div style=""font-size: 11px; color: #888; margin-bottom: 6px;"">[T12 - Instal·lacions] Pregunta 530</div><div style=""font-weight: bold; font-size: 16px; margin-bottom: 14px; line-height: 1.4;"">Quins dos tipus principals de sobretensió diferencia la protecció elèctrica?</div><div style=""font-size: 14px; line-height: 1.6;""><div style=""padding: 5px 0;""><b>A)</b> Transitòries i permanents.</div><div style=""padding: 5px 0;""><b>B)</b> Directes i indirectes.</div><div style=""padding: 5px 0;""><b>C)</b> Monofàsiques i diferencials.</div><div style=""padding: 5px 0;""><b>D)</b> Tèrmiques i magnètiques.</div></div></div>","<div style=""text-align: left; font-family: -apple-system, sans-serif;""><div style=""font-weight: bold; font-size: 16px; color: #10b981; margin-bottom: 8px;"">✓ Resposta Correcta: A</div><div style=""font-size: 14px; margin-bottom: 12px; padding: 10px; background: rgba(16,185,129,0.1); border-radius: 6px; border-left: 4px solid #10b981;"">A) Transitòries i permanents.</div><hr style=""border: 0; border-top: 1px solid #ddd; margin: 12px 0;""><div style=""font-size: 13px; color: #444; line-height: 1.4;""><b style=""color: #111;"">Explicació:</b> Les proteccions es diferencien segons si l’augment de tensió és molt breu o sostingut.</div></div>","T12_-_Installacions","15995"
"<div style=""text-align: left; font-family: -apple-system, sans-serif;""><div style=""font-size: 11px; color: #888; margin-bottom: 6px;"">[T12 - Instal·lacions] Pregunta 531</div><div style=""font-weight: bold; font-size: 16px; margin-bottom: 14px; line-height: 1.4;"">Quines característiques pot incorporar el filtre general d’aigua?</div><div style=""font-size: 14px; line-height: 1.6;""><div style=""padding: 5px 0;""><b>A)</b> Tractament antibacterià i autoneteja.</div><div style=""padding: 5px 0;""><b>B)</b> Retenció de retorn i mesura.</div><div style=""padding: 5px 0;""><b>C)</b> Sectorització i buidatge.</div><div style=""padding: 5px 0;""><b>D)</b> Regulació de pressió i purga.</div></div></div>","<div style=""text-align: left; font-family: -apple-system, sans-serif;""><div style=""font-weight: bold; font-size: 16px; color: #10b981; margin-bottom: 8px;"">✓ Resposta Correcta: A</div><div style=""font-size: 14px; margin-bottom: 12px; padding: 10px; background: rgba(16,185,129,0.1); border-radius: 6px; border-left: 4px solid #10b981;"">A) Tractament antibacterià i autoneteja.</div><hr style=""border: 0; border-top: 1px solid #ddd; margin: 12px 0;""><div style=""font-size: 13px; color: #444; line-height: 1.4;""><b style=""color: #111;"">Explicació:</b> El filtre pot incorporar tractament antibacterià i sistema d’autoneteja.</div></div>","T12_-_Installacions","16114"
"<div style=""text-align: left; font-family: -apple-system, sans-serif;""><div style=""font-size: 11px; color: #888; margin-bottom: 6px;"">[T12 - Instal·lacions] Pregunta 532</div><div style=""font-weight: bold; font-size: 16px; margin-bottom: 14px; line-height: 1.4;"">Quina seqüència descriu correctament la protecció davant d’una fallada d’aïllament en una carcassa metàl·lica?</div><div style=""font-size: 14px; line-height: 1.6;""><div style=""padding: 5px 0;""><b>A)</b> La CGP deriva el corrent a la LGA i l’IGM desconnecta el circuit interior.</div><div style=""padding: 5px 0;""><b>B)</b> El PE deriva el corrent cap a terra i el diferencial detecta la fuga i desconnecta.</div><div style=""padding: 5px 0;""><b>C)</b> El PIA deriva el corrent a terra i el comptador digital desconnecta per contacte indirecte.</div><div style=""padding: 5px 0;""><b>D)</b> L’ICP deriva el corrent de defecte cap al neutre i l’IGA mesura la fuga abans de desconnectar.</div></div></div>","<div style=""text-align: left; font-family: -apple-system, sans-serif;""><div style=""font-weight: bold; font-size: 16px; color: #10b981; margin-bottom: 8px;"">✓ Resposta Correcta: B</div><div style=""font-size: 14px; margin-bottom: 12px; padding: 10px; background: rgba(16,185,129,0.1); border-radius: 6px; border-left: 4px solid #10b981;"">B) El PE deriva el corrent cap a terra i el diferencial detecta la fuga i desconnecta.</div><hr style=""border: 0; border-top: 1px solid #ddd; margin: 12px 0;""><div style=""font-size: 13px; color: #444; line-height: 1.4;""><b style=""color: #111;"">Explicació:</b> El conductor PE crea el camí de defecte cap a terra i el diferencial actua en detectar la fuga corresponent.</div></div>","T12_-_Installacions","15926"
"<div style=""text-align: left; font-family: -apple-system, sans-serif;""><div style=""font-size: 11px; color: #888; margin-bottom: 6px;"">[T12 - Instal·lacions] Pregunta 533</div><div style=""font-weight: bold; font-size: 16px; margin-bottom: 14px; line-height: 1.4;"">Quin element incorpora habitualment el regulador d’una bombona de GLP?</div><div style=""font-size: 14px; line-height: 1.6;""><div style=""padding: 5px 0;""><b>A)</b> Una vàlvula antiretorn d’aigua.</div><div style=""padding: 5px 0;""><b>B)</b> Un pressòstat diferencial.</div><div style=""padding: 5px 0;""><b>C)</b> Una clau de pas.</div><div style=""padding: 5px 0;""><b>D)</b> Un comptador volumètric.</div></div></div>","<div style=""text-align: left; font-family: -apple-system, sans-serif;""><div style=""font-weight: bold; font-size: 16px; color: #10b981; margin-bottom: 8px;"">✓ Resposta Correcta: C</div><div style=""font-size: 14px; margin-bottom: 12px; padding: 10px; background: rgba(16,185,129,0.1); border-radius: 6px; border-left: 4px solid #10b981;"">C) Una clau de pas.</div><hr style=""border: 0; border-top: 1px solid #ddd; margin: 12px 0;""><div style=""font-size: 13px; color: #444; line-height: 1.4;""><b style=""color: #111;"">Explicació:</b> El regulador incorpora una clau de pas per controlar el subministrament.</div></div>","T12_-_Installacions","16197"
"<div style=""text-align: left; font-family: -apple-system, sans-serif;""><div style=""font-size: 11px; color: #888; margin-bottom: 6px;"">[T12 - Instal·lacions] Pregunta 534</div><div style=""font-weight: bold; font-size: 16px; margin-bottom: 14px; line-height: 1.4;"">Quin element del magnetotèrmic actua principalment davant un curtcircuit?</div><div style=""font-size: 14px; line-height: 1.6;""><div style=""padding: 5px 0;""><b>A)</b> El conductor de protecció.</div><div style=""padding: 5px 0;""><b>B)</b> L’electroimant del dispositiu magnètic.</div><div style=""padding: 5px 0;""><b>C)</b> El visor de substitució.</div><div style=""padding: 5px 0;""><b>D)</b> El bimetall del dispositiu tèrmic.</div></div></div>","<div style=""text-align: left; font-family: -apple-system, sans-serif;""><div style=""font-weight: bold; font-size: 16px; color: #10b981; margin-bottom: 8px;"">✓ Resposta Correcta: B</div><div style=""font-size: 14px; margin-bottom: 12px; padding: 10px; background: rgba(16,185,129,0.1); border-radius: 6px; border-left: 4px solid #10b981;"">B) L’electroimant del dispositiu magnètic.</div><hr style=""border: 0; border-top: 1px solid #ddd; margin: 12px 0;""><div style=""font-size: 13px; color: #444; line-height: 1.4;""><b style=""color: #111;"">Explicació:</b> El mecanisme magnètic respon ràpidament a corrents de curtcircuit molt elevats.</div></div>","T12_-_Installacions","15957"
"<div style=""text-align: left; font-family: -apple-system, sans-serif;""><div style=""font-size: 11px; color: #888; margin-bottom: 6px;"">[T12 - Instal·lacions] Pregunta 535</div><div style=""font-weight: bold; font-size: 16px; margin-bottom: 14px; line-height: 1.4;"">Quina funció té la clau de sortida del comptador general d’aigua?</div><div style=""font-size: 14px; line-height: 1.6;""><div style=""padding: 5px 0;""><b>A)</b> Aïllar el filtre general.</div><div style=""padding: 5px 0;""><b>B)</b> Mesurar el consum general.</div><div style=""padding: 5px 0;""><b>C)</b> Evitar el retorn d’aigua.</div><div style=""padding: 5px 0;""><b>D)</b> Tallar el subministrament a l’edifici.</div></div></div>","<div style=""text-align: left; font-family: -apple-system, sans-serif;""><div style=""font-weight: bold; font-size: 16px; color: #10b981; margin-bottom: 8px;"">✓ Resposta Correcta: D</div><div style=""font-size: 14px; margin-bottom: 12px; padding: 10px; background: rgba(16,185,129,0.1); border-radius: 6px; border-left: 4px solid #10b981;"">D) Tallar el subministrament a l’edifici.</div><hr style=""border: 0; border-top: 1px solid #ddd; margin: 12px 0;""><div style=""font-size: 13px; color: #444; line-height: 1.4;""><b style=""color: #111;"">Explicació:</b> La clau de sortida permet interrompre el subministrament aigües avall del comptador.</div></div>","T12_-_Installacions","16117"
"<div style=""text-align: left; font-family: -apple-system, sans-serif;""><div style=""font-size: 11px; color: #888; margin-bottom: 6px;"">[T12 - Instal·lacions] Pregunta 536</div><div style=""font-weight: bold; font-size: 16px; margin-bottom: 14px; line-height: 1.4;"">Què pot mantenir una instal·lació elèctrica d'autoconsum híbrid si falla la xarxa?</div><div style=""font-size: 14px; line-height: 1.6;""><div style=""padding: 5px 0;""><b>A)</b> Les càrregues essencials de la instal·lació.</div><div style=""padding: 5px 0;""><b>B)</b> Totes les càrregues sense distingir-ne la prioritat.</div><div style=""padding: 5px 0;""><b>C)</b> La xarxa exterior de distribució des de l’autoconsum.</div><div style=""padding: 5px 0;""><b>D)</b> Les càrregues no essencials de la instal·lació.</div></div></div>","<div style=""text-align: left; font-family: -apple-system, sans-serif;""><div style=""font-weight: bold; font-size: 16px; color: #10b981; margin-bottom: 8px;"">✓ Resposta Correcta: A</div><div style=""font-size: 14px; margin-bottom: 12px; padding: 10px; background: rgba(16,185,129,0.1); border-radius: 6px; border-left: 4px solid #10b981;"">A) Les càrregues essencials de la instal·lació.</div><hr style=""border: 0; border-top: 1px solid #ddd; margin: 12px 0;""><div style=""font-size: 13px; color: #444; line-height: 1.4;""><b style=""color: #111;"">Explicació:</b> En una fallada de xarxa, un sistema híbrid pot mantenir alimentades les càrregues considerades essencials.</div></div>","T12_-_Installacions","15731"
"<div style=""text-align: left; font-family: -apple-system, sans-serif;""><div style=""font-size: 11px; color: #888; margin-bottom: 6px;"">[T12 - Instal·lacions] Pregunta 537</div><div style=""font-weight: bold; font-size: 16px; margin-bottom: 14px; line-height: 1.4;"">Si no es coneix exactament la tensió d’una instal·lació, què pot ajudar a identificar-ne el nivell?</div><div style=""font-size: 14px; line-height: 1.6;""><div style=""padding: 5px 0;""><b>A)</b> L’entorn, el tipus d’instal·lació i les plaques informatives.</div><div style=""padding: 5px 0;""><b>B)</b> La posició dels interruptors i la presència d’un conductor de protecció.</div><div style=""padding: 5px 0;""><b>C)</b> La intensitat aparent dels receptors connectats i la temperatura dels cables.</div><div style=""padding: 5px 0;""><b>D)</b> El color exterior dels conductors i la mida dels fusibles visibles.</div></div></div>","<div style=""text-align: left; font-family: -apple-system, sans-serif;""><div style=""font-weight: bold; font-size: 16px; color: #10b981; margin-bottom: 8px;"">✓ Resposta Correcta: A</div><div style=""font-size: 14px; margin-bottom: 12px; padding: 10px; background: rgba(16,185,129,0.1); border-radius: 6px; border-left: 4px solid #10b981;"">A) L’entorn, el tipus d’instal·lació i les plaques informatives.</div><hr style=""border: 0; border-top: 1px solid #ddd; margin: 12px 0;""><div style=""font-size: 13px; color: #444; line-height: 1.4;""><b style=""color: #111;"">Explicació:</b> La identificació de l’entorn i la senyalització permet orientar si es tracta de BT, MT o AT.</div></div>","T12_-_Installacions","16075"
"<div style=""text-align: left; font-family: -apple-system, sans-serif;""><div style=""font-size: 11px; color: #888; margin-bottom: 6px;"">[T12 - Instal·lacions] Pregunta 538</div><div style=""font-weight: bold; font-size: 16px; margin-bottom: 14px; line-height: 1.4;"">Com es pot fer un subministrament centralitzat de GLP?</div><div style=""font-size: 14px; line-height: 1.6;""><div style=""padding: 5px 0;""><b>A)</b> Amb dipòsits de més capacitat prop dels edificis.</div><div style=""padding: 5px 0;""><b>B)</b> Amb canonades interiors sense emmagatzematge.</div><div style=""padding: 5px 0;""><b>C)</b> Amb xarxa pública de metà a alta pressió.</div><div style=""padding: 5px 0;""><b>D)</b> Amb bombones individuals dins cada receptor.</div></div></div>","<div style=""text-align: left; font-family: -apple-system, sans-serif;""><div style=""font-weight: bold; font-size: 16px; color: #10b981; margin-bottom: 8px;"">✓ Resposta Correcta: A</div><div style=""font-size: 14px; margin-bottom: 12px; padding: 10px; background: rgba(16,185,129,0.1); border-radius: 6px; border-left: 4px solid #10b981;"">A) Amb dipòsits de més capacitat prop dels edificis.</div><hr style=""border: 0; border-top: 1px solid #ddd; margin: 12px 0;""><div style=""font-size: 13px; color: #444; line-height: 1.4;""><b style=""color: #111;"">Explicació:</b> El GLP també es pot subministrar des de dipòsits de més capacitat.</div></div>","T12_-_Installacions","16192"
"<div style=""text-align: left; font-family: -apple-system, sans-serif;""><div style=""font-size: 11px; color: #888; margin-bottom: 6px;"">[T12 - Instal·lacions] Pregunta 539</div><div style=""font-weight: bold; font-size: 16px; margin-bottom: 14px; line-height: 1.4;"">Quina funció té l’interruptor general de maniobra (IGM)?</div><div style=""font-size: 14px; line-height: 1.6;""><div style=""padding: 5px 0;""><b>A)</b> Deixar fora de servei la centralització de comptadors quan sigui necessari.</div><div style=""padding: 5px 0;""><b>B)</b> Limitar la potència demandada per cada usuari.</div><div style=""padding: 5px 0;""><b>C)</b> Desconnectar un circuit interior quan presenta una sobrecàrrega.</div><div style=""padding: 5px 0;""><b>D)</b> Detectar fuites de corrent a terra en cada habitatge.</div></div></div>","<div style=""text-align: left; font-family: -apple-system, sans-serif;""><div style=""font-weight: bold; font-size: 16px; color: #10b981; margin-bottom: 8px;"">✓ Resposta Correcta: A</div><div style=""font-size: 14px; margin-bottom: 12px; padding: 10px; background: rgba(16,185,129,0.1); border-radius: 6px; border-left: 4px solid #10b981;"">A) Deixar fora de servei la centralització de comptadors quan sigui necessari.</div><hr style=""border: 0; border-top: 1px solid #ddd; margin: 12px 0;""><div style=""font-size: 13px; color: #444; line-height: 1.4;""><b style=""color: #111;"">Explicació:</b> L’IGM permet desconnectar globalment la centralització de comptadors si cal.</div></div>","T12_-_Installacions","15881"
"<div style=""text-align: left; font-family: -apple-system, sans-serif;""><div style=""font-size: 11px; color: #888; margin-bottom: 6px;"">[T12 - Instal·lacions] Pregunta 540</div><div style=""font-weight: bold; font-size: 16px; margin-bottom: 14px; line-height: 1.4;"">Quina situació justifica especialment la posada a terra i en curtcircuit?</div><div style=""font-size: 14px; line-height: 1.6;""><div style=""padding: 5px 0;""><b>A)</b> La necessitat d’augmentar la sensibilitat del diferencial durant una prova.</div><div style=""padding: 5px 0;""><b>B)</b> La possibilitat que la instal·lació torni a quedar energitzada accidentalment.</div><div style=""padding: 5px 0;""><b>C)</b> La necessitat de mantenir el neutre alimentat mentre les fases estan desconnectades.</div><div style=""padding: 5px 0;""><b>D)</b> La necessitat de mesurar la resistència d’un receptor amb la instal·lació alimentada.</div></div></div>","<div style=""text-align: left; font-family: -apple-system, sans-serif;""><div style=""font-weight: bold; font-size: 16px; color: #10b981; margin-bottom: 8px;"">✓ Resposta Correcta: B</div><div style=""font-size: 14px; margin-bottom: 12px; padding: 10px; background: rgba(16,185,129,0.1); border-radius: 6px; border-left: 4px solid #10b981;"">B) La possibilitat que la instal·lació torni a quedar energitzada accidentalment.</div><hr style=""border: 0; border-top: 1px solid #ddd; margin: 12px 0;""><div style=""font-size: 13px; color: #444; line-height: 1.4;""><b style=""color: #111;"">Explicació:</b> Aquesta regla protegeix davant l’aparició inesperada de tensió després de la desconnexió.</div></div>","T12_-_Installacions","16067"
"<div style=""text-align: left; font-family: -apple-system, sans-serif;""><div style=""font-size: 11px; color: #888; margin-bottom: 6px;"">[T12 - Instal·lacions] Pregunta 541</div><div style=""font-weight: bold; font-size: 16px; margin-bottom: 14px; line-height: 1.4;"">Quin és el primer pas de les cinc regles d’or?</div><div style=""font-size: 14px; line-height: 1.6;""><div style=""padding: 5px 0;""><b>A)</b> Verificar l’absència de tensió a tots els conductors.</div><div style=""padding: 5px 0;""><b>B)</b> Desconnectar totes les possibles fonts d’alimentació de la instal·lació.</div><div style=""padding: 5px 0;""><b>C)</b> Delimitar i senyalitzar la zona de treball.</div><div style=""padding: 5px 0;""><b>D)</b> Posar a terra i en curtcircuit la instal·lació.</div></div></div>","<div style=""text-align: left; font-family: -apple-system, sans-serif;""><div style=""font-weight: bold; font-size: 16px; color: #10b981; margin-bottom: 8px;"">✓ Resposta Correcta: B</div><div style=""font-size: 14px; margin-bottom: 12px; padding: 10px; background: rgba(16,185,129,0.1); border-radius: 6px; border-left: 4px solid #10b981;"">B) Desconnectar totes les possibles fonts d’alimentació de la instal·lació.</div><hr style=""border: 0; border-top: 1px solid #ddd; margin: 12px 0;""><div style=""font-size: 13px; color: #444; line-height: 1.4;""><b style=""color: #111;"">Explicació:</b> La desconnexió de les fonts d’energia precedeix la resta de mesures.</div></div>","T12_-_Installacions","16053"
"<div style=""text-align: left; font-family: -apple-system, sans-serif;""><div style=""font-size: 11px; color: #888; margin-bottom: 6px;"">[T12 - Instal·lacions] Pregunta 542</div><div style=""font-weight: bold; font-size: 16px; margin-bottom: 14px; line-height: 1.4;"">Quina protecció necessita una canonada d’acer de gas?</div><div style=""font-size: 14px; line-height: 1.6;""><div style=""padding: 5px 0;""><b>A)</b> Protecció contra la corrosió.</div><div style=""padding: 5px 0;""><b>B)</b> Protecció contra la condensació del metà.</div><div style=""padding: 5px 0;""><b>C)</b> Protecció contra la fusió tèrmica.</div><div style=""padding: 5px 0;""><b>D)</b> Protecció contra la radiació UV interior.</div></div></div>","<div style=""text-align: left; font-family: -apple-system, sans-serif;""><div style=""font-weight: bold; font-size: 16px; color: #10b981; margin-bottom: 8px;"">✓ Resposta Correcta: A</div><div style=""font-size: 14px; margin-bottom: 12px; padding: 10px; background: rgba(16,185,129,0.1); border-radius: 6px; border-left: 4px solid #10b981;"">A) Protecció contra la corrosió.</div><hr style=""border: 0; border-top: 1px solid #ddd; margin: 12px 0;""><div style=""font-size: 13px; color: #444; line-height: 1.4;""><b style=""color: #111;"">Explicació:</b> L’acer pot corroir-se i requereix protecció específica.</div></div>","T12_-_Installacions","16227"
"<div style=""text-align: left; font-family: -apple-system, sans-serif;""><div style=""font-size: 11px; color: #888; margin-bottom: 6px;"">[T12 - Instal·lacions] Pregunta 543</div><div style=""font-weight: bold; font-size: 16px; margin-bottom: 14px; line-height: 1.4;"">Què passa amb les línies de baixa tensió que surten d’un centre de transformació?</div><div style=""font-size: 14px; line-height: 1.6;""><div style=""padding: 5px 0;""><b>A)</b> Poden acabar directament a les centralitzacions de comptadors sense passar per cap CGP.</div><div style=""padding: 5px 0;""><b>B)</b> Poden convertir-se directament en derivacions individuals abans d’arribar als edificis.</div><div style=""padding: 5px 0;""><b>C)</b> Poden unir-se en una única línia comuna abans d’arribar als circuits interiors dels usuaris.</div><div style=""padding: 5px 0;""><b>D)</b> Es van ramificant fins a arribar a les caixes generals de protecció.</div></div></div>","<div style=""text-align: left; font-family: -apple-system, sans-serif;""><div style=""font-weight: bold; font-size: 16px; color: #10b981; margin-bottom: 8px;"">✓ Resposta Correcta: D</div><div style=""font-size: 14px; margin-bottom: 12px; padding: 10px; background: rgba(16,185,129,0.1); border-radius: 6px; border-left: 4px solid #10b981;"">D) Es van ramificant fins a arribar a les caixes generals de protecció.</div><hr style=""border: 0; border-top: 1px solid #ddd; margin: 12px 0;""><div style=""font-size: 13px; color: #444; line-height: 1.4;""><b style=""color: #111;"">Explicació:</b> Des d’un centre de transformació poden sortir diverses línies que es ramifiquen progressivament fins a les CGP.</div></div>","T12_-_Installacions","15864"
"<div style=""text-align: left; font-family: -apple-system, sans-serif;""><div style=""font-size: 11px; color: #888; margin-bottom: 6px;"">[T12 - Instal·lacions] Pregunta 544</div><div style=""font-weight: bold; font-size: 16px; margin-bottom: 14px; line-height: 1.4;"">En un subministrament per a un únic usuari, quins elements es poden agrupar en una caixa de protecció i mesura (CPM)?</div><div style=""font-size: 14px; line-height: 1.6;""><div style=""padding: 5px 0;""><b>A)</b> La línia general d’alimentació i l’embarrat general.</div><div style=""padding: 5px 0;""><b>B)</b> La caixa general de protecció i l’equip de mesura.</div><div style=""padding: 5px 0;""><b>C)</b> L’interruptor diferencial i els PIAs interiors.</div><div style=""padding: 5px 0;""><b>D)</b> L’escomesa i el centre de transformació.</div></div></div>","<div style=""text-align: left; font-family: -apple-system, sans-serif;""><div style=""font-weight: bold; font-size: 16px; color: #10b981; margin-bottom: 8px;"">✓ Resposta Correcta: B</div><div style=""font-size: 14px; margin-bottom: 12px; padding: 10px; background: rgba(16,185,129,0.1); border-radius: 6px; border-left: 4px solid #10b981;"">B) La caixa general de protecció i l’equip de mesura.</div><hr style=""border: 0; border-top: 1px solid #ddd; margin: 12px 0;""><div style=""font-size: 13px; color: #444; line-height: 1.4;""><b style=""color: #111;"">Explicació:</b> En els subministraments individuals, la CPM pot integrar la protecció general i la mesura en un mateix conjunt.</div></div>","T12_-_Installacions","15890"
"<div style=""text-align: left; font-family: -apple-system, sans-serif;""><div style=""font-size: 11px; color: #888; margin-bottom: 6px;"">[T12 - Instal·lacions] Pregunta 545</div><div style=""font-weight: bold; font-size: 16px; margin-bottom: 14px; line-height: 1.4;"">Quin element queda aigües amunt del tub d’escomesa d’aigua d’un edifici?</div><div style=""font-size: 14px; line-height: 1.6;""><div style=""padding: 5px 0;""><b>A)</b> El comptador general.</div><div style=""padding: 5px 0;""><b>B)</b> La clau o collar de presa.</div><div style=""padding: 5px 0;""><b>C)</b> El filtre general.</div><div style=""padding: 5px 0;""><b>D)</b> La clau de tall general.</div></div></div>","<div style=""text-align: left; font-family: -apple-system, sans-serif;""><div style=""font-weight: bold; font-size: 16px; color: #10b981; margin-bottom: 8px;"">✓ Resposta Correcta: B</div><div style=""font-size: 14px; margin-bottom: 12px; padding: 10px; background: rgba(16,185,129,0.1); border-radius: 6px; border-left: 4px solid #10b981;"">B) La clau o collar de presa.</div><hr style=""border: 0; border-top: 1px solid #ddd; margin: 12px 0;""><div style=""font-size: 13px; color: #444; line-height: 1.4;""><b style=""color: #111;"">Explicació:</b> La presa connecta amb la xarxa de distribució abans del tub d’escomesa.</div></div>","T12_-_Installacions","16103"
"<div style=""text-align: left; font-family: -apple-system, sans-serif;""><div style=""font-size: 11px; color: #888; margin-bottom: 6px;"">[T12 - Instal·lacions] Pregunta 546</div><div style=""font-weight: bold; font-size: 16px; margin-bottom: 14px; line-height: 1.4;"">Quina accessibilitat té habitualment la clau d’edifici de gas?</div><div style=""font-size: 14px; line-height: 1.6;""><div style=""padding: 5px 0;""><b>A)</b> Grau 3.</div><div style=""padding: 5px 0;""><b>B)</b> Grau 1.</div><div style=""padding: 5px 0;""><b>C)</b> Grau 1 o 2.</div><div style=""padding: 5px 0;""><b>D)</b> Grau 2 o 3.</div></div></div>","<div style=""text-align: left; font-family: -apple-system, sans-serif;""><div style=""font-weight: bold; font-size: 16px; color: #10b981; margin-bottom: 8px;"">✓ Resposta Correcta: D</div><div style=""font-size: 14px; margin-bottom: 12px; padding: 10px; background: rgba(16,185,129,0.1); border-radius: 6px; border-left: 4px solid #10b981;"">D) Grau 2 o 3.</div><hr style=""border: 0; border-top: 1px solid #ddd; margin: 12px 0;""><div style=""font-size: 13px; color: #444; line-height: 1.4;""><b style=""color: #111;"">Explicació:</b> La clau d’edifici presenta habitualment accessibilitat de grau 2 o 3.</div></div>","T12_-_Installacions","16274"
"<div style=""text-align: left; font-family: -apple-system, sans-serif;""><div style=""font-size: 11px; color: #888; margin-bottom: 6px;"">[T12 - Instal·lacions] Pregunta 547</div><div style=""font-weight: bold; font-size: 16px; margin-bottom: 14px; line-height: 1.4;"">On s’utilitza principalment el polietilè en xarxes de gas?</div><div style=""font-size: 14px; line-height: 1.6;""><div style=""padding: 5px 0;""><b>A)</b> En connexions flexibles d’aparells.</div><div style=""padding: 5px 0;""><b>B)</b> En distribució enterrada i escomeses.</div><div style=""padding: 5px 0;""><b>C)</b> En interiors domèstics vistos.</div><div style=""padding: 5px 0;""><b>D)</b> En transport primari d’alta pressió.</div></div></div>","<div style=""text-align: left; font-family: -apple-system, sans-serif;""><div style=""font-weight: bold; font-size: 16px; color: #10b981; margin-bottom: 8px;"">✓ Resposta Correcta: B</div><div style=""font-size: 14px; margin-bottom: 12px; padding: 10px; background: rgba(16,185,129,0.1); border-radius: 6px; border-left: 4px solid #10b981;"">B) En distribució enterrada i escomeses.</div><hr style=""border: 0; border-top: 1px solid #ddd; margin: 12px 0;""><div style=""font-size: 13px; color: #444; line-height: 1.4;""><b style=""color: #111;"">Explicació:</b> El polietilè s’utilitza sobretot en xarxes enterrades i escomeses.</div></div>","T12_-_Installacions","16228"
"<div style=""text-align: left; font-family: -apple-system, sans-serif;""><div style=""font-size: 11px; color: #888; margin-bottom: 6px;"">[T12 - Instal·lacions] Pregunta 548</div><div style=""font-weight: bold; font-size: 16px; margin-bottom: 14px; line-height: 1.4;"">Quin element ha d’haver a la part superior d’un muntant d’aigua?</div><div style=""font-size: 14px; line-height: 1.6;""><div style=""padding: 5px 0;""><b>A)</b> Un purgador.</div><div style=""padding: 5px 0;""><b>B)</b> Una vàlvula de retenció principal.</div><div style=""padding: 5px 0;""><b>C)</b> Un comptador general.</div><div style=""padding: 5px 0;""><b>D)</b> Un filtre general.</div></div></div>","<div style=""text-align: left; font-family: -apple-system, sans-serif;""><div style=""font-weight: bold; font-size: 16px; color: #10b981; margin-bottom: 8px;"">✓ Resposta Correcta: A</div><div style=""font-size: 14px; margin-bottom: 12px; padding: 10px; background: rgba(16,185,129,0.1); border-radius: 6px; border-left: 4px solid #10b981;"">A) Un purgador.</div><hr style=""border: 0; border-top: 1px solid #ddd; margin: 12px 0;""><div style=""font-size: 13px; color: #444; line-height: 1.4;""><b style=""color: #111;"">Explicació:</b> A la part superior s’instal·la un dispositiu per eliminar aire.</div></div>","T12_-_Installacions","16137"
"<div style=""text-align: left; font-family: -apple-system, sans-serif;""><div style=""font-size: 11px; color: #888; margin-bottom: 6px;"">[T12 - Instal·lacions] Pregunta 549</div><div style=""font-weight: bold; font-size: 16px; margin-bottom: 14px; line-height: 1.4;"">Com es pot efectuar el tall de subministrament elèctric en una instal·lació final de consum per a una inervenció?</div><div style=""font-size: 14px; line-height: 1.6;""><div style=""padding: 5px 0;""><b>A)</b> Des de la generació de la xarxa.</div><div style=""padding: 5px 0;""><b>B)</b> Des de la xarxa de transport d’alta tensió.</div><div style=""padding: 5px 0;""><b>C)</b> De forma autònoma dins la instal·lació final.</div><div style=""padding: 5px 0;""><b>D)</b> Des de les línies de distribució.</div></div></div>","<div style=""text-align: left; font-family: -apple-system, sans-serif;""><div style=""font-weight: bold; font-size: 16px; color: #10b981; margin-bottom: 8px;"">✓ Resposta Correcta: C</div><div style=""font-size: 14px; margin-bottom: 12px; padding: 10px; background: rgba(16,185,129,0.1); border-radius: 6px; border-left: 4px solid #10b981;"">C) De forma autònoma dins la instal·lació final.</div><hr style=""border: 0; border-top: 1px solid #ddd; margin: 12px 0;""><div style=""font-size: 13px; color: #444; line-height: 1.4;""><b style=""color: #111;"">Explicació:</b> En les instal·lacions finals de consum es poden efectuar talls de subministrament de forma autònoma quan cal.</div></div>","T12_-_Installacions","15704"
"<div style=""text-align: left; font-family: -apple-system, sans-serif;""><div style=""font-size: 11px; color: #888; margin-bottom: 6px;"">[T12 - Instal·lacions] Pregunta 550</div><div style=""font-weight: bold; font-size: 16px; margin-bottom: 14px; line-height: 1.4;"">Com es classifica el gas natural com a font d’energia?</div><div style=""font-size: 14px; line-height: 1.6;""><div style=""padding: 5px 0;""><b>A)</b> No renovable.</div><div style=""padding: 5px 0;""><b>B)</b> Sintètica.</div><div style=""padding: 5px 0;""><b>C)</b> Residual.</div><div style=""padding: 5px 0;""><b>D)</b> Renovable.</div></div></div>","<div style=""text-align: left; font-family: -apple-system, sans-serif;""><div style=""font-weight: bold; font-size: 16px; color: #10b981; margin-bottom: 8px;"">✓ Resposta Correcta: A</div><div style=""font-size: 14px; margin-bottom: 12px; padding: 10px; background: rgba(16,185,129,0.1); border-radius: 6px; border-left: 4px solid #10b981;"">A) No renovable.</div><hr style=""border: 0; border-top: 1px solid #ddd; margin: 12px 0;""><div style=""font-size: 13px; color: #444; line-height: 1.4;""><b style=""color: #111;"">Explicació:</b> El gas natural és una font d’energia no renovable.</div></div>","T12_-_Installacions","16203"
"<div style=""text-align: left; font-family: -apple-system, sans-serif;""><div style=""font-size: 11px; color: #888; margin-bottom: 6px;"">[T12 - Instal·lacions] Pregunta 551</div><div style=""font-weight: bold; font-size: 16px; margin-bottom: 14px; line-height: 1.4;"">Què passa elèctricament quan un fusible es fon?</div><div style=""font-size: 14px; line-height: 1.6;""><div style=""padding: 5px 0;""><b>A)</b> El circuit continua alimentat amb menys tensió.</div><div style=""padding: 5px 0;""><b>B)</b> El circuit deriva automàticament el corrent a terra.</div><div style=""padding: 5px 0;""><b>C)</b> El circuit queda pontat a través del neutre.</div><div style=""padding: 5px 0;""><b>D)</b> El circuit queda obert.</div></div></div>","<div style=""text-align: left; font-family: -apple-system, sans-serif;""><div style=""font-weight: bold; font-size: 16px; color: #10b981; margin-bottom: 8px;"">✓ Resposta Correcta: D</div><div style=""font-size: 14px; margin-bottom: 12px; padding: 10px; background: rgba(16,185,129,0.1); border-radius: 6px; border-left: 4px solid #10b981;"">D) El circuit queda obert.</div><hr style=""border: 0; border-top: 1px solid #ddd; margin: 12px 0;""><div style=""font-size: 13px; color: #444; line-height: 1.4;""><b style=""color: #111;"">Explicació:</b> La fusió elimina la continuïtat elèctrica del fusible i interromp el corrent.</div></div>","T12_-_Installacions","15935"
"<div style=""text-align: left; font-family: -apple-system, sans-serif;""><div style=""font-size: 11px; color: #888; margin-bottom: 6px;"">[T12 - Instal·lacions] Pregunta 552</div><div style=""font-weight: bold; font-size: 16px; margin-bottom: 14px; line-height: 1.4;"">Quina és la font de calor d’una central nuclear?</div><div style=""font-size: 14px; line-height: 1.6;""><div style=""padding: 5px 0;""><b>A)</b> La combustió de de l'urani.</div><div style=""padding: 5px 0;""><b>B)</b> La fusió de l'urani.</div><div style=""padding: 5px 0;""><b>C)</b> La radiació solar concentrada.</div><div style=""padding: 5px 0;""><b>D)</b> La fissió de l’urani.</div></div></div>","<div style=""text-align: left; font-family: -apple-system, sans-serif;""><div style=""font-weight: bold; font-size: 16px; color: #10b981; margin-bottom: 8px;"">✓ Resposta Correcta: D</div><div style=""font-size: 14px; margin-bottom: 12px; padding: 10px; background: rgba(16,185,129,0.1); border-radius: 6px; border-left: 4px solid #10b981;"">D) La fissió de l’urani.</div><hr style=""border: 0; border-top: 1px solid #ddd; margin: 12px 0;""><div style=""font-size: 13px; color: #444; line-height: 1.4;""><b style=""color: #111;"">Explicació:</b> La fissió de l’urani produeix la calor necessària en una central nuclear.</div></div>","T12_-_Installacions","15762"
"<div style=""text-align: left; font-family: -apple-system, sans-serif;""><div style=""font-size: 11px; color: #888; margin-bottom: 6px;"">[T12 - Instal·lacions] Pregunta 553</div><div style=""font-weight: bold; font-size: 16px; margin-bottom: 14px; line-height: 1.4;"">Quina equivalència aproximada s’utilitza per estimar la tensió a partir dels discos ceràmics d’un aïllador?</div><div style=""font-size: 14px; line-height: 1.6;""><div style=""padding: 5px 0;""><b>A)</b> Uns 11 kV per peça.</div><div style=""padding: 5px 0;""><b>B)</b> Uns 36 kV per peça.</div><div style=""padding: 5px 0;""><b>C)</b> Uns 1 kV per peça.</div><div style=""padding: 5px 0;""><b>D)</b> Uns 110 kV per peça.</div></div></div>","<div style=""text-align: left; font-family: -apple-system, sans-serif;""><div style=""font-weight: bold; font-size: 16px; color: #10b981; margin-bottom: 8px;"">✓ Resposta Correcta: A</div><div style=""font-size: 14px; margin-bottom: 12px; padding: 10px; background: rgba(16,185,129,0.1); border-radius: 6px; border-left: 4px solid #10b981;"">A) Uns 11 kV per peça.</div><hr style=""border: 0; border-top: 1px solid #ddd; margin: 12px 0;""><div style=""font-size: 13px; color: #444; line-height: 1.4;""><b style=""color: #111;"">Explicació:</b> Com a regla mnemotècnica aproximada, cada disc ceràmic es pot associar a uns 11 kV.</div></div>","T12_-_Installacions","15824"
"<div style=""text-align: left; font-family: -apple-system, sans-serif;""><div style=""font-size: 11px; color: #888; margin-bottom: 6px;"">[T12 - Instal·lacions] Pregunta 554</div><div style=""font-weight: bold; font-size: 16px; margin-bottom: 14px; line-height: 1.4;"">Quina actuació caracteritza una protecció elèctrica quan detecta una fallada perillosa?</div><div style=""font-size: 14px; line-height: 1.6;""><div style=""padding: 5px 0;""><b>A)</b> Mantenir el circuit connectat fins que cessi el consum.</div><div style=""padding: 5px 0;""><b>B)</b> Augmentar temporalment la secció efectiva del conductor.</div><div style=""padding: 5px 0;""><b>C)</b> Interrompre el circuit afectat.</div><div style=""padding: 5px 0;""><b>D)</b> Desviar tota la càrrega cap al conductor neutre.</div></div></div>","<div style=""text-align: left; font-family: -apple-system, sans-serif;""><div style=""font-weight: bold; font-size: 16px; color: #10b981; margin-bottom: 8px;"">✓ Resposta Correcta: C</div><div style=""font-size: 14px; margin-bottom: 12px; padding: 10px; background: rgba(16,185,129,0.1); border-radius: 6px; border-left: 4px solid #10b981;"">C) Interrompre el circuit afectat.</div><hr style=""border: 0; border-top: 1px solid #ddd; margin: 12px 0;""><div style=""font-size: 13px; color: #444; line-height: 1.4;""><b style=""color: #111;"">Explicació:</b> Davant una fallada, la protecció adequada desconnecta el circuit per limitar-ne les conseqüències.</div></div>","T12_-_Installacions","15931"
"<div style=""text-align: left; font-family: -apple-system, sans-serif;""><div style=""font-size: 11px; color: #888; margin-bottom: 6px;"">[T12 - Instal·lacions] Pregunta 555</div><div style=""font-weight: bold; font-size: 16px; margin-bottom: 14px; line-height: 1.4;"">Quin rang de pressió correspon a una xarxa de gas APA?</div><div style=""font-size: 14px; line-height: 1.6;""><div style=""padding: 5px 0;""><b>A)</b> Més de 0,4 bar i fins a 4 bar.</div><div style=""padding: 5px 0;""><b>B)</b> Més de 4 bar i fins a 16 bar.</div><div style=""padding: 5px 0;""><b>C)</b> Fins a 0,05 bar.</div><div style=""padding: 5px 0;""><b>D)</b> Més de 16 bar i fins a 45 bar.</div></div></div>","<div style=""text-align: left; font-family: -apple-system, sans-serif;""><div style=""font-weight: bold; font-size: 16px; color: #10b981; margin-bottom: 8px;"">✓ Resposta Correcta: B</div><div style=""font-size: 14px; margin-bottom: 12px; padding: 10px; background: rgba(16,185,129,0.1); border-radius: 6px; border-left: 4px solid #10b981;"">B) Més de 4 bar i fins a 16 bar.</div><hr style=""border: 0; border-top: 1px solid #ddd; margin: 12px 0;""><div style=""font-size: 13px; color: #444; line-height: 1.4;""><b style=""color: #111;"">Explicació:</b> La categoria APA treballa per sobre de 4 bar i fins a 16 bar.</div></div>","T12_-_Installacions","16240"
"<div style=""text-align: left; font-family: -apple-system, sans-serif;""><div style=""font-size: 11px; color: #888; margin-bottom: 6px;"">[T12 - Instal·lacions] Pregunta 556</div><div style=""font-weight: bold; font-size: 16px; margin-bottom: 14px; line-height: 1.4;"">Quina tensió utilitzen el Metro i els FGC?</div><div style=""font-size: 14px; line-height: 1.6;""><div style=""padding: 5px 0;""><b>A)</b> 750 V DC.</div><div style=""padding: 5px 0;""><b>B)</b> 25.000 V AC.</div><div style=""padding: 5px 0;""><b>C)</b> 1.500 V DC.</div><div style=""padding: 5px 0;""><b>D)</b> 3.000 V DC.</div></div></div>","<div style=""text-align: left; font-family: -apple-system, sans-serif;""><div style=""font-weight: bold; font-size: 16px; color: #10b981; margin-bottom: 8px;"">✓ Resposta Correcta: C</div><div style=""font-size: 14px; margin-bottom: 12px; padding: 10px; background: rgba(16,185,129,0.1); border-radius: 6px; border-left: 4px solid #10b981;"">C) 1.500 V DC.</div><hr style=""border: 0; border-top: 1px solid #ddd; margin: 12px 0;""><div style=""font-size: 13px; color: #444; line-height: 1.4;""><b style=""color: #111;"">Explicació:</b> El Metro i els FGC utilitzen una tensió de 1.500 V en corrent continu.</div></div>","T12_-_Installacions","15743"
"<div style=""text-align: left; font-family: -apple-system, sans-serif;""><div style=""font-size: 11px; color: #888; margin-bottom: 6px;"">[T12 - Instal·lacions] Pregunta 557</div><div style=""font-weight: bold; font-size: 16px; margin-bottom: 14px; line-height: 1.4;"">Quina funció tenen les centrals de regulació?</div><div style=""font-size: 14px; line-height: 1.6;""><div style=""padding: 5px 0;""><b>A)</b> Ajustar la potència a les variacions previstes de la demanda.</div><div style=""padding: 5px 0;""><b>B)</b> Transportar grans quantitats d’energia entre centrals i subestacions.</div><div style=""padding: 5px 0;""><b>C)</b> Respondre ràpidament als pics sobtats de consum.</div><div style=""padding: 5px 0;""><b>D)</b> Cobrir de manera constant la demanda mínima amb una producció estable.</div></div></div>","<div style=""text-align: left; font-family: -apple-system, sans-serif;""><div style=""font-weight: bold; font-size: 16px; color: #10b981; margin-bottom: 8px;"">✓ Resposta Correcta: A</div><div style=""font-size: 14px; margin-bottom: 12px; padding: 10px; background: rgba(16,185,129,0.1); border-radius: 6px; border-left: 4px solid #10b981;"">A) Ajustar la potència a les variacions previstes de la demanda.</div><hr style=""border: 0; border-top: 1px solid #ddd; margin: 12px 0;""><div style=""font-size: 13px; color: #444; line-height: 1.4;""><b style=""color: #111;"">Explicació:</b> Les centrals de regulació adapten la seva producció als canvis de demanda previstos.</div></div>","T12_-_Installacions","15785"
"<div style=""text-align: left; font-family: -apple-system, sans-serif;""><div style=""font-size: 11px; color: #888; margin-bottom: 6px;"">[T12 - Instal·lacions] Pregunta 558</div><div style=""font-weight: bold; font-size: 16px; margin-bottom: 14px; line-height: 1.4;"">Com han de ser els espais on passen els muntants d’aigua?</div><div style=""font-size: 14px; line-height: 1.6;""><div style=""padding: 5px 0;""><b>A)</b> Accessibles només al capdamunt.</div><div style=""padding: 5px 0;""><b>B)</b> Registrables només a la base.</div><div style=""padding: 5px 0;""><b>C)</b> Accessibles.</div><div style=""padding: 5px 0;""><b>D)</b> Reservats a cada habitatge.</div></div></div>","<div style=""text-align: left; font-family: -apple-system, sans-serif;""><div style=""font-weight: bold; font-size: 16px; color: #10b981; margin-bottom: 8px;"">✓ Resposta Correcta: C</div><div style=""font-size: 14px; margin-bottom: 12px; padding: 10px; background: rgba(16,185,129,0.1); border-radius: 6px; border-left: 4px solid #10b981;"">C) Accessibles.</div><hr style=""border: 0; border-top: 1px solid #ddd; margin: 12px 0;""><div style=""font-size: 13px; color: #444; line-height: 1.4;""><b style=""color: #111;"">Explicació:</b> L’accés facilita la inspecció i la intervenció sobre els muntants.</div></div>","T12_-_Installacions","16133"
"<div style=""text-align: left; font-family: -apple-system, sans-serif;""><div style=""font-size: 11px; color: #888; margin-bottom: 6px;"">[T12 - Instal·lacions] Pregunta 559</div><div style=""font-weight: bold; font-size: 16px; margin-bottom: 14px; line-height: 1.4;"">Quina clau permet aïllar un únic aparell de gas?</div><div style=""font-size: 14px; line-height: 1.6;""><div style=""padding: 5px 0;""><b>A)</b> La clau de muntant col·lectiu.</div><div style=""padding: 5px 0;""><b>B)</b> La clau pròpia de l’aparell.</div><div style=""padding: 5px 0;""><b>C)</b> La clau d’escomesa.</div><div style=""padding: 5px 0;""><b>D)</b> La clau de l’edifici.</div></div></div>","<div style=""text-align: left; font-family: -apple-system, sans-serif;""><div style=""font-weight: bold; font-size: 16px; color: #10b981; margin-bottom: 8px;"">✓ Resposta Correcta: B</div><div style=""font-size: 14px; margin-bottom: 12px; padding: 10px; background: rgba(16,185,129,0.1); border-radius: 6px; border-left: 4px solid #10b981;"">B) La clau pròpia de l’aparell.</div><hr style=""border: 0; border-top: 1px solid #ddd; margin: 12px 0;""><div style=""font-size: 13px; color: #444; line-height: 1.4;""><b style=""color: #111;"">Explicació:</b> Cada aparell disposa d’una clau pròxima a la connexió per poder-lo aïllar individualment.</div></div>","T12_-_Installacions","16266"
"<div style=""text-align: left; font-family: -apple-system, sans-serif;""><div style=""font-size: 11px; color: #888; margin-bottom: 6px;"">[T12 - Instal·lacions] Pregunta 560</div><div style=""font-weight: bold; font-size: 16px; margin-bottom: 14px; line-height: 1.4;"">Com es poden unir les canonades de coure d’una instal·lació de gas?</div><div style=""font-size: 14px; line-height: 1.6;""><div style=""padding: 5px 0;""><b>A)</b> Per soldadura o accessoris mecànics homologats.</div><div style=""padding: 5px 0;""><b>B)</b> Per adhesiu i junta de goma.</div><div style=""padding: 5px 0;""><b>C)</b> Per rosca directa sense accessoris.</div><div style=""padding: 5px 0;""><b>D)</b> Per electrofusió o termofusió.</div></div></div>","<div style=""text-align: left; font-family: -apple-system, sans-serif;""><div style=""font-weight: bold; font-size: 16px; color: #10b981; margin-bottom: 8px;"">✓ Resposta Correcta: A</div><div style=""font-size: 14px; margin-bottom: 12px; padding: 10px; background: rgba(16,185,129,0.1); border-radius: 6px; border-left: 4px solid #10b981;"">A) Per soldadura o accessoris mecànics homologats.</div><hr style=""border: 0; border-top: 1px solid #ddd; margin: 12px 0;""><div style=""font-size: 13px; color: #444; line-height: 1.4;""><b style=""color: #111;"">Explicació:</b> Les unions de coure poden ser soldades o fetes amb accessoris mecànics homologats.</div></div>","T12_-_Installacions","16231"
"<div style=""text-align: left; font-family: -apple-system, sans-serif;""><div style=""font-size: 11px; color: #888; margin-bottom: 6px;"">[T12 - Instal·lacions] Pregunta 561</div><div style=""font-weight: bold; font-size: 16px; margin-bottom: 14px; line-height: 1.4;"">Quines xarxes connecta la mitja tensió dins la distribució?</div><div style=""font-size: 14px; line-height: 1.6;""><div style=""padding: 5px 0;""><b>A)</b> La xarxa de transport amb les interconnexions de països veïns.</div><div style=""padding: 5px 0;""><b>B)</b> La xarxa de transport amb la xarxa de distribució de baixa tensió.</div><div style=""padding: 5px 0;""><b>C)</b> La xarxa de baixa tensió amb les instal·lacions interiors dels habitatges.</div><div style=""padding: 5px 0;""><b>D)</b> La generació fotovoltaica amb la xarxa internacional de transport.</div></div></div>","<div style=""text-align: left; font-family: -apple-system, sans-serif;""><div style=""font-weight: bold; font-size: 16px; color: #10b981; margin-bottom: 8px;"">✓ Resposta Correcta: B</div><div style=""font-size: 14px; margin-bottom: 12px; padding: 10px; background: rgba(16,185,129,0.1); border-radius: 6px; border-left: 4px solid #10b981;"">B) La xarxa de transport amb la xarxa de distribució de baixa tensió.</div><hr style=""border: 0; border-top: 1px solid #ddd; margin: 12px 0;""><div style=""font-size: 13px; color: #444; line-height: 1.4;""><b style=""color: #111;"">Explicació:</b> La mitjana tensió fa d’enllaç entre el transport i la distribució final en baixa tensió.</div></div>","T12_-_Installacions","15809"
"<div style=""text-align: left; font-family: -apple-system, sans-serif;""><div style=""font-size: 11px; color: #888; margin-bottom: 6px;"">[T12 - Instal·lacions] Pregunta 562</div><div style=""font-weight: bold; font-size: 16px; margin-bottom: 14px; line-height: 1.4;"">Quina funció té el botó Test (T) d’un interruptor diferencial?</div><div style=""font-size: 14px; line-height: 1.6;""><div style=""padding: 5px 0;""><b>A)</b> Comprovar que el mecanisme de protecció funciona.</div><div style=""padding: 5px 0;""><b>B)</b> Augmentar temporalment la sensibilitat del magnetotèrmic.</div><div style=""padding: 5px 0;""><b>C)</b> Mesurar la resistència de la presa de terra.</div><div style=""padding: 5px 0;""><b>D)</b> Rearmar el diferencial després d’una sobrecàrrega.</div></div></div>","<div style=""text-align: left; font-family: -apple-system, sans-serif;""><div style=""font-weight: bold; font-size: 16px; color: #10b981; margin-bottom: 8px;"">✓ Resposta Correcta: A</div><div style=""font-size: 14px; margin-bottom: 12px; padding: 10px; background: rgba(16,185,129,0.1); border-radius: 6px; border-left: 4px solid #10b981;"">A) Comprovar que el mecanisme de protecció funciona.</div><hr style=""border: 0; border-top: 1px solid #ddd; margin: 12px 0;""><div style=""font-size: 13px; color: #444; line-height: 1.4;""><b style=""color: #111;"">Explicació:</b> El botó de test permet verificar periòdicament que el diferencial és capaç de disparar.</div></div>","T12_-_Installacions","15984"
"<div style=""text-align: left; font-family: -apple-system, sans-serif;""><div style=""font-size: 11px; color: #888; margin-bottom: 6px;"">[T12 - Instal·lacions] Pregunta 563</div><div style=""font-weight: bold; font-size: 16px; margin-bottom: 14px; line-height: 1.4;"">Quina funció té habitualment la xarxa de baixa tensió en la distribució?</div><div style=""font-size: 14px; line-height: 1.6;""><div style=""padding: 5px 0;""><b>A)</b> Transportar grans quantitats d’energia entre veins.</div><div style=""padding: 5px 0;""><b>B)</b> Fer les interconnexions elèctriques amb països veïns.</div><div style=""padding: 5px 0;""><b>C)</b> Actuar com a xarxa de distribució secundària o local.</div><div style=""padding: 5px 0;""><b>D)</b> Connectar centrals grans amb consumidors.</div></div></div>","<div style=""text-align: left; font-family: -apple-system, sans-serif;""><div style=""font-weight: bold; font-size: 16px; color: #10b981; margin-bottom: 8px;"">✓ Resposta Correcta: C</div><div style=""font-size: 14px; margin-bottom: 12px; padding: 10px; background: rgba(16,185,129,0.1); border-radius: 6px; border-left: 4px solid #10b981;"">C) Actuar com a xarxa de distribució secundària o local.</div><hr style=""border: 0; border-top: 1px solid #ddd; margin: 12px 0;""><div style=""font-size: 13px; color: #444; line-height: 1.4;""><b style=""color: #111;"">Explicació:</b> La baixa tensió correspon habitualment al tram local o secundari de distribució.</div></div>","T12_-_Installacions","15795"
"<div style=""text-align: left; font-family: -apple-system, sans-serif;""><div style=""font-size: 11px; color: #888; margin-bottom: 6px;"">[T12 - Instal·lacions] Pregunta 564</div><div style=""font-weight: bold; font-size: 16px; margin-bottom: 14px; line-height: 1.4;"">D’on procedeixen les aigües negres d’un edifici?</div><div style=""font-size: 14px; line-height: 1.6;""><div style=""padding: 5px 0;""><b>A)</b> De lavabos i rentadores.</div><div style=""padding: 5px 0;""><b>B)</b> Dels vàters.</div><div style=""padding: 5px 0;""><b>C)</b> De cobertes i terrasses.</div><div style=""padding: 5px 0;""><b>D)</b> De dutxes i banyeres.</div></div></div>","<div style=""text-align: left; font-family: -apple-system, sans-serif;""><div style=""font-weight: bold; font-size: 16px; color: #10b981; margin-bottom: 8px;"">✓ Resposta Correcta: B</div><div style=""font-size: 14px; margin-bottom: 12px; padding: 10px; background: rgba(16,185,129,0.1); border-radius: 6px; border-left: 4px solid #10b981;"">B) Dels vàters.</div><hr style=""border: 0; border-top: 1px solid #ddd; margin: 12px 0;""><div style=""font-size: 13px; color: #444; line-height: 1.4;""><b style=""color: #111;"">Explicació:</b> Les aigües negres corresponen als abocaments procedents dels vàters.</div></div>","T12_-_Installacions","16151"
"<div style=""text-align: left; font-family: -apple-system, sans-serif;""><div style=""font-size: 11px; color: #888; margin-bottom: 6px;"">[T12 - Instal·lacions] Pregunta 565</div><div style=""font-weight: bold; font-size: 16px; margin-bottom: 14px; line-height: 1.4;"">On es pot trobar el cablejat de la xarxa de baixa tensió?</div><div style=""font-size: 14px; line-height: 1.6;""><div style=""padding: 5px 0;""><b>A)</b> En pals o torres petites, façanes i canalitzacions soterrades.</div><div style=""padding: 5px 0;""><b>B)</b> En pals o torres petites i a les façanes, però sense canalitzacions soterrades.</div><div style=""padding: 5px 0;""><b>C)</b> En pals o torres petites i canalitzacions soterrades, però sense trams per façanes.</div><div style=""padding: 5px 0;""><b>D)</b> En façanes i canalitzacions soterrades, però sense trams suspesos en pals.</div></div></div>","<div style=""text-align: left; font-family: -apple-system, sans-serif;""><div style=""font-weight: bold; font-size: 16px; color: #10b981; margin-bottom: 8px;"">✓ Resposta Correcta: A</div><div style=""font-size: 14px; margin-bottom: 12px; padding: 10px; background: rgba(16,185,129,0.1); border-radius: 6px; border-left: 4px solid #10b981;"">A) En pals o torres petites, façanes i canalitzacions soterrades.</div><hr style=""border: 0; border-top: 1px solid #ddd; margin: 12px 0;""><div style=""font-size: 13px; color: #444; line-height: 1.4;""><b style=""color: #111;"">Explicació:</b> Les línies de baixa tensió poden ser aèries, anar per façanes o discórrer soterrades per carrers i voreres.</div></div>","T12_-_Installacions","15858"
"<div style=""text-align: left; font-family: -apple-system, sans-serif;""><div style=""font-size: 11px; color: #888; margin-bottom: 6px;"">[T12 - Instal·lacions] Pregunta 566</div><div style=""font-weight: bold; font-size: 16px; margin-bottom: 14px; line-height: 1.4;"">Quina clau talla el gas de la instal·lació comuna d’un edifici?</div><div style=""font-size: 14px; line-height: 1.6;""><div style=""padding: 5px 0;""><b>A)</b> La clau de comptador.</div><div style=""padding: 5px 0;""><b>B)</b> La clau d’usuari.</div><div style=""padding: 5px 0;""><b>C)</b> La clau de connexió d’aparell.</div><div style=""padding: 5px 0;""><b>D)</b> La clau d’edifici.</div></div></div>","<div style=""text-align: left; font-family: -apple-system, sans-serif;""><div style=""font-weight: bold; font-size: 16px; color: #10b981; margin-bottom: 8px;"">✓ Resposta Correcta: D</div><div style=""font-size: 14px; margin-bottom: 12px; padding: 10px; background: rgba(16,185,129,0.1); border-radius: 6px; border-left: 4px solid #10b981;"">D) La clau d’edifici.</div><hr style=""border: 0; border-top: 1px solid #ddd; margin: 12px 0;""><div style=""font-size: 13px; color: #444; line-height: 1.4;""><b style=""color: #111;"">Explicació:</b> La clau d’edifici permet interrompre el subministrament de la instal·lació comuna.</div></div>","T12_-_Installacions","16273"
"<div style=""text-align: left; font-family: -apple-system, sans-serif;""><div style=""font-size: 11px; color: #888; margin-bottom: 6px;"">[T12 - Instal·lacions] Pregunta 567</div><div style=""font-weight: bold; font-size: 16px; margin-bottom: 14px; line-height: 1.4;"">Com es transporta el gas natural fins als consumidors?</div><div style=""font-size: 14px; line-height: 1.6;""><div style=""padding: 5px 0;""><b>A)</b> Mitjançant gasoductes i canalitzacions.</div><div style=""padding: 5px 0;""><b>B)</b> Mitjançant baixants i col·lectors.</div><div style=""padding: 5px 0;""><b>C)</b> Mitjançant bombes i conductes oberts.</div><div style=""padding: 5px 0;""><b>D)</b> Mitjançant dipòsits domèstics i mànegues.</div></div></div>","<div style=""text-align: left; font-family: -apple-system, sans-serif;""><div style=""font-weight: bold; font-size: 16px; color: #10b981; margin-bottom: 8px;"">✓ Resposta Correcta: A</div><div style=""font-size: 14px; margin-bottom: 12px; padding: 10px; background: rgba(16,185,129,0.1); border-radius: 6px; border-left: 4px solid #10b981;"">A) Mitjançant gasoductes i canalitzacions.</div><hr style=""border: 0; border-top: 1px solid #ddd; margin: 12px 0;""><div style=""font-size: 13px; color: #444; line-height: 1.4;""><b style=""color: #111;"">Explicació:</b> El transport es fa mitjançant una xarxa de gasoductes i canalitzacions.</div></div>","T12_-_Installacions","16211"
"<div style=""text-align: left; font-family: -apple-system, sans-serif;""><div style=""font-size: 11px; color: #888; margin-bottom: 6px;"">[T12 - Instal·lacions] Pregunta 568</div><div style=""font-weight: bold; font-size: 16px; margin-bottom: 14px; line-height: 1.4;"">Quines dues operacions pot fer una central hidràulica reversible?</div><div style=""font-size: 14px; line-height: 1.6;""><div style=""padding: 5px 0;""><b>A)</b> Generar vapor i condensar-lo entre dues turbines.</div><div style=""padding: 5px 0;""><b>B)</b> Elevar tensió i reduir-la entre dues línies elèctriques.</div><div style=""padding: 5px 0;""><b>C)</b> Produir corrent continu i transformar-lo en corrent altern.</div><div style=""padding: 5px 0;""><b>D)</b> Generar electricitat i bombar aigua entre dos embassaments.</div></div></div>","<div style=""text-align: left; font-family: -apple-system, sans-serif;""><div style=""font-weight: bold; font-size: 16px; color: #10b981; margin-bottom: 8px;"">✓ Resposta Correcta: D</div><div style=""font-size: 14px; margin-bottom: 12px; padding: 10px; background: rgba(16,185,129,0.1); border-radius: 6px; border-left: 4px solid #10b981;"">D) Generar electricitat i bombar aigua entre dos embassaments.</div><hr style=""border: 0; border-top: 1px solid #ddd; margin: 12px 0;""><div style=""font-size: 13px; color: #444; line-height: 1.4;""><b style=""color: #111;"">Explicació:</b> Les hidràuliques reversibles poden turbinar aigua per generar o bombar-la de nou entre embassaments.</div></div>","T12_-_Installacions","15775"
"<div style=""text-align: left; font-family: -apple-system, sans-serif;""><div style=""font-size: 11px; color: #888; margin-bottom: 6px;"">[T12 - Instal·lacions] Pregunta 569</div><div style=""font-weight: bold; font-size: 16px; margin-bottom: 14px; line-height: 1.4;"">Quin efecte físic escalfa el conductor d’un fusible fins que es fon?</div><div style=""font-size: 14px; line-height: 1.6;""><div style=""padding: 5px 0;""><b>A)</b> La inducció electromagnètica.</div><div style=""padding: 5px 0;""><b>B)</b> La polarització dielèctrica.</div><div style=""padding: 5px 0;""><b>C)</b> L’efecte capacitiu.</div><div style=""padding: 5px 0;""><b>D)</b> L’efecte Joule.</div></div></div>","<div style=""text-align: left; font-family: -apple-system, sans-serif;""><div style=""font-weight: bold; font-size: 16px; color: #10b981; margin-bottom: 8px;"">✓ Resposta Correcta: D</div><div style=""font-size: 14px; margin-bottom: 12px; padding: 10px; background: rgba(16,185,129,0.1); border-radius: 6px; border-left: 4px solid #10b981;"">D) L’efecte Joule.</div><hr style=""border: 0; border-top: 1px solid #ddd; margin: 12px 0;""><div style=""font-size: 13px; color: #444; line-height: 1.4;""><b style=""color: #111;"">Explicació:</b> El corrent genera calor per efecte Joule i, si és suficient, fon l’element fusible.</div></div>","T12_-_Installacions","15934"
"<div style=""text-align: left; font-family: -apple-system, sans-serif;""><div style=""font-size: 11px; color: #888; margin-bottom: 6px;"">[T12 - Instal·lacions] Pregunta 570</div><div style=""font-weight: bold; font-size: 16px; margin-bottom: 14px; line-height: 1.4;"">Com és habitualment la presència de cables de guarda a les línies de distribució de mitja tensió?</div><div style=""font-size: 14px; line-height: 1.6;""><div style=""padding: 5px 0;""><b>A)</b> Solen incorporar tres cables de guarda, un associat a cada fase.</div><div style=""padding: 5px 0;""><b>B)</b> Solen incorporar un cable superior que actua com a conductor neutre.</div><div style=""padding: 5px 0;""><b>C)</b> Solen incorporar dos cables de guarda a la part superior.</div><div style=""padding: 5px 0;""><b>D)</b> Normalment no en porten, tot i que n’hi pot haver.</div></div></div>","<div style=""text-align: left; font-family: -apple-system, sans-serif;""><div style=""font-weight: bold; font-size: 16px; color: #10b981; margin-bottom: 8px;"">✓ Resposta Correcta: D</div><div style=""font-size: 14px; margin-bottom: 12px; padding: 10px; background: rgba(16,185,129,0.1); border-radius: 6px; border-left: 4px solid #10b981;"">D) Normalment no en porten, tot i que n’hi pot haver.</div><hr style=""border: 0; border-top: 1px solid #ddd; margin: 12px 0;""><div style=""font-size: 13px; color: #444; line-height: 1.4;""><b style=""color: #111;"">Explicació:</b> A la distribució de MT els cables de guarda són menys habituals, encara que poden existir.</div></div>","T12_-_Installacions","15829"
"<div style=""text-align: left; font-family: -apple-system, sans-serif;""><div style=""font-size: 11px; color: #888; margin-bottom: 6px;"">[T12 - Instal·lacions] Pregunta 571</div><div style=""font-weight: bold; font-size: 16px; margin-bottom: 14px; line-height: 1.4;"">Quina funció té una perxa de salvament dielèctrica?</div><div style=""font-size: 14px; line-height: 1.6;""><div style=""padding: 5px 0;""><b>A)</b> Tallat automàticament el conductor energitzat quan hi ha una víctima en contacte.</div><div style=""padding: 5px 0;""><b>B)</b> Connectar una instal·lació a terra mantenint l’operari fora de la zona.</div><div style=""padding: 5px 0;""><b>C)</b> Mesurar la tensió d’una línia a distància sense necessitat d’un detector.</div><div style=""padding: 5px 0;""><b>D)</b> Retirar una persona o manipular un element energitzat mantenint distància.</div></div></div>","<div style=""text-align: left; font-family: -apple-system, sans-serif;""><div style=""font-weight: bold; font-size: 16px; color: #10b981; margin-bottom: 8px;"">✓ Resposta Correcta: D</div><div style=""font-size: 14px; margin-bottom: 12px; padding: 10px; background: rgba(16,185,129,0.1); border-radius: 6px; border-left: 4px solid #10b981;"">D) Retirar una persona o manipular un element energitzat mantenint distància.</div><hr style=""border: 0; border-top: 1px solid #ddd; margin: 12px 0;""><div style=""font-size: 13px; color: #444; line-height: 1.4;""><b style=""color: #111;"">Explicació:</b> La perxa permet actuar sobre la víctima o sobre l’element elèctric sense aproximar innecessàriament el rescatador.</div></div>","T12_-_Installacions","16084"
"<div style=""text-align: left; font-family: -apple-system, sans-serif;""><div style=""font-size: 11px; color: #888; margin-bottom: 6px;"">[T12 - Instal·lacions] Pregunta 572</div><div style=""font-weight: bold; font-size: 16px; margin-bottom: 14px; line-height: 1.4;"">Quina funció poden aportar unes botes d’intervenció classificades com a dielèctriques?</div><div style=""font-size: 14px; line-height: 1.6;""><div style=""padding: 5px 0;""><b>A)</b> Afegir resistència al possible camí del corrent a través dels peus.</div><div style=""padding: 5px 0;""><b>B)</b> Derivar directament a terra el corrent que arribi al cos.</div><div style=""padding: 5px 0;""><b>C)</b> Evitar la formació d’arcs elèctrics a qualsevol distància.</div><div style=""padding: 5px 0;""><b>D)</b> Substituir la necessitat de mantenir distància davant alta tensió.</div></div></div>","<div style=""text-align: left; font-family: -apple-system, sans-serif;""><div style=""font-weight: bold; font-size: 16px; color: #10b981; margin-bottom: 8px;"">✓ Resposta Correcta: A</div><div style=""font-size: 14px; margin-bottom: 12px; padding: 10px; background: rgba(16,185,129,0.1); border-radius: 6px; border-left: 4px solid #10b981;"">A) Afegir resistència al possible camí del corrent a través dels peus.</div><hr style=""border: 0; border-top: 1px solid #ddd; margin: 12px 0;""><div style=""font-size: 13px; color: #444; line-height: 1.4;""><b style=""color: #111;"">Explicació:</b> Les botes dielèctriques dificulten el pas de corrent cap a terra a través de l’operari.</div></div>","T12_-_Installacions","16091"
"<div style=""text-align: left; font-family: -apple-system, sans-serif;""><div style=""font-size: 11px; color: #888; margin-bottom: 6px;"">[T12 - Instal·lacions] Pregunta 573</div><div style=""font-weight: bold; font-size: 16px; margin-bottom: 14px; line-height: 1.4;"">Com pot relacionar-se una instal·lació elèctrica d'autoconsum híbrida amb la xarxa?</div><div style=""font-size: 14px; line-height: 1.6;""><div style=""padding: 5px 0;""><b>A)</b> Pot injectar excedents, però la xarxa no complementa el consum.</div><div style=""padding: 5px 0;""><b>B)</b> Pot estar connectat a una xarxa de distribució especial.</div><div style=""padding: 5px 0;""><b>C)</b> Pot consumir energia de la xarxa, però no hi pot injectar excedents.</div><div style=""padding: 5px 0;""><b>D)</b> Pot injectar excedents i també consumir energia de la xarxa.</div></div></div>","<div style=""text-align: left; font-family: -apple-system, sans-serif;""><div style=""font-weight: bold; font-size: 16px; color: #10b981; margin-bottom: 8px;"">✓ Resposta Correcta: D</div><div style=""font-size: 14px; margin-bottom: 12px; padding: 10px; background: rgba(16,185,129,0.1); border-radius: 6px; border-left: 4px solid #10b981;"">D) Pot injectar excedents i també consumir energia de la xarxa.</div><hr style=""border: 0; border-top: 1px solid #ddd; margin: 12px 0;""><div style=""font-size: 13px; color: #444; line-height: 1.4;""><b style=""color: #111;"">Explicació:</b> Els sistemes híbrids poden enviar excedents a la xarxa i també importar-ne energia quan ho necessiten.</div></div>","T12_-_Installacions","15730"
"<div style=""text-align: left; font-family: -apple-system, sans-serif;""><div style=""font-size: 11px; color: #888; margin-bottom: 6px;"">[T12 - Instal·lacions] Pregunta 574</div><div style=""font-weight: bold; font-size: 16px; margin-bottom: 14px; line-height: 1.4;"">Què permet una topologia mallada en la xarxa elèctrica?</div><div style=""font-size: 14px; line-height: 1.6;""><div style=""padding: 5px 0;""><b>A)</b> Que l’energia pugui arribar a un punt per diversos camins.</div><div style=""padding: 5px 0;""><b>B)</b> Que desaparegui la necessitat de subestacions de transformació.</div><div style=""padding: 5px 0;""><b>C)</b> Que cada punt depengui d’un únic camí d’alimentació.</div><div style=""padding: 5px 0;""><b>D)</b> Que totes les línies treballin a la mateixa tensió.</div></div></div>","<div style=""text-align: left; font-family: -apple-system, sans-serif;""><div style=""font-weight: bold; font-size: 16px; color: #10b981; margin-bottom: 8px;"">✓ Resposta Correcta: A</div><div style=""font-size: 14px; margin-bottom: 12px; padding: 10px; background: rgba(16,185,129,0.1); border-radius: 6px; border-left: 4px solid #10b981;"">A) Que l’energia pugui arribar a un punt per diversos camins.</div><hr style=""border: 0; border-top: 1px solid #ddd; margin: 12px 0;""><div style=""font-size: 13px; color: #444; line-height: 1.4;""><b style=""color: #111;"">Explicació:</b> El mallat ofereix rutes alternatives per alimentar un mateix punt.</div></div>","T12_-_Installacions","15834"
"<div style=""text-align: left; font-family: -apple-system, sans-serif;""><div style=""font-size: 11px; color: #888; margin-bottom: 6px;"">[T12 - Instal·lacions] Pregunta 575</div><div style=""font-weight: bold; font-size: 16px; margin-bottom: 14px; line-height: 1.4;"">Quin element queda aigües avall del tub d’escomesa d’aigua d’un edifici?</div><div style=""font-size: 14px; line-height: 1.6;""><div style=""padding: 5px 0;""><b>A)</b> La xarxa pública de subministrament.</div><div style=""padding: 5px 0;""><b>B)</b> La clau general de l’edifici.</div><div style=""padding: 5px 0;""><b>C)</b> El collar de presa.</div><div style=""padding: 5px 0;""><b>D)</b> La canonada de distribució exterior.</div></div></div>","<div style=""text-align: left; font-family: -apple-system, sans-serif;""><div style=""font-weight: bold; font-size: 16px; color: #10b981; margin-bottom: 8px;"">✓ Resposta Correcta: B</div><div style=""font-size: 14px; margin-bottom: 12px; padding: 10px; background: rgba(16,185,129,0.1); border-radius: 6px; border-left: 4px solid #10b981;"">B) La clau general de l’edifici.</div><hr style=""border: 0; border-top: 1px solid #ddd; margin: 12px 0;""><div style=""font-size: 13px; color: #444; line-height: 1.4;""><b style=""color: #111;"">Explicació:</b> El tub d’escomesa enllaça la presa amb la clau general.</div></div>","T12_-_Installacions","16104"
"<div style=""text-align: left; font-family: -apple-system, sans-serif;""><div style=""font-size: 11px; color: #888; margin-bottom: 6px;"">[T12 - Instal·lacions] Pregunta 576</div><div style=""font-weight: bold; font-size: 16px; margin-bottom: 14px; line-height: 1.4;"">On comença la xarxa de transport i distribució?</div><div style=""font-size: 14px; line-height: 1.6;""><div style=""padding: 5px 0;""><b>A)</b> Als quadres elèctrics de les instal·lacions finals.</div><div style=""padding: 5px 0;""><b>B)</b> A les caixes generals de protecció de les centrals.</div><div style=""padding: 5px 0;""><b>C)</b> Als receptors connectats a la xarxa de baixa tensió.</div><div style=""padding: 5px 0;""><b>D)</b> A la sortida dels centres de transformació de les centrals de generació.</div></div></div>","<div style=""text-align: left; font-family: -apple-system, sans-serif;""><div style=""font-weight: bold; font-size: 16px; color: #10b981; margin-bottom: 8px;"">✓ Resposta Correcta: D</div><div style=""font-size: 14px; margin-bottom: 12px; padding: 10px; background: rgba(16,185,129,0.1); border-radius: 6px; border-left: 4px solid #10b981;"">D) A la sortida dels centres de transformació de les centrals de generació.</div><hr style=""border: 0; border-top: 1px solid #ddd; margin: 12px 0;""><div style=""font-size: 13px; color: #444; line-height: 1.4;""><b style=""color: #111;"">Explicació:</b> La xarxa de transport i distribució s’inicia després de la transformació de sortida de les centrals.</div></div>","T12_-_Installacions","15789"
"<div style=""text-align: left; font-family: -apple-system, sans-serif;""><div style=""font-size: 11px; color: #888; margin-bottom: 6px;"">[T12 - Instal·lacions] Pregunta 577</div><div style=""font-weight: bold; font-size: 16px; margin-bottom: 14px; line-height: 1.4;"">Com es transporta l’energia elèctrica pel territori dins la xarxa elèctrica?</div><div style=""font-size: 14px; line-height: 1.6;""><div style=""padding: 5px 0;""><b>A)</b> Mitjançant línies d’alta tensió.</div><div style=""padding: 5px 0;""><b>B)</b> Mitjançant línies de baixa tensió.</div><div style=""padding: 5px 0;""><b>C)</b> Mitjançant línies pròpies de consum.</div><div style=""padding: 5px 0;""><b>D)</b> Mitjançant circuits de 400 V.</div></div></div>","<div style=""text-align: left; font-family: -apple-system, sans-serif;""><div style=""font-weight: bold; font-size: 16px; color: #10b981; margin-bottom: 8px;"">✓ Resposta Correcta: A</div><div style=""font-size: 14px; margin-bottom: 12px; padding: 10px; background: rgba(16,185,129,0.1); border-radius: 6px; border-left: 4px solid #10b981;"">A) Mitjançant línies d’alta tensió.</div><hr style=""border: 0; border-top: 1px solid #ddd; margin: 12px 0;""><div style=""font-size: 13px; color: #444; line-height: 1.4;""><b style=""color: #111;"">Explicació:</b> El transport territorial de l’energia es fa mitjançant línies d’alta tensió.</div></div>","T12_-_Installacions","15695"
"<div style=""text-align: left; font-family: -apple-system, sans-serif;""><div style=""font-size: 11px; color: #888; margin-bottom: 6px;"">[T12 - Instal·lacions] Pregunta 578</div><div style=""font-weight: bold; font-size: 16px; margin-bottom: 14px; line-height: 1.4;"">Quina funció té l’interruptor de control de potència (ICP), quan n’hi ha?</div><div style=""font-size: 14px; line-height: 1.6;""><div style=""padding: 5px 0;""><b>A)</b> Protegir tota la instal·lació davant de sobrecàrregues i curtcircuits.</div><div style=""padding: 5px 0;""><b>B)</b> Limitar la potència demandada segons la potència contractada.</div><div style=""padding: 5px 0;""><b>C)</b> Protegir els circuits davant de sobreconsums de potència.</div><div style=""padding: 5px 0;""><b>D)</b> Protegir els equips davant de sobretensions transitòries.</div></div></div>","<div style=""text-align: left; font-family: -apple-system, sans-serif;""><div style=""font-weight: bold; font-size: 16px; color: #10b981; margin-bottom: 8px;"">✓ Resposta Correcta: B</div><div style=""font-size: 14px; margin-bottom: 12px; padding: 10px; background: rgba(16,185,129,0.1); border-radius: 6px; border-left: 4px solid #10b981;"">B) Limitar la potència demandada segons la potència contractada.</div><hr style=""border: 0; border-top: 1px solid #ddd; margin: 12px 0;""><div style=""font-size: 13px; color: #444; line-height: 1.4;""><b style=""color: #111;"">Explicació:</b> L’ICP controla que la potència demandada no superi la potència contractada.</div></div>","T12_-_Installacions","15910"
"<div style=""text-align: left; font-family: -apple-system, sans-serif;""><div style=""font-size: 11px; color: #888; margin-bottom: 6px;"">[T12 - Instal·lacions] Pregunta 579</div><div style=""font-weight: bold; font-size: 16px; margin-bottom: 14px; line-height: 1.4;"">Quin límit de baixa tensió fixa el REBT per al corrent continu?</div><div style=""font-size: 14px; line-height: 1.6;""><div style=""padding: 5px 0;""><b>A)</b> Fins a 220 kV.</div><div style=""padding: 5px 0;""><b>B)</b> Fins a 1.000 V.</div><div style=""padding: 5px 0;""><b>C)</b> Fins a 36 kV.</div><div style=""padding: 5px 0;""><b>D)</b> Fins a 1.500 V.</div></div></div>","<div style=""text-align: left; font-family: -apple-system, sans-serif;""><div style=""font-weight: bold; font-size: 16px; color: #10b981; margin-bottom: 8px;"">✓ Resposta Correcta: D</div><div style=""font-size: 14px; margin-bottom: 12px; padding: 10px; background: rgba(16,185,129,0.1); border-radius: 6px; border-left: 4px solid #10b981;"">D) Fins a 1.500 V.</div><hr style=""border: 0; border-top: 1px solid #ddd; margin: 12px 0;""><div style=""font-size: 13px; color: #444; line-height: 1.4;""><b style=""color: #111;"">Explicació:</b> En corrent continu, el límit de baixa tensió del REBT arriba fins als 1.500 V.</div></div>","T12_-_Installacions","15794"
"<div style=""text-align: left; font-family: -apple-system, sans-serif;""><div style=""font-size: 11px; color: #888; margin-bottom: 6px;"">[T12 - Instal·lacions] Pregunta 580</div><div style=""font-weight: bold; font-size: 16px; margin-bottom: 14px; line-height: 1.4;"">Com ha d'estar el sifó de sanejament per a que la columna de líquid d'una branca arrossegui la de l'altra?</div><div style=""font-size: 14px; line-height: 1.6;""><div style=""padding: 5px 0;""><b>A)</b> Necessàriament buit d'aigua</div><div style=""padding: 5px 0;""><b>B)</b> Ple d'aigua.</div><div style=""padding: 5px 0;""><b>C)</b> Sempre farà aquesta funció inferentment de com es trobi.</div><div style=""padding: 5px 0;""><b>D)</b> Només cal que estigui net.</div></div></div>","<div style=""text-align: left; font-family: -apple-system, sans-serif;""><div style=""font-weight: bold; font-size: 16px; color: #10b981; margin-bottom: 8px;"">✓ Resposta Correcta: B</div><div style=""font-size: 14px; margin-bottom: 12px; padding: 10px; background: rgba(16,185,129,0.1); border-radius: 6px; border-left: 4px solid #10b981;"">B) Ple d'aigua.</div></div>","T12_-_Installacions","16169"
"<div style=""text-align: left; font-family: -apple-system, sans-serif;""><div style=""font-size: 11px; color: #888; margin-bottom: 6px;"">[T12 - Instal·lacions] Pregunta 581</div><div style=""font-weight: bold; font-size: 16px; margin-bottom: 14px; line-height: 1.4;"">Quins components minoritaris pot contenir el gas natural?</div><div style=""font-size: 14px; line-height: 1.6;""><div style=""padding: 5px 0;""><b>A)</b> Oxigen, clor i ozó.</div><div style=""padding: 5px 0;""><b>B)</b> Nitrogen, CO₂ i altres gasos.</div><div style=""padding: 5px 0;""><b>C)</b> Propà, aigua i monòxid de carboni.</div><div style=""padding: 5px 0;""><b>D)</b> Hidrogen, vapor i sofre sòlid.</div></div></div>","<div style=""text-align: left; font-family: -apple-system, sans-serif;""><div style=""font-weight: bold; font-size: 16px; color: #10b981; margin-bottom: 8px;"">✓ Resposta Correcta: B</div><div style=""font-size: 14px; margin-bottom: 12px; padding: 10px; background: rgba(16,185,129,0.1); border-radius: 6px; border-left: 4px solid #10b981;"">B) Nitrogen, CO₂ i altres gasos.</div><hr style=""border: 0; border-top: 1px solid #ddd; margin: 12px 0;""><div style=""font-size: 13px; color: #444; line-height: 1.4;""><b style=""color: #111;"">Explicació:</b> A més de metà, pot contenir petites quantitats de nitrogen, CO₂ i altres gasos.</div></div>","T12_-_Installacions","16206"
"<div style=""text-align: left; font-family: -apple-system, sans-serif;""><div style=""font-size: 11px; color: #888; margin-bottom: 6px;"">[T12 - Instal·lacions] Pregunta 582</div><div style=""font-weight: bold; font-size: 16px; margin-bottom: 14px; line-height: 1.4;"">Quina característica poden tenir els quadres elèctrics industrials respecte dels domèstics?</div><div style=""font-size: 14px; line-height: 1.6;""><div style=""padding: 5px 0;""><b>A)</b> Poden ser més complexos i incorporar control remot.</div><div style=""padding: 5px 0;""><b>B)</b> No utilitzen protecció diferencial en cap configuració.</div><div style=""padding: 5px 0;""><b>C)</b> Eliminen els magnetotèrmics dels circuits finals.</div><div style=""padding: 5px 0;""><b>D)</b> Substitueixen l’IGA per fusibles sense altres proteccions.</div></div></div>","<div style=""text-align: left; font-family: -apple-system, sans-serif;""><div style=""font-weight: bold; font-size: 16px; color: #10b981; margin-bottom: 8px;"">✓ Resposta Correcta: A</div><div style=""font-size: 14px; margin-bottom: 12px; padding: 10px; background: rgba(16,185,129,0.1); border-radius: 6px; border-left: 4px solid #10b981;"">A) Poden ser més complexos i incorporar control remot.</div><hr style=""border: 0; border-top: 1px solid #ddd; margin: 12px 0;""><div style=""font-size: 13px; color: #444; line-height: 1.4;""><b style=""color: #111;"">Explicació:</b> La complexitat i el comandament poden augmentar, però es mantenen les funcions bàsiques de protecció.</div></div>","T12_-_Installacions","16010"
"<div style=""text-align: left; font-family: -apple-system, sans-serif;""><div style=""font-size: 11px; color: #888; margin-bottom: 6px;"">[T12 - Instal·lacions] Pregunta 583</div><div style=""font-weight: bold; font-size: 16px; margin-bottom: 14px; line-height: 1.4;"">Una xarxa de gas que treballa a 2 bar, com es classifica?</div><div style=""font-size: 14px; line-height: 1.6;""><div style=""padding: 5px 0;""><b>A)</b> MPB.</div><div style=""padding: 5px 0;""><b>B)</b> BP.</div><div style=""padding: 5px 0;""><b>C)</b> MPA.</div><div style=""padding: 5px 0;""><b>D)</b> APA.</div></div></div>","<div style=""text-align: left; font-family: -apple-system, sans-serif;""><div style=""font-weight: bold; font-size: 16px; color: #10b981; margin-bottom: 8px;"">✓ Resposta Correcta: A</div><div style=""font-size: 14px; margin-bottom: 12px; padding: 10px; background: rgba(16,185,129,0.1); border-radius: 6px; border-left: 4px solid #10b981;"">A) MPB.</div><hr style=""border: 0; border-top: 1px solid #ddd; margin: 12px 0;""><div style=""font-size: 13px; color: #444; line-height: 1.4;""><b style=""color: #111;"">Explicació:</b> 2 bar es troba dins el rang de més de 0,4 bar i fins a 4 bar.</div></div>","T12_-_Installacions","16254"
"<div style=""text-align: left; font-family: -apple-system, sans-serif;""><div style=""font-size: 11px; color: #888; margin-bottom: 6px;"">[T12 - Instal·lacions] Pregunta 584</div><div style=""font-weight: bold; font-size: 16px; margin-bottom: 14px; line-height: 1.4;"">Quan pot romandre en tensió la part DC d’un sistema fotovoltaic on-grid?</div><div style=""font-size: 14px; line-height: 1.6;""><div style=""padding: 5px 0;""><b>A)</b> Mentre l’inversor continuï alimentant la instal·lació.</div><div style=""padding: 5px 0;""><b>B)</b> Mentre la xarxa exterior mantingui tensió.</div><div style=""padding: 5px 0;""><b>C)</b> Mentre hi hagi llum.</div><div style=""padding: 5px 0;""><b>D)</b> Mentre hi hagi energia acumulada en bateries.</div></div></div>","<div style=""text-align: left; font-family: -apple-system, sans-serif;""><div style=""font-weight: bold; font-size: 16px; color: #10b981; margin-bottom: 8px;"">✓ Resposta Correcta: C</div><div style=""font-size: 14px; margin-bottom: 12px; padding: 10px; background: rgba(16,185,129,0.1); border-radius: 6px; border-left: 4px solid #10b981;"">C) Mentre hi hagi llum.</div><hr style=""border: 0; border-top: 1px solid #ddd; margin: 12px 0;""><div style=""font-size: 13px; color: #444; line-height: 1.4;""><b style=""color: #111;"">Explicació:</b> Les plaques poden mantenir la part de corrent continu en tensió mentre rebin llum.</div></div>","T12_-_Installacions","15726"
"<div style=""text-align: left; font-family: -apple-system, sans-serif;""><div style=""font-size: 11px; color: #888; margin-bottom: 6px;"">[T12 - Instal·lacions] Pregunta 585</div><div style=""font-weight: bold; font-size: 16px; margin-bottom: 14px; line-height: 1.4;"">Quin rang de pressió correspon a una xarxa de gas APB?</div><div style=""font-size: 14px; line-height: 1.6;""><div style=""padding: 5px 0;""><b>A)</b> Més de 16 bar i fins a 45 bar.</div><div style=""padding: 5px 0;""><b>B)</b> Més de 0,4 bar i fins a 4 bar.</div><div style=""padding: 5px 0;""><b>C)</b> Més de 4 bar i fins a 16 bar.</div><div style=""padding: 5px 0;""><b>D)</b> Més de 0,05 bar i fins a 0,4 bar.</div></div></div>","<div style=""text-align: left; font-family: -apple-system, sans-serif;""><div style=""font-weight: bold; font-size: 16px; color: #10b981; margin-bottom: 8px;"">✓ Resposta Correcta: A</div><div style=""font-size: 14px; margin-bottom: 12px; padding: 10px; background: rgba(16,185,129,0.1); border-radius: 6px; border-left: 4px solid #10b981;"">A) Més de 16 bar i fins a 45 bar.</div><hr style=""border: 0; border-top: 1px solid #ddd; margin: 12px 0;""><div style=""font-size: 13px; color: #444; line-height: 1.4;""><b style=""color: #111;"">Explicació:</b> La categoria APB és la de pressió més elevada de les representades.</div></div>","T12_-_Installacions","16239"
"<div style=""text-align: left; font-family: -apple-system, sans-serif;""><div style=""font-size: 11px; color: #888; margin-bottom: 6px;"">[T12 - Instal·lacions] Pregunta 586</div><div style=""font-weight: bold; font-size: 16px; margin-bottom: 14px; line-height: 1.4;"">Què es connecta a terra als transformadors de les subestacions?</div><div style=""font-size: 14px; line-height: 1.6;""><div style=""padding: 5px 0;""><b>A)</b> El neutre dels transformadors.</div><div style=""padding: 5px 0;""><b>B)</b> Els tres conductors de fase.</div><div style=""padding: 5px 0;""><b>C)</b> Les línies de transport abans d’entrar al transformador.</div><div style=""padding: 5px 0;""><b>D)</b> Els secundaris de tots els circuits de mesura.</div></div></div>","<div style=""text-align: left; font-family: -apple-system, sans-serif;""><div style=""font-weight: bold; font-size: 16px; color: #10b981; margin-bottom: 8px;"">✓ Resposta Correcta: A</div><div style=""font-size: 14px; margin-bottom: 12px; padding: 10px; background: rgba(16,185,129,0.1); border-radius: 6px; border-left: 4px solid #10b981;"">A) El neutre dels transformadors.</div><hr style=""border: 0; border-top: 1px solid #ddd; margin: 12px 0;""><div style=""font-size: 13px; color: #444; line-height: 1.4;""><b style=""color: #111;"">Explicació:</b> El neutre dels transformadors es connecta a terra.</div></div>","T12_-_Installacions","15843"
"<div style=""text-align: left; font-family: -apple-system, sans-serif;""><div style=""font-size: 11px; color: #888; margin-bottom: 6px;"">[T12 - Instal·lacions] Pregunta 587</div><div style=""font-weight: bold; font-size: 16px; margin-bottom: 14px; line-height: 1.4;"">Quina resposta dona habitualment un detector sense contacte quan detecta tensió?</div><div style=""font-size: 14px; line-height: 1.6;""><div style=""padding: 5px 0;""><b>A)</b> Una lectura numèrica de volts i una indicació de polaritat.</div><div style=""padding: 5px 0;""><b>B)</b> Una indicació lluminosa i acústica.</div><div style=""padding: 5px 0;""><b>C)</b> Una lectura d’intensitat i una alarma per sobrecàrrega.</div><div style=""padding: 5px 0;""><b>D)</b> Una lectura de resistència i un senyal de continuïtat.</div></div></div>","<div style=""text-align: left; font-family: -apple-system, sans-serif;""><div style=""font-weight: bold; font-size: 16px; color: #10b981; margin-bottom: 8px;"">✓ Resposta Correcta: B</div><div style=""font-size: 14px; margin-bottom: 12px; padding: 10px; background: rgba(16,185,129,0.1); border-radius: 6px; border-left: 4px solid #10b981;"">B) Una indicació lluminosa i acústica.</div><hr style=""border: 0; border-top: 1px solid #ddd; margin: 12px 0;""><div style=""font-size: 13px; color: #444; line-height: 1.4;""><b style=""color: #111;"">Explicació:</b> Aquest tipus de detector alerta de la presència de tensió mitjançant llum i so.</div></div>","T12_-_Installacions","16014"
"<div style=""text-align: left; font-family: -apple-system, sans-serif;""><div style=""font-size: 11px; color: #888; margin-bottom: 6px;"">[T12 - Instal·lacions] Pregunta 588</div><div style=""font-weight: bold; font-size: 16px; margin-bottom: 14px; line-height: 1.4;"">Quina configuració ha de tenir el distribuïdor principal d’aigua per no deixar tot l'edifici sense aigua en cas d'avaria?</div><div style=""font-size: 14px; line-height: 1.6;""><div style=""padding: 5px 0;""><b>A)</b> Una disposició en anell.</div><div style=""padding: 5px 0;""><b>B)</b> Una disposició cega.</div><div style=""padding: 5px 0;""><b>C)</b> Una derivació única.</div><div style=""padding: 5px 0;""><b>D)</b> Un final sense retorn.</div></div></div>","<div style=""text-align: left; font-family: -apple-system, sans-serif;""><div style=""font-weight: bold; font-size: 16px; color: #10b981; margin-bottom: 8px;"">✓ Resposta Correcta: A</div><div style=""font-size: 14px; margin-bottom: 12px; padding: 10px; background: rgba(16,185,129,0.1); border-radius: 6px; border-left: 4px solid #10b981;"">A) Una disposició en anell.</div><hr style=""border: 0; border-top: 1px solid #ddd; margin: 12px 0;""><div style=""font-size: 13px; color: #444; line-height: 1.4;""><b style=""color: #111;"">Explicació:</b> En edificis que requereixen continuïtat de servei es pot disposar en anell.</div></div>","T12_-_Installacions","16128"
"<div style=""text-align: left; font-family: -apple-system, sans-serif;""><div style=""font-size: 11px; color: #888; margin-bottom: 6px;"">[T12 - Instal·lacions] Pregunta 589</div><div style=""font-weight: bold; font-size: 16px; margin-bottom: 14px; line-height: 1.4;"">Quin tipus de consumidor pot connectar-se a la xarxa de mitja tensió?</div><div style=""font-size: 14px; line-height: 1.6;""><div style=""padding: 5px 0;""><b>A)</b> Consumidors finals domèstics alimentats habitualment a 230 o 400 V.</div><div style=""padding: 5px 0;""><b>B)</b> Petits consumidors residencials i comercials alimentats en baixa tensió.</div><div style=""padding: 5px 0;""><b>C)</b> Grans consumidors excepcionals connectats directament a la xarxa de transport.</div><div style=""padding: 5px 0;""><b>D)</b> Consumidors mitjans com ferrocarrils o grans indústries.</div></div></div>","<div style=""text-align: left; font-family: -apple-system, sans-serif;""><div style=""font-weight: bold; font-size: 16px; color: #10b981; margin-bottom: 8px;"">✓ Resposta Correcta: D</div><div style=""font-size: 14px; margin-bottom: 12px; padding: 10px; background: rgba(16,185,129,0.1); border-radius: 6px; border-left: 4px solid #10b981;"">D) Consumidors mitjans com ferrocarrils o grans indústries.</div><hr style=""border: 0; border-top: 1px solid #ddd; margin: 12px 0;""><div style=""font-size: 13px; color: #444; line-height: 1.4;""><b style=""color: #111;"">Explicació:</b> La mitjana tensió pot alimentar consumidors de certa entitat, com ferrocarrils i grans indústries.</div></div>","T12_-_Installacions","15811"
"<div style=""text-align: left; font-family: -apple-system, sans-serif;""><div style=""font-size: 11px; color: #888; margin-bottom: 6px;"">[T12 - Instal·lacions] Pregunta 590</div><div style=""font-weight: bold; font-size: 16px; margin-bottom: 14px; line-height: 1.4;"">On se situa l’interruptor general de maniobra (IGM)?</div><div style=""font-size: 14px; line-height: 1.6;""><div style=""padding: 5px 0;""><b>A)</b> Entre l’interruptor diferencial i els PIAs dels circuits interiors.</div><div style=""padding: 5px 0;""><b>B)</b> Entre la línia general d’alimentació i l’embarrat general.</div><div style=""padding: 5px 0;""><b>C)</b> Entre la derivació individual i el quadre interior de l’usuari.</div><div style=""padding: 5px 0;""><b>D)</b> Entre l’escomesa i la caixa general de protecció.</div></div></div>","<div style=""text-align: left; font-family: -apple-system, sans-serif;""><div style=""font-weight: bold; font-size: 16px; color: #10b981; margin-bottom: 8px;"">✓ Resposta Correcta: B</div><div style=""font-size: 14px; margin-bottom: 12px; padding: 10px; background: rgba(16,185,129,0.1); border-radius: 6px; border-left: 4px solid #10b981;"">B) Entre la línia general d’alimentació i l’embarrat general.</div><hr style=""border: 0; border-top: 1px solid #ddd; margin: 12px 0;""><div style=""font-size: 13px; color: #444; line-height: 1.4;""><b style=""color: #111;"">Explicació:</b> L’IGM s’ubica a la centralització, entre l’arribada de la LGA i l’embarrat general.</div></div>","T12_-_Installacions","15883"
"<div style=""text-align: left; font-family: -apple-system, sans-serif;""><div style=""font-size: 11px; color: #888; margin-bottom: 6px;"">[T12 - Instal·lacions] Pregunta 591</div><div style=""font-weight: bold; font-size: 16px; margin-bottom: 14px; line-height: 1.4;"">Quina funció s’associa habitualment a la xarxa de mitjana tensió?</div><div style=""font-size: 14px; line-height: 1.6;""><div style=""padding: 5px 0;""><b>A)</b> Generació directa en centrals sense transformació.</div><div style=""padding: 5px 0;""><b>B)</b> Distribució primària o regional.</div><div style=""padding: 5px 0;""><b>C)</b> Transport internacional a paísos propers.</div><div style=""padding: 5px 0;""><b>D)</b> Distribució secundària entre habitatges.</div></div></div>","<div style=""text-align: left; font-family: -apple-system, sans-serif;""><div style=""font-weight: bold; font-size: 16px; color: #10b981; margin-bottom: 8px;"">✓ Resposta Correcta: B</div><div style=""font-size: 14px; margin-bottom: 12px; padding: 10px; background: rgba(16,185,129,0.1); border-radius: 6px; border-left: 4px solid #10b981;"">B) Distribució primària o regional.</div><hr style=""border: 0; border-top: 1px solid #ddd; margin: 12px 0;""><div style=""font-size: 13px; color: #444; line-height: 1.4;""><b style=""color: #111;"">Explicació:</b> La mitjana tensió s’utilitza habitualment com a xarxa de distribució primària o regional.</div></div>","T12_-_Installacions","15798"
"<div style=""text-align: left; font-family: -apple-system, sans-serif;""><div style=""font-size: 11px; color: #888; margin-bottom: 6px;"">[T12 - Instal·lacions] Pregunta 592</div><div style=""font-weight: bold; font-size: 16px; margin-bottom: 14px; line-height: 1.4;"">Per què s’eleva la tensió abans del transport de l’electricitat?</div><div style=""font-size: 14px; line-height: 1.6;""><div style=""padding: 5px 0;""><b>A)</b> Per evitar l’ús de subestacions al llarg de la xarxa.</div><div style=""padding: 5px 0;""><b>B)</b> Per minimitzar les pèrdues d’energia durant el transport.</div><div style=""padding: 5px 0;""><b>C)</b> Per convertir el corrent altern en corrent continu.</div><div style=""padding: 5px 0;""><b>D)</b> Per augmentar la demanda disponible a les centrals.</div></div></div>","<div style=""text-align: left; font-family: -apple-system, sans-serif;""><div style=""font-weight: bold; font-size: 16px; color: #10b981; margin-bottom: 8px;"">✓ Resposta Correcta: B</div><div style=""font-size: 14px; margin-bottom: 12px; padding: 10px; background: rgba(16,185,129,0.1); border-radius: 6px; border-left: 4px solid #10b981;"">B) Per minimitzar les pèrdues d’energia durant el transport.</div><hr style=""border: 0; border-top: 1px solid #ddd; margin: 12px 0;""><div style=""font-size: 13px; color: #444; line-height: 1.4;""><b style=""color: #111;"">Explicació:</b> L’augment de tensió permet transportar energia amb menys pèrdues.</div></div>","T12_-_Installacions","15779"
"<div style=""text-align: left; font-family: -apple-system, sans-serif;""><div style=""font-size: 11px; color: #888; margin-bottom: 6px;"">[T12 - Instal·lacions] Pregunta 593</div><div style=""font-weight: bold; font-size: 16px; margin-bottom: 14px; line-height: 1.4;"">Com ha de ser la tapa d’una arqueta de sanejament?</div><div style=""font-size: 14px; line-height: 1.6;""><div style=""padding: 5px 0;""><b>A)</b> Perforada.</div><div style=""padding: 5px 0;""><b>B)</b> Practicable.</div><div style=""padding: 5px 0;""><b>C)</b> Fixada sense registre.</div><div style=""padding: 5px 0;""><b>D)</b> Soldada.</div></div></div>","<div style=""text-align: left; font-family: -apple-system, sans-serif;""><div style=""font-weight: bold; font-size: 16px; color: #10b981; margin-bottom: 8px;"">✓ Resposta Correcta: B</div><div style=""font-size: 14px; margin-bottom: 12px; padding: 10px; background: rgba(16,185,129,0.1); border-radius: 6px; border-left: 4px solid #10b981;"">B) Practicable.</div><hr style=""border: 0; border-top: 1px solid #ddd; margin: 12px 0;""><div style=""font-size: 13px; color: #444; line-height: 1.4;""><b style=""color: #111;"">Explicació:</b> La tapa practicable permet accedir a l’arqueta per inspecció i manteniment.</div></div>","T12_-_Installacions","16185"
"<div style=""text-align: left; font-family: -apple-system, sans-serif;""><div style=""font-size: 11px; color: #888; margin-bottom: 6px;"">[T12 - Instal·lacions] Pregunta 594</div><div style=""font-weight: bold; font-size: 16px; margin-bottom: 14px; line-height: 1.4;"">Com és la frontera entre mitja i alta tensió en l’ús tècnic habitual?</div><div style=""font-size: 14px; line-height: 1.6;""><div style=""padding: 5px 0;""><b>A)</b> Es determina principalment segons si la línia és aèria o soterrada.</div><div style=""padding: 5px 0;""><b>B)</b> És difusa i la mitja tensió és una denominació convencional.</div><div style=""padding: 5px 0;""><b>C)</b> Coincideix amb el límit de baixa tensió establert pel REBT.</div><div style=""padding: 5px 0;""><b>D)</b> És fixa i s’identifica amb el valor de 36 kV en qualsevol xarxa.</div></div></div>","<div style=""text-align: left; font-family: -apple-system, sans-serif;""><div style=""font-weight: bold; font-size: 16px; color: #10b981; margin-bottom: 8px;"">✓ Resposta Correcta: B</div><div style=""font-size: 14px; margin-bottom: 12px; padding: 10px; background: rgba(16,185,129,0.1); border-radius: 6px; border-left: 4px solid #10b981;"">B) És difusa i la mitja tensió és una denominació convencional.</div><hr style=""border: 0; border-top: 1px solid #ddd; margin: 12px 0;""><div style=""font-size: 13px; color: #444; line-height: 1.4;""><b style=""color: #111;"">Explicació:</b> La separació entre mitjana i alta tensió no té una frontera única i universal en aquest ús tècnic.</div></div>","T12_-_Installacions","15802"
"<div style=""text-align: left; font-family: -apple-system, sans-serif;""><div style=""font-size: 11px; color: #888; margin-bottom: 6px;"">[T12 - Instal·lacions] Pregunta 595</div><div style=""font-weight: bold; font-size: 16px; margin-bottom: 14px; line-height: 1.4;"">Quina funció principal tenen els guants dielèctrics?</div><div style=""font-size: 14px; line-height: 1.6;""><div style=""padding: 5px 0;""><b>A)</b> Evitar que un arc elèctric afecti la cara i els ulls.</div><div style=""padding: 5px 0;""><b>B)</b> Derivar cap a terra el corrent que pugui arribar a l’operari.</div><div style=""padding: 5px 0;""><b>C)</b> Aïllar directament les mans davant un possible contacte amb tensió.</div><div style=""padding: 5px 0;""><b>D)</b> Augmentar la distància física entre l’operari i una línia d’alta tensió.</div></div></div>","<div style=""text-align: left; font-family: -apple-system, sans-serif;""><div style=""font-weight: bold; font-size: 16px; color: #10b981; margin-bottom: 8px;"">✓ Resposta Correcta: C</div><div style=""font-size: 14px; margin-bottom: 12px; padding: 10px; background: rgba(16,185,129,0.1); border-radius: 6px; border-left: 4px solid #10b981;"">C) Aïllar directament les mans davant un possible contacte amb tensió.</div><hr style=""border: 0; border-top: 1px solid #ddd; margin: 12px 0;""><div style=""font-size: 13px; color: #444; line-height: 1.4;""><b style=""color: #111;"">Explicació:</b> Les mans són un punt probable de contacte i els guants dielèctrics aporten una barrera aïllant directa.</div></div>","T12_-_Installacions","16087"
"<div style=""text-align: left; font-family: -apple-system, sans-serif;""><div style=""font-size: 11px; color: #888; margin-bottom: 6px;"">[T12 - Instal·lacions] Pregunta 596</div><div style=""font-weight: bold; font-size: 16px; margin-bottom: 14px; line-height: 1.4;"">En quin tipus de línies ferroviàries és habitual trobar un feeder?</div><div style=""font-size: 14px; line-height: 1.6;""><div style=""padding: 5px 0;""><b>A)</b> En línies amb molta demanda energètica.</div><div style=""padding: 5px 0;""><b>B)</b> En línies amb demanda energètica baixa i regular.</div><div style=""padding: 5px 0;""><b>C)</b> En línies alimentades únicament per tercer carril.</div><div style=""padding: 5px 0;""><b>D)</b> En línies sense catenària ni alimentació aèria.</div></div></div>","<div style=""text-align: left; font-family: -apple-system, sans-serif;""><div style=""font-weight: bold; font-size: 16px; color: #10b981; margin-bottom: 8px;"">✓ Resposta Correcta: A</div><div style=""font-size: 14px; margin-bottom: 12px; padding: 10px; background: rgba(16,185,129,0.1); border-radius: 6px; border-left: 4px solid #10b981;"">A) En línies amb molta demanda energètica.</div><hr style=""border: 0; border-top: 1px solid #ddd; margin: 12px 0;""><div style=""font-size: 13px; color: #444; line-height: 1.4;""><b style=""color: #111;"">Explicació:</b> El feeder s’acostuma a instal·lar en línies ferroviàries amb una demanda energètica elevada.</div></div>","T12_-_Installacions","15751"
"<div style=""text-align: left; font-family: -apple-system, sans-serif;""><div style=""font-size: 11px; color: #888; margin-bottom: 6px;"">[T12 - Instal·lacions] Pregunta 597</div><div style=""font-weight: bold; font-size: 16px; margin-bottom: 14px; line-height: 1.4;"">Quin tipus de corrent produeix inicialment una instal·lació fotovoltaica?</div><div style=""font-size: 14px; line-height: 1.6;""><div style=""padding: 5px 0;""><b>A)</b> Corrent continu.</div><div style=""padding: 5px 0;""><b>B)</b> Corrent altern de mitjana tensió.</div><div style=""padding: 5px 0;""><b>C)</b> Corrent altern monofàsic.</div><div style=""padding: 5px 0;""><b>D)</b> Corrent altern trifàsic.</div></div></div>","<div style=""text-align: left; font-family: -apple-system, sans-serif;""><div style=""font-weight: bold; font-size: 16px; color: #10b981; margin-bottom: 8px;"">✓ Resposta Correcta: A</div><div style=""font-size: 14px; margin-bottom: 12px; padding: 10px; background: rgba(16,185,129,0.1); border-radius: 6px; border-left: 4px solid #10b981;"">A) Corrent continu.</div><hr style=""border: 0; border-top: 1px solid #ddd; margin: 12px 0;""><div style=""font-size: 13px; color: #444; line-height: 1.4;""><b style=""color: #111;"">Explicació:</b> La fotovoltaica converteix la llum en electricitat en corrent continu.</div></div>","T12_-_Installacions","15770"
"<div style=""text-align: left; font-family: -apple-system, sans-serif;""><div style=""font-size: 11px; color: #888; margin-bottom: 6px;"">[T12 - Instal·lacions] Pregunta 598</div><div style=""font-weight: bold; font-size: 16px; margin-bottom: 14px; line-height: 1.4;"">Quina dada és especialment rellevant per decidir la distància de seguretat elèctrica?</div><div style=""font-size: 14px; line-height: 1.6;""><div style=""padding: 5px 0;""><b>A)</b> El nivell de tensió de la instal·lació.</div><div style=""padding: 5px 0;""><b>B)</b> La intensitat nominal del magnetotèrmic general.</div><div style=""padding: 5px 0;""><b>C)</b> La potència total contractada de l’edifici.</div><div style=""padding: 5px 0;""><b>D)</b> La secció del conductor neutre.</div></div></div>","<div style=""text-align: left; font-family: -apple-system, sans-serif;""><div style=""font-weight: bold; font-size: 16px; color: #10b981; margin-bottom: 8px;"">✓ Resposta Correcta: A</div><div style=""font-size: 14px; margin-bottom: 12px; padding: 10px; background: rgba(16,185,129,0.1); border-radius: 6px; border-left: 4px solid #10b981;"">A) El nivell de tensió de la instal·lació.</div><hr style=""border: 0; border-top: 1px solid #ddd; margin: 12px 0;""><div style=""font-size: 13px; color: #444; line-height: 1.4;""><b style=""color: #111;"">Explicació:</b> La capacitat de l’aire per mantenir l’aïllament depèn, entre altres factors, del nivell de tensió.</div></div>","T12_-_Installacions","16078"
"<div style=""text-align: left; font-family: -apple-system, sans-serif;""><div style=""font-size: 11px; color: #888; margin-bottom: 6px;"">[T12 - Instal·lacions] Pregunta 599</div><div style=""font-weight: bold; font-size: 16px; margin-bottom: 14px; line-height: 1.4;"">Quin equip adapta el voltatge dins d’una subestació?</div><div style=""font-size: 14px; line-height: 1.6;""><div style=""padding: 5px 0;""><b>A)</b> L’inversor fotovoltaic.</div><div style=""padding: 5px 0;""><b>B)</b> L’alternador.</div><div style=""padding: 5px 0;""><b>C)</b> El motor de combustió.</div><div style=""padding: 5px 0;""><b>D)</b> El transformador.</div></div></div>","<div style=""text-align: left; font-family: -apple-system, sans-serif;""><div style=""font-weight: bold; font-size: 16px; color: #10b981; margin-bottom: 8px;"">✓ Resposta Correcta: D</div><div style=""font-size: 14px; margin-bottom: 12px; padding: 10px; background: rgba(16,185,129,0.1); border-radius: 6px; border-left: 4px solid #10b981;"">D) El transformador.</div><hr style=""border: 0; border-top: 1px solid #ddd; margin: 12px 0;""><div style=""font-size: 13px; color: #444; line-height: 1.4;""><b style=""color: #111;"">Explicació:</b> Els transformadors eleven o redueixen la tensió entre les línies que entren i surten de la subestació.</div></div>","T12_-_Installacions","15839"
"<div style=""text-align: left; font-family: -apple-system, sans-serif;""><div style=""font-size: 11px; color: #888; margin-bottom: 6px;"">[T12 - Instal·lacions] Pregunta 600</div><div style=""font-weight: bold; font-size: 16px; margin-bottom: 14px; line-height: 1.4;"">Com produeixen vapor les centrals tèrmiques convencionals?</div><div style=""font-size: 14px; line-height: 1.6;""><div style=""padding: 5px 0;""><b>A)</b> Mitjançant la combustió de combustibles fòssils com carbó o fuel.</div><div style=""padding: 5px 0;""><b>B)</b> Mitjançant la fissió d’urani dins d’un reactor.</div><div style=""padding: 5px 0;""><b>C)</b> Mitjançant la combustió de productes vegetals.</div><div style=""padding: 5px 0;""><b>D)</b> Mitjançant el moviment directe de l’aigua d’un embassament.</div></div></div>","<div style=""text-align: left; font-family: -apple-system, sans-serif;""><div style=""font-weight: bold; font-size: 16px; color: #10b981; margin-bottom: 8px;"">✓ Resposta Correcta: A</div><div style=""font-size: 14px; margin-bottom: 12px; padding: 10px; background: rgba(16,185,129,0.1); border-radius: 6px; border-left: 4px solid #10b981;"">A) Mitjançant la combustió de combustibles fòssils com carbó o fuel.</div><hr style=""border: 0; border-top: 1px solid #ddd; margin: 12px 0;""><div style=""font-size: 13px; color: #444; line-height: 1.4;""><b style=""color: #111;"">Explicació:</b> Les tèrmiques convencionals cremen combustibles fòssils per generar el vapor que impulsa les turbines.</div></div>","T12_-_Installacions","15764"
"<div style=""text-align: left; font-family: -apple-system, sans-serif;""><div style=""font-size: 11px; color: #888; margin-bottom: 6px;"">[T12 - Instal·lacions] Pregunta 601</div><div style=""font-weight: bold; font-size: 16px; margin-bottom: 14px; line-height: 1.4;"">Quin tram de la xarxa de gas se situa entre l’ERM i el regulador final?</div><div style=""font-size: 14px; line-height: 1.6;""><div style=""padding: 5px 0;""><b>A)</b> La xarxa de distribució.</div><div style=""padding: 5px 0;""><b>B)</b> La instal·lació receptora.</div><div style=""padding: 5px 0;""><b>C)</b> El gasoducte de transport.</div><div style=""padding: 5px 0;""><b>D)</b> La derivació interior.</div></div></div>","<div style=""text-align: left; font-family: -apple-system, sans-serif;""><div style=""font-weight: bold; font-size: 16px; color: #10b981; margin-bottom: 8px;"">✓ Resposta Correcta: A</div><div style=""font-size: 14px; margin-bottom: 12px; padding: 10px; background: rgba(16,185,129,0.1); border-radius: 6px; border-left: 4px solid #10b981;"">A) La xarxa de distribució.</div><hr style=""border: 0; border-top: 1px solid #ddd; margin: 12px 0;""><div style=""font-size: 13px; color: #444; line-height: 1.4;""><b style=""color: #111;"">Explicació:</b> Després de l’ERM, el gas circula per la xarxa de distribució fins a la regulació final.</div></div>","T12_-_Installacions","16236"
"<div style=""text-align: left; font-family: -apple-system, sans-serif;""><div style=""font-size: 11px; color: #888; margin-bottom: 6px;"">[T12 - Instal·lacions] Pregunta 602</div><div style=""font-weight: bold; font-size: 16px; margin-bottom: 14px; line-height: 1.4;"">Què pot afegir un discriminador quan detecta valors de tensió elevats?</div><div style=""font-size: 14px; line-height: 1.6;""><div style=""padding: 5px 0;""><b>A)</b> Una reducció automàtica del rang de tensió del circuit.</div><div style=""padding: 5px 0;""><b>B)</b> Un avís acústic, a més de la indicació visual.</div><div style=""padding: 5px 0;""><b>C)</b> Una connexió interna a terra per descarregar la instal·lació.</div><div style=""padding: 5px 0;""><b>D)</b> Una desconnexió automàtica del circuit mesurat.</div></div></div>","<div style=""text-align: left; font-family: -apple-system, sans-serif;""><div style=""font-weight: bold; font-size: 16px; color: #10b981; margin-bottom: 8px;"">✓ Resposta Correcta: B</div><div style=""font-size: 14px; margin-bottom: 12px; padding: 10px; background: rgba(16,185,129,0.1); border-radius: 6px; border-left: 4px solid #10b981;"">B) Un avís acústic, a més de la indicació visual.</div><hr style=""border: 0; border-top: 1px solid #ddd; margin: 12px 0;""><div style=""font-size: 13px; color: #444; line-height: 1.4;""><b style=""color: #111;"">Explicació:</b> Alguns equips reforcen l’alerta amb senyal acústic quan la tensió és elevada.</div></div>","T12_-_Installacions","16034"
"<div style=""text-align: left; font-family: -apple-system, sans-serif;""><div style=""font-size: 11px; color: #888; margin-bottom: 6px;"">[T12 - Instal·lacions] Pregunta 603</div><div style=""font-weight: bold; font-size: 16px; margin-bottom: 14px; line-height: 1.4;"">Quina funció tenen els petits interruptors automàtics (PIA)?</div><div style=""font-size: 14px; line-height: 1.6;""><div style=""padding: 5px 0;""><b>A)</b> Desconnectar la centralització de comptadors.</div><div style=""padding: 5px 0;""><b>B)</b> Protegir individualment els diferents circuits interiors.</div><div style=""padding: 5px 0;""><b>C)</b> Protegir conjuntament tota la instal·lació interior.</div><div style=""padding: 5px 0;""><b>D)</b> Limitar la potència contractada de l’usuari.</div></div></div>","<div style=""text-align: left; font-family: -apple-system, sans-serif;""><div style=""font-weight: bold; font-size: 16px; color: #10b981; margin-bottom: 8px;"">✓ Resposta Correcta: B</div><div style=""font-size: 14px; margin-bottom: 12px; padding: 10px; background: rgba(16,185,129,0.1); border-radius: 6px; border-left: 4px solid #10b981;"">B) Protegir individualment els diferents circuits interiors.</div><hr style=""border: 0; border-top: 1px solid #ddd; margin: 12px 0;""><div style=""font-size: 13px; color: #444; line-height: 1.4;""><b style=""color: #111;"">Explicació:</b> Cada PIA protegeix de manera individual un circuit interior determinat.</div></div>","T12_-_Installacions","15918"
"<div style=""text-align: left; font-family: -apple-system, sans-serif;""><div style=""font-size: 11px; color: #888; margin-bottom: 6px;"">[T12 - Instal·lacions] Pregunta 604</div><div style=""font-weight: bold; font-size: 16px; margin-bottom: 14px; line-height: 1.4;"">Quina combinació inclou exemples de centrals de regulació?</div><div style=""font-size: 14px; line-height: 1.6;""><div style=""padding: 5px 0;""><b>A)</b> Centrals nuclears i centrals fotovoltaiques.</div><div style=""padding: 5px 0;""><b>B)</b> Centrals hidràuliques i centrals de cicle combinat.</div><div style=""padding: 5px 0;""><b>C)</b> Centrals eòliques i xarxes de baixa tensió.</div><div style=""padding: 5px 0;""><b>D)</b> Motors de combustió interna i nuclears.</div></div></div>","<div style=""text-align: left; font-family: -apple-system, sans-serif;""><div style=""font-weight: bold; font-size: 16px; color: #10b981; margin-bottom: 8px;"">✓ Resposta Correcta: B</div><div style=""font-size: 14px; margin-bottom: 12px; padding: 10px; background: rgba(16,185,129,0.1); border-radius: 6px; border-left: 4px solid #10b981;"">B) Centrals hidràuliques i centrals de cicle combinat.</div><hr style=""border: 0; border-top: 1px solid #ddd; margin: 12px 0;""><div style=""font-size: 13px; color: #444; line-height: 1.4;""><b style=""color: #111;"">Explicació:</b> Les hidràuliques i els cicles combinats poden ajustar la potència i actuar com a centrals de regulació.</div></div>","T12_-_Installacions","15786"
"<div style=""text-align: left; font-family: -apple-system, sans-serif;""><div style=""font-size: 11px; color: #888; margin-bottom: 6px;"">[T12 - Instal·lacions] Pregunta 605</div><div style=""font-weight: bold; font-size: 16px; margin-bottom: 14px; line-height: 1.4;"">D’on pot rebre energia una instal·lació interior o receptora?</div><div style=""font-size: 14px; line-height: 1.6;""><div style=""padding: 5px 0;""><b>A)</b> De la xarxa de distribució o directament d’una línia d’alta tensió.</div><div style=""padding: 5px 0;""><b>B)</b> De la xarxa de transport o de fonts d’energia pròpies.</div><div style=""padding: 5px 0;""><b>C)</b> De la xarxa de distribució o de fonts d’energia pròpies.</div><div style=""padding: 5px 0;""><b>D)</b> De la centralització de comptadors o de la caixa general de protecció com a fonts d’energia.</div></div></div>","<div style=""text-align: left; font-family: -apple-system, sans-serif;""><div style=""font-weight: bold; font-size: 16px; color: #10b981; margin-bottom: 8px;"">✓ Resposta Correcta: C</div><div style=""font-size: 14px; margin-bottom: 12px; padding: 10px; background: rgba(16,185,129,0.1); border-radius: 6px; border-left: 4px solid #10b981;"">C) De la xarxa de distribució o de fonts d’energia pròpies.</div><hr style=""border: 0; border-top: 1px solid #ddd; margin: 12px 0;""><div style=""font-size: 13px; color: #444; line-height: 1.4;""><b style=""color: #111;"">Explicació:</b> Una instal·lació receptora pot alimentar-se des de la xarxa o mitjançant fonts pròpies d’energia.</div></div>","T12_-_Installacions","15903"
"<div style=""text-align: left; font-family: -apple-system, sans-serif;""><div style=""font-size: 11px; color: #888; margin-bottom: 6px;"">[T12 - Instal·lacions] Pregunta 606</div><div style=""font-weight: bold; font-size: 16px; margin-bottom: 14px; line-height: 1.4;"">En quina part del sistema de gas es troba la pressió més baixa?</div><div style=""font-size: 14px; line-height: 1.6;""><div style=""padding: 5px 0;""><b>A)</b> A l’ERM.</div><div style=""padding: 5px 0;""><b>B)</b> Al gasoducte.</div><div style=""padding: 5px 0;""><b>C)</b> A la xarxa APB.</div><div style=""padding: 5px 0;""><b>D)</b> A la instal·lació receptora.</div></div></div>","<div style=""text-align: left; font-family: -apple-system, sans-serif;""><div style=""font-weight: bold; font-size: 16px; color: #10b981; margin-bottom: 8px;"">✓ Resposta Correcta: D</div><div style=""font-size: 14px; margin-bottom: 12px; padding: 10px; background: rgba(16,185,129,0.1); border-radius: 6px; border-left: 4px solid #10b981;"">D) A la instal·lació receptora.</div><hr style=""border: 0; border-top: 1px solid #ddd; margin: 12px 0;""><div style=""font-size: 13px; color: #444; line-height: 1.4;""><b style=""color: #111;"">Explicació:</b> La pressió disminueix progressivament fins a la instal·lació receptora.</div></div>","T12_-_Installacions","16238"
"<div style=""text-align: left; font-family: -apple-system, sans-serif;""><div style=""font-size: 11px; color: #888; margin-bottom: 6px;"">[T12 - Instal·lacions] Pregunta 607</div><div style=""font-weight: bold; font-size: 16px; margin-bottom: 14px; line-height: 1.4;"">Quina accessibilitat ha de tenir la clau de connexió d’un aparell de gas?</div><div style=""font-size: 14px; line-height: 1.6;""><div style=""padding: 5px 0;""><b>A)</b> Grau 2 per a la companyia.</div><div style=""padding: 5px 0;""><b>B)</b> Grau 1 per a l’usuari.</div><div style=""padding: 5px 0;""><b>C)</b> Grau 3 per al mantenidor.</div><div style=""padding: 5px 0;""><b>D)</b> Grau 2 per a l’usuari.</div></div></div>","<div style=""text-align: left; font-family: -apple-system, sans-serif;""><div style=""font-weight: bold; font-size: 16px; color: #10b981; margin-bottom: 8px;"">✓ Resposta Correcta: B</div><div style=""font-size: 14px; margin-bottom: 12px; padding: 10px; background: rgba(16,185,129,0.1); border-radius: 6px; border-left: 4px solid #10b981;"">B) Grau 1 per a l’usuari.</div><hr style=""border: 0; border-top: 1px solid #ddd; margin: 12px 0;""><div style=""font-size: 13px; color: #444; line-height: 1.4;""><b style=""color: #111;"">Explicació:</b> L’usuari ha de poder accedir directament a la clau de connexió de l’aparell.</div></div>","T12_-_Installacions","16282"
"<div style=""text-align: left; font-family: -apple-system, sans-serif;""><div style=""font-size: 11px; color: #888; margin-bottom: 6px;"">[T12 - Instal·lacions] Pregunta 608</div><div style=""font-weight: bold; font-size: 16px; margin-bottom: 14px; line-height: 1.4;"">Quin risc redueix la connexió de les carcasses metàl·liques al conductor PE?</div><div style=""font-size: 14px; line-height: 1.6;""><div style=""padding: 5px 0;""><b>A)</b> Que es redueixi la tensió entre fases de la xarxa.</div><div style=""padding: 5px 0;""><b>B)</b> Que quedin electrificades i posin en risc les persones.</div><div style=""padding: 5px 0;""><b>C)</b> Que augmenti la potència contractada de la instal·lació.</div><div style=""padding: 5px 0;""><b>D)</b> Que la centralització de comptadors quedi fora de servei.</div></div></div>","<div style=""text-align: left; font-family: -apple-system, sans-serif;""><div style=""font-weight: bold; font-size: 16px; color: #10b981; margin-bottom: 8px;"">✓ Resposta Correcta: B</div><div style=""font-size: 14px; margin-bottom: 12px; padding: 10px; background: rgba(16,185,129,0.1); border-radius: 6px; border-left: 4px solid #10b981;"">B) Que quedin electrificades i posin en risc les persones.</div><hr style=""border: 0; border-top: 1px solid #ddd; margin: 12px 0;""><div style=""font-size: 13px; color: #444; line-height: 1.4;""><b style=""color: #111;"">Explicació:</b> El PE evita que una fallada d’aïllament mantingui una carcassa metàl·lica a un potencial perillós.</div></div>","T12_-_Installacions","15924"
"<div style=""text-align: left; font-family: -apple-system, sans-serif;""><div style=""font-size: 11px; color: #888; margin-bottom: 6px;"">[T12 - Instal·lacions] Pregunta 609</div><div style=""font-weight: bold; font-size: 16px; margin-bottom: 14px; line-height: 1.4;"">Quina classificació de tensió pot orientar la conducta de seguretat en una intervenció?</div><div style=""font-size: 14px; line-height: 1.6;""><div style=""padding: 5px 0;""><b>A)</b> Domèstica, industrial o ferroviària.</div><div style=""padding: 5px 0;""><b>B)</b> Monofàsica, bifàsica o trifàsica.</div><div style=""padding: 5px 0;""><b>C)</b> Alterna, contínua o residual.</div><div style=""padding: 5px 0;""><b>D)</b> Baixa, mitjana o alta tensió.</div></div></div>","<div style=""text-align: left; font-family: -apple-system, sans-serif;""><div style=""font-weight: bold; font-size: 16px; color: #10b981; margin-bottom: 8px;"">✓ Resposta Correcta: D</div><div style=""font-size: 14px; margin-bottom: 12px; padding: 10px; background: rgba(16,185,129,0.1); border-radius: 6px; border-left: 4px solid #10b981;"">D) Baixa, mitjana o alta tensió.</div><hr style=""border: 0; border-top: 1px solid #ddd; margin: 12px 0;""><div style=""font-size: 13px; color: #444; line-height: 1.4;""><b style=""color: #111;"">Explicació:</b> Distingir BT, MT i AT ajuda a determinar les precaucions i distàncies adequades.</div></div>","T12_-_Installacions","16076"