"Front","Back","Tag","ID"
"<div style=""text-align: left; font-family: -apple-system, sans-serif;""><div style=""font-size: 11px; color: #888; margin-bottom: 6px;"">[T20 - Equips de protecció individual (EPI)] Pregunta 1</div><div style=""font-weight: bold; font-size: 16px; margin-bottom: 14px; line-height: 1.4;"">Quina funció tenen les vàlvules de seguretat del reductor de pressió?</div><div style=""font-size: 14px; line-height: 1.6;""><div style=""padding: 5px 0;""><b>A)</b> Evitar l’entelament del visor facial.</div><div style=""padding: 5px 0;""><b>B)</b> Evitar moviments de l’ampolla a l’arnès.</div><div style=""padding: 5px 0;""><b>C)</b> Evitar sobrepressions en el sistema.</div><div style=""padding: 5px 0;""><b>D)</b> Evitar l’entrada d’aire contaminat per la màscara.</div></div></div>","<div style=""text-align: left; font-family: -apple-system, sans-serif;""><div style=""font-weight: bold; font-size: 16px; color: #10b981; margin-bottom: 8px;"">✓ Resposta Correcta: C</div><div style=""font-size: 14px; margin-bottom: 12px; padding: 10px; background: rgba(16,185,129,0.1); border-radius: 6px; border-left: 4px solid #10b981;"">C) Evitar sobrepressions en el sistema.</div><hr style=""border: 0; border-top: 1px solid #ddd; margin: 12px 0;""><div style=""font-size: 13px; color: #444; line-height: 1.4;""><b style=""color: #111;"">Explicació:</b> Les vàlvules de seguretat protegeixen el circuit davant possibles sobrepressions.</div></div>","T20_-_Equips_de_proteccio_individual_EPI","21691"
"<div style=""text-align: left; font-family: -apple-system, sans-serif;""><div style=""font-size: 11px; color: #888; margin-bottom: 6px;"">[T20 - Equips de protecció individual (EPI)] Pregunta 2</div><div style=""font-weight: bold; font-size: 16px; margin-bottom: 14px; line-height: 1.4;"">D’on rep l’aire segur una caputxa de rescat?</div><div style=""font-size: 14px; line-height: 1.6;""><div style=""padding: 5px 0;""><b>A)</b> D’una petita ampolla integrada a la caputxa.</div><div style=""padding: 5px 0;""><b>B)</b> D’una línia d’aire independent instal·lada a la zona.</div><div style=""padding: 5px 0;""><b>C)</b> D’un filtre que depura l’aire de l’atmosfera de la víctima.</div><div style=""padding: 5px 0;""><b>D)</b> De la connexió a l’ERA d’un bomber.</div></div></div>","<div style=""text-align: left; font-family: -apple-system, sans-serif;""><div style=""font-weight: bold; font-size: 16px; color: #10b981; margin-bottom: 8px;"">✓ Resposta Correcta: D</div><div style=""font-size: 14px; margin-bottom: 12px; padding: 10px; background: rgba(16,185,129,0.1); border-radius: 6px; border-left: 4px solid #10b981;"">D) De la connexió a l’ERA d’un bomber.</div><hr style=""border: 0; border-top: 1px solid #ddd; margin: 12px 0;""><div style=""font-size: 13px; color: #444; line-height: 1.4;""><b style=""color: #111;"">Explicació:</b> La caputxa rep aire segur mitjançant la connexió amb l’ERA del bomber.</div></div>","T20_-_Equips_de_proteccio_individual_EPI","21748"
"<div style=""text-align: left; font-family: -apple-system, sans-serif;""><div style=""font-size: 11px; color: #888; margin-bottom: 6px;"">[T20 - Equips de protecció individual (EPI)] Pregunta 3</div><div style=""font-weight: bold; font-size: 16px; margin-bottom: 14px; line-height: 1.4;"">Quin parell forma part dels elements obligatoris de cap i il·luminació de l’EPI pesant?</div><div style=""font-size: 14px; line-height: 1.6;""><div style=""padding: 5px 0;""><b>A)</b> Casc d’intervenció pesant F1 i llanterna urbana.</div><div style=""padding: 5px 0;""><b>B)</b> Casc F2 i llanterna frontal.</div><div style=""padding: 5px 0;""><b>C)</b> Casc aquàtic i frontal estanc.</div><div style=""padding: 5px 0;""><b>D)</b> Caputxa química i llanterna antideflagrant.</div></div></div>","<div style=""text-align: left; font-family: -apple-system, sans-serif;""><div style=""font-weight: bold; font-size: 16px; color: #10b981; margin-bottom: 8px;"">✓ Resposta Correcta: A</div><div style=""font-size: 14px; margin-bottom: 12px; padding: 10px; background: rgba(16,185,129,0.1); border-radius: 6px; border-left: 4px solid #10b981;"">A) Casc d’intervenció pesant F1 i llanterna urbana.</div><hr style=""border: 0; border-top: 1px solid #ddd; margin: 12px 0;""><div style=""font-size: 13px; color: #444; line-height: 1.4;""><b style=""color: #111;"">Explicació:</b> El nivell pesant incorpora casc F1 i llanterna urbana.</div></div>","T20_-_Equips_de_proteccio_individual_EPI","21656"
"<div style=""text-align: left; font-family: -apple-system, sans-serif;""><div style=""font-size: 11px; color: #888; margin-bottom: 6px;"">[T20 - Equips de protecció individual (EPI)] Pregunta 4</div><div style=""font-weight: bold; font-size: 16px; margin-bottom: 14px; line-height: 1.4;"">Què indica el manòmetre d’un ERA?</div><div style=""font-size: 14px; line-height: 1.6;""><div style=""padding: 5px 0;""><b>A)</b> La pressió restant de l’ampolla.</div><div style=""padding: 5px 0;""><b>B)</b> El cabal instantani que entra a la màscara.</div><div style=""padding: 5px 0;""><b>C)</b> La temperatura de l’aire de l’ampolla.</div><div style=""padding: 5px 0;""><b>D)</b> La pressió exterior de la zona d’intervenció.</div></div></div>","<div style=""text-align: left; font-family: -apple-system, sans-serif;""><div style=""font-weight: bold; font-size: 16px; color: #10b981; margin-bottom: 8px;"">✓ Resposta Correcta: A</div><div style=""font-size: 14px; margin-bottom: 12px; padding: 10px; background: rgba(16,185,129,0.1); border-radius: 6px; border-left: 4px solid #10b981;"">A) La pressió restant de l’ampolla.</div><hr style=""border: 0; border-top: 1px solid #ddd; margin: 12px 0;""><div style=""font-size: 13px; color: #444; line-height: 1.4;""><b style=""color: #111;"">Explicació:</b> El manòmetre permet saber quina pressió d’aire queda disponible.</div></div>","T20_-_Equips_de_proteccio_individual_EPI","21693"
"<div style=""text-align: left; font-family: -apple-system, sans-serif;""><div style=""font-size: 11px; color: #888; margin-bottom: 6px;"">[T20 - Equips de protecció individual (EPI)] Pregunta 5</div><div style=""font-weight: bold; font-size: 16px; margin-bottom: 14px; line-height: 1.4;"">Quins guants formen part de l’equip obligatori de l’EPI lleuger?</div><div style=""font-size: 14px; line-height: 1.6;""><div style=""padding: 5px 0;""><b>A)</b> Guants d’intervenció estructurals.</div><div style=""padding: 5px 0;""><b>B)</b> Guants d’intervenció forestals.</div><div style=""padding: 5px 0;""><b>C)</b> Guants de neoprè.</div><div style=""padding: 5px 0;""><b>D)</b> Guants químics de nitril de canya llarga.</div></div></div>","<div style=""text-align: left; font-family: -apple-system, sans-serif;""><div style=""font-weight: bold; font-size: 16px; color: #10b981; margin-bottom: 8px;"">✓ Resposta Correcta: B</div><div style=""font-size: 14px; margin-bottom: 12px; padding: 10px; background: rgba(16,185,129,0.1); border-radius: 6px; border-left: 4px solid #10b981;"">B) Guants d’intervenció forestals.</div><hr style=""border: 0; border-top: 1px solid #ddd; margin: 12px 0;""><div style=""font-size: 13px; color: #444; line-height: 1.4;""><b style=""color: #111;"">Explicació:</b> Els guants d’intervenció forestals formen part dels elements obligatoris del nivell lleuger.</div></div>","T20_-_Equips_de_proteccio_individual_EPI","21648"
"<div style=""text-align: left; font-family: -apple-system, sans-serif;""><div style=""font-size: 11px; color: #888; margin-bottom: 6px;"">[T20 - Equips de protecció individual (EPI)] Pregunta 6</div><div style=""font-weight: bold; font-size: 16px; margin-bottom: 14px; line-height: 1.4;"">En el marcatge d’un EPI, un escut amb tres sectors al voltant d’un cercle central identifica quina protecció?</div><div style=""font-size: 14px; line-height: 1.6;""><div style=""padding: 5px 0;""><b>A)</b> Protecció davant de contaminació per partícules radioactives.</div><div style=""padding: 5px 0;""><b>B)</b> Protecció davant del contacte i les projeccions de productes químics.</div><div style=""padding: 5px 0;""><b>C)</b> Protecció davant de microorganismes i agents biològics.</div><div style=""padding: 5px 0;""><b>D)</b> Protecció davant de descàrregues i acumulació d’electricitat estàtica.</div></div></div>","<div style=""text-align: left; font-family: -apple-system, sans-serif;""><div style=""font-weight: bold; font-size: 16px; color: #10b981; margin-bottom: 8px;"">✓ Resposta Correcta: A</div><div style=""font-size: 14px; margin-bottom: 12px; padding: 10px; background: rgba(16,185,129,0.1); border-radius: 6px; border-left: 4px solid #10b981;"">A) Protecció davant de contaminació per partícules radioactives.</div><hr style=""border: 0; border-top: 1px solid #ddd; margin: 12px 0;""><div style=""font-size: 13px; color: #444; line-height: 1.4;""><b style=""color: #111;"">Explicació:</b> El símbol de tres sectors al voltant d’un centre identifica la contaminació per partícules radioactives.</div></div>","T20_-_Equips_de_proteccio_individual_EPI","21606"
"<div style=""text-align: left; font-family: -apple-system, sans-serif;""><div style=""font-size: 11px; color: #888; margin-bottom: 6px;"">[T20 - Equips de protecció individual (EPI)] Pregunta 7</div><div style=""font-weight: bold; font-size: 16px; margin-bottom: 14px; line-height: 1.4;"">Per què una revisió deficient d’un EPI pot afectar més d’una persona?</div><div style=""font-size: 14px; line-height: 1.6;""><div style=""padding: 5px 0;""><b>A)</b> Pot comprometre el bomber i el company que depèn d’ell.</div><div style=""padding: 5px 0;""><b>B)</b> Pot comprometre la seguretat del bomber, però no la dels companys.</div><div style=""padding: 5px 0;""><b>C)</b> Pot afectar el company, però no el bomber que porta l’equip.</div><div style=""padding: 5px 0;""><b>D)</b> Pot afectar la disponibilitat del material sense comprometre una maniobra.</div></div></div>","<div style=""text-align: left; font-family: -apple-system, sans-serif;""><div style=""font-weight: bold; font-size: 16px; color: #10b981; margin-bottom: 8px;"">✓ Resposta Correcta: A</div><div style=""font-size: 14px; margin-bottom: 12px; padding: 10px; background: rgba(16,185,129,0.1); border-radius: 6px; border-left: 4px solid #10b981;"">A) Pot comprometre el bomber i el company que depèn d’ell.</div><hr style=""border: 0; border-top: 1px solid #ddd; margin: 12px 0;""><div style=""font-size: 13px; color: #444; line-height: 1.4;""><b style=""color: #111;"">Explicació:</b> La seguretat en una maniobra és compartida i un equip defectuós pot posar en risc més d’un bomber.</div></div>","T20_-_Equips_de_proteccio_individual_EPI","21769"
"<div style=""text-align: left; font-family: -apple-system, sans-serif;""><div style=""font-size: 11px; color: #888; margin-bottom: 6px;"">[T20 - Equips de protecció individual (EPI)] Pregunta 8</div><div style=""font-weight: bold; font-size: 16px; margin-bottom: 14px; line-height: 1.4;"">En el marcatge d’un EPI, un escut amb una figura ramificada semblant a un cristall de gel identifica quina protecció?</div><div style=""font-size: 14px; line-height: 1.6;""><div style=""padding: 5px 0;""><b>A)</b> Protecció davant de productes químics.</div><div style=""padding: 5px 0;""><b>B)</b> Protecció davant de calor i foc.</div><div style=""padding: 5px 0;""><b>C)</b> Protecció davant de microorganismes.</div><div style=""padding: 5px 0;""><b>D)</b> Protecció davant del fred.</div></div></div>","<div style=""text-align: left; font-family: -apple-system, sans-serif;""><div style=""font-weight: bold; font-size: 16px; color: #10b981; margin-bottom: 8px;"">✓ Resposta Correcta: D</div><div style=""font-size: 14px; margin-bottom: 12px; padding: 10px; background: rgba(16,185,129,0.1); border-radius: 6px; border-left: 4px solid #10b981;"">D) Protecció davant del fred.</div><hr style=""border: 0; border-top: 1px solid #ddd; margin: 12px 0;""><div style=""font-size: 13px; color: #444; line-height: 1.4;""><b style=""color: #111;"">Explicació:</b> El símbol semblant a un cristall de gel identifica la funció de protecció davant del fred.</div></div>","T20_-_Equips_de_proteccio_individual_EPI","21602"
"<div style=""text-align: left; font-family: -apple-system, sans-serif;""><div style=""font-size: 11px; color: #888; margin-bottom: 6px;"">[T20 - Equips de protecció individual (EPI)] Pregunta 9</div><div style=""font-weight: bold; font-size: 16px; margin-bottom: 14px; line-height: 1.4;"">Quin tipus d’equip és la caputxa de rescat?</div><div style=""font-size: 14px; line-height: 1.6;""><div style=""padding: 5px 0;""><b>A)</b> Un element de protecció respiratòria per a treball prolongat.</div><div style=""padding: 5px 0;""><b>B)</b> Un element de protecció respiratòria per a evacuació.</div><div style=""padding: 5px 0;""><b>C)</b> Un element de protecció respiratòria per al bomber durant l’extinció.</div><div style=""padding: 5px 0;""><b>D)</b> Un element de filtració de l’aire ambiental per a la víctima.</div></div></div>","<div style=""text-align: left; font-family: -apple-system, sans-serif;""><div style=""font-weight: bold; font-size: 16px; color: #10b981; margin-bottom: 8px;"">✓ Resposta Correcta: B</div><div style=""font-size: 14px; margin-bottom: 12px; padding: 10px; background: rgba(16,185,129,0.1); border-radius: 6px; border-left: 4px solid #10b981;"">B) Un element de protecció respiratòria per a evacuació.</div><hr style=""border: 0; border-top: 1px solid #ddd; margin: 12px 0;""><div style=""font-size: 13px; color: #444; line-height: 1.4;""><b style=""color: #111;"">Explicació:</b> La seva funció és proporcionar protecció respiratòria temporal durant l’evacuació d’una víctima.</div></div>","T20_-_Equips_de_proteccio_individual_EPI","21753"
"<div style=""text-align: left; font-family: -apple-system, sans-serif;""><div style=""font-size: 11px; color: #888; margin-bottom: 6px;"">[T20 - Equips de protecció individual (EPI)] Pregunta 10</div><div style=""font-weight: bold; font-size: 16px; margin-bottom: 14px; line-height: 1.4;"">Un pictograma de vestit químic mostra dins d’un escut unes línies ondulades semblants a vapors, sense cap línia horitzontal que les travessi. A quin tipus correspon?</div><div style=""font-size: 14px; line-height: 1.6;""><div style=""padding: 5px 0;""><b>A)</b> Vestit de protecció tipus 4.</div><div style=""padding: 5px 0;""><b>B)</b> Vestit de protecció tipus 6.</div><div style=""padding: 5px 0;""><b>C)</b> Vestit de protecció tipus 1.</div><div style=""padding: 5px 0;""><b>D)</b> Vestit de protecció tipus 2.</div></div></div>","<div style=""text-align: left; font-family: -apple-system, sans-serif;""><div style=""font-weight: bold; font-size: 16px; color: #10b981; margin-bottom: 8px;"">✓ Resposta Correcta: C</div><div style=""font-size: 14px; margin-bottom: 12px; padding: 10px; background: rgba(16,185,129,0.1); border-radius: 6px; border-left: 4px solid #10b981;"">C) Vestit de protecció tipus 1.</div><hr style=""border: 0; border-top: 1px solid #ddd; margin: 12px 0;""><div style=""font-size: 13px; color: #444; line-height: 1.4;""><b style=""color: #111;"">Explicació:</b> El tipus 1 és hermètic a gasos o vapors i el seu pictograma representa aquest tipus d’exposició.</div></div>","T20_-_Equips_de_proteccio_individual_EPI","21667"
"<div style=""text-align: left; font-family: -apple-system, sans-serif;""><div style=""font-size: 11px; color: #888; margin-bottom: 6px;"">[T20 - Equips de protecció individual (EPI)] Pregunta 11</div><div style=""font-weight: bold; font-size: 16px; margin-bottom: 14px; line-height: 1.4;"">Quin conjunt d’intervencions és compatible amb l’aplicació del vestit forestal EN 15614?</div><div style=""font-size: 14px; line-height: 1.6;""><div style=""padding: 5px 0;""><b>A)</b> Incendis forestals, assistències tècniques i rescat en exteriors.</div><div style=""padding: 5px 0;""><b>B)</b> Incendis forestals, intervencions químiques i rescat aquàtic.</div><div style=""padding: 5px 0;""><b>C)</b> Incendis forestals, assistències tècniques i rescats en interiors.</div><div style=""padding: 5px 0;""><b>D)</b> Incendis forestals, foc estructural intens i rescats en túnels.</div></div></div>","<div style=""text-align: left; font-family: -apple-system, sans-serif;""><div style=""font-weight: bold; font-size: 16px; color: #10b981; margin-bottom: 8px;"">✓ Resposta Correcta: A</div><div style=""font-size: 14px; margin-bottom: 12px; padding: 10px; background: rgba(16,185,129,0.1); border-radius: 6px; border-left: 4px solid #10b981;"">A) Incendis forestals, assistències tècniques i rescat en exteriors.</div><hr style=""border: 0; border-top: 1px solid #ddd; margin: 12px 0;""><div style=""font-size: 13px; color: #444; line-height: 1.4;""><b style=""color: #111;"">Explicació:</b> El vestit forestal s’utilitza en incendis forestals i també en assistències tècniques i rescats a l’exterior.</div></div>","T20_-_Equips_de_proteccio_individual_EPI","21622"
"<div style=""text-align: left; font-family: -apple-system, sans-serif;""><div style=""font-size: 11px; color: #888; margin-bottom: 6px;"">[T20 - Equips de protecció individual (EPI)] Pregunta 12</div><div style=""font-weight: bold; font-size: 16px; margin-bottom: 14px; line-height: 1.4;"">Què s’ha de comprovar en les proves funcionals d’equips actius com ERA, detectors, emissores o llanternes?</div><div style=""font-size: 14px; line-height: 1.6;""><div style=""padding: 5px 0;""><b>A)</b> Funcionament correcte, bateries disponibles i registre de manteniment al dia.</div><div style=""padding: 5px 0;""><b>B)</b> Funcionament correcte, bateries carregades i aspecte exterior sense brutícia.</div><div style=""padding: 5px 0;""><b>C)</b> Funcionament correcte, bateries carregades i absència de fuites o avaries.</div><div style=""padding: 5px 0;""><b>D)</b> Funcionament correcte, data de compra actualitzada i absència de deformacions.</div></div></div>","<div style=""text-align: left; font-family: -apple-system, sans-serif;""><div style=""font-weight: bold; font-size: 16px; color: #10b981; margin-bottom: 8px;"">✓ Resposta Correcta: C</div><div style=""font-size: 14px; margin-bottom: 12px; padding: 10px; background: rgba(16,185,129,0.1); border-radius: 6px; border-left: 4px solid #10b981;"">C) Funcionament correcte, bateries carregades i absència de fuites o avaries.</div><hr style=""border: 0; border-top: 1px solid #ddd; margin: 12px 0;""><div style=""font-size: 13px; color: #444; line-height: 1.4;""><b style=""color: #111;"">Explicació:</b> Els equips actius s’han de provar funcionalment i han d’estar alimentats i sense fuites ni avaries.</div></div>","T20_-_Equips_de_proteccio_individual_EPI","21766"
"<div style=""text-align: left; font-family: -apple-system, sans-serif;""><div style=""font-size: 11px; color: #888; margin-bottom: 6px;"">[T20 - Equips de protecció individual (EPI)] Pregunta 13</div><div style=""font-weight: bold; font-size: 16px; margin-bottom: 14px; line-height: 1.4;"">A qui està destinada principalment la caputxa de rescat?</div><div style=""font-size: 14px; line-height: 1.6;""><div style=""padding: 5px 0;""><b>A)</b> A un bomber que vol augmentar la seva autonomia.</div><div style=""padding: 5px 0;""><b>B)</b> A una víctima que ja disposa d’un ERA propi operatiu.</div><div style=""padding: 5px 0;""><b>C)</b> A un bomber que necessita substituir temporalment la màscara facial.</div><div style=""padding: 5px 0;""><b>D)</b> A una persona que no disposa d’un ERA.</div></div></div>","<div style=""text-align: left; font-family: -apple-system, sans-serif;""><div style=""font-weight: bold; font-size: 16px; color: #10b981; margin-bottom: 8px;"">✓ Resposta Correcta: D</div><div style=""font-size: 14px; margin-bottom: 12px; padding: 10px; background: rgba(16,185,129,0.1); border-radius: 6px; border-left: 4px solid #10b981;"">D) A una persona que no disposa d’un ERA.</div><hr style=""border: 0; border-top: 1px solid #ddd; margin: 12px 0;""><div style=""font-size: 13px; color: #444; line-height: 1.4;""><b style=""color: #111;"">Explicació:</b> La caputxa permet protegir temporalment una víctima sense equip de respiració autònoma.</div></div>","T20_-_Equips_de_proteccio_individual_EPI","21747"
"<div style=""text-align: left; font-family: -apple-system, sans-serif;""><div style=""font-size: 11px; color: #888; margin-bottom: 6px;"">[T20 - Equips de protecció individual (EPI)] Pregunta 14</div><div style=""font-weight: bold; font-size: 16px; margin-bottom: 14px; line-height: 1.4;"">Quin conjunt forma l’equip obligatori bàsic de l’EPI aquàtic?</div><div style=""font-size: 14px; line-height: 1.6;""><div style=""padding: 5px 0;""><b>A)</b> Vestit de neoprè, escarpins de neoprè i guants de neoprè.</div><div style=""padding: 5px 0;""><b>B)</b> Polo, pantaló d’intervenció i botes forestals.</div><div style=""padding: 5px 0;""><b>C)</b> Jaqueta pesant, sobrepantaló i botes d’intervenció.</div><div style=""padding: 5px 0;""><b>D)</b> Vestit químic, botes de cautxú i guants químics.</div></div></div>","<div style=""text-align: left; font-family: -apple-system, sans-serif;""><div style=""font-weight: bold; font-size: 16px; color: #10b981; margin-bottom: 8px;"">✓ Resposta Correcta: A</div><div style=""font-size: 14px; margin-bottom: 12px; padding: 10px; background: rgba(16,185,129,0.1); border-radius: 6px; border-left: 4px solid #10b981;"">A) Vestit de neoprè, escarpins de neoprè i guants de neoprè.</div><hr style=""border: 0; border-top: 1px solid #ddd; margin: 12px 0;""><div style=""font-size: 13px; color: #444; line-height: 1.4;""><b style=""color: #111;"">Explicació:</b> El nivell aquàtic incorpora les tres peces de neoprè indicades per protegir el cos, els peus i les mans.</div></div>","T20_-_Equips_de_proteccio_individual_EPI","21660"
"<div style=""text-align: left; font-family: -apple-system, sans-serif;""><div style=""font-size: 11px; color: #888; margin-bottom: 6px;"">[T20 - Equips de protecció individual (EPI)] Pregunta 15</div><div style=""font-weight: bold; font-size: 16px; margin-bottom: 14px; line-height: 1.4;"">En el marcatge d’un EPI, un escut amb tres formes corbades entrellaçades al voltant d’un centre identifica quina protecció?</div><div style=""font-size: 14px; line-height: 1.6;""><div style=""padding: 5px 0;""><b>A)</b> Protecció davant de productes químics.</div><div style=""padding: 5px 0;""><b>B)</b> Protecció davant de contaminació per partícules radioactives.</div><div style=""padding: 5px 0;""><b>C)</b> Protecció davant de microorganismes.</div><div style=""padding: 5px 0;""><b>D)</b> Protecció davant de fred.</div></div></div>","<div style=""text-align: left; font-family: -apple-system, sans-serif;""><div style=""font-weight: bold; font-size: 16px; color: #10b981; margin-bottom: 8px;"">✓ Resposta Correcta: C</div><div style=""font-size: 14px; margin-bottom: 12px; padding: 10px; background: rgba(16,185,129,0.1); border-radius: 6px; border-left: 4px solid #10b981;"">C) Protecció davant de microorganismes.</div><hr style=""border: 0; border-top: 1px solid #ddd; margin: 12px 0;""><div style=""font-size: 13px; color: #444; line-height: 1.4;""><b style=""color: #111;"">Explicació:</b> La figura de tres formes corbades entrellaçades correspon al pictograma de protecció davant de microorganismes.</div></div>","T20_-_Equips_de_proteccio_individual_EPI","21607"
"<div style=""text-align: left; font-family: -apple-system, sans-serif;""><div style=""font-size: 11px; color: #888; margin-bottom: 6px;"">[T20 - Equips de protecció individual (EPI)] Pregunta 16</div><div style=""font-weight: bold; font-size: 16px; margin-bottom: 14px; line-height: 1.4;"">Què indica la categoria d’un EPI, a diferència del seu pictograma?</div><div style=""font-size: 14px; line-height: 1.6;""><div style=""padding: 5px 0;""><b>A)</b> La funció concreta de protecció davant un risc determinat.</div><div style=""padding: 5px 0;""><b>B)</b> El nivell de gravetat del risc i la complexitat dels assaigs superats.</div><div style=""padding: 5px 0;""><b>C)</b> El component del cos sobre el qual s’ha de col·locar l’equip.</div><div style=""padding: 5px 0;""><b>D)</b> La forma exacta d’ús de l’equip durant una maniobra.</div></div></div>","<div style=""text-align: left; font-family: -apple-system, sans-serif;""><div style=""font-weight: bold; font-size: 16px; color: #10b981; margin-bottom: 8px;"">✓ Resposta Correcta: B</div><div style=""font-size: 14px; margin-bottom: 12px; padding: 10px; background: rgba(16,185,129,0.1); border-radius: 6px; border-left: 4px solid #10b981;"">B) El nivell de gravetat del risc i la complexitat dels assaigs superats.</div><hr style=""border: 0; border-top: 1px solid #ddd; margin: 12px 0;""><div style=""font-size: 13px; color: #444; line-height: 1.4;""><b style=""color: #111;"">Explicació:</b> La categoria informa del nivell de risc i de la complexitat dels assaigs; el pictograma identifica la funció protectora concreta.</div></div>","T20_-_Equips_de_proteccio_individual_EPI","21600"
"<div style=""text-align: left; font-family: -apple-system, sans-serif;""><div style=""font-size: 11px; color: #888; margin-bottom: 6px;"">[T20 - Equips de protecció individual (EPI)] Pregunta 17</div><div style=""font-weight: bold; font-size: 16px; margin-bottom: 14px; line-height: 1.4;"">Com s’ha de planificar la tornada a una zona segura amb ERA?</div><div style=""font-size: 14px; line-height: 1.6;""><div style=""padding: 5px 0;""><b>A)</b> Prenent com a referència el moment en què l’ampolla arribi a 0 bars.</div><div style=""padding: 5px 0;""><b>B)</b> Amb marge suficient i estimant prèviament el temps de recorregut.</div><div style=""padding: 5px 0;""><b>C)</b> Esperant a entrar en reserva abans d’iniciar el retorn.</div><div style=""padding: 5px 0;""><b>D)</b> Mantenint la tasca fins que soni l’alarma d’immobilitat.</div></div></div>","<div style=""text-align: left; font-family: -apple-system, sans-serif;""><div style=""font-weight: bold; font-size: 16px; color: #10b981; margin-bottom: 8px;"">✓ Resposta Correcta: B</div><div style=""font-size: 14px; margin-bottom: 12px; padding: 10px; background: rgba(16,185,129,0.1); border-radius: 6px; border-left: 4px solid #10b981;"">B) Amb marge suficient i estimant prèviament el temps de recorregut.</div><hr style=""border: 0; border-top: 1px solid #ddd; margin: 12px 0;""><div style=""font-size: 13px; color: #444; line-height: 1.4;""><b style=""color: #111;"">Explicació:</b> La retirada s’ha de planificar perquè el bomber surti amb marge abans d’arribar a la reserva.</div></div>","T20_-_Equips_de_proteccio_individual_EPI","21744"
"<div style=""text-align: left; font-family: -apple-system, sans-serif;""><div style=""font-size: 11px; color: #888; margin-bottom: 6px;"">[T20 - Equips de protecció individual (EPI)] Pregunta 18</div><div style=""font-weight: bold; font-size: 16px; margin-bottom: 14px; line-height: 1.4;"">Per què s’utilitzen habitualment ampolles de composite en els ERA?</div><div style=""font-size: 14px; line-height: 1.6;""><div style=""padding: 5px 0;""><b>A)</b> Per reduir el pes de l’ampolla.</div><div style=""padding: 5px 0;""><b>B)</b> Per evitar haver de controlar la pressió restant.</div><div style=""padding: 5px 0;""><b>C)</b> Per eliminar la necessitat del manoreductor.</div><div style=""padding: 5px 0;""><b>D)</b> Per elevar la pressió de treball de la màscara.</div></div></div>","<div style=""text-align: left; font-family: -apple-system, sans-serif;""><div style=""font-weight: bold; font-size: 16px; color: #10b981; margin-bottom: 8px;"">✓ Resposta Correcta: A</div><div style=""font-size: 14px; margin-bottom: 12px; padding: 10px; background: rgba(16,185,129,0.1); border-radius: 6px; border-left: 4px solid #10b981;"">A) Per reduir el pes de l’ampolla.</div><hr style=""border: 0; border-top: 1px solid #ddd; margin: 12px 0;""><div style=""font-size: 13px; color: #444; line-height: 1.4;""><b style=""color: #111;"">Explicació:</b> El composite permet disposar d’una ampolla més lleugera per a l’ús amb ERA.</div></div>","T20_-_Equips_de_proteccio_individual_EPI","21688"
"<div style=""text-align: left; font-family: -apple-system, sans-serif;""><div style=""font-size: 11px; color: #888; margin-bottom: 6px;"">[T20 - Equips de protecció individual (EPI)] Pregunta 19</div><div style=""font-weight: bold; font-size: 16px; margin-bottom: 14px; line-height: 1.4;"">En quins moments és recomanable comprovar la pressió de l’ERA durant la intervenció?</div><div style=""font-size: 14px; line-height: 1.6;""><div style=""padding: 5px 0;""><b>A)</b> En punts clau com l’entrada, un canvi de planta o l’accés a una víctima.</div><div style=""padding: 5px 0;""><b>B)</b> En acabar cada fase de treball, però sense comprovar-la a l’entrada.</div><div style=""padding: 5px 0;""><b>C)</b> Quan es produeix un canvi d’activitat, sense considerar la pressió prèvia.</div><div style=""padding: 5px 0;""><b>D)</b> En intervals fixos, sense relacionar-los amb moments de la tasca.</div></div></div>","<div style=""text-align: left; font-family: -apple-system, sans-serif;""><div style=""font-weight: bold; font-size: 16px; color: #10b981; margin-bottom: 8px;"">✓ Resposta Correcta: A</div><div style=""font-size: 14px; margin-bottom: 12px; padding: 10px; background: rgba(16,185,129,0.1); border-radius: 6px; border-left: 4px solid #10b981;"">A) En punts clau com l’entrada, un canvi de planta o l’accés a una víctima.</div><hr style=""border: 0; border-top: 1px solid #ddd; margin: 12px 0;""><div style=""font-size: 13px; color: #444; line-height: 1.4;""><b style=""color: #111;"">Explicació:</b> El seguiment de pressió s’ha de fer periòdicament i especialment en punts clau de la tasca.</div></div>","T20_-_Equips_de_proteccio_individual_EPI","21742"
"<div style=""text-align: left; font-family: -apple-system, sans-serif;""><div style=""font-size: 11px; color: #888; margin-bottom: 6px;"">[T20 - Equips de protecció individual (EPI)] Pregunta 20</div><div style=""font-weight: bold; font-size: 16px; margin-bottom: 14px; line-height: 1.4;"">Com ajuda la revisió diària a evitar fallades en servei?</div><div style=""font-size: 14px; line-height: 1.6;""><div style=""padding: 5px 0;""><b>A)</b> Redueix la probabilitat de fallada, però no permet detectar mancances prèvies.</div><div style=""padding: 5px 0;""><b>B)</b> Permet reparar durant la intervenció les avaries detectades.</div><div style=""padding: 5px 0;""><b>C)</b> Detecta mancances administratives abans que l’equip sigui assignat.</div><div style=""padding: 5px 0;""><b>D)</b> Detecta avaries o mancances abans d’una sortida.</div></div></div>","<div style=""text-align: left; font-family: -apple-system, sans-serif;""><div style=""font-weight: bold; font-size: 16px; color: #10b981; margin-bottom: 8px;"">✓ Resposta Correcta: D</div><div style=""font-size: 14px; margin-bottom: 12px; padding: 10px; background: rgba(16,185,129,0.1); border-radius: 6px; border-left: 4px solid #10b981;"">D) Detecta avaries o mancances abans d’una sortida.</div><hr style=""border: 0; border-top: 1px solid #ddd; margin: 12px 0;""><div style=""font-size: 13px; color: #444; line-height: 1.4;""><b style=""color: #111;"">Explicació:</b> Detectar defectes abans de sortir evita que es manifestin en el moment crític de la intervenció.</div></div>","T20_-_Equips_de_proteccio_individual_EPI","21770"
"<div style=""text-align: left; font-family: -apple-system, sans-serif;""><div style=""font-size: 11px; color: #888; margin-bottom: 6px;"">[T20 - Equips de protecció individual (EPI)] Pregunta 21</div><div style=""font-weight: bold; font-size: 16px; margin-bottom: 14px; line-height: 1.4;"">Quina pauta de manteniment és correcta per a les botes d’intervenció de cuir?</div><div style=""font-size: 14px; line-height: 1.6;""><div style=""padding: 5px 0;""><b>A)</b> Netejar-les després de cada servei, assecar-les prop d’una font de calor i revisar sola, puntera i costures.</div><div style=""padding: 5px 0;""><b>B)</b> Netejar-les periòdicament, assecar-les a temperatura ambient i revisar les costures quan hi hagi dany visible.</div><div style=""padding: 5px 0;""><b>C)</b> Netejar-les després de cada servei, assecar-les lluny de calor directa i revisar sola, puntera i costures.</div><div style=""padding: 5px 0;""><b>D)</b> Netejar-les després de cada servei, assecar-les lluny de calor directa i revisar sola i puntera, sense comprovar les costures.</div></div></div>","<div style=""text-align: left; font-family: -apple-system, sans-serif;""><div style=""font-weight: bold; font-size: 16px; color: #10b981; margin-bottom: 8px;"">✓ Resposta Correcta: C</div><div style=""font-size: 14px; margin-bottom: 12px; padding: 10px; background: rgba(16,185,129,0.1); border-radius: 6px; border-left: 4px solid #10b981;"">C) Netejar-les després de cada servei, assecar-les lluny de calor directa i revisar sola, puntera i costures.</div><hr style=""border: 0; border-top: 1px solid #ddd; margin: 12px 0;""><div style=""font-size: 13px; color: #444; line-height: 1.4;""><b style=""color: #111;"">Explicació:</b> La neteja, l’assecat lluny de fonts de calor i la inspecció regular ajuden a conservar les propietats del calçat.</div></div>","T20_-_Equips_de_proteccio_individual_EPI","21642"
"<div style=""text-align: left; font-family: -apple-system, sans-serif;""><div style=""font-size: 11px; color: #888; margin-bottom: 6px;"">[T20 - Equips de protecció individual (EPI)] Pregunta 22</div><div style=""font-weight: bold; font-size: 16px; margin-bottom: 14px; line-height: 1.4;"">Quina dada s’ha d’anotar abans de començar l’activitat controlada per calcular el consum personal?</div><div style=""font-size: 14px; line-height: 1.6;""><div style=""padding: 5px 0;""><b>A)</b> La pressió exterior.</div><div style=""padding: 5px 0;""><b>B)</b> La pressió inicial.</div><div style=""padding: 5px 0;""><b>C)</b> La pressió de reserva.</div><div style=""padding: 5px 0;""><b>D)</b> La pressió final.</div></div></div>","<div style=""text-align: left; font-family: -apple-system, sans-serif;""><div style=""font-weight: bold; font-size: 16px; color: #10b981; margin-bottom: 8px;"">✓ Resposta Correcta: B</div><div style=""font-size: 14px; margin-bottom: 12px; padding: 10px; background: rgba(16,185,129,0.1); border-radius: 6px; border-left: 4px solid #10b981;"">B) La pressió inicial.</div><hr style=""border: 0; border-top: 1px solid #ddd; margin: 12px 0;""><div style=""font-size: 13px; color: #444; line-height: 1.4;""><b style=""color: #111;"">Explicació:</b> El procediment parteix de la diferència entre la pressió inicial i la final.</div></div>","T20_-_Equips_de_proteccio_individual_EPI","21726"
"<div style=""text-align: left; font-family: -apple-system, sans-serif;""><div style=""font-size: 11px; color: #888; margin-bottom: 6px;"">[T20 - Equips de protecció individual (EPI)] Pregunta 23</div><div style=""font-weight: bold; font-size: 16px; margin-bottom: 14px; line-height: 1.4;"">Una ampolla carregada a 300 bars conté 2.400 L d’aire. Quina és la seva capacitat volumètrica?</div><div style=""font-size: 14px; line-height: 1.6;""><div style=""padding: 5px 0;""><b>A)</b> 6 L.</div><div style=""padding: 5px 0;""><b>B)</b> 12 L.</div><div style=""padding: 5px 0;""><b>C)</b> 8 L.</div><div style=""padding: 5px 0;""><b>D)</b> 10 L.</div></div></div>","<div style=""text-align: left; font-family: -apple-system, sans-serif;""><div style=""font-weight: bold; font-size: 16px; color: #10b981; margin-bottom: 8px;"">✓ Resposta Correcta: C</div><div style=""font-size: 14px; margin-bottom: 12px; padding: 10px; background: rgba(16,185,129,0.1); border-radius: 6px; border-left: 4px solid #10b981;"">C) 8 L.</div><hr style=""border: 0; border-top: 1px solid #ddd; margin: 12px 0;""><div style=""font-size: 13px; color: #444; line-height: 1.4;""><b style=""color: #111;"">Explicació:</b> La capacitat volumètrica és 2.400 / 300 = 8 L.</div></div>","T20_-_Equips_de_proteccio_individual_EPI","21734"
"<div style=""text-align: left; font-family: -apple-system, sans-serif;""><div style=""font-size: 11px; color: #888; margin-bottom: 6px;"">[T20 - Equips de protecció individual (EPI)] Pregunta 24</div><div style=""font-weight: bold; font-size: 16px; margin-bottom: 14px; line-height: 1.4;"">Quin conjunt de complements s’adapta als riscos mediambientals i meteorològics?</div><div style=""font-size: 14px; line-height: 1.6;""><div style=""padding: 5px 0;""><b>A)</b> Peces d’alta visibilitat i impermeables, però sense protecció davant fred o vent.</div><div style=""padding: 5px 0;""><b>B)</b> Roba tèrmica, impermeable i protecció davant fred, però sense alta visibilitat.</div><div style=""padding: 5px 0;""><b>C)</b> Roba tèrmica o aïllant, alta visibilitat, impermeables i protecció davant vent o radiació solar.</div><div style=""padding: 5px 0;""><b>D)</b> Roba aïllant i protecció solar, però sense impermeables ni alta visibilitat.</div></div></div>","<div style=""text-align: left; font-family: -apple-system, sans-serif;""><div style=""font-weight: bold; font-size: 16px; color: #10b981; margin-bottom: 8px;"">✓ Resposta Correcta: C</div><div style=""font-size: 14px; margin-bottom: 12px; padding: 10px; background: rgba(16,185,129,0.1); border-radius: 6px; border-left: 4px solid #10b981;"">C) Roba tèrmica o aïllant, alta visibilitat, impermeables i protecció davant vent o radiació solar.</div><hr style=""border: 0; border-top: 1px solid #ddd; margin: 12px 0;""><div style=""font-size: 13px; color: #444; line-height: 1.4;""><b style=""color: #111;"">Explicació:</b> Aquests complements milloren el confort tèrmic i redueixen el risc de cop de calor, hipotèrmia o fatiga prematura.</div></div>","T20_-_Equips_de_proteccio_individual_EPI","21677"
"<div style=""text-align: left; font-family: -apple-system, sans-serif;""><div style=""font-size: 11px; color: #888; margin-bottom: 6px;"">[T20 - Equips de protecció individual (EPI)] Pregunta 25</div><div style=""font-weight: bold; font-size: 16px; margin-bottom: 14px; line-height: 1.4;"">En una ampolla de 4 L, consumir 400 L d’aire equival a quina caiguda de pressió?</div><div style=""font-size: 14px; line-height: 1.6;""><div style=""padding: 5px 0;""><b>A)</b> 160 bars.</div><div style=""padding: 5px 0;""><b>B)</b> 120 bars.</div><div style=""padding: 5px 0;""><b>C)</b> 100 bars.</div><div style=""padding: 5px 0;""><b>D)</b> 80 bars.</div></div></div>","<div style=""text-align: left; font-family: -apple-system, sans-serif;""><div style=""font-weight: bold; font-size: 16px; color: #10b981; margin-bottom: 8px;"">✓ Resposta Correcta: C</div><div style=""font-size: 14px; margin-bottom: 12px; padding: 10px; background: rgba(16,185,129,0.1); border-radius: 6px; border-left: 4px solid #10b981;"">C) 100 bars.</div><hr style=""border: 0; border-top: 1px solid #ddd; margin: 12px 0;""><div style=""font-size: 13px; color: #444; line-height: 1.4;""><b style=""color: #111;"">Explicació:</b> La caiguda de pressió és 400 / 4 = 100 bars.</div></div>","T20_-_Equips_de_proteccio_individual_EPI","21731"
"<div style=""text-align: left; font-family: -apple-system, sans-serif;""><div style=""font-size: 11px; color: #888; margin-bottom: 6px;"">[T20 - Equips de protecció individual (EPI)] Pregunta 26</div><div style=""font-weight: bold; font-size: 16px; margin-bottom: 14px; line-height: 1.4;"">Quan es fa una inspecció assistida d’un EPI després d’una intervenció?</div><div style=""font-size: 14px; line-height: 1.6;""><div style=""padding: 5px 0;""><b>A)</b> Quan la gestió al parc ja ha finalitzat i es vol tancar el registre.</div><div style=""padding: 5px 0;""><b>B)</b> Quan la inspecció bàsica ja determina clarament que l’equip és operatiu i net.</div><div style=""padding: 5px 0;""><b>C)</b> Quan l’equip no presenta cap indicador sensorial ni tècnic rellevant.</div><div style=""padding: 5px 0;""><b>D)</b> Quan cal determinar millor l’operativitat de l’equip i el tipus de gestió necessària.</div></div></div>","<div style=""text-align: left; font-family: -apple-system, sans-serif;""><div style=""font-weight: bold; font-size: 16px; color: #10b981; margin-bottom: 8px;"">✓ Resposta Correcta: D</div><div style=""font-size: 14px; margin-bottom: 12px; padding: 10px; background: rgba(16,185,129,0.1); border-radius: 6px; border-left: 4px solid #10b981;"">D) Quan cal determinar millor l’operativitat de l’equip i el tipus de gestió necessària.</div><hr style=""border: 0; border-top: 1px solid #ddd; margin: 12px 0;""><div style=""font-size: 13px; color: #444; line-height: 1.4;""><b style=""color: #111;"">Explicació:</b> La inspecció assistida amplia la valoració quan la inspecció bàsica no és suficient.</div></div>","T20_-_Equips_de_proteccio_individual_EPI","21777"
"<div style=""text-align: left; font-family: -apple-system, sans-serif;""><div style=""font-size: 11px; color: #888; margin-bottom: 6px;"">[T20 - Equips de protecció individual (EPI)] Pregunta 27</div><div style=""font-weight: bold; font-size: 16px; margin-bottom: 14px; line-height: 1.4;"">Quina configuració d’EPI és l’adequada davant flames intenses, alta radiació tèrmica i risc d’esfondrament?</div><div style=""font-size: 14px; line-height: 1.6;""><div style=""padding: 5px 0;""><b>A)</b> EPI lleuger.</div><div style=""padding: 5px 0;""><b>B)</b> EPI lleuger reforçat.</div><div style=""padding: 5px 0;""><b>C)</b> EPI aquàtic.</div><div style=""padding: 5px 0;""><b>D)</b> EPI pesant.</div></div></div>","<div style=""text-align: left; font-family: -apple-system, sans-serif;""><div style=""font-weight: bold; font-size: 16px; color: #10b981; margin-bottom: 8px;"">✓ Resposta Correcta: D</div><div style=""font-size: 14px; margin-bottom: 12px; padding: 10px; background: rgba(16,185,129,0.1); border-radius: 6px; border-left: 4px solid #10b981;"">D) EPI pesant.</div><hr style=""border: 0; border-top: 1px solid #ddd; margin: 12px 0;""><div style=""font-size: 13px; color: #444; line-height: 1.4;""><b style=""color: #111;"">Explicació:</b> L’EPI pesant està destinat a situacions d’alt risc tèrmic i exposició intensa, i també reforça la protecció davant esfondraments o caiguda de materials.</div></div>","T20_-_Equips_de_proteccio_individual_EPI","21653"
"<div style=""text-align: left; font-family: -apple-system, sans-serif;""><div style=""font-size: 11px; color: #888; margin-bottom: 6px;"">[T20 - Equips de protecció individual (EPI)] Pregunta 28</div><div style=""font-weight: bold; font-size: 16px; margin-bottom: 14px; line-height: 1.4;"">Quins elements obligatoris de l’EPI lleuger faciliten il·luminació i comunicació?</div><div style=""font-size: 14px; line-height: 1.6;""><div style=""padding: 5px 0;""><b>A)</b> Llanterna urbana i cinta química.</div><div style=""padding: 5px 0;""><b>B)</b> Llanterna frontal i emissora portàtil.</div><div style=""padding: 5px 0;""><b>C)</b> Visera clara i caputxa ignífuga.</div><div style=""padding: 5px 0;""><b>D)</b> Frontal aquàtic i armilla de flotació.</div></div></div>","<div style=""text-align: left; font-family: -apple-system, sans-serif;""><div style=""font-weight: bold; font-size: 16px; color: #10b981; margin-bottom: 8px;"">✓ Resposta Correcta: B</div><div style=""font-size: 14px; margin-bottom: 12px; padding: 10px; background: rgba(16,185,129,0.1); border-radius: 6px; border-left: 4px solid #10b981;"">B) Llanterna frontal i emissora portàtil.</div><hr style=""border: 0; border-top: 1px solid #ddd; margin: 12px 0;""><div style=""font-size: 13px; color: #444; line-height: 1.4;""><b style=""color: #111;"">Explicació:</b> El nivell lleuger incorpora una llanterna frontal i una emissora portàtil per donar suport a la intervenció.</div></div>","T20_-_Equips_de_proteccio_individual_EPI","21652"
"<div style=""text-align: left; font-family: -apple-system, sans-serif;""><div style=""font-size: 11px; color: #888; margin-bottom: 6px;"">[T20 - Equips de protecció individual (EPI)] Pregunta 29</div><div style=""font-weight: bold; font-size: 16px; margin-bottom: 14px; line-height: 1.4;"">Quines característiques té el visor de la màscara facial de l’ERA?</div><div style=""font-size: 14px; line-height: 1.6;""><div style=""padding: 5px 0;""><b>A)</b> És panoràmic, resistent a impactes i amb tractament antientelament.</div><div style=""padding: 5px 0;""><b>B)</b> És panoràmic, flexible i sense protecció davant impactes.</div><div style=""padding: 5px 0;""><b>C)</b> És reduït, rígid i dissenyat per facilitar l’entrada d’aire exterior.</div><div style=""padding: 5px 0;""><b>D)</b> És opac, resistent a impactes i amb ventilació directa.</div></div></div>","<div style=""text-align: left; font-family: -apple-system, sans-serif;""><div style=""font-weight: bold; font-size: 16px; color: #10b981; margin-bottom: 8px;"">✓ Resposta Correcta: A</div><div style=""font-size: 14px; margin-bottom: 12px; padding: 10px; background: rgba(16,185,129,0.1); border-radius: 6px; border-left: 4px solid #10b981;"">A) És panoràmic, resistent a impactes i amb tractament antientelament.</div><hr style=""border: 0; border-top: 1px solid #ddd; margin: 12px 0;""><div style=""font-size: 13px; color: #444; line-height: 1.4;""><b style=""color: #111;"">Explicació:</b> El visor ha de facilitar la visió i resistir impactes, amb tractament contra l’entelament.</div></div>","T20_-_Equips_de_proteccio_individual_EPI","21698"
"<div style=""text-align: left; font-family: -apple-system, sans-serif;""><div style=""font-size: 11px; color: #888; margin-bottom: 6px;"">[T20 - Equips de protecció individual (EPI)] Pregunta 30</div><div style=""font-weight: bold; font-size: 16px; margin-bottom: 14px; line-height: 1.4;"">Com han de quedar els EPI després de cada ús?</div><div style=""font-size: 14px; line-height: 1.6;""><div style=""padding: 5px 0;""><b>A)</b> Humits i bruts.</div><div style=""padding: 5px 0;""><b>B)</b> Secs però bruts.</div><div style=""padding: 5px 0;""><b>C)</b> Nets i humits.</div><div style=""padding: 5px 0;""><b>D)</b> Nets i secs.</div></div></div>","<div style=""text-align: left; font-family: -apple-system, sans-serif;""><div style=""font-weight: bold; font-size: 16px; color: #10b981; margin-bottom: 8px;"">✓ Resposta Correcta: D</div><div style=""font-size: 14px; margin-bottom: 12px; padding: 10px; background: rgba(16,185,129,0.1); border-radius: 6px; border-left: 4px solid #10b981;"">D) Nets i secs.</div><hr style=""border: 0; border-top: 1px solid #ddd; margin: 12px 0;""><div style=""font-size: 13px; color: #444; line-height: 1.4;""><b style=""color: #111;"">Explicació:</b> La neteja i l’assecat són criteris bàsics de manteniment després de l’ús.</div></div>","T20_-_Equips_de_proteccio_individual_EPI","21762"
"<div style=""text-align: left; font-family: -apple-system, sans-serif;""><div style=""font-size: 11px; color: #888; margin-bottom: 6px;"">[T20 - Equips de protecció individual (EPI)] Pregunta 31</div><div style=""font-weight: bold; font-size: 16px; margin-bottom: 14px; line-height: 1.4;"">Quin requisit addicional de l’EN 469 busca facilitar els moviments del bomber?</div><div style=""font-size: 14px; line-height: 1.6;""><div style=""padding: 5px 0;""><b>A)</b> Ergonomia i llibertat de moviment.</div><div style=""padding: 5px 0;""><b>B)</b> Resistència a la penetració d’aigua.</div><div style=""padding: 5px 0;""><b>C)</b> Visibilitat mitjançant bandes reflectants.</div><div style=""padding: 5px 0;""><b>D)</b> Resistència a l’abrasió i al tall.</div></div></div>","<div style=""text-align: left; font-family: -apple-system, sans-serif;""><div style=""font-weight: bold; font-size: 16px; color: #10b981; margin-bottom: 8px;"">✓ Resposta Correcta: A</div><div style=""font-size: 14px; margin-bottom: 12px; padding: 10px; background: rgba(16,185,129,0.1); border-radius: 6px; border-left: 4px solid #10b981;"">A) Ergonomia i llibertat de moviment.</div><hr style=""border: 0; border-top: 1px solid #ddd; margin: 12px 0;""><div style=""font-size: 13px; color: #444; line-height: 1.4;""><b style=""color: #111;"">Explicació:</b> L’ergonomia i la llibertat de moviment formen part dels requisits addicionals del vestit estructural.</div></div>","T20_-_Equips_de_proteccio_individual_EPI","21614"
"<div style=""text-align: left; font-family: -apple-system, sans-serif;""><div style=""font-size: 11px; color: #888; margin-bottom: 6px;"">[T20 - Equips de protecció individual (EPI)] Pregunta 32</div><div style=""font-weight: bold; font-size: 16px; margin-bottom: 14px; line-height: 1.4;"">Quin escenari encaixa amb l’ús de l’EPI lleuger?</div><div style=""font-size: 14px; line-height: 1.6;""><div style=""padding: 5px 0;""><b>A)</b> Fuita de gas tòxic amb necessitat de vestit encapsulat.</div><div style=""padding: 5px 0;""><b>B)</b> Incendi forestal o assistència tècnica amb riscos moderats.</div><div style=""padding: 5px 0;""><b>C)</b> Rescat en aigües amb risc d’ofegament i hipotèrmia.</div><div style=""padding: 5px 0;""><b>D)</b> Incendi estructural amb exposició directa a flames intenses.</div></div></div>","<div style=""text-align: left; font-family: -apple-system, sans-serif;""><div style=""font-weight: bold; font-size: 16px; color: #10b981; margin-bottom: 8px;"">✓ Resposta Correcta: B</div><div style=""font-size: 14px; margin-bottom: 12px; padding: 10px; background: rgba(16,185,129,0.1); border-radius: 6px; border-left: 4px solid #10b981;"">B) Incendi forestal o assistència tècnica amb riscos moderats.</div><hr style=""border: 0; border-top: 1px solid #ddd; margin: 12px 0;""><div style=""font-size: 13px; color: #444; line-height: 1.4;""><b style=""color: #111;"">Explicació:</b> L’EPI lleuger s’utilitza en incendis forestals, assistències tècniques, rescats urbans i accidents de trànsit.</div></div>","T20_-_Equips_de_proteccio_individual_EPI","21649"
"<div style=""text-align: left; font-family: -apple-system, sans-serif;""><div style=""font-size: 11px; color: #888; margin-bottom: 6px;"">[T20 - Equips de protecció individual (EPI)] Pregunta 33</div><div style=""font-weight: bold; font-size: 16px; margin-bottom: 14px; line-height: 1.4;"">Quina funció té el segellament complet de la màscara facial?</div><div style=""font-size: 14px; line-height: 1.6;""><div style=""padding: 5px 0;""><b>A)</b> Activar l’alarma quan el bomber queda immòbil.</div><div style=""padding: 5px 0;""><b>B)</b> Distribuir el pes de l’ERA sobre les espatlles.</div><div style=""padding: 5px 0;""><b>C)</b> Evitar l’entrada d’aire contaminat.</div><div style=""padding: 5px 0;""><b>D)</b> Evitar la pèrdua de pressió dins l’ampolla.</div></div></div>","<div style=""text-align: left; font-family: -apple-system, sans-serif;""><div style=""font-weight: bold; font-size: 16px; color: #10b981; margin-bottom: 8px;"">✓ Resposta Correcta: C</div><div style=""font-size: 14px; margin-bottom: 12px; padding: 10px; background: rgba(16,185,129,0.1); border-radius: 6px; border-left: 4px solid #10b981;"">C) Evitar l’entrada d’aire contaminat.</div><hr style=""border: 0; border-top: 1px solid #ddd; margin: 12px 0;""><div style=""font-size: 13px; color: #444; line-height: 1.4;""><b style=""color: #111;"">Explicació:</b> El segellament de la màscara separa les vies respiratòries de l’atmosfera contaminada.</div></div>","T20_-_Equips_de_proteccio_individual_EPI","21697"
"<div style=""text-align: left; font-family: -apple-system, sans-serif;""><div style=""font-size: 11px; color: #888; margin-bottom: 6px;"">[T20 - Equips de protecció individual (EPI)] Pregunta 34</div><div style=""font-weight: bold; font-size: 16px; margin-bottom: 14px; line-height: 1.4;"">Quin efecte poden tenir la brutícia o la humitat sobre un EPI?</div><div style=""font-size: 14px; line-height: 1.6;""><div style=""padding: 5px 0;""><b>A)</b> Afectar-ne l’aspecte exterior, però no els materials de protecció.</div><div style=""padding: 5px 0;""><b>B)</b> Reduir-ne la vida útil o comprometre’n la seguretat.</div><div style=""padding: 5px 0;""><b>C)</b> Comprometre’n la comoditat, però no la durabilitat.</div><div style=""padding: 5px 0;""><b>D)</b> Reduir-ne la vida útil, però sense afectar-ne les prestacions de seguretat.</div></div></div>","<div style=""text-align: left; font-family: -apple-system, sans-serif;""><div style=""font-weight: bold; font-size: 16px; color: #10b981; margin-bottom: 8px;"">✓ Resposta Correcta: B</div><div style=""font-size: 14px; margin-bottom: 12px; padding: 10px; background: rgba(16,185,129,0.1); border-radius: 6px; border-left: 4px solid #10b981;"">B) Reduir-ne la vida útil o comprometre’n la seguretat.</div><hr style=""border: 0; border-top: 1px solid #ddd; margin: 12px 0;""><div style=""font-size: 13px; color: #444; line-height: 1.4;""><b style=""color: #111;"">Explicació:</b> La brutícia i la humitat poden degradar els materials i afectar la seguretat.</div></div>","T20_-_Equips_de_proteccio_individual_EPI","21763"
"<div style=""text-align: left; font-family: -apple-system, sans-serif;""><div style=""font-size: 11px; color: #888; margin-bottom: 6px;"">[T20 - Equips de protecció individual (EPI)] Pregunta 35</div><div style=""font-weight: bold; font-size: 16px; margin-bottom: 14px; line-height: 1.4;"">Quina combinació forma una protecció addicional bàsica davant risc biològic?</div><div style=""font-size: 14px; line-height: 1.6;""><div style=""padding: 5px 0;""><b>A)</b> Sotacasc ignífug, guants tèrmics i botes estructurals.</div><div style=""padding: 5px 0;""><b>B)</b> Arnès integral, cinta plana i casc F2.</div><div style=""padding: 5px 0;""><b>C)</b> Guants dielèctrics, catifa aïllant i eines aïllades.</div><div style=""padding: 5px 0;""><b>D)</b> Guants d’un sol ús, ulleres o pantalla facial i mascareta filtrant.</div></div></div>","<div style=""text-align: left; font-family: -apple-system, sans-serif;""><div style=""font-weight: bold; font-size: 16px; color: #10b981; margin-bottom: 8px;"">✓ Resposta Correcta: D</div><div style=""font-size: 14px; margin-bottom: 12px; padding: 10px; background: rgba(16,185,129,0.1); border-radius: 6px; border-left: 4px solid #10b981;"">D) Guants d’un sol ús, ulleres o pantalla facial i mascareta filtrant.</div><hr style=""border: 0; border-top: 1px solid #ddd; margin: 12px 0;""><div style=""font-size: 13px; color: #444; line-height: 1.4;""><b style=""color: #111;"">Explicació:</b> La protecció biològica reforça les barreres de mans, ulls o cara i vies respiratòries per reduir la transmissió.</div></div>","T20_-_Equips_de_proteccio_individual_EPI","21675"
"<div style=""text-align: left; font-family: -apple-system, sans-serif;""><div style=""font-size: 11px; color: #888; margin-bottom: 6px;"">[T20 - Equips de protecció individual (EPI)] Pregunta 36</div><div style=""font-weight: bold; font-size: 16px; margin-bottom: 14px; line-height: 1.4;"">Quin element addicional pot incorporar la màscara facial d’un ERA?</div><div style=""font-size: 14px; line-height: 1.6;""><div style=""padding: 5px 0;""><b>A)</b> Una vàlvula de càrrega de l’ampolla.</div><div style=""padding: 5px 0;""><b>B)</b> Un dipòsit d’aigua de refrigeració.</div><div style=""padding: 5px 0;""><b>C)</b> Un detector de pressió atmosfèrica exterior.</div><div style=""padding: 5px 0;""><b>D)</b> Un sistema de comunicacions integrat.</div></div></div>","<div style=""text-align: left; font-family: -apple-system, sans-serif;""><div style=""font-weight: bold; font-size: 16px; color: #10b981; margin-bottom: 8px;"">✓ Resposta Correcta: D</div><div style=""font-size: 14px; margin-bottom: 12px; padding: 10px; background: rgba(16,185,129,0.1); border-radius: 6px; border-left: 4px solid #10b981;"">D) Un sistema de comunicacions integrat.</div><hr style=""border: 0; border-top: 1px solid #ddd; margin: 12px 0;""><div style=""font-size: 13px; color: #444; line-height: 1.4;""><b style=""color: #111;"">Explicació:</b> La màscara pot integrar un sistema de comunicacions per facilitar la coordinació.</div></div>","T20_-_Equips_de_proteccio_individual_EPI","21699"
"<div style=""text-align: left; font-family: -apple-system, sans-serif;""><div style=""font-size: 11px; color: #888; margin-bottom: 6px;"">[T20 - Equips de protecció individual (EPI)] Pregunta 37</div><div style=""font-weight: bold; font-size: 16px; margin-bottom: 14px; line-height: 1.4;"">Quin problema ajuda a evitar la traçabilitat dels EPI?</div><div style=""font-size: 14px; line-height: 1.6;""><div style=""padding: 5px 0;""><b>A)</b> Les fuites en els circuits pneumàtics.</div><div style=""padding: 5px 0;""><b>B)</b> La humitat residual després de la neteja.</div><div style=""padding: 5px 0;""><b>C)</b> El desgast mecànic produït durant l’ús.</div><div style=""padding: 5px 0;""><b>D)</b> Les confusions entre torns.</div></div></div>","<div style=""text-align: left; font-family: -apple-system, sans-serif;""><div style=""font-weight: bold; font-size: 16px; color: #10b981; margin-bottom: 8px;"">✓ Resposta Correcta: D</div><div style=""font-size: 14px; margin-bottom: 12px; padding: 10px; background: rgba(16,185,129,0.1); border-radius: 6px; border-left: 4px solid #10b981;"">D) Les confusions entre torns.</div><hr style=""border: 0; border-top: 1px solid #ddd; margin: 12px 0;""><div style=""font-size: 13px; color: #444; line-height: 1.4;""><b style=""color: #111;"">Explicació:</b> Un registre clar evita que la informació sobre incidències es perdi entre canvis de torn.</div></div>","T20_-_Equips_de_proteccio_individual_EPI","21761"
"<div style=""text-align: left; font-family: -apple-system, sans-serif;""><div style=""font-size: 11px; color: #888; margin-bottom: 6px;"">[T20 - Equips de protecció individual (EPI)] Pregunta 38</div><div style=""font-weight: bold; font-size: 16px; margin-bottom: 14px; line-height: 1.4;"">En quin escenari s’aplica com a norma de referència l’EN 469?</div><div style=""font-size: 14px; line-height: 1.6;""><div style=""padding: 5px 0;""><b>A)</b> Incendis forestals i entorns naturals amb protecció tèrmica moderada.</div><div style=""padding: 5px 0;""><b>B)</b> Incendis urbans i industrials amb risc tèrmic molt alt.</div><div style=""padding: 5px 0;""><b>C)</b> Assistències tècniques i rescats exteriors amb prioritat de mobilitat.</div><div style=""padding: 5px 0;""><b>D)</b> Treballs forestals prolongats amb necessitat elevada de transpirabilitat.</div></div></div>","<div style=""text-align: left; font-family: -apple-system, sans-serif;""><div style=""font-weight: bold; font-size: 16px; color: #10b981; margin-bottom: 8px;"">✓ Resposta Correcta: B</div><div style=""font-size: 14px; margin-bottom: 12px; padding: 10px; background: rgba(16,185,129,0.1); border-radius: 6px; border-left: 4px solid #10b981;"">B) Incendis urbans i industrials amb risc tèrmic molt alt.</div><hr style=""border: 0; border-top: 1px solid #ddd; margin: 12px 0;""><div style=""font-size: 13px; color: #444; line-height: 1.4;""><b style=""color: #111;"">Explicació:</b> L’EN 469 és la referència per al vestit estructural utilitzat en incendis urbans i industrials amb risc tèrmic molt elevat.</div></div>","T20_-_Equips_de_proteccio_individual_EPI","21608"
"<div style=""text-align: left; font-family: -apple-system, sans-serif;""><div style=""font-size: 11px; color: #888; margin-bottom: 6px;"">[T20 - Equips de protecció individual (EPI)] Pregunta 39</div><div style=""font-weight: bold; font-size: 16px; margin-bottom: 14px; line-height: 1.4;"">Quin avís s’associa als 110 bars de pressió?</div><div style=""font-size: 14px; line-height: 1.6;""><div style=""padding: 5px 0;""><b>A)</b> Un so continu fins als 0 bars.</div><div style=""padding: 5px 0;""><b>B)</b> Dues seqüències «bip-bip».</div><div style=""padding: 5px 0;""><b>C)</b> Una alarma vibratòria sense avís acústic.</div><div style=""padding: 5px 0;""><b>D)</b> Un únic «bip».</div></div></div>","<div style=""text-align: left; font-family: -apple-system, sans-serif;""><div style=""font-weight: bold; font-size: 16px; color: #10b981; margin-bottom: 8px;"">✓ Resposta Correcta: B</div><div style=""font-size: 14px; margin-bottom: 12px; padding: 10px; background: rgba(16,185,129,0.1); border-radius: 6px; border-left: 4px solid #10b981;"">B) Dues seqüències «bip-bip».</div><hr style=""border: 0; border-top: 1px solid #ddd; margin: 12px 0;""><div style=""font-size: 13px; color: #444; line-height: 1.4;""><b style=""color: #111;"">Explicació:</b> Als 110 bars s’indica un segon avís format per dues seqüències de «bip-bip».</div></div>","T20_-_Equips_de_proteccio_individual_EPI","21704"
"<div style=""text-align: left; font-family: -apple-system, sans-serif;""><div style=""font-size: 11px; color: #888; margin-bottom: 6px;"">[T20 - Equips de protecció individual (EPI)] Pregunta 40</div><div style=""font-weight: bold; font-size: 16px; margin-bottom: 14px; line-height: 1.4;"">Com subministra aire el regulador de pressió connectat a la màscara?</div><div style=""font-size: 14px; line-height: 1.6;""><div style=""padding: 5px 0;""><b>A)</b> En activar un comandament.</div><div style=""padding: 5px 0;""><b>B)</b> A demanda, quan el bomber inspira.</div><div style=""padding: 5px 0;""><b>C)</b> A cabal constant.</div><div style=""padding: 5px 0;""><b>D)</b> Per impulsos programats.</div></div></div>","<div style=""text-align: left; font-family: -apple-system, sans-serif;""><div style=""font-weight: bold; font-size: 16px; color: #10b981; margin-bottom: 8px;"">✓ Resposta Correcta: B</div><div style=""font-size: 14px; margin-bottom: 12px; padding: 10px; background: rgba(16,185,129,0.1); border-radius: 6px; border-left: 4px solid #10b981;"">B) A demanda, quan el bomber inspira.</div><hr style=""border: 0; border-top: 1px solid #ddd; margin: 12px 0;""><div style=""font-size: 13px; color: #444; line-height: 1.4;""><b style=""color: #111;"">Explicació:</b> El regulador a demanda aporta aire en resposta a la inspiració del bomber.</div></div>","T20_-_Equips_de_proteccio_individual_EPI","21695"
"<div style=""text-align: left; font-family: -apple-system, sans-serif;""><div style=""font-size: 11px; color: #888; margin-bottom: 6px;"">[T20 - Equips de protecció individual (EPI)] Pregunta 41</div><div style=""font-weight: bold; font-size: 16px; margin-bottom: 14px; line-height: 1.4;"">Què permet planificar el càlcul de consum dins una zona calenta?</div><div style=""font-size: 14px; line-height: 1.6;""><div style=""padding: 5px 0;""><b>A)</b> La durada de les tasques.</div><div style=""padding: 5px 0;""><b>B)</b> La reserva de l’ampolla.</div><div style=""padding: 5px 0;""><b>C)</b> El cabal del regulador.</div><div style=""padding: 5px 0;""><b>D)</b> La pressió de càrrega.</div></div></div>","<div style=""text-align: left; font-family: -apple-system, sans-serif;""><div style=""font-weight: bold; font-size: 16px; color: #10b981; margin-bottom: 8px;"">✓ Resposta Correcta: A</div><div style=""font-size: 14px; margin-bottom: 12px; padding: 10px; background: rgba(16,185,129,0.1); border-radius: 6px; border-left: 4px solid #10b981;"">A) La durada de les tasques.</div><hr style=""border: 0; border-top: 1px solid #ddd; margin: 12px 0;""><div style=""font-size: 13px; color: #444; line-height: 1.4;""><b style=""color: #111;"">Explicació:</b> Conèixer el consum ajuda a limitar la durada del treball a l’aire disponible.</div></div>","T20_-_Equips_de_proteccio_individual_EPI","21716"
"<div style=""text-align: left; font-family: -apple-system, sans-serif;""><div style=""font-size: 11px; color: #888; margin-bottom: 6px;"">[T20 - Equips de protecció individual (EPI)] Pregunta 42</div><div style=""font-weight: bold; font-size: 16px; margin-bottom: 14px; line-height: 1.4;"">De quins contaminants protegeix la protecció respiratòria durant una intervenció?</div><div style=""font-size: 14px; line-height: 1.6;""><div style=""padding: 5px 0;""><b>A)</b> De gasos tòxics, fum, vapors i partícules en suspensió.</div><div style=""padding: 5px 0;""><b>B)</b> De vapors, partícules, radiació solar i calor convectiva.</div><div style=""padding: 5px 0;""><b>C)</b> De fum, vapors, soroll i partícules en suspensió.</div><div style=""padding: 5px 0;""><b>D)</b> De gasos tòxics, fum, calor radiant i partícules en suspensió.</div></div></div>","<div style=""text-align: left; font-family: -apple-system, sans-serif;""><div style=""font-weight: bold; font-size: 16px; color: #10b981; margin-bottom: 8px;"">✓ Resposta Correcta: A</div><div style=""font-size: 14px; margin-bottom: 12px; padding: 10px; background: rgba(16,185,129,0.1); border-radius: 6px; border-left: 4px solid #10b981;"">A) De gasos tòxics, fum, vapors i partícules en suspensió.</div><hr style=""border: 0; border-top: 1px solid #ddd; margin: 12px 0;""><div style=""font-size: 13px; color: #444; line-height: 1.4;""><b style=""color: #111;"">Explicació:</b> La protecció respiratòria evita l’exposició per inhalació a contaminants presents a l’aire.</div></div>","T20_-_Equips_de_proteccio_individual_EPI","21682"
"<div style=""text-align: left; font-family: -apple-system, sans-serif;""><div style=""font-size: 11px; color: #888; margin-bottom: 6px;"">[T20 - Equips de protecció individual (EPI)] Pregunta 43</div><div style=""font-weight: bold; font-size: 16px; margin-bottom: 14px; line-height: 1.4;"">Quin nivell de protecció tèrmica és coherent amb l’EN 15614?</div><div style=""font-size: 14px; line-height: 1.6;""><div style=""padding: 5px 0;""><b>A)</b> Protecció tèrmica baixa limitada a la radiació solar.</div><div style=""padding: 5px 0;""><b>B)</b> Protecció tèrmica molt elevada per a exposició directa prolongada a flames.</div><div style=""padding: 5px 0;""><b>C)</b> Protecció tèrmica elevada equivalent a la del vestit estructural.</div><div style=""padding: 5px 0;""><b>D)</b> Protecció tèrmica moderada adequada a entorns forestals.</div></div></div>","<div style=""text-align: left; font-family: -apple-system, sans-serif;""><div style=""font-weight: bold; font-size: 16px; color: #10b981; margin-bottom: 8px;"">✓ Resposta Correcta: D</div><div style=""font-size: 14px; margin-bottom: 12px; padding: 10px; background: rgba(16,185,129,0.1); border-radius: 6px; border-left: 4px solid #10b981;"">D) Protecció tèrmica moderada adequada a entorns forestals.</div><hr style=""border: 0; border-top: 1px solid #ddd; margin: 12px 0;""><div style=""font-size: 13px; color: #444; line-height: 1.4;""><b style=""color: #111;"">Explicació:</b> La protecció tèrmica del vestit forestal és moderada i compatible amb la mobilitat i la durada de la intervenció.</div></div>","T20_-_Equips_de_proteccio_individual_EPI","21620"
"<div style=""text-align: left; font-family: -apple-system, sans-serif;""><div style=""font-size: 11px; color: #888; margin-bottom: 6px;"">[T20 - Equips de protecció individual (EPI)] Pregunta 44</div><div style=""font-weight: bold; font-size: 16px; margin-bottom: 14px; line-height: 1.4;"">Quin component transforma l’alta pressió de l’ampolla en baixa pressió de treball?</div><div style=""font-size: 14px; line-height: 1.6;""><div style=""padding: 5px 0;""><b>A)</b> El manòmetre.</div><div style=""padding: 5px 0;""><b>B)</b> El regulador de pressió.</div><div style=""padding: 5px 0;""><b>C)</b> La màscara facial.</div><div style=""padding: 5px 0;""><b>D)</b> El reductor de pressió.</div></div></div>","<div style=""text-align: left; font-family: -apple-system, sans-serif;""><div style=""font-weight: bold; font-size: 16px; color: #10b981; margin-bottom: 8px;"">✓ Resposta Correcta: D</div><div style=""font-size: 14px; margin-bottom: 12px; padding: 10px; background: rgba(16,185,129,0.1); border-radius: 6px; border-left: 4px solid #10b981;"">D) El reductor de pressió.</div><hr style=""border: 0; border-top: 1px solid #ddd; margin: 12px 0;""><div style=""font-size: 13px; color: #444; line-height: 1.4;""><b style=""color: #111;"">Explicació:</b> La reducció principal de pressió es fa al reductor de pressió.</div></div>","T20_-_Equips_de_proteccio_individual_EPI","21692"
"<div style=""text-align: left; font-family: -apple-system, sans-serif;""><div style=""font-size: 11px; color: #888; margin-bottom: 6px;"">[T20 - Equips de protecció individual (EPI)] Pregunta 45</div><div style=""font-weight: bold; font-size: 16px; margin-bottom: 14px; line-height: 1.4;"">A més de flames i temperatures elevades, davant de quin risc mecànic reforça la protecció l’EPI pesant?</div><div style=""font-size: 14px; line-height: 1.6;""><div style=""padding: 5px 0;""><b>A)</b> Caigudes al mateix nivell en terreny irregular.</div><div style=""padding: 5px 0;""><b>B)</b> Petits talls superficials durant tasques forestals.</div><div style=""padding: 5px 0;""><b>C)</b> Esfondraments i caiguda de materials.</div><div style=""padding: 5px 0;""><b>D)</b> Impactes lleus de vegetació i abrasions superficials.</div></div></div>","<div style=""text-align: left; font-family: -apple-system, sans-serif;""><div style=""font-weight: bold; font-size: 16px; color: #10b981; margin-bottom: 8px;"">✓ Resposta Correcta: C</div><div style=""font-size: 14px; margin-bottom: 12px; padding: 10px; background: rgba(16,185,129,0.1); border-radius: 6px; border-left: 4px solid #10b981;"">C) Esfondraments i caiguda de materials.</div><hr style=""border: 0; border-top: 1px solid #ddd; margin: 12px 0;""><div style=""font-size: 13px; color: #444; line-height: 1.4;""><b style=""color: #111;"">Explicació:</b> El nivell pesant també protegeix davant riscos mecànics derivats d’esfondraments o caiguda de materials.</div></div>","T20_-_Equips_de_proteccio_individual_EPI","21654"
"<div style=""text-align: left; font-family: -apple-system, sans-serif;""><div style=""font-size: 11px; color: #888; margin-bottom: 6px;"">[T20 - Equips de protecció individual (EPI)] Pregunta 46</div><div style=""font-weight: bold; font-size: 16px; margin-bottom: 14px; line-height: 1.4;"">Quin parell d’equips correspon a protecció davant temperatures extremes de categoria III?</div><div style=""font-size: 14px; line-height: 1.6;""><div style=""padding: 5px 0;""><b>A)</b> Guants de jardineria i calçat lleuger per a agressions mecàniques superficials.</div><div style=""padding: 5px 0;""><b>B)</b> Jaquetó i sobrepantalons d’intervenció, i guants de protecció criogènica.</div><div style=""padding: 5px 0;""><b>C)</b> Protecció auditiva i calçat de seguretat per a riscos de gravetat intermèdia.</div><div style=""padding: 5px 0;""><b>D)</b> Folre polar i jaqueta d’alta visibilitat per a exposició ambiental moderada.</div></div></div>","<div style=""text-align: left; font-family: -apple-system, sans-serif;""><div style=""font-weight: bold; font-size: 16px; color: #10b981; margin-bottom: 8px;"">✓ Resposta Correcta: B</div><div style=""font-size: 14px; margin-bottom: 12px; padding: 10px; background: rgba(16,185,129,0.1); border-radius: 6px; border-left: 4px solid #10b981;"">B) Jaquetó i sobrepantalons d’intervenció, i guants de protecció criogènica.</div><hr style=""border: 0; border-top: 1px solid #ddd; margin: 12px 0;""><div style=""font-size: 13px; color: #444; line-height: 1.4;""><b style=""color: #111;"">Explicació:</b> La categoria III inclou exposicions superiors a 100 °C o inferiors a −50 °C, amb protecció tèrmica o criogènica específica.</div></div>","T20_-_Equips_de_proteccio_individual_EPI","21598"
"<div style=""text-align: left; font-family: -apple-system, sans-serif;""><div style=""font-size: 11px; color: #888; margin-bottom: 6px;"">[T20 - Equips de protecció individual (EPI)] Pregunta 47</div><div style=""font-weight: bold; font-size: 16px; margin-bottom: 14px; line-height: 1.4;"">Quina informació específica aporta el pictograma d’un EPI més enllà de la categoria?</div><div style=""font-size: 14px; line-height: 1.6;""><div style=""padding: 5px 0;""><b>A)</b> La jerarquia operativa del bomber que ha d’utilitzar-lo.</div><div style=""padding: 5px 0;""><b>B)</b> La durada màxima de cada intervenció amb aquell equip.</div><div style=""padding: 5px 0;""><b>C)</b> La gravetat global del risc i la categoria reglamentària de l’equip.</div><div style=""padding: 5px 0;""><b>D)</b> La funció concreta de protecció, com ara tèrmica, química o elèctrica.</div></div></div>","<div style=""text-align: left; font-family: -apple-system, sans-serif;""><div style=""font-weight: bold; font-size: 16px; color: #10b981; margin-bottom: 8px;"">✓ Resposta Correcta: D</div><div style=""font-size: 14px; margin-bottom: 12px; padding: 10px; background: rgba(16,185,129,0.1); border-radius: 6px; border-left: 4px solid #10b981;"">D) La funció concreta de protecció, com ara tèrmica, química o elèctrica.</div><hr style=""border: 0; border-top: 1px solid #ddd; margin: 12px 0;""><div style=""font-size: 13px; color: #444; line-height: 1.4;""><b style=""color: #111;"">Explicació:</b> El pictograma especifica davant de quin risc o funció concreta protegeix l’equip.</div></div>","T20_-_Equips_de_proteccio_individual_EPI","21601"
"<div style=""text-align: left; font-family: -apple-system, sans-serif;""><div style=""font-size: 11px; color: #888; margin-bottom: 6px;"">[T20 - Equips de protecció individual (EPI)] Pregunta 48</div><div style=""font-weight: bold; font-size: 16px; margin-bottom: 14px; line-height: 1.4;"">Un pictograma de vestit químic mostra un recipient que aboca líquid i diverses esquitxades a la part inferior. A quin tipus correspon?</div><div style=""font-size: 14px; line-height: 1.6;""><div style=""padding: 5px 0;""><b>A)</b> Vestit de protecció tipus 1.</div><div style=""padding: 5px 0;""><b>B)</b> Vestit de protecció tipus 6.</div><div style=""padding: 5px 0;""><b>C)</b> Vestit de protecció tipus 3.</div><div style=""padding: 5px 0;""><b>D)</b> Vestit de protecció tipus 5.</div></div></div>","<div style=""text-align: left; font-family: -apple-system, sans-serif;""><div style=""font-weight: bold; font-size: 16px; color: #10b981; margin-bottom: 8px;"">✓ Resposta Correcta: B</div><div style=""font-size: 14px; margin-bottom: 12px; padding: 10px; background: rgba(16,185,129,0.1); border-radius: 6px; border-left: 4px solid #10b981;"">B) Vestit de protecció tipus 6.</div><hr style=""border: 0; border-top: 1px solid #ddd; margin: 12px 0;""><div style=""font-size: 13px; color: #444; line-height: 1.4;""><b style=""color: #111;"">Explicació:</b> El tipus 6 protegeix davant líquids en forma d’esquitxades i el pictograma representa aquesta situació.</div></div>","T20_-_Equips_de_proteccio_individual_EPI","21672"
"<div style=""text-align: left; font-family: -apple-system, sans-serif;""><div style=""font-size: 11px; color: #888; margin-bottom: 6px;"">[T20 - Equips de protecció individual (EPI)] Pregunta 49</div><div style=""font-weight: bold; font-size: 16px; margin-bottom: 14px; line-height: 1.4;"">Quin conjunt de resistències s’associa al calçat regulat per l’EN 15090?</div><div style=""font-size: 14px; line-height: 1.6;""><div style=""padding: 5px 0;""><b>A)</b> Gasos, vapors, pressió positiva i radioactivitat.</div><div style=""padding: 5px 0;""><b>B)</b> Tall, calor, penetració i combustibles.</div><div style=""padding: 5px 0;""><b>C)</b> Impactes facials, electricitat estàtica i microorganismes.</div><div style=""padding: 5px 0;""><b>D)</b> Fred, flotabilitat, radiació solar i soroll.</div></div></div>","<div style=""text-align: left; font-family: -apple-system, sans-serif;""><div style=""font-weight: bold; font-size: 16px; color: #10b981; margin-bottom: 8px;"">✓ Resposta Correcta: B</div><div style=""font-size: 14px; margin-bottom: 12px; padding: 10px; background: rgba(16,185,129,0.1); border-radius: 6px; border-left: 4px solid #10b981;"">B) Tall, calor, penetració i combustibles.</div><hr style=""border: 0; border-top: 1px solid #ddd; margin: 12px 0;""><div style=""font-size: 13px; color: #444; line-height: 1.4;""><b style=""color: #111;"">Explicació:</b> L’EN 15090 inclou requisits de resistència al tall, la calor, la penetració i els combustibles.</div></div>","T20_-_Equips_de_proteccio_individual_EPI","21627"
"<div style=""text-align: left; font-family: -apple-system, sans-serif;""><div style=""font-size: 11px; color: #888; margin-bottom: 6px;"">[T20 - Equips de protecció individual (EPI)] Pregunta 50</div><div style=""font-weight: bold; font-size: 16px; margin-bottom: 14px; line-height: 1.4;"">Si hi ha 1.200 L disponibles per al treball i el consum és de 40 L/min, quina autonomia operativa hi ha?</div><div style=""font-size: 14px; line-height: 1.6;""><div style=""padding: 5px 0;""><b>A)</b> 40 minuts.</div><div style=""padding: 5px 0;""><b>B)</b> 50 minuts.</div><div style=""padding: 5px 0;""><b>C)</b> 30 minuts.</div><div style=""padding: 5px 0;""><b>D)</b> 20 minuts.</div></div></div>","<div style=""text-align: left; font-family: -apple-system, sans-serif;""><div style=""font-weight: bold; font-size: 16px; color: #10b981; margin-bottom: 8px;"">✓ Resposta Correcta: C</div><div style=""font-size: 14px; margin-bottom: 12px; padding: 10px; background: rgba(16,185,129,0.1); border-radius: 6px; border-left: 4px solid #10b981;"">C) 30 minuts.</div><hr style=""border: 0; border-top: 1px solid #ddd; margin: 12px 0;""><div style=""font-size: 13px; color: #444; line-height: 1.4;""><b style=""color: #111;"">Explicació:</b> L’autonomia és 1.200 / 40 = 30 minuts.</div></div>","T20_-_Equips_de_proteccio_individual_EPI","21740"
"<div style=""text-align: left; font-family: -apple-system, sans-serif;""><div style=""font-size: 11px; color: #888; margin-bottom: 6px;"">[T20 - Equips de protecció individual (EPI)] Pregunta 51</div><div style=""font-weight: bold; font-size: 16px; margin-bottom: 14px; line-height: 1.4;"">Quan s’estableix una gestió avançada o fora de parc d’un EPI?</div><div style=""font-size: 14px; line-height: 1.6;""><div style=""padding: 5px 0;""><b>A)</b> Quan calen maquinària, coneixements o habilitats específiques que no hi ha al parc.</div><div style=""padding: 5px 0;""><b>B)</b> Quan el material es pot gestionar a la zona bruta amb els procediments habituals.</div><div style=""padding: 5px 0;""><b>C)</b> Quan la inspecció indica que la gestió in situ ha estat suficient.</div><div style=""padding: 5px 0;""><b>D)</b> Quan l’equip requereix una neteja ordinària amb els mitjans disponibles al parc.</div></div></div>","<div style=""text-align: left; font-family: -apple-system, sans-serif;""><div style=""font-weight: bold; font-size: 16px; color: #10b981; margin-bottom: 8px;"">✓ Resposta Correcta: A</div><div style=""font-size: 14px; margin-bottom: 12px; padding: 10px; background: rgba(16,185,129,0.1); border-radius: 6px; border-left: 4px solid #10b981;"">A) Quan calen maquinària, coneixements o habilitats específiques que no hi ha al parc.</div><hr style=""border: 0; border-top: 1px solid #ddd; margin: 12px 0;""><div style=""font-size: 13px; color: #444; line-height: 1.4;""><b style=""color: #111;"">Explicació:</b> La gestió avançada s’utilitza quan el parc no disposa dels mitjans o competències necessaris; pot afectar, per exemple, màscares o vestuari estructural molt contaminat.</div></div>","T20_-_Equips_de_proteccio_individual_EPI","21783"
"<div style=""text-align: left; font-family: -apple-system, sans-serif;""><div style=""font-size: 11px; color: #888; margin-bottom: 6px;"">[T20 - Equips de protecció individual (EPI)] Pregunta 52</div><div style=""font-weight: bold; font-size: 16px; margin-bottom: 14px; line-height: 1.4;"">Quan correspon fer la gestió d’un EPI al parc?</div><div style=""font-size: 14px; line-height: 1.6;""><div style=""padding: 5px 0;""><b>A)</b> Quan la gestió in situ no ha estat possible o suficient i els indicadors ho permeten.</div><div style=""padding: 5px 0;""><b>B)</b> Quan l’equip no ha estat exposat i no necessita gestió addicional.</div><div style=""padding: 5px 0;""><b>C)</b> Quan els indicadors obliguen a una gestió avançada fora de parc.</div><div style=""padding: 5px 0;""><b>D)</b> Quan la gestió in situ ha estat suficient i l’equip ja és operatiu.</div></div></div>","<div style=""text-align: left; font-family: -apple-system, sans-serif;""><div style=""font-weight: bold; font-size: 16px; color: #10b981; margin-bottom: 8px;"">✓ Resposta Correcta: A</div><div style=""font-size: 14px; margin-bottom: 12px; padding: 10px; background: rgba(16,185,129,0.1); border-radius: 6px; border-left: 4px solid #10b981;"">A) Quan la gestió in situ no ha estat possible o suficient i els indicadors ho permeten.</div><hr style=""border: 0; border-top: 1px solid #ddd; margin: 12px 0;""><div style=""font-size: 13px; color: #444; line-height: 1.4;""><b style=""color: #111;"">Explicació:</b> La gestió al parc és el pas següent quan la gestió in situ no resol la situació i els indicadors ho permeten.</div></div>","T20_-_Equips_de_proteccio_individual_EPI","21781"
"<div style=""text-align: left; font-family: -apple-system, sans-serif;""><div style=""font-size: 11px; color: #888; margin-bottom: 6px;"">[T20 - Equips de protecció individual (EPI)] Pregunta 53</div><div style=""font-weight: bold; font-size: 16px; margin-bottom: 14px; line-height: 1.4;"">Quina limitació tèrmica presenta el casc lleuger respecte del casc pesant?</div><div style=""font-size: 14px; line-height: 1.6;""><div style=""padding: 5px 0;""><b>A)</b> Ofereix protecció davant calor radiant moderada i flames estructurals intenses.</div><div style=""padding: 5px 0;""><b>B)</b> Ofereix protecció davant flames intenses equivalent a la del casc pesant.</div><div style=""padding: 5px 0;""><b>C)</b> Ofereix protecció davant calor radiant moderada, però no està destinat a flames intenses.</div><div style=""padding: 5px 0;""><b>D)</b> Prioritza la ventilació, però no proporciona protecció significativa davant impactes.</div></div></div>","<div style=""text-align: left; font-family: -apple-system, sans-serif;""><div style=""font-weight: bold; font-size: 16px; color: #10b981; margin-bottom: 8px;"">✓ Resposta Correcta: C</div><div style=""font-size: 14px; margin-bottom: 12px; padding: 10px; background: rgba(16,185,129,0.1); border-radius: 6px; border-left: 4px solid #10b981;"">C) Ofereix protecció davant calor radiant moderada, però no està destinat a flames intenses.</div><hr style=""border: 0; border-top: 1px solid #ddd; margin: 12px 0;""><div style=""font-size: 13px; color: #444; line-height: 1.4;""><b style=""color: #111;"">Explicació:</b> El casc lleuger protegeix davant impactes i calor radiant moderada, però no substitueix el casc pesant en foc intens.</div></div>","T20_-_Equips_de_proteccio_individual_EPI","21636"
"<div style=""text-align: left; font-family: -apple-system, sans-serif;""><div style=""font-size: 11px; color: #888; margin-bottom: 6px;"">[T20 - Equips de protecció individual (EPI)] Pregunta 54</div><div style=""font-weight: bold; font-size: 16px; margin-bottom: 14px; line-height: 1.4;"">Quina actuació s’ha d’iniciar quan l’ERA arriba als 110 bars?</div><div style=""font-size: 14px; line-height: 1.6;""><div style=""padding: 5px 0;""><b>A)</b> La desconnexió de la màscara facial.</div><div style=""padding: 5px 0;""><b>B)</b> La sortida de la zona calenta.</div><div style=""padding: 5px 0;""><b>C)</b> La recàrrega de l’ampolla dins la zona de risc.</div><div style=""padding: 5px 0;""><b>D)</b> L’entrada a la zona calenta.</div></div></div>","<div style=""text-align: left; font-family: -apple-system, sans-serif;""><div style=""font-weight: bold; font-size: 16px; color: #10b981; margin-bottom: 8px;"">✓ Resposta Correcta: B</div><div style=""font-size: 14px; margin-bottom: 12px; padding: 10px; background: rgba(16,185,129,0.1); border-radius: 6px; border-left: 4px solid #10b981;"">B) La sortida de la zona calenta.</div><hr style=""border: 0; border-top: 1px solid #ddd; margin: 12px 0;""><div style=""font-size: 13px; color: #444; line-height: 1.4;""><b style=""color: #111;"">Explicació:</b> Els 110 bars marquen el moment d’iniciar la retirada de la zona calenta.</div></div>","T20_-_Equips_de_proteccio_individual_EPI","21705"
"<div style=""text-align: left; font-family: -apple-system, sans-serif;""><div style=""font-size: 11px; color: #888; margin-bottom: 6px;"">[T20 - Equips de protecció individual (EPI)] Pregunta 55</div><div style=""font-weight: bold; font-size: 16px; margin-bottom: 14px; line-height: 1.4;"">Com afecta l’esforç físic al consum personal d’aire?</div><div style=""font-size: 14px; line-height: 1.6;""><div style=""padding: 5px 0;""><b>A)</b> El consum pot variar segons l’esforç sigui lleu, moderat o intens.</div><div style=""padding: 5px 0;""><b>B)</b> El consum es manté igual amb esforç lleu, moderat o intens.</div><div style=""padding: 5px 0;""><b>C)</b> El consum varia principalment amb la pressió inicial de l’ampolla.</div><div style=""padding: 5px 0;""><b>D)</b> El consum disminueix a mesura que l’esforç passa de lleu a intens.</div></div></div>","<div style=""text-align: left; font-family: -apple-system, sans-serif;""><div style=""font-weight: bold; font-size: 16px; color: #10b981; margin-bottom: 8px;"">✓ Resposta Correcta: A</div><div style=""font-size: 14px; margin-bottom: 12px; padding: 10px; background: rgba(16,185,129,0.1); border-radius: 6px; border-left: 4px solid #10b981;"">A) El consum pot variar segons l’esforç sigui lleu, moderat o intens.</div><hr style=""border: 0; border-top: 1px solid #ddd; margin: 12px 0;""><div style=""font-size: 13px; color: #444; line-height: 1.4;""><b style=""color: #111;"">Explicació:</b> La intensitat de l’esforç és un dels factors que fan variar el consum personal.</div></div>","T20_-_Equips_de_proteccio_individual_EPI","21723"
"<div style=""text-align: left; font-family: -apple-system, sans-serif;""><div style=""font-size: 11px; color: #888; margin-bottom: 6px;"">[T20 - Equips de protecció individual (EPI)] Pregunta 56</div><div style=""font-weight: bold; font-size: 16px; margin-bottom: 14px; line-height: 1.4;"">Quins valors reforça la revisió diària dins la cultura de seguretat?</div><div style=""font-size: 14px; line-height: 1.6;""><div style=""padding: 5px 0;""><b>A)</b> Flexibilitat, rapidesa i competitivitat.</div><div style=""padding: 5px 0;""><b>B)</b> Disciplina, responsabilitat i professionalitat.</div><div style=""padding: 5px 0;""><b>C)</b> Improvisació, simplificació i rapidesa.</div><div style=""padding: 5px 0;""><b>D)</b> Rapidesa, improvisació i autonomia.</div></div></div>","<div style=""text-align: left; font-family: -apple-system, sans-serif;""><div style=""font-weight: bold; font-size: 16px; color: #10b981; margin-bottom: 8px;"">✓ Resposta Correcta: B</div><div style=""font-size: 14px; margin-bottom: 12px; padding: 10px; background: rgba(16,185,129,0.1); border-radius: 6px; border-left: 4px solid #10b981;"">B) Disciplina, responsabilitat i professionalitat.</div><hr style=""border: 0; border-top: 1px solid #ddd; margin: 12px 0;""><div style=""font-size: 13px; color: #444; line-height: 1.4;""><b style=""color: #111;"">Explicació:</b> La revisió diària reforça hàbits professionals vinculats a la disciplina i la responsabilitat.</div></div>","T20_-_Equips_de_proteccio_individual_EPI","21772"
"<div style=""text-align: left; font-family: -apple-system, sans-serif;""><div style=""font-size: 11px; color: #888; margin-bottom: 6px;"">[T20 - Equips de protecció individual (EPI)] Pregunta 57</div><div style=""font-weight: bold; font-size: 16px; margin-bottom: 14px; line-height: 1.4;"">Un pictograma de vestit químic mostra una pluja fina de múltiples gotes que cau des de la part superior de l’escut. A quin tipus correspon?</div><div style=""font-size: 14px; line-height: 1.6;""><div style=""padding: 5px 0;""><b>A)</b> Vestit de protecció tipus 6.</div><div style=""padding: 5px 0;""><b>B)</b> Vestit de protecció tipus 3.</div><div style=""padding: 5px 0;""><b>C)</b> Vestit de protecció tipus 5.</div><div style=""padding: 5px 0;""><b>D)</b> Vestit de protecció tipus 4.</div></div></div>","<div style=""text-align: left; font-family: -apple-system, sans-serif;""><div style=""font-weight: bold; font-size: 16px; color: #10b981; margin-bottom: 8px;"">✓ Resposta Correcta: D</div><div style=""font-size: 14px; margin-bottom: 12px; padding: 10px; background: rgba(16,185,129,0.1); border-radius: 6px; border-left: 4px solid #10b981;"">D) Vestit de protecció tipus 4.</div><hr style=""border: 0; border-top: 1px solid #ddd; margin: 12px 0;""><div style=""font-size: 13px; color: #444; line-height: 1.4;""><b style=""color: #111;"">Explicació:</b> El tipus 4 és hermètic a líquids aplicats en forma d’esprai.</div></div>","T20_-_Equips_de_proteccio_individual_EPI","21670"
"<div style=""text-align: left; font-family: -apple-system, sans-serif;""><div style=""font-size: 11px; color: #888; margin-bottom: 6px;"">[T20 - Equips de protecció individual (EPI)] Pregunta 58</div><div style=""font-weight: bold; font-size: 16px; margin-bottom: 14px; line-height: 1.4;"">Quin factor personal s’ha de considerar en el càlcul del consum d’aire?</div><div style=""font-size: 14px; line-height: 1.6;""><div style=""padding: 5px 0;""><b>A)</b> La reserva mínima i el temps estimat de recorregut.</div><div style=""padding: 5px 0;""><b>B)</b> La condició física i l’esforç realitzat.</div><div style=""padding: 5px 0;""><b>C)</b> La capacitat volumètrica i la pressió de càrrega.</div><div style=""padding: 5px 0;""><b>D)</b> La pressió inicial i la pressió final de l’ampolla.</div></div></div>","<div style=""text-align: left; font-family: -apple-system, sans-serif;""><div style=""font-weight: bold; font-size: 16px; color: #10b981; margin-bottom: 8px;"">✓ Resposta Correcta: B</div><div style=""font-size: 14px; margin-bottom: 12px; padding: 10px; background: rgba(16,185,129,0.1); border-radius: 6px; border-left: 4px solid #10b981;"">B) La condició física i l’esforç realitzat.</div><hr style=""border: 0; border-top: 1px solid #ddd; margin: 12px 0;""><div style=""font-size: 13px; color: #444; line-height: 1.4;""><b style=""color: #111;"">Explicació:</b> El consum varia amb la condició física del bomber i la intensitat de l’esforç.</div></div>","T20_-_Equips_de_proteccio_individual_EPI","21718"
"<div style=""text-align: left; font-family: -apple-system, sans-serif;""><div style=""font-size: 11px; color: #888; margin-bottom: 6px;"">[T20 - Equips de protecció individual (EPI)] Pregunta 59</div><div style=""font-weight: bold; font-size: 16px; margin-bottom: 14px; line-height: 1.4;"">Quin efecte té un manteniment adequat sobre la vida útil dels equips?</div><div style=""font-size: 14px; line-height: 1.6;""><div style=""padding: 5px 0;""><b>A)</b> Manté la vida útil, però obliga a substituir els equips amb més freqüència.</div><div style=""padding: 5px 0;""><b>B)</b> Redueix el desgast, però augmenta els costos de reposició preventiva.</div><div style=""padding: 5px 0;""><b>C)</b> Retarda els desgasts i redueix costos de reposició.</div><div style=""padding: 5px 0;""><b>D)</b> Retarda els desgasts, però no influeix en la necessitat de reposicions.</div></div></div>","<div style=""text-align: left; font-family: -apple-system, sans-serif;""><div style=""font-weight: bold; font-size: 16px; color: #10b981; margin-bottom: 8px;"">✓ Resposta Correcta: C</div><div style=""font-size: 14px; margin-bottom: 12px; padding: 10px; background: rgba(16,185,129,0.1); border-radius: 6px; border-left: 4px solid #10b981;"">C) Retarda els desgasts i redueix costos de reposició.</div><hr style=""border: 0; border-top: 1px solid #ddd; margin: 12px 0;""><div style=""font-size: 13px; color: #444; line-height: 1.4;""><b style=""color: #111;"">Explicació:</b> El manteniment adequat conserva millor el material i redueix la necessitat de reposicions prematures.</div></div>","T20_-_Equips_de_proteccio_individual_EPI","21771"
"<div style=""text-align: left; font-family: -apple-system, sans-serif;""><div style=""font-size: 11px; color: #888; margin-bottom: 6px;"">[T20 - Equips de protecció individual (EPI)] Pregunta 60</div><div style=""font-weight: bold; font-size: 16px; margin-bottom: 14px; line-height: 1.4;"">En una intervenció NRBQ, quin element d’informació del vestit químic requereix una atenció especial?</div><div style=""font-size: 14px; line-height: 1.6;""><div style=""padding: 5px 0;""><b>A)</b> La categoria de l’EPI indicada a l’etiqueta.</div><div style=""padding: 5px 0;""><b>B)</b> La informació de l’etiqueta sobre la permeabilitat de l’equip.</div><div style=""padding: 5px 0;""><b>C)</b> La talla i l’ajust nominal indicats a l’etiqueta.</div><div style=""padding: 5px 0;""><b>D)</b> El pictograma general de protecció química de l’equip.</div></div></div>","<div style=""text-align: left; font-family: -apple-system, sans-serif;""><div style=""font-weight: bold; font-size: 16px; color: #10b981; margin-bottom: 8px;"">✓ Resposta Correcta: B</div><div style=""font-size: 14px; margin-bottom: 12px; padding: 10px; background: rgba(16,185,129,0.1); border-radius: 6px; border-left: 4px solid #10b981;"">B) La informació de l’etiqueta sobre la permeabilitat de l’equip.</div><hr style=""border: 0; border-top: 1px solid #ddd; margin: 12px 0;""><div style=""font-size: 13px; color: #444; line-height: 1.4;""><b style=""color: #111;"">Explicació:</b> Les etiquetes de permeabilitat són especialment rellevants per seleccionar adequadament la protecció en intervencions NRBQ.</div></div>","T20_-_Equips_de_proteccio_individual_EPI","21673"
"<div style=""text-align: left; font-family: -apple-system, sans-serif;""><div style=""font-size: 11px; color: #888; margin-bottom: 6px;"">[T20 - Equips de protecció individual (EPI)] Pregunta 61</div><div style=""font-weight: bold; font-size: 16px; margin-bottom: 14px; line-height: 1.4;"">En quin conjunt d’intervencions s’indica l’ús obligatori de l’ERA?</div><div style=""font-size: 14px; line-height: 1.6;""><div style=""padding: 5px 0;""><b>A)</b> Incendis, fuites químiques, atmosferes explosives i espais confinats.</div><div style=""padding: 5px 0;""><b>B)</b> Assistències tècniques en aire net, controls preventius i treballs logístics.</div><div style=""padding: 5px 0;""><b>C)</b> Incendis amb atmosfera respirable, assistències exteriors i treballs en alçada.</div><div style=""padding: 5px 0;""><b>D)</b> Incendis sense fum, rescats tècnics ventilats i treballs forestals a l’exterior.</div></div></div>","<div style=""text-align: left; font-family: -apple-system, sans-serif;""><div style=""font-weight: bold; font-size: 16px; color: #10b981; margin-bottom: 8px;"">✓ Resposta Correcta: A</div><div style=""font-size: 14px; margin-bottom: 12px; padding: 10px; background: rgba(16,185,129,0.1); border-radius: 6px; border-left: 4px solid #10b981;"">A) Incendis, fuites químiques, atmosferes explosives i espais confinats.</div><hr style=""border: 0; border-top: 1px solid #ddd; margin: 12px 0;""><div style=""font-size: 13px; color: #444; line-height: 1.4;""><b style=""color: #111;"">Explicació:</b> L’ERA s’indica en intervencions on l’atmosfera pot ser perillosa, contaminada o deficient en oxigen.</div></div>","T20_-_Equips_de_proteccio_individual_EPI","21683"
"<div style=""text-align: left; font-family: -apple-system, sans-serif;""><div style=""font-size: 11px; color: #888; margin-bottom: 6px;"">[T20 - Equips de protecció individual (EPI)] Pregunta 62</div><div style=""font-weight: bold; font-size: 16px; margin-bottom: 14px; line-height: 1.4;"">Quin conjunt de complements és específic per treballar prop de línies o equips electrificats?</div><div style=""font-size: 14px; line-height: 1.6;""><div style=""padding: 5px 0;""><b>A)</b> Vestit tipus 5/6, botes de cautxú, guants de nitril i FFP3.</div><div style=""padding: 5px 0;""><b>B)</b> Guants i botes dielèctrics, catifes aïllants i eines amb aïllament homologat.</div><div style=""padding: 5px 0;""><b>C)</b> Parka d’alta visibilitat, folre polar, protector de coll i gorra hivernal.</div><div style=""padding: 5px 0;""><b>D)</b> Guants antitall, canyelleres, casc de motoserra i pantalons antitall.</div></div></div>","<div style=""text-align: left; font-family: -apple-system, sans-serif;""><div style=""font-weight: bold; font-size: 16px; color: #10b981; margin-bottom: 8px;"">✓ Resposta Correcta: B</div><div style=""font-size: 14px; margin-bottom: 12px; padding: 10px; background: rgba(16,185,129,0.1); border-radius: 6px; border-left: 4px solid #10b981;"">B) Guants i botes dielèctrics, catifes aïllants i eines amb aïllament homologat.</div><hr style=""border: 0; border-top: 1px solid #ddd; margin: 12px 0;""><div style=""font-size: 13px; color: #444; line-height: 1.4;""><b style=""color: #111;"">Explicació:</b> Aquests elements aïllants minimitzen el risc d’electrocució i de cremades per descàrregues.</div></div>","T20_-_Equips_de_proteccio_individual_EPI","21676"
"<div style=""text-align: left; font-family: -apple-system, sans-serif;""><div style=""font-size: 11px; color: #888; margin-bottom: 6px;"">[T20 - Equips de protecció individual (EPI)] Pregunta 63</div><div style=""font-weight: bold; font-size: 16px; margin-bottom: 14px; line-height: 1.4;"">Quin equilibri de prestacions busca el vestuari EN 15614?</div><div style=""font-size: 14px; line-height: 1.6;""><div style=""padding: 5px 0;""><b>A)</b> Protecció davant flama intensa prolongada, amb baixa transpirabilitat.</div><div style=""padding: 5px 0;""><b>B)</b> Protecció davant flama breu, calor radiant i brases, amb lleugeresa i transpirabilitat.</div><div style=""padding: 5px 0;""><b>C)</b> Protecció davant flama breu i brases amb màxima impermeabilitat i pes.</div><div style=""padding: 5px 0;""><b>D)</b> Protecció davant calor radiant moderada, però sense resistència a brases.</div></div></div>","<div style=""text-align: left; font-family: -apple-system, sans-serif;""><div style=""font-weight: bold; font-size: 16px; color: #10b981; margin-bottom: 8px;"">✓ Resposta Correcta: B</div><div style=""font-size: 14px; margin-bottom: 12px; padding: 10px; background: rgba(16,185,129,0.1); border-radius: 6px; border-left: 4px solid #10b981;"">B) Protecció davant flama breu, calor radiant i brases, amb lleugeresa i transpirabilitat.</div><hr style=""border: 0; border-top: 1px solid #ddd; margin: 12px 0;""><div style=""font-size: 13px; color: #444; line-height: 1.4;""><b style=""color: #111;"">Explicació:</b> En l’àmbit forestal cal combinar protecció tèrmica moderada amb lleugeresa i transpirabilitat per a jornades llargues.</div></div>","T20_-_Equips_de_proteccio_individual_EPI","21617"
"<div style=""text-align: left; font-family: -apple-system, sans-serif;""><div style=""font-size: 11px; color: #888; margin-bottom: 6px;"">[T20 - Equips de protecció individual (EPI)] Pregunta 64</div><div style=""font-weight: bold; font-size: 16px; margin-bottom: 14px; line-height: 1.4;"">Per a què està dissenyada la caputxa de rescat?</div><div style=""font-size: 14px; line-height: 1.6;""><div style=""padding: 5px 0;""><b>A)</b> Per protegir una víctima durant una permanència prolongada a la zona calenta.</div><div style=""padding: 5px 0;""><b>B)</b> Per evacuar víctimes en atmosferes amb fum o manca d’oxigen.</div><div style=""padding: 5px 0;""><b>C)</b> Per mantenir un bomber treballant quan el seu ERA s’ha esgotat.</div><div style=""padding: 5px 0;""><b>D)</b> Per evacuar víctimes en atmosfera respirable que necessiten protecció mecànica.</div></div></div>","<div style=""text-align: left; font-family: -apple-system, sans-serif;""><div style=""font-weight: bold; font-size: 16px; color: #10b981; margin-bottom: 8px;"">✓ Resposta Correcta: B</div><div style=""font-size: 14px; margin-bottom: 12px; padding: 10px; background: rgba(16,185,129,0.1); border-radius: 6px; border-left: 4px solid #10b981;"">B) Per evacuar víctimes en atmosferes amb fum o manca d’oxigen.</div><hr style=""border: 0; border-top: 1px solid #ddd; margin: 12px 0;""><div style=""font-size: 13px; color: #444; line-height: 1.4;""><b style=""color: #111;"">Explicació:</b> La caputxa és un element de protecció respiratòria destinat a l’evacuació de víctimes.</div></div>","T20_-_Equips_de_proteccio_individual_EPI","21745"
"<div style=""text-align: left; font-family: -apple-system, sans-serif;""><div style=""font-size: 11px; color: #888; margin-bottom: 6px;"">[T20 - Equips de protecció individual (EPI)] Pregunta 65</div><div style=""font-weight: bold; font-size: 16px; margin-bottom: 14px; line-height: 1.4;"">Quin conjunt és específic per reforçar la protecció en treballs amb risc de tall per motoserra?</div><div style=""font-size: 14px; line-height: 1.6;""><div style=""padding: 5px 0;""><b>A)</b> Pantalons antitall, canyelleres, casc de motoserra i guants antitall.</div><div style=""padding: 5px 0;""><b>B)</b> Vestit tipus 5/6, botes de cautxú, guants de nitril i FFP3.</div><div style=""padding: 5px 0;""><b>C)</b> Vestit de neoprè, aletes, ulleres de natació i tub.</div><div style=""padding: 5px 0;""><b>D)</b> Jaquetó estructural, sobrepantaló, sotacasc i botes de cuir.</div></div></div>","<div style=""text-align: left; font-family: -apple-system, sans-serif;""><div style=""font-weight: bold; font-size: 16px; color: #10b981; margin-bottom: 8px;"">✓ Resposta Correcta: A</div><div style=""font-size: 14px; margin-bottom: 12px; padding: 10px; background: rgba(16,185,129,0.1); border-radius: 6px; border-left: 4px solid #10b981;"">A) Pantalons antitall, canyelleres, casc de motoserra i guants antitall.</div><hr style=""border: 0; border-top: 1px solid #ddd; margin: 12px 0;""><div style=""font-size: 13px; color: #444; line-height: 1.4;""><b style=""color: #111;"">Explicació:</b> La protecció davant eines de tall requereix peces antitall i protecció específica de cap, cara, oïda i mans.</div></div>","T20_-_Equips_de_proteccio_individual_EPI","21662"
"<div style=""text-align: left; font-family: -apple-system, sans-serif;""><div style=""font-size: 11px; color: #888; margin-bottom: 6px;"">[T20 - Equips de protecció individual (EPI)] Pregunta 66</div><div style=""font-weight: bold; font-size: 16px; margin-bottom: 14px; line-height: 1.4;"">Davant d’agressions químiques o radiacions ionitzants, quina categoria d’EPI correspon?</div><div style=""font-size: 14px; line-height: 1.6;""><div style=""padding: 5px 0;""><b>A)</b> Categoria I, pròpia dels riscos mínims i lleus.</div><div style=""padding: 5px 0;""><b>B)</b> Categoria I o II, segons el tipus de protecció.</div><div style=""padding: 5px 0;""><b>C)</b> Categoria II, pròpia dels riscos de gravetat mitjana.</div><div style=""padding: 5px 0;""><b>D)</b> Categoria III, pròpia dels riscos greus o irreversibles.</div></div></div>","<div style=""text-align: left; font-family: -apple-system, sans-serif;""><div style=""font-weight: bold; font-size: 16px; color: #10b981; margin-bottom: 8px;"">✓ Resposta Correcta: D</div><div style=""font-size: 14px; margin-bottom: 12px; padding: 10px; background: rgba(16,185,129,0.1); border-radius: 6px; border-left: 4px solid #10b981;"">D) Categoria III, pròpia dels riscos greus o irreversibles.</div><hr style=""border: 0; border-top: 1px solid #ddd; margin: 12px 0;""><div style=""font-size: 13px; color: #444; line-height: 1.4;""><b style=""color: #111;"">Explicació:</b> Les agressions químiques i les radiacions ionitzants s’inclouen entre els riscos greus protegits per EPI de categoria III.</div></div>","T20_-_Equips_de_proteccio_individual_EPI","21599"
"<div style=""text-align: left; font-family: -apple-system, sans-serif;""><div style=""font-size: 11px; color: #888; margin-bottom: 6px;"">[T20 - Equips de protecció individual (EPI)] Pregunta 67</div><div style=""font-weight: bold; font-size: 16px; margin-bottom: 14px; line-height: 1.4;"">En el marcatge d’un EPI, un escut amb llengües ascendents pròpies d’una combustió identifica quina funció?</div><div style=""font-size: 14px; line-height: 1.6;""><div style=""padding: 5px 0;""><b>A)</b> Protecció davant del fred.</div><div style=""padding: 5px 0;""><b>B)</b> Protecció davant de microorganismes.</div><div style=""padding: 5px 0;""><b>C)</b> Protecció davant de foc i calor.</div><div style=""padding: 5px 0;""><b>D)</b> Protecció davant d’electricitat estàtica.</div></div></div>","<div style=""text-align: left; font-family: -apple-system, sans-serif;""><div style=""font-weight: bold; font-size: 16px; color: #10b981; margin-bottom: 8px;"">✓ Resposta Correcta: C</div><div style=""font-size: 14px; margin-bottom: 12px; padding: 10px; background: rgba(16,185,129,0.1); border-radius: 6px; border-left: 4px solid #10b981;"">C) Protecció davant de foc i calor.</div><hr style=""border: 0; border-top: 1px solid #ddd; margin: 12px 0;""><div style=""font-size: 13px; color: #444; line-height: 1.4;""><b style=""color: #111;"">Explicació:</b> El símbol de combustió identifica la protecció davant del foc i la calor.</div></div>","T20_-_Equips_de_proteccio_individual_EPI","21605"
"<div style=""text-align: left; font-family: -apple-system, sans-serif;""><div style=""font-size: 11px; color: #888; margin-bottom: 6px;"">[T20 - Equips de protecció individual (EPI)] Pregunta 68</div><div style=""font-weight: bold; font-size: 16px; margin-bottom: 14px; line-height: 1.4;"">Quina actuació s’ha de fer a l’equip en finalitzar una intervenció o després d’utilitzar-lo en una pràctica?</div><div style=""font-size: 14px; line-height: 1.6;""><div style=""padding: 5px 0;""><b>A)</b> Una gestió al parc.</div><div style=""padding: 5px 0;""><b>B)</b> Una gestió avançada.</div><div style=""padding: 5px 0;""><b>C)</b> Una inspecció bàsica in situ.</div><div style=""padding: 5px 0;""><b>D)</b> Una inspecció assistida completa.</div></div></div>","<div style=""text-align: left; font-family: -apple-system, sans-serif;""><div style=""font-weight: bold; font-size: 16px; color: #10b981; margin-bottom: 8px;"">✓ Resposta Correcta: C</div><div style=""font-size: 14px; margin-bottom: 12px; padding: 10px; background: rgba(16,185,129,0.1); border-radius: 6px; border-left: 4px solid #10b981;"">C) Una inspecció bàsica in situ.</div><hr style=""border: 0; border-top: 1px solid #ddd; margin: 12px 0;""><div style=""font-size: 13px; color: #444; line-height: 1.4;""><b style=""color: #111;"">Explicació:</b> La primera decisió de gestió parteix d’una inspecció bàsica feta in situ.</div></div>","T20_-_Equips_de_proteccio_individual_EPI","21776"
"<div style=""text-align: left; font-family: -apple-system, sans-serif;""><div style=""font-size: 11px; color: #888; margin-bottom: 6px;"">[T20 - Equips de protecció individual (EPI)] Pregunta 69</div><div style=""font-weight: bold; font-size: 16px; margin-bottom: 14px; line-height: 1.4;"">Què s’ha de buscar durant la inspecció visual d’un EPI?</div><div style=""font-size: 14px; line-height: 1.6;""><div style=""padding: 5px 0;""><b>A)</b> Desgasts, trencaments, cremades o deformacions.</div><div style=""padding: 5px 0;""><b>B)</b> Desgasts, brutícia superficial i data de fabricació.</div><div style=""padding: 5px 0;""><b>C)</b> Trencaments, nivell de bateria i cabal de funcionament.</div><div style=""padding: 5px 0;""><b>D)</b> Variacions de funcionament, bateria i pressió de servei.</div></div></div>","<div style=""text-align: left; font-family: -apple-system, sans-serif;""><div style=""font-weight: bold; font-size: 16px; color: #10b981; margin-bottom: 8px;"">✓ Resposta Correcta: A</div><div style=""font-size: 14px; margin-bottom: 12px; padding: 10px; background: rgba(16,185,129,0.1); border-radius: 6px; border-left: 4px solid #10b981;"">A) Desgasts, trencaments, cremades o deformacions.</div><hr style=""border: 0; border-top: 1px solid #ddd; margin: 12px 0;""><div style=""font-size: 13px; color: #444; line-height: 1.4;""><b style=""color: #111;"">Explicació:</b> La inspecció visual se centra en danys físics que poden comprometre la protecció.</div></div>","T20_-_Equips_de_proteccio_individual_EPI","21764"
"<div style=""text-align: left; font-family: -apple-system, sans-serif;""><div style=""font-size: 11px; color: #888; margin-bottom: 6px;"">[T20 - Equips de protecció individual (EPI)] Pregunta 70</div><div style=""font-weight: bold; font-size: 16px; margin-bottom: 14px; line-height: 1.4;"">Quina configuració d’ús s’associa al vestit estructural regulat per l’EN 469?</div><div style=""font-size: 14px; line-height: 1.6;""><div style=""padding: 5px 0;""><b>A)</b> Jaqueta lleugera amb sobrepantaló estructural per a foc moderat.</div><div style=""padding: 5px 0;""><b>B)</b> Jaquetó estructural amb pantaló forestal per reduir el pes.</div><div style=""padding: 5px 0;""><b>C)</b> Jaqueta i pantaló forestals d’una sola capa per a foc moderat.</div><div style=""padding: 5px 0;""><b>D)</b> Jaquetó i pantaló estructurals per a entorns de foc intens.</div></div></div>","<div style=""text-align: left; font-family: -apple-system, sans-serif;""><div style=""font-weight: bold; font-size: 16px; color: #10b981; margin-bottom: 8px;"">✓ Resposta Correcta: D</div><div style=""font-size: 14px; margin-bottom: 12px; padding: 10px; background: rgba(16,185,129,0.1); border-radius: 6px; border-left: 4px solid #10b981;"">D) Jaquetó i pantaló estructurals per a entorns de foc intens.</div><hr style=""border: 0; border-top: 1px solid #ddd; margin: 12px 0;""><div style=""font-size: 13px; color: #444; line-height: 1.4;""><b style=""color: #111;"">Explicació:</b> L’EN 469 s’aplica al vestit estructural, format per jaquetó i pantaló, per treballar en foc intens.</div></div>","T20_-_Equips_de_proteccio_individual_EPI","21615"
"<div style=""text-align: left; font-family: -apple-system, sans-serif;""><div style=""font-size: 11px; color: #888; margin-bottom: 6px;"">[T20 - Equips de protecció individual (EPI)] Pregunta 71</div><div style=""font-weight: bold; font-size: 16px; margin-bottom: 14px; line-height: 1.4;"">Quin compromís operatiu presenta el vestit d’intervenció pesant?</div><div style=""font-size: 14px; line-height: 1.6;""><div style=""padding: 5px 0;""><b>A)</b> És més pesant i més transpirable, amb protecció tèrmica elevada.</div><div style=""padding: 5px 0;""><b>B)</b> És més lleuger i menys transpirable, amb protecció tèrmica moderada.</div><div style=""padding: 5px 0;""><b>C)</b> És més pesant i menys transpirable, però proporciona el màxim nivell de seguretat.</div><div style=""padding: 5px 0;""><b>D)</b> És més pesant i menys transpirable, però ofereix protecció tèrmica moderada.</div></div></div>","<div style=""text-align: left; font-family: -apple-system, sans-serif;""><div style=""font-weight: bold; font-size: 16px; color: #10b981; margin-bottom: 8px;"">✓ Resposta Correcta: C</div><div style=""font-size: 14px; margin-bottom: 12px; padding: 10px; background: rgba(16,185,129,0.1); border-radius: 6px; border-left: 4px solid #10b981;"">C) És més pesant i menys transpirable, però proporciona el màxim nivell de seguretat.</div><hr style=""border: 0; border-top: 1px solid #ddd; margin: 12px 0;""><div style=""font-size: 13px; color: #444; line-height: 1.4;""><b style=""color: #111;"">Explicació:</b> La protecció elevada del vestit pesant comporta més pes i menys transpirabilitat, a canvi de màxima seguretat.</div></div>","T20_-_Equips_de_proteccio_individual_EPI","21640"
"<div style=""text-align: left; font-family: -apple-system, sans-serif;""><div style=""font-size: 11px; color: #888; margin-bottom: 6px;"">[T20 - Equips de protecció individual (EPI)] Pregunta 72</div><div style=""font-weight: bold; font-size: 16px; margin-bottom: 14px; line-height: 1.4;"">En quines intervencions s’utilitza principalment el casc d’intervenció pesant?</div><div style=""font-size: 14px; line-height: 1.6;""><div style=""padding: 5px 0;""><b>A)</b> Incendis forestals i rescats tècnics amb risc tèrmic moderat.</div><div style=""padding: 5px 0;""><b>B)</b> Assistències tècniques exteriors amb prioritat de lleugeresa.</div><div style=""padding: 5px 0;""><b>C)</b> Incendis forestals amb jornades prolongades i alta mobilitat.</div><div style=""padding: 5px 0;""><b>D)</b> Incendis estructurals urbans, industrials o en túnels amb altes temperatures.</div></div></div>","<div style=""text-align: left; font-family: -apple-system, sans-serif;""><div style=""font-weight: bold; font-size: 16px; color: #10b981; margin-bottom: 8px;"">✓ Resposta Correcta: D</div><div style=""font-size: 14px; margin-bottom: 12px; padding: 10px; background: rgba(16,185,129,0.1); border-radius: 6px; border-left: 4px solid #10b981;"">D) Incendis estructurals urbans, industrials o en túnels amb altes temperatures.</div><hr style=""border: 0; border-top: 1px solid #ddd; margin: 12px 0;""><div style=""font-size: 13px; color: #444; line-height: 1.4;""><b style=""color: #111;"">Explicació:</b> El casc pesant està pensat per a incendis estructurals i entorns amb alta càrrega tèrmica.</div></div>","T20_-_Equips_de_proteccio_individual_EPI","21630"
"<div style=""text-align: left; font-family: -apple-system, sans-serif;""><div style=""font-size: 11px; color: #888; margin-bottom: 6px;"">[T20 - Equips de protecció individual (EPI)] Pregunta 73</div><div style=""font-weight: bold; font-size: 16px; margin-bottom: 14px; line-height: 1.4;"">Quin criteri diferencia principalment la categoria III de la categoria II?</div><div style=""font-size: 14px; line-height: 1.6;""><div style=""padding: 5px 0;""><b>A)</b> La possibilitat de mort o de danys irreversibles per al treballador.</div><div style=""padding: 5px 0;""><b>B)</b> La presència de danys lleus que es manifesten gradualment i es detecten a temps.</div><div style=""padding: 5px 0;""><b>C)</b> La utilització de l’equip en entorns amb visibilitat reduïda o treball nocturn.</div><div style=""padding: 5px 0;""><b>D)</b> La necessitat que l’equip sigui lleuger i transpirable durant jornades llargues.</div></div></div>","<div style=""text-align: left; font-family: -apple-system, sans-serif;""><div style=""font-weight: bold; font-size: 16px; color: #10b981; margin-bottom: 8px;"">✓ Resposta Correcta: A</div><div style=""font-size: 14px; margin-bottom: 12px; padding: 10px; background: rgba(16,185,129,0.1); border-radius: 6px; border-left: 4px solid #10b981;"">A) La possibilitat de mort o de danys irreversibles per al treballador.</div><hr style=""border: 0; border-top: 1px solid #ddd; margin: 12px 0;""><div style=""font-size: 13px; color: #444; line-height: 1.4;""><b style=""color: #111;"">Explicació:</b> La categoria III protegeix davant riscos greus per a la salut o mortals, susceptibles de causar danys irreversibles.</div></div>","T20_-_Equips_de_proteccio_individual_EPI","21592"
"<div style=""text-align: left; font-family: -apple-system, sans-serif;""><div style=""font-size: 11px; color: #888; margin-bottom: 6px;"">[T20 - Equips de protecció individual (EPI)] Pregunta 74</div><div style=""font-weight: bold; font-size: 16px; margin-bottom: 14px; line-height: 1.4;"">En el marcatge d’un EPI, un escut amb un recipient de laboratori del qual surten vapors identifica quina protecció?</div><div style=""font-size: 14px; line-height: 1.6;""><div style=""padding: 5px 0;""><b>A)</b> Protecció davant de partícules radioactives.</div><div style=""padding: 5px 0;""><b>B)</b> Protecció davant de productes químics.</div><div style=""padding: 5px 0;""><b>C)</b> Protecció davant de microorganismes.</div><div style=""padding: 5px 0;""><b>D)</b> Protecció davant d’electricitat estàtica.</div></div></div>","<div style=""text-align: left; font-family: -apple-system, sans-serif;""><div style=""font-weight: bold; font-size: 16px; color: #10b981; margin-bottom: 8px;"">✓ Resposta Correcta: B</div><div style=""font-size: 14px; margin-bottom: 12px; padding: 10px; background: rgba(16,185,129,0.1); border-radius: 6px; border-left: 4px solid #10b981;"">B) Protecció davant de productes químics.</div><hr style=""border: 0; border-top: 1px solid #ddd; margin: 12px 0;""><div style=""font-size: 13px; color: #444; line-height: 1.4;""><b style=""color: #111;"">Explicació:</b> El recipient de laboratori amb vapors correspon al pictograma de protecció davant de productes químics.</div></div>","T20_-_Equips_de_proteccio_individual_EPI","21603"
"<div style=""text-align: left; font-family: -apple-system, sans-serif;""><div style=""font-size: 11px; color: #888; margin-bottom: 6px;"">[T20 - Equips de protecció individual (EPI)] Pregunta 75</div><div style=""font-weight: bold; font-size: 16px; margin-bottom: 14px; line-height: 1.4;"">Quin tipus d’ús correspon a la caputxa de rescat?</div><div style=""font-size: 14px; line-height: 1.6;""><div style=""padding: 5px 0;""><b>A)</b> Un ús d’emergència i de curta durada.</div><div style=""padding: 5px 0;""><b>B)</b> Un ús de suport respiratori prolongat durant tota la intervenció.</div><div style=""padding: 5px 0;""><b>C)</b> Un ús substitutiu de l’ERA del bomber en tasques de rescat.</div><div style=""padding: 5px 0;""><b>D)</b> Un ús preventiu abans d’entrar en una atmosfera respirable.</div></div></div>","<div style=""text-align: left; font-family: -apple-system, sans-serif;""><div style=""font-weight: bold; font-size: 16px; color: #10b981; margin-bottom: 8px;"">✓ Resposta Correcta: A</div><div style=""font-size: 14px; margin-bottom: 12px; padding: 10px; background: rgba(16,185,129,0.1); border-radius: 6px; border-left: 4px solid #10b981;"">A) Un ús d’emergència i de curta durada.</div><hr style=""border: 0; border-top: 1px solid #ddd; margin: 12px 0;""><div style=""font-size: 13px; color: #444; line-height: 1.4;""><b style=""color: #111;"">Explicació:</b> La caputxa no està pensada per mantenir treballs prolongats, sinó per protegir ràpidament una víctima.</div></div>","T20_-_Equips_de_proteccio_individual_EPI","21746"
"<div style=""text-align: left; font-family: -apple-system, sans-serif;""><div style=""font-size: 11px; color: #888; margin-bottom: 6px;"">[T20 - Equips de protecció individual (EPI)] Pregunta 76</div><div style=""font-weight: bold; font-size: 16px; margin-bottom: 14px; line-height: 1.4;"">Per a quin tipus de treball destaquen les botes forestals i de trekking?</div><div style=""font-size: 14px; line-height: 1.6;""><div style=""padding: 5px 0;""><b>A)</b> Caminades prolongades, pendents i terrenys difícils.</div><div style=""padding: 5px 0;""><b>B)</b> Intervencions interiors amb alta radiació tèrmica i poca mobilitat.</div><div style=""padding: 5px 0;""><b>C)</b> Intervencions estructurals amb risc tèrmic alt i caiguda de materials.</div><div style=""padding: 5px 0;""><b>D)</b> Treballs industrials curts sobre paviment regular amb exposició a flames.</div></div></div>","<div style=""text-align: left; font-family: -apple-system, sans-serif;""><div style=""font-weight: bold; font-size: 16px; color: #10b981; margin-bottom: 8px;"">✓ Resposta Correcta: A</div><div style=""font-size: 14px; margin-bottom: 12px; padding: 10px; background: rgba(16,185,129,0.1); border-radius: 6px; border-left: 4px solid #10b981;"">A) Caminades prolongades, pendents i terrenys difícils.</div><hr style=""border: 0; border-top: 1px solid #ddd; margin: 12px 0;""><div style=""font-size: 13px; color: #444; line-height: 1.4;""><b style=""color: #111;"">Explicació:</b> Les botes forestals prioritzen lleugeresa, flexibilitat i adherència en treballs llargs sobre terreny irregular.</div></div>","T20_-_Equips_de_proteccio_individual_EPI","21646"
"<div style=""text-align: left; font-family: -apple-system, sans-serif;""><div style=""font-size: 11px; color: #888; margin-bottom: 6px;"">[T20 - Equips de protecció individual (EPI)] Pregunta 77</div><div style=""font-weight: bold; font-size: 16px; margin-bottom: 14px; line-height: 1.4;"">Quina funció té l’arnès o suport dorsal de l’ERA?</div><div style=""font-size: 14px; line-height: 1.6;""><div style=""padding: 5px 0;""><b>A)</b> Reduir l’alta pressió de l’ampolla fins a una pressió segura de treball.</div><div style=""padding: 5px 0;""><b>B)</b> Indicar la pressió restant i facilitar el control de l’autonomia de l’ampolla.</div><div style=""padding: 5px 0;""><b>C)</b> Subjectar l’ampolla i distribuir-ne el pes a l’esquena i les espatlles.</div><div style=""padding: 5px 0;""><b>D)</b> Segellar la cara i impedir l’entrada d’aire contaminat a les vies respiratòries.</div></div></div>","<div style=""text-align: left; font-family: -apple-system, sans-serif;""><div style=""font-weight: bold; font-size: 16px; color: #10b981; margin-bottom: 8px;"">✓ Resposta Correcta: C</div><div style=""font-size: 14px; margin-bottom: 12px; padding: 10px; background: rgba(16,185,129,0.1); border-radius: 6px; border-left: 4px solid #10b981;"">C) Subjectar l’ampolla i distribuir-ne el pes a l’esquena i les espatlles.</div><hr style=""border: 0; border-top: 1px solid #ddd; margin: 12px 0;""><div style=""font-size: 13px; color: #444; line-height: 1.4;""><b style=""color: #111;"">Explicació:</b> L’arnès manté l’ampolla fixada i reparteix la càrrega sobre el cos del bomber.</div></div>","T20_-_Equips_de_proteccio_individual_EPI","21700"
"<div style=""text-align: left; font-family: -apple-system, sans-serif;""><div style=""font-size: 11px; color: #888; margin-bottom: 6px;"">[T20 - Equips de protecció individual (EPI)] Pregunta 78</div><div style=""font-weight: bold; font-size: 16px; margin-bottom: 14px; line-height: 1.4;"">Amb 1.350 L disponibles i un consum de 45 L/min, quina autonomia operativa hi ha?</div><div style=""font-size: 14px; line-height: 1.6;""><div style=""padding: 5px 0;""><b>A)</b> 45 minuts.</div><div style=""padding: 5px 0;""><b>B)</b> 30 minuts.</div><div style=""padding: 5px 0;""><b>C)</b> 25 minuts.</div><div style=""padding: 5px 0;""><b>D)</b> 20 minuts.</div></div></div>","<div style=""text-align: left; font-family: -apple-system, sans-serif;""><div style=""font-weight: bold; font-size: 16px; color: #10b981; margin-bottom: 8px;"">✓ Resposta Correcta: B</div><div style=""font-size: 14px; margin-bottom: 12px; padding: 10px; background: rgba(16,185,129,0.1); border-radius: 6px; border-left: 4px solid #10b981;"">B) 30 minuts.</div><hr style=""border: 0; border-top: 1px solid #ddd; margin: 12px 0;""><div style=""font-size: 13px; color: #444; line-height: 1.4;""><b style=""color: #111;"">Explicació:</b> L’autonomia és 1.350 / 45 = 30 minuts.</div></div>","T20_-_Equips_de_proteccio_individual_EPI","21738"
"<div style=""text-align: left; font-family: -apple-system, sans-serif;""><div style=""font-size: 11px; color: #888; margin-bottom: 6px;"">[T20 - Equips de protecció individual (EPI)] Pregunta 79</div><div style=""font-weight: bold; font-size: 16px; margin-bottom: 14px; line-height: 1.4;"">Què passa si, després de l’avís inicial d’immobilitat, no es detecta moviment durant 10 segons més?</div><div style=""font-size: 14px; line-height: 1.6;""><div style=""padding: 5px 0;""><b>A)</b> L’alarma queda fixada.</div><div style=""padding: 5px 0;""><b>B)</b> L’alarma es desactiva.</div><div style=""padding: 5px 0;""><b>C)</b> L’alarma entra en preavís.</div><div style=""padding: 5px 0;""><b>D)</b> L’alarma es reinicia.</div></div></div>","<div style=""text-align: left; font-family: -apple-system, sans-serif;""><div style=""font-weight: bold; font-size: 16px; color: #10b981; margin-bottom: 8px;"">✓ Resposta Correcta: A</div><div style=""font-size: 14px; margin-bottom: 12px; padding: 10px; background: rgba(16,185,129,0.1); border-radius: 6px; border-left: 4px solid #10b981;"">A) L’alarma queda fixada.</div><hr style=""border: 0; border-top: 1px solid #ddd; margin: 12px 0;""><div style=""font-size: 13px; color: #444; line-height: 1.4;""><b style=""color: #111;"">Explicació:</b> Si persisteix la immobilitat durant els 10 segons següents, l’alarma queda fixada.</div></div>","T20_-_Equips_de_proteccio_individual_EPI","21711"
"<div style=""text-align: left; font-family: -apple-system, sans-serif;""><div style=""font-size: 11px; color: #888; margin-bottom: 6px;"">[T20 - Equips de protecció individual (EPI)] Pregunta 80</div><div style=""font-weight: bold; font-size: 16px; margin-bottom: 14px; line-height: 1.4;"">Quins complements responen al risc d’esgotament o d’ofegament en corrents fortes?</div><div style=""font-size: 14px; line-height: 1.6;""><div style=""padding: 5px 0;""><b>A)</b> Botes de cautxú, guants impermeables i parca.</div><div style=""padding: 5px 0;""><b>B)</b> Vestit de neoprè, escarpins i guants de neoprè.</div><div style=""padding: 5px 0;""><b>C)</b> Dispositiu flotant, armilla de seguretat o bossa amb corda de rescat.</div><div style=""padding: 5px 0;""><b>D)</b> Aletes, ulleres de natació i tub respirador.</div></div></div>","<div style=""text-align: left; font-family: -apple-system, sans-serif;""><div style=""font-weight: bold; font-size: 16px; color: #10b981; margin-bottom: 8px;"">✓ Resposta Correcta: C</div><div style=""font-size: 14px; margin-bottom: 12px; padding: 10px; background: rgba(16,185,129,0.1); border-radius: 6px; border-left: 4px solid #10b981;"">C) Dispositiu flotant, armilla de seguretat o bossa amb corda de rescat.</div><hr style=""border: 0; border-top: 1px solid #ddd; margin: 12px 0;""><div style=""font-size: 13px; color: #444; line-height: 1.4;""><b style=""color: #111;"">Explicació:</b> En medi aquàtic es reforcen la flotabilitat i la retenció per reduir el risc d’esgotament i ofegament.</div></div>","T20_-_Equips_de_proteccio_individual_EPI","21679"
"<div style=""text-align: left; font-family: -apple-system, sans-serif;""><div style=""font-size: 11px; color: #888; margin-bottom: 6px;"">[T20 - Equips de protecció individual (EPI)] Pregunta 81</div><div style=""font-weight: bold; font-size: 16px; margin-bottom: 14px; line-height: 1.4;"">En quins entorns és imprescindible la protecció respiratòria dels bombers?</div><div style=""font-size: 14px; line-height: 1.6;""><div style=""padding: 5px 0;""><b>A)</b> En atmosferes contaminades o amb manca d’oxigen.</div><div style=""padding: 5px 0;""><b>B)</b> En atmosferes respirables on el risc principal és mecànic.</div><div style=""padding: 5px 0;""><b>C)</b> En atmosferes sense contaminants, amb oxigen suficient i bona ventilació.</div><div style=""padding: 5px 0;""><b>D)</b> En atmosferes netes, ventilades i amb concentració normal d’oxigen.</div></div></div>","<div style=""text-align: left; font-family: -apple-system, sans-serif;""><div style=""font-weight: bold; font-size: 16px; color: #10b981; margin-bottom: 8px;"">✓ Resposta Correcta: A</div><div style=""font-size: 14px; margin-bottom: 12px; padding: 10px; background: rgba(16,185,129,0.1); border-radius: 6px; border-left: 4px solid #10b981;"">A) En atmosferes contaminades o amb manca d’oxigen.</div><hr style=""border: 0; border-top: 1px solid #ddd; margin: 12px 0;""><div style=""font-size: 13px; color: #444; line-height: 1.4;""><b style=""color: #111;"">Explicació:</b> La protecció respiratòria és essencial quan l’aire està contaminat o hi ha dèficit d’oxigen.</div></div>","T20_-_Equips_de_proteccio_individual_EPI","21680"
"<div style=""text-align: left; font-family: -apple-system, sans-serif;""><div style=""font-size: 11px; color: #888; margin-bottom: 6px;"">[T20 - Equips de protecció individual (EPI)] Pregunta 82</div><div style=""font-weight: bold; font-size: 16px; margin-bottom: 14px; line-height: 1.4;"">Quins dos tipus de bandes reforcen la visibilitat del vestuari EN 469?</div><div style=""font-size: 14px; line-height: 1.6;""><div style=""padding: 5px 0;""><b>A)</b> Bandes reflectants i fotoluminescents.</div><div style=""padding: 5px 0;""><b>B)</b> Bandes reflectants i tèrmiques.</div><div style=""padding: 5px 0;""><b>C)</b> Bandes fluorescents i fotoluminescents.</div><div style=""padding: 5px 0;""><b>D)</b> Bandes reflectants i fluorescents.</div></div></div>","<div style=""text-align: left; font-family: -apple-system, sans-serif;""><div style=""font-weight: bold; font-size: 16px; color: #10b981; margin-bottom: 8px;"">✓ Resposta Correcta: D</div><div style=""font-size: 14px; margin-bottom: 12px; padding: 10px; background: rgba(16,185,129,0.1); border-radius: 6px; border-left: 4px solid #10b981;"">D) Bandes reflectants i fluorescents.</div><hr style=""border: 0; border-top: 1px solid #ddd; margin: 12px 0;""><div style=""font-size: 13px; color: #444; line-height: 1.4;""><b style=""color: #111;"">Explicació:</b> La visibilitat es reforça amb bandes reflectants i fluorescents.</div></div>","T20_-_Equips_de_proteccio_individual_EPI","21613"
"<div style=""text-align: left; font-family: -apple-system, sans-serif;""><div style=""font-size: 11px; color: #888; margin-bottom: 6px;"">[T20 - Equips de protecció individual (EPI)] Pregunta 83</div><div style=""font-weight: bold; font-size: 16px; margin-bottom: 14px; line-height: 1.4;"">Quina construcció és habitual en les botes d’intervenció de cuir?</div><div style=""font-size: 14px; line-height: 1.6;""><div style=""padding: 5px 0;""><b>A)</b> Pell sintètica permeable amb membrana impermeable no transpirable.</div><div style=""padding: 5px 0;""><b>B)</b> Pell vacuna hidròfuga sense membrana impermeable i transpirable.</div><div style=""padding: 5px 0;""><b>C)</b> Pell vacuna hidròfuga amb membrana impermeable i transpirable, com GORE-TEX o similar.</div><div style=""padding: 5px 0;""><b>D)</b> Pell vacuna no hidròfuga amb membrana impermeable i transpirable.</div></div></div>","<div style=""text-align: left; font-family: -apple-system, sans-serif;""><div style=""font-weight: bold; font-size: 16px; color: #10b981; margin-bottom: 8px;"">✓ Resposta Correcta: C</div><div style=""font-size: 14px; margin-bottom: 12px; padding: 10px; background: rgba(16,185,129,0.1); border-radius: 6px; border-left: 4px solid #10b981;"">C) Pell vacuna hidròfuga amb membrana impermeable i transpirable, com GORE-TEX o similar.</div><hr style=""border: 0; border-top: 1px solid #ddd; margin: 12px 0;""><div style=""font-size: 13px; color: #444; line-height: 1.4;""><b style=""color: #111;"">Explicació:</b> La combinació de pell hidròfuga i membrana impermeable i transpirable protegeix sense anul·lar la gestió d’humitat.</div></div>","T20_-_Equips_de_proteccio_individual_EPI","21643"
"<div style=""text-align: left; font-family: -apple-system, sans-serif;""><div style=""font-size: 11px; color: #888; margin-bottom: 6px;"">[T20 - Equips de protecció individual (EPI)] Pregunta 84</div><div style=""font-weight: bold; font-size: 16px; margin-bottom: 14px; line-height: 1.4;"">Què s’ha de fer quan es detecta una anomalia en un EPI?</div><div style=""font-size: 14px; line-height: 1.6;""><div style=""padding: 5px 0;""><b>A)</b> Netejar l’equip abans de comunicar-la.</div><div style=""padding: 5px 0;""><b>B)</b> Registrar-la i comunicar-la.</div><div style=""padding: 5px 0;""><b>C)</b> Comunicar-la i ajornar-ne el registre.</div><div style=""padding: 5px 0;""><b>D)</b> Registrar-la i mantenir l’equip en servei.</div></div></div>","<div style=""text-align: left; font-family: -apple-system, sans-serif;""><div style=""font-weight: bold; font-size: 16px; color: #10b981; margin-bottom: 8px;"">✓ Resposta Correcta: B</div><div style=""font-size: 14px; margin-bottom: 12px; padding: 10px; background: rgba(16,185,129,0.1); border-radius: 6px; border-left: 4px solid #10b981;"">B) Registrar-la i comunicar-la.</div><hr style=""border: 0; border-top: 1px solid #ddd; margin: 12px 0;""><div style=""font-size: 13px; color: #444; line-height: 1.4;""><b style=""color: #111;"">Explicació:</b> Les anomalies detectades s’han de registrar i comunicar.</div></div>","T20_-_Equips_de_proteccio_individual_EPI","21765"
"<div style=""text-align: left; font-family: -apple-system, sans-serif;""><div style=""font-size: 11px; color: #888; margin-bottom: 6px;"">[T20 - Equips de protecció individual (EPI)] Pregunta 85</div><div style=""font-weight: bold; font-size: 16px; margin-bottom: 14px; line-height: 1.4;"">Quina expressió calcula el consum personal d’aire en litres per minut?</div><div style=""font-size: 14px; line-height: 1.6;""><div style=""padding: 5px 0;""><b>A)</b> (Pressió inicial − pressió final) × capacitat de l’ampolla / temps.</div><div style=""padding: 5px 0;""><b>B)</b> (Pressió inicial − pressió final) × temps / capacitat de l’ampolla.</div><div style=""padding: 5px 0;""><b>C)</b> Capacitat de l’ampolla / [(pressió inicial − pressió final) × temps].</div><div style=""padding: 5px 0;""><b>D)</b> (Pressió inicial + pressió final) × capacitat de l’ampolla / temps.</div></div></div>","<div style=""text-align: left; font-family: -apple-system, sans-serif;""><div style=""font-weight: bold; font-size: 16px; color: #10b981; margin-bottom: 8px;"">✓ Resposta Correcta: A</div><div style=""font-size: 14px; margin-bottom: 12px; padding: 10px; background: rgba(16,185,129,0.1); border-radius: 6px; border-left: 4px solid #10b981;"">A) (Pressió inicial − pressió final) × capacitat de l’ampolla / temps.</div><hr style=""border: 0; border-top: 1px solid #ddd; margin: 12px 0;""><div style=""font-size: 13px; color: #444; line-height: 1.4;""><b style=""color: #111;"">Explicació:</b> El consum es calcula amb la caiguda de pressió multiplicada pel volum de l’ampolla i dividida pel temps.</div></div>","T20_-_Equips_de_proteccio_individual_EPI","21728"
"<div style=""text-align: left; font-family: -apple-system, sans-serif;""><div style=""font-size: 11px; color: #888; margin-bottom: 6px;"">[T20 - Equips de protecció individual (EPI)] Pregunta 86</div><div style=""font-weight: bold; font-size: 16px; margin-bottom: 14px; line-height: 1.4;"">A qui correspon la supervisió general de la revisió dels EPI?</div><div style=""font-size: 14px; line-height: 1.6;""><div style=""padding: 5px 0;""><b>A)</b> Al cap de torn.</div><div style=""padding: 5px 0;""><b>B)</b> Al bomber usuari.</div><div style=""padding: 5px 0;""><b>C)</b> Al bomber del torn anterior.</div><div style=""padding: 5px 0;""><b>D)</b> Al responsable de manteniment.</div></div></div>","<div style=""text-align: left; font-family: -apple-system, sans-serif;""><div style=""font-weight: bold; font-size: 16px; color: #10b981; margin-bottom: 8px;"">✓ Resposta Correcta: A</div><div style=""font-size: 14px; margin-bottom: 12px; padding: 10px; background: rgba(16,185,129,0.1); border-radius: 6px; border-left: 4px solid #10b981;"">A) Al cap de torn.</div><hr style=""border: 0; border-top: 1px solid #ddd; margin: 12px 0;""><div style=""font-size: 13px; color: #444; line-height: 1.4;""><b style=""color: #111;"">Explicació:</b> La supervisió correspon al cap de torn, tot i que la responsabilitat d’ús també és individual.</div></div>","T20_-_Equips_de_proteccio_individual_EPI","21757"
"<div style=""text-align: left; font-family: -apple-system, sans-serif;""><div style=""font-size: 11px; color: #888; margin-bottom: 6px;"">[T20 - Equips de protecció individual (EPI)] Pregunta 87</div><div style=""font-weight: bold; font-size: 16px; margin-bottom: 14px; line-height: 1.4;"">Quina decisió operativa facilita la lectura del manòmetre de l’ERA?</div><div style=""font-size: 14px; line-height: 1.6;""><div style=""padding: 5px 0;""><b>A)</b> Regular la tensió de les corretges de l’arnès.</div><div style=""padding: 5px 0;""><b>B)</b> Ajustar el segellament de la màscara a la cara.</div><div style=""padding: 5px 0;""><b>C)</b> Comprovar el tractament antientelament del visor.</div><div style=""padding: 5px 0;""><b>D)</b> Calcular l’autonomia i decidir el moment de la sortida.</div></div></div>","<div style=""text-align: left; font-family: -apple-system, sans-serif;""><div style=""font-weight: bold; font-size: 16px; color: #10b981; margin-bottom: 8px;"">✓ Resposta Correcta: D</div><div style=""font-size: 14px; margin-bottom: 12px; padding: 10px; background: rgba(16,185,129,0.1); border-radius: 6px; border-left: 4px solid #10b981;"">D) Calcular l’autonomia i decidir el moment de la sortida.</div><hr style=""border: 0; border-top: 1px solid #ddd; margin: 12px 0;""><div style=""font-size: 13px; color: #444; line-height: 1.4;""><b style=""color: #111;"">Explicació:</b> Conèixer la pressió restant permet estimar l’autonomia i planificar la retirada.</div></div>","T20_-_Equips_de_proteccio_individual_EPI","21694"
"<div style=""text-align: left; font-family: -apple-system, sans-serif;""><div style=""font-size: 11px; color: #888; margin-bottom: 6px;"">[T20 - Equips de protecció individual (EPI)] Pregunta 88</div><div style=""font-weight: bold; font-size: 16px; margin-bottom: 14px; line-height: 1.4;"">En el marcatge de les botes d’intervenció, què indica la lletra «P»?</div><div style=""font-size: 14px; line-height: 1.6;""><div style=""padding: 5px 0;""><b>A)</b> Protecció davant productes químics.</div><div style=""padding: 5px 0;""><b>B)</b> Resistència al foc.</div><div style=""padding: 5px 0;""><b>C)</b> Plantilla antiperforació.</div><div style=""padding: 5px 0;""><b>D)</b> Propietat antiestàtica.</div></div></div>","<div style=""text-align: left; font-family: -apple-system, sans-serif;""><div style=""font-weight: bold; font-size: 16px; color: #10b981; margin-bottom: 8px;"">✓ Resposta Correcta: C</div><div style=""font-size: 14px; margin-bottom: 12px; padding: 10px; background: rgba(16,185,129,0.1); border-radius: 6px; border-left: 4px solid #10b981;"">C) Plantilla antiperforació.</div><hr style=""border: 0; border-top: 1px solid #ddd; margin: 12px 0;""><div style=""font-size: 13px; color: #444; line-height: 1.4;""><b style=""color: #111;"">Explicació:</b> En aquest calçat, F indica resistència al foc, P plantilla antiperforació i A propietat antiestàtica.</div></div>","T20_-_Equips_de_proteccio_individual_EPI","21645"
"<div style=""text-align: left; font-family: -apple-system, sans-serif;""><div style=""font-size: 11px; color: #888; margin-bottom: 6px;"">[T20 - Equips de protecció individual (EPI)] Pregunta 89</div><div style=""font-weight: bold; font-size: 16px; margin-bottom: 14px; line-height: 1.4;"">Quina parella diferencia correctament els dos factors utilitzats per valorar la permeabilitat d’un vestit químic?</div><div style=""font-size: 14px; line-height: 1.6;""><div style=""padding: 5px 0;""><b>A)</b> Estat d’agregació: sòlid, líquid o gas; forma d’aplicació: esquitx, esprai o pressió.</div><div style=""padding: 5px 0;""><b>B)</b> Estat d’agregació: urbà, forestal o aquàtic; forma d’aplicació: lleuger, pesant o encapsulat.</div><div style=""padding: 5px 0;""><b>C)</b> Estat d’agregació: corrosiu, tòxic o inflamable; forma d’aplicació: fred, calor o radiació.</div><div style=""padding: 5px 0;""><b>D)</b> Estat d’agregació: esquitx, esprai o pressió; forma d’aplicació: sòlid, líquid o gas.</div></div></div>","<div style=""text-align: left; font-family: -apple-system, sans-serif;""><div style=""font-weight: bold; font-size: 16px; color: #10b981; margin-bottom: 8px;"">✓ Resposta Correcta: A</div><div style=""font-size: 14px; margin-bottom: 12px; padding: 10px; background: rgba(16,185,129,0.1); border-radius: 6px; border-left: 4px solid #10b981;"">A) Estat d’agregació: sòlid, líquid o gas; forma d’aplicació: esquitx, esprai o pressió.</div><hr style=""border: 0; border-top: 1px solid #ddd; margin: 12px 0;""><div style=""font-size: 13px; color: #444; line-height: 1.4;""><b style=""color: #111;"">Explicació:</b> La permeabilitat es relaciona amb l’estat físic del producte i amb la manera com aquest arriba a l’equip.</div></div>","T20_-_Equips_de_proteccio_individual_EPI","21666"
"<div style=""text-align: left; font-family: -apple-system, sans-serif;""><div style=""font-size: 11px; color: #888; margin-bottom: 6px;"">[T20 - Equips de protecció individual (EPI)] Pregunta 90</div><div style=""font-weight: bold; font-size: 16px; margin-bottom: 14px; line-height: 1.4;"">En quin cas és més adequada una caputxa de rescat?</div><div style=""font-size: 14px; line-height: 1.6;""><div style=""padding: 5px 0;""><b>A)</b> En l’evacuació d’una víctima sense ERA atrapada en una zona amb fum.</div><div style=""padding: 5px 0;""><b>B)</b> En una víctima amb ERA propi operatiu que necessita una segona protecció.</div><div style=""padding: 5px 0;""><b>C)</b> En un bomber que necessita prolongar la intervenció quan entra en reserva.</div><div style=""padding: 5px 0;""><b>D)</b> En una persona situada en aire respirable que s’ha de protegir del fum exterior.</div></div></div>","<div style=""text-align: left; font-family: -apple-system, sans-serif;""><div style=""font-weight: bold; font-size: 16px; color: #10b981; margin-bottom: 8px;"">✓ Resposta Correcta: A</div><div style=""font-size: 14px; margin-bottom: 12px; padding: 10px; background: rgba(16,185,129,0.1); border-radius: 6px; border-left: 4px solid #10b981;"">A) En l’evacuació d’una víctima sense ERA atrapada en una zona amb fum.</div><hr style=""border: 0; border-top: 1px solid #ddd; margin: 12px 0;""><div style=""font-size: 13px; color: #444; line-height: 1.4;""><b style=""color: #111;"">Explicació:</b> La caputxa està pensada per protegir una persona sense ERA durant una evacuació urgent.</div></div>","T20_-_Equips_de_proteccio_individual_EPI","21754"
"<div style=""text-align: left; font-family: -apple-system, sans-serif;""><div style=""font-size: 11px; color: #888; margin-bottom: 6px;"">[T20 - Equips de protecció individual (EPI)] Pregunta 91</div><div style=""font-weight: bold; font-size: 16px; margin-bottom: 14px; line-height: 1.4;"">Quina norma s’associa específicament al vestuari dels bombers en incendis forestals i entorns naturals?</div><div style=""font-size: 14px; line-height: 1.6;""><div style=""padding: 5px 0;""><b>A)</b> EN 469.</div><div style=""padding: 5px 0;""><b>B)</b> EN 15090.</div><div style=""padding: 5px 0;""><b>C)</b> EN 443.</div><div style=""padding: 5px 0;""><b>D)</b> EN 15614.</div></div></div>","<div style=""text-align: left; font-family: -apple-system, sans-serif;""><div style=""font-weight: bold; font-size: 16px; color: #10b981; margin-bottom: 8px;"">✓ Resposta Correcta: D</div><div style=""font-size: 14px; margin-bottom: 12px; padding: 10px; background: rgba(16,185,129,0.1); border-radius: 6px; border-left: 4px solid #10b981;"">D) EN 15614.</div><hr style=""border: 0; border-top: 1px solid #ddd; margin: 12px 0;""><div style=""font-size: 13px; color: #444; line-height: 1.4;""><b style=""color: #111;"">Explicació:</b> L’EN 15614 és la norma específica del vestuari per a incendis forestals i treball en entorns naturals.</div></div>","T20_-_Equips_de_proteccio_individual_EPI","21616"
"<div style=""text-align: left; font-family: -apple-system, sans-serif;""><div style=""font-size: 11px; color: #888; margin-bottom: 6px;"">[T20 - Equips de protecció individual (EPI)] Pregunta 92</div><div style=""font-weight: bold; font-size: 16px; margin-bottom: 14px; line-height: 1.4;"">Què s’ha de fer si la inspecció indica que l’equip necessita gestió al parc o gestió avançada?</div><div style=""font-size: 14px; line-height: 1.6;""><div style=""padding: 5px 0;""><b>A)</b> Encapsular-lo i transportar-lo separat i de manera segura.</div><div style=""padding: 5px 0;""><b>B)</b> Encapsular-lo i transportar-lo juntament amb altres EPI bruts del mateix servei.</div><div style=""padding: 5px 0;""><b>C)</b> Encapsular-lo i mantenir-lo al vehicle fins que es pugui gestionar sense separar-lo.</div><div style=""padding: 5px 0;""><b>D)</b> Transportar-lo separat, però sense encapsular-lo si no hi ha brutícia visible.</div></div></div>","<div style=""text-align: left; font-family: -apple-system, sans-serif;""><div style=""font-weight: bold; font-size: 16px; color: #10b981; margin-bottom: 8px;"">✓ Resposta Correcta: A</div><div style=""font-size: 14px; margin-bottom: 12px; padding: 10px; background: rgba(16,185,129,0.1); border-radius: 6px; border-left: 4px solid #10b981;"">A) Encapsular-lo i transportar-lo separat i de manera segura.</div><hr style=""border: 0; border-top: 1px solid #ddd; margin: 12px 0;""><div style=""font-size: 13px; color: #444; line-height: 1.4;""><b style=""color: #111;"">Explicació:</b> Quan cal continuar la gestió fora del lloc, l’equip s’ha d’aïllar i traslladar evitant noves contaminacions.</div></div>","T20_-_Equips_de_proteccio_individual_EPI","21780"
"<div style=""text-align: left; font-family: -apple-system, sans-serif;""><div style=""font-size: 11px; color: #888; margin-bottom: 6px;"">[T20 - Equips de protecció individual (EPI)] Pregunta 93</div><div style=""font-weight: bold; font-size: 16px; margin-bottom: 14px; line-height: 1.4;"">Quina descripció correspon als riscos coberts per un EPI de categoria I?</div><div style=""font-size: 14px; line-height: 1.6;""><div style=""padding: 5px 0;""><b>A)</b> Riscos mínims amb danys lleus o fàcilment reparables, detectables a temps pel treballador.</div><div style=""padding: 5px 0;""><b>B)</b> Riscos de gravetat mitjana que no s’inclouen ni a la categoria I ni a la III.</div><div style=""padding: 5px 0;""><b>C)</b> Riscos greus o mortals susceptibles de provocar danys irreversibles.</div><div style=""padding: 5px 0;""><b>D)</b> Riscos tèrmics d’alta intensitat associats a intervencions estructurals.</div></div></div>","<div style=""text-align: left; font-family: -apple-system, sans-serif;""><div style=""font-weight: bold; font-size: 16px; color: #10b981; margin-bottom: 8px;"">✓ Resposta Correcta: A</div><div style=""font-size: 14px; margin-bottom: 12px; padding: 10px; background: rgba(16,185,129,0.1); border-radius: 6px; border-left: 4px solid #10b981;"">A) Riscos mínims amb danys lleus o fàcilment reparables, detectables a temps pel treballador.</div><hr style=""border: 0; border-top: 1px solid #ddd; margin: 12px 0;""><div style=""font-size: 13px; color: #444; line-height: 1.4;""><b style=""color: #111;"">Explicació:</b> La categoria I cobreix riscos mínims, amb efectes graduals que el treballador pot detectar a temps sense comprometre la seva seguretat.</div></div>","T20_-_Equips_de_proteccio_individual_EPI","21590"
"<div style=""text-align: left; font-family: -apple-system, sans-serif;""><div style=""font-size: 11px; color: #888; margin-bottom: 6px;"">[T20 - Equips de protecció individual (EPI)] Pregunta 94</div><div style=""font-weight: bold; font-size: 16px; margin-bottom: 14px; line-height: 1.4;"">Quina combinació ajuda a reduir l’estrès tèrmic en el vestuari forestal?</div><div style=""font-size: 14px; line-height: 1.6;""><div style=""padding: 5px 0;""><b>A)</b> Resistència elevada a la penetració de vapor amb baixa ventilació.</div><div style=""padding: 5px 0;""><b>B)</b> Barrera tèrmica gruixuda i baixa permeabilitat al vapor.</div><div style=""padding: 5px 0;""><b>C)</b> Transpirabilitat i resistència a la penetració de vapor d’aigua.</div><div style=""padding: 5px 0;""><b>D)</b> Impermeabilitat total i baixa transpirabilitat.</div></div></div>","<div style=""text-align: left; font-family: -apple-system, sans-serif;""><div style=""font-weight: bold; font-size: 16px; color: #10b981; margin-bottom: 8px;"">✓ Resposta Correcta: C</div><div style=""font-size: 14px; margin-bottom: 12px; padding: 10px; background: rgba(16,185,129,0.1); border-radius: 6px; border-left: 4px solid #10b981;"">C) Transpirabilitat i resistència a la penetració de vapor d’aigua.</div><hr style=""border: 0; border-top: 1px solid #ddd; margin: 12px 0;""><div style=""font-size: 13px; color: #444; line-height: 1.4;""><b style=""color: #111;"">Explicació:</b> La transpirabilitat i el control del vapor d’aigua ajuden a gestionar la calor corporal en jornades llargues.</div></div>","T20_-_Equips_de_proteccio_individual_EPI","21621"
"<div style=""text-align: left; font-family: -apple-system, sans-serif;""><div style=""font-size: 11px; color: #888; margin-bottom: 6px;"">[T20 - Equips de protecció individual (EPI)] Pregunta 95</div><div style=""font-weight: bold; font-size: 16px; margin-bottom: 14px; line-height: 1.4;"">On està connectat directament el regulador de pressió a demanda?</div><div style=""font-size: 14px; line-height: 1.6;""><div style=""padding: 5px 0;""><b>A)</b> A la màscara facial.</div><div style=""padding: 5px 0;""><b>B)</b> A l’ampolla d’aire comprimit.</div><div style=""padding: 5px 0;""><b>C)</b> Al manòmetre d’alta pressió.</div><div style=""padding: 5px 0;""><b>D)</b> A l’arnès dorsal.</div></div></div>","<div style=""text-align: left; font-family: -apple-system, sans-serif;""><div style=""font-weight: bold; font-size: 16px; color: #10b981; margin-bottom: 8px;"">✓ Resposta Correcta: A</div><div style=""font-size: 14px; margin-bottom: 12px; padding: 10px; background: rgba(16,185,129,0.1); border-radius: 6px; border-left: 4px solid #10b981;"">A) A la màscara facial.</div><hr style=""border: 0; border-top: 1px solid #ddd; margin: 12px 0;""><div style=""font-size: 13px; color: #444; line-height: 1.4;""><b style=""color: #111;"">Explicació:</b> El regulador a demanda s’acobla directament a la màscara facial.</div></div>","T20_-_Equips_de_proteccio_individual_EPI","21696"
"<div style=""text-align: left; font-family: -apple-system, sans-serif;""><div style=""font-size: 11px; color: #888; margin-bottom: 6px;"">[T20 - Equips de protecció individual (EPI)] Pregunta 96</div><div style=""font-weight: bold; font-size: 16px; margin-bottom: 14px; line-height: 1.4;"">Què s’ha de fer després de l’activitat controlada de durada fixa per calcular el consum personal?</div><div style=""font-size: 14px; line-height: 1.6;""><div style=""padding: 5px 0;""><b>A)</b> Anotar la pressió final.</div><div style=""padding: 5px 0;""><b>B)</b> Activar l’alarma d’immobilitat.</div><div style=""padding: 5px 0;""><b>C)</b> Desconnectar el reductor de pressió.</div><div style=""padding: 5px 0;""><b>D)</b> Recarregar l’ampolla abans de llegir el manòmetre.</div></div></div>","<div style=""text-align: left; font-family: -apple-system, sans-serif;""><div style=""font-weight: bold; font-size: 16px; color: #10b981; margin-bottom: 8px;"">✓ Resposta Correcta: A</div><div style=""font-size: 14px; margin-bottom: 12px; padding: 10px; background: rgba(16,185,129,0.1); border-radius: 6px; border-left: 4px solid #10b981;"">A) Anotar la pressió final.</div><hr style=""border: 0; border-top: 1px solid #ddd; margin: 12px 0;""><div style=""font-size: 13px; color: #444; line-height: 1.4;""><b style=""color: #111;"">Explicació:</b> Després de l’activitat es registra la pressió final per obtenir la caiguda de pressió.</div></div>","T20_-_Equips_de_proteccio_individual_EPI","21727"
"<div style=""text-align: left; font-family: -apple-system, sans-serif;""><div style=""font-size: 11px; color: #888; margin-bottom: 6px;"">[T20 - Equips de protecció individual (EPI)] Pregunta 97</div><div style=""font-weight: bold; font-size: 16px; margin-bottom: 14px; line-height: 1.4;"">Quina diferència d’ús hi ha entre l’ERA i una mascareta filtrant davant risc per vies aèries?</div><div style=""font-size: 14px; line-height: 1.6;""><div style=""padding: 5px 0;""><b>A)</b> L’ERA protegeix principalment la pell; la mascareta protegeix contra impactes facials.</div><div style=""padding: 5px 0;""><b>B)</b> L’ERA s’utilitza en concentracions controlades; la mascareta aporta aire net en manca d’oxigen.</div><div style=""padding: 5px 0;""><b>C)</b> L’ERA i la mascareta tenen la mateixa funció i la selecció depèn sobretot de la comoditat.</div><div style=""padding: 5px 0;""><b>D)</b> L’ERA aporta aire net en ambients hostils; la mascareta s’utilitza amb contaminants en concentracions controlades.</div></div></div>","<div style=""text-align: left; font-family: -apple-system, sans-serif;""><div style=""font-weight: bold; font-size: 16px; color: #10b981; margin-bottom: 8px;"">✓ Resposta Correcta: D</div><div style=""font-size: 14px; margin-bottom: 12px; padding: 10px; background: rgba(16,185,129,0.1); border-radius: 6px; border-left: 4px solid #10b981;"">D) L’ERA aporta aire net en ambients hostils; la mascareta s’utilitza amb contaminants en concentracions controlades.</div><hr style=""border: 0; border-top: 1px solid #ddd; margin: 12px 0;""><div style=""font-size: 13px; color: #444; line-height: 1.4;""><b style=""color: #111;"">Explicació:</b> L’ERA independitza la respiració de l’ambient; la filtració requereix una atmosfera compatible amb l’ús del filtre.</div></div>","T20_-_Equips_de_proteccio_individual_EPI","21678"
"<div style=""text-align: left; font-family: -apple-system, sans-serif;""><div style=""font-size: 11px; color: #888; margin-bottom: 6px;"">[T20 - Equips de protecció individual (EPI)] Pregunta 98</div><div style=""font-weight: bold; font-size: 16px; margin-bottom: 14px; line-height: 1.4;"">Què pot passar amb el fum i les partícules adherides a la roba o al casc hores després d’una intervenció?</div><div style=""font-size: 14px; line-height: 1.6;""><div style=""padding: 5px 0;""><b>A)</b> Poden passar a altres peces de l’EPI, però no a vehicles o instal·lacions.</div><div style=""padding: 5px 0;""><b>B)</b> Poden perdre activitat amb el temps, però no contaminar altres espais.</div><div style=""padding: 5px 0;""><b>C)</b> Poden alliberar-se de nou i generar contaminació secundària.</div><div style=""padding: 5px 0;""><b>D)</b> Poden quedar adherides de forma estable fins a la neteja, sense tornar a l’ambient.</div></div></div>","<div style=""text-align: left; font-family: -apple-system, sans-serif;""><div style=""font-weight: bold; font-size: 16px; color: #10b981; margin-bottom: 8px;"">✓ Resposta Correcta: C</div><div style=""font-size: 14px; margin-bottom: 12px; padding: 10px; background: rgba(16,185,129,0.1); border-radius: 6px; border-left: 4px solid #10b981;"">C) Poden alliberar-se de nou i generar contaminació secundària.</div><hr style=""border: 0; border-top: 1px solid #ddd; margin: 12px 0;""><div style=""font-size: 13px; color: #444; line-height: 1.4;""><b style=""color: #111;"">Explicació:</b> Els contaminants adherits poden tornar a alliberar-se hores després de la intervenció.</div></div>","T20_-_Equips_de_proteccio_individual_EPI","21773"
"<div style=""text-align: left; font-family: -apple-system, sans-serif;""><div style=""font-size: 11px; color: #888; margin-bottom: 6px;"">[T20 - Equips de protecció individual (EPI)] Pregunta 99</div><div style=""font-weight: bold; font-size: 16px; margin-bottom: 14px; line-height: 1.4;"">Quina norma defineix requisits mínims dels guants de protecció per a bombers?</div><div style=""font-size: 14px; line-height: 1.6;""><div style=""padding: 5px 0;""><b>A)</b> EN 15614.</div><div style=""padding: 5px 0;""><b>B)</b> EN 443.</div><div style=""padding: 5px 0;""><b>C)</b> EN 659.</div><div style=""padding: 5px 0;""><b>D)</b> EN 15090.</div></div></div>","<div style=""text-align: left; font-family: -apple-system, sans-serif;""><div style=""font-weight: bold; font-size: 16px; color: #10b981; margin-bottom: 8px;"">✓ Resposta Correcta: C</div><div style=""font-size: 14px; margin-bottom: 12px; padding: 10px; background: rgba(16,185,129,0.1); border-radius: 6px; border-left: 4px solid #10b981;"">C) EN 659.</div><hr style=""border: 0; border-top: 1px solid #ddd; margin: 12px 0;""><div style=""font-size: 13px; color: #444; line-height: 1.4;""><b style=""color: #111;"">Explicació:</b> L’EN 659 regula els guants de protecció per a bombers.</div></div>","T20_-_Equips_de_proteccio_individual_EPI","21628"
"<div style=""text-align: left; font-family: -apple-system, sans-serif;""><div style=""font-size: 11px; color: #888; margin-bottom: 6px;"">[T20 - Equips de protecció individual (EPI)] Pregunta 100</div><div style=""font-weight: bold; font-size: 16px; margin-bottom: 14px; line-height: 1.4;"">Quina relació és correcta per a una exposició a agents atmosfèrics moderats?</div><div style=""font-size: 14px; line-height: 1.6;""><div style=""padding: 5px 0;""><b>A)</b> Categoria I i folre polar.</div><div style=""padding: 5px 0;""><b>B)</b> Categoria II i vestit de protecció química.</div><div style=""padding: 5px 0;""><b>C)</b> Categoria III i guants criogènics.</div><div style=""padding: 5px 0;""><b>D)</b> Categoria III i arnès anticaigudes.</div></div></div>","<div style=""text-align: left; font-family: -apple-system, sans-serif;""><div style=""font-weight: bold; font-size: 16px; color: #10b981; margin-bottom: 8px;"">✓ Resposta Correcta: A</div><div style=""font-size: 14px; margin-bottom: 12px; padding: 10px; background: rgba(16,185,129,0.1); border-radius: 6px; border-left: 4px solid #10b981;"">A) Categoria I i folre polar.</div><hr style=""border: 0; border-top: 1px solid #ddd; margin: 12px 0;""><div style=""font-size: 13px; color: #444; line-height: 1.4;""><b style=""color: #111;"">Explicació:</b> Els agents atmosfèrics moderats s’inclouen entre els riscos mínims de categoria I; el folre polar n’és un exemple.</div></div>","T20_-_Equips_de_proteccio_individual_EPI","21596"
"<div style=""text-align: left; font-family: -apple-system, sans-serif;""><div style=""font-size: 11px; color: #888; margin-bottom: 6px;"">[T20 - Equips de protecció individual (EPI)] Pregunta 101</div><div style=""font-weight: bold; font-size: 16px; margin-bottom: 14px; line-height: 1.4;"">Per a què serveixen les corretges regulables de l’arnès de l’ERA?</div><div style=""font-size: 14px; line-height: 1.6;""><div style=""padding: 5px 0;""><b>A)</b> Per activar el regulador a demanda.</div><div style=""padding: 5px 0;""><b>B)</b> Per modificar la pressió de càrrega de l’ampolla.</div><div style=""padding: 5px 0;""><b>C)</b> Per ajustar el llindar de l’alarma de reserva.</div><div style=""padding: 5px 0;""><b>D)</b> Per adaptar l’equip a diferents morfologies.</div></div></div>","<div style=""text-align: left; font-family: -apple-system, sans-serif;""><div style=""font-weight: bold; font-size: 16px; color: #10b981; margin-bottom: 8px;"">✓ Resposta Correcta: D</div><div style=""font-size: 14px; margin-bottom: 12px; padding: 10px; background: rgba(16,185,129,0.1); border-radius: 6px; border-left: 4px solid #10b981;"">D) Per adaptar l’equip a diferents morfologies.</div><hr style=""border: 0; border-top: 1px solid #ddd; margin: 12px 0;""><div style=""font-size: 13px; color: #444; line-height: 1.4;""><b style=""color: #111;"">Explicació:</b> Les corretges permeten ajustar el suport dorsal a la constitució de cada usuari.</div></div>","T20_-_Equips_de_proteccio_individual_EPI","21701"
"<div style=""text-align: left; font-family: -apple-system, sans-serif;""><div style=""font-size: 11px; color: #888; margin-bottom: 6px;"">[T20 - Equips de protecció individual (EPI)] Pregunta 102</div><div style=""font-weight: bold; font-size: 16px; margin-bottom: 14px; line-height: 1.4;"">De quin material es descriu el casc lleuger forestal i tècnic?</div><div style=""font-size: 14px; line-height: 1.6;""><div style=""padding: 5px 0;""><b>A)</b> Aliatge metàl·lic recobert amb teixit ignífug.</div><div style=""padding: 5px 0;""><b>B)</b> Fibra de vidre amb matriu flexible de neoprè.</div><div style=""padding: 5px 0;""><b>C)</b> Termoplàstics de poliamida sense reforç de fibra.</div><div style=""padding: 5px 0;""><b>D)</b> Termoplàstics de poliamida reforçada amb fibra de vidre.</div></div></div>","<div style=""text-align: left; font-family: -apple-system, sans-serif;""><div style=""font-weight: bold; font-size: 16px; color: #10b981; margin-bottom: 8px;"">✓ Resposta Correcta: D</div><div style=""font-size: 14px; margin-bottom: 12px; padding: 10px; background: rgba(16,185,129,0.1); border-radius: 6px; border-left: 4px solid #10b981;"">D) Termoplàstics de poliamida reforçada amb fibra de vidre.</div><hr style=""border: 0; border-top: 1px solid #ddd; margin: 12px 0;""><div style=""font-size: 13px; color: #444; line-height: 1.4;""><b style=""color: #111;"">Explicació:</b> El casc lleuger es fabrica amb termoplàstics de poliamida reforçada amb fibra de vidre.</div></div>","T20_-_Equips_de_proteccio_individual_EPI","21635"
"<div style=""text-align: left; font-family: -apple-system, sans-serif;""><div style=""font-size: 11px; color: #888; margin-bottom: 6px;"">[T20 - Equips de protecció individual (EPI)] Pregunta 103</div><div style=""font-weight: bold; font-size: 16px; margin-bottom: 14px; line-height: 1.4;"">Què representa l’autonomia operativa d’un ERA?</div><div style=""font-size: 14px; line-height: 1.6;""><div style=""padding: 5px 0;""><b>A)</b> El temps real de treball abans d’haver d’iniciar la sortida.</div><div style=""padding: 5px 0;""><b>B)</b> El temps necessari per completar la revisió de l’equip.</div><div style=""padding: 5px 0;""><b>C)</b> El temps que triga el reductor a estabilitzar la pressió.</div><div style=""padding: 5px 0;""><b>D)</b> El temps fins que la pressió arriba exactament a 0 bars.</div></div></div>","<div style=""text-align: left; font-family: -apple-system, sans-serif;""><div style=""font-weight: bold; font-size: 16px; color: #10b981; margin-bottom: 8px;"">✓ Resposta Correcta: A</div><div style=""font-size: 14px; margin-bottom: 12px; padding: 10px; background: rgba(16,185,129,0.1); border-radius: 6px; border-left: 4px solid #10b981;"">A) El temps real de treball abans d’haver d’iniciar la sortida.</div><hr style=""border: 0; border-top: 1px solid #ddd; margin: 12px 0;""><div style=""font-size: 13px; color: #444; line-height: 1.4;""><b style=""color: #111;"">Explicació:</b> L’autonomia operativa ha d’incloure el marge necessari per iniciar una sortida segura.</div></div>","T20_-_Equips_de_proteccio_individual_EPI","21741"
"<div style=""text-align: left; font-family: -apple-system, sans-serif;""><div style=""font-size: 11px; color: #888; margin-bottom: 6px;"">[T20 - Equips de protecció individual (EPI)] Pregunta 104</div><div style=""font-weight: bold; font-size: 16px; margin-bottom: 14px; line-height: 1.4;"">Amb una ampolla de 5 L, un bomber consumeix 60 L/min durant 5 minuts partint de 300 bars. A quina pressió acabarà?</div><div style=""font-size: 14px; line-height: 1.6;""><div style=""padding: 5px 0;""><b>A)</b> 230 bars.</div><div style=""padding: 5px 0;""><b>B)</b> 240 bars.</div><div style=""padding: 5px 0;""><b>C)</b> 250 bars.</div><div style=""padding: 5px 0;""><b>D)</b> 220 bars.</div></div></div>","<div style=""text-align: left; font-family: -apple-system, sans-serif;""><div style=""font-weight: bold; font-size: 16px; color: #10b981; margin-bottom: 8px;"">✓ Resposta Correcta: B</div><div style=""font-size: 14px; margin-bottom: 12px; padding: 10px; background: rgba(16,185,129,0.1); border-radius: 6px; border-left: 4px solid #10b981;"">B) 240 bars.</div><hr style=""border: 0; border-top: 1px solid #ddd; margin: 12px 0;""><div style=""font-size: 13px; color: #444; line-height: 1.4;""><b style=""color: #111;"">Explicació:</b> En 5 minuts consumeix 300 L. En una ampolla de 5 L això equival a 60 bars; 300 − 60 = 240 bars.</div></div>","T20_-_Equips_de_proteccio_individual_EPI","21730"
"<div style=""text-align: left; font-family: -apple-system, sans-serif;""><div style=""font-size: 11px; color: #888; margin-bottom: 6px;"">[T20 - Equips de protecció individual (EPI)] Pregunta 105</div><div style=""font-weight: bold; font-size: 16px; margin-bottom: 14px; line-height: 1.4;"">Quin avís de pressió s’associa als 170 bars?</div><div style=""font-size: 14px; line-height: 1.6;""><div style=""padding: 5px 0;""><b>A)</b> Una seqüència acústica de «bip-bip».</div><div style=""padding: 5px 0;""><b>B)</b> Dues seqüències acústiques de «bip-bip».</div><div style=""padding: 5px 0;""><b>C)</b> Una alarma acústica fixa d’immobilitat.</div><div style=""padding: 5px 0;""><b>D)</b> Un senyal acústic continu de reserva.</div></div></div>","<div style=""text-align: left; font-family: -apple-system, sans-serif;""><div style=""font-weight: bold; font-size: 16px; color: #10b981; margin-bottom: 8px;"">✓ Resposta Correcta: A</div><div style=""font-size: 14px; margin-bottom: 12px; padding: 10px; background: rgba(16,185,129,0.1); border-radius: 6px; border-left: 4px solid #10b981;"">A) Una seqüència acústica de «bip-bip».</div><hr style=""border: 0; border-top: 1px solid #ddd; margin: 12px 0;""><div style=""font-size: 13px; color: #444; line-height: 1.4;""><b style=""color: #111;"">Explicació:</b> Als 170 bars s’indica un primer avís acústic «bip-bip».</div></div>","T20_-_Equips_de_proteccio_individual_EPI","21702"
"<div style=""text-align: left; font-family: -apple-system, sans-serif;""><div style=""font-size: 11px; color: #888; margin-bottom: 6px;"">[T20 - Equips de protecció individual (EPI)] Pregunta 106</div><div style=""font-weight: bold; font-size: 16px; margin-bottom: 14px; line-height: 1.4;"">Què tenen en comú la protecció auditiva, el calçat de seguretat i una jaqueta d’alta visibilitat en la classificació dels EPI?</div><div style=""font-size: 14px; line-height: 1.6;""><div style=""padding: 5px 0;""><b>A)</b> Són exemples d’equips destinats a riscos greus de categoria III.</div><div style=""padding: 5px 0;""><b>B)</b> Són exemples d’equips associats a riscos de categoria II.</div><div style=""padding: 5px 0;""><b>C)</b> Són equips que comparteixen necessàriament el mateix pictograma de risc.</div><div style=""padding: 5px 0;""><b>D)</b> Són exemples d’equips associats a riscos mínims de categoria I.</div></div></div>","<div style=""text-align: left; font-family: -apple-system, sans-serif;""><div style=""font-weight: bold; font-size: 16px; color: #10b981; margin-bottom: 8px;"">✓ Resposta Correcta: B</div><div style=""font-size: 14px; margin-bottom: 12px; padding: 10px; background: rgba(16,185,129,0.1); border-radius: 6px; border-left: 4px solid #10b981;"">B) Són exemples d’equips associats a riscos de categoria II.</div><hr style=""border: 0; border-top: 1px solid #ddd; margin: 12px 0;""><div style=""font-size: 13px; color: #444; line-height: 1.4;""><b style=""color: #111;"">Explicació:</b> Aquests equips apareixen com a exemples de categoria II, destinada a riscos de gravetat intermèdia.</div></div>","T20_-_Equips_de_proteccio_individual_EPI","21597"
"<div style=""text-align: left; font-family: -apple-system, sans-serif;""><div style=""font-size: 11px; color: #888; margin-bottom: 6px;"">[T20 - Equips de protecció individual (EPI)] Pregunta 107</div><div style=""font-weight: bold; font-size: 16px; margin-bottom: 14px; line-height: 1.4;"">Quina combinació de risc i EPI és pròpia de la categoria III?</div><div style=""font-size: 14px; line-height: 1.6;""><div style=""padding: 5px 0;""><b>A)</b> Agents atmosfèrics moderats i folre polar.</div><div style=""padding: 5px 0;""><b>B)</b> Caiguda en alçada i arnès anticaigudes.</div><div style=""padding: 5px 0;""><b>C)</b> Risc de gravetat mitjana i jaqueta d’alta visibilitat.</div><div style=""padding: 5px 0;""><b>D)</b> Radiació solar i ulleres de sol.</div></div></div>","<div style=""text-align: left; font-family: -apple-system, sans-serif;""><div style=""font-weight: bold; font-size: 16px; color: #10b981; margin-bottom: 8px;"">✓ Resposta Correcta: B</div><div style=""font-size: 14px; margin-bottom: 12px; padding: 10px; background: rgba(16,185,129,0.1); border-radius: 6px; border-left: 4px solid #10b981;"">B) Caiguda en alçada i arnès anticaigudes.</div><hr style=""border: 0; border-top: 1px solid #ddd; margin: 12px 0;""><div style=""font-size: 13px; color: #444; line-height: 1.4;""><b style=""color: #111;"">Explicació:</b> Les caigudes en alçada formen part dels riscos greus de categoria III i requereixen sistemes com arnesos anticaigudes.</div></div>","T20_-_Equips_de_proteccio_individual_EPI","21593"
"<div style=""text-align: left; font-family: -apple-system, sans-serif;""><div style=""font-size: 11px; color: #888; margin-bottom: 6px;"">[T20 - Equips de protecció individual (EPI)] Pregunta 108</div><div style=""font-weight: bold; font-size: 16px; margin-bottom: 14px; line-height: 1.4;"">Un bomber passa de 300 a 250 bars en 5 minuts amb una ampolla de 6 L. Quin és el seu consum?</div><div style=""font-size: 14px; line-height: 1.6;""><div style=""padding: 5px 0;""><b>A)</b> 75 L/min.</div><div style=""padding: 5px 0;""><b>B)</b> 100 L/min.</div><div style=""padding: 5px 0;""><b>C)</b> 60 L/min.</div><div style=""padding: 5px 0;""><b>D)</b> 50 L/min.</div></div></div>","<div style=""text-align: left; font-family: -apple-system, sans-serif;""><div style=""font-weight: bold; font-size: 16px; color: #10b981; margin-bottom: 8px;"">✓ Resposta Correcta: C</div><div style=""font-size: 14px; margin-bottom: 12px; padding: 10px; background: rgba(16,185,129,0.1); border-radius: 6px; border-left: 4px solid #10b981;"">C) 60 L/min.</div><hr style=""border: 0; border-top: 1px solid #ddd; margin: 12px 0;""><div style=""font-size: 13px; color: #444; line-height: 1.4;""><b style=""color: #111;"">Explicació:</b> La caiguda és de 50 bars: (50 × 6) / 5 = 60 L/min.</div></div>","T20_-_Equips_de_proteccio_individual_EPI","21729"
"<div style=""text-align: left; font-family: -apple-system, sans-serif;""><div style=""font-size: 11px; color: #888; margin-bottom: 6px;"">[T20 - Equips de protecció individual (EPI)] Pregunta 109</div><div style=""font-weight: bold; font-size: 16px; margin-bottom: 14px; line-height: 1.4;"">Què ha de controlar especialment el bomber quan utilitza una caputxa de rescat?</div><div style=""font-size: 14px; line-height: 1.6;""><div style=""padding: 5px 0;""><b>A)</b> La seva autonomia d’aire.</div><div style=""padding: 5px 0;""><b>B)</b> El cabal del regulador.</div><div style=""padding: 5px 0;""><b>C)</b> La temperatura de la caputxa.</div><div style=""padding: 5px 0;""><b>D)</b> La pressió exterior.</div></div></div>","<div style=""text-align: left; font-family: -apple-system, sans-serif;""><div style=""font-weight: bold; font-size: 16px; color: #10b981; margin-bottom: 8px;"">✓ Resposta Correcta: A</div><div style=""font-size: 14px; margin-bottom: 12px; padding: 10px; background: rgba(16,185,129,0.1); border-radius: 6px; border-left: 4px solid #10b981;"">A) La seva autonomia d’aire.</div><hr style=""border: 0; border-top: 1px solid #ddd; margin: 12px 0;""><div style=""font-size: 13px; color: #444; line-height: 1.4;""><b style=""color: #111;"">Explicació:</b> L’aire de l’ERA es comparteix amb la víctima i el bomber ha de vigilar la seva autonomia.</div></div>","T20_-_Equips_de_proteccio_individual_EPI","21750"
"<div style=""text-align: left; font-family: -apple-system, sans-serif;""><div style=""font-size: 11px; color: #888; margin-bottom: 6px;"">[T20 - Equips de protecció individual (EPI)] Pregunta 110</div><div style=""font-weight: bold; font-size: 16px; margin-bottom: 14px; line-height: 1.4;"">Quina és la responsabilitat global de cada bomber en la gestió dels contaminants?</div><div style=""font-size: 14px; line-height: 1.6;""><div style=""padding: 5px 0;""><b>A)</b> Centralitzar la gestió dels EPI bruts al final del torn.</div><div style=""padding: 5px 0;""><b>B)</b> Limitar la gestió a separar el material brut del material net.</div><div style=""padding: 5px 0;""><b>C)</b> Trencar la cadena de transmissió dels contaminants.</div><div style=""padding: 5px 0;""><b>D)</b> Traslladar la gestió dels contaminants al personal de manteniment.</div></div></div>","<div style=""text-align: left; font-family: -apple-system, sans-serif;""><div style=""font-weight: bold; font-size: 16px; color: #10b981; margin-bottom: 8px;"">✓ Resposta Correcta: C</div><div style=""font-size: 14px; margin-bottom: 12px; padding: 10px; background: rgba(16,185,129,0.1); border-radius: 6px; border-left: 4px solid #10b981;"">C) Trencar la cadena de transmissió dels contaminants.</div><hr style=""border: 0; border-top: 1px solid #ddd; margin: 12px 0;""><div style=""font-size: 13px; color: #444; line-height: 1.4;""><b style=""color: #111;"">Explicació:</b> Cada bomber és responsable d’evitar que els contaminants es transmetin a persones, vehicles, instal·lacions o entorns nets.</div></div>","T20_-_Equips_de_proteccio_individual_EPI","21775"
"<div style=""text-align: left; font-family: -apple-system, sans-serif;""><div style=""font-size: 11px; color: #888; margin-bottom: 6px;"">[T20 - Equips de protecció individual (EPI)] Pregunta 111</div><div style=""font-weight: bold; font-size: 16px; margin-bottom: 14px; line-height: 1.4;"">Quina norma defineix requisits de resistència tèrmica, impactes i compatibilitat amb ERA per al casc estructural?</div><div style=""font-size: 14px; line-height: 1.6;""><div style=""padding: 5px 0;""><b>A)</b> EN 659.</div><div style=""padding: 5px 0;""><b>B)</b> EN 16473.</div><div style=""padding: 5px 0;""><b>C)</b> EN 16471.</div><div style=""padding: 5px 0;""><b>D)</b> EN 443.</div></div></div>","<div style=""text-align: left; font-family: -apple-system, sans-serif;""><div style=""font-weight: bold; font-size: 16px; color: #10b981; margin-bottom: 8px;"">✓ Resposta Correcta: D</div><div style=""font-size: 14px; margin-bottom: 12px; padding: 10px; background: rgba(16,185,129,0.1); border-radius: 6px; border-left: 4px solid #10b981;"">D) EN 443.</div><hr style=""border: 0; border-top: 1px solid #ddd; margin: 12px 0;""><div style=""font-size: 13px; color: #444; line-height: 1.4;""><b style=""color: #111;"">Explicació:</b> L’EN 443 regula el casc de bombers per a incendis estructurals, inclosa la compatibilitat amb ERA.</div></div>","T20_-_Equips_de_proteccio_individual_EPI","21623"
"<div style=""text-align: left; font-family: -apple-system, sans-serif;""><div style=""font-size: 11px; color: #888; margin-bottom: 6px;"">[T20 - Equips de protecció individual (EPI)] Pregunta 112</div><div style=""font-weight: bold; font-size: 16px; margin-bottom: 14px; line-height: 1.4;"">Quin temps s’ha de considerar en la planificació de l’autonomia de l’ERA?</div><div style=""font-size: 14px; line-height: 1.6;""><div style=""padding: 5px 0;""><b>A)</b> El temps total fins que l’ampolla arriba a 0 bars.</div><div style=""padding: 5px 0;""><b>B)</b> El temps operatiu real abans d’haver d’iniciar la sortida.</div><div style=""padding: 5px 0;""><b>C)</b> El temps dedicat a revisar l’equip al parc.</div><div style=""padding: 5px 0;""><b>D)</b> El temps necessari per carregar l’ampolla.</div></div></div>","<div style=""text-align: left; font-family: -apple-system, sans-serif;""><div style=""font-weight: bold; font-size: 16px; color: #10b981; margin-bottom: 8px;"">✓ Resposta Correcta: B</div><div style=""font-size: 14px; margin-bottom: 12px; padding: 10px; background: rgba(16,185,129,0.1); border-radius: 6px; border-left: 4px solid #10b981;"">B) El temps operatiu real abans d’haver d’iniciar la sortida.</div><hr style=""border: 0; border-top: 1px solid #ddd; margin: 12px 0;""><div style=""font-size: 13px; color: #444; line-height: 1.4;""><b style=""color: #111;"">Explicació:</b> L’autonomia operativa acaba quan cal iniciar la retirada, no quan s’esgota completament l’ampolla.</div></div>","T20_-_Equips_de_proteccio_individual_EPI","21721"
"<div style=""text-align: left; font-family: -apple-system, sans-serif;""><div style=""font-size: 11px; color: #888; margin-bottom: 6px;"">[T20 - Equips de protecció individual (EPI)] Pregunta 113</div><div style=""font-weight: bold; font-size: 16px; margin-bottom: 14px; line-height: 1.4;"">Quants segons sense moviment detecta inicialment l’alarma d’immobilitat abans d’activar l’avís?</div><div style=""font-size: 14px; line-height: 1.6;""><div style=""padding: 5px 0;""><b>A)</b> 60 segons.</div><div style=""padding: 5px 0;""><b>B)</b> 20 segons.</div><div style=""padding: 5px 0;""><b>C)</b> 30 segons.</div><div style=""padding: 5px 0;""><b>D)</b> 10 segons.</div></div></div>","<div style=""text-align: left; font-family: -apple-system, sans-serif;""><div style=""font-weight: bold; font-size: 16px; color: #10b981; margin-bottom: 8px;"">✓ Resposta Correcta: C</div><div style=""font-size: 14px; margin-bottom: 12px; padding: 10px; background: rgba(16,185,129,0.1); border-radius: 6px; border-left: 4px solid #10b981;"">C) 30 segons.</div><hr style=""border: 0; border-top: 1px solid #ddd; margin: 12px 0;""><div style=""font-size: 13px; color: #444; line-height: 1.4;""><b style=""color: #111;"">Explicació:</b> El dispositiu activa l’avís després de 30 segons sense detectar moviment.</div></div>","T20_-_Equips_de_proteccio_individual_EPI","21710"
"<div style=""text-align: left; font-family: -apple-system, sans-serif;""><div style=""font-size: 11px; color: #888; margin-bottom: 6px;"">[T20 - Equips de protecció individual (EPI)] Pregunta 114</div><div style=""font-weight: bold; font-size: 16px; margin-bottom: 14px; line-height: 1.4;"">Què és el consum personal d’aire d’un bomber?</div><div style=""font-size: 14px; line-height: 1.6;""><div style=""padding: 5px 0;""><b>A)</b> El volum intern de l’ampolla mesurat abans de carregar-la.</div><div style=""padding: 5px 0;""><b>B)</b> La quantitat d’aire que utilitza per minut en unes condicions determinades.</div><div style=""padding: 5px 0;""><b>C)</b> La quantitat d’aire que queda quan s’activa l’alarma d’immobilitat.</div><div style=""padding: 5px 0;""><b>D)</b> La pressió mínima que ha de conservar l’ampolla durant el servei.</div></div></div>","<div style=""text-align: left; font-family: -apple-system, sans-serif;""><div style=""font-weight: bold; font-size: 16px; color: #10b981; margin-bottom: 8px;"">✓ Resposta Correcta: B</div><div style=""font-size: 14px; margin-bottom: 12px; padding: 10px; background: rgba(16,185,129,0.1); border-radius: 6px; border-left: 4px solid #10b981;"">B) La quantitat d’aire que utilitza per minut en unes condicions determinades.</div><hr style=""border: 0; border-top: 1px solid #ddd; margin: 12px 0;""><div style=""font-size: 13px; color: #444; line-height: 1.4;""><b style=""color: #111;"">Explicació:</b> El consum personal s’expressa com una quantitat d’aire utilitzada per unitat de temps.</div></div>","T20_-_Equips_de_proteccio_individual_EPI","21722"
"<div style=""text-align: left; font-family: -apple-system, sans-serif;""><div style=""font-size: 11px; color: #888; margin-bottom: 6px;"">[T20 - Equips de protecció individual (EPI)] Pregunta 115</div><div style=""font-weight: bold; font-size: 16px; margin-bottom: 14px; line-height: 1.4;"">Un pictograma de vestit químic mostra nombroses partícules circulars omplint la part superior d’un escut. A quin tipus correspon?</div><div style=""font-size: 14px; line-height: 1.6;""><div style=""padding: 5px 0;""><b>A)</b> Vestit de protecció tipus 4.</div><div style=""padding: 5px 0;""><b>B)</b> Vestit de protecció tipus 5.</div><div style=""padding: 5px 0;""><b>C)</b> Vestit de protecció tipus 2.</div><div style=""padding: 5px 0;""><b>D)</b> Vestit de protecció tipus 6.</div></div></div>","<div style=""text-align: left; font-family: -apple-system, sans-serif;""><div style=""font-weight: bold; font-size: 16px; color: #10b981; margin-bottom: 8px;"">✓ Resposta Correcta: B</div><div style=""font-size: 14px; margin-bottom: 12px; padding: 10px; background: rgba(16,185,129,0.1); border-radius: 6px; border-left: 4px solid #10b981;"">B) Vestit de protecció tipus 5.</div><hr style=""border: 0; border-top: 1px solid #ddd; margin: 12px 0;""><div style=""font-size: 13px; color: #444; line-height: 1.4;""><b style=""color: #111;"">Explicació:</b> El tipus 5 és hermètic a sòlids pulverulents, representats com moltes partícules dins l’escut.</div></div>","T20_-_Equips_de_proteccio_individual_EPI","21671"
"<div style=""text-align: left; font-family: -apple-system, sans-serif;""><div style=""font-size: 11px; color: #888; margin-bottom: 6px;"">[T20 - Equips de protecció individual (EPI)] Pregunta 116</div><div style=""font-weight: bold; font-size: 16px; margin-bottom: 14px; line-height: 1.4;"">Quina utilitat té registrar les revisions i incidències dels EPI?</div><div style=""font-size: 14px; line-height: 1.6;""><div style=""padding: 5px 0;""><b>A)</b> Evitar la comunicació d’incidències entre torns.</div><div style=""padding: 5px 0;""><b>B)</b> Substituir la revisió física quan no consten incidències.</div><div style=""padding: 5px 0;""><b>C)</b> Reduir les proves funcionals dels equips registrats.</div><div style=""padding: 5px 0;""><b>D)</b> Fer un seguiment real de l’estat del material.</div></div></div>","<div style=""text-align: left; font-family: -apple-system, sans-serif;""><div style=""font-weight: bold; font-size: 16px; color: #10b981; margin-bottom: 8px;"">✓ Resposta Correcta: D</div><div style=""font-size: 14px; margin-bottom: 12px; padding: 10px; background: rgba(16,185,129,0.1); border-radius: 6px; border-left: 4px solid #10b981;"">D) Fer un seguiment real de l’estat del material.</div><hr style=""border: 0; border-top: 1px solid #ddd; margin: 12px 0;""><div style=""font-size: 13px; color: #444; line-height: 1.4;""><b style=""color: #111;"">Explicació:</b> La traçabilitat permet conèixer l’historial i l’estat real de cada equip.</div></div>","T20_-_Equips_de_proteccio_individual_EPI","21759"
"<div style=""text-align: left; font-family: -apple-system, sans-serif;""><div style=""font-size: 11px; color: #888; margin-bottom: 6px;"">[T20 - Equips de protecció individual (EPI)] Pregunta 117</div><div style=""font-weight: bold; font-size: 16px; margin-bottom: 14px; line-height: 1.4;"">En quin entorn són especialment adequades les botes d’intervenció de cuir?</div><div style=""font-size: 14px; line-height: 1.6;""><div style=""padding: 5px 0;""><b>A)</b> Assistències tècniques exteriors amb prioritat de lleugeresa i flexibilitat.</div><div style=""padding: 5px 0;""><b>B)</b> Treballs prolongats en medi natural amb calor moderada.</div><div style=""padding: 5px 0;""><b>C)</b> Incendis urbans i industrials amb flames, calor radiant i caiguda de materials.</div><div style=""padding: 5px 0;""><b>D)</b> Incendis forestals amb caminades prolongades i terreny irregular.</div></div></div>","<div style=""text-align: left; font-family: -apple-system, sans-serif;""><div style=""font-weight: bold; font-size: 16px; color: #10b981; margin-bottom: 8px;"">✓ Resposta Correcta: C</div><div style=""font-size: 14px; margin-bottom: 12px; padding: 10px; background: rgba(16,185,129,0.1); border-radius: 6px; border-left: 4px solid #10b981;"">C) Incendis urbans i industrials amb flames, calor radiant i caiguda de materials.</div><hr style=""border: 0; border-top: 1px solid #ddd; margin: 12px 0;""><div style=""font-size: 13px; color: #444; line-height: 1.4;""><b style=""color: #111;"">Explicació:</b> Les botes estructurals de cuir estan pensades per a condicions extremes i risc tèrmic elevat.</div></div>","T20_-_Equips_de_proteccio_individual_EPI","21641"
"<div style=""text-align: left; font-family: -apple-system, sans-serif;""><div style=""font-size: 11px; color: #888; margin-bottom: 6px;"">[T20 - Equips de protecció individual (EPI)] Pregunta 118</div><div style=""font-weight: bold; font-size: 16px; margin-bottom: 14px; line-height: 1.4;"">Quina característica diferencia les botes forestals de les estructurals?</div><div style=""font-size: 14px; line-height: 1.6;""><div style=""padding: 5px 0;""><b>A)</b> Són més lleugeres, però ofereixen una protecció tèrmica superior a les estructurals.</div><div style=""padding: 5px 0;""><b>B)</b> Mantenen una robustesa equivalent a les estructurals, però incorporen més ventilació.</div><div style=""padding: 5px 0;""><b>C)</b> Són més lleugeres i flexibles, amb menor robustesa per afavorir el confort en caminades llargues.</div><div style=""padding: 5px 0;""><b>D)</b> Són més rígides i robustes, amb més protecció tèrmica que les estructurals.</div></div></div>","<div style=""text-align: left; font-family: -apple-system, sans-serif;""><div style=""font-weight: bold; font-size: 16px; color: #10b981; margin-bottom: 8px;"">✓ Resposta Correcta: C</div><div style=""font-size: 14px; margin-bottom: 12px; padding: 10px; background: rgba(16,185,129,0.1); border-radius: 6px; border-left: 4px solid #10b981;"">C) Són més lleugeres i flexibles, amb menor robustesa per afavorir el confort en caminades llargues.</div><hr style=""border: 0; border-top: 1px solid #ddd; margin: 12px 0;""><div style=""font-size: 13px; color: #444; line-height: 1.4;""><b style=""color: #111;"">Explicació:</b> El calçat forestal pot incorporar puntera i plantilla antiperforació, però prioritza el confort i la mobilitat sobre la robustesa estructural.</div></div>","T20_-_Equips_de_proteccio_individual_EPI","21647"
"<div style=""text-align: left; font-family: -apple-system, sans-serif;""><div style=""font-size: 11px; color: #888; margin-bottom: 6px;"">[T20 - Equips de protecció individual (EPI)] Pregunta 119</div><div style=""font-weight: bold; font-size: 16px; margin-bottom: 14px; line-height: 1.4;"">Quin conjunt de formes de transferència tèrmica queda cobert pels requisits mínims de l’EN 469?</div><div style=""font-size: 14px; line-height: 1.6;""><div style=""padding: 5px 0;""><b>A)</b> Calor radiant, calor convectiva i fred ambiental.</div><div style=""padding: 5px 0;""><b>B)</b> Calor radiant, calor convectiva i calor per contacte.</div><div style=""padding: 5px 0;""><b>C)</b> Calor per contacte, calor radiant i radiació solar.</div><div style=""padding: 5px 0;""><b>D)</b> Calor convectiva, calor per contacte i immersió.</div></div></div>","<div style=""text-align: left; font-family: -apple-system, sans-serif;""><div style=""font-weight: bold; font-size: 16px; color: #10b981; margin-bottom: 8px;"">✓ Resposta Correcta: B</div><div style=""font-size: 14px; margin-bottom: 12px; padding: 10px; background: rgba(16,185,129,0.1); border-radius: 6px; border-left: 4px solid #10b981;"">B) Calor radiant, calor convectiva i calor per contacte.</div><hr style=""border: 0; border-top: 1px solid #ddd; margin: 12px 0;""><div style=""font-size: 13px; color: #444; line-height: 1.4;""><b style=""color: #111;"">Explicació:</b> L’EN 469 exigeix protecció davant flama i davant calor radiant, convectiva i per contacte.</div></div>","T20_-_Equips_de_proteccio_individual_EPI","21609"
"<div style=""text-align: left; font-family: -apple-system, sans-serif;""><div style=""font-size: 11px; color: #888; margin-bottom: 6px;"">[T20 - Equips de protecció individual (EPI)] Pregunta 120</div><div style=""font-weight: bold; font-size: 16px; margin-bottom: 14px; line-height: 1.4;"">Amb què s’ha de relacionar el temps transcorregut durant la intervenció?</div><div style=""font-size: 14px; line-height: 1.6;""><div style=""padding: 5px 0;""><b>A)</b> Amb el consum habitual del bomber.</div><div style=""padding: 5px 0;""><b>B)</b> Amb la temperatura de càrrega de l’ampolla.</div><div style=""padding: 5px 0;""><b>C)</b> Amb el pes nominal de l’ampolla.</div><div style=""padding: 5px 0;""><b>D)</b> Amb la longitud de les mànegues.</div></div></div>","<div style=""text-align: left; font-family: -apple-system, sans-serif;""><div style=""font-weight: bold; font-size: 16px; color: #10b981; margin-bottom: 8px;"">✓ Resposta Correcta: A</div><div style=""font-size: 14px; margin-bottom: 12px; padding: 10px; background: rgba(16,185,129,0.1); border-radius: 6px; border-left: 4px solid #10b981;"">A) Amb el consum habitual del bomber.</div><hr style=""border: 0; border-top: 1px solid #ddd; margin: 12px 0;""><div style=""font-size: 13px; color: #444; line-height: 1.4;""><b style=""color: #111;"">Explicació:</b> Relacionar temps i consum habitual ajuda a detectar desviacions i anticipar la retirada.</div></div>","T20_-_Equips_de_proteccio_individual_EPI","21743"
"<div style=""text-align: left; font-family: -apple-system, sans-serif;""><div style=""font-size: 11px; color: #888; margin-bottom: 6px;"">[T20 - Equips de protecció individual (EPI)] Pregunta 121</div><div style=""font-weight: bold; font-size: 16px; margin-bottom: 14px; line-height: 1.4;"">Quina característica operativa del casc pesant facilita el treball en atmosferes hostils?</div><div style=""font-size: 14px; line-height: 1.6;""><div style=""padding: 5px 0;""><b>A)</b> La ventilació elevada per a jornades llargues.</div><div style=""padding: 5px 0;""><b>B)</b> La preparació per incorporar ulleres panoràmiques.</div><div style=""padding: 5px 0;""><b>C)</b> La compatibilitat amb l’ERA.</div><div style=""padding: 5px 0;""><b>D)</b> La lleugeresa per a treballs forestals.</div></div></div>","<div style=""text-align: left; font-family: -apple-system, sans-serif;""><div style=""font-weight: bold; font-size: 16px; color: #10b981; margin-bottom: 8px;"">✓ Resposta Correcta: C</div><div style=""font-size: 14px; margin-bottom: 12px; padding: 10px; background: rgba(16,185,129,0.1); border-radius: 6px; border-left: 4px solid #10b981;"">C) La compatibilitat amb l’ERA.</div><hr style=""border: 0; border-top: 1px solid #ddd; margin: 12px 0;""><div style=""font-size: 13px; color: #444; line-height: 1.4;""><b style=""color: #111;"">Explicació:</b> El casc estructural pesant és compatible amb els equips de respiració autònoma.</div></div>","T20_-_Equips_de_proteccio_individual_EPI","21633"
"<div style=""text-align: left; font-family: -apple-system, sans-serif;""><div style=""font-size: 11px; color: #888; margin-bottom: 6px;"">[T20 - Equips de protecció individual (EPI)] Pregunta 122</div><div style=""font-weight: bold; font-size: 16px; margin-bottom: 14px; line-height: 1.4;"">Quina capacitat total d’aire té una ampolla de 6 L carregada a 300 bars?</div><div style=""font-size: 14px; line-height: 1.6;""><div style=""padding: 5px 0;""><b>A)</b> 1.200 L.</div><div style=""padding: 5px 0;""><b>B)</b> 1.800 L.</div><div style=""padding: 5px 0;""><b>C)</b> 1.500 L.</div><div style=""padding: 5px 0;""><b>D)</b> 2.400 L.</div></div></div>","<div style=""text-align: left; font-family: -apple-system, sans-serif;""><div style=""font-weight: bold; font-size: 16px; color: #10b981; margin-bottom: 8px;"">✓ Resposta Correcta: B</div><div style=""font-size: 14px; margin-bottom: 12px; padding: 10px; background: rgba(16,185,129,0.1); border-radius: 6px; border-left: 4px solid #10b981;"">B) 1.800 L.</div><hr style=""border: 0; border-top: 1px solid #ddd; margin: 12px 0;""><div style=""font-size: 13px; color: #444; line-height: 1.4;""><b style=""color: #111;"">Explicació:</b> La capacitat total és 6 × 300 = 1.800 litres d’aire.</div></div>","T20_-_Equips_de_proteccio_individual_EPI","21733"
"<div style=""text-align: left; font-family: -apple-system, sans-serif;""><div style=""font-size: 11px; color: #888; margin-bottom: 6px;"">[T20 - Equips de protecció individual (EPI)] Pregunta 123</div><div style=""font-weight: bold; font-size: 16px; margin-bottom: 14px; line-height: 1.4;"">Quina funció tenen les connexions i mànegues d’un ERA?</div><div style=""font-size: 14px; line-height: 1.6;""><div style=""padding: 5px 0;""><b>A)</b> Mesurar el temps de treball dins la zona calenta.</div><div style=""padding: 5px 0;""><b>B)</b> Crear el segellament facial contra contaminants.</div><div style=""padding: 5px 0;""><b>C)</b> Distribuir el pes de l’ampolla sobre les espatlles.</div><div style=""padding: 5px 0;""><b>D)</b> Unir els components mitjançant conductes d’alta i baixa pressió.</div></div></div>","<div style=""text-align: left; font-family: -apple-system, sans-serif;""><div style=""font-weight: bold; font-size: 16px; color: #10b981; margin-bottom: 8px;"">✓ Resposta Correcta: D</div><div style=""font-size: 14px; margin-bottom: 12px; padding: 10px; background: rgba(16,185,129,0.1); border-radius: 6px; border-left: 4px solid #10b981;"">D) Unir els components mitjançant conductes d’alta i baixa pressió.</div><hr style=""border: 0; border-top: 1px solid #ddd; margin: 12px 0;""><div style=""font-size: 13px; color: #444; line-height: 1.4;""><b style=""color: #111;"">Explicació:</b> Les mànegues formen el circuit que comunica els diferents components a alta i baixa pressió.</div></div>","T20_-_Equips_de_proteccio_individual_EPI","21713"
"<div style=""text-align: left; font-family: -apple-system, sans-serif;""><div style=""font-size: 11px; color: #888; margin-bottom: 6px;"">[T20 - Equips de protecció individual (EPI)] Pregunta 124</div><div style=""font-weight: bold; font-size: 16px; margin-bottom: 14px; line-height: 1.4;"">Quin element obligatori de l’EPI pesant permet identificar nominalment l’intervinent?</div><div style=""font-size: 14px; line-height: 1.6;""><div style=""padding: 5px 0;""><b>A)</b> Targeta de classificació de l’EPI.</div><div style=""padding: 5px 0;""><b>B)</b> Cinta química de senyalització.</div><div style=""padding: 5px 0;""><b>C)</b> Banda fluorescent del jaquetó.</div><div style=""padding: 5px 0;""><b>D)</b> Etiqueta identificativa amb nom.</div></div></div>","<div style=""text-align: left; font-family: -apple-system, sans-serif;""><div style=""font-weight: bold; font-size: 16px; color: #10b981; margin-bottom: 8px;"">✓ Resposta Correcta: D</div><div style=""font-size: 14px; margin-bottom: 12px; padding: 10px; background: rgba(16,185,129,0.1); border-radius: 6px; border-left: 4px solid #10b981;"">D) Etiqueta identificativa amb nom.</div><hr style=""border: 0; border-top: 1px solid #ddd; margin: 12px 0;""><div style=""font-size: 13px; color: #444; line-height: 1.4;""><b style=""color: #111;"">Explicació:</b> L’EPI pesant inclou una etiqueta identificativa amb nom entre els seus elements obligatoris.</div></div>","T20_-_Equips_de_proteccio_individual_EPI","21655"
"<div style=""text-align: left; font-family: -apple-system, sans-serif;""><div style=""font-size: 11px; color: #888; margin-bottom: 6px;"">[T20 - Equips de protecció individual (EPI)] Pregunta 125</div><div style=""font-weight: bold; font-size: 16px; margin-bottom: 14px; line-height: 1.4;"">Quina condició de l’aire pot fer necessari utilitzar un ERA encara que no hi hagi fum visible?</div><div style=""font-size: 14px; line-height: 1.6;""><div style=""padding: 5px 0;""><b>A)</b> La manca d’oxigen.</div><div style=""padding: 5px 0;""><b>B)</b> Una ventilació ambiental intensa.</div><div style=""padding: 5px 0;""><b>C)</b> Una temperatura exterior elevada.</div><div style=""padding: 5px 0;""><b>D)</b> Una humitat ambiental elevada.</div></div></div>","<div style=""text-align: left; font-family: -apple-system, sans-serif;""><div style=""font-weight: bold; font-size: 16px; color: #10b981; margin-bottom: 8px;"">✓ Resposta Correcta: A</div><div style=""font-size: 14px; margin-bottom: 12px; padding: 10px; background: rgba(16,185,129,0.1); border-radius: 6px; border-left: 4px solid #10b981;"">A) La manca d’oxigen.</div><hr style=""border: 0; border-top: 1px solid #ddd; margin: 12px 0;""><div style=""font-size: 13px; color: #444; line-height: 1.4;""><b style=""color: #111;"">Explicació:</b> Una atmosfera amb manca d’oxigen és perillosa encara que no presenti fum visible.</div></div>","T20_-_Equips_de_proteccio_individual_EPI","21685"
"<div style=""text-align: left; font-family: -apple-system, sans-serif;""><div style=""font-size: 11px; color: #888; margin-bottom: 6px;"">[T20 - Equips de protecció individual (EPI)] Pregunta 126</div><div style=""font-weight: bold; font-size: 16px; margin-bottom: 14px; line-height: 1.4;"">Quina configuració defineix el vestit d’intervenció pesant?</div><div style=""font-size: 14px; line-height: 1.6;""><div style=""padding: 5px 0;""><b>A)</b> Jaquetó i sobrepantaló de dues capes sense barrera impermeable.</div><div style=""padding: 5px 0;""><b>B)</b> Jaquetó i sobrepantaló d’una sola capa de teixit ignífug.</div><div style=""padding: 5px 0;""><b>C)</b> Jaquetó i sobrepantaló de tres capes amb barreres tèrmica i impermeable.</div><div style=""padding: 5px 0;""><b>D)</b> Jaquetó i sobrepantaló de tres capes amb barrera química encapsulada.</div></div></div>","<div style=""text-align: left; font-family: -apple-system, sans-serif;""><div style=""font-weight: bold; font-size: 16px; color: #10b981; margin-bottom: 8px;"">✓ Resposta Correcta: C</div><div style=""font-size: 14px; margin-bottom: 12px; padding: 10px; background: rgba(16,185,129,0.1); border-radius: 6px; border-left: 4px solid #10b981;"">C) Jaquetó i sobrepantaló de tres capes amb barreres tèrmica i impermeable.</div><hr style=""border: 0; border-top: 1px solid #ddd; margin: 12px 0;""><div style=""font-size: 13px; color: #444; line-height: 1.4;""><b style=""color: #111;"">Explicació:</b> El vestit pesant combina jaquetó i sobrepantaló multicapa amb barreres tèrmica i impermeable.</div></div>","T20_-_Equips_de_proteccio_individual_EPI","21639"
"<div style=""text-align: left; font-family: -apple-system, sans-serif;""><div style=""font-size: 11px; color: #888; margin-bottom: 6px;"">[T20 - Equips de protecció individual (EPI)] Pregunta 127</div><div style=""font-weight: bold; font-size: 16px; margin-bottom: 14px; line-height: 1.4;"">Què valoren els indicadors tècnics en decidir la gestió d’un EPI contaminat?</div><div style=""font-size: 14px; line-height: 1.6;""><div style=""padding: 5px 0;""><b>A)</b> El perfil toxicològic i les característiques de l’escenari d’exposició.</div><div style=""padding: 5px 0;""><b>B)</b> L’estat aparent, les taques visibles i les olors detectables.</div><div style=""padding: 5px 0;""><b>C)</b> El grau de brutícia visible i l’estat superficial del material.</div><div style=""padding: 5px 0;""><b>D)</b> Els indicadors observables directament durant la inspecció bàsica.</div></div></div>","<div style=""text-align: left; font-family: -apple-system, sans-serif;""><div style=""font-weight: bold; font-size: 16px; color: #10b981; margin-bottom: 8px;"">✓ Resposta Correcta: A</div><div style=""font-size: 14px; margin-bottom: 12px; padding: 10px; background: rgba(16,185,129,0.1); border-radius: 6px; border-left: 4px solid #10b981;"">A) El perfil toxicològic i les característiques de l’escenari d’exposició.</div><hr style=""border: 0; border-top: 1px solid #ddd; margin: 12px 0;""><div style=""font-size: 13px; color: #444; line-height: 1.4;""><b style=""color: #111;"">Explicació:</b> Els indicadors tècnics tenen en compte el contaminant i les condicions en què s’ha produït l’exposició.</div></div>","T20_-_Equips_de_proteccio_individual_EPI","21779"
"<div style=""text-align: left; font-family: -apple-system, sans-serif;""><div style=""font-size: 11px; color: #888; margin-bottom: 6px;"">[T20 - Equips de protecció individual (EPI)] Pregunta 128</div><div style=""font-weight: bold; font-size: 16px; margin-bottom: 14px; line-height: 1.4;"">A més de la protecció tèrmica, quines penetracions ha de resistir el vestuari EN 469?</div><div style=""font-size: 14px; line-height: 1.6;""><div style=""padding: 5px 0;""><b>A)</b> Aigua i líquids químics aplicats a pressió.</div><div style=""padding: 5px 0;""><b>B)</b> Aigua i productes químics lleus.</div><div style=""padding: 5px 0;""><b>C)</b> Aigua i productes químics concentrats.</div><div style=""padding: 5px 0;""><b>D)</b> Aigua, gasos tòxics i vapors corrosius.</div></div></div>","<div style=""text-align: left; font-family: -apple-system, sans-serif;""><div style=""font-weight: bold; font-size: 16px; color: #10b981; margin-bottom: 8px;"">✓ Resposta Correcta: B</div><div style=""font-size: 14px; margin-bottom: 12px; padding: 10px; background: rgba(16,185,129,0.1); border-radius: 6px; border-left: 4px solid #10b981;"">B) Aigua i productes químics lleus.</div><hr style=""border: 0; border-top: 1px solid #ddd; margin: 12px 0;""><div style=""font-size: 13px; color: #444; line-height: 1.4;""><b style=""color: #111;"">Explicació:</b> La norma inclou resistència a la penetració d’aigua i de productes químics lleus.</div></div>","T20_-_Equips_de_proteccio_individual_EPI","21610"
"<div style=""text-align: left; font-family: -apple-system, sans-serif;""><div style=""font-size: 11px; color: #888; margin-bottom: 6px;"">[T20 - Equips de protecció individual (EPI)] Pregunta 129</div><div style=""font-weight: bold; font-size: 16px; margin-bottom: 14px; line-height: 1.4;"">Quin conjunt de riscos és propi de les intervencions amb EPI aquàtic?</div><div style=""font-size: 14px; line-height: 1.6;""><div style=""padding: 5px 0;""><b>A)</b> Radiació solar, talls superficials i soroll ambiental.</div><div style=""padding: 5px 0;""><b>B)</b> Ofegament, hipotèrmia i cops produïts per l’aigua o obstacles submergits.</div><div style=""padding: 5px 0;""><b>C)</b> Gasos tòxics, líquids corrosius i radiació ionitzant.</div><div style=""padding: 5px 0;""><b>D)</b> Flames, radiació intensa i caiguda de materials.</div></div></div>","<div style=""text-align: left; font-family: -apple-system, sans-serif;""><div style=""font-weight: bold; font-size: 16px; color: #10b981; margin-bottom: 8px;"">✓ Resposta Correcta: B</div><div style=""font-size: 14px; margin-bottom: 12px; padding: 10px; background: rgba(16,185,129,0.1); border-radius: 6px; border-left: 4px solid #10b981;"">B) Ofegament, hipotèrmia i cops produïts per l’aigua o obstacles submergits.</div><hr style=""border: 0; border-top: 1px solid #ddd; margin: 12px 0;""><div style=""font-size: 13px; color: #444; line-height: 1.4;""><b style=""color: #111;"">Explicació:</b> El medi aquàtic combina riscos d’ofegament i hipotèrmia amb impactes causats pel moviment de l’aigua o obstacles.</div></div>","T20_-_Equips_de_proteccio_individual_EPI","21659"
"<div style=""text-align: left; font-family: -apple-system, sans-serif;""><div style=""font-size: 11px; color: #888; margin-bottom: 6px;"">[T20 - Equips de protecció individual (EPI)] Pregunta 130</div><div style=""font-weight: bold; font-size: 16px; margin-bottom: 14px; line-height: 1.4;"">Quin risc ajuda a prevenir el càlcul de consum de l’ERA?</div><div style=""font-size: 14px; line-height: 1.6;""><div style=""padding: 5px 0;""><b>A)</b> Una lectura errònia de la capacitat volumètrica.</div><div style=""padding: 5px 0;""><b>B)</b> Una activació prematura de l’avís de 170 bars.</div><div style=""padding: 5px 0;""><b>C)</b> Una emergència per manca d’aire.</div><div style=""padding: 5px 0;""><b>D)</b> Una estimació incorrecta de la pressió inicial.</div></div></div>","<div style=""text-align: left; font-family: -apple-system, sans-serif;""><div style=""font-weight: bold; font-size: 16px; color: #10b981; margin-bottom: 8px;"">✓ Resposta Correcta: C</div><div style=""font-size: 14px; margin-bottom: 12px; padding: 10px; background: rgba(16,185,129,0.1); border-radius: 6px; border-left: 4px solid #10b981;"">C) Una emergència per manca d’aire.</div><hr style=""border: 0; border-top: 1px solid #ddd; margin: 12px 0;""><div style=""font-size: 13px; color: #444; line-height: 1.4;""><b style=""color: #111;"">Explicació:</b> El control del consum permet evitar quedar-se sense aire durant la intervenció.</div></div>","T20_-_Equips_de_proteccio_individual_EPI","21717"
"<div style=""text-align: left; font-family: -apple-system, sans-serif;""><div style=""font-size: 11px; color: #888; margin-bottom: 6px;"">[T20 - Equips de protecció individual (EPI)] Pregunta 131</div><div style=""font-weight: bold; font-size: 16px; margin-bottom: 14px; line-height: 1.4;"">Un risc que no és mínim ni pot causar conseqüències mortals o irreversibles correspon a quina categoria d’EPI?</div><div style=""font-size: 14px; line-height: 1.6;""><div style=""padding: 5px 0;""><b>A)</b> Categoria II, corresponent als riscos intermedis.</div><div style=""padding: 5px 0;""><b>B)</b> Categoria III, corresponent als riscos greus.</div><div style=""padding: 5px 0;""><b>C)</b> Categoria I, corresponent als riscos mínims.</div><div style=""padding: 5px 0;""><b>D)</b> Categoria I o III, en funció de l’equip utilitzat.</div></div></div>","<div style=""text-align: left; font-family: -apple-system, sans-serif;""><div style=""font-weight: bold; font-size: 16px; color: #10b981; margin-bottom: 8px;"">✓ Resposta Correcta: A</div><div style=""font-size: 14px; margin-bottom: 12px; padding: 10px; background: rgba(16,185,129,0.1); border-radius: 6px; border-left: 4px solid #10b981;"">A) Categoria II, corresponent als riscos intermedis.</div><hr style=""border: 0; border-top: 1px solid #ddd; margin: 12px 0;""><div style=""font-size: 13px; color: #444; line-height: 1.4;""><b style=""color: #111;"">Explicació:</b> La categoria II agrupa els riscos intermedis que no encaixen ni en els riscos mínims de la categoria I ni en els greus de la III.</div></div>","T20_-_Equips_de_proteccio_individual_EPI","21591"
"<div style=""text-align: left; font-family: -apple-system, sans-serif;""><div style=""font-size: 11px; color: #888; margin-bottom: 6px;"">[T20 - Equips de protecció individual (EPI)] Pregunta 132</div><div style=""font-weight: bold; font-size: 16px; margin-bottom: 14px; line-height: 1.4;"">Amb una ampolla de 4 L, una caiguda de 75 bars i un consum de 60 L/min, quant temps ha durat l’activitat?</div><div style=""font-size: 14px; line-height: 1.6;""><div style=""padding: 5px 0;""><b>A)</b> 5 minuts.</div><div style=""padding: 5px 0;""><b>B)</b> 4 minuts.</div><div style=""padding: 5px 0;""><b>C)</b> 8 minuts.</div><div style=""padding: 5px 0;""><b>D)</b> 6 minuts.</div></div></div>","<div style=""text-align: left; font-family: -apple-system, sans-serif;""><div style=""font-weight: bold; font-size: 16px; color: #10b981; margin-bottom: 8px;"">✓ Resposta Correcta: A</div><div style=""font-size: 14px; margin-bottom: 12px; padding: 10px; background: rgba(16,185,129,0.1); border-radius: 6px; border-left: 4px solid #10b981;"">A) 5 minuts.</div><hr style=""border: 0; border-top: 1px solid #ddd; margin: 12px 0;""><div style=""font-size: 13px; color: #444; line-height: 1.4;""><b style=""color: #111;"">Explicació:</b> L’aire consumit és 75 × 4 = 300 L. A 60 L/min, el temps és 300 / 60 = 5 minuts.</div></div>","T20_-_Equips_de_proteccio_individual_EPI","21732"
"<div style=""text-align: left; font-family: -apple-system, sans-serif;""><div style=""font-size: 11px; color: #888; margin-bottom: 6px;"">[T20 - Equips de protecció individual (EPI)] Pregunta 133</div><div style=""font-weight: bold; font-size: 16px; margin-bottom: 14px; line-height: 1.4;"">Quina part de l’aire s’ha de tenir en compte abans de calcular el temps de treball?</div><div style=""font-size: 14px; line-height: 1.6;""><div style=""padding: 5px 0;""><b>A)</b> La pressió inicial utilitzada per calcular el consum.</div><div style=""padding: 5px 0;""><b>B)</b> La reserva mínima establerta.</div><div style=""padding: 5px 0;""><b>C)</b> La diferència entre pressió inicial i final.</div><div style=""padding: 5px 0;""><b>D)</b> La pressió consumida durant l’activitat controlada.</div></div></div>","<div style=""text-align: left; font-family: -apple-system, sans-serif;""><div style=""font-weight: bold; font-size: 16px; color: #10b981; margin-bottom: 8px;"">✓ Resposta Correcta: B</div><div style=""font-size: 14px; margin-bottom: 12px; padding: 10px; background: rgba(16,185,129,0.1); border-radius: 6px; border-left: 4px solid #10b981;"">B) La reserva mínima establerta.</div><hr style=""border: 0; border-top: 1px solid #ddd; margin: 12px 0;""><div style=""font-size: 13px; color: #444; line-height: 1.4;""><b style=""color: #111;"">Explicació:</b> La reserva no s’ha de destinar a la feina operativa i s’ha de descomptar de l’aire total.</div></div>","T20_-_Equips_de_proteccio_individual_EPI","21720"
"<div style=""text-align: left; font-family: -apple-system, sans-serif;""><div style=""font-size: 11px; color: #888; margin-bottom: 6px;"">[T20 - Equips de protecció individual (EPI)] Pregunta 134</div><div style=""font-weight: bold; font-size: 16px; margin-bottom: 14px; line-height: 1.4;"">Quina combinació protegeix cap i ulls dins l’equip obligatori de l’EPI lleuger?</div><div style=""font-size: 14px; line-height: 1.6;""><div style=""padding: 5px 0;""><b>A)</b> Casc F1 i ulleres forestals.</div><div style=""padding: 5px 0;""><b>B)</b> Casc F2 i ulleres forestals.</div><div style=""padding: 5px 0;""><b>C)</b> Casc F1 i pantalla facial estructural.</div><div style=""padding: 5px 0;""><b>D)</b> Casc F2 i màscara facial d’ERA.</div></div></div>","<div style=""text-align: left; font-family: -apple-system, sans-serif;""><div style=""font-weight: bold; font-size: 16px; color: #10b981; margin-bottom: 8px;"">✓ Resposta Correcta: B</div><div style=""font-size: 14px; margin-bottom: 12px; padding: 10px; background: rgba(16,185,129,0.1); border-radius: 6px; border-left: 4px solid #10b981;"">B) Casc F2 i ulleres forestals.</div><hr style=""border: 0; border-top: 1px solid #ddd; margin: 12px 0;""><div style=""font-size: 13px; color: #444; line-height: 1.4;""><b style=""color: #111;"">Explicació:</b> El casc F2 i les ulleres forestals formen part de l’equip obligatori del nivell lleuger.</div></div>","T20_-_Equips_de_proteccio_individual_EPI","21651"
"<div style=""text-align: left; font-family: -apple-system, sans-serif;""><div style=""font-size: 11px; color: #888; margin-bottom: 6px;"">[T20 - Equips de protecció individual (EPI)] Pregunta 135</div><div style=""font-weight: bold; font-size: 16px; margin-bottom: 14px; line-height: 1.4;"">On s’ha de fer la gestió dels EPI al parc?</div><div style=""font-size: 14px; line-height: 1.6;""><div style=""padding: 5px 0;""><b>A)</b> En un espai de transició entre zona neta i zona bruta.</div><div style=""padding: 5px 0;""><b>B)</b> En una zona neta amb ventilació suficient per evitar dispersió de contaminants.</div><div style=""padding: 5px 0;""><b>C)</b> En qualsevol espai del parc si l’equip està encapsulat.</div><div style=""padding: 5px 0;""><b>D)</b> En un lloc adequat de la zona bruta o en una instal·lació amb els mitjans necessaris.</div></div></div>","<div style=""text-align: left; font-family: -apple-system, sans-serif;""><div style=""font-weight: bold; font-size: 16px; color: #10b981; margin-bottom: 8px;"">✓ Resposta Correcta: D</div><div style=""font-size: 14px; margin-bottom: 12px; padding: 10px; background: rgba(16,185,129,0.1); border-radius: 6px; border-left: 4px solid #10b981;"">D) En un lloc adequat de la zona bruta o en una instal·lació amb els mitjans necessaris.</div><hr style=""border: 0; border-top: 1px solid #ddd; margin: 12px 0;""><div style=""font-size: 13px; color: #444; line-height: 1.4;""><b style=""color: #111;"">Explicació:</b> La gestió s’ha de fer en un espai preparat per controlar la brutícia i la contaminació.</div></div>","T20_-_Equips_de_proteccio_individual_EPI","21782"
"<div style=""text-align: left; font-family: -apple-system, sans-serif;""><div style=""font-size: 11px; color: #888; margin-bottom: 6px;"">[T20 - Equips de protecció individual (EPI)] Pregunta 136</div><div style=""font-weight: bold; font-size: 16px; margin-bottom: 14px; line-height: 1.4;"">Un pictograma de vestit químic mostra línies ondulades semblants a vapors travessades per una línia horitzontal. A quin tipus correspon?</div><div style=""font-size: 14px; line-height: 1.6;""><div style=""padding: 5px 0;""><b>A)</b> Vestit de protecció tipus 5.</div><div style=""padding: 5px 0;""><b>B)</b> Vestit de protecció tipus 3.</div><div style=""padding: 5px 0;""><b>C)</b> Vestit de protecció tipus 2.</div><div style=""padding: 5px 0;""><b>D)</b> Vestit de protecció tipus 1.</div></div></div>","<div style=""text-align: left; font-family: -apple-system, sans-serif;""><div style=""font-weight: bold; font-size: 16px; color: #10b981; margin-bottom: 8px;"">✓ Resposta Correcta: C</div><div style=""font-size: 14px; margin-bottom: 12px; padding: 10px; background: rgba(16,185,129,0.1); border-radius: 6px; border-left: 4px solid #10b981;"">C) Vestit de protecció tipus 2.</div><hr style=""border: 0; border-top: 1px solid #ddd; margin: 12px 0;""><div style=""font-size: 13px; color: #444; line-height: 1.4;""><b style=""color: #111;"">Explicació:</b> El tipus 2 té un pictograma semblant al del tipus 1, però amb una línia transversal que el diferencia.</div></div>","T20_-_Equips_de_proteccio_individual_EPI","21668"
"<div style=""text-align: left; font-family: -apple-system, sans-serif;""><div style=""font-size: 11px; color: #888; margin-bottom: 6px;"">[T20 - Equips de protecció individual (EPI)] Pregunta 137</div><div style=""font-weight: bold; font-size: 16px; margin-bottom: 14px; line-height: 1.4;"">Quin escenari descriu una exposició pròpia de risc biològic?</div><div style=""font-size: 14px; line-height: 1.6;""><div style=""padding: 5px 0;""><b>A)</b> Intervenció prop de línies elèctriques amb tensió.</div><div style=""padding: 5px 0;""><b>B)</b> Rescat amb contacte potencial amb sang, fluids corporals o aigües residuals.</div><div style=""padding: 5px 0;""><b>C)</b> Incendi forestal amb calor radiant moderada i terreny irregular.</div><div style=""padding: 5px 0;""><b>D)</b> Treball amb metalls a alta temperatura i projeccions incandescents.</div></div></div>","<div style=""text-align: left; font-family: -apple-system, sans-serif;""><div style=""font-weight: bold; font-size: 16px; color: #10b981; margin-bottom: 8px;"">✓ Resposta Correcta: B</div><div style=""font-size: 14px; margin-bottom: 12px; padding: 10px; background: rgba(16,185,129,0.1); border-radius: 6px; border-left: 4px solid #10b981;"">B) Rescat amb contacte potencial amb sang, fluids corporals o aigües residuals.</div><hr style=""border: 0; border-top: 1px solid #ddd; margin: 12px 0;""><div style=""font-size: 13px; color: #444; line-height: 1.4;""><b style=""color: #111;"">Explicació:</b> El risc biològic apareix quan hi ha possible contacte amb agents infecciosos presents en sang, fluids, animals morts o aigües residuals.</div></div>","T20_-_Equips_de_proteccio_individual_EPI","21674"
"<div style=""text-align: left; font-family: -apple-system, sans-serif;""><div style=""font-size: 11px; color: #888; margin-bottom: 6px;"">[T20 - Equips de protecció individual (EPI)] Pregunta 138</div><div style=""font-weight: bold; font-size: 16px; margin-bottom: 14px; line-height: 1.4;"">A quina pressió s’indica l’activació de l’alarma de baixa pressió en una ampolla carregada a 300 bars?</div><div style=""font-size: 14px; line-height: 1.6;""><div style=""padding: 5px 0;""><b>A)</b> A 75 bars.</div><div style=""padding: 5px 0;""><b>B)</b> A 110 bars.</div><div style=""padding: 5px 0;""><b>C)</b> A 170 bars.</div><div style=""padding: 5px 0;""><b>D)</b> A 60 bars.</div></div></div>","<div style=""text-align: left; font-family: -apple-system, sans-serif;""><div style=""font-weight: bold; font-size: 16px; color: #10b981; margin-bottom: 8px;"">✓ Resposta Correcta: D</div><div style=""font-size: 14px; margin-bottom: 12px; padding: 10px; background: rgba(16,185,129,0.1); border-radius: 6px; border-left: 4px solid #10b981;"">D) A 60 bars.</div><hr style=""border: 0; border-top: 1px solid #ddd; margin: 12px 0;""><div style=""font-size: 13px; color: #444; line-height: 1.4;""><b style=""color: #111;"">Explicació:</b> La referència indicada per a l’alarma de baixa pressió és de 60 bars.</div></div>","T20_-_Equips_de_proteccio_individual_EPI","21707"
"<div style=""text-align: left; font-family: -apple-system, sans-serif;""><div style=""font-size: 11px; color: #888; margin-bottom: 6px;"">[T20 - Equips de protecció individual (EPI)] Pregunta 139</div><div style=""font-weight: bold; font-size: 16px; margin-bottom: 14px; line-height: 1.4;"">Quin conjunt de quatre factors s’utilitza per decidir si cal una gestió avançada d’un EPI?</div><div style=""font-size: 14px; line-height: 1.6;""><div style=""padding: 5px 0;""><b>A)</b> L’estat de l’equip, la freqüència d’ús, el torn responsable i la data de l’última revisió.</div><div style=""padding: 5px 0;""><b>B)</b> L’estat de l’equip, els mitjans disponibles, l’antiguitat i el cost de reposició.</div><div style=""padding: 5px 0;""><b>C)</b> L’estat de l’equip, la manca de mitjans, les instruccions del fabricant i els riscos de manipulació.</div><div style=""padding: 5px 0;""><b>D)</b> L’estat de l’equip, el tipus d’intervenció, el temps d’ús i la disponibilitat de recanvis.</div></div></div>","<div style=""text-align: left; font-family: -apple-system, sans-serif;""><div style=""font-weight: bold; font-size: 16px; color: #10b981; margin-bottom: 8px;"">✓ Resposta Correcta: C</div><div style=""font-size: 14px; margin-bottom: 12px; padding: 10px; background: rgba(16,185,129,0.1); border-radius: 6px; border-left: 4px solid #10b981;"">C) L’estat de l’equip, la manca de mitjans, les instruccions del fabricant i els riscos de manipulació.</div><hr style=""border: 0; border-top: 1px solid #ddd; margin: 12px 0;""><div style=""font-size: 13px; color: #444; line-height: 1.4;""><b style=""color: #111;"">Explicació:</b> La decisió es basa en l’estat de l’equip, els recursos disponibles, les instruccions del fabricant i els riscos associats al manteniment.</div></div>","T20_-_Equips_de_proteccio_individual_EPI","21784"
"<div style=""text-align: left; font-family: -apple-system, sans-serif;""><div style=""font-size: 11px; color: #888; margin-bottom: 6px;"">[T20 - Equips de protecció individual (EPI)] Pregunta 140</div><div style=""font-weight: bold; font-size: 16px; margin-bottom: 14px; line-height: 1.4;"">Quina seqüència correspon a l’estructura multicapa del vestit EN 469, de fora cap a dins?</div><div style=""font-size: 14px; line-height: 1.6;""><div style=""padding: 5px 0;""><b>A)</b> Barrera impermeable, capa exterior, barrera tèrmica i folre interior.</div><div style=""padding: 5px 0;""><b>B)</b> Capa exterior, barrera impermeable, barrera tèrmica i folre interior.</div><div style=""padding: 5px 0;""><b>C)</b> Capa exterior, barrera impermeable, folre interior i barrera tèrmica.</div><div style=""padding: 5px 0;""><b>D)</b> Capa exterior, barrera tèrmica, barrera impermeable i folre interior.</div></div></div>","<div style=""text-align: left; font-family: -apple-system, sans-serif;""><div style=""font-weight: bold; font-size: 16px; color: #10b981; margin-bottom: 8px;"">✓ Resposta Correcta: B</div><div style=""font-size: 14px; margin-bottom: 12px; padding: 10px; background: rgba(16,185,129,0.1); border-radius: 6px; border-left: 4px solid #10b981;"">B) Capa exterior, barrera impermeable, barrera tèrmica i folre interior.</div><hr style=""border: 0; border-top: 1px solid #ddd; margin: 12px 0;""><div style=""font-size: 13px; color: #444; line-height: 1.4;""><b style=""color: #111;"">Explicació:</b> L’estructura indicada és capa exterior, barrera impermeable, barrera tèrmica i folre interior.</div></div>","T20_-_Equips_de_proteccio_individual_EPI","21611"
"<div style=""text-align: left; font-family: -apple-system, sans-serif;""><div style=""font-size: 11px; color: #888; margin-bottom: 6px;"">[T20 - Equips de protecció individual (EPI)] Pregunta 141</div><div style=""font-weight: bold; font-size: 16px; margin-bottom: 14px; line-height: 1.4;"">Quin conjunt de peces és propi de l’EPI pesant?</div><div style=""font-size: 14px; line-height: 1.6;""><div style=""padding: 5px 0;""><b>A)</b> Jaqueta d’intervenció lleugera, pantaló forestal i botes forestals.</div><div style=""padding: 5px 0;""><b>B)</b> Jaqueta d’intervenció pesant, sobrepantaló d’intervenció i botes de cuir.</div><div style=""padding: 5px 0;""><b>C)</b> Vestit de neoprè, escarpins i guants de neoprè.</div><div style=""padding: 5px 0;""><b>D)</b> Vestit tipus 5/6, botes de cautxú i guants de nitril.</div></div></div>","<div style=""text-align: left; font-family: -apple-system, sans-serif;""><div style=""font-weight: bold; font-size: 16px; color: #10b981; margin-bottom: 8px;"">✓ Resposta Correcta: B</div><div style=""font-size: 14px; margin-bottom: 12px; padding: 10px; background: rgba(16,185,129,0.1); border-radius: 6px; border-left: 4px solid #10b981;"">B) Jaqueta d’intervenció pesant, sobrepantaló d’intervenció i botes de cuir.</div><hr style=""border: 0; border-top: 1px solid #ddd; margin: 12px 0;""><div style=""font-size: 13px; color: #444; line-height: 1.4;""><b style=""color: #111;"">Explicació:</b> El nivell pesant utilitza peces estructurals específiques, entre les quals la jaqueta pesant, el sobrepantaló i les botes de cuir.</div></div>","T20_-_Equips_de_proteccio_individual_EPI","21657"
"<div style=""text-align: left; font-family: -apple-system, sans-serif;""><div style=""font-size: 11px; color: #888; margin-bottom: 6px;"">[T20 - Equips de protecció individual (EPI)] Pregunta 142</div><div style=""font-weight: bold; font-size: 16px; margin-bottom: 14px; line-height: 1.4;"">Quin conjunt reforça específicament la protecció davant risc tèrmic?</div><div style=""font-size: 14px; line-height: 1.6;""><div style=""padding: 5px 0;""><b>A)</b> Vestit de neoprè, escarpins, guants de neoprè i armilla de flotació.</div><div style=""padding: 5px 0;""><b>B)</b> Guants d’un sol ús, ulleres forestals, FFP3 i granota impermeable.</div><div style=""padding: 5px 0;""><b>C)</b> Jaqueta i pantaló, sotacasc ignífug, guants i botes resistents a la calor.</div><div style=""padding: 5px 0;""><b>D)</b> Guants dielèctrics, catifa aïllant i eines amb aïllament homologat.</div></div></div>","<div style=""text-align: left; font-family: -apple-system, sans-serif;""><div style=""font-weight: bold; font-size: 16px; color: #10b981; margin-bottom: 8px;"">✓ Resposta Correcta: C</div><div style=""font-size: 14px; margin-bottom: 12px; padding: 10px; background: rgba(16,185,129,0.1); border-radius: 6px; border-left: 4px solid #10b981;"">C) Jaqueta i pantaló, sotacasc ignífug, guants i botes resistents a la calor.</div><hr style=""border: 0; border-top: 1px solid #ddd; margin: 12px 0;""><div style=""font-size: 13px; color: #444; line-height: 1.4;""><b style=""color: #111;"">Explicació:</b> Aquests complements busquen evitar cremades per contacte, radiació o projecció de partícules incandescents.</div></div>","T20_-_Equips_de_proteccio_individual_EPI","21664"
"<div style=""text-align: left; font-family: -apple-system, sans-serif;""><div style=""font-size: 11px; color: #888; margin-bottom: 6px;"">[T20 - Equips de protecció individual (EPI)] Pregunta 143</div><div style=""font-weight: bold; font-size: 16px; margin-bottom: 14px; line-height: 1.4;"">Quina seqüència operativa és adequada quan s’ha d’utilitzar una caputxa de rescat?</div><div style=""font-size: 14px; line-height: 1.6;""><div style=""padding: 5px 0;""><b>A)</b> Entrar, col·locar la caputxa i mantenir-se a la zona fins a completar altres tasques.</div><div style=""padding: 5px 0;""><b>B)</b> Entrar, localitzar la víctima i decidir la sortida després de comprovar la reserva.</div><div style=""padding: 5px 0;""><b>C)</b> Planificar l’entrada, col·locar la caputxa i iniciar la sortida immediata.</div><div style=""padding: 5px 0;""><b>D)</b> Col·locar la caputxa i continuar la tasca fins a l’avís de 60 bars.</div></div></div>","<div style=""text-align: left; font-family: -apple-system, sans-serif;""><div style=""font-weight: bold; font-size: 16px; color: #10b981; margin-bottom: 8px;"">✓ Resposta Correcta: C</div><div style=""font-size: 14px; margin-bottom: 12px; padding: 10px; background: rgba(16,185,129,0.1); border-radius: 6px; border-left: 4px solid #10b981;"">C) Planificar l’entrada, col·locar la caputxa i iniciar la sortida immediata.</div><hr style=""border: 0; border-top: 1px solid #ddd; margin: 12px 0;""><div style=""font-size: 13px; color: #444; line-height: 1.4;""><b style=""color: #111;"">Explicació:</b> L’ús de la caputxa exigeix una evacuació planificada i ràpida perquè el subministrament és compartit.</div></div>","T20_-_Equips_de_proteccio_individual_EPI","21752"
"<div style=""text-align: left; font-family: -apple-system, sans-serif;""><div style=""font-size: 11px; color: #888; margin-bottom: 6px;"">[T20 - Equips de protecció individual (EPI)] Pregunta 144</div><div style=""font-weight: bold; font-size: 16px; margin-bottom: 14px; line-height: 1.4;"">Quin disseny caracteritza el casc d’intervenció pesant?</div><div style=""font-size: 14px; line-height: 1.6;""><div style=""padding: 5px 0;""><b>A)</b> Casc lleuger i ventilat amb protecció principal del crani.</div><div style=""padding: 5px 0;""><b>B)</b> Casc lleuger amb protecció parcial de cap i cara.</div><div style=""padding: 5px 0;""><b>C)</b> Casc tancat i envoltant amb protecció integral de cap, cara, coll i orelles.</div><div style=""padding: 5px 0;""><b>D)</b> Casc semiobert amb ventilació elevada i visera lleugera.</div></div></div>","<div style=""text-align: left; font-family: -apple-system, sans-serif;""><div style=""font-weight: bold; font-size: 16px; color: #10b981; margin-bottom: 8px;"">✓ Resposta Correcta: C</div><div style=""font-size: 14px; margin-bottom: 12px; padding: 10px; background: rgba(16,185,129,0.1); border-radius: 6px; border-left: 4px solid #10b981;"">C) Casc tancat i envoltant amb protecció integral de cap, cara, coll i orelles.</div><hr style=""border: 0; border-top: 1px solid #ddd; margin: 12px 0;""><div style=""font-size: 13px; color: #444; line-height: 1.4;""><b style=""color: #111;"">Explicació:</b> El casc pesant és tancat i envoltant per oferir cobertura integral en entorns estructurals.</div></div>","T20_-_Equips_de_proteccio_individual_EPI","21631"
"<div style=""text-align: left; font-family: -apple-system, sans-serif;""><div style=""font-size: 11px; color: #888; margin-bottom: 6px;"">[T20 - Equips de protecció individual (EPI)] Pregunta 145</div><div style=""font-weight: bold; font-size: 16px; margin-bottom: 14px; line-height: 1.4;"">Quina norma regula les botes de bombers segons riscos estructurals, forestals o de matèries perilloses?</div><div style=""font-size: 14px; line-height: 1.6;""><div style=""padding: 5px 0;""><b>A)</b> EN 16471.</div><div style=""padding: 5px 0;""><b>B)</b> EN 15090.</div><div style=""padding: 5px 0;""><b>C)</b> EN 469.</div><div style=""padding: 5px 0;""><b>D)</b> EN 659.</div></div></div>","<div style=""text-align: left; font-family: -apple-system, sans-serif;""><div style=""font-weight: bold; font-size: 16px; color: #10b981; margin-bottom: 8px;"">✓ Resposta Correcta: B</div><div style=""font-size: 14px; margin-bottom: 12px; padding: 10px; background: rgba(16,185,129,0.1); border-radius: 6px; border-left: 4px solid #10b981;"">B) EN 15090.</div><hr style=""border: 0; border-top: 1px solid #ddd; margin: 12px 0;""><div style=""font-size: 13px; color: #444; line-height: 1.4;""><b style=""color: #111;"">Explicació:</b> L’EN 15090 regula el calçat de protecció per a bombers segons el tipus de risc.</div></div>","T20_-_Equips_de_proteccio_individual_EPI","21626"
"<div style=""text-align: left; font-family: -apple-system, sans-serif;""><div style=""font-size: 11px; color: #888; margin-bottom: 6px;"">[T20 - Equips de protecció individual (EPI)] Pregunta 146</div><div style=""font-weight: bold; font-size: 16px; margin-bottom: 14px; line-height: 1.4;"">Quina és la finalitat de l’alarma d’immobilitat de l’ERA?</div><div style=""font-size: 14px; line-height: 1.6;""><div style=""padding: 5px 0;""><b>A)</b> Indicar que la pressió ha baixat fins als 110 bars.</div><div style=""padding: 5px 0;""><b>B)</b> Facilitar la localització d’un bomber accidentat o incapacitat.</div><div style=""padding: 5px 0;""><b>C)</b> Advertir que el visor de la màscara s’ha entelat.</div><div style=""padding: 5px 0;""><b>D)</b> Assenyalar que el regulador està lliurant massa cabal.</div></div></div>","<div style=""text-align: left; font-family: -apple-system, sans-serif;""><div style=""font-weight: bold; font-size: 16px; color: #10b981; margin-bottom: 8px;"">✓ Resposta Correcta: B</div><div style=""font-size: 14px; margin-bottom: 12px; padding: 10px; background: rgba(16,185,129,0.1); border-radius: 6px; border-left: 4px solid #10b981;"">B) Facilitar la localització d’un bomber accidentat o incapacitat.</div><hr style=""border: 0; border-top: 1px solid #ddd; margin: 12px 0;""><div style=""font-size: 13px; color: #444; line-height: 1.4;""><b style=""color: #111;"">Explicació:</b> L’alarma d’immobilitat detecta manca de moviment i genera un avís sonor per localitzar l’usuari.</div></div>","T20_-_Equips_de_proteccio_individual_EPI","21709"
"<div style=""text-align: left; font-family: -apple-system, sans-serif;""><div style=""font-size: 11px; color: #888; margin-bottom: 6px;"">[T20 - Equips de protecció individual (EPI)] Pregunta 147</div><div style=""font-weight: bold; font-size: 16px; margin-bottom: 14px; line-height: 1.4;"">Quin conjunt de perills justifica reforçar l’EPI per risc mecànic?</div><div style=""font-size: 14px; line-height: 1.6;""><div style=""padding: 5px 0;""><b>A)</b> Impactes, cops, talls, caigudes o atrapaments.</div><div style=""padding: 5px 0;""><b>B)</b> Fred intens, calor elevada, pluja persistent i vent fort.</div><div style=""padding: 5px 0;""><b>C)</b> Fum, gasos tòxics, manca d’oxigen i partícules sòlides.</div><div style=""padding: 5px 0;""><b>D)</b> Sang, fluids corporals, aigües residuals i agents infecciosos.</div></div></div>","<div style=""text-align: left; font-family: -apple-system, sans-serif;""><div style=""font-weight: bold; font-size: 16px; color: #10b981; margin-bottom: 8px;"">✓ Resposta Correcta: A</div><div style=""font-size: 14px; margin-bottom: 12px; padding: 10px; background: rgba(16,185,129,0.1); border-radius: 6px; border-left: 4px solid #10b981;"">A) Impactes, cops, talls, caigudes o atrapaments.</div><hr style=""border: 0; border-top: 1px solid #ddd; margin: 12px 0;""><div style=""font-size: 13px; color: #444; line-height: 1.4;""><b style=""color: #111;"">Explicació:</b> El risc mecànic inclou impactes, cops, talls, caigudes i atrapaments, presents en situacions com esfondraments o excarceracions.</div></div>","T20_-_Equips_de_proteccio_individual_EPI","21661"
"<div style=""text-align: left; font-family: -apple-system, sans-serif;""><div style=""font-size: 11px; color: #888; margin-bottom: 6px;"">[T20 - Equips de protecció individual (EPI)] Pregunta 148</div><div style=""font-weight: bold; font-size: 16px; margin-bottom: 14px; line-height: 1.4;"">Quines condicions són adequades per emmagatzemar els EPI?</div><div style=""font-size: 14px; line-height: 1.6;""><div style=""padding: 5px 0;""><b>A)</b> Temperatura adequada, ventilació limitada i protecció davant la humitat.</div><div style=""padding: 5px 0;""><b>B)</b> Temperatura estable, ventilació elevada i exposició solar controlada.</div><div style=""padding: 5px 0;""><b>C)</b> Temperatura baixa, ventilació mínima i protecció davant productes químics.</div><div style=""padding: 5px 0;""><b>D)</b> Temperatura, ventilació i protecció adequades.</div></div></div>","<div style=""text-align: left; font-family: -apple-system, sans-serif;""><div style=""font-weight: bold; font-size: 16px; color: #10b981; margin-bottom: 8px;"">✓ Resposta Correcta: D</div><div style=""font-size: 14px; margin-bottom: 12px; padding: 10px; background: rgba(16,185,129,0.1); border-radius: 6px; border-left: 4px solid #10b981;"">D) Temperatura, ventilació i protecció adequades.</div><hr style=""border: 0; border-top: 1px solid #ddd; margin: 12px 0;""><div style=""font-size: 13px; color: #444; line-height: 1.4;""><b style=""color: #111;"">Explicació:</b> Un bon emmagatzematge protegeix els equips davant factors que acceleren el deteriorament.</div></div>","T20_-_Equips_de_proteccio_individual_EPI","21767"
"<div style=""text-align: left; font-family: -apple-system, sans-serif;""><div style=""font-size: 11px; color: #888; margin-bottom: 6px;"">[T20 - Equips de protecció individual (EPI)] Pregunta 149</div><div style=""font-weight: bold; font-size: 16px; margin-bottom: 14px; line-height: 1.4;"">Quina és la funció principal d’un ERA?</div><div style=""font-size: 14px; line-height: 1.6;""><div style=""padding: 5px 0;""><b>A)</b> Filtrar l’aire ambiental sense aportar una reserva d’aire pròpia.</div><div style=""padding: 5px 0;""><b>B)</b> Renovar l’aire de la zona d’intervenció mitjançant ventilació.</div><div style=""padding: 5px 0;""><b>C)</b> Mesurar la concentració de contaminants de l’atmosfera.</div><div style=""padding: 5px 0;""><b>D)</b> Subministrar aire respirable de forma segura i constant.</div></div></div>","<div style=""text-align: left; font-family: -apple-system, sans-serif;""><div style=""font-weight: bold; font-size: 16px; color: #10b981; margin-bottom: 8px;"">✓ Resposta Correcta: D</div><div style=""font-size: 14px; margin-bottom: 12px; padding: 10px; background: rgba(16,185,129,0.1); border-radius: 6px; border-left: 4px solid #10b981;"">D) Subministrar aire respirable de forma segura i constant.</div><hr style=""border: 0; border-top: 1px solid #ddd; margin: 12px 0;""><div style=""font-size: 13px; color: #444; line-height: 1.4;""><b style=""color: #111;"">Explicació:</b> L’equip ha de garantir un subministrament segur i constant d’aire respirable.</div></div>","T20_-_Equips_de_proteccio_individual_EPI","21681"
"<div style=""text-align: left; font-family: -apple-system, sans-serif;""><div style=""font-size: 11px; color: #888; margin-bottom: 6px;"">[T20 - Equips de protecció individual (EPI)] Pregunta 150</div><div style=""font-weight: bold; font-size: 16px; margin-bottom: 14px; line-height: 1.4;"">En el marcatge d’un EPI, un escut amb una línia en ziga-zaga que acaba sobre una base horitzontal identifica quin risc?</div><div style=""font-size: 14px; line-height: 1.6;""><div style=""padding: 5px 0;""><b>A)</b> Risc de contaminació per partícules radioactives.</div><div style=""padding: 5px 0;""><b>B)</b> Risc de foc i calor.</div><div style=""padding: 5px 0;""><b>C)</b> Risc associat al fred.</div><div style=""padding: 5px 0;""><b>D)</b> Risc d’electricitat estàtica.</div></div></div>","<div style=""text-align: left; font-family: -apple-system, sans-serif;""><div style=""font-weight: bold; font-size: 16px; color: #10b981; margin-bottom: 8px;"">✓ Resposta Correcta: D</div><div style=""font-size: 14px; margin-bottom: 12px; padding: 10px; background: rgba(16,185,129,0.1); border-radius: 6px; border-left: 4px solid #10b981;"">D) Risc d’electricitat estàtica.</div><hr style=""border: 0; border-top: 1px solid #ddd; margin: 12px 0;""><div style=""font-size: 13px; color: #444; line-height: 1.4;""><b style=""color: #111;"">Explicació:</b> La forma en ziga-zaga sobre una base correspon al pictograma d’electricitat estàtica.</div></div>","T20_-_Equips_de_proteccio_individual_EPI","21604"
"<div style=""text-align: left; font-family: -apple-system, sans-serif;""><div style=""font-size: 11px; color: #888; margin-bottom: 6px;"">[T20 - Equips de protecció individual (EPI)] Pregunta 151</div><div style=""font-weight: bold; font-size: 16px; margin-bottom: 14px; line-height: 1.4;"">A quina pressió es carrega habitualment l’ampolla d’aire d’un ERA?</div><div style=""font-size: 14px; line-height: 1.6;""><div style=""padding: 5px 0;""><b>A)</b> A 110 bars.</div><div style=""padding: 5px 0;""><b>B)</b> A 170 bars.</div><div style=""padding: 5px 0;""><b>C)</b> A 300 bars.</div><div style=""padding: 5px 0;""><b>D)</b> A 60 bars.</div></div></div>","<div style=""text-align: left; font-family: -apple-system, sans-serif;""><div style=""font-weight: bold; font-size: 16px; color: #10b981; margin-bottom: 8px;"">✓ Resposta Correcta: C</div><div style=""font-size: 14px; margin-bottom: 12px; padding: 10px; background: rgba(16,185,129,0.1); border-radius: 6px; border-left: 4px solid #10b981;"">C) A 300 bars.</div><hr style=""border: 0; border-top: 1px solid #ddd; margin: 12px 0;""><div style=""font-size: 13px; color: #444; line-height: 1.4;""><b style=""color: #111;"">Explicació:</b> La pressió de càrrega habitual indicada per a l’ampolla d’un ERA és de 300 bars.</div></div>","T20_-_Equips_de_proteccio_individual_EPI","21686"
"<div style=""text-align: left; font-family: -apple-system, sans-serif;""><div style=""font-size: 11px; color: #888; margin-bottom: 6px;"">[T20 - Equips de protecció individual (EPI)] Pregunta 152</div><div style=""font-weight: bold; font-size: 16px; margin-bottom: 14px; line-height: 1.4;"">En quin conjunt de situacions és especialment útil la caputxa de rescat?</div><div style=""font-size: 14px; line-height: 1.6;""><div style=""padding: 5px 0;""><b>A)</b> Evacuació de víctimes en zones exteriors sense contaminants.</div><div style=""padding: 5px 0;""><b>B)</b> Evacuació de víctimes en atmosferes amb pols no nociva i oxigen suficient.</div><div style=""padding: 5px 0;""><b>C)</b> Fum dens, incendis en espais confinats i atmosferes tòxiques.</div><div style=""padding: 5px 0;""><b>D)</b> Evacuació de víctimes en espais ventilats amb aire respirable.</div></div></div>","<div style=""text-align: left; font-family: -apple-system, sans-serif;""><div style=""font-weight: bold; font-size: 16px; color: #10b981; margin-bottom: 8px;"">✓ Resposta Correcta: C</div><div style=""font-size: 14px; margin-bottom: 12px; padding: 10px; background: rgba(16,185,129,0.1); border-radius: 6px; border-left: 4px solid #10b981;"">C) Fum dens, incendis en espais confinats i atmosferes tòxiques.</div><hr style=""border: 0; border-top: 1px solid #ddd; margin: 12px 0;""><div style=""font-size: 13px; color: #444; line-height: 1.4;""><b style=""color: #111;"">Explicació:</b> La caputxa s’utilitza per evacuar persones en atmosferes on respirar l’aire ambiental és perillós.</div></div>","T20_-_Equips_de_proteccio_individual_EPI","21749"
"<div style=""text-align: left; font-family: -apple-system, sans-serif;""><div style=""font-size: 11px; color: #888; margin-bottom: 6px;"">[T20 - Equips de protecció individual (EPI)] Pregunta 153</div><div style=""font-weight: bold; font-size: 16px; margin-bottom: 14px; line-height: 1.4;"">Què permet l’ERA al bomber en una atmosfera perillosa?</div><div style=""font-size: 14px; line-height: 1.6;""><div style=""padding: 5px 0;""><b>A)</b> Filtrar contaminants de l’aire exterior sense independitzar-se de l’atmosfera.</div><div style=""padding: 5px 0;""><b>B)</b> Treballar sense exposar-se als riscos derivats de la inhalació.</div><div style=""padding: 5px 0;""><b>C)</b> Mantenir una autonomia constant encara que variï l’esforç físic.</div><div style=""padding: 5px 0;""><b>D)</b> Treballar sense haver de controlar la pressió ni l’autonomia de l’equip.</div></div></div>","<div style=""text-align: left; font-family: -apple-system, sans-serif;""><div style=""font-weight: bold; font-size: 16px; color: #10b981; margin-bottom: 8px;"">✓ Resposta Correcta: B</div><div style=""font-size: 14px; margin-bottom: 12px; padding: 10px; background: rgba(16,185,129,0.1); border-radius: 6px; border-left: 4px solid #10b981;"">B) Treballar sense exposar-se als riscos derivats de la inhalació.</div><hr style=""border: 0; border-top: 1px solid #ddd; margin: 12px 0;""><div style=""font-size: 13px; color: #444; line-height: 1.4;""><b style=""color: #111;"">Explicació:</b> L’ERA aïlla la respiració del bomber dels contaminants de l’atmosfera de treball.</div></div>","T20_-_Equips_de_proteccio_individual_EPI","21684"
"<div style=""text-align: left; font-family: -apple-system, sans-serif;""><div style=""font-size: 11px; color: #888; margin-bottom: 6px;"">[T20 - Equips de protecció individual (EPI)] Pregunta 154</div><div style=""font-weight: bold; font-size: 16px; margin-bottom: 14px; line-height: 1.4;"">Què ocorre quan l’ERA arriba a l’alarma de reserva de 60 bars?</div><div style=""font-size: 14px; line-height: 1.6;""><div style=""padding: 5px 0;""><b>A)</b> S’activa el regulador a demanda per primera vegada.</div><div style=""padding: 5px 0;""><b>B)</b> S’atura automàticament el subministrament d’aire.</div><div style=""padding: 5px 0;""><b>C)</b> S’emet un únic avís i després queda silenciosa.</div><div style=""padding: 5px 0;""><b>D)</b> S’emet un so continu fins als 0 bars.</div></div></div>","<div style=""text-align: left; font-family: -apple-system, sans-serif;""><div style=""font-weight: bold; font-size: 16px; color: #10b981; margin-bottom: 8px;"">✓ Resposta Correcta: D</div><div style=""font-size: 14px; margin-bottom: 12px; padding: 10px; background: rgba(16,185,129,0.1); border-radius: 6px; border-left: 4px solid #10b981;"">D) S’emet un so continu fins als 0 bars.</div><hr style=""border: 0; border-top: 1px solid #ddd; margin: 12px 0;""><div style=""font-size: 13px; color: #444; line-height: 1.4;""><b style=""color: #111;"">Explicació:</b> L’alarma de reserva indicada als 60 bars emet un so continu fins que s’esgota la pressió.</div></div>","T20_-_Equips_de_proteccio_individual_EPI","21706"
"<div style=""text-align: left; font-family: -apple-system, sans-serif;""><div style=""font-size: 11px; color: #888; margin-bottom: 6px;"">[T20 - Equips de protecció individual (EPI)] Pregunta 155</div><div style=""font-weight: bold; font-size: 16px; margin-bottom: 14px; line-height: 1.4;"">Quina funció fa el reductor de pressió d’un ERA?</div><div style=""font-size: 14px; line-height: 1.6;""><div style=""padding: 5px 0;""><b>A)</b> Augmenta la baixa pressió abans que l’aire entri a l’ampolla.</div><div style=""padding: 5px 0;""><b>B)</b> Subministra aire directament quan el bomber inspira.</div><div style=""padding: 5px 0;""><b>C)</b> Redueix l’alta pressió de l’ampolla a una pressió de treball segura.</div><div style=""padding: 5px 0;""><b>D)</b> Mesura la pressió restant sense modificar-la.</div></div></div>","<div style=""text-align: left; font-family: -apple-system, sans-serif;""><div style=""font-weight: bold; font-size: 16px; color: #10b981; margin-bottom: 8px;"">✓ Resposta Correcta: C</div><div style=""font-size: 14px; margin-bottom: 12px; padding: 10px; background: rgba(16,185,129,0.1); border-radius: 6px; border-left: 4px solid #10b981;"">C) Redueix l’alta pressió de l’ampolla a una pressió de treball segura.</div><hr style=""border: 0; border-top: 1px solid #ddd; margin: 12px 0;""><div style=""font-size: 13px; color: #444; line-height: 1.4;""><b style=""color: #111;"">Explicació:</b> El reductor transforma la pressió elevada de l’ampolla en una pressió baixa adequada per al sistema.</div></div>","T20_-_Equips_de_proteccio_individual_EPI","21690"
"<div style=""text-align: left; font-family: -apple-system, sans-serif;""><div style=""font-size: 11px; color: #888; margin-bottom: 6px;"">[T20 - Equips de protecció individual (EPI)] Pregunta 156</div><div style=""font-weight: bold; font-size: 16px; margin-bottom: 14px; line-height: 1.4;"">Un pictograma de vestit químic mostra un raig dirigit en diagonal amb gotes projectades. A quin tipus correspon?</div><div style=""font-size: 14px; line-height: 1.6;""><div style=""padding: 5px 0;""><b>A)</b> Vestit de protecció tipus 6.</div><div style=""padding: 5px 0;""><b>B)</b> Vestit de protecció tipus 5.</div><div style=""padding: 5px 0;""><b>C)</b> Vestit de protecció tipus 4.</div><div style=""padding: 5px 0;""><b>D)</b> Vestit de protecció tipus 3.</div></div></div>","<div style=""text-align: left; font-family: -apple-system, sans-serif;""><div style=""font-weight: bold; font-size: 16px; color: #10b981; margin-bottom: 8px;"">✓ Resposta Correcta: D</div><div style=""font-size: 14px; margin-bottom: 12px; padding: 10px; background: rgba(16,185,129,0.1); border-radius: 6px; border-left: 4px solid #10b981;"">D) Vestit de protecció tipus 3.</div><hr style=""border: 0; border-top: 1px solid #ddd; margin: 12px 0;""><div style=""font-size: 13px; color: #444; line-height: 1.4;""><b style=""color: #111;"">Explicació:</b> El tipus 3 és hermètic a líquids aplicats a pressió i el pictograma representa un raig projectat.</div></div>","T20_-_Equips_de_proteccio_individual_EPI","21669"
"<div style=""text-align: left; font-family: -apple-system, sans-serif;""><div style=""font-size: 11px; color: #888; margin-bottom: 6px;"">[T20 - Equips de protecció individual (EPI)] Pregunta 157</div><div style=""font-weight: bold; font-size: 16px; margin-bottom: 14px; line-height: 1.4;"">Quines propietats ha de reunir la sola de les botes d’intervenció?</div><div style=""font-size: 14px; line-height: 1.6;""><div style=""padding: 5px 0;""><b>A)</b> Resistència a hidrocarburs, lliscament i baixa resistència a l’abrasió.</div><div style=""padding: 5px 0;""><b>B)</b> Resistència a hidrocarburs, perforació i baixa adherència.</div><div style=""padding: 5px 0;""><b>C)</b> Resistència a abrasió, lliscament i conductivitat elèctrica.</div><div style=""padding: 5px 0;""><b>D)</b> Resistència a hidrocarburs, abrasió i lliscament.</div></div></div>","<div style=""text-align: left; font-family: -apple-system, sans-serif;""><div style=""font-weight: bold; font-size: 16px; color: #10b981; margin-bottom: 8px;"">✓ Resposta Correcta: D</div><div style=""font-size: 14px; margin-bottom: 12px; padding: 10px; background: rgba(16,185,129,0.1); border-radius: 6px; border-left: 4px solid #10b981;"">D) Resistència a hidrocarburs, abrasió i lliscament.</div><hr style=""border: 0; border-top: 1px solid #ddd; margin: 12px 0;""><div style=""font-size: 13px; color: #444; line-height: 1.4;""><b style=""color: #111;"">Explicació:</b> La sola ha de conservar integritat i adherència davant hidrocarburs, desgast per abrasió i lliscament.</div></div>","T20_-_Equips_de_proteccio_individual_EPI","21644"
"<div style=""text-align: left; font-family: -apple-system, sans-serif;""><div style=""font-size: 11px; color: #888; margin-bottom: 6px;"">[T20 - Equips de protecció individual (EPI)] Pregunta 158</div><div style=""font-weight: bold; font-size: 16px; margin-bottom: 14px; line-height: 1.4;"">Quin factor psicològic pot augmentar o modificar el consum d’aire?</div><div style=""font-size: 14px; line-height: 1.6;""><div style=""padding: 5px 0;""><b>A)</b> La capacitat volumètrica de l’ampolla.</div><div style=""padding: 5px 0;""><b>B)</b> La pressió de càrrega de l’ampolla.</div><div style=""padding: 5px 0;""><b>C)</b> L’estrès i la càrrega psicològica.</div><div style=""padding: 5px 0;""><b>D)</b> La reserva mínima establerta.</div></div></div>","<div style=""text-align: left; font-family: -apple-system, sans-serif;""><div style=""font-weight: bold; font-size: 16px; color: #10b981; margin-bottom: 8px;"">✓ Resposta Correcta: C</div><div style=""font-size: 14px; margin-bottom: 12px; padding: 10px; background: rgba(16,185,129,0.1); border-radius: 6px; border-left: 4px solid #10b981;"">C) L’estrès i la càrrega psicològica.</div><hr style=""border: 0; border-top: 1px solid #ddd; margin: 12px 0;""><div style=""font-size: 13px; color: #444; line-height: 1.4;""><b style=""color: #111;"">Explicació:</b> L’estrès i la càrrega psicològica poden alterar el patró respiratori i el consum.</div></div>","T20_-_Equips_de_proteccio_individual_EPI","21725"
"<div style=""text-align: left; font-family: -apple-system, sans-serif;""><div style=""font-size: 11px; color: #888; margin-bottom: 6px;"">[T20 - Equips de protecció individual (EPI)] Pregunta 159</div><div style=""font-weight: bold; font-size: 16px; margin-bottom: 14px; line-height: 1.4;"">Quina responsabilitat té cada bomber respecte de l’equip que utilitza?</div><div style=""font-size: 14px; line-height: 1.6;""><div style=""padding: 5px 0;""><b>A)</b> Fer-ne la revisió quan l’equip hagi estat utilitzat durant una intervenció.</div><div style=""padding: 5px 0;""><b>B)</b> Revisar-lo i comunicar qualsevol incidència.</div><div style=""padding: 5px 0;""><b>C)</b> Comprovar-lo visualment i traslladar la resta de verificacions al cap de torn.</div><div style=""padding: 5px 0;""><b>D)</b> Revisar-lo i registrar les incidències quan afectin l’operativitat.</div></div></div>","<div style=""text-align: left; font-family: -apple-system, sans-serif;""><div style=""font-weight: bold; font-size: 16px; color: #10b981; margin-bottom: 8px;"">✓ Resposta Correcta: B</div><div style=""font-size: 14px; margin-bottom: 12px; padding: 10px; background: rgba(16,185,129,0.1); border-radius: 6px; border-left: 4px solid #10b981;"">B) Revisar-lo i comunicar qualsevol incidència.</div><hr style=""border: 0; border-top: 1px solid #ddd; margin: 12px 0;""><div style=""font-size: 13px; color: #444; line-height: 1.4;""><b style=""color: #111;"">Explicació:</b> Cada bomber és responsable del seu equip i de comunicar les incidències que detecti.</div></div>","T20_-_Equips_de_proteccio_individual_EPI","21758"
"<div style=""text-align: left; font-family: -apple-system, sans-serif;""><div style=""font-size: 11px; color: #888; margin-bottom: 6px;"">[T20 - Equips de protecció individual (EPI)] Pregunta 160</div><div style=""font-weight: bold; font-size: 16px; margin-bottom: 14px; line-height: 1.4;"">Un vestit que compleix trencament, abrasió i tall està satisfent quin requisit addicional de l’EN 469?</div><div style=""font-size: 14px; line-height: 1.6;""><div style=""padding: 5px 0;""><b>A)</b> Ergonomia i llibertat de moviment.</div><div style=""padding: 5px 0;""><b>B)</b> Visibilitat operativa.</div><div style=""padding: 5px 0;""><b>C)</b> Resistència a la penetració d’aigua.</div><div style=""padding: 5px 0;""><b>D)</b> Resistència mecànica.</div></div></div>","<div style=""text-align: left; font-family: -apple-system, sans-serif;""><div style=""font-weight: bold; font-size: 16px; color: #10b981; margin-bottom: 8px;"">✓ Resposta Correcta: D</div><div style=""font-size: 14px; margin-bottom: 12px; padding: 10px; background: rgba(16,185,129,0.1); border-radius: 6px; border-left: 4px solid #10b981;"">D) Resistència mecànica.</div><hr style=""border: 0; border-top: 1px solid #ddd; margin: 12px 0;""><div style=""font-size: 13px; color: #444; line-height: 1.4;""><b style=""color: #111;"">Explicació:</b> Trencament, abrasió i tall són els tres aspectes destacats dins la resistència mecànica addicional.</div></div>","T20_-_Equips_de_proteccio_individual_EPI","21612"
"<div style=""text-align: left; font-family: -apple-system, sans-serif;""><div style=""font-size: 11px; color: #888; margin-bottom: 6px;"">[T20 - Equips de protecció individual (EPI)] Pregunta 161</div><div style=""font-weight: bold; font-size: 16px; margin-bottom: 14px; line-height: 1.4;"">Quin conjunt de riscos cobreixen els requisits mínims dels guants EN 659?</div><div style=""font-size: 14px; line-height: 1.6;""><div style=""padding: 5px 0;""><b>A)</b> Ofegament, hipotèrmia, corrents i immersió.</div><div style=""padding: 5px 0;""><b>B)</b> Fred, pluja, vent i radiació solar.</div><div style=""padding: 5px 0;""><b>C)</b> Flama, calor, tall i perforació.</div><div style=""padding: 5px 0;""><b>D)</b> Gasos, vapors, esquitxades i sòlids pulverulents.</div></div></div>","<div style=""text-align: left; font-family: -apple-system, sans-serif;""><div style=""font-weight: bold; font-size: 16px; color: #10b981; margin-bottom: 8px;"">✓ Resposta Correcta: C</div><div style=""font-size: 14px; margin-bottom: 12px; padding: 10px; background: rgba(16,185,129,0.1); border-radius: 6px; border-left: 4px solid #10b981;"">C) Flama, calor, tall i perforació.</div><hr style=""border: 0; border-top: 1px solid #ddd; margin: 12px 0;""><div style=""font-size: 13px; color: #444; line-height: 1.4;""><b style=""color: #111;"">Explicació:</b> Els guants EN 659 han d’oferir protecció mínima davant flama, calor, tall i perforació.</div></div>","T20_-_Equips_de_proteccio_individual_EPI","21629"
"<div style=""text-align: left; font-family: -apple-system, sans-serif;""><div style=""font-size: 11px; color: #888; margin-bottom: 6px;"">[T20 - Equips de protecció individual (EPI)] Pregunta 162</div><div style=""font-weight: bold; font-size: 16px; margin-bottom: 14px; line-height: 1.4;"">En quin estat han d’estar les connexions i mànegues d’un ERA?</div><div style=""font-size: 14px; line-height: 1.6;""><div style=""padding: 5px 0;""><b>A)</b> Humides per evitar l’envelliment dels materials.</div><div style=""padding: 5px 0;""><b>B)</b> Lleugerament obertes per compensar la pressió exterior.</div><div style=""padding: 5px 0;""><b>C)</b> Exposades per facilitar-ne la refrigeració durant l’ús.</div><div style=""padding: 5px 0;""><b>D)</b> Lliures de fuites i protegides contra danys mecànics.</div></div></div>","<div style=""text-align: left; font-family: -apple-system, sans-serif;""><div style=""font-weight: bold; font-size: 16px; color: #10b981; margin-bottom: 8px;"">✓ Resposta Correcta: D</div><div style=""font-size: 14px; margin-bottom: 12px; padding: 10px; background: rgba(16,185,129,0.1); border-radius: 6px; border-left: 4px solid #10b981;"">D) Lliures de fuites i protegides contra danys mecànics.</div><hr style=""border: 0; border-top: 1px solid #ddd; margin: 12px 0;""><div style=""font-size: 13px; color: #444; line-height: 1.4;""><b style=""color: #111;"">Explicació:</b> La integritat del circuit exigeix absència de fuites i protecció davant possibles danys mecànics.</div></div>","T20_-_Equips_de_proteccio_individual_EPI","21714"
"<div style=""text-align: left; font-family: -apple-system, sans-serif;""><div style=""font-size: 11px; color: #888; margin-bottom: 6px;"">[T20 - Equips de protecció individual (EPI)] Pregunta 163</div><div style=""font-weight: bold; font-size: 16px; margin-bottom: 14px; line-height: 1.4;"">Què implica aplicar rigor i detall en la revisió d’un EPI?</div><div style=""font-size: 14px; line-height: 1.6;""><div style=""padding: 5px 0;""><b>A)</b> Comprovar l’aspecte exterior i fer proves funcionals quan hi hagi indicis d’avaria.</div><div style=""padding: 5px 0;""><b>B)</b> Revisar els punts principals i deixar els detalls per a la revisió periòdica.</div><div style=""padding: 5px 0;""><b>C)</b> Fer una comprovació acurada seguint les fitxes establertes.</div><div style=""padding: 5px 0;""><b>D)</b> Fer una comprovació ràpida centrada en els elements més exposats.</div></div></div>","<div style=""text-align: left; font-family: -apple-system, sans-serif;""><div style=""font-weight: bold; font-size: 16px; color: #10b981; margin-bottom: 8px;"">✓ Resposta Correcta: C</div><div style=""font-size: 14px; margin-bottom: 12px; padding: 10px; background: rgba(16,185,129,0.1); border-radius: 6px; border-left: 4px solid #10b981;"">C) Fer una comprovació acurada seguint les fitxes establertes.</div><hr style=""border: 0; border-top: 1px solid #ddd; margin: 12px 0;""><div style=""font-size: 13px; color: #444; line-height: 1.4;""><b style=""color: #111;"">Explicació:</b> La revisió ha de ser metòdica i seguir els punts de comprovació establerts.</div></div>","T20_-_Equips_de_proteccio_individual_EPI","21756"
"<div style=""text-align: left; font-family: -apple-system, sans-serif;""><div style=""font-size: 11px; color: #888; margin-bottom: 6px;"">[T20 - Equips de protecció individual (EPI)] Pregunta 164</div><div style=""font-weight: bold; font-size: 16px; margin-bottom: 14px; line-height: 1.4;"">Què permet estimar el càlcul correcte del consum d’aire d’un ERA?</div><div style=""font-size: 14px; line-height: 1.6;""><div style=""padding: 5px 0;""><b>A)</b> La pressió final de l’ampolla després de la intervenció.</div><div style=""padding: 5px 0;""><b>B)</b> La capacitat volumètrica nominal de l’ampolla.</div><div style=""padding: 5px 0;""><b>C)</b> El consum instantani sense considerar la reserva.</div><div style=""padding: 5px 0;""><b>D)</b> L’autonomia real de l’equip.</div></div></div>","<div style=""text-align: left; font-family: -apple-system, sans-serif;""><div style=""font-weight: bold; font-size: 16px; color: #10b981; margin-bottom: 8px;"">✓ Resposta Correcta: D</div><div style=""font-size: 14px; margin-bottom: 12px; padding: 10px; background: rgba(16,185,129,0.1); border-radius: 6px; border-left: 4px solid #10b981;"">D) L’autonomia real de l’equip.</div><hr style=""border: 0; border-top: 1px solid #ddd; margin: 12px 0;""><div style=""font-size: 13px; color: #444; line-height: 1.4;""><b style=""color: #111;"">Explicació:</b> El consum d’aire és una dada bàsica per estimar l’autonomia real disponible.</div></div>","T20_-_Equips_de_proteccio_individual_EPI","21715"
"<div style=""text-align: left; font-family: -apple-system, sans-serif;""><div style=""font-size: 11px; color: #888; margin-bottom: 6px;"">[T20 - Equips de protecció individual (EPI)] Pregunta 165</div><div style=""font-weight: bold; font-size: 16px; margin-bottom: 14px; line-height: 1.4;"">Com és habitualment l’estructura del vestit forestal regulat per l’EN 15614?</div><div style=""font-size: 14px; line-height: 1.6;""><div style=""padding: 5px 0;""><b>A)</b> Tres capes amb barrera tèrmica i barrera impermeable.</div><div style=""padding: 5px 0;""><b>B)</b> Dues capes de teixit ignífug amb barrera impermeable estructural.</div><div style=""padding: 5px 0;""><b>C)</b> Una sola capa de teixit convencional amb tractament hidròfug.</div><div style=""padding: 5px 0;""><b>D)</b> Una sola capa de teixit ignífug, com Nomex o equivalent.</div></div></div>","<div style=""text-align: left; font-family: -apple-system, sans-serif;""><div style=""font-weight: bold; font-size: 16px; color: #10b981; margin-bottom: 8px;"">✓ Resposta Correcta: D</div><div style=""font-size: 14px; margin-bottom: 12px; padding: 10px; background: rgba(16,185,129,0.1); border-radius: 6px; border-left: 4px solid #10b981;"">D) Una sola capa de teixit ignífug, com Nomex o equivalent.</div><hr style=""border: 0; border-top: 1px solid #ddd; margin: 12px 0;""><div style=""font-size: 13px; color: #444; line-height: 1.4;""><b style=""color: #111;"">Explicació:</b> El vestit forestal és habitualment d’una sola capa de teixit ignífug i és molt més lleuger que l’estructural.</div></div>","T20_-_Equips_de_proteccio_individual_EPI","21618"
"<div style=""text-align: left; font-family: -apple-system, sans-serif;""><div style=""font-size: 11px; color: #888; margin-bottom: 6px;"">[T20 - Equips de protecció individual (EPI)] Pregunta 166</div><div style=""font-weight: bold; font-size: 16px; margin-bottom: 14px; line-height: 1.4;"">Quin efecte té alimentar una caputxa de rescat des de l’ERA del bomber?</div><div style=""font-size: 14px; line-height: 1.6;""><div style=""padding: 5px 0;""><b>A)</b> Manté l’autonomia si la víctima respira a un ritme inferior al bomber.</div><div style=""padding: 5px 0;""><b>B)</b> Redueix el temps d’aire disponible per a l’evacuació.</div><div style=""padding: 5px 0;""><b>C)</b> Augmenta el temps disponible perquè redueix el consum del bomber.</div><div style=""padding: 5px 0;""><b>D)</b> Manté el temps disponible perquè la caputxa té un subministrament independent.</div></div></div>","<div style=""text-align: left; font-family: -apple-system, sans-serif;""><div style=""font-weight: bold; font-size: 16px; color: #10b981; margin-bottom: 8px;"">✓ Resposta Correcta: B</div><div style=""font-size: 14px; margin-bottom: 12px; padding: 10px; background: rgba(16,185,129,0.1); border-radius: 6px; border-left: 4px solid #10b981;"">B) Redueix el temps d’aire disponible per a l’evacuació.</div><hr style=""border: 0; border-top: 1px solid #ddd; margin: 12px 0;""><div style=""font-size: 13px; color: #444; line-height: 1.4;""><b style=""color: #111;"">Explicació:</b> Compartir el subministrament incrementa el consum total i escurça el temps disponible.</div></div>","T20_-_Equips_de_proteccio_individual_EPI","21751"
"<div style=""text-align: left; font-family: -apple-system, sans-serif;""><div style=""font-size: 11px; color: #888; margin-bottom: 6px;"">[T20 - Equips de protecció individual (EPI)] Pregunta 167</div><div style=""font-weight: bold; font-size: 16px; margin-bottom: 14px; line-height: 1.4;"">Quines dades de l’ampolla influeixen en l’aire total disponible?</div><div style=""font-size: 14px; line-height: 1.6;""><div style=""padding: 5px 0;""><b>A)</b> La capacitat volumètrica i la pressió de càrrega.</div><div style=""padding: 5px 0;""><b>B)</b> La reserva mínima i la pressió final de l’ampolla.</div><div style=""padding: 5px 0;""><b>C)</b> El temps de treball i la intensitat de l’esforç.</div><div style=""padding: 5px 0;""><b>D)</b> La pressió inicial i el consum personal del bomber.</div></div></div>","<div style=""text-align: left; font-family: -apple-system, sans-serif;""><div style=""font-weight: bold; font-size: 16px; color: #10b981; margin-bottom: 8px;"">✓ Resposta Correcta: A</div><div style=""font-size: 14px; margin-bottom: 12px; padding: 10px; background: rgba(16,185,129,0.1); border-radius: 6px; border-left: 4px solid #10b981;"">A) La capacitat volumètrica i la pressió de càrrega.</div><hr style=""border: 0; border-top: 1px solid #ddd; margin: 12px 0;""><div style=""font-size: 13px; color: #444; line-height: 1.4;""><b style=""color: #111;"">Explicació:</b> L’aire contingut depèn de la capacitat de l’ampolla i de la seva pressió de càrrega.</div></div>","T20_-_Equips_de_proteccio_individual_EPI","21719"
"<div style=""text-align: left; font-family: -apple-system, sans-serif;""><div style=""font-size: 11px; color: #888; margin-bottom: 6px;"">[T20 - Equips de protecció individual (EPI)] Pregunta 168</div><div style=""font-weight: bold; font-size: 16px; margin-bottom: 14px; line-height: 1.4;"">Quina referència operativa s’associa a l’avís de 170 bars?</div><div style=""font-size: 14px; line-height: 1.6;""><div style=""padding: 5px 0;""><b>A)</b> L’obligació d’aturar el subministrament d’aire.</div><div style=""padding: 5px 0;""><b>B)</b> L’arribada al 25% de la pressió inicial.</div><div style=""padding: 5px 0;""><b>C)</b> L’entrada immediata en reserva d’aire.</div><div style=""padding: 5px 0;""><b>D)</b> L’arribada aproximada a la meitat del temps de treball.</div></div></div>","<div style=""text-align: left; font-family: -apple-system, sans-serif;""><div style=""font-weight: bold; font-size: 16px; color: #10b981; margin-bottom: 8px;"">✓ Resposta Correcta: D</div><div style=""font-size: 14px; margin-bottom: 12px; padding: 10px; background: rgba(16,185,129,0.1); border-radius: 6px; border-left: 4px solid #10b981;"">D) L’arribada aproximada a la meitat del temps de treball.</div><hr style=""border: 0; border-top: 1px solid #ddd; margin: 12px 0;""><div style=""font-size: 13px; color: #444; line-height: 1.4;""><b style=""color: #111;"">Explicació:</b> L’avís de 170 bars s’associa aproximadament amb la meitat del temps de treball.</div></div>","T20_-_Equips_de_proteccio_individual_EPI","21703"
"<div style=""text-align: left; font-family: -apple-system, sans-serif;""><div style=""font-size: 11px; color: #888; margin-bottom: 6px;"">[T20 - Equips de protecció individual (EPI)] Pregunta 169</div><div style=""font-weight: bold; font-size: 16px; margin-bottom: 14px; line-height: 1.4;"">Com es desactiva una alarma d’immobilitat que ja ha quedat fixada?</div><div style=""font-size: 14px; line-height: 1.6;""><div style=""padding: 5px 0;""><b>A)</b> Movent l’usuari després que l’alarma hagi quedat fixada.</div><div style=""padding: 5px 0;""><b>B)</b> Mitjançant els botons del dispositiu de control electrònic.</div><div style=""padding: 5px 0;""><b>C)</b> Fent una inspiració profunda a través del regulador.</div><div style=""padding: 5px 0;""><b>D)</b> Desconnectant temporalment el manòmetre del circuit.</div></div></div>","<div style=""text-align: left; font-family: -apple-system, sans-serif;""><div style=""font-weight: bold; font-size: 16px; color: #10b981; margin-bottom: 8px;"">✓ Resposta Correcta: B</div><div style=""font-size: 14px; margin-bottom: 12px; padding: 10px; background: rgba(16,185,129,0.1); border-radius: 6px; border-left: 4px solid #10b981;"">B) Mitjançant els botons del dispositiu de control electrònic.</div><hr style=""border: 0; border-top: 1px solid #ddd; margin: 12px 0;""><div style=""font-size: 13px; color: #444; line-height: 1.4;""><b style=""color: #111;"">Explicació:</b> Un cop fixada, l’alarma s’ha de desactivar mitjançant els botons del dispositiu de control electrònic.</div></div>","T20_-_Equips_de_proteccio_individual_EPI","21712"
"<div style=""text-align: left; font-family: -apple-system, sans-serif;""><div style=""font-size: 11px; color: #888; margin-bottom: 6px;"">[T20 - Equips de protecció individual (EPI)] Pregunta 170</div><div style=""font-weight: bold; font-size: 16px; margin-bottom: 14px; line-height: 1.4;"">Com ajuda el registre de revisions a la gestió del material?</div><div style=""font-size: 14px; line-height: 1.6;""><div style=""padding: 5px 0;""><b>A)</b> Permet planificar reposicions.</div><div style=""padding: 5px 0;""><b>B)</b> Permet ajornar reposicions.</div><div style=""padding: 5px 0;""><b>C)</b> Permet substituir proves.</div><div style=""padding: 5px 0;""><b>D)</b> Permet reduir inspeccions.</div></div></div>","<div style=""text-align: left; font-family: -apple-system, sans-serif;""><div style=""font-weight: bold; font-size: 16px; color: #10b981; margin-bottom: 8px;"">✓ Resposta Correcta: A</div><div style=""font-size: 14px; margin-bottom: 12px; padding: 10px; background: rgba(16,185,129,0.1); border-radius: 6px; border-left: 4px solid #10b981;"">A) Permet planificar reposicions.</div><hr style=""border: 0; border-top: 1px solid #ddd; margin: 12px 0;""><div style=""font-size: 13px; color: #444; line-height: 1.4;""><b style=""color: #111;"">Explicació:</b> La informació registrada facilita anticipar necessitats de reposició.</div></div>","T20_-_Equips_de_proteccio_individual_EPI","21760"
"<div style=""text-align: left; font-family: -apple-system, sans-serif;""><div style=""font-size: 11px; color: #888; margin-bottom: 6px;"">[T20 - Equips de protecció individual (EPI)] Pregunta 171</div><div style=""font-weight: bold; font-size: 16px; margin-bottom: 14px; line-height: 1.4;"">Quins elements incorpora l’ampolla d’aire comprimit de l’ERA?</div><div style=""font-size: 14px; line-height: 1.6;""><div style=""padding: 5px 0;""><b>A)</b> Un arnès integral i una vàlvula de baixa pressió.</div><div style=""padding: 5px 0;""><b>B)</b> Un regulador a demanda i una pantalla facial.</div><div style=""padding: 5px 0;""><b>C)</b> Una alarma d’immobilitat i un visor panoràmic.</div><div style=""padding: 5px 0;""><b>D)</b> Una vàlvula de sortida i un manòmetre d’alta pressió.</div></div></div>","<div style=""text-align: left; font-family: -apple-system, sans-serif;""><div style=""font-weight: bold; font-size: 16px; color: #10b981; margin-bottom: 8px;"">✓ Resposta Correcta: D</div><div style=""font-size: 14px; margin-bottom: 12px; padding: 10px; background: rgba(16,185,129,0.1); border-radius: 6px; border-left: 4px solid #10b981;"">D) Una vàlvula de sortida i un manòmetre d’alta pressió.</div><hr style=""border: 0; border-top: 1px solid #ddd; margin: 12px 0;""><div style=""font-size: 13px; color: #444; line-height: 1.4;""><b style=""color: #111;"">Explicació:</b> L’ampolla incorpora la vàlvula de sortida i el control de la pressió d’alta.</div></div>","T20_-_Equips_de_proteccio_individual_EPI","21689"
"<div style=""text-align: left; font-family: -apple-system, sans-serif;""><div style=""font-size: 11px; color: #888; margin-bottom: 6px;"">[T20 - Equips de protecció individual (EPI)] Pregunta 172</div><div style=""font-weight: bold; font-size: 16px; margin-bottom: 14px; line-height: 1.4;"">Quin conjunt és propi del casc d’intervenció pesant?</div><div style=""font-size: 14px; line-height: 1.6;""><div style=""padding: 5px 0;""><b>A)</b> Ulleres panoràmiques i punts d’ancoratge per a protecció auditiva.</div><div style=""padding: 5px 0;""><b>B)</b> Visera clara i estructura ventilada de poliamida reforçada.</div><div style=""padding: 5px 0;""><b>C)</b> Ulleres forestals i frontal de llum acoblat al casc.</div><div style=""padding: 5px 0;""><b>D)</b> Pantalla facial ampla i clatellera ignífuga de Nomex o material aluminitzat.</div></div></div>","<div style=""text-align: left; font-family: -apple-system, sans-serif;""><div style=""font-weight: bold; font-size: 16px; color: #10b981; margin-bottom: 8px;"">✓ Resposta Correcta: D</div><div style=""font-size: 14px; margin-bottom: 12px; padding: 10px; background: rgba(16,185,129,0.1); border-radius: 6px; border-left: 4px solid #10b981;"">D) Pantalla facial ampla i clatellera ignífuga de Nomex o material aluminitzat.</div><hr style=""border: 0; border-top: 1px solid #ddd; margin: 12px 0;""><div style=""font-size: 13px; color: #444; line-height: 1.4;""><b style=""color: #111;"">Explicació:</b> El casc pesant incorpora pantalla facial ampla i clatellera ignífuga per ampliar la protecció tèrmica.</div></div>","T20_-_Equips_de_proteccio_individual_EPI","21632"
"<div style=""text-align: left; font-family: -apple-system, sans-serif;""><div style=""font-size: 11px; color: #888; margin-bottom: 6px;"">[T20 - Equips de protecció individual (EPI)] Pregunta 173</div><div style=""font-weight: bold; font-size: 16px; margin-bottom: 14px; line-height: 1.4;"">Com pot avisar l’alarma de baixa pressió de l’ERA?</div><div style=""font-size: 14px; line-height: 1.6;""><div style=""padding: 5px 0;""><b>A)</b> Amb un senyal acústic i una reducció automàtica del cabal.</div><div style=""padding: 5px 0;""><b>B)</b> Amb un bloqueig mecànic del regulador i una vibració.</div><div style=""padding: 5px 0;""><b>C)</b> Amb un senyal lluminós i una desconnexió del subministrament.</div><div style=""padding: 5px 0;""><b>D)</b> Amb un senyal acústic i/o vibratori.</div></div></div>","<div style=""text-align: left; font-family: -apple-system, sans-serif;""><div style=""font-weight: bold; font-size: 16px; color: #10b981; margin-bottom: 8px;"">✓ Resposta Correcta: D</div><div style=""font-size: 14px; margin-bottom: 12px; padding: 10px; background: rgba(16,185,129,0.1); border-radius: 6px; border-left: 4px solid #10b981;"">D) Amb un senyal acústic i/o vibratori.</div><hr style=""border: 0; border-top: 1px solid #ddd; margin: 12px 0;""><div style=""font-size: 13px; color: #444; line-height: 1.4;""><b style=""color: #111;"">Explicació:</b> L’alarma de baixa pressió alerta el bomber mitjançant un avís acústic i/o vibratori.</div></div>","T20_-_Equips_de_proteccio_individual_EPI","21708"
"<div style=""text-align: left; font-family: -apple-system, sans-serif;""><div style=""font-size: 11px; color: #888; margin-bottom: 6px;"">[T20 - Equips de protecció individual (EPI)] Pregunta 174</div><div style=""font-weight: bold; font-size: 16px; margin-bottom: 14px; line-height: 1.4;"">En quins entorns està dissenyat per actuar l’EPI aquàtic?</div><div style=""font-size: 14px; line-height: 1.6;""><div style=""padding: 5px 0;""><b>A)</b> Fuites químiques, vessaments i atmosferes corrosives.</div><div style=""padding: 5px 0;""><b>B)</b> Rius, llacs, embassaments i zones marítimes.</div><div style=""padding: 5px 0;""><b>C)</b> Incendis urbans, industrials i túnels.</div><div style=""padding: 5px 0;""><b>D)</b> Incendis forestals, pistes i terrenys naturals secs.</div></div></div>","<div style=""text-align: left; font-family: -apple-system, sans-serif;""><div style=""font-weight: bold; font-size: 16px; color: #10b981; margin-bottom: 8px;"">✓ Resposta Correcta: B</div><div style=""font-size: 14px; margin-bottom: 12px; padding: 10px; background: rgba(16,185,129,0.1); border-radius: 6px; border-left: 4px solid #10b981;"">B) Rius, llacs, embassaments i zones marítimes.</div><hr style=""border: 0; border-top: 1px solid #ddd; margin: 12px 0;""><div style=""font-size: 13px; color: #444; line-height: 1.4;""><b style=""color: #111;"">Explicació:</b> L’EPI aquàtic està pensat específicament per a intervencions en medi aquàtic interior o marítim.</div></div>","T20_-_Equips_de_proteccio_individual_EPI","21658"
"<div style=""text-align: left; font-family: -apple-system, sans-serif;""><div style=""font-size: 11px; color: #888; margin-bottom: 6px;"">[T20 - Equips de protecció individual (EPI)] Pregunta 175</div><div style=""font-weight: bold; font-size: 16px; margin-bottom: 14px; line-height: 1.4;"">Com ha de ser la revisió ordinària dels EPI?</div><div style=""font-size: 14px; line-height: 1.6;""><div style=""padding: 5px 0;""><b>A)</b> Diària i visual.</div><div style=""padding: 5px 0;""><b>B)</b> Diària i sistemàtica.</div><div style=""padding: 5px 0;""><b>C)</b> Sistemàtica i parcial.</div><div style=""padding: 5px 0;""><b>D)</b> Periòdica i selectiva.</div></div></div>","<div style=""text-align: left; font-family: -apple-system, sans-serif;""><div style=""font-weight: bold; font-size: 16px; color: #10b981; margin-bottom: 8px;"">✓ Resposta Correcta: B</div><div style=""font-size: 14px; margin-bottom: 12px; padding: 10px; background: rgba(16,185,129,0.1); border-radius: 6px; border-left: 4px solid #10b981;"">B) Diària i sistemàtica.</div><hr style=""border: 0; border-top: 1px solid #ddd; margin: 12px 0;""><div style=""font-size: 13px; color: #444; line-height: 1.4;""><b style=""color: #111;"">Explicació:</b> La regularitat i la disciplina exigeixen una revisió diària i sistemàtica.</div></div>","T20_-_Equips_de_proteccio_individual_EPI","21755"
"<div style=""text-align: left; font-family: -apple-system, sans-serif;""><div style=""font-size: 11px; color: #888; margin-bottom: 6px;"">[T20 - Equips de protecció individual (EPI)] Pregunta 176</div><div style=""font-weight: bold; font-size: 16px; margin-bottom: 14px; line-height: 1.4;"">Quines exposicions s’han d’evitar durant l’emmagatzematge dels EPI?</div><div style=""font-size: 14px; line-height: 1.6;""><div style=""padding: 5px 0;""><b>A)</b> Productes químics, ventilació i espais protegits.</div><div style=""padding: 5px 0;""><b>B)</b> Sol, humitat i variacions moderades de temperatura.</div><div style=""padding: 5px 0;""><b>C)</b> Humitat, ventilació i temperatura estable.</div><div style=""padding: 5px 0;""><b>D)</b> Sol, humitat i productes químics.</div></div></div>","<div style=""text-align: left; font-family: -apple-system, sans-serif;""><div style=""font-weight: bold; font-size: 16px; color: #10b981; margin-bottom: 8px;"">✓ Resposta Correcta: D</div><div style=""font-size: 14px; margin-bottom: 12px; padding: 10px; background: rgba(16,185,129,0.1); border-radius: 6px; border-left: 4px solid #10b981;"">D) Sol, humitat i productes químics.</div><hr style=""border: 0; border-top: 1px solid #ddd; margin: 12px 0;""><div style=""font-size: 13px; color: #444; line-height: 1.4;""><b style=""color: #111;"">Explicació:</b> Els EPI s’han de protegir de la radiació solar, la humitat i els productes químics.</div></div>","T20_-_Equips_de_proteccio_individual_EPI","21768"
"<div style=""text-align: left; font-family: -apple-system, sans-serif;""><div style=""font-size: 11px; color: #888; margin-bottom: 6px;"">[T20 - Equips de protecció individual (EPI)] Pregunta 177</div><div style=""font-weight: bold; font-size: 16px; margin-bottom: 14px; line-height: 1.4;"">Si una ampolla conté 1.800 L d’aire, quants litres corresponen a una reserva del 25%?</div><div style=""font-size: 14px; line-height: 1.6;""><div style=""padding: 5px 0;""><b>A)</b> 600 L.</div><div style=""padding: 5px 0;""><b>B)</b> 750 L.</div><div style=""padding: 5px 0;""><b>C)</b> 450 L.</div><div style=""padding: 5px 0;""><b>D)</b> 300 L.</div></div></div>","<div style=""text-align: left; font-family: -apple-system, sans-serif;""><div style=""font-weight: bold; font-size: 16px; color: #10b981; margin-bottom: 8px;"">✓ Resposta Correcta: C</div><div style=""font-size: 14px; margin-bottom: 12px; padding: 10px; background: rgba(16,185,129,0.1); border-radius: 6px; border-left: 4px solid #10b981;"">C) 450 L.</div><hr style=""border: 0; border-top: 1px solid #ddd; margin: 12px 0;""><div style=""font-size: 13px; color: #444; line-height: 1.4;""><b style=""color: #111;"">Explicació:</b> El 25% de 1.800 litres és 450 litres.</div></div>","T20_-_Equips_de_proteccio_individual_EPI","21735"
"<div style=""text-align: left; font-family: -apple-system, sans-serif;""><div style=""font-size: 11px; color: #888; margin-bottom: 6px;"">[T20 - Equips de protecció individual (EPI)] Pregunta 178</div><div style=""font-weight: bold; font-size: 16px; margin-bottom: 14px; line-height: 1.4;"">Què conté l’ampolla d’un ERA?</div><div style=""font-size: 14px; line-height: 1.6;""><div style=""padding: 5px 0;""><b>A)</b> Aire respirable a alta pressió.</div><div style=""padding: 5px 0;""><b>B)</b> Oxigen pur a alta pressió.</div><div style=""padding: 5px 0;""><b>C)</b> Aire ambiental sense comprimir.</div><div style=""padding: 5px 0;""><b>D)</b> Aire respirable a baixa pressió.</div></div></div>","<div style=""text-align: left; font-family: -apple-system, sans-serif;""><div style=""font-weight: bold; font-size: 16px; color: #10b981; margin-bottom: 8px;"">✓ Resposta Correcta: A</div><div style=""font-size: 14px; margin-bottom: 12px; padding: 10px; background: rgba(16,185,129,0.1); border-radius: 6px; border-left: 4px solid #10b981;"">A) Aire respirable a alta pressió.</div><hr style=""border: 0; border-top: 1px solid #ddd; margin: 12px 0;""><div style=""font-size: 13px; color: #444; line-height: 1.4;""><b style=""color: #111;"">Explicació:</b> L’ampolla emmagatzema aire respirable comprimit a alta pressió.</div></div>","T20_-_Equips_de_proteccio_individual_EPI","21687"
"<div style=""text-align: left; font-family: -apple-system, sans-serif;""><div style=""font-size: 11px; color: #888; margin-bottom: 6px;"">[T20 - Equips de protecció individual (EPI)] Pregunta 179</div><div style=""font-weight: bold; font-size: 16px; margin-bottom: 14px; line-height: 1.4;"">Una ampolla de 6 L a 300 bars conté 1.800 L. Si es reserva el 25%, quant aire queda per al treball?</div><div style=""font-size: 14px; line-height: 1.6;""><div style=""padding: 5px 0;""><b>A)</b> 1.350 L.</div><div style=""padding: 5px 0;""><b>B)</b> 1.200 L.</div><div style=""padding: 5px 0;""><b>C)</b> 1.500 L.</div><div style=""padding: 5px 0;""><b>D)</b> 1.650 L.</div></div></div>","<div style=""text-align: left; font-family: -apple-system, sans-serif;""><div style=""font-weight: bold; font-size: 16px; color: #10b981; margin-bottom: 8px;"">✓ Resposta Correcta: A</div><div style=""font-size: 14px; margin-bottom: 12px; padding: 10px; background: rgba(16,185,129,0.1); border-radius: 6px; border-left: 4px solid #10b981;"">A) 1.350 L.</div><hr style=""border: 0; border-top: 1px solid #ddd; margin: 12px 0;""><div style=""font-size: 13px; color: #444; line-height: 1.4;""><b style=""color: #111;"">Explicació:</b> De 1.800 litres se’n reserven 450; per al treball queden 1.350 litres.</div></div>","T20_-_Equips_de_proteccio_individual_EPI","21737"
"<div style=""text-align: left; font-family: -apple-system, sans-serif;""><div style=""font-size: 11px; color: #888; margin-bottom: 6px;"">[T20 - Equips de protecció individual (EPI)] Pregunta 180</div><div style=""font-weight: bold; font-size: 16px; margin-bottom: 14px; line-height: 1.4;"">Quina combinació de protecció és coherent davant una atmosfera química perillosa?</div><div style=""font-size: 14px; line-height: 1.6;""><div style=""padding: 5px 0;""><b>A)</b> Jaquetó estructural, guants tèrmics, botes de cuir i llanterna urbana.</div><div style=""padding: 5px 0;""><b>B)</b> Vestit de neoprè, guants de neoprè, escarpins i dispositiu flotant.</div><div style=""padding: 5px 0;""><b>C)</b> Jaqueta forestal, guants lleugers, botes de trekking i casc F2.</div><div style=""padding: 5px 0;""><b>D)</b> Vestit de protecció química, guants i botes resistents a agents químics i ERA.</div></div></div>","<div style=""text-align: left; font-family: -apple-system, sans-serif;""><div style=""font-weight: bold; font-size: 16px; color: #10b981; margin-bottom: 8px;"">✓ Resposta Correcta: D</div><div style=""font-size: 14px; margin-bottom: 12px; padding: 10px; background: rgba(16,185,129,0.1); border-radius: 6px; border-left: 4px solid #10b981;"">D) Vestit de protecció química, guants i botes resistents a agents químics i ERA.</div><hr style=""border: 0; border-top: 1px solid #ddd; margin: 12px 0;""><div style=""font-size: 13px; color: #444; line-height: 1.4;""><b style=""color: #111;"">Explicació:</b> El risc químic exigeix barreres cutànies adequades i, quan l’atmosfera ho requereix, protecció respiratòria autònoma.</div></div>","T20_-_Equips_de_proteccio_individual_EPI","21665"
"<div style=""text-align: left; font-family: -apple-system, sans-serif;""><div style=""font-size: 11px; color: #888; margin-bottom: 6px;"">[T20 - Equips de protecció individual (EPI)] Pregunta 181</div><div style=""font-weight: bold; font-size: 16px; margin-bottom: 14px; line-height: 1.4;"">Què valoren els indicadors sensorials en decidir la gestió d’un EPI contaminat?</div><div style=""font-size: 14px; line-height: 1.6;""><div style=""padding: 5px 0;""><b>A)</b> El perfil toxicològic del contaminant.</div><div style=""padding: 5px 0;""><b>B)</b> Els riscos associats a les operacions de manteniment.</div><div style=""padding: 5px 0;""><b>C)</b> L’estat aparent de l’equip.</div><div style=""padding: 5px 0;""><b>D)</b> Les característiques de l’escenari d’exposició.</div></div></div>","<div style=""text-align: left; font-family: -apple-system, sans-serif;""><div style=""font-weight: bold; font-size: 16px; color: #10b981; margin-bottom: 8px;"">✓ Resposta Correcta: C</div><div style=""font-size: 14px; margin-bottom: 12px; padding: 10px; background: rgba(16,185,129,0.1); border-radius: 6px; border-left: 4px solid #10b981;"">C) L’estat aparent de l’equip.</div><hr style=""border: 0; border-top: 1px solid #ddd; margin: 12px 0;""><div style=""font-size: 13px; color: #444; line-height: 1.4;""><b style=""color: #111;"">Explicació:</b> Els indicadors sensorials es basen en allò que es pot apreciar directament en l’estat de l’equip.</div></div>","T20_-_Equips_de_proteccio_individual_EPI","21778"
"<div style=""text-align: left; font-family: -apple-system, sans-serif;""><div style=""font-size: 11px; color: #888; margin-bottom: 6px;"">[T20 - Equips de protecció individual (EPI)] Pregunta 182</div><div style=""font-weight: bold; font-size: 16px; margin-bottom: 14px; line-height: 1.4;"">Una ampolla de 8 L a 300 bars conté 2.400 L. Si la reserva és del 25%, quin percentatge queda per al treball?</div><div style=""font-size: 14px; line-height: 1.6;""><div style=""padding: 5px 0;""><b>A)</b> 60%.</div><div style=""padding: 5px 0;""><b>B)</b> 70%.</div><div style=""padding: 5px 0;""><b>C)</b> 65%.</div><div style=""padding: 5px 0;""><b>D)</b> 75%.</div></div></div>","<div style=""text-align: left; font-family: -apple-system, sans-serif;""><div style=""font-weight: bold; font-size: 16px; color: #10b981; margin-bottom: 8px;"">✓ Resposta Correcta: D</div><div style=""font-size: 14px; margin-bottom: 12px; padding: 10px; background: rgba(16,185,129,0.1); border-radius: 6px; border-left: 4px solid #10b981;"">D) 75%.</div><hr style=""border: 0; border-top: 1px solid #ddd; margin: 12px 0;""><div style=""font-size: 13px; color: #444; line-height: 1.4;""><b style=""color: #111;"">Explicació:</b> Si el 25% es reserva, queda disponible per al treball el 75% de la capacitat total.</div></div>","T20_-_Equips_de_proteccio_individual_EPI","21736"
"<div style=""text-align: left; font-family: -apple-system, sans-serif;""><div style=""font-size: 11px; color: #888; margin-bottom: 6px;"">[T20 - Equips de protecció individual (EPI)] Pregunta 183</div><div style=""font-weight: bold; font-size: 16px; margin-bottom: 14px; line-height: 1.4;"">Quin risc de projecció contempla específicament el vestuari forestal EN 15614?</div><div style=""font-size: 14px; line-height: 1.6;""><div style=""padding: 5px 0;""><b>A)</b> Projeccions de partícules fredes de gran mida.</div><div style=""padding: 5px 0;""><b>B)</b> Projeccions de vapor d’aigua a alta temperatura.</div><div style=""padding: 5px 0;""><b>C)</b> Projeccions de líquids inflamables a pressió.</div><div style=""padding: 5px 0;""><b>D)</b> Petites projeccions incandescents.</div></div></div>","<div style=""text-align: left; font-family: -apple-system, sans-serif;""><div style=""font-weight: bold; font-size: 16px; color: #10b981; margin-bottom: 8px;"">✓ Resposta Correcta: D</div><div style=""font-size: 14px; margin-bottom: 12px; padding: 10px; background: rgba(16,185,129,0.1); border-radius: 6px; border-left: 4px solid #10b981;"">D) Petites projeccions incandescents.</div><hr style=""border: 0; border-top: 1px solid #ddd; margin: 12px 0;""><div style=""font-size: 13px; color: #444; line-height: 1.4;""><b style=""color: #111;"">Explicació:</b> Entre els requisits forestals hi ha resistència a la flama i a petites projeccions incandescents.</div></div>","T20_-_Equips_de_proteccio_individual_EPI","21619"
"<div style=""text-align: left; font-family: -apple-system, sans-serif;""><div style=""font-size: 11px; color: #888; margin-bottom: 6px;"">[T20 - Equips de protecció individual (EPI)] Pregunta 184</div><div style=""font-weight: bold; font-size: 16px; margin-bottom: 14px; line-height: 1.4;"">Quines intervencions corresponen principalment al casc lleuger?</div><div style=""font-size: 14px; line-height: 1.6;""><div style=""padding: 5px 0;""><b>A)</b> Intervencions estructurals en túnels amb elevada càrrega tèrmica.</div><div style=""padding: 5px 0;""><b>B)</b> Incendis forestals, rescats tècnics i treballs a l’exterior.</div><div style=""padding: 5px 0;""><b>C)</b> Incendis estructurals urbans amb foc intens i alta temperatura.</div><div style=""padding: 5px 0;""><b>D)</b> Incendis industrials amb exposició directa prolongada a flames.</div></div></div>","<div style=""text-align: left; font-family: -apple-system, sans-serif;""><div style=""font-weight: bold; font-size: 16px; color: #10b981; margin-bottom: 8px;"">✓ Resposta Correcta: B</div><div style=""font-size: 14px; margin-bottom: 12px; padding: 10px; background: rgba(16,185,129,0.1); border-radius: 6px; border-left: 4px solid #10b981;"">B) Incendis forestals, rescats tècnics i treballs a l’exterior.</div><hr style=""border: 0; border-top: 1px solid #ddd; margin: 12px 0;""><div style=""font-size: 13px; color: #444; line-height: 1.4;""><b style=""color: #111;"">Explicació:</b> El casc lleuger prioritza mobilitat i ventilació en intervencions forestals, tècniques i exteriors.</div></div>","T20_-_Equips_de_proteccio_individual_EPI","21634"
"<div style=""text-align: left; font-family: -apple-system, sans-serif;""><div style=""font-size: 11px; color: #888; margin-bottom: 6px;"">[T20 - Equips de protecció individual (EPI)] Pregunta 185</div><div style=""font-weight: bold; font-size: 16px; margin-bottom: 14px; line-height: 1.4;"">Quin factor ambiental pot fer variar el consum personal d’aire?</div><div style=""font-size: 14px; line-height: 1.6;""><div style=""padding: 5px 0;""><b>A)</b> La temperatura i les condicions ambientals.</div><div style=""padding: 5px 0;""><b>B)</b> La capacitat volumètrica de l’ampolla.</div><div style=""padding: 5px 0;""><b>C)</b> La pressió inicial de l’ampolla.</div><div style=""padding: 5px 0;""><b>D)</b> El percentatge de reserva establert.</div></div></div>","<div style=""text-align: left; font-family: -apple-system, sans-serif;""><div style=""font-weight: bold; font-size: 16px; color: #10b981; margin-bottom: 8px;"">✓ Resposta Correcta: A</div><div style=""font-size: 14px; margin-bottom: 12px; padding: 10px; background: rgba(16,185,129,0.1); border-radius: 6px; border-left: 4px solid #10b981;"">A) La temperatura i les condicions ambientals.</div><hr style=""border: 0; border-top: 1px solid #ddd; margin: 12px 0;""><div style=""font-size: 13px; color: #444; line-height: 1.4;""><b style=""color: #111;"">Explicació:</b> Les condicions ambientals influeixen en la demanda fisiològica d’aire.</div></div>","T20_-_Equips_de_proteccio_individual_EPI","21724"
"<div style=""text-align: left; font-family: -apple-system, sans-serif;""><div style=""font-size: 11px; color: #888; margin-bottom: 6px;"">[T20 - Equips de protecció individual (EPI)] Pregunta 186</div><div style=""font-weight: bold; font-size: 16px; margin-bottom: 14px; line-height: 1.4;"">Quin parell d’elements obligatoris identifica millor l’EPI lleuger?</div><div style=""font-size: 14px; line-height: 1.6;""><div style=""padding: 5px 0;""><b>A)</b> Casc d’intervenció pesant F1 i botes de cuir.</div><div style=""padding: 5px 0;""><b>B)</b> Casc d’intervenció lleuger F2 i botes forestals.</div><div style=""padding: 5px 0;""><b>C)</b> Vestit de neoprè i escarpins de neoprè.</div><div style=""padding: 5px 0;""><b>D)</b> Vestit químic tipus 1 i botes de cautxú.</div></div></div>","<div style=""text-align: left; font-family: -apple-system, sans-serif;""><div style=""font-weight: bold; font-size: 16px; color: #10b981; margin-bottom: 8px;"">✓ Resposta Correcta: B</div><div style=""font-size: 14px; margin-bottom: 12px; padding: 10px; background: rgba(16,185,129,0.1); border-radius: 6px; border-left: 4px solid #10b981;"">B) Casc d’intervenció lleuger F2 i botes forestals.</div><hr style=""border: 0; border-top: 1px solid #ddd; margin: 12px 0;""><div style=""font-size: 13px; color: #444; line-height: 1.4;""><b style=""color: #111;"">Explicació:</b> El nivell lleuger incorpora el casc F2 i les botes forestals, coherents amb la mobilitat exigida.</div></div>","T20_-_Equips_de_proteccio_individual_EPI","21650"
"<div style=""text-align: left; font-family: -apple-system, sans-serif;""><div style=""font-size: 11px; color: #888; margin-bottom: 6px;"">[T20 - Equips de protecció individual (EPI)] Pregunta 187</div><div style=""font-weight: bold; font-size: 16px; margin-bottom: 14px; line-height: 1.4;"">Quin EPI s’associa a un risc elèctric de categoria III?</div><div style=""font-size: 14px; line-height: 1.6;""><div style=""padding: 5px 0;""><b>A)</b> Guants rentavaixelles.</div><div style=""padding: 5px 0;""><b>B)</b> Guants de jardineria.</div><div style=""padding: 5px 0;""><b>C)</b> Guants dielèctrics.</div><div style=""padding: 5px 0;""><b>D)</b> Guants forestals de categoria II.</div></div></div>","<div style=""text-align: left; font-family: -apple-system, sans-serif;""><div style=""font-weight: bold; font-size: 16px; color: #10b981; margin-bottom: 8px;"">✓ Resposta Correcta: C</div><div style=""font-size: 14px; margin-bottom: 12px; padding: 10px; background: rgba(16,185,129,0.1); border-radius: 6px; border-left: 4px solid #10b981;"">C) Guants dielèctrics.</div><hr style=""border: 0; border-top: 1px solid #ddd; margin: 12px 0;""><div style=""font-size: 13px; color: #444; line-height: 1.4;""><b style=""color: #111;"">Explicació:</b> El contacte amb tensió elèctrica és un risc de categoria III i s’hi associen guants dielèctrics.</div></div>","T20_-_Equips_de_proteccio_individual_EPI","21594"
"<div style=""text-align: left; font-family: -apple-system, sans-serif;""><div style=""font-size: 11px; color: #888; margin-bottom: 6px;"">[T20 - Equips de protecció individual (EPI)] Pregunta 188</div><div style=""font-weight: bold; font-size: 16px; margin-bottom: 14px; line-height: 1.4;"">Quina norma s’aplica al casc lleuger utilitzat en rescats i assistències tècniques?</div><div style=""font-size: 14px; line-height: 1.6;""><div style=""padding: 5px 0;""><b>A)</b> EN 659.</div><div style=""padding: 5px 0;""><b>B)</b> EN 16471.</div><div style=""padding: 5px 0;""><b>C)</b> EN 443.</div><div style=""padding: 5px 0;""><b>D)</b> EN 16473.</div></div></div>","<div style=""text-align: left; font-family: -apple-system, sans-serif;""><div style=""font-weight: bold; font-size: 16px; color: #10b981; margin-bottom: 8px;"">✓ Resposta Correcta: D</div><div style=""font-size: 14px; margin-bottom: 12px; padding: 10px; background: rgba(16,185,129,0.1); border-radius: 6px; border-left: 4px solid #10b981;"">D) EN 16473.</div><hr style=""border: 0; border-top: 1px solid #ddd; margin: 12px 0;""><div style=""font-size: 13px; color: #444; line-height: 1.4;""><b style=""color: #111;"">Explicació:</b> L’EN 16473 regula els cascos destinats a rescat tècnic.</div></div>","T20_-_Equips_de_proteccio_individual_EPI","21625"
"<div style=""text-align: left; font-family: -apple-system, sans-serif;""><div style=""font-size: 11px; color: #888; margin-bottom: 6px;"">[T20 - Equips de protecció individual (EPI)] Pregunta 189</div><div style=""font-weight: bold; font-size: 16px; margin-bottom: 14px; line-height: 1.4;"">Quin conjunt està vinculat a l’exposició a atmosferes tòxiques o nocives de categoria III?</div><div style=""font-size: 14px; line-height: 1.6;""><div style=""padding: 5px 0;""><b>A)</b> ERA i mascaretes autofiltrants.</div><div style=""padding: 5px 0;""><b>B)</b> Guants de jardineria i calçat lleuger.</div><div style=""padding: 5px 0;""><b>C)</b> Calçat de seguretat i jaqueta d’alta visibilitat.</div><div style=""padding: 5px 0;""><b>D)</b> Folre polar i ulleres de sol.</div></div></div>","<div style=""text-align: left; font-family: -apple-system, sans-serif;""><div style=""font-weight: bold; font-size: 16px; color: #10b981; margin-bottom: 8px;"">✓ Resposta Correcta: A</div><div style=""font-size: 14px; margin-bottom: 12px; padding: 10px; background: rgba(16,185,129,0.1); border-radius: 6px; border-left: 4px solid #10b981;"">A) ERA i mascaretes autofiltrants.</div><hr style=""border: 0; border-top: 1px solid #ddd; margin: 12px 0;""><div style=""font-size: 13px; color: #444; line-height: 1.4;""><b style=""color: #111;"">Explicació:</b> La categoria III inclou la protecció davant atmosferes tòxiques o nocives, amb equips respiratoris com l’ERA i mascaretes autofiltrants.</div></div>","T20_-_Equips_de_proteccio_individual_EPI","21595"
"<div style=""text-align: left; font-family: -apple-system, sans-serif;""><div style=""font-size: 11px; color: #888; margin-bottom: 6px;"">[T20 - Equips de protecció individual (EPI)] Pregunta 190</div><div style=""font-weight: bold; font-size: 16px; margin-bottom: 14px; line-height: 1.4;"">Quina descripció correspon al vestit d’intervenció pel que fa a la cobertura corporal?</div><div style=""font-size: 14px; line-height: 1.6;""><div style=""padding: 5px 0;""><b>A)</b> Cobreix principalment mans, canells i avantbraços.</div><div style=""padding: 5px 0;""><b>B)</b> Cobreix principalment cap, cara, coll i orelles.</div><div style=""padding: 5px 0;""><b>C)</b> Cobreix principalment peus, turmells i planta.</div><div style=""padding: 5px 0;""><b>D)</b> Cobreix el tors i zones com colzes, maluc i cuixes.</div></div></div>","<div style=""text-align: left; font-family: -apple-system, sans-serif;""><div style=""font-weight: bold; font-size: 16px; color: #10b981; margin-bottom: 8px;"">✓ Resposta Correcta: D</div><div style=""font-size: 14px; margin-bottom: 12px; padding: 10px; background: rgba(16,185,129,0.1); border-radius: 6px; border-left: 4px solid #10b981;"">D) Cobreix el tors i zones com colzes, maluc i cuixes.</div><hr style=""border: 0; border-top: 1px solid #ddd; margin: 12px 0;""><div style=""font-size: 13px; color: #444; line-height: 1.4;""><b style=""color: #111;"">Explicació:</b> El vestit d’intervenció cobreix el tronc i zones articulars i proximals com colzes, maluc i cuixes.</div></div>","T20_-_Equips_de_proteccio_individual_EPI","21637"
"<div style=""text-align: left; font-family: -apple-system, sans-serif;""><div style=""font-size: 11px; color: #888; margin-bottom: 6px;"">[T20 - Equips de protecció individual (EPI)] Pregunta 191</div><div style=""font-weight: bold; font-size: 16px; margin-bottom: 14px; line-height: 1.4;"">Davant de quins riscos tèrmics està pensat el vestit d’intervenció?</div><div style=""font-size: 14px; line-height: 1.6;""><div style=""padding: 5px 0;""><b>A)</b> Calor radiada, convecció, flama i contacte tèrmic prolongat.</div><div style=""padding: 5px 0;""><b>B)</b> Calor radiada, convecció, fred intens i contacte tèrmic curt.</div><div style=""padding: 5px 0;""><b>C)</b> Calor radiada, convecció, flama i contacte tèrmic curt.</div><div style=""padding: 5px 0;""><b>D)</b> Flama, calor radiada, immersió i contacte tèrmic curt.</div></div></div>","<div style=""text-align: left; font-family: -apple-system, sans-serif;""><div style=""font-weight: bold; font-size: 16px; color: #10b981; margin-bottom: 8px;"">✓ Resposta Correcta: C</div><div style=""font-size: 14px; margin-bottom: 12px; padding: 10px; background: rgba(16,185,129,0.1); border-radius: 6px; border-left: 4px solid #10b981;"">C) Calor radiada, convecció, flama i contacte tèrmic curt.</div><hr style=""border: 0; border-top: 1px solid #ddd; margin: 12px 0;""><div style=""font-size: 13px; color: #444; line-height: 1.4;""><b style=""color: #111;"">Explicació:</b> El vestit d’intervenció protegeix davant els principals mecanismes tèrmics d’un incendi i davant contacte curt amb calor.</div></div>","T20_-_Equips_de_proteccio_individual_EPI","21638"
"<div style=""text-align: left; font-family: -apple-system, sans-serif;""><div style=""font-size: 11px; color: #888; margin-bottom: 6px;"">[T20 - Equips de protecció individual (EPI)] Pregunta 192</div><div style=""font-weight: bold; font-size: 16px; margin-bottom: 14px; line-height: 1.4;"">Quins espais poden contaminar els EPI bruts si no es gestionen correctament?</div><div style=""font-size: 14px; line-height: 1.6;""><div style=""padding: 5px 0;""><b>A)</b> El parc, els vehicles i fins i tot l’ambient familiar.</div><div style=""padding: 5px 0;""><b>B)</b> El parc i la zona d’intervenció, però no els vehicles.</div><div style=""padding: 5px 0;""><b>C)</b> Els vehicles i l’ambient familiar, però no les instal·lacions del parc.</div><div style=""padding: 5px 0;""><b>D)</b> La zona bruta del parc i els vehicles, però no l’entorn domèstic.</div></div></div>","<div style=""text-align: left; font-family: -apple-system, sans-serif;""><div style=""font-weight: bold; font-size: 16px; color: #10b981; margin-bottom: 8px;"">✓ Resposta Correcta: A</div><div style=""font-size: 14px; margin-bottom: 12px; padding: 10px; background: rgba(16,185,129,0.1); border-radius: 6px; border-left: 4px solid #10b981;"">A) El parc, els vehicles i fins i tot l’ambient familiar.</div><hr style=""border: 0; border-top: 1px solid #ddd; margin: 12px 0;""><div style=""font-size: 13px; color: #444; line-height: 1.4;""><b style=""color: #111;"">Explicació:</b> Una mala gestió pot traslladar contaminants fora de l’escenari inicial i afectar altres entorns.</div></div>","T20_-_Equips_de_proteccio_individual_EPI","21774"
"<div style=""text-align: left; font-family: -apple-system, sans-serif;""><div style=""font-size: 11px; color: #888; margin-bottom: 6px;"">[T20 - Equips de protecció individual (EPI)] Pregunta 193</div><div style=""font-weight: bold; font-size: 16px; margin-bottom: 14px; line-height: 1.4;"">Una ampolla de 8 L a 300 bars té 2.400 L totals. Quants litres queden per al treball després de reservar-ne 600 L?</div><div style=""font-size: 14px; line-height: 1.6;""><div style=""padding: 5px 0;""><b>A)</b> 1.600 L.</div><div style=""padding: 5px 0;""><b>B)</b> 2.000 L.</div><div style=""padding: 5px 0;""><b>C)</b> 2.200 L.</div><div style=""padding: 5px 0;""><b>D)</b> 1.800 L.</div></div></div>","<div style=""text-align: left; font-family: -apple-system, sans-serif;""><div style=""font-weight: bold; font-size: 16px; color: #10b981; margin-bottom: 8px;"">✓ Resposta Correcta: D</div><div style=""font-size: 14px; margin-bottom: 12px; padding: 10px; background: rgba(16,185,129,0.1); border-radius: 6px; border-left: 4px solid #10b981;"">D) 1.800 L.</div><hr style=""border: 0; border-top: 1px solid #ddd; margin: 12px 0;""><div style=""font-size: 13px; color: #444; line-height: 1.4;""><b style=""color: #111;"">Explicació:</b> L’aire disponible per al treball és 2.400 − 600 = 1.800 L.</div></div>","T20_-_Equips_de_proteccio_individual_EPI","21739"
"<div style=""text-align: left; font-family: -apple-system, sans-serif;""><div style=""font-size: 11px; color: #888; margin-bottom: 6px;"">[T20 - Equips de protecció individual (EPI)] Pregunta 194</div><div style=""font-weight: bold; font-size: 16px; margin-bottom: 14px; line-height: 1.4;"">Quina norma correspon al casc lleuger i ventilat per a incendis forestals?</div><div style=""font-size: 14px; line-height: 1.6;""><div style=""padding: 5px 0;""><b>A)</b> EN 443.</div><div style=""padding: 5px 0;""><b>B)</b> EN 16473.</div><div style=""padding: 5px 0;""><b>C)</b> EN 16471.</div><div style=""padding: 5px 0;""><b>D)</b> EN 15090.</div></div></div>","<div style=""text-align: left; font-family: -apple-system, sans-serif;""><div style=""font-weight: bold; font-size: 16px; color: #10b981; margin-bottom: 8px;"">✓ Resposta Correcta: C</div><div style=""font-size: 14px; margin-bottom: 12px; padding: 10px; background: rgba(16,185,129,0.1); border-radius: 6px; border-left: 4px solid #10b981;"">C) EN 16471.</div><hr style=""border: 0; border-top: 1px solid #ddd; margin: 12px 0;""><div style=""font-size: 13px; color: #444; line-height: 1.4;""><b style=""color: #111;"">Explicació:</b> L’EN 16471 estableix els requisits del casc per a incendis forestals.</div></div>","T20_-_Equips_de_proteccio_individual_EPI","21624"
"<div style=""text-align: left; font-family: -apple-system, sans-serif;""><div style=""font-size: 11px; color: #888; margin-bottom: 6px;"">[T20 - Equips de protecció individual (EPI)] Pregunta 195</div><div style=""font-weight: bold; font-size: 16px; margin-bottom: 14px; line-height: 1.4;"">En quin escenari és coherent afegir protecció complementària per risc tèrmic?</div><div style=""font-size: 14px; line-height: 1.6;""><div style=""padding: 5px 0;""><b>A)</b> Treball amb metalls a alta temperatura o exposició a flames i radiació tèrmica.</div><div style=""padding: 5px 0;""><b>B)</b> Natació prolongada en corrent fort sense font de calor.</div><div style=""padding: 5px 0;""><b>C)</b> Rescat amb sang i fluids corporals sense exposició a calor.</div><div style=""padding: 5px 0;""><b>D)</b> Treball prop d’un quadre elèctric sense risc tèrmic.</div></div></div>","<div style=""text-align: left; font-family: -apple-system, sans-serif;""><div style=""font-weight: bold; font-size: 16px; color: #10b981; margin-bottom: 8px;"">✓ Resposta Correcta: A</div><div style=""font-size: 14px; margin-bottom: 12px; padding: 10px; background: rgba(16,185,129,0.1); border-radius: 6px; border-left: 4px solid #10b981;"">A) Treball amb metalls a alta temperatura o exposició a flames i radiació tèrmica.</div><hr style=""border: 0; border-top: 1px solid #ddd; margin: 12px 0;""><div style=""font-size: 13px; color: #444; line-height: 1.4;""><b style=""color: #111;"">Explicació:</b> La protecció tèrmica complementària es reforça en incendis interiors, treballs amb metalls calents o explosions.</div></div>","T20_-_Equips_de_proteccio_individual_EPI","21663"
"<div style=""text-align: left; font-family: -apple-system, sans-serif;""><div style=""font-size: 11px; color: #888; margin-bottom: 6px;"">[T20 - Equips de protecció individual (EPI)] Pregunta 196</div><div style=""font-weight: bold; font-size: 16px; margin-bottom: 14px; line-height: 1.4;"">Durant quant de temps poden romandre actius alguns contaminants impregnats als EPI?</div><div style=""font-size: 14px; line-height: 1.6;""><div style=""padding: 5px 0;""><b>A)</b> Durant pocs segons després de finalitzar l’exposició.</div><div style=""padding: 5px 0;""><b>B)</b> Durant dies o setmanes.</div><div style=""padding: 5px 0;""><b>C)</b> Durant un màxim de cinc minuts després del servei.</div><div style=""padding: 5px 0;""><b>D)</b> Durant el temps que es manté l’EPI dins de la zona calenta.</div></div></div>","<div style=""text-align: left; font-family: -apple-system, sans-serif;""><div style=""font-weight: bold; font-size: 16px; color: #10b981; margin-bottom: 8px;"">✓ Resposta Correcta: B</div><div style=""font-size: 14px; margin-bottom: 12px; padding: 10px; background: rgba(16,185,129,0.1); border-radius: 6px; border-left: 4px solid #10b981;"">B) Durant dies o setmanes.</div><hr style=""border: 0; border-top: 1px solid #ddd; margin: 12px 0;""><div style=""font-size: 13px; color: #444; line-height: 1.4;""><b style=""color: #111;"">Explicació:</b> El manual indica dies o setmanes.</div></div>","T20_-_Equips_de_proteccio_individual_EPI","11948"
"<div style=""text-align: left; font-family: -apple-system, sans-serif;""><div style=""font-size: 11px; color: #888; margin-bottom: 6px;"">[T20 - Equips de protecció individual (EPI)] Pregunta 197</div><div style=""font-weight: bold; font-size: 16px; margin-bottom: 14px; line-height: 1.4;"">Quina estructura té el vestit d'intervenció pesant?</div><div style=""font-size: 14px; line-height: 1.6;""><div style=""padding: 5px 0;""><b>A)</b> Jaqueta i pantaló d'una sola capa forestal.</div><div style=""padding: 5px 0;""><b>B)</b> Granota encapsulada amb equip respiratori interior.</div><div style=""padding: 5px 0;""><b>C)</b> Vestit aquàtic de neoprè amb armilla salvavides.</div><div style=""padding: 5px 0;""><b>D)</b> Jaquetó i sobrepantaló de tres capes amb barreres tèrmica i impermeable.</div></div></div>","<div style=""text-align: left; font-family: -apple-system, sans-serif;""><div style=""font-weight: bold; font-size: 16px; color: #10b981; margin-bottom: 8px;"">✓ Resposta Correcta: D</div><div style=""font-size: 14px; margin-bottom: 12px; padding: 10px; background: rgba(16,185,129,0.1); border-radius: 6px; border-left: 4px solid #10b981;"">D) Jaquetó i sobrepantaló de tres capes amb barreres tèrmica i impermeable.</div><hr style=""border: 0; border-top: 1px solid #ddd; margin: 12px 0;""><div style=""font-size: 13px; color: #444; line-height: 1.4;""><b style=""color: #111;"">Explicació:</b> El vestit pesant és un conjunt estructural de tres capes.</div></div>","T20_-_Equips_de_proteccio_individual_EPI","11886"
"<div style=""text-align: left; font-family: -apple-system, sans-serif;""><div style=""font-size: 11px; color: #888; margin-bottom: 6px;"">[T20 - Equips de protecció individual (EPI)] Pregunta 198</div><div style=""font-weight: bold; font-size: 16px; margin-bottom: 14px; line-height: 1.4;"">Quins quatre components ha d'incloure un programa integral perquè els EPI siguin eficaços?</div><div style=""font-size: 14px; line-height: 1.6;""><div style=""padding: 5px 0;""><b>A)</b> Avaluació de riscos, selecció i adaptació, formació i informació, i manteniment constant.</div><div style=""padding: 5px 0;""><b>B)</b> Accés, emplaçament, estabilització i desplegament de l'autoescala.</div><div style=""padding: 5px 0;""><b>C)</b> Zonatge, detecció, contenció i descontaminació de l'escenari.</div><div style=""padding: 5px 0;""><b>D)</b> Inspecció de l'edifici, ventilació, atac i salvament.</div></div></div>","<div style=""text-align: left; font-family: -apple-system, sans-serif;""><div style=""font-weight: bold; font-size: 16px; color: #10b981; margin-bottom: 8px;"">✓ Resposta Correcta: A</div><div style=""font-size: 14px; margin-bottom: 12px; padding: 10px; background: rgba(16,185,129,0.1); border-radius: 6px; border-left: 4px solid #10b981;"">A) Avaluació de riscos, selecció i adaptació, formació i informació, i manteniment constant.</div><hr style=""border: 0; border-top: 1px solid #ddd; margin: 12px 0;""><div style=""font-size: 13px; color: #444; line-height: 1.4;""><b style=""color: #111;"">Explicació:</b> L'eficàcia depèn d'aquest programa integral.</div></div>","T20_-_Equips_de_proteccio_individual_EPI","11854"
"<div style=""text-align: left; font-family: -apple-system, sans-serif;""><div style=""font-size: 11px; color: #888; margin-bottom: 6px;"">[T20 - Equips de protecció individual (EPI)] Pregunta 199</div><div style=""font-weight: bold; font-size: 16px; margin-bottom: 14px; line-height: 1.4;"">A quina pressió s'activa l'alarma contínua de reserva?</div><div style=""font-size: 14px; line-height: 1.6;""><div style=""padding: 5px 0;""><b>A)</b> Tres-cents bars.</div><div style=""padding: 5px 0;""><b>B)</b> Cent deu bars.</div><div style=""padding: 5px 0;""><b>C)</b> Seixanta bars.</div><div style=""padding: 5px 0;""><b>D)</b> Dos-cents bars.</div></div></div>","<div style=""text-align: left; font-family: -apple-system, sans-serif;""><div style=""font-weight: bold; font-size: 16px; color: #10b981; margin-bottom: 8px;"">✓ Resposta Correcta: C</div><div style=""font-size: 14px; margin-bottom: 12px; padding: 10px; background: rgba(16,185,129,0.1); border-radius: 6px; border-left: 4px solid #10b981;"">C) Seixanta bars.</div><hr style=""border: 0; border-top: 1px solid #ddd; margin: 12px 0;""><div style=""font-size: 13px; color: #444; line-height: 1.4;""><b style=""color: #111;"">Explicació:</b> La reserva s'activa a 60 bars.</div></div>","T20_-_Equips_de_proteccio_individual_EPI","11921"
"<div style=""text-align: left; font-family: -apple-system, sans-serif;""><div style=""font-size: 11px; color: #888; margin-bottom: 6px;"">[T20 - Equips de protecció individual (EPI)] Pregunta 200</div><div style=""font-weight: bold; font-size: 16px; margin-bottom: 14px; line-height: 1.4;"">On s'ha de fer la gestió al parc dels equips contaminats?</div><div style=""font-size: 14px; line-height: 1.6;""><div style=""padding: 5px 0;""><b>A)</b> A l’espai de revisió diària dels EPI disponibles.</div><div style=""padding: 5px 0;""><b>B)</b> A la zona neta, al costat dels equips preparats per a la sortida.</div><div style=""padding: 5px 0;""><b>C)</b> En un lloc adequat de la zona bruta o en instal·lacions amb mitjans adequats.</div><div style=""padding: 5px 0;""><b>D)</b> Al vestidor net, abans de separar els equips personals.</div></div></div>","<div style=""text-align: left; font-family: -apple-system, sans-serif;""><div style=""font-weight: bold; font-size: 16px; color: #10b981; margin-bottom: 8px;"">✓ Resposta Correcta: C</div><div style=""font-size: 14px; margin-bottom: 12px; padding: 10px; background: rgba(16,185,129,0.1); border-radius: 6px; border-left: 4px solid #10b981;"">C) En un lloc adequat de la zona bruta o en instal·lacions amb mitjans adequats.</div><hr style=""border: 0; border-top: 1px solid #ddd; margin: 12px 0;""><div style=""font-size: 13px; color: #444; line-height: 1.4;""><b style=""color: #111;"">Explicació:</b> La gestió al parc correspon a la zona bruta.</div></div>","T20_-_Equips_de_proteccio_individual_EPI","11955"
"<div style=""text-align: left; font-family: -apple-system, sans-serif;""><div style=""font-size: 11px; color: #888; margin-bottom: 6px;"">[T20 - Equips de protecció individual (EPI)] Pregunta 201</div><div style=""font-weight: bold; font-size: 16px; margin-bottom: 14px; line-height: 1.4;"">En quines tres actuacions s'utilitza principalment el vestit lleuger?</div><div style=""font-size: 14px; line-height: 1.6;""><div style=""padding: 5px 0;""><b>A)</b> Incendis forestals, assistències tècniques i rescats en exteriors.</div><div style=""padding: 5px 0;""><b>B)</b> Rescats aquàtics, salvaments marítims i inundacions.</div><div style=""padding: 5px 0;""><b>C)</b> Incendis estructurals, industrials i en túnels.</div><div style=""padding: 5px 0;""><b>D)</b> Treballs elèctrics, alta tensió i arcs elèctrics.</div></div></div>","<div style=""text-align: left; font-family: -apple-system, sans-serif;""><div style=""font-weight: bold; font-size: 16px; color: #10b981; margin-bottom: 8px;"">✓ Resposta Correcta: A</div><div style=""font-size: 14px; margin-bottom: 12px; padding: 10px; background: rgba(16,185,129,0.1); border-radius: 6px; border-left: 4px solid #10b981;"">A) Incendis forestals, assistències tècniques i rescats en exteriors.</div><hr style=""border: 0; border-top: 1px solid #ddd; margin: 12px 0;""><div style=""font-size: 13px; color: #444; line-height: 1.4;""><b style=""color: #111;"">Explicació:</b> El vestit lleuger s'aplica a actuacions exteriors.</div></div>","T20_-_Equips_de_proteccio_individual_EPI","11889"
"<div style=""text-align: left; font-family: -apple-system, sans-serif;""><div style=""font-size: 11px; color: #888; margin-bottom: 6px;"">[T20 - Equips de protecció individual (EPI)] Pregunta 202</div><div style=""font-weight: bold; font-size: 16px; margin-bottom: 14px; line-height: 1.4;"">Quins cinc passos formen el procediment per determinar el consum personal d'aire?</div><div style=""font-size: 14px; line-height: 1.6;""><div style=""padding: 5px 0;""><b>A)</b> Carregar l'ERA, anotar pressió inicial, fer activitat controlada, anotar pressió final i calcular el consum.</div><div style=""padding: 5px 0;""><b>B)</b> Carregar l'ERA, anotar pressió inicial, fer activitat d'alta intensitat i calcular el consum total.</div><div style=""padding: 5px 0;""><b>C)</b> Carregar l'ERA al màxim, anotar pressió inicial, fer activitat d'alta intensitat i calcular el consum total.</div><div style=""padding: 5px 0;""><b>D)</b> Carregar l'ERA, anotar pressió inicial, fer activitat d'alta intensitat i anotar pressió final.</div></div></div>","<div style=""text-align: left; font-family: -apple-system, sans-serif;""><div style=""font-weight: bold; font-size: 16px; color: #10b981; margin-bottom: 8px;"">✓ Resposta Correcta: A</div><div style=""font-size: 14px; margin-bottom: 12px; padding: 10px; background: rgba(16,185,129,0.1); border-radius: 6px; border-left: 4px solid #10b981;"">A) Carregar l'ERA, anotar pressió inicial, fer activitat controlada, anotar pressió final i calcular el consum.</div><hr style=""border: 0; border-top: 1px solid #ddd; margin: 12px 0;""><div style=""font-size: 13px; color: #444; line-height: 1.4;""><b style=""color: #111;"">Explicació:</b> El mètode mesura la caiguda de pressió durant un temps fix.</div></div>","T20_-_Equips_de_proteccio_individual_EPI","11929"
"<div style=""text-align: left; font-family: -apple-system, sans-serif;""><div style=""font-size: 11px; color: #888; margin-bottom: 6px;"">[T20 - Equips de protecció individual (EPI)] Pregunta 203</div><div style=""font-weight: bold; font-size: 16px; margin-bottom: 14px; line-height: 1.4;"">Quina part de l'ERA té la funció de subministrar aire a demanda quan el bomber inspira?</div><div style=""font-size: 14px; line-height: 1.6;""><div style=""padding: 5px 0;""><b>A)</b> Manòmetre i indicador de pressió.</div><div style=""padding: 5px 0;""><b>B)</b> Regulador de pressió.</div><div style=""padding: 5px 0;""><b>C)</b> Ampolla d'aire comprimit.</div><div style=""padding: 5px 0;""><b>D)</b> Arnès o suport dorsal.</div></div></div>","<div style=""text-align: left; font-family: -apple-system, sans-serif;""><div style=""font-weight: bold; font-size: 16px; color: #10b981; margin-bottom: 8px;"">✓ Resposta Correcta: B</div><div style=""font-size: 14px; margin-bottom: 12px; padding: 10px; background: rgba(16,185,129,0.1); border-radius: 6px; border-left: 4px solid #10b981;"">B) Regulador de pressió.</div><hr style=""border: 0; border-top: 1px solid #ddd; margin: 12px 0;""><div style=""font-size: 13px; color: #444; line-height: 1.4;""><b style=""color: #111;"">Explicació:</b> Regulador de pressió: Subministrar aire a demanda quan el bomber inspira.</div></div>","T20_-_Equips_de_proteccio_individual_EPI","11913"
"<div style=""text-align: left; font-family: -apple-system, sans-serif;""><div style=""font-size: 11px; color: #888; margin-bottom: 6px;"">[T20 - Equips de protecció individual (EPI)] Pregunta 204</div><div style=""font-weight: bold; font-size: 16px; margin-bottom: 14px; line-height: 1.4;"">En quines quatre intervencions destaca el manual l'obligatorietat de l'ERA?</div><div style=""font-size: 14px; line-height: 1.6;""><div style=""padding: 5px 0;""><b>A)</b> Incendis, fuites químiques, atmosferes explosives i espais confinats.</div><div style=""padding: 5px 0;""><b>B)</b> Incendis forestals sense fum, assistències tècniques, rescats aquàtics i logística.</div><div style=""padding: 5px 0;""><b>C)</b> Comandament, recepció de recursos, transport de material i avituallament.</div><div style=""padding: 5px 0;""><b>D)</b> Salvaments en superfície, control de trànsit, senyalització viària i suport sanitari.</div></div></div>","<div style=""text-align: left; font-family: -apple-system, sans-serif;""><div style=""font-weight: bold; font-size: 16px; color: #10b981; margin-bottom: 8px;"">✓ Resposta Correcta: A</div><div style=""font-size: 14px; margin-bottom: 12px; padding: 10px; background: rgba(16,185,129,0.1); border-radius: 6px; border-left: 4px solid #10b981;"">A) Incendis, fuites químiques, atmosferes explosives i espais confinats.</div><hr style=""border: 0; border-top: 1px solid #ddd; margin: 12px 0;""><div style=""font-size: 13px; color: #444; line-height: 1.4;""><b style=""color: #111;"">Explicació:</b> Són escenaris amb risc respiratori alt.</div></div>","T20_-_Equips_de_proteccio_individual_EPI","11909"
"<div style=""text-align: left; font-family: -apple-system, sans-serif;""><div style=""font-size: 11px; color: #888; margin-bottom: 6px;"">[T20 - Equips de protecció individual (EPI)] Pregunta 205</div><div style=""font-weight: bold; font-size: 16px; margin-bottom: 14px; line-height: 1.4;"">Quins quatre factors han de guiar l'elecció d'un EPI?</div><div style=""font-size: 14px; line-height: 1.6;""><div style=""padding: 5px 0;""><b>A)</b> Freqüència del risc, tipus el risc, nivell d'exposició i característiques de l'operació.</div><div style=""padding: 5px 0;""><b>B)</b> Freqüència del risc, magnitud del risc, nivell d'exposició i característiques de l'operació.</div><div style=""padding: 5px 0;""><b>C)</b> Freqüència del risc, magnitud del risc, nivell d'exposició i característiques del bomber/a actuant.</div><div style=""padding: 5px 0;""><b>D)</b> Durada del risc, magnitud del risc, nivell d'exposició i temps d'exposició.</div></div></div>","<div style=""text-align: left; font-family: -apple-system, sans-serif;""><div style=""font-weight: bold; font-size: 16px; color: #10b981; margin-bottom: 8px;"">✓ Resposta Correcta: B</div><div style=""font-size: 14px; margin-bottom: 12px; padding: 10px; background: rgba(16,185,129,0.1); border-radius: 6px; border-left: 4px solid #10b981;"">B) Freqüència del risc, magnitud del risc, nivell d'exposició i característiques de l'operació.</div><hr style=""border: 0; border-top: 1px solid #ddd; margin: 12px 0;""><div style=""font-size: 13px; color: #444; line-height: 1.4;""><b style=""color: #111;"">Explicació:</b> L'elecció deriva del risc i l'operació.</div></div>","T20_-_Equips_de_proteccio_individual_EPI","11856"
"<div style=""text-align: left; font-family: -apple-system, sans-serif;""><div style=""font-size: 11px; color: #888; margin-bottom: 6px;"">[T20 - Equips de protecció individual (EPI)] Pregunta 206</div><div style=""font-weight: bold; font-size: 16px; margin-bottom: 14px; line-height: 1.4;"">Quins dos llindars de temperatura extrema cita la categoria III?</div><div style=""font-size: 14px; line-height: 1.6;""><div style=""padding: 5px 0;""><b>A)</b> Temperatures superiors a dos-cents graus o inferiors a cent graus sota zero.</div><div style=""padding: 5px 0;""><b>B)</b> Temperatures superiors a quaranta graus o inferiors a cinc graus sota zero.</div><div style=""padding: 5px 0;""><b>C)</b> Temperatures superiors a cent graus Celsius o inferiors a cinquanta graus Celsius sota zero.</div><div style=""padding: 5px 0;""><b>D)</b> Temperatures superiors a cinquanta graus o inferiors a vint graus sota zero.</div></div></div>","<div style=""text-align: left; font-family: -apple-system, sans-serif;""><div style=""font-weight: bold; font-size: 16px; color: #10b981; margin-bottom: 8px;"">✓ Resposta Correcta: C</div><div style=""font-size: 14px; margin-bottom: 12px; padding: 10px; background: rgba(16,185,129,0.1); border-radius: 6px; border-left: 4px solid #10b981;"">C) Temperatures superiors a cent graus Celsius o inferiors a cinquanta graus Celsius sota zero.</div><hr style=""border: 0; border-top: 1px solid #ddd; margin: 12px 0;""><div style=""font-size: 13px; color: #444; line-height: 1.4;""><b style=""color: #111;"">Explicació:</b> El manual fixa >100 °C o <-50 °C.</div></div>","T20_-_Equips_de_proteccio_individual_EPI","11866"
"<div style=""text-align: left; font-family: -apple-system, sans-serif;""><div style=""font-size: 11px; color: #888; margin-bottom: 6px;"">[T20 - Equips de protecció individual (EPI)] Pregunta 207</div><div style=""font-weight: bold; font-size: 16px; margin-bottom: 14px; line-height: 1.4;"">Quines quatre capes defineix l'EN 469 per al vestit estructural?</div><div style=""font-size: 14px; line-height: 1.6;""><div style=""padding: 5px 0;""><b>A)</b> Capa forestal, barrera química, armilla reflectant i folre aquàtic.</div><div style=""padding: 5px 0;""><b>B)</b> Capa antitall, barrera elèctrica, arnès i protecció auditiva.</div><div style=""padding: 5px 0;""><b>C)</b> Capa de Nomex, armilla salvavides, barrera de flotació i folre tèrmic.</div><div style=""padding: 5px 0;""><b>D)</b> Capa exterior, barrera impermeable, barrera tèrmica i folre interior.</div></div></div>","<div style=""text-align: left; font-family: -apple-system, sans-serif;""><div style=""font-weight: bold; font-size: 16px; color: #10b981; margin-bottom: 8px;"">✓ Resposta Correcta: D</div><div style=""font-size: 14px; margin-bottom: 12px; padding: 10px; background: rgba(16,185,129,0.1); border-radius: 6px; border-left: 4px solid #10b981;"">D) Capa exterior, barrera impermeable, barrera tèrmica i folre interior.</div><hr style=""border: 0; border-top: 1px solid #ddd; margin: 12px 0;""><div style=""font-size: 13px; color: #444; line-height: 1.4;""><b style=""color: #111;"">Explicació:</b> L'EN 469 defineix una estructura multicapa.</div></div>","T20_-_Equips_de_proteccio_individual_EPI","11877"
"<div style=""text-align: left; font-family: -apple-system, sans-serif;""><div style=""font-size: 11px; color: #888; margin-bottom: 6px;"">[T20 - Equips de protecció individual (EPI)] Pregunta 208</div><div style=""font-weight: bold; font-size: 16px; margin-bottom: 14px; line-height: 1.4;"">Quina norma regula els cascos per a rescat tècnic?</div><div style=""font-size: 14px; line-height: 1.6;""><div style=""padding: 5px 0;""><b>A)</b> EN 15614.</div><div style=""padding: 5px 0;""><b>B)</b> EN 16473.</div><div style=""padding: 5px 0;""><b>C)</b> EN 16471.</div><div style=""padding: 5px 0;""><b>D)</b> EN 443.</div></div></div>","<div style=""text-align: left; font-family: -apple-system, sans-serif;""><div style=""font-weight: bold; font-size: 16px; color: #10b981; margin-bottom: 8px;"">✓ Resposta Correcta: B</div><div style=""font-size: 14px; margin-bottom: 12px; padding: 10px; background: rgba(16,185,129,0.1); border-radius: 6px; border-left: 4px solid #10b981;"">B) EN 16473.</div><hr style=""border: 0; border-top: 1px solid #ddd; margin: 12px 0;""><div style=""font-size: 13px; color: #444; line-height: 1.4;""><b style=""color: #111;"">Explicació:</b> L'EN 16473 regula el casc de rescat tècnic.</div></div>","T20_-_Equips_de_proteccio_individual_EPI","11874"
"<div style=""text-align: left; font-family: -apple-system, sans-serif;""><div style=""font-size: 11px; color: #888; margin-bottom: 6px;"">[T20 - Equips de protecció individual (EPI)] Pregunta 209</div><div style=""font-weight: bold; font-size: 16px; margin-bottom: 14px; line-height: 1.4;"">Per a quina finalitat està dissenyada la caputxa de rescat?</div><div style=""font-size: 14px; line-height: 1.6;""><div style=""padding: 5px 0;""><b>A)</b> Perquè el bomber treballi prolongadament en una atmosfera tòxica.</div><div style=""padding: 5px 0;""><b>B)</b> Per filtrar productes químics en concentracions desconegudes.</div><div style=""padding: 5px 0;""><b>C)</b> Per evacuar víctimes en atmosferes amb fum o manca d'oxigen.</div><div style=""padding: 5px 0;""><b>D)</b> Per proporcionar flotabilitat en un rescat aquàtic.</div></div></div>","<div style=""text-align: left; font-family: -apple-system, sans-serif;""><div style=""font-weight: bold; font-size: 16px; color: #10b981; margin-bottom: 8px;"">✓ Resposta Correcta: C</div><div style=""font-size: 14px; margin-bottom: 12px; padding: 10px; background: rgba(16,185,129,0.1); border-radius: 6px; border-left: 4px solid #10b981;"">C) Per evacuar víctimes en atmosferes amb fum o manca d'oxigen.</div><hr style=""border: 0; border-top: 1px solid #ddd; margin: 12px 0;""><div style=""font-size: 13px; color: #444; line-height: 1.4;""><b style=""color: #111;"">Explicació:</b> La caputxa és per a evacuació ràpida de víctimes.</div></div>","T20_-_Equips_de_proteccio_individual_EPI","11934"
"<div style=""text-align: left; font-family: -apple-system, sans-serif;""><div style=""font-size: 11px; color: #888; margin-bottom: 6px;"">[T20 - Equips de protecció individual (EPI)] Pregunta 210</div><div style=""font-weight: bold; font-size: 16px; margin-bottom: 14px; line-height: 1.4;"">Quines dues inspeccions poden determinar la gestió necessària in situ?</div><div style=""font-size: 14px; line-height: 1.6;""><div style=""padding: 5px 0;""><b>A)</b> La inspecció estructural i la inspecció forestal.</div><div style=""padding: 5px 0;""><b>B)</b> La inspecció de comandament i la inspecció logística.</div><div style=""padding: 5px 0;""><b>C)</b> La inspecció bàsica i la inspecció assistida.</div><div style=""padding: 5px 0;""><b>D)</b> La inspecció elèctrica i la inspecció sanitària.</div></div></div>","<div style=""text-align: left; font-family: -apple-system, sans-serif;""><div style=""font-weight: bold; font-size: 16px; color: #10b981; margin-bottom: 8px;"">✓ Resposta Correcta: C</div><div style=""font-size: 14px; margin-bottom: 12px; padding: 10px; background: rgba(16,185,129,0.1); border-radius: 6px; border-left: 4px solid #10b981;"">C) La inspecció bàsica i la inspecció assistida.</div><hr style=""border: 0; border-top: 1px solid #ddd; margin: 12px 0;""><div style=""font-size: 13px; color: #444; line-height: 1.4;""><b style=""color: #111;"">Explicació:</b> La inspecció pot ser bàsica o assistida.</div></div>","T20_-_Equips_de_proteccio_individual_EPI","11952"
"<div style=""text-align: left; font-family: -apple-system, sans-serif;""><div style=""font-size: 11px; color: #888; margin-bottom: 6px;"">[T20 - Equips de protecció individual (EPI)] Pregunta 211</div><div style=""font-weight: bold; font-size: 16px; margin-bottom: 14px; line-height: 1.4;"">Quina part de l'ERA té la funció de mostrar la pressió restant i ajudar a calcular l'autonomia?</div><div style=""font-size: 14px; line-height: 1.6;""><div style=""padding: 5px 0;""><b>A)</b> Màscara facial.</div><div style=""padding: 5px 0;""><b>B)</b> Arnès o suport dorsal.</div><div style=""padding: 5px 0;""><b>C)</b> Ampolla d'aire comprimit.</div><div style=""padding: 5px 0;""><b>D)</b> Manòmetre i indicador de pressió.</div></div></div>","<div style=""text-align: left; font-family: -apple-system, sans-serif;""><div style=""font-weight: bold; font-size: 16px; color: #10b981; margin-bottom: 8px;"">✓ Resposta Correcta: D</div><div style=""font-size: 14px; margin-bottom: 12px; padding: 10px; background: rgba(16,185,129,0.1); border-radius: 6px; border-left: 4px solid #10b981;"">D) Manòmetre i indicador de pressió.</div><hr style=""border: 0; border-top: 1px solid #ddd; margin: 12px 0;""><div style=""font-size: 13px; color: #444; line-height: 1.4;""><b style=""color: #111;"">Explicació:</b> Manòmetre i indicador de pressió: Mostrar la pressió restant i ajudar a calcular l'autonomia.</div></div>","T20_-_Equips_de_proteccio_individual_EPI","11912"
"<div style=""text-align: left; font-family: -apple-system, sans-serif;""><div style=""font-size: 11px; color: #888; margin-bottom: 6px;"">[T20 - Equips de protecció individual (EPI)] Pregunta 212</div><div style=""font-weight: bold; font-size: 16px; margin-bottom: 14px; line-height: 1.4;"">Quants segons addicionals sense moviment, una vegada està activa la alarma d'immobilitat, fan que aquesta alarma quedi fixada?</div><div style=""font-size: 14px; line-height: 1.6;""><div style=""padding: 5px 0;""><b>A)</b> Trenta segons addicionals.</div><div style=""padding: 5px 0;""><b>B)</b> Seixanta segons addicionals.</div><div style=""padding: 5px 0;""><b>C)</b> Deu segons addicionals.</div><div style=""padding: 5px 0;""><b>D)</b> Quaranta segons addicionals.</div></div></div>","<div style=""text-align: left; font-family: -apple-system, sans-serif;""><div style=""font-weight: bold; font-size: 16px; color: #10b981; margin-bottom: 8px;"">✓ Resposta Correcta: C</div><div style=""font-size: 14px; margin-bottom: 12px; padding: 10px; background: rgba(16,185,129,0.1); border-radius: 6px; border-left: 4px solid #10b981;"">C) Deu segons addicionals.</div><hr style=""border: 0; border-top: 1px solid #ddd; margin: 12px 0;""><div style=""font-size: 13px; color: #444; line-height: 1.4;""><b style=""color: #111;"">Explicació:</b> Aquesta alarma s’activa quan el dispositiu de control electrònic no detecta moviment per part de l’usuari durant 30”. Si en els 10” següents el dispositiu de control en 10” no detecta cap moviment per part de l’usuari, l’alarma queda fixada i només es pot desactivar manualment des dels botons del dispositiu de control electrònic. </div></div>","T20_-_Equips_de_proteccio_individual_EPI","11924"
"<div style=""text-align: left; font-family: -apple-system, sans-serif;""><div style=""font-size: 11px; color: #888; margin-bottom: 6px;"">[T20 - Equips de protecció individual (EPI)] Pregunta 213</div><div style=""font-weight: bold; font-size: 16px; margin-bottom: 14px; line-height: 1.4;"">Quina categoria protegeix davant de riscos greus o mortals i danys irreversibles?</div><div style=""font-size: 14px; line-height: 1.6;""><div style=""padding: 5px 0;""><b>A)</b> Categoria II.</div><div style=""padding: 5px 0;""><b>B)</b> Categoria I.</div><div style=""padding: 5px 0;""><b>C)</b> Categoria II i III.</div><div style=""padding: 5px 0;""><b>D)</b> Categoria III.</div></div></div>","<div style=""text-align: left; font-family: -apple-system, sans-serif;""><div style=""font-weight: bold; font-size: 16px; color: #10b981; margin-bottom: 8px;"">✓ Resposta Correcta: D</div><div style=""font-size: 14px; margin-bottom: 12px; padding: 10px; background: rgba(16,185,129,0.1); border-radius: 6px; border-left: 4px solid #10b981;"">D) Categoria III.</div><hr style=""border: 0; border-top: 1px solid #ddd; margin: 12px 0;""><div style=""font-size: 13px; color: #444; line-height: 1.4;""><b style=""color: #111;"">Explicació:</b> La categoria III cobreix els riscos més greus.</div></div>","T20_-_Equips_de_proteccio_individual_EPI","11862"
"<div style=""text-align: left; font-family: -apple-system, sans-serif;""><div style=""font-size: 11px; color: #888; margin-bottom: 6px;"">[T20 - Equips de protecció individual (EPI)] Pregunta 214</div><div style=""font-weight: bold; font-size: 16px; margin-bottom: 14px; line-height: 1.4;"">A quina categoria atribueix el manual el vestit d'intervenció lleuger?</div><div style=""font-size: 14px; line-height: 1.6;""><div style=""padding: 5px 0;""><b>A)</b> Categoria II i III.</div><div style=""padding: 5px 0;""><b>B)</b> Categoria II.</div><div style=""padding: 5px 0;""><b>C)</b> Categoria I i II.</div><div style=""padding: 5px 0;""><b>D)</b> Categoria I.</div></div></div>","<div style=""text-align: left; font-family: -apple-system, sans-serif;""><div style=""font-weight: bold; font-size: 16px; color: #10b981; margin-bottom: 8px;"">✓ Resposta Correcta: B</div><div style=""font-size: 14px; margin-bottom: 12px; padding: 10px; background: rgba(16,185,129,0.1); border-radius: 6px; border-left: 4px solid #10b981;"">B) Categoria II.</div><hr style=""border: 0; border-top: 1px solid #ddd; margin: 12px 0;""><div style=""font-size: 13px; color: #444; line-height: 1.4;""><b style=""color: #111;"">Explicació:</b> El manual el classifica com a categoria II.</div></div>","T20_-_Equips_de_proteccio_individual_EPI","11888"
"<div style=""text-align: left; font-family: -apple-system, sans-serif;""><div style=""font-size: 11px; color: #888; margin-bottom: 6px;"">[T20 - Equips de protecció individual (EPI)] Pregunta 215</div><div style=""font-weight: bold; font-size: 16px; margin-bottom: 14px; line-height: 1.4;"">Quines quatre raons justifiquen la revisió diària dels EPI?</div><div style=""font-size: 14px; line-height: 1.6;""><div style=""padding: 5px 0;""><b>A)</b> Extinció més ràpida, més cabal, més escumogen i menys mànegues.</div><div style=""padding: 5px 0;""><b>B)</b> Canvi de categoria, nous pictogrames, més autonomia i menys formació.</div><div style=""padding: 5px 0;""><b>C)</b> Seguretat personal i del company, prevenció de fallades, vida útil més llarga i cultura de seguretat.</div><div style=""padding: 5px 0;""><b>D)</b> Major pes, menor mobilitat, més calor i menys transpirabilitat.</div></div></div>","<div style=""text-align: left; font-family: -apple-system, sans-serif;""><div style=""font-weight: bold; font-size: 16px; color: #10b981; margin-bottom: 8px;"">✓ Resposta Correcta: C</div><div style=""font-size: 14px; margin-bottom: 12px; padding: 10px; background: rgba(16,185,129,0.1); border-radius: 6px; border-left: 4px solid #10b981;"">C) Seguretat personal i del company, prevenció de fallades, vida útil més llarga i cultura de seguretat.</div><hr style=""border: 0; border-top: 1px solid #ddd; margin: 12px 0;""><div style=""font-size: 13px; color: #444; line-height: 1.4;""><b style=""color: #111;"">Explicació:</b> La revisió protegeix, prevé, conserva i professionalitza.</div></div>","T20_-_Equips_de_proteccio_individual_EPI","11945"
"<div style=""text-align: left; font-family: -apple-system, sans-serif;""><div style=""font-size: 11px; color: #888; margin-bottom: 6px;"">[T20 - Equips de protecció individual (EPI)] Pregunta 216</div><div style=""font-weight: bold; font-size: 16px; margin-bottom: 14px; line-height: 1.4;"">Què indiquen els pictogrames F, P i A de les botes d'intervenció?</div><div style=""font-size: 14px; line-height: 1.6;""><div style=""padding: 5px 0;""><b>A)</b> Resistència a flames, protecció auditiva i arnès anticaigudes.</div><div style=""padding: 5px 0;""><b>B)</b> Protecció contra fum, pressió i abrasió.</div><div style=""padding: 5px 0;""><b>C)</b> Resistència al foc, plantilla antiperforació i propietat antiestàtica.</div><div style=""padding: 5px 0;""><b>D)</b> Protecció forestal, protecció química i aïllament aquàtic.</div></div></div>","<div style=""text-align: left; font-family: -apple-system, sans-serif;""><div style=""font-weight: bold; font-size: 16px; color: #10b981; margin-bottom: 8px;"">✓ Resposta Correcta: C</div><div style=""font-size: 14px; margin-bottom: 12px; padding: 10px; background: rgba(16,185,129,0.1); border-radius: 6px; border-left: 4px solid #10b981;"">C) Resistència al foc, plantilla antiperforació i propietat antiestàtica.</div><hr style=""border: 0; border-top: 1px solid #ddd; margin: 12px 0;""><div style=""font-size: 13px; color: #444; line-height: 1.4;""><b style=""color: #111;"">Explicació:</b> F, P i A corresponen a foc, perforació i antiestàtica.</div></div>","T20_-_Equips_de_proteccio_individual_EPI","11893"
"<div style=""text-align: left; font-family: -apple-system, sans-serif;""><div style=""font-size: 11px; color: #888; margin-bottom: 6px;"">[T20 - Equips de protecció individual (EPI)] Pregunta 217</div><div style=""font-weight: bold; font-size: 16px; margin-bottom: 14px; line-height: 1.4;"">Quins quatre espais o col·lectius poden contaminar les partícules alliberades posteriorment per un EPI brut?</div><div style=""font-size: 14px; line-height: 1.6;""><div style=""padding: 5px 0;""><b>A)</b> El parc, els vehicles, l'ambient familiar i altres companys.</div><div style=""padding: 5px 0;""><b>B)</b> El riu, l'embassament, la costa i l'helicòpter.</div><div style=""padding: 5px 0;""><b>C)</b> L'ampolla, el manòmetre, el regulador i la màscara.</div><div style=""padding: 5px 0;""><b>D)</b> La zona calenta, la façana, l'hidrant i la columna seca.</div></div></div>","<div style=""text-align: left; font-family: -apple-system, sans-serif;""><div style=""font-weight: bold; font-size: 16px; color: #10b981; margin-bottom: 8px;"">✓ Resposta Correcta: A</div><div style=""font-size: 14px; margin-bottom: 12px; padding: 10px; background: rgba(16,185,129,0.1); border-radius: 6px; border-left: 4px solid #10b981;"">A) El parc, els vehicles, l'ambient familiar i altres companys.</div><hr style=""border: 0; border-top: 1px solid #ddd; margin: 12px 0;""><div style=""font-size: 13px; color: #444; line-height: 1.4;""><b style=""color: #111;"">Explicació:</b> Una mala gestió estén la contaminació fora de l'escenari.</div></div>","T20_-_Equips_de_proteccio_individual_EPI","11949"
"<div style=""text-align: left; font-family: -apple-system, sans-serif;""><div style=""font-size: 11px; color: #888; margin-bottom: 6px;"">[T20 - Equips de protecció individual (EPI)] Pregunta 218</div><div style=""font-weight: bold; font-size: 16px; margin-bottom: 14px; line-height: 1.4;"">Qui pot adaptar el nivell mínim de protecció dels EPI a les característiques de cada actuació?</div><div style=""font-size: 14px; line-height: 1.6;""><div style=""padding: 5px 0;""><b>A)</b> El cap d'intervenció.</div><div style=""padding: 5px 0;""><b>B)</b> El coordinador dels mitjans aeris.</div><div style=""padding: 5px 0;""><b>C)</b> El responsable de logística.</div><div style=""padding: 5px 0;""><b>D)</b> El fabricant de l'ERA.</div></div></div>","<div style=""text-align: left; font-family: -apple-system, sans-serif;""><div style=""font-weight: bold; font-size: 16px; color: #10b981; margin-bottom: 8px;"">✓ Resposta Correcta: A</div><div style=""font-size: 14px; margin-bottom: 12px; padding: 10px; background: rgba(16,185,129,0.1); border-radius: 6px; border-left: 4px solid #10b981;"">A) El cap d'intervenció.</div><hr style=""border: 0; border-top: 1px solid #ddd; margin: 12px 0;""><div style=""font-size: 13px; color: #444; line-height: 1.4;""><b style=""color: #111;"">Explicació:</b> El cap d'intervenció pot adaptar-lo segons l'avaluació de riscos.</div></div>","T20_-_Equips_de_proteccio_individual_EPI","11857"
"<div style=""text-align: left; font-family: -apple-system, sans-serif;""><div style=""font-size: 11px; color: #888; margin-bottom: 6px;"">[T20 - Equips de protecció individual (EPI)] Pregunta 219</div><div style=""font-weight: bold; font-size: 16px; margin-bottom: 14px; line-height: 1.4;"">Quin criteri de manteniment consisteix a comprovar funcionament, bateries, fuites i avaries?</div><div style=""font-size: 14px; line-height: 1.6;""><div style=""padding: 5px 0;""><b>A)</b> Proves funcionals.</div><div style=""padding: 5px 0;""><b>B)</b> Neteja i higiene.</div><div style=""padding: 5px 0;""><b>C)</b> Inspecció visual.</div><div style=""padding: 5px 0;""><b>D)</b> Emmagatzematge adequat.</div></div></div>","<div style=""text-align: left; font-family: -apple-system, sans-serif;""><div style=""font-weight: bold; font-size: 16px; color: #10b981; margin-bottom: 8px;"">✓ Resposta Correcta: A</div><div style=""font-size: 14px; margin-bottom: 12px; padding: 10px; background: rgba(16,185,129,0.1); border-radius: 6px; border-left: 4px solid #10b981;"">A) Proves funcionals.</div><hr style=""border: 0; border-top: 1px solid #ddd; margin: 12px 0;""><div style=""font-size: 13px; color: #444; line-height: 1.4;""><b style=""color: #111;"">Explicació:</b> Proves funcionals: comprovar funcionament, bateries, fuites i avaries.</div></div>","T20_-_Equips_de_proteccio_individual_EPI","11943"
"<div style=""text-align: left; font-family: -apple-system, sans-serif;""><div style=""font-size: 11px; color: #888; margin-bottom: 6px;"">[T20 - Equips de protecció individual (EPI)] Pregunta 220</div><div style=""font-weight: bold; font-size: 16px; margin-bottom: 14px; line-height: 1.4;"">Què indiquen els pictogrames d'un EPI?</div><div style=""font-size: 14px; line-height: 1.6;""><div style=""padding: 5px 0;""><b>A)</b> La protecció del EPI i la capacitat estructural.</div><div style=""padding: 5px 0;""><b>B)</b> El tipus de protecció i el risc davant del qual actua.</div><div style=""padding: 5px 0;""><b>C)</b> La capacitat tèrmica i la resistència al foc.</div><div style=""padding: 5px 0;""><b>D)</b> El tipus d'EPI, la categoria d'EPI i el seu pes en kg.</div></div></div>","<div style=""text-align: left; font-family: -apple-system, sans-serif;""><div style=""font-weight: bold; font-size: 16px; color: #10b981; margin-bottom: 8px;"">✓ Resposta Correcta: B</div><div style=""font-size: 14px; margin-bottom: 12px; padding: 10px; background: rgba(16,185,129,0.1); border-radius: 6px; border-left: 4px solid #10b981;"">B) El tipus de protecció i el risc davant del qual actua.</div><hr style=""border: 0; border-top: 1px solid #ddd; margin: 12px 0;""><div style=""font-size: 13px; color: #444; line-height: 1.4;""><b style=""color: #111;"">Explicació:</b> Els pictogrames informen visualment de la funció protectora.</div></div>","T20_-_Equips_de_proteccio_individual_EPI","11867"
"<div style=""text-align: left; font-family: -apple-system, sans-serif;""><div style=""font-size: 11px; color: #888; margin-bottom: 6px;"">[T20 - Equips de protecció individual (EPI)] Pregunta 221</div><div style=""font-weight: bold; font-size: 16px; margin-bottom: 14px; line-height: 1.4;"">A quin tipus de risc corresponen les flames, la radiació tèrmica i les partícules incandescents?</div><div style=""font-size: 14px; line-height: 1.6;""><div style=""padding: 5px 0;""><b>A)</b> Risc tèrmic.</div><div style=""padding: 5px 0;""><b>B)</b> Risc elèctric.</div><div style=""padding: 5px 0;""><b>C)</b> Risc biològic.</div><div style=""padding: 5px 0;""><b>D)</b> Risc químic.</div></div></div>","<div style=""text-align: left; font-family: -apple-system, sans-serif;""><div style=""font-weight: bold; font-size: 16px; color: #10b981; margin-bottom: 8px;"">✓ Resposta Correcta: A</div><div style=""font-size: 14px; margin-bottom: 12px; padding: 10px; background: rgba(16,185,129,0.1); border-radius: 6px; border-left: 4px solid #10b981;"">A) Risc tèrmic.</div><hr style=""border: 0; border-top: 1px solid #ddd; margin: 12px 0;""><div style=""font-size: 13px; color: #444; line-height: 1.4;""><b style=""color: #111;"">Explicació:</b> Flames, radiació i partícules incandescents són risc tèrmic.</div></div>","T20_-_Equips_de_proteccio_individual_EPI","11901"
"<div style=""text-align: left; font-family: -apple-system, sans-serif;""><div style=""font-size: 11px; color: #888; margin-bottom: 6px;"">[T20 - Equips de protecció individual (EPI)] Pregunta 222</div><div style=""font-weight: bold; font-size: 16px; margin-bottom: 14px; line-height: 1.4;"">Com s'ha de netejar i assecar el guant d'intervenció pesant?</div><div style=""font-size: 14px; line-height: 1.6;""><div style=""padding: 5px 0;""><b>A)</b> Amb dissolvents i assecat dins d'una bossa tancada.</div><div style=""padding: 5px 0;""><b>B)</b> Amb un drap humit i assecat complet, sense rentar-lo a màquina.</div><div style=""padding: 5px 0;""><b>C)</b> Amb immersió química i assecat dins del vehicle.</div><div style=""padding: 5px 0;""><b>D)</b> Amb rentadora d'alta temperatura i assecat directe al foc.</div></div></div>","<div style=""text-align: left; font-family: -apple-system, sans-serif;""><div style=""font-weight: bold; font-size: 16px; color: #10b981; margin-bottom: 8px;"">✓ Resposta Correcta: B</div><div style=""font-size: 14px; margin-bottom: 12px; padding: 10px; background: rgba(16,185,129,0.1); border-radius: 6px; border-left: 4px solid #10b981;"">B) Amb un drap humit i assecat complet, sense rentar-lo a màquina.</div><hr style=""border: 0; border-top: 1px solid #ddd; margin: 12px 0;""><div style=""font-size: 13px; color: #444; line-height: 1.4;""><b style=""color: #111;"">Explicació:</b> El manteniment evita rentadora i humitat residual.</div></div>","T20_-_Equips_de_proteccio_individual_EPI","11891"
"<div style=""text-align: left; font-family: -apple-system, sans-serif;""><div style=""font-size: 11px; color: #888; margin-bottom: 6px;"">[T20 - Equips de protecció individual (EPI)] Pregunta 223</div><div style=""font-weight: bold; font-size: 16px; margin-bottom: 14px; line-height: 1.4;"">Quina norma regula els cascos per a incendis forestals?</div><div style=""font-size: 14px; line-height: 1.6;""><div style=""padding: 5px 0;""><b>A)</b> EN 15614.</div><div style=""padding: 5px 0;""><b>B)</b> EN 16471.</div><div style=""padding: 5px 0;""><b>C)</b> EN 469.</div><div style=""padding: 5px 0;""><b>D)</b> EN 659.</div></div></div>","<div style=""text-align: left; font-family: -apple-system, sans-serif;""><div style=""font-weight: bold; font-size: 16px; color: #10b981; margin-bottom: 8px;"">✓ Resposta Correcta: B</div><div style=""font-size: 14px; margin-bottom: 12px; padding: 10px; background: rgba(16,185,129,0.1); border-radius: 6px; border-left: 4px solid #10b981;"">B) EN 16471.</div><hr style=""border: 0; border-top: 1px solid #ddd; margin: 12px 0;""><div style=""font-size: 13px; color: #444; line-height: 1.4;""><b style=""color: #111;"">Explicació:</b> L'EN 16471 regula el casc forestal.</div></div>","T20_-_Equips_de_proteccio_individual_EPI","11873"
"<div style=""text-align: left; font-family: -apple-system, sans-serif;""><div style=""font-size: 11px; color: #888; margin-bottom: 6px;"">[T20 - Equips de protecció individual (EPI)] Pregunta 224</div><div style=""font-weight: bold; font-size: 16px; margin-bottom: 14px; line-height: 1.4;"">Quin criteri de manteniment consisteix a deixar els equips nets i secs després de cada ús?</div><div style=""font-size: 14px; line-height: 1.6;""><div style=""padding: 5px 0;""><b>A)</b> Neteja i higiene.</div><div style=""padding: 5px 0;""><b>B)</b> Revisió assistida.</div><div style=""padding: 5px 0;""><b>C)</b> Traçabilitat i registre.</div><div style=""padding: 5px 0;""><b>D)</b> Proves funcionals.</div></div></div>","<div style=""text-align: left; font-family: -apple-system, sans-serif;""><div style=""font-weight: bold; font-size: 16px; color: #10b981; margin-bottom: 8px;"">✓ Resposta Correcta: A</div><div style=""font-size: 14px; margin-bottom: 12px; padding: 10px; background: rgba(16,185,129,0.1); border-radius: 6px; border-left: 4px solid #10b981;"">A) Neteja i higiene.</div><hr style=""border: 0; border-top: 1px solid #ddd; margin: 12px 0;""><div style=""font-size: 13px; color: #444; line-height: 1.4;""><b style=""color: #111;"">Explicació:</b> Neteja i higiene: deixar els equips nets i secs després de cada ús.</div></div>","T20_-_Equips_de_proteccio_individual_EPI","11941"
"<div style=""text-align: left; font-family: -apple-system, sans-serif;""><div style=""font-size: 11px; color: #888; margin-bottom: 6px;"">[T20 - Equips de protecció individual (EPI)] Pregunta 225</div><div style=""font-weight: bold; font-size: 16px; margin-bottom: 14px; line-height: 1.4;"">Quants tipus principals d'EPI distingeix el Cos de Bombers de la Generalitat?</div><div style=""font-size: 14px; line-height: 1.6;""><div style=""padding: 5px 0;""><b>A)</b> Set tipus principals.</div><div style=""padding: 5px 0;""><b>B)</b> Quatre tipus principals.</div><div style=""padding: 5px 0;""><b>C)</b> Cinc tipus principals.</div><div style=""padding: 5px 0;""><b>D)</b> Tres tipus principals.</div></div></div>","<div style=""text-align: left; font-family: -apple-system, sans-serif;""><div style=""font-weight: bold; font-size: 16px; color: #10b981; margin-bottom: 8px;"">✓ Resposta Correcta: D</div><div style=""font-size: 14px; margin-bottom: 12px; padding: 10px; background: rgba(16,185,129,0.1); border-radius: 6px; border-left: 4px solid #10b981;"">D) Tres tipus principals.</div><hr style=""border: 0; border-top: 1px solid #ddd; margin: 12px 0;""><div style=""font-size: 13px; color: #444; line-height: 1.4;""><b style=""color: #111;"">Explicació:</b> Són lleuger, pesant i aquàtic.</div></div>","T20_-_Equips_de_proteccio_individual_EPI","11896"
"<div style=""text-align: left; font-family: -apple-system, sans-serif;""><div style=""font-size: 11px; color: #888; margin-bottom: 6px;"">[T20 - Equips de protecció individual (EPI)] Pregunta 226</div><div style=""font-weight: bold; font-size: 16px; margin-bottom: 14px; line-height: 1.4;"">A quin tipus de risc corresponen els impactes, els talls, les caigudes i els atrapaments?</div><div style=""font-size: 14px; line-height: 1.6;""><div style=""padding: 5px 0;""><b>A)</b> Risc elèctric.</div><div style=""padding: 5px 0;""><b>B)</b> Risc químic.</div><div style=""padding: 5px 0;""><b>C)</b> Risc mecànic.</div><div style=""padding: 5px 0;""><b>D)</b> Risc biològic.</div></div></div>","<div style=""text-align: left; font-family: -apple-system, sans-serif;""><div style=""font-weight: bold; font-size: 16px; color: #10b981; margin-bottom: 8px;"">✓ Resposta Correcta: C</div><div style=""font-size: 14px; margin-bottom: 12px; padding: 10px; background: rgba(16,185,129,0.1); border-radius: 6px; border-left: 4px solid #10b981;"">C) Risc mecànic.</div><hr style=""border: 0; border-top: 1px solid #ddd; margin: 12px 0;""><div style=""font-size: 13px; color: #444; line-height: 1.4;""><b style=""color: #111;"">Explicació:</b> Impactes, talls, caigudes i atrapaments són mecànics.</div></div>","T20_-_Equips_de_proteccio_individual_EPI","11900"
"<div style=""text-align: left; font-family: -apple-system, sans-serif;""><div style=""font-size: 11px; color: #888; margin-bottom: 6px;"">[T20 - Equips de protecció individual (EPI)] Pregunta 227</div><div style=""font-weight: bold; font-size: 16px; margin-bottom: 14px; line-height: 1.4;"">Després de quant temps sense moviment dona el primer avís l'alarma d'immobilitat?</div><div style=""font-size: 14px; line-height: 1.6;""><div style=""padding: 5px 0;""><b>A)</b> Després de noranta segons.</div><div style=""padding: 5px 0;""><b>B)</b> Després de seixanta segons.</div><div style=""padding: 5px 0;""><b>C)</b> Després de quaranta segons.</div><div style=""padding: 5px 0;""><b>D)</b> Després de trenta segons.</div></div></div>","<div style=""text-align: left; font-family: -apple-system, sans-serif;""><div style=""font-weight: bold; font-size: 16px; color: #10b981; margin-bottom: 8px;"">✓ Resposta Correcta: D</div><div style=""font-size: 14px; margin-bottom: 12px; padding: 10px; background: rgba(16,185,129,0.1); border-radius: 6px; border-left: 4px solid #10b981;"">D) Després de trenta segons.</div><hr style=""border: 0; border-top: 1px solid #ddd; margin: 12px 0;""><div style=""font-size: 13px; color: #444; line-height: 1.4;""><b style=""color: #111;"">Explicació:</b> El primer avís s'activa als 30 segons.</div></div>","T20_-_Equips_de_proteccio_individual_EPI","11923"
"<div style=""text-align: left; font-family: -apple-system, sans-serif;""><div style=""font-size: 11px; color: #888; margin-bottom: 6px;"">[T20 - Equips de protecció individual (EPI)] Pregunta 228</div><div style=""font-weight: bold; font-size: 16px; margin-bottom: 14px; line-height: 1.4;"">Quins quatre factors s'han de considerar per calcular el consum i l'autonomia de l'ERA?</div><div style=""font-size: 14px; line-height: 1.6;""><div style=""padding: 5px 0;""><b>A)</b> Tipus d'incendi, mànega, llança i escumogen.</div><div style=""padding: 5px 0;""><b>B)</b> Tipus de casc, guants, botes i vestit.</div><div style=""padding: 5px 0;""><b>C)</b> Temperatura del parc, emmagatzematge, neteja i registre.</div><div style=""padding: 5px 0;""><b>D)</b> Consum personal, capacitat i pressió de l'ampolla, reserva mínima i temps operatiu real.</div></div></div>","<div style=""text-align: left; font-family: -apple-system, sans-serif;""><div style=""font-weight: bold; font-size: 16px; color: #10b981; margin-bottom: 8px;"">✓ Resposta Correcta: D</div><div style=""font-size: 14px; margin-bottom: 12px; padding: 10px; background: rgba(16,185,129,0.1); border-radius: 6px; border-left: 4px solid #10b981;"">D) Consum personal, capacitat i pressió de l'ampolla, reserva mínima i temps operatiu real.</div><hr style=""border: 0; border-top: 1px solid #ddd; margin: 12px 0;""><div style=""font-size: 13px; color: #444; line-height: 1.4;""><b style=""color: #111;"">Explicació:</b> El càlcul integra consum, aire disponible, reserva i temps.</div></div>","T20_-_Equips_de_proteccio_individual_EPI","11927"
"<div style=""text-align: left; font-family: -apple-system, sans-serif;""><div style=""font-size: 11px; color: #888; margin-bottom: 6px;"">[T20 - Equips de protecció individual (EPI)] Pregunta 229</div><div style=""font-weight: bold; font-size: 16px; margin-bottom: 14px; line-height: 1.4;"">Quina norma regula els guants de protecció per a bombers?</div><div style=""font-size: 14px; line-height: 1.6;""><div style=""padding: 5px 0;""><b>A)</b> EN 16473.</div><div style=""padding: 5px 0;""><b>B)</b> EN 659.</div><div style=""padding: 5px 0;""><b>C)</b> EN 15090.</div><div style=""padding: 5px 0;""><b>D)</b> EN 15614.</div></div></div>","<div style=""text-align: left; font-family: -apple-system, sans-serif;""><div style=""font-weight: bold; font-size: 16px; color: #10b981; margin-bottom: 8px;"">✓ Resposta Correcta: B</div><div style=""font-size: 14px; margin-bottom: 12px; padding: 10px; background: rgba(16,185,129,0.1); border-radius: 6px; border-left: 4px solid #10b981;"">B) EN 659.</div><hr style=""border: 0; border-top: 1px solid #ddd; margin: 12px 0;""><div style=""font-size: 13px; color: #444; line-height: 1.4;""><b style=""color: #111;"">Explicació:</b> L'EN 659 regula els guants de protecció per a bombers.</div></div>","T20_-_Equips_de_proteccio_individual_EPI","11876"
"<div style=""text-align: left; font-family: -apple-system, sans-serif;""><div style=""font-size: 11px; color: #888; margin-bottom: 6px;"">[T20 - Equips de protecció individual (EPI)] Pregunta 230</div><div style=""font-weight: bold; font-size: 16px; margin-bottom: 14px; line-height: 1.4;"">Quin criteri de manteniment consisteix a buscar desgasts, trencaments, cremades o deformacions?</div><div style=""font-size: 14px; line-height: 1.6;""><div style=""padding: 5px 0;""><b>A)</b> Emmagatzematge adequat.</div><div style=""padding: 5px 0;""><b>B)</b> Traçabilitat i registre.</div><div style=""padding: 5px 0;""><b>C)</b> Inspecció visual.</div><div style=""padding: 5px 0;""><b>D)</b> Proves funcionals.</div></div></div>","<div style=""text-align: left; font-family: -apple-system, sans-serif;""><div style=""font-weight: bold; font-size: 16px; color: #10b981; margin-bottom: 8px;"">✓ Resposta Correcta: C</div><div style=""font-size: 14px; margin-bottom: 12px; padding: 10px; background: rgba(16,185,129,0.1); border-radius: 6px; border-left: 4px solid #10b981;"">C) Inspecció visual.</div><hr style=""border: 0; border-top: 1px solid #ddd; margin: 12px 0;""><div style=""font-size: 13px; color: #444; line-height: 1.4;""><b style=""color: #111;"">Explicació:</b> Inspecció visual: buscar desgasts, trencaments, cremades o deformacions.</div></div>","T20_-_Equips_de_proteccio_individual_EPI","11942"
"<div style=""text-align: left; font-family: -apple-system, sans-serif;""><div style=""font-size: 11px; color: #888; margin-bottom: 6px;"">[T20 - Equips de protecció individual (EPI)] Pregunta 231</div><div style=""font-weight: bold; font-size: 16px; margin-bottom: 14px; line-height: 1.4;"">Com es calcula l'autonomia operativa d'un equip de respiració autònoma?</div><div style=""font-size: 14px; line-height: 1.6;""><div style=""padding: 5px 0;""><b>A)</b> Dividint l'aire de reserva entre la pressió nominal de l'ampolla i el consum personal per minut.</div><div style=""padding: 5px 0;""><b>B)</b> Dividint la pressió d'activació de l'alarma entre la capacitat geomètrica i la reserva de l'ampolla.</div><div style=""padding: 5px 0;""><b>C)</b> Dividint l'aire disponible per al treball, un cop descomptada la reserva, entre el consum personal per minut.</div><div style=""padding: 5px 0;""><b>D)</b> Dividint el consum personal per minut entre l'aire total de l'ampolla sense descomptar la reserva.</div></div></div>","<div style=""text-align: left; font-family: -apple-system, sans-serif;""><div style=""font-weight: bold; font-size: 16px; color: #10b981; margin-bottom: 8px;"">✓ Resposta Correcta: C</div><div style=""font-size: 14px; margin-bottom: 12px; padding: 10px; background: rgba(16,185,129,0.1); border-radius: 6px; border-left: 4px solid #10b981;"">C) Dividint l'aire disponible per al treball, un cop descomptada la reserva, entre el consum personal per minut.</div><hr style=""border: 0; border-top: 1px solid #ddd; margin: 12px 0;""><div style=""font-size: 13px; color: #444; line-height: 1.4;""><b style=""color: #111;"">Explicació:</b> L'autonomia operativa relaciona l'aire utilitzable amb el consum personal per unitat de temps.</div></div>","T20_-_Equips_de_proteccio_individual_EPI","11932"
"<div style=""text-align: left; font-family: -apple-system, sans-serif;""><div style=""font-size: 11px; color: #888; margin-bottom: 6px;"">[T20 - Equips de protecció individual (EPI)] Pregunta 232</div><div style=""font-weight: bold; font-size: 16px; margin-bottom: 14px; line-height: 1.4;"">Qui supervisa la revisió i qui és responsable de l'equip utilitzat?</div><div style=""font-size: 14px; line-height: 1.6;""><div style=""padding: 5px 0;""><b>A)</b> El fabricant supervisa la revisió i el cap d’intervenció respon de tots els equips.</div><div style=""padding: 5px 0;""><b>B)</b> El cap de torn supervisa i cada bomber respon del seu equip.</div><div style=""padding: 5px 0;""><b>C)</b> El responsable logístic supervisa la revisió i la responsabilitat recau íntegrament en el cap de torn.</div><div style=""padding: 5px 0;""><b>D)</b> El servei de prevenció supervisa la revisió i el comandament respon dels ERA de la dotació.</div></div></div>","<div style=""text-align: left; font-family: -apple-system, sans-serif;""><div style=""font-weight: bold; font-size: 16px; color: #10b981; margin-bottom: 8px;"">✓ Resposta Correcta: B</div><div style=""font-size: 14px; margin-bottom: 12px; padding: 10px; background: rgba(16,185,129,0.1); border-radius: 6px; border-left: 4px solid #10b981;"">B) El cap de torn supervisa i cada bomber respon del seu equip.</div><hr style=""border: 0; border-top: 1px solid #ddd; margin: 12px 0;""><div style=""font-size: 13px; color: #444; line-height: 1.4;""><b style=""color: #111;"">Explicació:</b> La responsabilitat és compartida amb supervisió del cap de torn.</div></div>","T20_-_Equips_de_proteccio_individual_EPI","11940"
"<div style=""text-align: left; font-family: -apple-system, sans-serif;""><div style=""font-size: 11px; color: #888; margin-bottom: 6px;"">[T20 - Equips de protecció individual (EPI)] Pregunta 233</div><div style=""font-weight: bold; font-size: 16px; margin-bottom: 14px; line-height: 1.4;"">Quines quatre formes de transferència tèrmica cobreix el vestit d'intervenció?</div><div style=""font-size: 14px; line-height: 1.6;""><div style=""padding: 5px 0;""><b>A)</b> Immersió, flotació, corrent i onatge.</div><div style=""padding: 5px 0;""><b>B)</b> Impacte, tall, perforació i abrasió.</div><div style=""padding: 5px 0;""><b>C)</b> Gas, vapor, partícula i manca d'oxigen.</div><div style=""padding: 5px 0;""><b>D)</b> Calor radiada, convecció, flama i contacte tèrmic curt.</div></div></div>","<div style=""text-align: left; font-family: -apple-system, sans-serif;""><div style=""font-weight: bold; font-size: 16px; color: #10b981; margin-bottom: 8px;"">✓ Resposta Correcta: D</div><div style=""font-size: 14px; margin-bottom: 12px; padding: 10px; background: rgba(16,185,129,0.1); border-radius: 6px; border-left: 4px solid #10b981;"">D) Calor radiada, convecció, flama i contacte tèrmic curt.</div><hr style=""border: 0; border-top: 1px solid #ddd; margin: 12px 0;""><div style=""font-size: 13px; color: #444; line-height: 1.4;""><b style=""color: #111;"">Explicació:</b> El vestit protegeix davant aquestes exposicions tèrmiques.</div></div>","T20_-_Equips_de_proteccio_individual_EPI","11885"
"<div style=""text-align: left; font-family: -apple-system, sans-serif;""><div style=""font-size: 11px; color: #888; margin-bottom: 6px;"">[T20 - Equips de protecció individual (EPI)] Pregunta 234</div><div style=""font-weight: bold; font-size: 16px; margin-bottom: 14px; line-height: 1.4;"">Quins quatre principis bàsics regeixen la revisió diària?</div><div style=""font-size: 14px; line-height: 1.6;""><div style=""padding: 5px 0;""><b>A)</b> Regularitat i disciplina, rigor i detall, responsabilitat compartida, i traçabilitat i registre.</div><div style=""padding: 5px 0;""><b>B)</b> Neteja immediata, reparació al parc, baixa preventiva i reposició automàtica.</div><div style=""padding: 5px 0;""><b>C)</b> Rapidesa, improvisació, responsabilitat individual i absència de registre.</div><div style=""padding: 5px 0;""><b>D)</b> Inspecció mensual, revisió superficial, ús compartit i registre anual.</div></div></div>","<div style=""text-align: left; font-family: -apple-system, sans-serif;""><div style=""font-weight: bold; font-size: 16px; color: #10b981; margin-bottom: 8px;"">✓ Resposta Correcta: A</div><div style=""font-size: 14px; margin-bottom: 12px; padding: 10px; background: rgba(16,185,129,0.1); border-radius: 6px; border-left: 4px solid #10b981;"">A) Regularitat i disciplina, rigor i detall, responsabilitat compartida, i traçabilitat i registre.</div><hr style=""border: 0; border-top: 1px solid #ddd; margin: 12px 0;""><div style=""font-size: 13px; color: #444; line-height: 1.4;""><b style=""color: #111;"">Explicació:</b> La revisió ha de ser sistemàtica, rigorosa, compartida i registrada.</div></div>","T20_-_Equips_de_proteccio_individual_EPI","11939"
"<div style=""text-align: left; font-family: -apple-system, sans-serif;""><div style=""font-size: 11px; color: #888; margin-bottom: 6px;"">[T20 - Equips de protecció individual (EPI)] Pregunta 235</div><div style=""font-weight: bold; font-size: 16px; margin-bottom: 14px; line-height: 1.4;"">Quina part de l'ERA té la funció de unir pneumàticament els components d'alta i baixa pressió?</div><div style=""font-size: 14px; line-height: 1.6;""><div style=""padding: 5px 0;""><b>A)</b> Regulador de pressió.</div><div style=""padding: 5px 0;""><b>B)</b> Manòmetre i indicador de pressió.</div><div style=""padding: 5px 0;""><b>C)</b> Reductor de pressió.</div><div style=""padding: 5px 0;""><b>D)</b> Connexions i mànegues.</div></div></div>","<div style=""text-align: left; font-family: -apple-system, sans-serif;""><div style=""font-weight: bold; font-size: 16px; color: #10b981; margin-bottom: 8px;"">✓ Resposta Correcta: D</div><div style=""font-size: 14px; margin-bottom: 12px; padding: 10px; background: rgba(16,185,129,0.1); border-radius: 6px; border-left: 4px solid #10b981;"">D) Connexions i mànegues.</div><hr style=""border: 0; border-top: 1px solid #ddd; margin: 12px 0;""><div style=""font-size: 13px; color: #444; line-height: 1.4;""><b style=""color: #111;"">Explicació:</b> Connexions i mànegues: Unir pneumàticament els components d'alta i baixa pressió.</div></div>","T20_-_Equips_de_proteccio_individual_EPI","11916"
"<div style=""text-align: left; font-family: -apple-system, sans-serif;""><div style=""font-size: 11px; color: #888; margin-bottom: 6px;"">[T20 - Equips de protecció individual (EPI)] Pregunta 236</div><div style=""font-weight: bold; font-size: 16px; margin-bottom: 14px; line-height: 1.4;"">Quins quatre agents tèrmics cobreixen els requisits mínims de l'EN 469?</div><div style=""font-size: 14px; line-height: 1.6;""><div style=""padding: 5px 0;""><b>A)</b> Impactes, talls, abrasió i perforació.</div><div style=""padding: 5px 0;""><b>B)</b> Gasos, fum, partícules i manca d'oxigen.</div><div style=""padding: 5px 0;""><b>C)</b> Vapor, aigua, humitat i pluja.</div><div style=""padding: 5px 0;""><b>D)</b> Flama, calor radiada, calor convectiva i calor per contacte.</div></div></div>","<div style=""text-align: left; font-family: -apple-system, sans-serif;""><div style=""font-weight: bold; font-size: 16px; color: #10b981; margin-bottom: 8px;"">✓ Resposta Correcta: D</div><div style=""font-size: 14px; margin-bottom: 12px; padding: 10px; background: rgba(16,185,129,0.1); border-radius: 6px; border-left: 4px solid #10b981;"">D) Flama, calor radiada, calor convectiva i calor per contacte.</div><hr style=""border: 0; border-top: 1px solid #ddd; margin: 12px 0;""><div style=""font-size: 13px; color: #444; line-height: 1.4;""><b style=""color: #111;"">Explicació:</b> Són els quatre riscos tèrmics citats.</div></div>","T20_-_Equips_de_proteccio_individual_EPI","11878"
"<div style=""text-align: left; font-family: -apple-system, sans-serif;""><div style=""font-size: 11px; color: #888; margin-bottom: 6px;"">[T20 - Equips de protecció individual (EPI)] Pregunta 237</div><div style=""font-weight: bold; font-size: 16px; margin-bottom: 14px; line-height: 1.4;"">Quins dos grups d'indicadors determinen el tipus de gestió d'un equip contaminat?</div><div style=""font-size: 14px; line-height: 1.6;""><div style=""padding: 5px 0;""><b>A)</b> Els indicadors sensorials i els indicadors tècnics.</div><div style=""padding: 5px 0;""><b>B)</b> Els indicadors de pressió i els indicadors de cabal.</div><div style=""padding: 5px 0;""><b>C)</b> Els indicadors forestals i els indicadors estructurals.</div><div style=""padding: 5px 0;""><b>D)</b> Els indicadors de comandament i els indicadors logístics.</div></div></div>","<div style=""text-align: left; font-family: -apple-system, sans-serif;""><div style=""font-weight: bold; font-size: 16px; color: #10b981; margin-bottom: 8px;"">✓ Resposta Correcta: A</div><div style=""font-size: 14px; margin-bottom: 12px; padding: 10px; background: rgba(16,185,129,0.1); border-radius: 6px; border-left: 4px solid #10b981;"">A) Els indicadors sensorials i els indicadors tècnics.</div><hr style=""border: 0; border-top: 1px solid #ddd; margin: 12px 0;""><div style=""font-size: 13px; color: #444; line-height: 1.4;""><b style=""color: #111;"">Explicació:</b> Es valora l'aspecte i també l'escenari toxicològic.</div></div>","T20_-_Equips_de_proteccio_individual_EPI","11953"
"<div style=""text-align: left; font-family: -apple-system, sans-serif;""><div style=""font-size: 11px; color: #888; margin-bottom: 6px;"">[T20 - Equips de protecció individual (EPI)] Pregunta 238</div><div style=""font-weight: bold; font-size: 16px; margin-bottom: 14px; line-height: 1.4;"">Quins quatre factors poden motivar una gestió avançada o especialitzada?</div><div style=""font-size: 14px; line-height: 1.6;""><div style=""padding: 5px 0;""><b>A)</b> L'accés, la façana, els estabilitzadors i l'abast.</div><div style=""padding: 5px 0;""><b>B)</b> La pressió de l'ERA, el consum, la reserva i l'autonomia.</div><div style=""padding: 5px 0;""><b>C)</b> L'estat de l'equip, la manca de mitjans, les instruccions del fabricant i els riscos de manipulació.</div><div style=""padding: 5px 0;""><b>D)</b> El casc, el vestit, els guants i les botes assignades.</div></div></div>","<div style=""text-align: left; font-family: -apple-system, sans-serif;""><div style=""font-weight: bold; font-size: 16px; color: #10b981; margin-bottom: 8px;"">✓ Resposta Correcta: C</div><div style=""font-size: 14px; margin-bottom: 12px; padding: 10px; background: rgba(16,185,129,0.1); border-radius: 6px; border-left: 4px solid #10b981;"">C) L'estat de l'equip, la manca de mitjans, les instruccions del fabricant i els riscos de manipulació.</div><hr style=""border: 0; border-top: 1px solid #ddd; margin: 12px 0;""><div style=""font-size: 13px; color: #444; line-height: 1.4;""><b style=""color: #111;"">Explicació:</b> El manual enumera aquests quatre factors.</div></div>","T20_-_Equips_de_proteccio_individual_EPI","11956"
"<div style=""text-align: left; font-family: -apple-system, sans-serif;""><div style=""font-size: 11px; color: #888; margin-bottom: 6px;"">[T20 - Equips de protecció individual (EPI)] Pregunta 239</div><div style=""font-weight: bold; font-size: 16px; margin-bottom: 14px; line-height: 1.4;"">Quina categoria protegeix davant de riscos mínims amb danys lleus o reparables?</div><div style=""font-size: 14px; line-height: 1.6;""><div style=""padding: 5px 0;""><b>A)</b> Categoria I.</div><div style=""padding: 5px 0;""><b>B)</b> Categoria II.</div><div style=""padding: 5px 0;""><b>C)</b> Categoria II i III.</div><div style=""padding: 5px 0;""><b>D)</b> Cap categoria d'EPI.</div></div></div>","<div style=""text-align: left; font-family: -apple-system, sans-serif;""><div style=""font-weight: bold; font-size: 16px; color: #10b981; margin-bottom: 8px;"">✓ Resposta Correcta: A</div><div style=""font-size: 14px; margin-bottom: 12px; padding: 10px; background: rgba(16,185,129,0.1); border-radius: 6px; border-left: 4px solid #10b981;"">A) Categoria I.</div><hr style=""border: 0; border-top: 1px solid #ddd; margin: 12px 0;""><div style=""font-size: 13px; color: #444; line-height: 1.4;""><b style=""color: #111;"">Explicació:</b> La categoria I cobreix riscos mínims.</div></div>","T20_-_Equips_de_proteccio_individual_EPI","11860"
"<div style=""text-align: left; font-family: -apple-system, sans-serif;""><div style=""font-size: 11px; color: #888; margin-bottom: 6px;"">[T20 - Equips de protecció individual (EPI)] Pregunta 240</div><div style=""font-weight: bold; font-size: 16px; margin-bottom: 14px; line-height: 1.4;"">A quina categoria pertany el vestit d'intervenció pesant?</div><div style=""font-size: 14px; line-height: 1.6;""><div style=""padding: 5px 0;""><b>A)</b> Categoria I.</div><div style=""padding: 5px 0;""><b>B)</b> Categoria II i III.</div><div style=""padding: 5px 0;""><b>C)</b> Categoria III.</div><div style=""padding: 5px 0;""><b>D)</b> Categoria I i II.</div></div></div>","<div style=""text-align: left; font-family: -apple-system, sans-serif;""><div style=""font-weight: bold; font-size: 16px; color: #10b981; margin-bottom: 8px;"">✓ Resposta Correcta: C</div><div style=""font-size: 14px; margin-bottom: 12px; padding: 10px; background: rgba(16,185,129,0.1); border-radius: 6px; border-left: 4px solid #10b981;"">C) Categoria III.</div><hr style=""border: 0; border-top: 1px solid #ddd; margin: 12px 0;""><div style=""font-size: 13px; color: #444; line-height: 1.4;""><b style=""color: #111;"">Explicació:</b> El vestit pesant és de categoria III.</div></div>","T20_-_Equips_de_proteccio_individual_EPI","11887"
"<div style=""text-align: left; font-family: -apple-system, sans-serif;""><div style=""font-size: 11px; color: #888; margin-bottom: 6px;"">[T20 - Equips de protecció individual (EPI)] Pregunta 241</div><div style=""font-weight: bold; font-size: 16px; margin-bottom: 14px; line-height: 1.4;"">Quina norma regula els cascos per a incendis estructurals?</div><div style=""font-size: 14px; line-height: 1.6;""><div style=""padding: 5px 0;""><b>A)</b> EN 15090.</div><div style=""padding: 5px 0;""><b>B)</b> EN 16473.</div><div style=""padding: 5px 0;""><b>C)</b> EN 15614.</div><div style=""padding: 5px 0;""><b>D)</b> EN 443.</div></div></div>","<div style=""text-align: left; font-family: -apple-system, sans-serif;""><div style=""font-weight: bold; font-size: 16px; color: #10b981; margin-bottom: 8px;"">✓ Resposta Correcta: D</div><div style=""font-size: 14px; margin-bottom: 12px; padding: 10px; background: rgba(16,185,129,0.1); border-radius: 6px; border-left: 4px solid #10b981;"">D) EN 443.</div><hr style=""border: 0; border-top: 1px solid #ddd; margin: 12px 0;""><div style=""font-size: 13px; color: #444; line-height: 1.4;""><b style=""color: #111;"">Explicació:</b> L'EN 443 regula el casc pesant.</div></div>","T20_-_Equips_de_proteccio_individual_EPI","11872"
"<div style=""text-align: left; font-family: -apple-system, sans-serif;""><div style=""font-size: 11px; color: #888; margin-bottom: 6px;"">[T20 - Equips de protecció individual (EPI)] Pregunta 242</div><div style=""font-weight: bold; font-size: 16px; margin-bottom: 14px; line-height: 1.4;"">Quin percentatge aproximat de l'ampolla representa la reserva d'aire?</div><div style=""font-size: 14px; line-height: 1.6;""><div style=""padding: 5px 0;""><b>A)</b> El deu per cent.</div><div style=""padding: 5px 0;""><b>B)</b> El vint-i-cinc per cent.</div><div style=""padding: 5px 0;""><b>C)</b> El quinze per cent.</div><div style=""padding: 5px 0;""><b>D)</b> El quaranta per cent.</div></div></div>","<div style=""text-align: left; font-family: -apple-system, sans-serif;""><div style=""font-weight: bold; font-size: 16px; color: #10b981; margin-bottom: 8px;"">✓ Resposta Correcta: B</div><div style=""font-size: 14px; margin-bottom: 12px; padding: 10px; background: rgba(16,185,129,0.1); border-radius: 6px; border-left: 4px solid #10b981;"">B) El vint-i-cinc per cent.</div><hr style=""border: 0; border-top: 1px solid #ddd; margin: 12px 0;""><div style=""font-size: 13px; color: #444; line-height: 1.4;""><b style=""color: #111;"">Explicació:</b> La reserva és aproximadament el 25 %.</div></div>","T20_-_Equips_de_proteccio_individual_EPI","11922"
"<div style=""text-align: left; font-family: -apple-system, sans-serif;""><div style=""font-size: 11px; color: #888; margin-bottom: 6px;"">[T20 - Equips de protecció individual (EPI)] Pregunta 243</div><div style=""font-weight: bold; font-size: 16px; margin-bottom: 14px; line-height: 1.4;"">Quines tres propietats indica la sola de les botes estructurals?</div><div style=""font-size: 14px; line-height: 1.6;""><div style=""padding: 5px 0;""><b>A)</b> Resistència a la radiació, a gasos i a manca d'oxigen.</div><div style=""padding: 5px 0;""><b>B)</b> Resistència als hidrocarburs, a l'abrasió i al lliscament.</div><div style=""padding: 5px 0;""><b>C)</b> Resistència a la flotació, a l'onatge i a la immersió.</div><div style=""padding: 5px 0;""><b>D)</b> Resistència a caigudes, a suspensió i a càrregues.</div></div></div>","<div style=""text-align: left; font-family: -apple-system, sans-serif;""><div style=""font-weight: bold; font-size: 16px; color: #10b981; margin-bottom: 8px;"">✓ Resposta Correcta: B</div><div style=""font-size: 14px; margin-bottom: 12px; padding: 10px; background: rgba(16,185,129,0.1); border-radius: 6px; border-left: 4px solid #10b981;"">B) Resistència als hidrocarburs, a l'abrasió i al lliscament.</div><hr style=""border: 0; border-top: 1px solid #ddd; margin: 12px 0;""><div style=""font-size: 13px; color: #444; line-height: 1.4;""><b style=""color: #111;"">Explicació:</b> La sola ha de suportar hidrocarburs, abrasió i lliscament.</div></div>","T20_-_Equips_de_proteccio_individual_EPI","11892"
"<div style=""text-align: left; font-family: -apple-system, sans-serif;""><div style=""font-size: 11px; color: #888; margin-bottom: 6px;"">[T20 - Equips de protecció individual (EPI)] Pregunta 244</div><div style=""font-weight: bold; font-size: 16px; margin-bottom: 14px; line-height: 1.4;"">Quines tres accions ha de poder fer cada bomber amb l'ERA de manera autònoma i ràpida?</div><div style=""font-size: 14px; line-height: 1.6;""><div style=""padding: 5px 0;""><b>A)</b> Modificar l'arnès, canviar el regulador i reprogramar l'alarma.</div><div style=""padding: 5px 0;""><b>B)</b> Muntar-lo, revisar-lo i col·locar-se'l.</div><div style=""padding: 5px 0;""><b>C)</b> Desmuntar la vàlvula, substituir l'ampolla i certificar-lo.</div><div style=""padding: 5px 0;""><b>D)</b> Carregar l'ampolla, calibrar el manòmetre i homologar-lo.</div></div></div>","<div style=""text-align: left; font-family: -apple-system, sans-serif;""><div style=""font-weight: bold; font-size: 16px; color: #10b981; margin-bottom: 8px;"">✓ Resposta Correcta: B</div><div style=""font-size: 14px; margin-bottom: 12px; padding: 10px; background: rgba(16,185,129,0.1); border-radius: 6px; border-left: 4px solid #10b981;"">B) Muntar-lo, revisar-lo i col·locar-se'l.</div><hr style=""border: 0; border-top: 1px solid #ddd; margin: 12px 0;""><div style=""font-size: 13px; color: #444; line-height: 1.4;""><b style=""color: #111;"">Explicació:</b> El domini operatiu inclou muntatge, revisió i col·locació.</div></div>","T20_-_Equips_de_proteccio_individual_EPI","11925"
"<div style=""text-align: left; font-family: -apple-system, sans-serif;""><div style=""font-size: 11px; color: #888; margin-bottom: 6px;"">[T20 - Equips de protecció individual (EPI)] Pregunta 245</div><div style=""font-weight: bold; font-size: 16px; margin-bottom: 14px; line-height: 1.4;"">A quina categoria pertanyen els equips de respiració autònoma davant d'atmosferes tòxiques?</div><div style=""font-size: 14px; line-height: 1.6;""><div style=""padding: 5px 0;""><b>A)</b> Categoria III.</div><div style=""padding: 5px 0;""><b>B)</b> Categoria II.</div><div style=""padding: 5px 0;""><b>C)</b> Cap categoria d'EPI.</div><div style=""padding: 5px 0;""><b>D)</b> Categoria I.</div></div></div>","<div style=""text-align: left; font-family: -apple-system, sans-serif;""><div style=""font-weight: bold; font-size: 16px; color: #10b981; margin-bottom: 8px;"">✓ Resposta Correcta: A</div><div style=""font-size: 14px; margin-bottom: 12px; padding: 10px; background: rgba(16,185,129,0.1); border-radius: 6px; border-left: 4px solid #10b981;"">A) Categoria III.</div><hr style=""border: 0; border-top: 1px solid #ddd; margin: 12px 0;""><div style=""font-size: 13px; color: #444; line-height: 1.4;""><b style=""color: #111;"">Explicació:</b> Els ERA són EPI de categoria III.</div></div>","T20_-_Equips_de_proteccio_individual_EPI","11863"
"<div style=""text-align: left; font-family: -apple-system, sans-serif;""><div style=""font-size: 11px; color: #888; margin-bottom: 6px;"">[T20 - Equips de protecció individual (EPI)] Pregunta 246</div><div style=""font-weight: bold; font-size: 16px; margin-bottom: 14px; line-height: 1.4;"">Quina norma regula el vestuari de protecció per a incendis forestals?</div><div style=""font-size: 14px; line-height: 1.6;""><div style=""padding: 5px 0;""><b>A)</b> EN 659.</div><div style=""padding: 5px 0;""><b>B)</b> EN 443.</div><div style=""padding: 5px 0;""><b>C)</b> EN 15614.</div><div style=""padding: 5px 0;""><b>D)</b> EN 16471.</div></div></div>","<div style=""text-align: left; font-family: -apple-system, sans-serif;""><div style=""font-weight: bold; font-size: 16px; color: #10b981; margin-bottom: 8px;"">✓ Resposta Correcta: C</div><div style=""font-size: 14px; margin-bottom: 12px; padding: 10px; background: rgba(16,185,129,0.1); border-radius: 6px; border-left: 4px solid #10b981;"">C) EN 15614.</div><hr style=""border: 0; border-top: 1px solid #ddd; margin: 12px 0;""><div style=""font-size: 13px; color: #444; line-height: 1.4;""><b style=""color: #111;"">Explicació:</b> L'EN 15614 correspon al vestit forestal.</div></div>","T20_-_Equips_de_proteccio_individual_EPI","11871"
"<div style=""text-align: left; font-family: -apple-system, sans-serif;""><div style=""font-size: 11px; color: #888; margin-bottom: 6px;"">[T20 - Equips de protecció individual (EPI)] Pregunta 247</div><div style=""font-weight: bold; font-size: 16px; margin-bottom: 14px; line-height: 1.4;"">Quines quatre zones protegeix integralment el disseny del casc pesant?</div><div style=""font-size: 14px; line-height: 1.6;""><div style=""padding: 5px 0;""><b>A)</b> Cap, cara, coll i orelles.</div><div style=""padding: 5px 0;""><b>B)</b> Ulls, mans, genolls i peus.</div><div style=""padding: 5px 0;""><b>C)</b> Orelles, espatlles, mans i cintura.</div><div style=""padding: 5px 0;""><b>D)</b> Cap, tòrax, braços i cames.</div></div></div>","<div style=""text-align: left; font-family: -apple-system, sans-serif;""><div style=""font-weight: bold; font-size: 16px; color: #10b981; margin-bottom: 8px;"">✓ Resposta Correcta: A</div><div style=""font-size: 14px; margin-bottom: 12px; padding: 10px; background: rgba(16,185,129,0.1); border-radius: 6px; border-left: 4px solid #10b981;"">A) Cap, cara, coll i orelles.</div><hr style=""border: 0; border-top: 1px solid #ddd; margin: 12px 0;""><div style=""font-size: 13px; color: #444; line-height: 1.4;""><b style=""color: #111;"">Explicació:</b> El casc tancat envolta aquestes quatre zones.</div></div>","T20_-_Equips_de_proteccio_individual_EPI","11883"
"<div style=""text-align: left; font-family: -apple-system, sans-serif;""><div style=""font-size: 11px; color: #888; margin-bottom: 6px;"">[T20 - Equips de protecció individual (EPI)] Pregunta 248</div><div style=""font-weight: bold; font-size: 16px; margin-bottom: 14px; line-height: 1.4;"">En quantes categories es classifiquen els EPI segons el nivell de risc?</div><div style=""font-size: 14px; line-height: 1.6;""><div style=""padding: 5px 0;""><b>A)</b> En cinc categories.</div><div style=""padding: 5px 0;""><b>B)</b> En set categories.</div><div style=""padding: 5px 0;""><b>C)</b> En dues categories.</div><div style=""padding: 5px 0;""><b>D)</b> En tres categories.</div></div></div>","<div style=""text-align: left; font-family: -apple-system, sans-serif;""><div style=""font-weight: bold; font-size: 16px; color: #10b981; margin-bottom: 8px;"">✓ Resposta Correcta: D</div><div style=""font-size: 14px; margin-bottom: 12px; padding: 10px; background: rgba(16,185,129,0.1); border-radius: 6px; border-left: 4px solid #10b981;"">D) En tres categories.</div><hr style=""border: 0; border-top: 1px solid #ddd; margin: 12px 0;""><div style=""font-size: 13px; color: #444; line-height: 1.4;""><b style=""color: #111;"">Explicació:</b> Les categories són I, II i III.</div></div>","T20_-_Equips_de_proteccio_individual_EPI","11859"
"<div style=""text-align: left; font-family: -apple-system, sans-serif;""><div style=""font-size: 11px; color: #888; margin-bottom: 6px;"">[T20 - Equips de protecció individual (EPI)] Pregunta 249</div><div style=""font-weight: bold; font-size: 16px; margin-bottom: 14px; line-height: 1.4;"">Quan s'han d'utilitzar equips de protecció individual segons el marc preventiu descrit al MAN.SEGU.000?</div><div style=""font-size: 14px; line-height: 1.6;""><div style=""padding: 5px 0;""><b>A)</b> Quan els perills no es poden eliminar o reduir prou amb protecció col·lectiva o mesures organitzatives.</div><div style=""padding: 5px 0;""><b>B)</b> Quan les mesures organitzatives controlen el perill i no queda cap risc residual per als intervinents.</div><div style=""padding: 5px 0;""><b>C)</b> Quan la protecció col·lectiva redueix parcialment el risc, però encara permet treballar sense exposició personal.</div><div style=""padding: 5px 0;""><b>D)</b> Quan l’avaluació de riscos conclou que l’operació es pot executar sense protecció personal.</div></div></div>","<div style=""text-align: left; font-family: -apple-system, sans-serif;""><div style=""font-weight: bold; font-size: 16px; color: #10b981; margin-bottom: 8px;"">✓ Resposta Correcta: A</div><div style=""font-size: 14px; margin-bottom: 12px; padding: 10px; background: rgba(16,185,129,0.1); border-radius: 6px; border-left: 4px solid #10b981;"">A) Quan els perills no es poden eliminar o reduir prou amb protecció col·lectiva o mesures organitzatives.</div><hr style=""border: 0; border-top: 1px solid #ddd; margin: 12px 0;""><div style=""font-size: 13px; color: #444; line-height: 1.4;""><b style=""color: #111;"">Explicació:</b> L'EPI s'utilitza davant del risc residual.</div></div>","T20_-_Equips_de_proteccio_individual_EPI","11853"
"<div style=""text-align: left; font-family: -apple-system, sans-serif;""><div style=""font-size: 11px; color: #888; margin-bottom: 6px;"">[T20 - Equips de protecció individual (EPI)] Pregunta 250</div><div style=""font-weight: bold; font-size: 16px; margin-bottom: 14px; line-height: 1.4;"">Com descriu el MAN.SEGU.000 la responsabilitat sobre la seguretat i l'autoprotecció?</div><div style=""font-size: 14px; line-height: 1.6;""><div style=""padding: 5px 0;""><b>A)</b> Com una tasca del cap de torn, desvinculada de l’autoprotecció de cada membre de l’equip.</div><div style=""padding: 5px 0;""><b>B)</b> Com una responsabilitat individual del bomber, sense efectes sobre la seguretat dels companys.</div><div style=""padding: 5px 0;""><b>C)</b> Com una corresponsabilitat compartida entre tots els membres de l'equip.</div><div style=""padding: 5px 0;""><b>D)</b> Com una responsabilitat del cap d’intervenció, mentre els bombers es limiten a seguir les instruccions rebudes.</div></div></div>","<div style=""text-align: left; font-family: -apple-system, sans-serif;""><div style=""font-weight: bold; font-size: 16px; color: #10b981; margin-bottom: 8px;"">✓ Resposta Correcta: C</div><div style=""font-size: 14px; margin-bottom: 12px; padding: 10px; background: rgba(16,185,129,0.1); border-radius: 6px; border-left: 4px solid #10b981;"">C) Com una corresponsabilitat compartida entre tots els membres de l'equip.</div><hr style=""border: 0; border-top: 1px solid #ddd; margin: 12px 0;""><div style=""font-size: 13px; color: #444; line-height: 1.4;""><b style=""color: #111;"">Explicació:</b> Les decisions individuals afecten tot l'equip.</div></div>","T20_-_Equips_de_proteccio_individual_EPI","11858"
"<div style=""text-align: left; font-family: -apple-system, sans-serif;""><div style=""font-size: 11px; color: #888; margin-bottom: 6px;"">[T20 - Equips de protecció individual (EPI)] Pregunta 251</div><div style=""font-weight: bold; font-size: 16px; margin-bottom: 14px; line-height: 1.4;"">A quina pressió s'indica que s'ha d'iniciar la sortida de la zona calenta?</div><div style=""font-size: 14px; line-height: 1.6;""><div style=""padding: 5px 0;""><b>A)</b> Cent deu bars.</div><div style=""padding: 5px 0;""><b>B)</b> Tres-cents bars.</div><div style=""padding: 5px 0;""><b>C)</b> Seixanta bars.</div><div style=""padding: 5px 0;""><b>D)</b> Dos-cents bars.</div></div></div>","<div style=""text-align: left; font-family: -apple-system, sans-serif;""><div style=""font-weight: bold; font-size: 16px; color: #10b981; margin-bottom: 8px;"">✓ Resposta Correcta: A</div><div style=""font-size: 14px; margin-bottom: 12px; padding: 10px; background: rgba(16,185,129,0.1); border-radius: 6px; border-left: 4px solid #10b981;"">A) Cent deu bars.</div><hr style=""border: 0; border-top: 1px solid #ddd; margin: 12px 0;""><div style=""font-size: 13px; color: #444; line-height: 1.4;""><b style=""color: #111;"">Explicació:</b> A 110 bars s'indica iniciar la sortida.</div></div>","T20_-_Equips_de_proteccio_individual_EPI","11920"
"<div style=""text-align: left; font-family: -apple-system, sans-serif;""><div style=""font-size: 11px; color: #888; margin-bottom: 6px;"">[T20 - Equips de protecció individual (EPI)] Pregunta 252</div><div style=""font-weight: bold; font-size: 16px; margin-bottom: 14px; line-height: 1.4;"">Com es calcula la capacitat total d'aire d'una ampolla?</div><div style=""font-size: 14px; line-height: 1.6;""><div style=""padding: 5px 0;""><b>A)</b> Restant la pressió final de la inicial sense considerar el volum.</div><div style=""padding: 5px 0;""><b>B)</b> Dividint la pressió entre el temps d'intervenció.</div><div style=""padding: 5px 0;""><b>C)</b> Multiplicant la pressió de càrrega per la capacitat volumètrica.</div><div style=""padding: 5px 0;""><b>D)</b> Sumant la reserva i el consum personal.</div></div></div>","<div style=""text-align: left; font-family: -apple-system, sans-serif;""><div style=""font-weight: bold; font-size: 16px; color: #10b981; margin-bottom: 8px;"">✓ Resposta Correcta: C</div><div style=""font-size: 14px; margin-bottom: 12px; padding: 10px; background: rgba(16,185,129,0.1); border-radius: 6px; border-left: 4px solid #10b981;"">C) Multiplicant la pressió de càrrega per la capacitat volumètrica.</div><hr style=""border: 0; border-top: 1px solid #ddd; margin: 12px 0;""><div style=""font-size: 13px; color: #444; line-height: 1.4;""><b style=""color: #111;"">Explicació:</b> Pressió per volum dona litres d'aire.</div></div>","T20_-_Equips_de_proteccio_individual_EPI","11930"
"<div style=""text-align: left; font-family: -apple-system, sans-serif;""><div style=""font-size: 11px; color: #888; margin-bottom: 6px;"">[T20 - Equips de protecció individual (EPI)] Pregunta 253</div><div style=""font-weight: bold; font-size: 16px; margin-bottom: 14px; line-height: 1.4;"">Quina capacitat total teòrica té una ampolla de 6,8 litres carregada a 300 bars?</div><div style=""font-size: 14px; line-height: 1.6;""><div style=""padding: 5px 0;""><b>A)</b> Dos mil quaranta litres d'aire.</div><div style=""padding: 5px 0;""><b>B)</b> Sis-cents vuitanta litres d'aire.</div><div style=""padding: 5px 0;""><b>C)</b> Mil set-cents litres d'aire.</div><div style=""padding: 5px 0;""><b>D)</b> Tres mil litres d'aire.</div></div></div>","<div style=""text-align: left; font-family: -apple-system, sans-serif;""><div style=""font-weight: bold; font-size: 16px; color: #10b981; margin-bottom: 8px;"">✓ Resposta Correcta: A</div><div style=""font-size: 14px; margin-bottom: 12px; padding: 10px; background: rgba(16,185,129,0.1); border-radius: 6px; border-left: 4px solid #10b981;"">A) Dos mil quaranta litres d'aire.</div><hr style=""border: 0; border-top: 1px solid #ddd; margin: 12px 0;""><div style=""font-size: 13px; color: #444; line-height: 1.4;""><b style=""color: #111;"">Explicació:</b> 6,8 × 300 = 2.040 litres.</div></div>","T20_-_Equips_de_proteccio_individual_EPI","11931"
"<div style=""text-align: left; font-family: -apple-system, sans-serif;""><div style=""font-size: 11px; color: #888; margin-bottom: 6px;"">[T20 - Equips de protecció individual (EPI)] Pregunta 254</div><div style=""font-weight: bold; font-size: 16px; margin-bottom: 14px; line-height: 1.4;"">Quines quatre pràctiques bàsiques trenquen la cadena de transmissió de contaminants?</div><div style=""font-size: 14px; line-height: 1.6;""><div style=""padding: 5px 0;""><b>A)</b> Guardar-lo humit, barrejar-lo amb material net, no registrar-lo i endur-se'l a casa.</div><div style=""padding: 5px 0;""><b>B)</b> Netejar-lo amb aire, reutilitzar-lo immediatament, ignorar olors i ometre la inspecció.</div><div style=""padding: 5px 0;""><b>C)</b> Retirar l'etiqueta, anul·lar el registre, assecar-lo al sol i aplicar dissolvents.</div><div style=""padding: 5px 0;""><b>D)</b> Gestió inicial al lloc, encapsulament de l'EPI brut, ús de guants i respecte de zones netes i brutes.</div></div></div>","<div style=""text-align: left; font-family: -apple-system, sans-serif;""><div style=""font-weight: bold; font-size: 16px; color: #10b981; margin-bottom: 8px;"">✓ Resposta Correcta: D</div><div style=""font-size: 14px; margin-bottom: 12px; padding: 10px; background: rgba(16,185,129,0.1); border-radius: 6px; border-left: 4px solid #10b981;"">D) Gestió inicial al lloc, encapsulament de l'EPI brut, ús de guants i respecte de zones netes i brutes.</div><hr style=""border: 0; border-top: 1px solid #ddd; margin: 12px 0;""><div style=""font-size: 13px; color: #444; line-height: 1.4;""><b style=""color: #111;"">Explicació:</b> Cal contenir, protegir i separar zones.</div></div>","T20_-_Equips_de_proteccio_individual_EPI","11950"
"<div style=""text-align: left; font-family: -apple-system, sans-serif;""><div style=""font-size: 11px; color: #888; margin-bottom: 6px;"">[T20 - Equips de protecció individual (EPI)] Pregunta 255</div><div style=""font-weight: bold; font-size: 16px; margin-bottom: 14px; line-height: 1.4;"">A quina categoria pertanyen els arnesos anticaigudes?</div><div style=""font-size: 14px; line-height: 1.6;""><div style=""padding: 5px 0;""><b>A)</b> Categoria II.</div><div style=""padding: 5px 0;""><b>B)</b> Categoria III.</div><div style=""padding: 5px 0;""><b>C)</b> Categoria I.</div><div style=""padding: 5px 0;""><b>D)</b> Categoria II i III.</div></div></div>","<div style=""text-align: left; font-family: -apple-system, sans-serif;""><div style=""font-weight: bold; font-size: 16px; color: #10b981; margin-bottom: 8px;"">✓ Resposta Correcta: B</div><div style=""font-size: 14px; margin-bottom: 12px; padding: 10px; background: rgba(16,185,129,0.1); border-radius: 6px; border-left: 4px solid #10b981;"">B) Categoria III.</div><hr style=""border: 0; border-top: 1px solid #ddd; margin: 12px 0;""><div style=""font-size: 13px; color: #444; line-height: 1.4;""><b style=""color: #111;"">Explicació:</b> Les caigudes en alçada són un risc de categoria III.</div></div>","T20_-_Equips_de_proteccio_individual_EPI","11864"
"<div style=""text-align: left; font-family: -apple-system, sans-serif;""><div style=""font-size: 11px; color: #888; margin-bottom: 6px;"">[T20 - Equips de protecció individual (EPI)] Pregunta 256</div><div style=""font-weight: bold; font-size: 16px; margin-bottom: 14px; line-height: 1.4;"">Quines característiques prioritza l’EN 15614 per al vestit forestal?</div><div style=""font-size: 14px; line-height: 1.6;""><div style=""padding: 5px 0;""><b>A)</b> Protecció davant caigudes, impactes, electricitat i immersió.</div><div style=""padding: 5px 0;""><b>B)</b> Protecció davant flama breu, calor radiant i brases, lleugeresa i transpirabilitat.</div><div style=""padding: 5px 0;""><b>C)</b> Protecció davant flama intensa, vapor calent, productes químics i encapsulament.</div><div style=""padding: 5px 0;""><b>D)</b> Protecció davant fred criogènic, alta tensió, talls i perforació.</div></div></div>","<div style=""text-align: left; font-family: -apple-system, sans-serif;""><div style=""font-weight: bold; font-size: 16px; color: #10b981; margin-bottom: 8px;"">✓ Resposta Correcta: B</div><div style=""font-size: 14px; margin-bottom: 12px; padding: 10px; background: rgba(16,185,129,0.1); border-radius: 6px; border-left: 4px solid #10b981;"">B) Protecció davant flama breu, calor radiant i brases, lleugeresa i transpirabilitat.</div><hr style=""border: 0; border-top: 1px solid #ddd; margin: 12px 0;""><div style=""font-size: 13px; color: #444; line-height: 1.4;""><b style=""color: #111;"">Explicació:</b> El vestit forestal equilibra protecció moderada i confort.</div></div>","T20_-_Equips_de_proteccio_individual_EPI","11879"
"<div style=""text-align: left; font-family: -apple-system, sans-serif;""><div style=""font-size: 11px; color: #888; margin-bottom: 6px;"">[T20 - Equips de protecció individual (EPI)] Pregunta 257</div><div style=""font-weight: bold; font-size: 16px; margin-bottom: 14px; line-height: 1.4;"">Com s'han d'assecar les botes d'intervenció després de netejar-les?</div><div style=""font-size: 14px; line-height: 1.6;""><div style=""padding: 5px 0;""><b>A)</b> Lluny de fonts de calor directa.</div><div style=""padding: 5px 0;""><b>B)</b> Amb aire calent concentrat sobre les costures.</div><div style=""padding: 5px 0;""><b>C)</b> Dins d'una bossa estanca sense ventilació.</div><div style=""padding: 5px 0;""><b>D)</b> Dins de la cabina tancada i humida.</div></div></div>","<div style=""text-align: left; font-family: -apple-system, sans-serif;""><div style=""font-weight: bold; font-size: 16px; color: #10b981; margin-bottom: 8px;"">✓ Resposta Correcta: A</div><div style=""font-size: 14px; margin-bottom: 12px; padding: 10px; background: rgba(16,185,129,0.1); border-radius: 6px; border-left: 4px solid #10b981;"">A) Lluny de fonts de calor directa.</div><hr style=""border: 0; border-top: 1px solid #ddd; margin: 12px 0;""><div style=""font-size: 13px; color: #444; line-height: 1.4;""><b style=""color: #111;"">Explicació:</b> La calor directa pot danyar els materials.</div></div>","T20_-_Equips_de_proteccio_individual_EPI","11894"
"<div style=""text-align: left; font-family: -apple-system, sans-serif;""><div style=""font-size: 11px; color: #888; margin-bottom: 6px;"">[T20 - Equips de protecció individual (EPI)] Pregunta 258</div><div style=""font-weight: bold; font-size: 16px; margin-bottom: 14px; line-height: 1.4;"">Quina part de l'ERA té la funció de transformar l'alta pressió de l'ampolla en pressió de treball segura?</div><div style=""font-size: 14px; line-height: 1.6;""><div style=""padding: 5px 0;""><b>A)</b> Manòmetre i indicador de pressió.</div><div style=""padding: 5px 0;""><b>B)</b> Reductor de pressió.</div><div style=""padding: 5px 0;""><b>C)</b> Arnès o suport dorsal.</div><div style=""padding: 5px 0;""><b>D)</b> Ampolla d'aire comprimit.</div></div></div>","<div style=""text-align: left; font-family: -apple-system, sans-serif;""><div style=""font-weight: bold; font-size: 16px; color: #10b981; margin-bottom: 8px;"">✓ Resposta Correcta: B</div><div style=""font-size: 14px; margin-bottom: 12px; padding: 10px; background: rgba(16,185,129,0.1); border-radius: 6px; border-left: 4px solid #10b981;"">B) Reductor de pressió.</div><hr style=""border: 0; border-top: 1px solid #ddd; margin: 12px 0;""><div style=""font-size: 13px; color: #444; line-height: 1.4;""><b style=""color: #111;"">Explicació:</b> Reductor de pressió: Transformar l'alta pressió de l'ampolla en pressió de treball segura.</div></div>","T20_-_Equips_de_proteccio_individual_EPI","11911"
"<div style=""text-align: left; font-family: -apple-system, sans-serif;""><div style=""font-size: 11px; color: #888; margin-bottom: 6px;"">[T20 - Equips de protecció individual (EPI)] Pregunta 259</div><div style=""font-weight: bold; font-size: 16px; margin-bottom: 14px; line-height: 1.4;"">A quina pressió es carrega habitualment l'ampolla d'aire comprimit d'un ERA?</div><div style=""font-size: 14px; line-height: 1.6;""><div style=""padding: 5px 0;""><b>A)</b> Tres-cents bars.</div><div style=""padding: 5px 0;""><b>B)</b> Seixanta bars.</div><div style=""padding: 5px 0;""><b>C)</b> Trenta bars.</div><div style=""padding: 5px 0;""><b>D)</b> Cent deu bars.</div></div></div>","<div style=""text-align: left; font-family: -apple-system, sans-serif;""><div style=""font-weight: bold; font-size: 16px; color: #10b981; margin-bottom: 8px;"">✓ Resposta Correcta: A</div><div style=""font-size: 14px; margin-bottom: 12px; padding: 10px; background: rgba(16,185,129,0.1); border-radius: 6px; border-left: 4px solid #10b981;"">A) Tres-cents bars.</div><hr style=""border: 0; border-top: 1px solid #ddd; margin: 12px 0;""><div style=""font-size: 13px; color: #444; line-height: 1.4;""><b style=""color: #111;"">Explicació:</b> La pressió habitual és de 300 bars.</div></div>","T20_-_Equips_de_proteccio_individual_EPI","11917"
"<div style=""text-align: left; font-family: -apple-system, sans-serif;""><div style=""font-size: 11px; color: #888; margin-bottom: 6px;"">[T20 - Equips de protecció individual (EPI)] Pregunta 260</div><div style=""font-weight: bold; font-size: 16px; margin-bottom: 14px; line-height: 1.4;"">Quina norma regula el calçat de protecció per a bombers?</div><div style=""font-size: 14px; line-height: 1.6;""><div style=""padding: 5px 0;""><b>A)</b> EN 659.</div><div style=""padding: 5px 0;""><b>B)</b> EN 443.</div><div style=""padding: 5px 0;""><b>C)</b> EN 15090.</div><div style=""padding: 5px 0;""><b>D)</b> EN 15614.</div></div></div>","<div style=""text-align: left; font-family: -apple-system, sans-serif;""><div style=""font-weight: bold; font-size: 16px; color: #10b981; margin-bottom: 8px;"">✓ Resposta Correcta: C</div><div style=""font-size: 14px; margin-bottom: 12px; padding: 10px; background: rgba(16,185,129,0.1); border-radius: 6px; border-left: 4px solid #10b981;"">C) EN 15090.</div><hr style=""border: 0; border-top: 1px solid #ddd; margin: 12px 0;""><div style=""font-size: 13px; color: #444; line-height: 1.4;""><b style=""color: #111;"">Explicació:</b> L'EN 15090 regula les botes.</div></div>","T20_-_Equips_de_proteccio_individual_EPI","11875"
"<div style=""text-align: left; font-family: -apple-system, sans-serif;""><div style=""font-size: 11px; color: #888; margin-bottom: 6px;"">[T20 - Equips de protecció individual (EPI)] Pregunta 261</div><div style=""font-weight: bold; font-size: 16px; margin-bottom: 14px; line-height: 1.4;"">Quines quatre característiques té el casc lleuger forestal i tècnic?</div><div style=""font-size: 14px; line-height: 1.6;""><div style=""padding: 5px 0;""><b>A)</b> És flotant i impermeable, incorpora llum, admet retenció i protegeix davant ofegament.</div><div style=""padding: 5px 0;""><b>B)</b> És encapsulat i estanc, incorpora aire, admet dutxa i protegeix davant químics.</div><div style=""padding: 5px 0;""><b>C)</b> És estructural i multicapa, incorpora barrera, admet arnesos i protegeix el tors.</div><div style=""padding: 5px 0;""><b>D)</b> És lleuger i ventilat, incorpora ulleres o visera, admet protecció auditiva i frontal, i protegeix davant impactes i calor moderada.</div></div></div>","<div style=""text-align: left; font-family: -apple-system, sans-serif;""><div style=""font-weight: bold; font-size: 16px; color: #10b981; margin-bottom: 8px;"">✓ Resposta Correcta: D</div><div style=""font-size: 14px; margin-bottom: 12px; padding: 10px; background: rgba(16,185,129,0.1); border-radius: 6px; border-left: 4px solid #10b981;"">D) És lleuger i ventilat, incorpora ulleres o visera, admet protecció auditiva i frontal, i protegeix davant impactes i calor moderada.</div><hr style=""border: 0; border-top: 1px solid #ddd; margin: 12px 0;""><div style=""font-size: 13px; color: #444; line-height: 1.4;""><b style=""color: #111;"">Explicació:</b> El casc lleuger prioritza confort i protecció moderada.</div></div>","T20_-_Equips_de_proteccio_individual_EPI","11884"
"<div style=""text-align: left; font-family: -apple-system, sans-serif;""><div style=""font-size: 11px; color: #888; margin-bottom: 6px;"">[T20 - Equips de protecció individual (EPI)] Pregunta 262</div><div style=""font-weight: bold; font-size: 16px; margin-bottom: 14px; line-height: 1.4;"">Quins dos factors determinen la permeabilitat requerida dels vestits de protecció química?</div><div style=""font-size: 14px; line-height: 1.6;""><div style=""padding: 5px 0;""><b>A)</b> El temps del servei i la dotació del vehicle.</div><div style=""padding: 5px 0;""><b>B)</b> L'estat d'agregació del producte i la forma d'aplicació.</div><div style=""padding: 5px 0;""><b>C)</b> La temperatura del producte i el color del recipient.</div><div style=""padding: 5px 0;""><b>D)</b> El tipus de casc i la categoria del calçat.</div></div></div>","<div style=""text-align: left; font-family: -apple-system, sans-serif;""><div style=""font-weight: bold; font-size: 16px; color: #10b981; margin-bottom: 8px;"">✓ Resposta Correcta: B</div><div style=""font-size: 14px; margin-bottom: 12px; padding: 10px; background: rgba(16,185,129,0.1); border-radius: 6px; border-left: 4px solid #10b981;"">B) L'estat d'agregació del producte i la forma d'aplicació.</div><hr style=""border: 0; border-top: 1px solid #ddd; margin: 12px 0;""><div style=""font-size: 13px; color: #444; line-height: 1.4;""><b style=""color: #111;"">Explicació:</b> Es valora sòlid, líquid o gas i esquitx, esprai o pressió.</div></div>","T20_-_Equips_de_proteccio_individual_EPI","11907"
"<div style=""text-align: left; font-family: -apple-system, sans-serif;""><div style=""font-size: 11px; color: #888; margin-bottom: 6px;"">[T20 - Equips de protecció individual (EPI)] Pregunta 263</div><div style=""font-weight: bold; font-size: 16px; margin-bottom: 14px; line-height: 1.4;"">Quin criteri de manteniment consisteix a protegir els equips de sol, humitat i productes químics?</div><div style=""font-size: 14px; line-height: 1.6;""><div style=""padding: 5px 0;""><b>A)</b> Traçabilitat i registre.</div><div style=""padding: 5px 0;""><b>B)</b> Emmagatzematge adequat.</div><div style=""padding: 5px 0;""><b>C)</b> Neteja i higiene.</div><div style=""padding: 5px 0;""><b>D)</b> Proves funcionals.</div></div></div>","<div style=""text-align: left; font-family: -apple-system, sans-serif;""><div style=""font-weight: bold; font-size: 16px; color: #10b981; margin-bottom: 8px;"">✓ Resposta Correcta: B</div><div style=""font-size: 14px; margin-bottom: 12px; padding: 10px; background: rgba(16,185,129,0.1); border-radius: 6px; border-left: 4px solid #10b981;"">B) Emmagatzematge adequat.</div><hr style=""border: 0; border-top: 1px solid #ddd; margin: 12px 0;""><div style=""font-size: 13px; color: #444; line-height: 1.4;""><b style=""color: #111;"">Explicació:</b> Emmagatzematge adequat: protegir els equips de sol, humitat i productes químics.</div></div>","T20_-_Equips_de_proteccio_individual_EPI","11944"
"<div style=""text-align: left; font-family: -apple-system, sans-serif;""><div style=""font-size: 11px; color: #888; margin-bottom: 6px;"">[T20 - Equips de protecció individual (EPI)] Pregunta 264</div><div style=""font-weight: bold; font-size: 16px; margin-bottom: 14px; line-height: 1.4;"">A quin tipus de risc corresponen les línies i els equips electrificats?</div><div style=""font-size: 14px; line-height: 1.6;""><div style=""padding: 5px 0;""><b>A)</b> Risc tèrmic.</div><div style=""padding: 5px 0;""><b>B)</b> Risc elèctric.</div><div style=""padding: 5px 0;""><b>C)</b> Risc químic.</div><div style=""padding: 5px 0;""><b>D)</b> Risc en medi aquàtic.</div></div></div>","<div style=""text-align: left; font-family: -apple-system, sans-serif;""><div style=""font-weight: bold; font-size: 16px; color: #10b981; margin-bottom: 8px;"">✓ Resposta Correcta: B</div><div style=""font-size: 14px; margin-bottom: 12px; padding: 10px; background: rgba(16,185,129,0.1); border-radius: 6px; border-left: 4px solid #10b981;"">B) Risc elèctric.</div><hr style=""border: 0; border-top: 1px solid #ddd; margin: 12px 0;""><div style=""font-size: 13px; color: #444; line-height: 1.4;""><b style=""color: #111;"">Explicació:</b> Línies i equips electrificats generen risc elèctric.</div></div>","T20_-_Equips_de_proteccio_individual_EPI","11904"
"<div style=""text-align: left; font-family: -apple-system, sans-serif;""><div style=""font-size: 11px; color: #888; margin-bottom: 6px;"">[T20 - Equips de protecció individual (EPI)] Pregunta 265</div><div style=""font-weight: bold; font-size: 16px; margin-bottom: 14px; line-height: 1.4;"">Quina part de l'ERA té la funció de subjectar l'ampolla i distribuir-ne el pes?</div><div style=""font-size: 14px; line-height: 1.6;""><div style=""padding: 5px 0;""><b>A)</b> Regulador de pressió.</div><div style=""padding: 5px 0;""><b>B)</b> Màscara facial.</div><div style=""padding: 5px 0;""><b>C)</b> Reductor de pressió.</div><div style=""padding: 5px 0;""><b>D)</b> Arnès o suport dorsal.</div></div></div>","<div style=""text-align: left; font-family: -apple-system, sans-serif;""><div style=""font-weight: bold; font-size: 16px; color: #10b981; margin-bottom: 8px;"">✓ Resposta Correcta: D</div><div style=""font-size: 14px; margin-bottom: 12px; padding: 10px; background: rgba(16,185,129,0.1); border-radius: 6px; border-left: 4px solid #10b981;"">D) Arnès o suport dorsal.</div><hr style=""border: 0; border-top: 1px solid #ddd; margin: 12px 0;""><div style=""font-size: 13px; color: #444; line-height: 1.4;""><b style=""color: #111;"">Explicació:</b> Arnès o suport dorsal: Subjectar l'ampolla i distribuir-ne el pes.</div></div>","T20_-_Equips_de_proteccio_individual_EPI","11915"
"<div style=""text-align: left; font-family: -apple-system, sans-serif;""><div style=""font-size: 11px; color: #888; margin-bottom: 6px;"">[T20 - Equips de protecció individual (EPI)] Pregunta 266</div><div style=""font-weight: bold; font-size: 16px; margin-bottom: 14px; line-height: 1.4;"">Quina part de l'ERA té la funció de segellar la cara i evitar l'entrada d'aire contaminat?</div><div style=""font-size: 14px; line-height: 1.6;""><div style=""padding: 5px 0;""><b>A)</b> Manòmetre i indicador de pressió.</div><div style=""padding: 5px 0;""><b>B)</b> Arnès o suport dorsal.</div><div style=""padding: 5px 0;""><b>C)</b> Màscara facial.</div><div style=""padding: 5px 0;""><b>D)</b> Reductor de pressió.</div></div></div>","<div style=""text-align: left; font-family: -apple-system, sans-serif;""><div style=""font-weight: bold; font-size: 16px; color: #10b981; margin-bottom: 8px;"">✓ Resposta Correcta: C</div><div style=""font-size: 14px; margin-bottom: 12px; padding: 10px; background: rgba(16,185,129,0.1); border-radius: 6px; border-left: 4px solid #10b981;"">C) Màscara facial.</div><hr style=""border: 0; border-top: 1px solid #ddd; margin: 12px 0;""><div style=""font-size: 13px; color: #444; line-height: 1.4;""><b style=""color: #111;"">Explicació:</b> Màscara facial: Segellar la cara i evitar l'entrada d'aire contaminat.</div></div>","T20_-_Equips_de_proteccio_individual_EPI","11914"
"<div style=""text-align: left; font-family: -apple-system, sans-serif;""><div style=""font-size: 11px; color: #888; margin-bottom: 6px;"">[T20 - Equips de protecció individual (EPI)] Pregunta 267</div><div style=""font-weight: bold; font-size: 16px; margin-bottom: 14px; line-height: 1.4;"">Quina part de l'ERA té la funció de contenir aire respirable a alta pressió?</div><div style=""font-size: 14px; line-height: 1.6;""><div style=""padding: 5px 0;""><b>A)</b> Manòmetre i indicador de pressió.</div><div style=""padding: 5px 0;""><b>B)</b> Arnès o suport dorsal del ERA.</div><div style=""padding: 5px 0;""><b>C)</b> Regulador d'alta pressió.</div><div style=""padding: 5px 0;""><b>D)</b> Ampolla d'aire comprimit.</div></div></div>","<div style=""text-align: left; font-family: -apple-system, sans-serif;""><div style=""font-weight: bold; font-size: 16px; color: #10b981; margin-bottom: 8px;"">✓ Resposta Correcta: D</div><div style=""font-size: 14px; margin-bottom: 12px; padding: 10px; background: rgba(16,185,129,0.1); border-radius: 6px; border-left: 4px solid #10b981;"">D) Ampolla d'aire comprimit.</div><hr style=""border: 0; border-top: 1px solid #ddd; margin: 12px 0;""><div style=""font-size: 13px; color: #444; line-height: 1.4;""><b style=""color: #111;"">Explicació:</b> Ampolla d'aire comprimit: Contenir aire respirable a alta pressió.</div></div>","T20_-_Equips_de_proteccio_individual_EPI","11910"
"<div style=""text-align: left; font-family: -apple-system, sans-serif;""><div style=""font-size: 11px; color: #888; margin-bottom: 6px;"">[T20 - Equips de protecció individual (EPI)] Pregunta 268</div><div style=""font-weight: bold; font-size: 16px; margin-bottom: 14px; line-height: 1.4;"">Quins tres exemples de defecte poden comprometre una intervenció?</div><div style=""font-size: 14px; line-height: 1.6;""><div style=""padding: 5px 0;""><b>A)</b> Un vestit net, una ampolla plena i unes connexions estanques.</div><div style=""padding: 5px 0;""><b>B)</b> Un casc net, una bateria carregada i una màscara estanca.</div><div style=""padding: 5px 0;""><b>C)</b> Un equip registrat, sec i ben emmagatzemat.</div><div style=""padding: 5px 0;""><b>D)</b> Una corretja fluixa, una bateria descarregada i una fissura a la màscara.</div></div></div>","<div style=""text-align: left; font-family: -apple-system, sans-serif;""><div style=""font-weight: bold; font-size: 16px; color: #10b981; margin-bottom: 8px;"">✓ Resposta Correcta: D</div><div style=""font-size: 14px; margin-bottom: 12px; padding: 10px; background: rgba(16,185,129,0.1); border-radius: 6px; border-left: 4px solid #10b981;"">D) Una corretja fluixa, una bateria descarregada i una fissura a la màscara.</div><hr style=""border: 0; border-top: 1px solid #ddd; margin: 12px 0;""><div style=""font-size: 13px; color: #444; line-height: 1.4;""><b style=""color: #111;"">Explicació:</b> Són exemples de fallades detectables.</div></div>","T20_-_Equips_de_proteccio_individual_EPI","11938"
"<div style=""text-align: left; font-family: -apple-system, sans-serif;""><div style=""font-size: 11px; color: #888; margin-bottom: 6px;"">[T20 - Equips de protecció individual (EPI)] Pregunta 269</div><div style=""font-weight: bold; font-size: 16px; margin-bottom: 14px; line-height: 1.4;"">Quines quatre mesures formen l'autocontrol operatiu de l'autonomia?</div><div style=""font-size: 14px; line-height: 1.6;""><div style=""padding: 5px 0;""><b>A)</b> Comprovar pressió en punts clau, relacionar temps i consum, planificar la tornada i calcular el recorregut de sortida.</div><div style=""padding: 5px 0;""><b>B)</b> Comprovar el vehicle, relacionar la tracció, planificar l'accés i calcular la càrrega.</div><div style=""padding: 5px 0;""><b>C)</b> Comprovar la bomba, relacionar cabal, planificar mànegues i calcular l'escumogen.</div><div style=""padding: 5px 0;""><b>D)</b> Comprovar l'escala, relacionar l'abast, planificar la cistella i calcular la càrrega.</div></div></div>","<div style=""text-align: left; font-family: -apple-system, sans-serif;""><div style=""font-weight: bold; font-size: 16px; color: #10b981; margin-bottom: 8px;"">✓ Resposta Correcta: A</div><div style=""font-size: 14px; margin-bottom: 12px; padding: 10px; background: rgba(16,185,129,0.1); border-radius: 6px; border-left: 4px solid #10b981;"">A) Comprovar pressió en punts clau, relacionar temps i consum, planificar la tornada i calcular el recorregut de sortida.</div><hr style=""border: 0; border-top: 1px solid #ddd; margin: 12px 0;""><div style=""font-size: 13px; color: #444; line-height: 1.4;""><b style=""color: #111;"">Explicació:</b> L'autocontrol evita entrar en reserva a la zona calenta.</div></div>","T20_-_Equips_de_proteccio_individual_EPI","11933"
"<div style=""text-align: left; font-family: -apple-system, sans-serif;""><div style=""font-size: 11px; color: #888; margin-bottom: 6px;"">[T20 - Equips de protecció individual (EPI)] Pregunta 270</div><div style=""font-weight: bold; font-size: 16px; margin-bottom: 14px; line-height: 1.4;"">Quin EPI s'utilitza en situacions d'alt risc tèrmic i exposició intensa?</div><div style=""font-size: 14px; line-height: 1.6;""><div style=""padding: 5px 0;""><b>A)</b> Vestit de protecció química.</div><div style=""padding: 5px 0;""><b>B)</b> Equip de respiració autònoma.</div><div style=""padding: 5px 0;""><b>C)</b> EPI pesant.</div><div style=""padding: 5px 0;""><b>D)</b> Equip anticaigudes.</div></div></div>","<div style=""text-align: left; font-family: -apple-system, sans-serif;""><div style=""font-weight: bold; font-size: 16px; color: #10b981; margin-bottom: 8px;"">✓ Resposta Correcta: C</div><div style=""font-size: 14px; margin-bottom: 12px; padding: 10px; background: rgba(16,185,129,0.1); border-radius: 6px; border-left: 4px solid #10b981;"">C) EPI pesant.</div><hr style=""border: 0; border-top: 1px solid #ddd; margin: 12px 0;""><div style=""font-size: 13px; color: #444; line-height: 1.4;""><b style=""color: #111;"">Explicació:</b> L'EPI pesant protegeix en foc estructural.</div></div>","T20_-_Equips_de_proteccio_individual_EPI","11898"
"<div style=""text-align: left; font-family: -apple-system, sans-serif;""><div style=""font-size: 11px; color: #888; margin-bottom: 6px;"">[T20 - Equips de protecció individual (EPI)] Pregunta 271</div><div style=""font-weight: bold; font-size: 16px; margin-bottom: 14px; line-height: 1.4;"">Per què la brutícia visible no és l'únic criteri per valorar la contaminació d'un EPI?</div><div style=""font-size: 14px; line-height: 1.6;""><div style=""padding: 5px 0;""><b>A)</b> Perquè pot contenir contaminants químics i partícules tòxiques invisibles.</div><div style=""padding: 5px 0;""><b>B)</b> Perquè el sutge visible és el contaminant que determina tota la gestió posterior.</div><div style=""padding: 5px 0;""><b>C)</b> Perquè l’olor és l’indicador suficient per descartar contaminants persistents.</div><div style=""padding: 5px 0;""><b>D)</b> Perquè els contaminants perden l’activitat quan finalitza la intervenció.</div></div></div>","<div style=""text-align: left; font-family: -apple-system, sans-serif;""><div style=""font-weight: bold; font-size: 16px; color: #10b981; margin-bottom: 8px;"">✓ Resposta Correcta: A</div><div style=""font-size: 14px; margin-bottom: 12px; padding: 10px; background: rgba(16,185,129,0.1); border-radius: 6px; border-left: 4px solid #10b981;"">A) Perquè pot contenir contaminants químics i partícules tòxiques invisibles.</div><hr style=""border: 0; border-top: 1px solid #ddd; margin: 12px 0;""><div style=""font-size: 13px; color: #444; line-height: 1.4;""><b style=""color: #111;"">Explicació:</b> Els contaminants poden ser invisibles i persistents.</div></div>","T20_-_Equips_de_proteccio_individual_EPI","11947"
"<div style=""text-align: left; font-family: -apple-system, sans-serif;""><div style=""font-size: 11px; color: #888; margin-bottom: 6px;"">[T20 - Equips de protecció individual (EPI)] Pregunta 272</div><div style=""font-weight: bold; font-size: 16px; margin-bottom: 14px; line-height: 1.4;"">Quins complements poden reforçar l’EPI davant risc mecànic?</div><div style=""font-size: 14px; line-height: 1.6;""><div style=""padding: 5px 0;""><b>A)</b> Guants, arnesos i proteccions antitall</div><div style=""padding: 5px 0;""><b>B)</b> Mascaretes filtrants i vestits encapsulats</div><div style=""padding: 5px 0;""><b>C)</b> Vestits de neoprè i elements de flotabilitat</div><div style=""padding: 5px 0;""><b>D)</b> Roba impermeable i protecció solar</div></div></div>","<div style=""text-align: left; font-family: -apple-system, sans-serif;""><div style=""font-weight: bold; font-size: 16px; color: #10b981; margin-bottom: 8px;"">✓ Resposta Correcta: A</div><div style=""font-size: 14px; margin-bottom: 12px; padding: 10px; background: rgba(16,185,129,0.1); border-radius: 6px; border-left: 4px solid #10b981;"">A) Guants, arnesos i proteccions antitall</div><hr style=""border: 0; border-top: 1px solid #ddd; margin: 12px 0;""><div style=""font-size: 13px; color: #444; line-height: 1.4;""><b style=""color: #111;"">Explicació:</b> MAN.SEGU.000 V1.2026

2.4.4. Complements – Risc mecànic

Es reforça l’EPI amb elements de protecció addicionals. Com poden ser guants, arnesos, proteccions anti-tall etc.</div></div>","T20_-_Equips_de_proteccio_individual_EPI","racord_74574d20-6bcf-4704-8ecb-6984872276fa"
"<div style=""text-align: left; font-family: -apple-system, sans-serif;""><div style=""font-size: 11px; color: #888; margin-bottom: 6px;"">[T20 - Equips de protecció individual (EPI)] Pregunta 273</div><div style=""font-weight: bold; font-size: 16px; margin-bottom: 14px; line-height: 1.4;"">Com subministra l’aire el regulador de pressió?</div><div style=""font-size: 14px; line-height: 1.6;""><div style=""padding: 5px 0;""><b>A)</b> A demanda, quan el bomber expira</div><div style=""padding: 5px 0;""><b>B)</b> A demanda, quan el bomber inspira</div><div style=""padding: 5px 0;""><b>C)</b> Només quan la pressió baixa de 60 bars</div><div style=""padding: 5px 0;""><b>D)</b> De forma contínua, encara que el bomber no inspiri</div></div></div>","<div style=""text-align: left; font-family: -apple-system, sans-serif;""><div style=""font-weight: bold; font-size: 16px; color: #10b981; margin-bottom: 8px;"">✓ Resposta Correcta: B</div><div style=""font-size: 14px; margin-bottom: 12px; padding: 10px; background: rgba(16,185,129,0.1); border-radius: 6px; border-left: 4px solid #10b981;"">B) A demanda, quan el bomber inspira</div><hr style=""border: 0; border-top: 1px solid #ddd; margin: 12px 0;""><div style=""font-size: 13px; color: #444; line-height: 1.4;""><b style=""color: #111;"">Explicació:</b> MAN.SEGU.000 V1.2026

3.2. Parts d’un equip de respiració autònoma (ERA)

Regulador de pressió: Mecanisme que subministra aire a demanda quan el bomber inspira.</div></div>","T20_-_Equips_de_proteccio_individual_EPI","racord_0bec0dec-39b9-4b64-aae7-7fb47bdb60b1"
"<div style=""text-align: left; font-family: -apple-system, sans-serif;""><div style=""font-size: 11px; color: #888; margin-bottom: 6px;"">[T20 - Equips de protecció individual (EPI)] Pregunta 274</div><div style=""font-weight: bold; font-size: 16px; margin-bottom: 14px; line-height: 1.4;"">Per a quin entorn s’aplica principalment el vestit estructural regulat per la normativa EN 469?</div><div style=""font-size: 14px; line-height: 1.6;""><div style=""padding: 5px 0;""><b>A)</b> Entorns de foc intens</div><div style=""padding: 5px 0;""><b>B)</b> Treballs forestals prolongats</div><div style=""padding: 5px 0;""><b>C)</b> Intervencions sanitàries</div><div style=""padding: 5px 0;""><b>D)</b> Rescats aquàtics</div></div></div>","<div style=""text-align: left; font-family: -apple-system, sans-serif;""><div style=""font-weight: bold; font-size: 16px; color: #10b981; margin-bottom: 8px;"">✓ Resposta Correcta: A</div><div style=""font-size: 14px; margin-bottom: 12px; padding: 10px; background: rgba(16,185,129,0.1); border-radius: 6px; border-left: 4px solid #10b981;"">A) Entorns de foc intens</div><hr style=""border: 0; border-top: 1px solid #ddd; margin: 12px 0;""><div style=""font-size: 13px; color: #444; line-height: 1.4;""><b style=""color: #111;"">Explicació:</b> MAN.SEGU.000 V1.2026

2.2.1. EN 469 – Vestuari de protecció per a l’extinció d’incendis

Aplicació: vestit estructural (jaquetó i pantaló) per a intervencions en entorns de foc intens.</div></div>","T20_-_Equips_de_proteccio_individual_EPI","racord_bc35c983-4b38-4f07-9ad4-a59e92407bef"
"<div style=""text-align: left; font-family: -apple-system, sans-serif;""><div style=""font-size: 11px; color: #888; margin-bottom: 6px;"">[T20 - Equips de protecció individual (EPI)] Pregunta 275</div><div style=""font-weight: bold; font-size: 16px; margin-bottom: 14px; line-height: 1.4;"">Quina característica correspon als vestits de protecció química de tipus 1?</div><div style=""font-size: 14px; line-height: 1.6;""><div style=""padding: 5px 0;""><b>A)</b> Són hermètics a esquitxades i no reutilitzables</div><div style=""padding: 5px 0;""><b>B)</b> Són hermètics a sòlids pulverulents i no reutilitzables</div><div style=""padding: 5px 0;""><b>C)</b> Són hermètics a esprais i no reutilitzables</div><div style=""padding: 5px 0;""><b>D)</b> Són hermètics a gasos o vapors i reutilitzables</div></div></div>","<div style=""text-align: left; font-family: -apple-system, sans-serif;""><div style=""font-weight: bold; font-size: 16px; color: #10b981; margin-bottom: 8px;"">✓ Resposta Correcta: D</div><div style=""font-size: 14px; margin-bottom: 12px; padding: 10px; background: rgba(16,185,129,0.1); border-radius: 6px; border-left: 4px solid #10b981;"">D) Són hermètics a gasos o vapors i reutilitzables</div><hr style=""border: 0; border-top: 1px solid #ddd; margin: 12px 0;""><div style=""font-size: 13px; color: #444; line-height: 1.4;""><b style=""color: #111;"">Explicació:</b> MAN.SEGU.000 V1.2026

2.4.4. Complements – Risc químic

TIPUS 1: Hermètics a gasos o vapors. Reutilitzables.</div></div>","T20_-_Equips_de_proteccio_individual_EPI","racord_2aebd88c-8009-4c01-96d1-7ec644544562"
"<div style=""text-align: left; font-family: -apple-system, sans-serif;""><div style=""font-size: 11px; color: #888; margin-bottom: 6px;"">[T20 - Equips de protecció individual (EPI)] Pregunta 276</div><div style=""font-weight: bold; font-size: 16px; margin-bottom: 14px; line-height: 1.4;"">Quan s’han d’utilitzar els EPI segons el marc preventiu actual?</div><div style=""font-size: 14px; line-height: 1.6;""><div style=""padding: 5px 0;""><b>A)</b> Només quan no existeix cap protecció col·lectiva</div><div style=""padding: 5px 0;""><b>B)</b> Exclusivament en intervencions d’incendi</div><div style=""padding: 5px 0;""><b>C)</b> Quan el risc no es pot eliminar o reduir prou per altres mitjans</div><div style=""padding: 5px 0;""><b>D)</b> Sempre abans d’aplicar mesures organitzatives</div></div></div>","<div style=""text-align: left; font-family: -apple-system, sans-serif;""><div style=""font-weight: bold; font-size: 16px; color: #10b981; margin-bottom: 8px;"">✓ Resposta Correcta: C</div><div style=""font-size: 14px; margin-bottom: 12px; padding: 10px; background: rgba(16,185,129,0.1); border-radius: 6px; border-left: 4px solid #10b981;"">C) Quan el risc no es pot eliminar o reduir prou per altres mitjans</div><hr style=""border: 0; border-top: 1px solid #ddd; margin: 12px 0;""><div style=""font-size: 13px; color: #444; line-height: 1.4;""><b style=""color: #111;"">Explicació:</b> MAN.SEGU.000 V1.2026

1. Introducció

La Llei 31/1995 de Prevenció de Riscos Laborals i el Reial decret 773/1997 estableixen el marc legal i tècnic que garanteix l’ús adequat dels equips de protecció individual (EPI) quan no és possible eliminar o reduir suficientment els perills mitjançant protecció col·lectiva o mesures organitzatives.</div></div>","T20_-_Equips_de_proteccio_individual_EPI","racord_78994493-fdcf-4a3d-97fe-287426ed5b2b"
"<div style=""text-align: left; font-family: -apple-system, sans-serif;""><div style=""font-size: 11px; color: #888; margin-bottom: 6px;"">[T20 - Equips de protecció individual (EPI)] Pregunta 277</div><div style=""font-weight: bold; font-size: 16px; margin-bottom: 14px; line-height: 1.4;"">Per què un EPI mal revisat pot afectar un altre membre de l’equip?</div><div style=""font-size: 14px; line-height: 1.6;""><div style=""padding: 5px 0;""><b>A)</b> Perquè obliga sempre a suspendre tot el servei</div><div style=""padding: 5px 0;""><b>B)</b> Perquè redueix únicament la vida útil del material</div><div style=""padding: 5px 0;""><b>C)</b> Perquè pot comprometre el bomber i el company que en depèn</div><div style=""padding: 5px 0;""><b>D)</b> Perquè només afecta la traçabilitat entre torns</div></div></div>","<div style=""text-align: left; font-family: -apple-system, sans-serif;""><div style=""font-weight: bold; font-size: 16px; color: #10b981; margin-bottom: 8px;"">✓ Resposta Correcta: C</div><div style=""font-size: 14px; margin-bottom: 12px; padding: 10px; background: rgba(16,185,129,0.1); border-radius: 6px; border-left: 4px solid #10b981;"">C) Perquè pot comprometre el bomber i el company que en depèn</div><hr style=""border: 0; border-top: 1px solid #ddd; margin: 12px 0;""><div style=""font-size: 13px; color: #444; line-height: 1.4;""><b style=""color: #111;"">Explicació:</b> MAN.SEGU.000 V1.2026

4.1.3. Importància de la revisió diària

Un EPI mal revisat pot comprometre no només el bomber que el porta, sinó també el company que depèn d’ell en una maniobra.</div></div>","T20_-_Equips_de_proteccio_individual_EPI","racord_56a4df7e-e37d-44ef-8154-479ff5ab3235"
"<div style=""text-align: left; font-family: -apple-system, sans-serif;""><div style=""font-size: 11px; color: #888; margin-bottom: 6px;"">[T20 - Equips de protecció individual (EPI)] Pregunta 278</div><div style=""font-weight: bold; font-size: 16px; margin-bottom: 14px; line-height: 1.4;"">Quins riscos per a la salut s’associen a l’exposició repetida als contaminants?</div><div style=""font-size: 14px; line-height: 1.6;""><div style=""padding: 5px 0;""><b>A)</b> Exclusivament pèrdua auditiva</div><div style=""padding: 5px 0;""><b>B)</b> Malalties respiratòries i alguns tipus de càncer</div><div style=""padding: 5px 0;""><b>C)</b> Únicament lesions mecàniques superficials</div><div style=""padding: 5px 0;""><b>D)</b> Només fatiga muscular temporal</div></div></div>","<div style=""text-align: left; font-family: -apple-system, sans-serif;""><div style=""font-weight: bold; font-size: 16px; color: #10b981; margin-bottom: 8px;"">✓ Resposta Correcta: B</div><div style=""font-size: 14px; margin-bottom: 12px; padding: 10px; background: rgba(16,185,129,0.1); border-radius: 6px; border-left: 4px solid #10b981;"">B) Malalties respiratòries i alguns tipus de càncer</div><hr style=""border: 0; border-top: 1px solid #ddd; margin: 12px 0;""><div style=""font-size: 13px; color: #444; line-height: 1.4;""><b style=""color: #111;"">Explicació:</b> MAN.SEGU.000 V1.2026

4.2.1. Consciència sobre els contaminants en els EPIs

Els bombers estan exposats a un risc més alt de desenvolupar malalties respiratòries i fins i tot alguns tipus de càncer a causa de l’exposició repetida a aquests agents.</div></div>","T20_-_Equips_de_proteccio_individual_EPI","racord_9cf60d69-fdb6-458e-895e-012026773a4f"
"<div style=""text-align: left; font-family: -apple-system, sans-serif;""><div style=""font-size: 11px; color: #888; margin-bottom: 6px;"">[T20 - Equips de protecció individual (EPI)] Pregunta 279</div><div style=""font-weight: bold; font-size: 16px; margin-bottom: 14px; line-height: 1.4;"">En quin tipus d’operacions s’utilitza principalment la caputxa de rescat?</div><div style=""font-size: 14px; line-height: 1.6;""><div style=""padding: 5px 0;""><b>A)</b> Treballs forestals prolongats sense presència de fum</div><div style=""padding: 5px 0;""><b>B)</b> Evacuacions en fum dens, espais confinats o atmosferes tòxiques</div><div style=""padding: 5px 0;""><b>C)</b> Intervencions elèctriques en atmosferes netes</div><div style=""padding: 5px 0;""><b>D)</b> Operacions aquàtiques amb risc d’ofegament</div></div></div>","<div style=""text-align: left; font-family: -apple-system, sans-serif;""><div style=""font-weight: bold; font-size: 16px; color: #10b981; margin-bottom: 8px;"">✓ Resposta Correcta: B</div><div style=""font-size: 14px; margin-bottom: 12px; padding: 10px; background: rgba(16,185,129,0.1); border-radius: 6px; border-left: 4px solid #10b981;"">B) Evacuacions en fum dens, espais confinats o atmosferes tòxiques</div><hr style=""border: 0; border-top: 1px solid #ddd; margin: 12px 0;""><div style=""font-size: 13px; color: #444; line-height: 1.4;""><b style=""color: #111;"">Explicació:</b> MAN.SEGU.000 V1.2026

3.5. Ús de la caputxa de rescat

L’ús principal de la caputxa de rescat és en operacions d’evacuació de persones atrapades en zones amb fum dens, incendis en espais confinats o atmosferes tòxiques.</div></div>","T20_-_Equips_de_proteccio_individual_EPI","racord_1043d31a-e0e6-4b4c-b269-de5c651d4d3c"
"<div style=""text-align: left; font-family: -apple-system, sans-serif;""><div style=""font-size: 11px; color: #888; margin-bottom: 6px;"">[T20 - Equips de protecció individual (EPI)] Pregunta 280</div><div style=""font-weight: bold; font-size: 16px; margin-bottom: 14px; line-height: 1.4;"">Indiqueu quina de les afirmacions següents és INCORRECTA sobre l’EPI pesant:</div><div style=""font-size: 14px; line-height: 1.6;""><div style=""padding: 5px 0;""><b>A)</b> És més voluminós que l’EPI lleuger</div><div style=""padding: 5px 0;""><b>B)</b> És adequat per a perills crítics</div><div style=""padding: 5px 0;""><b>C)</b> És més lleuger i transpirable que l’EPI forestal</div><div style=""padding: 5px 0;""><b>D)</b> Protegeix davant flames i temperatures elevades</div></div></div>","<div style=""text-align: left; font-family: -apple-system, sans-serif;""><div style=""font-weight: bold; font-size: 16px; color: #10b981; margin-bottom: 8px;"">✓ Resposta Correcta: C</div><div style=""font-size: 14px; margin-bottom: 12px; padding: 10px; background: rgba(16,185,129,0.1); border-radius: 6px; border-left: 4px solid #10b981;"">C) És més lleuger i transpirable que l’EPI forestal</div><hr style=""border: 0; border-top: 1px solid #ddd; margin: 12px 0;""><div style=""font-size: 13px; color: #444; line-height: 1.4;""><b style=""color: #111;"">Explicació:</b> MAN.SEGU.000 V1.2026

2.4.2. EPI pesant

Tot i ser més voluminós i menys transpirable, garanteix la màxima seguretat en escenaris amb perills crítics.</div></div>","T20_-_Equips_de_proteccio_individual_EPI","racord_c6604e9c-6474-498c-bb70-b6cad909b8df"
"<div style=""text-align: left; font-family: -apple-system, sans-serif;""><div style=""font-size: 11px; color: #888; margin-bottom: 6px;"">[T20 - Equips de protecció individual (EPI)] Pregunta 281</div><div style=""font-weight: bold; font-size: 16px; margin-bottom: 14px; line-height: 1.4;"">Indiqueu quina de les fórmules següents és INCORRECTA per calcular el consum personal:</div><div style=""font-size: 14px; line-height: 1.6;""><div style=""padding: 5px 0;""><b>A)</b> Consum = aire utilitzat ÷ temps</div><div style=""padding: 5px 0;""><b>B)</b> Consum = temps ÷ (diferència de pressió × capacitat)</div><div style=""padding: 5px 0;""><b>C)</b> Consum = diferència de pressió × capacitat ÷ temps</div><div style=""padding: 5px 0;""><b>D)</b> Consum = (pressió inicial − pressió final) × capacitat ÷ temps</div></div></div>","<div style=""text-align: left; font-family: -apple-system, sans-serif;""><div style=""font-weight: bold; font-size: 16px; color: #10b981; margin-bottom: 8px;"">✓ Resposta Correcta: B</div><div style=""font-size: 14px; margin-bottom: 12px; padding: 10px; background: rgba(16,185,129,0.1); border-radius: 6px; border-left: 4px solid #10b981;"">B) Consum = temps ÷ (diferència de pressió × capacitat)</div><hr style=""border: 0; border-top: 1px solid #ddd; margin: 12px 0;""><div style=""font-size: 13px; color: #444; line-height: 1.4;""><b style=""color: #111;"">Explicació:</b> MAN.SEGU.000 V1.2026

3.4.1. Càlcul del consum personal

Consum (l/min) = ((Pressió inicial – Pressió final) × Capacitat ampolla (l)) / Temps (min).</div></div>","T20_-_Equips_de_proteccio_individual_EPI","racord_b4aeb854-2f34-400d-89e4-c3e9d364f09a"
"<div style=""text-align: left; font-family: -apple-system, sans-serif;""><div style=""font-size: 11px; color: #888; margin-bottom: 6px;"">[T20 - Equips de protecció individual (EPI)] Pregunta 282</div><div style=""font-weight: bold; font-size: 16px; margin-bottom: 14px; line-height: 1.4;"">Indiqueu quina de les afirmacions següents és CERTA sobre el manteniment i la revisió.</div><div style=""font-size: 14px; line-height: 1.6;""><div style=""padding: 5px 0;""><b>A)</b> Són opcionals quan l’equip sembla operatiu</div><div style=""padding: 5px 0;""><b>B)</b> Només són necessaris després d’una intervenció complexa</div><div style=""padding: 5px 0;""><b>C)</b> Són una part inseparable de la professió</div><div style=""padding: 5px 0;""><b>D)</b> Corresponen exclusivament al cap de torn</div></div></div>","<div style=""text-align: left; font-family: -apple-system, sans-serif;""><div style=""font-weight: bold; font-size: 16px; color: #10b981; margin-bottom: 8px;"">✓ Resposta Correcta: C</div><div style=""font-size: 14px; margin-bottom: 12px; padding: 10px; background: rgba(16,185,129,0.1); border-radius: 6px; border-left: 4px solid #10b981;"">C) Són una part inseparable de la professió</div><hr style=""border: 0; border-top: 1px solid #ddd; margin: 12px 0;""><div style=""font-size: 13px; color: #444; line-height: 1.4;""><b style=""color: #111;"">Explicació:</b> MAN.SEGU.000 V1.2026

4.1. Revisió i manteniment diari

El manteniment i la revisió, doncs, són part inseparable de la professió, igual que entrenar o conèixer les tècniques operatives.</div></div>","T20_-_Equips_de_proteccio_individual_EPI","racord_44b2ef25-883d-4626-aef3-7709ca908360"
"<div style=""text-align: left; font-family: -apple-system, sans-serif;""><div style=""font-size: 11px; color: #888; margin-bottom: 6px;"">[T20 - Equips de protecció individual (EPI)] Pregunta 283</div><div style=""font-weight: bold; font-size: 16px; margin-bottom: 14px; line-height: 1.4;"">A quin element està connectat directament el regulador de pressió?</div><div style=""font-size: 14px; line-height: 1.6;""><div style=""padding: 5px 0;""><b>A)</b> A l’alarma d’immobilitat</div><div style=""padding: 5px 0;""><b>B)</b> A la màscara</div><div style=""padding: 5px 0;""><b>C)</b> A l’arnès</div><div style=""padding: 5px 0;""><b>D)</b> Al manòmetre</div></div></div>","<div style=""text-align: left; font-family: -apple-system, sans-serif;""><div style=""font-weight: bold; font-size: 16px; color: #10b981; margin-bottom: 8px;"">✓ Resposta Correcta: B</div><div style=""font-size: 14px; margin-bottom: 12px; padding: 10px; background: rgba(16,185,129,0.1); border-radius: 6px; border-left: 4px solid #10b981;"">B) A la màscara</div><hr style=""border: 0; border-top: 1px solid #ddd; margin: 12px 0;""><div style=""font-size: 13px; color: #444; line-height: 1.4;""><b style=""color: #111;"">Explicació:</b> MAN.SEGU.000 V1.2026

3.2. Parts d’un equip de respiració autònoma (ERA)

Regulador de pressió: Connectat directament a la màscara.</div></div>","T20_-_Equips_de_proteccio_individual_EPI","racord_94d8bda4-d682-4ffe-aa77-1d0a42cb6738"
"<div style=""text-align: left; font-family: -apple-system, sans-serif;""><div style=""font-size: 11px; color: #888; margin-bottom: 6px;"">[T20 - Equips de protecció individual (EPI)] Pregunta 284</div><div style=""font-weight: bold; font-size: 16px; margin-bottom: 14px; line-height: 1.4;"">Quins elements incorpora l’ampolla d’aire comprimit?</div><div style=""font-size: 14px; line-height: 1.6;""><div style=""padding: 5px 0;""><b>A)</b> Arnès dorsal i alarma d’immobilitat</div><div style=""padding: 5px 0;""><b>B)</b> Vàlvula d’admissió i manòmetre de baixa pressió</div><div style=""padding: 5px 0;""><b>C)</b> Vàlvula de sortida i manòmetre d’alta pressió</div><div style=""padding: 5px 0;""><b>D)</b> Regulador de demanda i visor panoràmic</div></div></div>","<div style=""text-align: left; font-family: -apple-system, sans-serif;""><div style=""font-weight: bold; font-size: 16px; color: #10b981; margin-bottom: 8px;"">✓ Resposta Correcta: C</div><div style=""font-size: 14px; margin-bottom: 12px; padding: 10px; background: rgba(16,185,129,0.1); border-radius: 6px; border-left: 4px solid #10b981;"">C) Vàlvula de sortida i manòmetre d’alta pressió</div><hr style=""border: 0; border-top: 1px solid #ddd; margin: 12px 0;""><div style=""font-size: 13px; color: #444; line-height: 1.4;""><b style=""color: #111;"">Explicació:</b> MAN.SEGU.000 V1.2026

3.2. Parts d’un equip de respiració autònoma (ERA)

Inclou vàlvula de sortida i manòmetre d’alta pressió.</div></div>","T20_-_Equips_de_proteccio_individual_EPI","racord_6b50a47f-6504-402b-aeb7-eabc2217f11e"
"<div style=""text-align: left; font-family: -apple-system, sans-serif;""><div style=""font-size: 11px; color: #888; margin-bottom: 6px;"">[T20 - Equips de protecció individual (EPI)] Pregunta 285</div><div style=""font-weight: bold; font-size: 16px; margin-bottom: 14px; line-height: 1.4;"">De quin material són habitualment les ampolles lleugeres destinades a l’ERA?</div><div style=""font-size: 14px; line-height: 1.6;""><div style=""padding: 5px 0;""><b>A)</b> Vidre</div><div style=""padding: 5px 0;""><b>B)</b> Composite</div><div style=""padding: 5px 0;""><b>C)</b> Fusta laminada</div><div style=""padding: 5px 0;""><b>D)</b> Cautxú</div></div></div>","<div style=""text-align: left; font-family: -apple-system, sans-serif;""><div style=""font-weight: bold; font-size: 16px; color: #10b981; margin-bottom: 8px;"">✓ Resposta Correcta: B</div><div style=""font-size: 14px; margin-bottom: 12px; padding: 10px; background: rgba(16,185,129,0.1); border-radius: 6px; border-left: 4px solid #10b981;"">B) Composite</div><hr style=""border: 0; border-top: 1px solid #ddd; margin: 12px 0;""><div style=""font-size: 13px; color: #444; line-height: 1.4;""><b style=""color: #111;"">Explicació:</b> MAN.SEGU.000 V1.2026

3.2. Parts d’un equip de respiració autònoma (ERA)

De compost lleuger (composite) per a ús amb ERA, i per a altres usos concrets també metàl·liques.</div></div>","T20_-_Equips_de_proteccio_individual_EPI","racord_73d814dc-d7b4-469b-9709-1e9ecfb6794c"
"<div style=""text-align: left; font-family: -apple-system, sans-serif;""><div style=""font-size: 11px; color: #888; margin-bottom: 6px;"">[T20 - Equips de protecció individual (EPI)] Pregunta 286</div><div style=""font-weight: bold; font-size: 16px; margin-bottom: 14px; line-height: 1.4;"">Què s’ha de fer davant qualsevol anomalia detectada en un EPI?</div><div style=""font-size: 14px; line-height: 1.6;""><div style=""padding: 5px 0;""><b>A)</b> Continuar utilitzant l’equip si funciona parcialment</div><div style=""padding: 5px 0;""><b>B)</b> Corregir-la sempre sense deixar constància</div><div style=""padding: 5px 0;""><b>C)</b> Esperar a la revisió del torn següent</div><div style=""padding: 5px 0;""><b>D)</b> Registrar-la i comunicar-la</div></div></div>","<div style=""text-align: left; font-family: -apple-system, sans-serif;""><div style=""font-weight: bold; font-size: 16px; color: #10b981; margin-bottom: 8px;"">✓ Resposta Correcta: D</div><div style=""font-size: 14px; margin-bottom: 12px; padding: 10px; background: rgba(16,185,129,0.1); border-radius: 6px; border-left: 4px solid #10b981;"">D) Registrar-la i comunicar-la</div><hr style=""border: 0; border-top: 1px solid #ddd; margin: 12px 0;""><div style=""font-size: 13px; color: #444; line-height: 1.4;""><b style=""color: #111;"">Explicació:</b> MAN.SEGU.000 V1.2026

4.1.2. Criteris generals de manteniment dels EPI

Qualsevol anomalia ha de ser registrada i comunicada.</div></div>","T20_-_Equips_de_proteccio_individual_EPI","racord_16a6bc77-1061-4d23-8626-6bd59744460e"
"<div style=""text-align: left; font-family: -apple-system, sans-serif;""><div style=""font-size: 11px; color: #888; margin-bottom: 6px;"">[T20 - Equips de protecció individual (EPI)] Pregunta 287</div><div style=""font-weight: bold; font-size: 16px; margin-bottom: 14px; line-height: 1.4;"">Quina protecció complementària és adequada davant condicions meteorològiques adverses?</div><div style=""font-size: 14px; line-height: 1.6;""><div style=""padding: 5px 0;""><b>A)</b> Roba tèrmica, alta visibilitat i protecció contra pluja o vent</div><div style=""padding: 5px 0;""><b>B)</b> Només equips de respiració autònoma</div><div style=""padding: 5px 0;""><b>C)</b> Exclusivament arnesos i dissipadors</div><div style=""padding: 5px 0;""><b>D)</b> Únicament vestits químics encapsulats</div></div></div>","<div style=""text-align: left; font-family: -apple-system, sans-serif;""><div style=""font-weight: bold; font-size: 16px; color: #10b981; margin-bottom: 8px;"">✓ Resposta Correcta: A</div><div style=""font-size: 14px; margin-bottom: 12px; padding: 10px; background: rgba(16,185,129,0.1); border-radius: 6px; border-left: 4px solid #10b981;"">A) Roba tèrmica, alta visibilitat i protecció contra pluja o vent</div><hr style=""border: 0; border-top: 1px solid #ddd; margin: 12px 0;""><div style=""font-size: 13px; color: #444; line-height: 1.4;""><b style=""color: #111;"">Explicació:</b> MAN.SEGU.000 V1.2026

2.4.4. Complements – Risc mediambiental i meteorològic

Els complements inclouen roba tèrmica o aïllant per a ambients freds, peces d’alta visibilitat, impermeables per a pluja i elements de protecció contra vent o radiació solar.</div></div>","T20_-_Equips_de_proteccio_individual_EPI","racord_3eaa012f-0cdf-4322-a6b4-ab5df49c20f8"
"<div style=""text-align: left; font-family: -apple-system, sans-serif;""><div style=""font-size: 11px; color: #888; margin-bottom: 6px;"">[T20 - Equips de protecció individual (EPI)] Pregunta 288</div><div style=""font-weight: bold; font-size: 16px; margin-bottom: 14px; line-height: 1.4;"">Un bomber passa de 300 a 270 bars en 5 minuts amb una ampolla de 6,8 litres. Quin és el consum personal?</div><div style=""font-size: 14px; line-height: 1.6;""><div style=""padding: 5px 0;""><b>A)</b> 30 L/min</div><div style=""padding: 5px 0;""><b>B)</b> 40,8 L/min</div><div style=""padding: 5px 0;""><b>C)</b> 204 L/min</div><div style=""padding: 5px 0;""><b>D)</b> 68 L/min</div></div></div>","<div style=""text-align: left; font-family: -apple-system, sans-serif;""><div style=""font-weight: bold; font-size: 16px; color: #10b981; margin-bottom: 8px;"">✓ Resposta Correcta: B</div><div style=""font-size: 14px; margin-bottom: 12px; padding: 10px; background: rgba(16,185,129,0.1); border-radius: 6px; border-left: 4px solid #10b981;"">B) 40,8 L/min</div><hr style=""border: 0; border-top: 1px solid #ddd; margin: 12px 0;""><div style=""font-size: 13px; color: #444; line-height: 1.4;""><b style=""color: #111;"">Explicació:</b> MAN.SEGU.000 V1.2026

3.4.1. Càlcul del consum personal

Consum (l/min) = ((Pressió inicial – Pressió final) × Capacitat ampolla (l)) / Temps (min).</div></div>","T20_-_Equips_de_proteccio_individual_EPI","racord_7097a7d8-1906-4cf9-b497-fb4536c86a68"
"<div style=""text-align: left; font-family: -apple-system, sans-serif;""><div style=""font-size: 11px; color: #888; margin-bottom: 6px;"">[T20 - Equips de protecció individual (EPI)] Pregunta 289</div><div style=""font-weight: bold; font-size: 16px; margin-bottom: 14px; line-height: 1.4;"">D’on rep l’aire segur la caputxa de rescat?</div><div style=""font-size: 14px; line-height: 1.6;""><div style=""padding: 5px 0;""><b>A)</b> De la connexió a l’ERA d’un bomber</div><div style=""padding: 5px 0;""><b>B)</b> D’una ampolla independent integrada a la caputxa</div><div style=""padding: 5px 0;""><b>C)</b> D’un filtre mecànic sense connexió</div><div style=""padding: 5px 0;""><b>D)</b> Directament de l’atmosfera exterior</div></div></div>","<div style=""text-align: left; font-family: -apple-system, sans-serif;""><div style=""font-weight: bold; font-size: 16px; color: #10b981; margin-bottom: 8px;"">✓ Resposta Correcta: A</div><div style=""font-size: 14px; margin-bottom: 12px; padding: 10px; background: rgba(16,185,129,0.1); border-radius: 6px; border-left: 4px solid #10b981;"">A) De la connexió a l’ERA d’un bomber</div><hr style=""border: 0; border-top: 1px solid #ddd; margin: 12px 0;""><div style=""font-size: 13px; color: #444; line-height: 1.4;""><b style=""color: #111;"">Explicació:</b> MAN.SEGU.000 V1.2026

3.5. Ús de la caputxa de rescat

Aquest dispositiu proporciona aire segur a través de la connexió a l’ERA d’un bomber.</div></div>","T20_-_Equips_de_proteccio_individual_EPI","racord_2403e8d4-523d-4170-8035-551e8f4fd7a6"
"<div style=""text-align: left; font-family: -apple-system, sans-serif;""><div style=""font-size: 11px; color: #888; margin-bottom: 6px;"">[T20 - Equips de protecció individual (EPI)] Pregunta 290</div><div style=""font-weight: bold; font-size: 16px; margin-bottom: 14px; line-height: 1.4;"">Quan s’ha de fer la gestió d’un equip al parc?</div><div style=""font-size: 14px; line-height: 1.6;""><div style=""padding: 5px 0;""><b>A)</b> Quan la gestió in situ no és possible o és insuficient</div><div style=""padding: 5px 0;""><b>B)</b> Només quan l’equip presenta un trencament estructural</div><div style=""padding: 5px 0;""><b>C)</b> Sempre abans de fer qualsevol gestió in situ</div><div style=""padding: 5px 0;""><b>D)</b> Exclusivament quan ho indica el fabricant</div></div></div>","<div style=""text-align: left; font-family: -apple-system, sans-serif;""><div style=""font-weight: bold; font-size: 16px; color: #10b981; margin-bottom: 8px;"">✓ Resposta Correcta: A</div><div style=""font-size: 14px; margin-bottom: 12px; padding: 10px; background: rgba(16,185,129,0.1); border-radius: 6px; border-left: 4px solid #10b981;"">A) Quan la gestió in situ no és possible o és insuficient</div><hr style=""border: 0; border-top: 1px solid #ddd; margin: 12px 0;""><div style=""font-size: 13px; color: #444; line-height: 1.4;""><b style=""color: #111;"">Explicació:</b> MAN.SEGU.000 V1.2026

4.2.3. Gestió a parc

Cal fer la gestió al parc dels equips que no s’hagin pogut gestionar al mateix lloc de l’actuació o bé que aquesta gestió no hagi estat suficient.</div></div>","T20_-_Equips_de_proteccio_individual_EPI","racord_734b02a9-efd0-4aa8-afe3-dafcb2f6222a"
"<div style=""text-align: left; font-family: -apple-system, sans-serif;""><div style=""font-size: 11px; color: #888; margin-bottom: 6px;"">[T20 - Equips de protecció individual (EPI)] Pregunta 291</div><div style=""font-weight: bold; font-size: 16px; margin-bottom: 14px; line-height: 1.4;"">Indiqueu quina de les afirmacions següents és CERTA sobre l’autocontrol de l’autonomia.</div><div style=""font-size: 14px; line-height: 1.6;""><div style=""padding: 5px 0;""><b>A)</b> La pressió no s’ha de relacionar amb el temps transcorregut</div><div style=""padding: 5px 0;""><b>B)</b> Només cal comprovar la pressió en sortir de la zona calenta</div><div style=""padding: 5px 0;""><b>C)</b> Cal comprovar periòdicament la pressió en punts clau</div><div style=""padding: 5px 0;""><b>D)</b> La tornada s’ha de planificar després d’entrar en reserva</div></div></div>","<div style=""text-align: left; font-family: -apple-system, sans-serif;""><div style=""font-weight: bold; font-size: 16px; color: #10b981; margin-bottom: 8px;"">✓ Resposta Correcta: C</div><div style=""font-size: 14px; margin-bottom: 12px; padding: 10px; background: rgba(16,185,129,0.1); border-radius: 6px; border-left: 4px solid #10b981;"">C) Cal comprovar periòdicament la pressió en punts clau</div><hr style=""border: 0; border-top: 1px solid #ddd; margin: 12px 0;""><div style=""font-size: 13px; color: #444; line-height: 1.4;""><b style=""color: #111;"">Explicació:</b> MAN.SEGU.000 V1.2026

3.4.4. Mètode operatiu d’autocontrol d’autonomia

Cada bomber ha de fer un seguiment periòdic de la pressió durant la intervenció i comprovar-la en punts clau de la tasca.</div></div>","T20_-_Equips_de_proteccio_individual_EPI","racord_a34860e5-bf22-422d-aab2-c542140149ee"
"<div style=""text-align: left; font-family: -apple-system, sans-serif;""><div style=""font-size: 11px; color: #888; margin-bottom: 6px;"">[T20 - Equips de protecció individual (EPI)] Pregunta 292</div><div style=""font-weight: bold; font-size: 16px; margin-bottom: 14px; line-height: 1.4;"">Indiqueu quina de les afirmacions següents és CERTA sobre la identificació dels components de l’ERA:</div><div style=""font-size: 14px; line-height: 1.6;""><div style=""padding: 5px 0;""><b>A)</b> Només cal identificar-los mitjançant el color</div><div style=""padding: 5px 0;""><b>B)</b> Cal identificar-los visualment i tàctilment</div><div style=""padding: 5px 0;""><b>C)</b> No cal identificar-los si la revisió s’ha fet al parc</div><div style=""padding: 5px 0;""><b>D)</b> Només cal identificar-los visualment</div></div></div>","<div style=""text-align: left; font-family: -apple-system, sans-serif;""><div style=""font-weight: bold; font-size: 16px; color: #10b981; margin-bottom: 8px;"">✓ Resposta Correcta: B</div><div style=""font-size: 14px; margin-bottom: 12px; padding: 10px; background: rgba(16,185,129,0.1); border-radius: 6px; border-left: 4px solid #10b981;"">B) Cal identificar-los visualment i tàctilment</div><hr style=""border: 0; border-top: 1px solid #ddd; margin: 12px 0;""><div style=""font-size: 13px; color: #444; line-height: 1.4;""><b style=""color: #111;"">Explicació:</b> MAN.SEGU.000 V1.2026

3.3. Aspectes clau de coneixement operatiu de l’ERA

És igualment fonamental que conegui i identifiqui cada component de l’ERA tant de forma visual com tàctil.</div></div>","T20_-_Equips_de_proteccio_individual_EPI","racord_92fd421f-367e-4edd-be09-b1531ce48462"
"<div style=""text-align: left; font-family: -apple-system, sans-serif;""><div style=""font-size: 11px; color: #888; margin-bottom: 6px;"">[T20 - Equips de protecció individual (EPI)] Pregunta 293</div><div style=""font-weight: bold; font-size: 16px; margin-bottom: 14px; line-height: 1.4;"">Quins equips poden requerir una gestió avançada per contaminació important?</div><div style=""font-size: 14px; line-height: 1.6;""><div style=""padding: 5px 0;""><b>A)</b> Només llanternes i emissores</div><div style=""padding: 5px 0;""><b>B)</b> Exclusivament cinturons personals</div><div style=""padding: 5px 0;""><b>C)</b> Només calçat forestal sense contaminació</div><div style=""padding: 5px 0;""><b>D)</b> Màscares, jaquetes i sobrepantalons estructurals</div></div></div>","<div style=""text-align: left; font-family: -apple-system, sans-serif;""><div style=""font-weight: bold; font-size: 16px; color: #10b981; margin-bottom: 8px;"">✓ Resposta Correcta: D</div><div style=""font-size: 14px; margin-bottom: 12px; padding: 10px; background: rgba(16,185,129,0.1); border-radius: 6px; border-left: 4px solid #10b981;"">D) Màscares, jaquetes i sobrepantalons estructurals</div><hr style=""border: 0; border-top: 1px solid #ddd; margin: 12px 0;""><div style=""font-size: 13px; color: #444; line-height: 1.4;""><b style=""color: #111;"">Explicació:</b> MAN.SEGU.000 V1.2026

4.2.4. Gestió avançada o fora de parc

Això pot passar, per exemple, amb contaminacions importants de les màscares o amb la jaqueta i els sobrepantalons estructurals.</div></div>","T20_-_Equips_de_proteccio_individual_EPI","racord_57a67405-1d88-463a-8ebf-aa14d268c145"
"<div style=""text-align: left; font-family: -apple-system, sans-serif;""><div style=""font-size: 11px; color: #888; margin-bottom: 6px;"">[T20 - Equips de protecció individual (EPI)] Pregunta 294</div><div style=""font-weight: bold; font-size: 16px; margin-bottom: 14px; line-height: 1.4;"">Quina finalitat té l’equipament complementari davant risc biològic?</div><div style=""font-size: 14px; line-height: 1.6;""><div style=""padding: 5px 0;""><b>A)</b> Evitar cremades per radiació tèrmica</div><div style=""padding: 5px 0;""><b>B)</b> Evitar la transmissió de malalties i la contaminació</div><div style=""padding: 5px 0;""><b>C)</b> Evitar el bloqueig de les vies d’evacuació</div><div style=""padding: 5px 0;""><b>D)</b> Evitar la pèrdua de flotabilitat</div></div></div>","<div style=""text-align: left; font-family: -apple-system, sans-serif;""><div style=""font-weight: bold; font-size: 16px; color: #10b981; margin-bottom: 8px;"">✓ Resposta Correcta: B</div><div style=""font-size: 14px; margin-bottom: 12px; padding: 10px; background: rgba(16,185,129,0.1); border-radius: 6px; border-left: 4px solid #10b981;"">B) Evitar la transmissió de malalties i la contaminació</div><hr style=""border: 0; border-top: 1px solid #ddd; margin: 12px 0;""><div style=""font-size: 13px; color: #444; line-height: 1.4;""><b style=""color: #111;"">Explicació:</b> MAN.SEGU.000 V1.2026

2.4.4. Complements – Risc biològic

L’objectiu és evitar la transmissió de malalties i la contaminació del bomber.</div></div>","T20_-_Equips_de_proteccio_individual_EPI","racord_d517c657-094f-44ea-9c52-3800fae1bc98"
"<div style=""text-align: left; font-family: -apple-system, sans-serif;""><div style=""font-size: 11px; color: #888; margin-bottom: 6px;"">[T20 - Equips de protecció individual (EPI)] Pregunta 295</div><div style=""font-weight: bold; font-size: 16px; margin-bottom: 14px; line-height: 1.4;"">Quina característica correspon als vestits de protecció química de tipus 3?</div><div style=""font-size: 14px; line-height: 1.6;""><div style=""padding: 5px 0;""><b>A)</b> Són hermètics a sòlids pulverulents i reutilitzables</div><div style=""padding: 5px 0;""><b>B)</b> Són permeables a líquids aplicats a pressió</div><div style=""padding: 5px 0;""><b>C)</b> Són hermètics a líquids a pressió i no reutilitzables</div><div style=""padding: 5px 0;""><b>D)</b> Són hermètics a gasos i reutilitzables</div></div></div>","<div style=""text-align: left; font-family: -apple-system, sans-serif;""><div style=""font-weight: bold; font-size: 16px; color: #10b981; margin-bottom: 8px;"">✓ Resposta Correcta: C</div><div style=""font-size: 14px; margin-bottom: 12px; padding: 10px; background: rgba(16,185,129,0.1); border-radius: 6px; border-left: 4px solid #10b981;"">C) Són hermètics a líquids a pressió i no reutilitzables</div><hr style=""border: 0; border-top: 1px solid #ddd; margin: 12px 0;""><div style=""font-size: 13px; color: #444; line-height: 1.4;""><b style=""color: #111;"">Explicació:</b> MAN.SEGU.000 V1.2026

2.4.4. Complements – Risc químic

TIPUS 3: Hermètics a líquids aplicats a pressió. No reutilitzables.</div></div>","T20_-_Equips_de_proteccio_individual_EPI","racord_a2316973-f699-4cde-bbe4-03948ab9a0c4"
"<div style=""text-align: left; font-family: -apple-system, sans-serif;""><div style=""font-size: 11px; color: #888; margin-bottom: 6px;"">[T20 - Equips de protecció individual (EPI)] Pregunta 296</div><div style=""font-weight: bold; font-size: 16px; margin-bottom: 14px; line-height: 1.4;"">Quin avís s’activa quan la pressió arriba a 60 bars?</div><div style=""font-size: 14px; line-height: 1.6;""><div style=""padding: 5px 0;""><b>A)</b> Una alarma exclusivament visual</div><div style=""padding: 5px 0;""><b>B)</b> Un so continu de reserva</div><div style=""padding: 5px 0;""><b>C)</b> Dos senyals separats</div><div style=""padding: 5px 0;""><b>D)</b> Un únic senyal breu</div></div></div>","<div style=""text-align: left; font-family: -apple-system, sans-serif;""><div style=""font-weight: bold; font-size: 16px; color: #10b981; margin-bottom: 8px;"">✓ Resposta Correcta: B</div><div style=""font-size: 14px; margin-bottom: 12px; padding: 10px; background: rgba(16,185,129,0.1); border-radius: 6px; border-left: 4px solid #10b981;"">B) Un so continu de reserva</div><hr style=""border: 0; border-top: 1px solid #ddd; margin: 12px 0;""><div style=""font-size: 13px; color: #444; line-height: 1.4;""><b style=""color: #111;"">Explicació:</b> MAN.SEGU.000 V1.2026

3.2. Parts d’un equip de respiració autònoma (ERA)

Alarma de reserva d’aire: 60 bars: So continu fins als 0 b.</div></div>","T20_-_Equips_de_proteccio_individual_EPI","racord_9e7f37b6-5b5a-4b32-b544-046eb2328549"
"<div style=""text-align: left; font-family: -apple-system, sans-serif;""><div style=""font-size: 11px; color: #888; margin-bottom: 6px;"">[T20 - Equips de protecció individual (EPI)] Pregunta 297</div><div style=""font-weight: bold; font-size: 16px; margin-bottom: 14px; line-height: 1.4;"">Durant quant de temps poden mantenir-se actius alguns contaminants dels EPI?</div><div style=""font-size: 14px; line-height: 1.6;""><div style=""padding: 5px 0;""><b>A)</b> Només durant els primers minuts</div><div style=""padding: 5px 0;""><b>B)</b> Durant dies o setmanes</div><div style=""padding: 5px 0;""><b>C)</b> Fins que l’equip arriba al vehicle</div><div style=""padding: 5px 0;""><b>D)</b> Exclusivament mentre hi ha fum visible</div></div></div>","<div style=""text-align: left; font-family: -apple-system, sans-serif;""><div style=""font-weight: bold; font-size: 16px; color: #10b981; margin-bottom: 8px;"">✓ Resposta Correcta: B</div><div style=""font-size: 14px; margin-bottom: 12px; padding: 10px; background: rgba(16,185,129,0.1); border-radius: 6px; border-left: 4px solid #10b981;"">B) Durant dies o setmanes</div><hr style=""border: 0; border-top: 1px solid #ddd; margin: 12px 0;""><div style=""font-size: 13px; color: #444; line-height: 1.4;""><b style=""color: #111;"">Explicació:</b> MAN.SEGU.000 V1.2026

4.2.1. Consciència sobre els contaminants en els EPIs

Poden mantenir-se actius durant dies o setmanes.</div></div>","T20_-_Equips_de_proteccio_individual_EPI","racord_4bec79f6-8ead-4553-bc94-b53f9342994b"
"<div style=""text-align: left; font-family: -apple-system, sans-serif;""><div style=""font-size: 11px; color: #888; margin-bottom: 6px;"">[T20 - Equips de protecció individual (EPI)] Pregunta 298</div><div style=""font-weight: bold; font-size: 16px; margin-bottom: 14px; line-height: 1.4;"">Quines operacions ha de poder efectuar autònomament cada bomber amb l’ERA?</div><div style=""font-size: 14px; line-height: 1.6;""><div style=""padding: 5px 0;""><b>A)</b> Desmuntar el manoreductor durant la intervenció</div><div style=""padding: 5px 0;""><b>B)</b> Substituir les vàlvules de seguretat a la zona calenta</div><div style=""padding: 5px 0;""><b>C)</b> Muntar-lo, revisar-lo i col·locar-se’l ràpidament</div><div style=""padding: 5px 0;""><b>D)</b> Reparar-lo, recarregar-lo i certificar-lo</div></div></div>","<div style=""text-align: left; font-family: -apple-system, sans-serif;""><div style=""font-weight: bold; font-size: 16px; color: #10b981; margin-bottom: 8px;"">✓ Resposta Correcta: C</div><div style=""font-size: 14px; margin-bottom: 12px; padding: 10px; background: rgba(16,185,129,0.1); border-radius: 6px; border-left: 4px solid #10b981;"">C) Muntar-lo, revisar-lo i col·locar-se’l ràpidament</div><hr style=""border: 0; border-top: 1px solid #ddd; margin: 12px 0;""><div style=""font-size: 13px; color: #444; line-height: 1.4;""><b style=""color: #111;"">Explicació:</b> MAN.SEGU.000 V1.2026

3.3. Aspectes clau de coneixement operatiu de l’ERA

Cada bomber ha de ser capaç de muntar, revisar i col·locar-se l’ERA de manera autònoma i ràpida, fins i tot en situacions d’estrès o d’emergència.</div></div>","T20_-_Equips_de_proteccio_individual_EPI","racord_6a162b7c-34f3-412f-8a4c-6cc0d06ad46d"
"<div style=""text-align: left; font-family: -apple-system, sans-serif;""><div style=""font-size: 11px; color: #888; margin-bottom: 6px;"">[T20 - Equips de protecció individual (EPI)] Pregunta 299</div><div style=""font-weight: bold; font-size: 16px; margin-bottom: 14px; line-height: 1.4;"">Indiqueu quina de les afirmacions següents és INCORRECTA sobre l’emmagatzematge dels equips:</div><div style=""font-size: 14px; line-height: 1.6;""><div style=""padding: 5px 0;""><b>A)</b> S’han d’evitar exposicions a productes químics</div><div style=""padding: 5px 0;""><b>B)</b> És adequat guardar-los exposats al sol per facilitar-ne l’assecat</div><div style=""padding: 5px 0;""><b>C)</b> Cal garantir una ventilació adequada</div><div style=""padding: 5px 0;""><b>D)</b> Cal protegir-los de la humitat</div></div></div>","<div style=""text-align: left; font-family: -apple-system, sans-serif;""><div style=""font-weight: bold; font-size: 16px; color: #10b981; margin-bottom: 8px;"">✓ Resposta Correcta: B</div><div style=""font-size: 14px; margin-bottom: 12px; padding: 10px; background: rgba(16,185,129,0.1); border-radius: 6px; border-left: 4px solid #10b981;"">B) És adequat guardar-los exposats al sol per facilitar-ne l’assecat</div><hr style=""border: 0; border-top: 1px solid #ddd; margin: 12px 0;""><div style=""font-size: 13px; color: #444; line-height: 1.4;""><b style=""color: #111;"">Explicació:</b> MAN.SEGU.000 V1.2026

4.1.2. Criteris generals de manteniment dels EPI

Els equips s’han de guardar en condicions òptimes de temperatura, ventilació i protecció, evitant exposicions innecessàries a sol, humitat o productes químics.</div></div>","T20_-_Equips_de_proteccio_individual_EPI","racord_fbf07717-c37d-4eeb-a7e0-29fd59767be4"
"<div style=""text-align: left; font-family: -apple-system, sans-serif;""><div style=""font-size: 11px; color: #888; margin-bottom: 6px;"">[T20 - Equips de protecció individual (EPI)] Pregunta 300</div><div style=""font-weight: bold; font-size: 16px; margin-bottom: 14px; line-height: 1.4;"">Per què les decisions individuals d’autoprotecció afecten tot l’equip?</div><div style=""font-size: 14px; line-height: 1.6;""><div style=""padding: 5px 0;""><b>A)</b> Perquè determinen únicament el temps d��intervenció</div><div style=""padding: 5px 0;""><b>B)</b> Perquè substitueixen les decisions del comandament</div><div style=""padding: 5px 0;""><b>C)</b> Perquè modifiquen sempre el nivell mínim de protecció</div><div style=""padding: 5px 0;""><b>D)</b> Perquè afecten la seguretat pròpia i la dels companys</div></div></div>","<div style=""text-align: left; font-family: -apple-system, sans-serif;""><div style=""font-weight: bold; font-size: 16px; color: #10b981; margin-bottom: 8px;"">✓ Resposta Correcta: D</div><div style=""font-size: 14px; margin-bottom: 12px; padding: 10px; background: rgba(16,185,129,0.1); border-radius: 6px; border-left: 4px solid #10b981;"">D) Perquè afecten la seguretat pròpia i la dels companys</div><hr style=""border: 0; border-top: 1px solid #ddd; margin: 12px 0;""><div style=""font-size: 13px; color: #444; line-height: 1.4;""><b style=""color: #111;"">Explicació:</b> MAN.SEGU.000 V1.2026

1. Introducció

Les decisions individuals pel que fa a l’autoprotecció afecten no només la pròpia seguretat, sinó també la dels companys.</div></div>","T20_-_Equips_de_proteccio_individual_EPI","racord_46ba1690-0670-47c5-8c04-4fcb480966c7"
"<div style=""text-align: left; font-family: -apple-system, sans-serif;""><div style=""font-size: 11px; color: #888; margin-bottom: 6px;"">[T20 - Equips de protecció individual (EPI)] Pregunta 301</div><div style=""font-weight: bold; font-size: 16px; margin-bottom: 14px; line-height: 1.4;"">Quina funció té el reductor de pressió de l’ERA?</div><div style=""font-size: 14px; line-height: 1.6;""><div style=""padding: 5px 0;""><b>A)</b> Mostrar la pressió restant de l’ampolla</div><div style=""padding: 5px 0;""><b>B)</b> Subministrar aire només quan el bomber inspira</div><div style=""padding: 5px 0;""><b>C)</b> Convertir la baixa pressió en la pressió màxima de càrrega</div><div style=""padding: 5px 0;""><b>D)</b> Convertir l’alta pressió en una pressió de treball segura</div></div></div>","<div style=""text-align: left; font-family: -apple-system, sans-serif;""><div style=""font-weight: bold; font-size: 16px; color: #10b981; margin-bottom: 8px;"">✓ Resposta Correcta: D</div><div style=""font-size: 14px; margin-bottom: 12px; padding: 10px; background: rgba(16,185,129,0.1); border-radius: 6px; border-left: 4px solid #10b981;"">D) Convertir l’alta pressió en una pressió de treball segura</div><hr style=""border: 0; border-top: 1px solid #ddd; margin: 12px 0;""><div style=""font-size: 13px; color: #444; line-height: 1.4;""><b style=""color: #111;"">Explicació:</b> MAN.SEGU.000 V1.2026

3.2. Parts d’un equip de respiració autònoma (ERA)

Converteix la pressió de l’aire de l’ampolla (alta pressió) en una pressió de treball segura per al sistema (baixa pressió).</div></div>","T20_-_Equips_de_proteccio_individual_EPI","racord_3639024c-6778-4448-9c62-4806dbc6d18f"
"<div style=""text-align: left; font-family: -apple-system, sans-serif;""><div style=""font-size: 11px; color: #888; margin-bottom: 6px;"">[T20 - Equips de protecció individual (EPI)] Pregunta 302</div><div style=""font-weight: bold; font-size: 16px; margin-bottom: 14px; line-height: 1.4;"">Quina norma és la referència per al vestuari utilitzat en incendis urbans i industrials?</div><div style=""font-size: 14px; line-height: 1.6;""><div style=""padding: 5px 0;""><b>A)</b> EN 16471</div><div style=""padding: 5px 0;""><b>B)</b> EN 659</div><div style=""padding: 5px 0;""><b>C)</b> EN 15614</div><div style=""padding: 5px 0;""><b>D)</b> EN 469</div></div></div>","<div style=""text-align: left; font-family: -apple-system, sans-serif;""><div style=""font-weight: bold; font-size: 16px; color: #10b981; margin-bottom: 8px;"">✓ Resposta Correcta: D</div><div style=""font-size: 14px; margin-bottom: 12px; padding: 10px; background: rgba(16,185,129,0.1); border-radius: 6px; border-left: 4px solid #10b981;"">D) EN 469</div><hr style=""border: 0; border-top: 1px solid #ddd; margin: 12px 0;""><div style=""font-size: 13px; color: #444; line-height: 1.4;""><b style=""color: #111;"">Explicació:</b> MAN.SEGU.000 V1.2026

2.2.1. EN 469 – Vestuari de protecció per a l’extinció d’incendis

Aquesta és la norma de referència per als equips de protecció utilitzats en incendis urbans i industrials, on el risc tèrmic és molt alt.</div></div>","T20_-_Equips_de_proteccio_individual_EPI","racord_94c37a94-c7e0-4d47-93e4-8a06f4efe98b"
"<div style=""text-align: left; font-family: -apple-system, sans-serif;""><div style=""font-size: 11px; color: #888; margin-bottom: 6px;"">[T20 - Equips de protecció individual (EPI)] Pregunta 303</div><div style=""font-weight: bold; font-size: 16px; margin-bottom: 14px; line-height: 1.4;"">Quins indicadors determinen el tipus de gestió que necessita un EPI?</div><div style=""font-size: 14px; line-height: 1.6;""><div style=""padding: 5px 0;""><b>A)</b> Exclusivament l’estat aparent de l’equip</div><div style=""padding: 5px 0;""><b>B)</b> Només la durada de la intervenció</div><div style=""padding: 5px 0;""><b>C)</b> Els indicadors sensorials i els indicadors tècnics</div><div style=""padding: 5px 0;""><b>D)</b> Només el color exterior i l’antiguitat</div></div></div>","<div style=""text-align: left; font-family: -apple-system, sans-serif;""><div style=""font-weight: bold; font-size: 16px; color: #10b981; margin-bottom: 8px;"">✓ Resposta Correcta: C</div><div style=""font-size: 14px; margin-bottom: 12px; padding: 10px; background: rgba(16,185,129,0.1); border-radius: 6px; border-left: 4px solid #10b981;"">C) Els indicadors sensorials i els indicadors tècnics</div><hr style=""border: 0; border-top: 1px solid #ddd; margin: 12px 0;""><div style=""font-size: 13px; color: #444; line-height: 1.4;""><b style=""color: #111;"">Explicació:</b> MAN.SEGU.000 V1.2026

4.2.2. Gestió in situ

El tipus de gestió vindrà determinada no només per l’estat aparent de l’equip (indicadors sensorials), sinó també pel perfil toxicològic i les característiques de l’escenari d’exposició en què s’hagi utilitzat l’equip (indicadors tècnics).</div></div>","T20_-_Equips_de_proteccio_individual_EPI","racord_fb97f70d-dcb3-45d9-a9b4-d75253ef362a"
"<div style=""text-align: left; font-family: -apple-system, sans-serif;""><div style=""font-size: 11px; color: #888; margin-bottom: 6px;"">[T20 - Equips de protecció individual (EPI)] Pregunta 304</div><div style=""font-weight: bold; font-size: 16px; margin-bottom: 14px; line-height: 1.4;"">A quina categoria pertany el vestit d’intervenció pesant?</div><div style=""font-size: 14px; line-height: 1.6;""><div style=""padding: 5px 0;""><b>A)</b> Sense categoria</div><div style=""padding: 5px 0;""><b>B)</b> Categoria III</div><div style=""padding: 5px 0;""><b>C)</b> Categoria I</div><div style=""padding: 5px 0;""><b>D)</b> Categoria II</div></div></div>","<div style=""text-align: left; font-family: -apple-system, sans-serif;""><div style=""font-weight: bold; font-size: 16px; color: #10b981; margin-bottom: 8px;"">✓ Resposta Correcta: B</div><div style=""font-size: 14px; margin-bottom: 12px; padding: 10px; background: rgba(16,185,129,0.1); border-radius: 6px; border-left: 4px solid #10b981;"">B) Categoria III</div><hr style=""border: 0; border-top: 1px solid #ddd; margin: 12px 0;""><div style=""font-size: 13px; color: #444; line-height: 1.4;""><b style=""color: #111;"">Explicació:</b> MAN.SEGU.000 V1.2026

2.3.2. Vestit d’intervenció

Característiques: EPI categoria III.</div></div>","T20_-_Equips_de_proteccio_individual_EPI","racord_33aff0bf-8647-49b3-9cda-2dce11a4aab8"
"<div style=""text-align: left; font-family: -apple-system, sans-serif;""><div style=""font-size: 11px; color: #888; margin-bottom: 6px;"">[T20 - Equips de protecció individual (EPI)] Pregunta 305</div><div style=""font-weight: bold; font-size: 16px; margin-bottom: 14px; line-height: 1.4;"">Quants tipus principals d’EPI distingeix el Cos de Bombers de la Generalitat?</div><div style=""font-size: 14px; line-height: 1.6;""><div style=""padding: 5px 0;""><b>A)</b> Quatre</div><div style=""padding: 5px 0;""><b>B)</b> Tres</div><div style=""padding: 5px 0;""><b>C)</b> Dos</div><div style=""padding: 5px 0;""><b>D)</b> Cinc</div></div></div>","<div style=""text-align: left; font-family: -apple-system, sans-serif;""><div style=""font-weight: bold; font-size: 16px; color: #10b981; margin-bottom: 8px;"">✓ Resposta Correcta: B</div><div style=""font-size: 14px; margin-bottom: 12px; padding: 10px; background: rgba(16,185,129,0.1); border-radius: 6px; border-left: 4px solid #10b981;"">B) Tres</div><hr style=""border: 0; border-top: 1px solid #ddd; margin: 12px 0;""><div style=""font-size: 13px; color: #444; line-height: 1.4;""><b style=""color: #111;"">Explicació:</b> MAN.SEGU.000 V1.2026

2.4. Nivells d’EPI al Cos de Bombers

Al Cos de Bombers de la Generalitat distingim tres tipus principals d’Equip de Protecció Individual.</div></div>","T20_-_Equips_de_proteccio_individual_EPI","racord_7af4d391-1bcb-402e-961d-a1461be0f8b7"
"<div style=""text-align: left; font-family: -apple-system, sans-serif;""><div style=""font-size: 11px; color: #888; margin-bottom: 6px;"">[T20 - Equips de protecció individual (EPI)] Pregunta 306</div><div style=""font-weight: bold; font-size: 16px; margin-bottom: 14px; line-height: 1.4;"">Quina és la utilització principal del vestit d’intervenció lleuger?</div><div style=""font-size: 14px; line-height: 1.6;""><div style=""padding: 5px 0;""><b>A)</b> Intervencions en atmosferes tòxiques sense ERA</div><div style=""padding: 5px 0;""><b>B)</b> Incendis forestals, assistències tècniques i rescat exterior</div><div style=""padding: 5px 0;""><b>C)</b> Treballs amb productes químics corrosius</div><div style=""padding: 5px 0;""><b>D)</b> Incendis estructurals amb exposició directa intensa</div></div></div>","<div style=""text-align: left; font-family: -apple-system, sans-serif;""><div style=""font-weight: bold; font-size: 16px; color: #10b981; margin-bottom: 8px;"">✓ Resposta Correcta: B</div><div style=""font-size: 14px; margin-bottom: 12px; padding: 10px; background: rgba(16,185,129,0.1); border-radius: 6px; border-left: 4px solid #10b981;"">B) Incendis forestals, assistències tècniques i rescat exterior</div><hr style=""border: 0; border-top: 1px solid #ddd; margin: 12px 0;""><div style=""font-size: 13px; color: #444; line-height: 1.4;""><b style=""color: #111;"">Explicació:</b> MAN.SEGU.000 V1.2026

2.3.2. Vestit d’intervenció

Ús principal: intervencions en incendis forestals, assistències tècniques i rescat en exteriors, on és prioritari el confort i la mobilitat.</div></div>","T20_-_Equips_de_proteccio_individual_EPI","racord_da1a0214-16a4-4216-8f5c-423ede81d79e"
"<div style=""text-align: left; font-family: -apple-system, sans-serif;""><div style=""font-size: 11px; color: #888; margin-bottom: 6px;"">[T20 - Equips de protecció individual (EPI)] Pregunta 307</div><div style=""font-weight: bold; font-size: 16px; margin-bottom: 14px; line-height: 1.4;"">Quan poden utilitzar-se màscares filtrants en un risc químic?</div><div style=""font-size: 14px; line-height: 1.6;""><div style=""padding: 5px 0;""><b>A)</b> En escenaris amb concentracions controlades</div><div style=""padding: 5px 0;""><b>B)</b> En qualsevol atmosfera sense valorar-ne la concentració</div><div style=""padding: 5px 0;""><b>C)</b> En atmosferes desconegudes amb risc mortal</div><div style=""padding: 5px 0;""><b>D)</b> En atmosferes amb manca d’oxigen</div></div></div>","<div style=""text-align: left; font-family: -apple-system, sans-serif;""><div style=""font-weight: bold; font-size: 16px; color: #10b981; margin-bottom: 8px;"">✓ Resposta Correcta: A</div><div style=""font-size: 14px; margin-bottom: 12px; padding: 10px; background: rgba(16,185,129,0.1); border-radius: 6px; border-left: 4px solid #10b981;"">A) En escenaris amb concentracions controlades</div><hr style=""border: 0; border-top: 1px solid #ddd; margin: 12px 0;""><div style=""font-size: 13px; color: #444; line-height: 1.4;""><b style=""color: #111;"">Explicació:</b> MAN.SEGU.000 V1.2026

2.4.4. Complements – Risc químic

També s’utilitzen màscares filtrants en escenaris amb concentracions controlades.</div></div>","T20_-_Equips_de_proteccio_individual_EPI","racord_daec97cf-b314-4322-ac2a-2e17e5adafc8"
"<div style=""text-align: left; font-family: -apple-system, sans-serif;""><div style=""font-size: 11px; color: #888; margin-bottom: 6px;"">[T20 - Equips de protecció individual (EPI)] Pregunta 308</div><div style=""font-weight: bold; font-size: 16px; margin-bottom: 14px; line-height: 1.4;"">Indiqueu quina de les afirmacions següents és INCORRECTA sobre la responsabilitat en la revisió diària:</div><div style=""font-size: 14px; line-height: 1.6;""><div style=""padding: 5px 0;""><b>A)</b> La supervisió correspon al cap de torn</div><div style=""padding: 5px 0;""><b>B)</b> Cada bomber és responsable de l’equip que utilitza</div><div style=""padding: 5px 0;""><b>C)</b> La responsabilitat de revisar l’equip correspon exclusivament al cap de torn</div><div style=""padding: 5px 0;""><b>D)</b> Les incidències s’han de comunicar</div></div></div>","<div style=""text-align: left; font-family: -apple-system, sans-serif;""><div style=""font-weight: bold; font-size: 16px; color: #10b981; margin-bottom: 8px;"">✓ Resposta Correcta: C</div><div style=""font-size: 14px; margin-bottom: 12px; padding: 10px; background: rgba(16,185,129,0.1); border-radius: 6px; border-left: 4px solid #10b981;"">C) La responsabilitat de revisar l’equip correspon exclusivament al cap de torn</div><hr style=""border: 0; border-top: 1px solid #ddd; margin: 12px 0;""><div style=""font-size: 13px; color: #444; line-height: 1.4;""><b style=""color: #111;"">Explicació:</b> MAN.SEGU.000 V1.2026

4.1.1. Principis bàsics de la revisió diària

Responsabilitat compartida: Tot i que la supervisió correspon al cap de torn, cada bomber és responsable de l’equip que utilitza i de comunicar qualsevol incidència.</div></div>","T20_-_Equips_de_proteccio_individual_EPI","racord_39f93f9b-ca00-4dd7-86d4-54fa40d1f8b3"
"<div style=""text-align: left; font-family: -apple-system, sans-serif;""><div style=""font-size: 11px; color: #888; margin-bottom: 6px;"">[T20 - Equips de protecció individual (EPI)] Pregunta 309</div><div style=""font-weight: bold; font-size: 16px; margin-bottom: 14px; line-height: 1.4;"">Indiqueu quina de les afirmacions següents és CERTA sobre els factors del càlcul de consum d'un ERA:</div><div style=""font-size: 14px; line-height: 1.6;""><div style=""padding: 5px 0;""><b>A)</b> La capacitat volumètrica no influeix en el càlcul</div><div style=""padding: 5px 0;""><b>B)</b> Només cal considerar la pressió inicial</div><div style=""padding: 5px 0;""><b>C)</b> La reserva no s’ha de descomptar de l’aire disponible</div><div style=""padding: 5px 0;""><b>D)</b> Cal considerar consum, capacitat, pressió, reserva i temps operatiu</div></div></div>","<div style=""text-align: left; font-family: -apple-system, sans-serif;""><div style=""font-weight: bold; font-size: 16px; color: #10b981; margin-bottom: 8px;"">✓ Resposta Correcta: D</div><div style=""font-size: 14px; margin-bottom: 12px; padding: 10px; background: rgba(16,185,129,0.1); border-radius: 6px; border-left: 4px solid #10b981;"">D) Cal considerar consum, capacitat, pressió, reserva i temps operatiu</div><hr style=""border: 0; border-top: 1px solid #ddd; margin: 12px 0;""><div style=""font-size: 13px; color: #444; line-height: 1.4;""><b style=""color: #111;"">Explicació:</b> MAN.SEGU.000 V1.2026

3.4. Càlcul de consums

En el càlcul s’han de considerar factors com el consum personal, la capacitat total de l’ampolla i la pressió de càrrega, la reserva mínima i el temps operatiu real.</div></div>","T20_-_Equips_de_proteccio_individual_EPI","racord_f8e1e574-2b03-4ca7-9ad9-8788b48f2cd9"
"<div style=""text-align: left; font-family: -apple-system, sans-serif;""><div style=""font-size: 11px; color: #888; margin-bottom: 6px;"">[T20 - Equips de protecció individual (EPI)] Pregunta 310</div><div style=""font-weight: bold; font-size: 16px; margin-bottom: 14px; line-height: 1.4;"">Quins espais poden contaminar-se si no es gestionen adequadament els EPI bruts?</div><div style=""font-size: 14px; line-height: 1.6;""><div style=""padding: 5px 0;""><b>A)</b> El parc, els vehicles i l’ambient familiar</div><div style=""padding: 5px 0;""><b>B)</b> Exclusivament el compartiment de material</div><div style=""padding: 5px 0;""><b>C)</b> Únicament les instal·lacions de neteja</div><div style=""padding: 5px 0;""><b>D)</b> Només la zona calenta de la intervenció</div></div></div>","<div style=""text-align: left; font-family: -apple-system, sans-serif;""><div style=""font-weight: bold; font-size: 16px; color: #10b981; margin-bottom: 8px;"">✓ Resposta Correcta: A</div><div style=""font-size: 14px; margin-bottom: 12px; padding: 10px; background: rgba(16,185,129,0.1); border-radius: 6px; border-left: 4px solid #10b981;"">A) El parc, els vehicles i l’ambient familiar</div><hr style=""border: 0; border-top: 1px solid #ddd; margin: 12px 0;""><div style=""font-size: 13px; color: #444; line-height: 1.4;""><b style=""color: #111;"">Explicació:</b> MAN.SEGU.000 V1.2026

4.2.1. Consciència sobre els contaminants en els EPIs

Poden alliberar-se de nou hores després de la intervenció, contaminant el parc, els vehicles i fins i tot l’ambient familiar si no es fa una gestió adequada.</div></div>","T20_-_Equips_de_proteccio_individual_EPI","racord_a47b80b1-b764-45f8-a190-26dcb09aa078"
"<div style=""text-align: left; font-family: -apple-system, sans-serif;""><div style=""font-size: 11px; color: #888; margin-bottom: 6px;"">[T20 - Equips de protecció individual (EPI)] Pregunta 311</div><div style=""font-weight: bold; font-size: 16px; margin-bottom: 14px; line-height: 1.4;"">A quin percentatge aproximat de la capacitat s’activa l’alarma de baixa pressió?</div><div style=""font-size: 14px; line-height: 1.6;""><div style=""padding: 5px 0;""><b>A)</b> Al 25%</div><div style=""padding: 5px 0;""><b>B)</b> Al 50%</div><div style=""padding: 5px 0;""><b>C)</b> Al 75%</div><div style=""padding: 5px 0;""><b>D)</b> Al 10%</div></div></div>","<div style=""text-align: left; font-family: -apple-system, sans-serif;""><div style=""font-weight: bold; font-size: 16px; color: #10b981; margin-bottom: 8px;"">✓ Resposta Correcta: A</div><div style=""font-size: 14px; margin-bottom: 12px; padding: 10px; background: rgba(16,185,129,0.1); border-radius: 6px; border-left: 4px solid #10b981;"">A) Al 25%</div><hr style=""border: 0; border-top: 1px solid #ddd; margin: 12px 0;""><div style=""font-size: 13px; color: #444; line-height: 1.4;""><b style=""color: #111;"">Explicació:</b> MAN.SEGU.000 V1.2026

3.2. Parts d’un equip de respiració autònoma (ERA)

S’activa quan la pressió de l’ampolla arriba aproximadament al 25% de la seva capacitat (60 bars en ampolles de 300 bars).</div></div>","T20_-_Equips_de_proteccio_individual_EPI","racord_c556f38c-0f0b-433f-b9ff-7b1977870be5"
"<div style=""text-align: left; font-family: -apple-system, sans-serif;""><div style=""font-size: 11px; color: #888; margin-bottom: 6px;"">[T20 - Equips de protecció individual (EPI)] Pregunta 312</div><div style=""font-weight: bold; font-size: 16px; margin-bottom: 14px; line-height: 1.4;"">Quina protecció estableix principalment la norma EN 469?</div><div style=""font-size: 14px; line-height: 1.6;""><div style=""padding: 5px 0;""><b>A)</b> Contra flama i diferents formes de transmissió de calor</div><div style=""padding: 5px 0;""><b>B)</b> Contra caigudes en alçada i atrapaments</div><div style=""padding: 5px 0;""><b>C)</b> Contra riscos biològics i microorganismes</div><div style=""padding: 5px 0;""><b>D)</b> Contra l’ofegament i la hipotèrmia</div></div></div>","<div style=""text-align: left; font-family: -apple-system, sans-serif;""><div style=""font-weight: bold; font-size: 16px; color: #10b981; margin-bottom: 8px;"">✓ Resposta Correcta: A</div><div style=""font-size: 14px; margin-bottom: 12px; padding: 10px; background: rgba(16,185,129,0.1); border-radius: 6px; border-left: 4px solid #10b981;"">A) Contra flama i diferents formes de transmissió de calor</div><hr style=""border: 0; border-top: 1px solid #ddd; margin: 12px 0;""><div style=""font-size: 13px; color: #444; line-height: 1.4;""><b style=""color: #111;"">Explicació:</b> MAN.SEGU.000 V1.2026

2.2.1. EN 469 – Vestuari de protecció per a l’extinció d’incendis

Objectiu: establir els requisits mínims de protecció contra flama, calor radiada, calor convectiva i calor per contacte.</div></div>","T20_-_Equips_de_proteccio_individual_EPI","racord_fd048347-8c9e-44e1-a11e-0ff57ec90cd0"
"<div style=""text-align: left; font-family: -apple-system, sans-serif;""><div style=""font-size: 11px; color: #888; margin-bottom: 6px;"">[T20 - Equips de protecció individual (EPI)] Pregunta 313</div><div style=""font-weight: bold; font-size: 16px; margin-bottom: 14px; line-height: 1.4;"">Què s’ha de comprovar en les proves funcionals dels equips actius?</div><div style=""font-size: 14px; line-height: 1.6;""><div style=""padding: 5px 0;""><b>A)</b> Només el funcionament de les alarmes acústiques</div><div style=""padding: 5px 0;""><b>B)</b> Exclusivament la data de compra de l’equip</div><div style=""padding: 5px 0;""><b>C)</b> Funcionament, càrrega de bateries, fuites i avaries</div><div style=""padding: 5px 0;""><b>D)</b> Només l’aspecte exterior i la identificació</div></div></div>","<div style=""text-align: left; font-family: -apple-system, sans-serif;""><div style=""font-weight: bold; font-size: 16px; color: #10b981; margin-bottom: 8px;"">✓ Resposta Correcta: C</div><div style=""font-size: 14px; margin-bottom: 12px; padding: 10px; background: rgba(16,185,129,0.1); border-radius: 6px; border-left: 4px solid #10b981;"">C) Funcionament, càrrega de bateries, fuites i avaries</div><hr style=""border: 0; border-top: 1px solid #ddd; margin: 12px 0;""><div style=""font-size: 13px; color: #444; line-height: 1.4;""><b style=""color: #111;"">Explicació:</b> MAN.SEGU.000 V1.2026

4.1.2. Criteris generals de manteniment dels EPI

En equips actius (ERA, detectors, emissores, llanternes) cal comprovar que funcionen correctament, que les bateries estan carregades i que no hi ha fuites ni avaries.</div></div>","T20_-_Equips_de_proteccio_individual_EPI","racord_b5c2b870-271d-491c-acc8-ed20a14bad49"
"<div style=""text-align: left; font-family: -apple-system, sans-serif;""><div style=""font-size: 11px; color: #888; margin-bottom: 6px;"">[T20 - Equips de protecció individual (EPI)] Pregunta 314</div><div style=""font-weight: bold; font-size: 16px; margin-bottom: 14px; line-height: 1.4;"">Quina característica diferencia el vestit forestal regulat per la normativa EN 15614?</div><div style=""font-size: 14px; line-height: 1.6;""><div style=""padding: 5px 0;""><b>A)</b> Sempre és de tres capes i menys transpirable</div><div style=""padding: 5px 0;""><b>B)</b> Està format per una barrera metàl·lica rígida</div><div style=""padding: 5px 0;""><b>C)</b> És un vestit encapsulat i hermètic als gasos</div><div style=""padding: 5px 0;""><b>D)</b> Normalment és d’una sola capa ignífuga i més lleuger</div></div></div>","<div style=""text-align: left; font-family: -apple-system, sans-serif;""><div style=""font-weight: bold; font-size: 16px; color: #10b981; margin-bottom: 8px;"">✓ Resposta Correcta: D</div><div style=""font-size: 14px; margin-bottom: 12px; padding: 10px; background: rgba(16,185,129,0.1); border-radius: 6px; border-left: 4px solid #10b981;"">D) Normalment és d’una sola capa ignífuga i més lleuger</div><hr style=""border: 0; border-top: 1px solid #ddd; margin: 12px 0;""><div style=""font-size: 13px; color: #444; line-height: 1.4;""><b style=""color: #111;"">Explicació:</b> MAN.SEGU.000 V1.2026

2.2.2. EN 15614 – Vestuari de protecció per a incendis forestals

Estructura del vestit: normalment d’una sola capa de teixit ignífug, molt més lleuger que el vestit estructural.</div></div>","T20_-_Equips_de_proteccio_individual_EPI","racord_b561548e-e2fe-4b7f-bd9d-10b1b954516c"
"<div style=""text-align: left; font-family: -apple-system, sans-serif;""><div style=""font-size: 11px; color: #888; margin-bottom: 6px;"">[T20 - Equips de protecció individual (EPI)] Pregunta 315</div><div style=""font-weight: bold; font-size: 16px; margin-bottom: 14px; line-height: 1.4;"">Indiqueu quina de les afirmacions següents és CERTA sobre la responsabilitat en seguretat:</div><div style=""font-size: 14px; line-height: 1.6;""><div style=""padding: 5px 0;""><b>A)</b> L’autoprotecció és secundària si existeix una ordre de comandament</div><div style=""padding: 5px 0;""><b>B)</b> Cada bomber només respon de l’estat del seu material</div><div style=""padding: 5px 0;""><b>C)</b> La seguretat és responsabilitat exclusiva del cap d’intervenció</div><div style=""padding: 5px 0;""><b>D)</b> La seguretat no recau exclusivament en el comandament</div></div></div>","<div style=""text-align: left; font-family: -apple-system, sans-serif;""><div style=""font-weight: bold; font-size: 16px; color: #10b981; margin-bottom: 8px;"">✓ Resposta Correcta: D</div><div style=""font-size: 14px; margin-bottom: 12px; padding: 10px; background: rgba(16,185,129,0.1); border-radius: 6px; border-left: 4px solid #10b981;"">D) La seguretat no recau exclusivament en el comandament</div><hr style=""border: 0; border-top: 1px solid #ddd; margin: 12px 0;""><div style=""font-size: 13px; color: #444; line-height: 1.4;""><b style=""color: #111;"">Explicació:</b> MAN.SEGU.000 V1.2026

1. Introducció

Tot i així, la responsabilitat de la seguretat no recau exclusivament en el comandament: cada bomber ha de ser conscient de la importància de l’autoprotecció i del paper fonamental que juga en la seva pròpia integritat física.</div></div>","T20_-_Equips_de_proteccio_individual_EPI","racord_44dff9bd-c981-4d0d-a0c8-f5e15ad64466"
"<div style=""text-align: left; font-family: -apple-system, sans-serif;""><div style=""font-size: 11px; color: #888; margin-bottom: 6px;"">[T20 - Equips de protecció individual (EPI)] Pregunta 316</div><div style=""font-weight: bold; font-size: 16px; margin-bottom: 14px; line-height: 1.4;"">Què inclou el concepte de descontaminació dels EPI i equips de treball?</div><div style=""font-size: 14px; line-height: 1.6;""><div style=""padding: 5px 0;""><b>A)</b> Únicament inspecció visual i registre</div><div style=""padding: 5px 0;""><b>B)</b> Inspecció, neteja i descontaminació</div><div style=""padding: 5px 0;""><b>C)</b> Només neteja superficial i assecat</div><div style=""padding: 5px 0;""><b>D)</b> Emmagatzematge, reposició i retirada</div></div></div>","<div style=""text-align: left; font-family: -apple-system, sans-serif;""><div style=""font-weight: bold; font-size: 16px; color: #10b981; margin-bottom: 8px;"">✓ Resposta Correcta: B</div><div style=""font-size: 14px; margin-bottom: 12px; padding: 10px; background: rgba(16,185,129,0.1); border-radius: 6px; border-left: 4px solid #10b981;"">B) Inspecció, neteja i descontaminació</div><hr style=""border: 0; border-top: 1px solid #ddd; margin: 12px 0;""><div style=""font-size: 13px; color: #444; line-height: 1.4;""><b style=""color: #111;"">Explicació:</b> MAN.SEGU.000 V1.2026

4.2. Gestió dels contaminants en les activitats operatives

El concepte de descontaminació de l’EPI i dels equips de treball inclou les diferents tècniques, procediments o processos d’inspecció, neteja i descontaminació.</div></div>","T20_-_Equips_de_proteccio_individual_EPI","racord_4c47c5c0-5d97-4895-a01f-8e55d26259bc"
"<div style=""text-align: left; font-family: -apple-system, sans-serif;""><div style=""font-size: 11px; color: #888; margin-bottom: 6px;"">[T20 - Equips de protecció individual (EPI)] Pregunta 317</div><div style=""font-weight: bold; font-size: 16px; margin-bottom: 14px; line-height: 1.4;"">Quin és l’objectiu dels processos de descontaminació?</div><div style=""font-size: 14px; line-height: 1.6;""><div style=""padding: 5px 0;""><b>A)</b> Eliminar exclusivament la brutícia visible</div><div style=""padding: 5px 0;""><b>B)</b> Reduir només la humitat dels equips</div><div style=""padding: 5px 0;""><b>C)</b> Eliminar agents químics, físics o biològics</div><div style=""padding: 5px 0;""><b>D)</b> Evitar únicament la corrosió dels components metàl·lics</div></div></div>","<div style=""text-align: left; font-family: -apple-system, sans-serif;""><div style=""font-weight: bold; font-size: 16px; color: #10b981; margin-bottom: 8px;"">✓ Resposta Correcta: C</div><div style=""font-size: 14px; margin-bottom: 12px; padding: 10px; background: rgba(16,185,129,0.1); border-radius: 6px; border-left: 4px solid #10b981;"">C) Eliminar agents químics, físics o biològics</div><hr style=""border: 0; border-top: 1px solid #ddd; margin: 12px 0;""><div style=""font-size: 13px; color: #444; line-height: 1.4;""><b style=""color: #111;"">Explicació:</b> MAN.SEGU.000 V1.2026

4.2. Gestió dels contaminants en les activitats operatives

Tenen per objectiu eliminar els agents químics, físics o biològics de les diferents superfícies dels equips.</div></div>","T20_-_Equips_de_proteccio_individual_EPI","racord_38eabd68-e4f4-4ace-a518-d501a97b2698"
"<div style=""text-align: left; font-family: -apple-system, sans-serif;""><div style=""font-size: 11px; color: #888; margin-bottom: 6px;"">[T20 - Equips de protecció individual (EPI)] Pregunta 318</div><div style=""font-weight: bold; font-size: 16px; margin-bottom: 14px; line-height: 1.4;"">Quan s’han d’afegir complements als nivells bàsics d’EPI?</div><div style=""font-size: 14px; line-height: 1.6;""><div style=""padding: 5px 0;""><b>A)</b> Quan existeixen riscos específics que requereixen més protecció</div><div style=""padding: 5px 0;""><b>B)</b> Només després que s’hagi produït un accident</div><div style=""padding: 5px 0;""><b>C)</b> Exclusivament quan ho demani cada bomber</div><div style=""padding: 5px 0;""><b>D)</b> Sempre, independentment del risc existent</div></div></div>","<div style=""text-align: left; font-family: -apple-system, sans-serif;""><div style=""font-weight: bold; font-size: 16px; color: #10b981; margin-bottom: 8px;"">✓ Resposta Correcta: A</div><div style=""font-size: 14px; margin-bottom: 12px; padding: 10px; background: rgba(16,185,129,0.1); border-radius: 6px; border-left: 4px solid #10b981;"">A) Quan existeixen riscos específics que requereixen més protecció</div><hr style=""border: 0; border-top: 1px solid #ddd; margin: 12px 0;""><div style=""font-size: 13px; color: #444; line-height: 1.4;""><b style=""color: #111;"">Explicació:</b> MAN.SEGU.000 V1.2026

2.4.4. Complements

Segons les diferents situacions que comportin l’exposició a determinats riscos específics, caldrà afegir l’equipament de protecció complementari segons el tipus de risc.</div></div>","T20_-_Equips_de_proteccio_individual_EPI","racord_bcf07a80-045f-431f-aab6-9a2e792f2025"
"<div style=""text-align: left; font-family: -apple-system, sans-serif;""><div style=""font-size: 11px; color: #888; margin-bottom: 6px;"">[T20 - Equips de protecció individual (EPI)] Pregunta 319</div><div style=""font-weight: bold; font-size: 16px; margin-bottom: 14px; line-height: 1.4;"">Per què és important reconèixer tàctilment els components de l’ERA?</div><div style=""font-size: 14px; line-height: 1.6;""><div style=""padding: 5px 0;""><b>A)</b> Per detectar la composició química de l’aire</div><div style=""padding: 5px 0;""><b>B)</b> Per substituir la inspecció visual abans de l’ús</div><div style=""padding: 5px 0;""><b>C)</b> Per determinar la pressió sense consultar el manòmetre</div><div style=""padding: 5px 0;""><b>D)</b> Per manipular-los amb precisió amb visibilitat reduïda</div></div></div>","<div style=""text-align: left; font-family: -apple-system, sans-serif;""><div style=""font-weight: bold; font-size: 16px; color: #10b981; margin-bottom: 8px;"">✓ Resposta Correcta: D</div><div style=""font-size: 14px; margin-bottom: 12px; padding: 10px; background: rgba(16,185,129,0.1); border-radius: 6px; border-left: 4px solid #10b981;"">D) Per manipular-los amb precisió amb visibilitat reduïda</div><hr style=""border: 0; border-top: 1px solid #ddd; margin: 12px 0;""><div style=""font-size: 13px; color: #444; line-height: 1.4;""><b style=""color: #111;"">Explicació:</b> MAN.SEGU.000 V1.2026

3.3. Aspectes clau de coneixement operatiu de l’ERA

De manera que el pugui reconèixer i manipular amb precisió encara que les condicions de visibilitat siguin molt reduïdes.</div></div>","T20_-_Equips_de_proteccio_individual_EPI","racord_3c85dee1-1528-4043-a048-f7f4a82efb52"
"<div style=""text-align: left; font-family: -apple-system, sans-serif;""><div style=""font-size: 11px; color: #888; margin-bottom: 6px;"">[T20 - Equips de protecció individual (EPI)] Pregunta 320</div><div style=""font-weight: bold; font-size: 16px; margin-bottom: 14px; line-height: 1.4;"">Què pot considerar-se un EPI?</div><div style=""font-size: 14px; line-height: 1.6;""><div style=""padding: 5px 0;""><b>A)</b> Només les peces que cobreixen completament el cos</div><div style=""padding: 5px 0;""><b>B)</b> Qualsevol eina utilitzada durant una intervenció</div><div style=""padding: 5px 0;""><b>C)</b> Un equip o accessori portat o subjectat amb finalitat protectora</div><div style=""padding: 5px 0;""><b>D)</b> Únicament els equips de protecció respiratòria</div></div></div>","<div style=""text-align: left; font-family: -apple-system, sans-serif;""><div style=""font-weight: bold; font-size: 16px; color: #10b981; margin-bottom: 8px;"">✓ Resposta Correcta: C</div><div style=""font-size: 14px; margin-bottom: 12px; padding: 10px; background: rgba(16,185,129,0.1); border-radius: 6px; border-left: 4px solid #10b981;"">C) Un equip o accessori portat o subjectat amb finalitat protectora</div><hr style=""border: 0; border-top: 1px solid #ddd; margin: 12px 0;""><div style=""font-size: 13px; color: #444; line-height: 1.4;""><b style=""color: #111;"">Explicació:</b> MAN.SEGU.000 V1.2026

1. Introducció

Entenem per EPI qualsevol equip o accessori destinat a ser portat o subjectat pel bomber amb la finalitat de protegir la seva salut o seguretat, des de peces de roba tècnica fins a equips multirisc o complements especialitzats.</div></div>","T20_-_Equips_de_proteccio_individual_EPI","racord_ebb27b89-caaa-4e7c-bbbc-c6c29df8ec5f"
"<div style=""text-align: left; font-family: -apple-system, sans-serif;""><div style=""font-size: 11px; color: #888; margin-bottom: 6px;"">[T20 - Equips de protecció individual (EPI)] Pregunta 321</div><div style=""font-weight: bold; font-size: 16px; margin-bottom: 14px; line-height: 1.4;"">Quina norma defineix els requisits mínims dels guants de protecció per a bombers?</div><div style=""font-size: 14px; line-height: 1.6;""><div style=""padding: 5px 0;""><b>A)</b> EN 443</div><div style=""padding: 5px 0;""><b>B)</b> EN 16473</div><div style=""padding: 5px 0;""><b>C)</b> EN 659</div><div style=""padding: 5px 0;""><b>D)</b> EN 15090</div></div></div>","<div style=""text-align: left; font-family: -apple-system, sans-serif;""><div style=""font-weight: bold; font-size: 16px; color: #10b981; margin-bottom: 8px;"">✓ Resposta Correcta: C</div><div style=""font-size: 14px; margin-bottom: 12px; padding: 10px; background: rgba(16,185,129,0.1); border-radius: 6px; border-left: 4px solid #10b981;"">C) EN 659</div><hr style=""border: 0; border-top: 1px solid #ddd; margin: 12px 0;""><div style=""font-size: 13px; color: #444; line-height: 1.4;""><b style=""color: #111;"">Explicació:</b> MAN.SEGU.000 V1.2026

2.2.3. Altres normes de vestuari i equips de protecció dels bombers

EN 659 – Guants de protecció per a bombers: Defineix els requisits mínims de protecció contra flama, calor, tall i perforació.</div></div>","T20_-_Equips_de_proteccio_individual_EPI","racord_afdb831d-aeea-4cca-80d4-1328f8d87903"
"<div style=""text-align: left; font-family: -apple-system, sans-serif;""><div style=""font-size: 11px; color: #888; margin-bottom: 6px;"">[T20 - Equips de protecció individual (EPI)] Pregunta 322</div><div style=""font-weight: bold; font-size: 16px; margin-bottom: 14px; line-height: 1.4;"">Una ampolla disposa de 1.530 litres per al treball i el consum és de 50 L/min. Quina és l’autonomia operativa?</div><div style=""font-size: 14px; line-height: 1.6;""><div style=""padding: 5px 0;""><b>A)</b> 50 minuts</div><div style=""padding: 5px 0;""><b>B)</b> 25,5 minuts</div><div style=""padding: 5px 0;""><b>C)</b> 40,8 minuts</div><div style=""padding: 5px 0;""><b>D)</b> 30,6 minuts</div></div></div>","<div style=""text-align: left; font-family: -apple-system, sans-serif;""><div style=""font-weight: bold; font-size: 16px; color: #10b981; margin-bottom: 8px;"">✓ Resposta Correcta: D</div><div style=""font-size: 14px; margin-bottom: 12px; padding: 10px; background: rgba(16,185,129,0.1); border-radius: 6px; border-left: 4px solid #10b981;"">D) 30,6 minuts</div><hr style=""border: 0; border-top: 1px solid #ddd; margin: 12px 0;""><div style=""font-size: 13px; color: #444; line-height: 1.4;""><b style=""color: #111;"">Explicació:</b> MAN.SEGU.000 V1.2026

3.4.3. Autonomia i càlculs operatius

Autonomia (min) = Aire disponible per al treball (l) / Consum personal (l/min). Exemple: 1530 / 50 = 30,6 minuts.</div></div>","T20_-_Equips_de_proteccio_individual_EPI","racord_8a1fe86c-40e3-4dc2-8b2f-cecdc051b081"
"<div style=""text-align: left; font-family: -apple-system, sans-serif;""><div style=""font-size: 11px; color: #888; margin-bottom: 6px;"">[T20 - Equips de protecció individual (EPI)] Pregunta 323</div><div style=""font-weight: bold; font-size: 16px; margin-bottom: 14px; line-height: 1.4;"">Indiqueu quina de les afirmacions següents és CERTA sobre la revisió diària.</div><div style=""font-size: 14px; line-height: 1.6;""><div style=""padding: 5px 0;""><b>A)</b> Substitueix la formació i les tècniques operatives</div><div style=""padding: 5px 0;""><b>B)</b> Redueix la necessitat de responsabilitat individual</div><div style=""padding: 5px 0;""><b>C)</b> Reforça la disciplina, la responsabilitat i la professionalitat</div><div style=""padding: 5px 0;""><b>D)</b> Només té efectes sobre els costos de reposició</div></div></div>","<div style=""text-align: left; font-family: -apple-system, sans-serif;""><div style=""font-weight: bold; font-size: 16px; color: #10b981; margin-bottom: 8px;"">✓ Resposta Correcta: C</div><div style=""font-size: 14px; margin-bottom: 12px; padding: 10px; background: rgba(16,185,129,0.1); border-radius: 6px; border-left: 4px solid #10b981;"">C) Reforça la disciplina, la responsabilitat i la professionalitat</div><hr style=""border: 0; border-top: 1px solid #ddd; margin: 12px 0;""><div style=""font-size: 13px; color: #444; line-height: 1.4;""><b style=""color: #111;"">Explicació:</b> MAN.SEGU.000 V1.2026

4.1.3. Importància de la revisió diària

La revisió diària és una pràctica que reforça la disciplina, la responsabilitat i la professionalitat del cos.</div></div>","T20_-_Equips_de_proteccio_individual_EPI","racord_e434b18d-cd0d-4e1d-9308-86986c2f52ce"
"<div style=""text-align: left; font-family: -apple-system, sans-serif;""><div style=""font-size: 11px; color: #888; margin-bottom: 6px;"">[T20 - Equips de protecció individual (EPI)] Pregunta 324</div><div style=""font-weight: bold; font-size: 16px; margin-bottom: 14px; line-height: 1.4;"">Què ha de dominar cada professional respecte dels EPI assignats?</div><div style=""font-size: 14px; line-height: 1.6;""><div style=""padding: 5px 0;""><b>A)</b> Només la col·locació i la retirada</div><div style=""padding: 5px 0;""><b>B)</b> Les prestacions, les limitacions i l’ús correcte</div><div style=""padding: 5px 0;""><b>C)</b> Únicament la normativa de fabricació</div><div style=""padding: 5px 0;""><b>D)</b> El cost, la vida útil i el proveïdor</div></div></div>","<div style=""text-align: left; font-family: -apple-system, sans-serif;""><div style=""font-weight: bold; font-size: 16px; color: #10b981; margin-bottom: 8px;"">✓ Resposta Correcta: B</div><div style=""font-size: 14px; margin-bottom: 12px; padding: 10px; background: rgba(16,185,129,0.1); border-radius: 6px; border-left: 4px solid #10b981;"">B) Les prestacions, les limitacions i l’ús correcte</div><hr style=""border: 0; border-top: 1px solid #ddd; margin: 12px 0;""><div style=""font-size: 13px; color: #444; line-height: 1.4;""><b style=""color: #111;"">Explicació:</b> MAN.SEGU.000 V1.2026

1. Introducció

És imprescindible doncs, que cada professional conegui a fons les prestacions dels EPI que li han estat assignats, així com les seves limitacions i que en domini l’ús correcte, identificant quan i com han de ser emprats.</div></div>","T20_-_Equips_de_proteccio_individual_EPI","racord_9473b0c6-1af1-4a09-b02e-866cd1de8855"
"<div style=""text-align: left; font-family: -apple-system, sans-serif;""><div style=""font-size: 11px; color: #888; margin-bottom: 6px;"">[T20 - Equips de protecció individual (EPI)] Pregunta 325</div><div style=""font-weight: bold; font-size: 16px; margin-bottom: 14px; line-height: 1.4;"">Què implica el principi de regularitat i disciplina?</div><div style=""font-size: 14px; line-height: 1.6;""><div style=""padding: 5px 0;""><b>A)</b> Comprovar únicament els elements més importants</div><div style=""padding: 5px 0;""><b>B)</b> Fer una inspecció mensual de tots els equips</div><div style=""padding: 5px 0;""><b>C)</b> Revisar només els equips utilitzats el dia anterior</div><div style=""padding: 5px 0;""><b>D)</b> Fer una revisió diària i sistemàtica</div></div></div>","<div style=""text-align: left; font-family: -apple-system, sans-serif;""><div style=""font-weight: bold; font-size: 16px; color: #10b981; margin-bottom: 8px;"">✓ Resposta Correcta: D</div><div style=""font-size: 14px; margin-bottom: 12px; padding: 10px; background: rgba(16,185,129,0.1); border-radius: 6px; border-left: 4px solid #10b981;"">D) Fer una revisió diària i sistemàtica</div><hr style=""border: 0; border-top: 1px solid #ddd; margin: 12px 0;""><div style=""font-size: 13px; color: #444; line-height: 1.4;""><b style=""color: #111;"">Explicació:</b> MAN.SEGU.000 V1.2026

4.1.1. Principis bàsics de la revisió diària

Regularitat i disciplina: La revisió ha de ser diària i sistemàtica. La constància garanteix que no hi hagi elements passats per alt.</div></div>","T20_-_Equips_de_proteccio_individual_EPI","racord_a5978f97-3493-4b85-9299-0c40a33452b3"
"<div style=""text-align: left; font-family: -apple-system, sans-serif;""><div style=""font-size: 11px; color: #888; margin-bottom: 6px;"">[T20 - Equips de protecció individual (EPI)] Pregunta 326</div><div style=""font-weight: bold; font-size: 16px; margin-bottom: 14px; line-height: 1.4;"">Per a quin tipus d’ús no està pensada la caputxa de rescat?</div><div style=""font-size: 14px; line-height: 1.6;""><div style=""padding: 5px 0;""><b>A)</b> Per protegir ràpidament una víctima</div><div style=""padding: 5px 0;""><b>B)</b> Per a un ús operatiu prolongat</div><div style=""padding: 5px 0;""><b>C)</b> Per evacuar una persona sense ERA</div><div style=""padding: 5px 0;""><b>D)</b> Per a situacions d’emergència</div></div></div>","<div style=""text-align: left; font-family: -apple-system, sans-serif;""><div style=""font-weight: bold; font-size: 16px; color: #10b981; margin-bottom: 8px;"">✓ Resposta Correcta: B</div><div style=""font-size: 14px; margin-bottom: 12px; padding: 10px; background: rgba(16,185,129,0.1); border-radius: 6px; border-left: 4px solid #10b981;"">B) Per a un ús operatiu prolongat</div><hr style=""border: 0; border-top: 1px solid #ddd; margin: 12px 0;""><div style=""font-size: 13px; color: #444; line-height: 1.4;""><b style=""color: #111;"">Explicació:</b> MAN.SEGU.000 V1.2026

3.5. Ús de la caputxa de rescat

No està pensada per a un ús operatiu prolongat, sinó per a situacions d’emergència en què calgui protegir de manera ràpida una persona que no disposa d’un equip de respiració autònoma.</div></div>","T20_-_Equips_de_proteccio_individual_EPI","racord_e5742edb-c774-46af-92ff-7a419e2a0c7f"
"<div style=""text-align: left; font-family: -apple-system, sans-serif;""><div style=""font-size: 11px; color: #888; margin-bottom: 6px;"">[T20 - Equips de protecció individual (EPI)] Pregunta 327</div><div style=""font-weight: bold; font-size: 16px; margin-bottom: 14px; line-height: 1.4;"">Què exigeix el principi de rigor i detall?</div><div style=""font-size: 14px; line-height: 1.6;""><div style=""padding: 5px 0;""><b>A)</b> Una comprovació limitada als equips actius</div><div style=""padding: 5px 0;""><b>B)</b> Una ullada ràpida als elements visibles</div><div style=""padding: 5px 0;""><b>C)</b> Una revisió basada només en l’experiència personal</div><div style=""padding: 5px 0;""><b>D)</b> Una comprovació acurada seguint les fitxes establertes</div></div></div>","<div style=""text-align: left; font-family: -apple-system, sans-serif;""><div style=""font-weight: bold; font-size: 16px; color: #10b981; margin-bottom: 8px;"">✓ Resposta Correcta: D</div><div style=""font-size: 14px; margin-bottom: 12px; padding: 10px; background: rgba(16,185,129,0.1); border-radius: 6px; border-left: 4px solid #10b981;"">D) Una comprovació acurada seguint les fitxes establertes</div><hr style=""border: 0; border-top: 1px solid #ddd; margin: 12px 0;""><div style=""font-size: 13px; color: #444; line-height: 1.4;""><b style=""color: #111;"">Explicació:</b> MAN.SEGU.000 V1.2026

4.1.1. Principis bàsics de la revisió diària

Rigor i detall: No n’hi ha prou amb una ullada ràpida; cal fer una comprovació acurada seguint les fitxes establertes.</div></div>","T20_-_Equips_de_proteccio_individual_EPI","racord_1c20d751-212e-493c-8d8d-7b5e15f7c390"
"<div style=""text-align: left; font-family: -apple-system, sans-serif;""><div style=""font-size: 11px; color: #888; margin-bottom: 6px;"">[T20 - Equips de protecció individual (EPI)] Pregunta 328</div><div style=""font-weight: bold; font-size: 16px; margin-bottom: 14px; line-height: 1.4;"">Quina reserva aproximada correspon a una ampolla amb 2.040 litres totals?</div><div style=""font-size: 14px; line-height: 1.6;""><div style=""padding: 5px 0;""><b>A)</b> 60 litres</div><div style=""padding: 5px 0;""><b>B)</b> 408 litres</div><div style=""padding: 5px 0;""><b>C)</b> 510 litres</div><div style=""padding: 5px 0;""><b>D)</b> 1.530 litres</div></div></div>","<div style=""text-align: left; font-family: -apple-system, sans-serif;""><div style=""font-weight: bold; font-size: 16px; color: #10b981; margin-bottom: 8px;"">✓ Resposta Correcta: C</div><div style=""font-size: 14px; margin-bottom: 12px; padding: 10px; background: rgba(16,185,129,0.1); border-radius: 6px; border-left: 4px solid #10b981;"">C) 510 litres</div><hr style=""border: 0; border-top: 1px solid #ddd; margin: 12px 0;""><div style=""font-size: 13px; color: #444; line-height: 1.4;""><b style=""color: #111;"">Explicació:</b> MAN.SEGU.000 V1.2026

3.4.2. Capacitat i reserva d’aire

Segons les normes de seguretat, una part d’aquest aire s’ha de considerar reserva (aprox. 25% de la capacitat).</div></div>","T20_-_Equips_de_proteccio_individual_EPI","racord_446eccba-8e4a-46d3-879b-7a8139a0f0a8"
"<div style=""text-align: left; font-family: -apple-system, sans-serif;""><div style=""font-size: 11px; color: #888; margin-bottom: 6px;"">[T20 - Equips de protecció individual (EPI)] Pregunta 329</div><div style=""font-weight: bold; font-size: 16px; margin-bottom: 14px; line-height: 1.4;"">Quina és la utilització principal de l’EPI pesant?</div><div style=""font-size: 14px; line-height: 1.6;""><div style=""padding: 5px 0;""><b>A)</b> Situacions d’alt risc tèrmic i exposició intensa</div><div style=""padding: 5px 0;""><b>B)</b> Treballs forestals de llarga durada</div><div style=""padding: 5px 0;""><b>C)</b> Rescats aquàtics en aigües obertes</div><div style=""padding: 5px 0;""><b>D)</b> Intervencions administratives sense exposició</div></div></div>","<div style=""text-align: left; font-family: -apple-system, sans-serif;""><div style=""font-weight: bold; font-size: 16px; color: #10b981; margin-bottom: 8px;"">✓ Resposta Correcta: A</div><div style=""font-size: 14px; margin-bottom: 12px; padding: 10px; background: rgba(16,185,129,0.1); border-radius: 6px; border-left: 4px solid #10b981;"">A) Situacions d’alt risc tèrmic i exposició intensa</div><hr style=""border: 0; border-top: 1px solid #ddd; margin: 12px 0;""><div style=""font-size: 13px; color: #444; line-height: 1.4;""><b style=""color: #111;"">Explicació:</b> MAN.SEGU.000 V1.2026

2.4.2. EPI pesant

És l’equipament utilitzat en situacions d’alt risc tèrmic i d’exposició intensa, especialment en incendis estructurals.</div></div>","T20_-_Equips_de_proteccio_individual_EPI","racord_2a962136-5b83-407a-b872-6d33c6a9eb0c"
"<div style=""text-align: left; font-family: -apple-system, sans-serif;""><div style=""font-size: 11px; color: #888; margin-bottom: 6px;"">[T20 - Equips de protecció individual (EPI)] Pregunta 330</div><div style=""font-weight: bold; font-size: 16px; margin-bottom: 14px; line-height: 1.4;"">Indiqueu quina de les afirmacions següents és CERTA sobre l’avís de 170 bars:</div><div style=""font-size: 14px; line-height: 1.6;""><div style=""padding: 5px 0;""><b>A)</b> Indica l’arribada aproximada a la meitat del temps de treball</div><div style=""padding: 5px 0;""><b>B)</b> Indica l’entrada en reserva d’aire</div><div style=""padding: 5px 0;""><b>C)</b> Indica que cal iniciar immediatament la sortida</div><div style=""padding: 5px 0;""><b>D)</b> Activa un so continu fins als 0 bars</div></div></div>","<div style=""text-align: left; font-family: -apple-system, sans-serif;""><div style=""font-weight: bold; font-size: 16px; color: #10b981; margin-bottom: 8px;"">✓ Resposta Correcta: A</div><div style=""font-size: 14px; margin-bottom: 12px; padding: 10px; background: rgba(16,185,129,0.1); border-radius: 6px; border-left: 4px solid #10b981;"">A) Indica l’arribada aproximada a la meitat del temps de treball</div><hr style=""border: 0; border-top: 1px solid #ddd; margin: 12px 0;""><div style=""font-size: 13px; color: #444; line-height: 1.4;""><b style=""color: #111;"">Explicació:</b> MAN.SEGU.000 V1.2026

3.2. Parts d’un equip de respiració autònoma (ERA)

Avisos de pressió: 170 bars: “Bip-bip” o Arribada a la meitat del temps de treball.</div></div>","T20_-_Equips_de_proteccio_individual_EPI","racord_51c6ceb0-aa74-4fc2-9f66-a75ec53e4ad9"
"<div style=""text-align: left; font-family: -apple-system, sans-serif;""><div style=""font-size: 11px; color: #888; margin-bottom: 6px;"">[T20 - Equips de protecció individual (EPI)] Pregunta 331</div><div style=""font-weight: bold; font-size: 16px; margin-bottom: 14px; line-height: 1.4;"">Quina diferència operativa hi ha entre un ERA i una màscara filtrant?</div><div style=""font-size: 14px; line-height: 1.6;""><div style=""padding: 5px 0;""><b>A)</b> Tots dos aporten aire independent de l’atmosfera</div><div style=""padding: 5px 0;""><b>B)</b> L’ERA només filtra; la màscara aporta aire comprimit</div><div style=""padding: 5px 0;""><b>C)</b> L’ERA aporta aire net; la màscara filtra contaminants controlats</div><div style=""padding: 5px 0;""><b>D)</b> Tots dos només són útils en atmosferes sense contaminants</div></div></div>","<div style=""text-align: left; font-family: -apple-system, sans-serif;""><div style=""font-weight: bold; font-size: 16px; color: #10b981; margin-bottom: 8px;"">✓ Resposta Correcta: C</div><div style=""font-size: 14px; margin-bottom: 12px; padding: 10px; background: rgba(16,185,129,0.1); border-radius: 6px; border-left: 4px solid #10b981;"">C) L’ERA aporta aire net; la màscara filtra contaminants controlats</div><hr style=""border: 0; border-top: 1px solid #ddd; margin: 12px 0;""><div style=""font-size: 13px; color: #444; line-height: 1.4;""><b style=""color: #111;"">Explicació:</b> MAN.SEGU.000 V1.2026

2.4.4. Complements – Risc per vies aèries

Els ERA asseguren aire net en ambients hostils, i les màscares filtrants permeten treballar en atmosferes amb presència controlada de contaminants.</div></div>","T20_-_Equips_de_proteccio_individual_EPI","racord_50cd6222-3602-464b-9839-07d2eb268034"
"<div style=""text-align: left; font-family: -apple-system, sans-serif;""><div style=""font-size: 11px; color: #888; margin-bottom: 6px;"">[T20 - Equips de protecció individual (EPI)] Pregunta 332</div><div style=""font-weight: bold; font-size: 16px; margin-bottom: 14px; line-height: 1.4;"">Indiqueu quina de les afirmacions següents és INCORRECTA sobre l’adaptació del nivell de protecció:</div><div style=""font-size: 14px; line-height: 1.6;""><div style=""padding: 5px 0;""><b>A)</b> Pot adaptar-se únicament segons la comoditat del personal</div><div style=""padding: 5px 0;""><b>B)</b> Pot ser adaptat pel cap d’intervenció</div><div style=""padding: 5px 0;""><b>C)</b> Ha de considerar les característiques de l’actuació</div><div style=""padding: 5px 0;""><b>D)</b> Ha de tenir en compte l’avaluació dels riscos</div></div></div>","<div style=""text-align: left; font-family: -apple-system, sans-serif;""><div style=""font-weight: bold; font-size: 16px; color: #10b981; margin-bottom: 8px;"">✓ Resposta Correcta: A</div><div style=""font-size: 14px; margin-bottom: 12px; padding: 10px; background: rgba(16,185,129,0.1); border-radius: 6px; border-left: 4px solid #10b981;"">A) Pot adaptar-se únicament segons la comoditat del personal</div><hr style=""border: 0; border-top: 1px solid #ddd; margin: 12px 0;""><div style=""font-size: 13px; color: #444; line-height: 1.4;""><b style=""color: #111;"">Explicació:</b> MAN.SEGU.000 V1.2026

1. Introducció

El nivell mínim de protecció dels equips de protecció individual es regula mitjançant el procediment corresponent, i pot ser adaptat pel cap d’intervenció, d’acord amb l’avaluació dels riscos i les característiques de cada actuació.</div></div>","T20_-_Equips_de_proteccio_individual_EPI","racord_50ae8c72-1e5c-4084-93b4-9089969e28c2"
"<div style=""text-align: left; font-family: -apple-system, sans-serif;""><div style=""font-size: 11px; color: #888; margin-bottom: 6px;"">[T20 - Equips de protecció individual (EPI)] Pregunta 333</div><div style=""font-weight: bold; font-size: 16px; margin-bottom: 14px; line-height: 1.4;"">Quina capacitat total té una ampolla de 6 litres carregada a 300 bars?</div><div style=""font-size: 14px; line-height: 1.6;""><div style=""padding: 5px 0;""><b>A)</b> 2.040 litres</div><div style=""padding: 5px 0;""><b>B)</b> 1.350 litres</div><div style=""padding: 5px 0;""><b>C)</b> 1.800 litres</div><div style=""padding: 5px 0;""><b>D)</b> 600 litres</div></div></div>","<div style=""text-align: left; font-family: -apple-system, sans-serif;""><div style=""font-weight: bold; font-size: 16px; color: #10b981; margin-bottom: 8px;"">✓ Resposta Correcta: C</div><div style=""font-size: 14px; margin-bottom: 12px; padding: 10px; background: rgba(16,185,129,0.1); border-radius: 6px; border-left: 4px solid #10b981;"">C) 1.800 litres</div><hr style=""border: 0; border-top: 1px solid #ddd; margin: 12px 0;""><div style=""font-size: 13px; color: #444; line-height: 1.4;""><b style=""color: #111;"">Explicació:</b> MAN.SEGU.000 V1.2026

3.4.2. Capacitat i reserva d’aire

La capacitat total de l’ampolla es calcula multiplicant la pressió de càrrega per la capacitat volumètrica.</div></div>","T20_-_Equips_de_proteccio_individual_EPI","racord_62191a5e-461e-4147-a064-39b84bd6adf4"
"<div style=""text-align: left; font-family: -apple-system, sans-serif;""><div style=""font-size: 11px; color: #888; margin-bottom: 6px;"">[T20 - Equips de protecció individual (EPI)] Pregunta 334</div><div style=""font-weight: bold; font-size: 16px; margin-bottom: 14px; line-height: 1.4;"">En quin tipus d’intervencions predomina l’ús de l’EPI lleuger?</div><div style=""font-size: 14px; line-height: 1.6;""><div style=""padding: 5px 0;""><b>A)</b> Entorns amb exposició directa a flames intenses</div><div style=""padding: 5px 0;""><b>B)</b> Atmosferes tòxiques sense protecció respiratòria</div><div style=""padding: 5px 0;""><b>C)</b> Intervencions que requereixen mobilitat i rapidesa</div><div style=""padding: 5px 0;""><b>D)</b> Intervencions subaquàtiques de llarga durada</div></div></div>","<div style=""text-align: left; font-family: -apple-system, sans-serif;""><div style=""font-weight: bold; font-size: 16px; color: #10b981; margin-bottom: 8px;"">✓ Resposta Correcta: C</div><div style=""font-size: 14px; margin-bottom: 12px; padding: 10px; background: rgba(16,185,129,0.1); border-radius: 6px; border-left: 4px solid #10b981;"">C) Intervencions que requereixen mobilitat i rapidesa</div><hr style=""border: 0; border-top: 1px solid #ddd; margin: 12px 0;""><div style=""font-size: 13px; color: #444; line-height: 1.4;""><b style=""color: #111;"">Explicació:</b> MAN.SEGU.000 V1.2026

2.4.1. EPI lleuger

Dissenyat per a intervencions en les quals predomina la mobilitat i la rapidesa d’acció, com ara incendis forestals, assistències tècniques, rescat en entorns urbans o accidents de trànsit.</div></div>","T20_-_Equips_de_proteccio_individual_EPI","racord_73160fd3-d06c-44f2-a72b-eee0788dccad"
"<div style=""text-align: left; font-family: -apple-system, sans-serif;""><div style=""font-size: 11px; color: #888; margin-bottom: 6px;"">[T20 - Equips de protecció individual (EPI)] Pregunta 335</div><div style=""font-weight: bold; font-size: 16px; margin-bottom: 14px; line-height: 1.4;"">Quin equip és propi d’una intervenció amb risc químic?</div><div style=""font-size: 14px; line-height: 1.6;""><div style=""padding: 5px 0;""><b>A)</b> Vestit aquàtic, escarpins i elements de flotabilitat</div><div style=""padding: 5px 0;""><b>B)</b> Vestit químic, guants, botes resistents i ERA</div><div style=""padding: 5px 0;""><b>C)</b> Vestit forestal, ulleres solars i protecció auditiva</div><div style=""padding: 5px 0;""><b>D)</b> Jaqueta d’alta visibilitat i cinturó personal</div></div></div>","<div style=""text-align: left; font-family: -apple-system, sans-serif;""><div style=""font-weight: bold; font-size: 16px; color: #10b981; margin-bottom: 8px;"">✓ Resposta Correcta: B</div><div style=""font-size: 14px; margin-bottom: 12px; padding: 10px; background: rgba(16,185,129,0.1); border-radius: 6px; border-left: 4px solid #10b981;"">B) Vestit químic, guants, botes resistents i ERA</div><hr style=""border: 0; border-top: 1px solid #ddd; margin: 12px 0;""><div style=""font-size: 13px; color: #444; line-height: 1.4;""><b style=""color: #111;"">Explicació:</b> MAN.SEGU.000 V1.2026

2.4.4. Complements – Risc químic

L’EPI es complementa amb vestits de protecció química, guants i botes resistents a agents químics i equips de respiració autònoma (ERA).</div></div>","T20_-_Equips_de_proteccio_individual_EPI","racord_fea4e739-7b03-4c11-ac35-fdc4a886e096"
"<div style=""text-align: left; font-family: -apple-system, sans-serif;""><div style=""font-size: 11px; color: #888; margin-bottom: 6px;"">[T20 - Equips de protecció individual (EPI)] Pregunta 336</div><div style=""font-weight: bold; font-size: 16px; margin-bottom: 14px; line-height: 1.4;"">Quina composició caracteritza els guants d’intervenció pesant?</div><div style=""font-size: 14px; line-height: 1.6;""><div style=""padding: 5px 0;""><b>A)</b> Cuir amb membrana d’aramida i Kevlar</div><div style=""padding: 5px 0;""><b>B)</b> Teixit lleuger sense protecció tèrmica</div><div style=""padding: 5px 0;""><b>C)</b> Neoprè amb una capa exterior de cotó</div><div style=""padding: 5px 0;""><b>D)</b> Làtex amb reforços de fibra de vidre</div></div></div>","<div style=""text-align: left; font-family: -apple-system, sans-serif;""><div style=""font-weight: bold; font-size: 16px; color: #10b981; margin-bottom: 8px;"">✓ Resposta Correcta: A</div><div style=""font-size: 14px; margin-bottom: 12px; padding: 10px; background: rgba(16,185,129,0.1); border-radius: 6px; border-left: 4px solid #10b981;"">A) Cuir amb membrana d’aramida i Kevlar</div><hr style=""border: 0; border-top: 1px solid #ddd; margin: 12px 0;""><div style=""font-size: 13px; color: #444; line-height: 1.4;""><b style=""color: #111;"">Explicació:</b> MAN.SEGU.000 V1.2026

2.3.3. Guants d’intervenció

Guants de cuir categoria III, amb fibra de membrana d’aramida i Kevlar.</div></div>","T20_-_Equips_de_proteccio_individual_EPI","racord_100e4ae5-a137-4e9a-8b1c-5d020e8b3f00"
"<div style=""text-align: left; font-family: -apple-system, sans-serif;""><div style=""font-size: 11px; color: #888; margin-bottom: 6px;"">[T20 - Equips de protecció individual (EPI)] Pregunta 337</div><div style=""font-weight: bold; font-size: 16px; margin-bottom: 14px; line-height: 1.4;"">On s’ha de fer la gestió dels equips al parc?</div><div style=""font-size: 14px; line-height: 1.6;""><div style=""padding: 5px 0;""><b>A)</b> A la zona neta destinada al personal</div><div style=""padding: 5px 0;""><b>B)</b> A qualsevol espai, encara que no tingui mitjans adequats</div><div style=""padding: 5px 0;""><b>C)</b> Al compartiment de cabina del vehicle</div><div style=""padding: 5px 0;""><b>D)</b> A la zona bruta o en instal·lacions amb mitjans adequats</div></div></div>","<div style=""text-align: left; font-family: -apple-system, sans-serif;""><div style=""font-weight: bold; font-size: 16px; color: #10b981; margin-bottom: 8px;"">✓ Resposta Correcta: D</div><div style=""font-size: 14px; margin-bottom: 12px; padding: 10px; background: rgba(16,185,129,0.1); border-radius: 6px; border-left: 4px solid #10b981;"">D) A la zona bruta o en instal·lacions amb mitjans adequats</div><hr style=""border: 0; border-top: 1px solid #ddd; margin: 12px 0;""><div style=""font-size: 13px; color: #444; line-height: 1.4;""><b style=""color: #111;"">Explicació:</b> MAN.SEGU.000 V1.2026

4.2.3. Gestió a parc

Aquesta gestió s’ha de fer en un lloc adequat de la zona bruta del parc o altres instal·lacions que disposin dels mitjans adequats.</div></div>","T20_-_Equips_de_proteccio_individual_EPI","racord_c8330b7e-eaee-4598-8951-92745f014191"
"<div style=""text-align: left; font-family: -apple-system, sans-serif;""><div style=""font-size: 11px; color: #888; margin-bottom: 6px;"">[T20 - Equips de protecció individual (EPI)] Pregunta 338</div><div style=""font-weight: bold; font-size: 16px; margin-bottom: 14px; line-height: 1.4;"">Quins factors poden modificar el consum personal d’un bomber?</div><div style=""font-size: 14px; line-height: 1.6;""><div style=""padding: 5px 0;""><b>A)</b> Exclusivament la pressió de reserva</div><div style=""padding: 5px 0;""><b>B)</b> L’esforç, l’ambient i l’estrès</div><div style=""padding: 5px 0;""><b>C)</b> Només la capacitat nominal de l’ampolla</div><div style=""padding: 5px 0;""><b>D)</b> El model de màscara i el color de l’ampolla</div></div></div>","<div style=""text-align: left; font-family: -apple-system, sans-serif;""><div style=""font-weight: bold; font-size: 16px; color: #10b981; margin-bottom: 8px;"">✓ Resposta Correcta: B</div><div style=""font-size: 14px; margin-bottom: 12px; padding: 10px; background: rgba(16,185,129,0.1); border-radius: 6px; border-left: 4px solid #10b981;"">B) L’esforç, l’ambient i l’estrès</div><hr style=""border: 0; border-top: 1px solid #ddd; margin: 12px 0;""><div style=""font-size: 13px; color: #444; line-height: 1.4;""><b style=""color: #111;"">Explicació:</b> MAN.SEGU.000 V1.2026

3.4.1. Càlcul del consum personal

Aquest valor pot variar molt segons l’esforç físic, la temperatura i condicions ambientals, i l’estrès i la càrrega psicològica de la intervenció.</div></div>","T20_-_Equips_de_proteccio_individual_EPI","racord_045246aa-a3a4-4f0b-87c5-fb4b3a5bcd0e"
"<div style=""text-align: left; font-family: -apple-system, sans-serif;""><div style=""font-size: 11px; color: #888; margin-bottom: 6px;"">[T20 - Equips de protecció individual (EPI)] Pregunta 339</div><div style=""font-weight: bold; font-size: 16px; margin-bottom: 14px; line-height: 1.4;"">Quina és la finalitat de la caputxa de rescat?</div><div style=""font-size: 14px; line-height: 1.6;""><div style=""padding: 5px 0;""><b>A)</b> Evacuar víctimes en atmosferes amb fum o manca d’oxigen</div><div style=""padding: 5px 0;""><b>B)</b> Substituir l’ERA del bomber durant l’extinció</div><div style=""padding: 5px 0;""><b>C)</b> Permetre el treball prolongat del bomber a la zona calenta</div><div style=""padding: 5px 0;""><b>D)</b> Filtrar exclusivament partícules en espais oberts</div></div></div>","<div style=""text-align: left; font-family: -apple-system, sans-serif;""><div style=""font-weight: bold; font-size: 16px; color: #10b981; margin-bottom: 8px;"">✓ Resposta Correcta: A</div><div style=""font-size: 14px; margin-bottom: 12px; padding: 10px; background: rgba(16,185,129,0.1); border-radius: 6px; border-left: 4px solid #10b981;"">A) Evacuar víctimes en atmosferes amb fum o manca d’oxigen</div><hr style=""border: 0; border-top: 1px solid #ddd; margin: 12px 0;""><div style=""font-size: 13px; color: #444; line-height: 1.4;""><b style=""color: #111;"">Explicació:</b> MAN.SEGU.000 V1.2026

3.5. Ús de la caputxa de rescat

La caputxa de rescat és un element de protecció respiratòria dissenyat per a l’evacuació de víctimes en atmosferes amb fum o amb manca d’oxigen.</div></div>","T20_-_Equips_de_proteccio_individual_EPI","racord_abccc7ea-7198-4308-8c0b-9cfec90edb42"
"<div style=""text-align: left; font-family: -apple-system, sans-serif;""><div style=""font-size: 11px; color: #888; margin-bottom: 6px;"">[T20 - Equips de protecció individual (EPI)] Pregunta 340</div><div style=""font-weight: bold; font-size: 16px; margin-bottom: 14px; line-height: 1.4;"">Indiqueu quina de les afirmacions següents és INCORRECTA sobre la verificació prèvia de l’ERA:</div><div style=""font-size: 14px; line-height: 1.6;""><div style=""padding: 5px 0;""><b>A)</b> Ajuda a prevenir incidències durant la intervenció</div><div style=""padding: 5px 0;""><b>B)</b> Només és necessària després d’haver detectat una avaria</div><div style=""padding: 5px 0;""><b>C)</b> Permet detectar defectes, desgast o danys</div><div style=""padding: 5px 0;""><b>D)</b> Contribueix a garantir la protecció respiratòria</div></div></div>","<div style=""text-align: left; font-family: -apple-system, sans-serif;""><div style=""font-weight: bold; font-size: 16px; color: #10b981; margin-bottom: 8px;"">✓ Resposta Correcta: B</div><div style=""font-size: 14px; margin-bottom: 12px; padding: 10px; background: rgba(16,185,129,0.1); border-radius: 6px; border-left: 4px solid #10b981;"">B) Només és necessària després d’haver detectat una avaria</div><hr style=""border: 0; border-top: 1px solid #ddd; margin: 12px 0;""><div style=""font-size: 13px; color: #444; line-height: 1.4;""><b style=""color: #111;"">Explicació:</b> MAN.SEGU.000 V1.2026

3.3. Aspectes clau de coneixement operatiu de l’ERA

Aquesta rutina de verificació prèvia és essencial per prevenir incidències durant la intervenció i garantir la protecció respiratòria del bomber en tot moment.</div></div>","T20_-_Equips_de_proteccio_individual_EPI","racord_85a0ce89-f0d9-47bb-a14f-f6f236eaf343"
"<div style=""text-align: left; font-family: -apple-system, sans-serif;""><div style=""font-size: 11px; color: #888; margin-bottom: 6px;"">[T20 - Equips de protecció individual (EPI)] Pregunta 341</div><div style=""font-weight: bold; font-size: 16px; margin-bottom: 14px; line-height: 1.4;"">Quina finalitat general té el manteniment dels EPI i dels altres equips de treball?</div><div style=""font-size: 14px; line-height: 1.6;""><div style=""padding: 5px 0;""><b>A)</b> Substituir la revisió prèvia a cada intervenció</div><div style=""padding: 5px 0;""><b>B)</b> Reduir únicament els costos d’adquisició</div><div style=""padding: 5px 0;""><b>C)</b> Garantir només la neteja exterior dels equips</div><div style=""padding: 5px 0;""><b>D)</b> Garantir la fiabilitat, allargar la vida útil i reduir riscos</div></div></div>","<div style=""text-align: left; font-family: -apple-system, sans-serif;""><div style=""font-weight: bold; font-size: 16px; color: #10b981; margin-bottom: 8px;"">✓ Resposta Correcta: D</div><div style=""font-size: 14px; margin-bottom: 12px; padding: 10px; background: rgba(16,185,129,0.1); border-radius: 6px; border-left: 4px solid #10b981;"">D) Garantir la fiabilitat, allargar la vida útil i reduir riscos</div><hr style=""border: 0; border-top: 1px solid #ddd; margin: 12px 0;""><div style=""font-size: 13px; color: #444; line-height: 1.4;""><b style=""color: #111;"">Explicació:</b> MAN.SEGU.000 V1.2026

4. Manteniment de l’EPI i altres equips de treball

El manteniment dels EPIS i de la resta d’equips de treball és una tasca essencial que garanteix la seva fiabilitat en el moment crític de la intervenció, allarga la vida útil del material i redueix riscos innecessaris.</div></div>","T20_-_Equips_de_proteccio_individual_EPI","racord_33b4fdc7-59cd-4f7e-b9d2-636b85659e84"
"<div style=""text-align: left; font-family: -apple-system, sans-serif;""><div style=""font-size: 11px; color: #888; margin-bottom: 6px;"">[T20 - Equips de protecció individual (EPI)] Pregunta 342</div><div style=""font-weight: bold; font-size: 16px; margin-bottom: 14px; line-height: 1.4;"">Què signifiquen els pictogrames F, P i A de les botes d’intervenció?</div><div style=""font-size: 14px; line-height: 1.6;""><div style=""padding: 5px 0;""><b>A)</b> Fred, protecció química i absorció d’aigua</div><div style=""padding: 5px 0;""><b>B)</b> Fum, protecció auditiva i adherència</div><div style=""padding: 5px 0;""><b>C)</b> Flotabilitat, penetració d’aigua i aïllament tèrmic</div><div style=""padding: 5px 0;""><b>D)</b> Foc, plantilla anti-perforació i propietat antiestàtica</div></div></div>","<div style=""text-align: left; font-family: -apple-system, sans-serif;""><div style=""font-weight: bold; font-size: 16px; color: #10b981; margin-bottom: 8px;"">✓ Resposta Correcta: D</div><div style=""font-size: 14px; margin-bottom: 12px; padding: 10px; background: rgba(16,185,129,0.1); border-radius: 6px; border-left: 4px solid #10b981;"">D) Foc, plantilla anti-perforació i propietat antiestàtica</div><hr style=""border: 0; border-top: 1px solid #ddd; margin: 12px 0;""><div style=""font-size: 13px; color: #444; line-height: 1.4;""><b style=""color: #111;"">Explicació:</b> MAN.SEGU.000 V1.2026

2.3.4. Botes d’intervenció

F (resistència al foc), P (plantilla anti-perforació), A (propietat antiestàtica).</div></div>","T20_-_Equips_de_proteccio_individual_EPI","racord_864eeb84-a32c-4347-8a1c-69cf40025db5"
"<div style=""text-align: left; font-family: -apple-system, sans-serif;""><div style=""font-size: 11px; color: #888; margin-bottom: 6px;"">[T20 - Equips de protecció individual (EPI)] Pregunta 343</div><div style=""font-weight: bold; font-size: 16px; margin-bottom: 14px; line-height: 1.4;"">Indiqueu quina de les afirmacions següents és CERTA sobre els EPI:</div><div style=""font-size: 14px; line-height: 1.6;""><div style=""padding: 5px 0;""><b>A)</b> Són una eina vital en intervencions d’alta exigència i risc elevat</div><div style=""padding: 5px 0;""><b>B)</b> El seu ús és opcional quan el bomber té experiència</div><div style=""padding: 5px 0;""><b>C)</b> Només tenen una funció administrativa i normativa</div><div style=""padding: 5px 0;""><b>D)</b> S’utilitzen únicament en intervencions de baixa exigència</div></div></div>","<div style=""text-align: left; font-family: -apple-system, sans-serif;""><div style=""font-weight: bold; font-size: 16px; color: #10b981; margin-bottom: 8px;"">✓ Resposta Correcta: A</div><div style=""font-size: 14px; margin-bottom: 12px; padding: 10px; background: rgba(16,185,129,0.1); border-radius: 6px; border-left: 4px solid #10b981;"">A) Són una eina vital en intervencions d’alta exigència i risc elevat</div><hr style=""border: 0; border-top: 1px solid #ddd; margin: 12px 0;""><div style=""font-size: 13px; color: #444; line-height: 1.4;""><b style=""color: #111;"">Explicació:</b> MAN.SEGU.000 V1.2026

1. Introducció

En l’àmbit d’intervenció en emergències, aquests equips no només són imprescindibles per complir la normativa, sinó que són una eina vital per afrontar intervencions d’alta exigència física i risc elevat.</div></div>","T20_-_Equips_de_proteccio_individual_EPI","racord_9ff816dc-323b-4bcf-8038-b897ec1f60e1"
"<div style=""text-align: left; font-family: -apple-system, sans-serif;""><div style=""font-size: 11px; color: #888; margin-bottom: 6px;"">[T20 - Equips de protecció individual (EPI)] Pregunta 344</div><div style=""font-weight: bold; font-size: 16px; margin-bottom: 14px; line-height: 1.4;"">Indiqueu quina de les afirmacions següents és CERTA sobre la protecció òptima en una actuació:</div><div style=""font-size: 14px; line-height: 1.6;""><div style=""padding: 5px 0;""><b>A)</b> Depèn exclusivament de l’EPI de categoria més elevada</div><div style=""padding: 5px 0;""><b>B)</b> Depèn només del procediment establert</div><div style=""padding: 5px 0;""><b>C)</b> Depèn dels criteris del comandament i de la responsabilitat individual</div><div style=""padding: 5px 0;""><b>D)</b> Depèn únicament de l’experiència del bomber</div></div></div>","<div style=""text-align: left; font-family: -apple-system, sans-serif;""><div style=""font-weight: bold; font-size: 16px; color: #10b981; margin-bottom: 8px;"">✓ Resposta Correcta: C</div><div style=""font-size: 14px; margin-bottom: 12px; padding: 10px; background: rgba(16,185,129,0.1); border-radius: 6px; border-left: 4px solid #10b981;"">C) Depèn dels criteris del comandament i de la responsabilitat individual</div><hr style=""border: 0; border-top: 1px solid #ddd; margin: 12px 0;""><div style=""font-size: 13px; color: #444; line-height: 1.4;""><b style=""color: #111;"">Explicació:</b> MAN.SEGU.000 V1.2026

1. Introducció

Aquesta combinació de criteris establerts pel comandament i responsabilitat individual garanteix una protecció òptima en qualsevol situació operativa.</div></div>","T20_-_Equips_de_proteccio_individual_EPI","racord_dcb530cd-68fc-4910-9c07-74fc0a9b82b3"
"<div style=""text-align: left; font-family: -apple-system, sans-serif;""><div style=""font-size: 11px; color: #888; margin-bottom: 6px;"">[T20 - Equips de protecció individual (EPI)] Pregunta 345</div><div style=""font-weight: bold; font-size: 16px; margin-bottom: 14px; line-height: 1.4;"">Quina mesura és adequada quan no es pot fer una gestió immediata completa de l’EPI brut?</div><div style=""font-size: 14px; line-height: 1.6;""><div style=""padding: 5px 0;""><b>A)</b> Encapsular correctament l’EPI brut</div><div style=""padding: 5px 0;""><b>B)</b> Deixar-lo assecar a la zona neta del vehicle</div><div style=""padding: 5px 0;""><b>C)</b> Transportar-lo sense protecció al compartiment de personal</div><div style=""padding: 5px 0;""><b>D)</b> Manipular-lo sense guants per valorar-ne l’estat</div></div></div>","<div style=""text-align: left; font-family: -apple-system, sans-serif;""><div style=""font-weight: bold; font-size: 16px; color: #10b981; margin-bottom: 8px;"">✓ Resposta Correcta: A</div><div style=""font-size: 14px; margin-bottom: 12px; padding: 10px; background: rgba(16,185,129,0.1); border-radius: 6px; border-left: 4px solid #10b981;"">A) Encapsular correctament l’EPI brut</div><hr style=""border: 0; border-top: 1px solid #ddd; margin: 12px 0;""><div style=""font-size: 13px; color: #444; line-height: 1.4;""><b style=""color: #111;"">Explicació:</b> MAN.SEGU.000 V1.2026

4.2.1. Consciència sobre els contaminants en els EPIs

Aplicar una primera gestió de contaminants al mateix lloc de l’actuació, o encapsular correctament l’EPI brut en cas necessari.</div></div>","T20_-_Equips_de_proteccio_individual_EPI","racord_8569e504-76c8-4530-8888-8198dace5281"
"<div style=""text-align: left; font-family: -apple-system, sans-serif;""><div style=""font-size: 11px; color: #888; margin-bottom: 6px;"">[T20 - Equips de protecció individual (EPI)] Pregunta 346</div><div style=""font-weight: bold; font-size: 16px; margin-bottom: 14px; line-height: 1.4;"">Quina és la finalitat de l’EPI aquàtic?</div><div style=""font-size: 14px; line-height: 1.6;""><div style=""padding: 5px 0;""><b>A)</b> Protegir davant gasos tòxics i manca d’oxigen</div><div style=""padding: 5px 0;""><b>B)</b> Protegir davant caigudes en alçada</div><div style=""padding: 5px 0;""><b>C)</b> Protegir davant flames i calor radiant intensa</div><div style=""padding: 5px 0;""><b>D)</b> Protegir davant ofegament, hipotèrmia i cops</div></div></div>","<div style=""text-align: left; font-family: -apple-system, sans-serif;""><div style=""font-weight: bold; font-size: 16px; color: #10b981; margin-bottom: 8px;"">✓ Resposta Correcta: D</div><div style=""font-size: 14px; margin-bottom: 12px; padding: 10px; background: rgba(16,185,129,0.1); border-radius: 6px; border-left: 4px solid #10b981;"">D) Protegir davant ofegament, hipotèrmia i cops</div><hr style=""border: 0; border-top: 1px solid #ddd; margin: 12px 0;""><div style=""font-size: 13px; color: #444; line-height: 1.4;""><b style=""color: #111;"">Explicació:</b> MAN.SEGU.000 V1.2026

2.4.3. EPI aquàtic

Està pensat per protegir davant riscos d’ofegament, hipotèrmia i cops derivats del moviment de l’aigua o dels obstacles submergits.</div></div>","T20_-_Equips_de_proteccio_individual_EPI","racord_e31fb659-32e6-4c7d-93be-142ad48d285f"
"<div style=""text-align: left; font-family: -apple-system, sans-serif;""><div style=""font-size: 11px; color: #888; margin-bottom: 6px;"">[T20 - Equips de protecció individual (EPI)] Pregunta 347</div><div style=""font-weight: bold; font-size: 16px; margin-bottom: 14px; line-height: 1.4;"">Quina és la pressió habitual de càrrega de l’ampolla d’un ERA?</div><div style=""font-size: 14px; line-height: 1.6;""><div style=""padding: 5px 0;""><b>A)</b> 300 bars</div><div style=""padding: 5px 0;""><b>B)</b> 200 bars</div><div style=""padding: 5px 0;""><b>C)</b> 60 bars</div><div style=""padding: 5px 0;""><b>D)</b> 170 bars</div></div></div>","<div style=""text-align: left; font-family: -apple-system, sans-serif;""><div style=""font-weight: bold; font-size: 16px; color: #10b981; margin-bottom: 8px;"">✓ Resposta Correcta: A</div><div style=""font-size: 14px; margin-bottom: 12px; padding: 10px; background: rgba(16,185,129,0.1); border-radius: 6px; border-left: 4px solid #10b981;"">A) 300 bars</div><hr style=""border: 0; border-top: 1px solid #ddd; margin: 12px 0;""><div style=""font-size: 13px; color: #444; line-height: 1.4;""><b style=""color: #111;"">Explicació:</b> MAN.SEGU.000 V1.2026

3.2. Parts d’un equip de respiració autònoma (ERA)

Conté aire respirable a alta pressió (habitualment 300 bars).</div></div>","T20_-_Equips_de_proteccio_individual_EPI","racord_739f8788-fd7a-4706-b8e2-083326d261af"
"<div style=""text-align: left; font-family: -apple-system, sans-serif;""><div style=""font-size: 11px; color: #888; margin-bottom: 6px;"">[T20 - Equips de protecció individual (EPI)] Pregunta 348</div><div style=""font-weight: bold; font-size: 16px; margin-bottom: 14px; line-height: 1.4;"">Indiqueu quina de les afirmacions següents és INCORRECTA sobre la selecció dels EPI:</div><div style=""font-size: 14px; line-height: 1.6;""><div style=""padding: 5px 0;""><b>A)</b> S’ha de tenir en compte el nivell d’exposició</div><div style=""padding: 5px 0;""><b>B)</b> L’elecció depèn principalment de la preferència personal del bomber</div><div style=""padding: 5px 0;""><b>C)</b> Cal valorar la magnitud del risc</div><div style=""padding: 5px 0;""><b>D)</b> Cal considerar la freqüència del risc</div></div></div>","<div style=""text-align: left; font-family: -apple-system, sans-serif;""><div style=""font-weight: bold; font-size: 16px; color: #10b981; margin-bottom: 8px;"">✓ Resposta Correcta: B</div><div style=""font-size: 14px; margin-bottom: 12px; padding: 10px; background: rgba(16,185,129,0.1); border-radius: 6px; border-left: 4px solid #10b981;"">B) L’elecció depèn principalment de la preferència personal del bomber</div><hr style=""border: 0; border-top: 1px solid #ddd; margin: 12px 0;""><div style=""font-size: 13px; color: #444; line-height: 1.4;""><b style=""color: #111;"">Explicació:</b> MAN.SEGU.000 V1.2026

1. Introducció

L’elecció correcta de cada EPI ha de basar-se en factors com la freqüència i magnitud del risc, el nivell d’exposició i les característiques de l’operació.</div></div>","T20_-_Equips_de_proteccio_individual_EPI","racord_ea9133e5-b1bb-431d-a85a-797f14b14129"
"<div style=""text-align: left; font-family: -apple-system, sans-serif;""><div style=""font-size: 11px; color: #888; margin-bottom: 6px;"">[T20 - Equips de protecció individual (EPI)] Pregunta 349</div><div style=""font-weight: bold; font-size: 16px; margin-bottom: 14px; line-height: 1.4;"">Indiqueu quina de les afirmacions següents és INCORRECTA sobre la noramtiva EN 15614:</div><div style=""font-size: 14px; line-height: 1.6;""><div style=""padding: 5px 0;""><b>A)</b> Afavoreix la transpirabilitat</div><div style=""padding: 5px 0;""><b>B)</b> Busca comoditat en moviment</div><div style=""padding: 5px 0;""><b>C)</b> Preveu protecció davant brases</div><div style=""padding: 5px 0;""><b>D)</b> Exigeix la mateixa protecció tèrmica que el vestit estructural pesant</div></div></div>","<div style=""text-align: left; font-family: -apple-system, sans-serif;""><div style=""font-weight: bold; font-size: 16px; color: #10b981; margin-bottom: 8px;"">✓ Resposta Correcta: D</div><div style=""font-size: 14px; margin-bottom: 12px; padding: 10px; background: rgba(16,185,129,0.1); border-radius: 6px; border-left: 4px solid #10b981;"">D) Exigeix la mateixa protecció tèrmica que el vestit estructural pesant</div><hr style=""border: 0; border-top: 1px solid #ddd; margin: 12px 0;""><div style=""font-size: 13px; color: #444; line-height: 1.4;""><b style=""color: #111;"">Explicació:</b> MAN.SEGU.000 V1.2026

2.2.2. EN 15614 – Vestuari de protecció per a incendis forestals

Assegura la lleugeresa i transpirabilitat del vestit per a jornades llargues, amb protecció tèrmica moderada suficient per a entorns forestals.</div></div>","T20_-_Equips_de_proteccio_individual_EPI","racord_50b79cca-be94-4449-8544-9c357984ecb9"
"<div style=""text-align: left; font-family: -apple-system, sans-serif;""><div style=""font-size: 11px; color: #888; margin-bottom: 6px;"">[T20 - Equips de protecció individual (EPI)] Pregunta 350</div><div style=""font-weight: bold; font-size: 16px; margin-bottom: 14px; line-height: 1.4;"">Indiqueu quina de les afirmacions següents és CERTA sobre els EPI de categoria II:</div><div style=""font-size: 14px; line-height: 1.6;""><div style=""padding: 5px 0;""><b>A)</b> Protegeixen davant riscos que no són mínims ni mortals</div><div style=""padding: 5px 0;""><b>B)</b> Protegeixen únicament davant riscos mortals</div><div style=""padding: 5px 0;""><b>C)</b> Protegeixen exclusivament davant riscos mínims</div><div style=""padding: 5px 0;""><b>D)</b> Inclouen només equips de protecció respiratòria</div></div></div>","<div style=""text-align: left; font-family: -apple-system, sans-serif;""><div style=""font-weight: bold; font-size: 16px; color: #10b981; margin-bottom: 8px;"">✓ Resposta Correcta: A</div><div style=""font-size: 14px; margin-bottom: 12px; padding: 10px; background: rgba(16,185,129,0.1); border-radius: 6px; border-left: 4px solid #10b981;"">A) Protegeixen davant riscos que no són mínims ni mortals</div><hr style=""border: 0; border-top: 1px solid #ddd; margin: 12px 0;""><div style=""font-size: 13px; color: #444; line-height: 1.4;""><b style=""color: #111;"">Explicació:</b> MAN.SEGU.000 V1.2026

2.1.1. Categories

Categoria II – Protegeix davant de riscos que no poden qualificar-se com a mínims ni com a mortals.</div></div>","T20_-_Equips_de_proteccio_individual_EPI","racord_ac964439-983e-4cfc-9a17-44cbfa77865d"
"<div style=""text-align: left; font-family: -apple-system, sans-serif;""><div style=""font-size: 11px; color: #888; margin-bottom: 6px;"">[T20 - Equips de protecció individual (EPI)] Pregunta 351</div><div style=""font-weight: bold; font-size: 16px; margin-bottom: 14px; line-height: 1.4;"">Quin objectiu té la protecció complementària davant risc tèrmic?</div><div style=""font-size: 14px; line-height: 1.6;""><div style=""padding: 5px 0;""><b>A)</b> Evitar infeccions per contacte amb fluids</div><div style=""padding: 5px 0;""><b>B)</b> Evitar l’ofegament i la hipotèrmia</div><div style=""padding: 5px 0;""><b>C)</b> Evitar descàrregues i arcs elèctrics</div><div style=""padding: 5px 0;""><b>D)</b> Evitar cremades per contacte, radiació o partícules</div></div></div>","<div style=""text-align: left; font-family: -apple-system, sans-serif;""><div style=""font-weight: bold; font-size: 16px; color: #10b981; margin-bottom: 8px;"">✓ Resposta Correcta: D</div><div style=""font-size: 14px; margin-bottom: 12px; padding: 10px; background: rgba(16,185,129,0.1); border-radius: 6px; border-left: 4px solid #10b981;"">D) Evitar cremades per contacte, radiació o partícules</div><hr style=""border: 0; border-top: 1px solid #ddd; margin: 12px 0;""><div style=""font-size: 13px; color: #444; line-height: 1.4;""><b style=""color: #111;"">Explicació:</b> MAN.SEGU.000 V1.2026

2.4.4. Complements – Risc tèrmic

L’objectiu és evitar cremades per contacte, radiació o projecció de partícules incandescents.</div></div>","T20_-_Equips_de_proteccio_individual_EPI","racord_03c06ad9-6db5-4ae9-9213-587b6f2d652f"
"<div style=""text-align: left; font-family: -apple-system, sans-serif;""><div style=""font-size: 11px; color: #888; margin-bottom: 6px;"">[T20 - Equips de protecció individual (EPI)] Pregunta 352</div><div style=""font-weight: bold; font-size: 16px; margin-bottom: 14px; line-height: 1.4;"">Indiqueu quina de les afirmacions següents és CERTA sobre l’estructura regulada per la normativa EN 469:</div><div style=""font-size: 14px; line-height: 1.6;""><div style=""padding: 5px 0;""><b>A)</b> No incorpora cap barrera impermeable</div><div style=""padding: 5px 0;""><b>B)</b> Està formada sempre per una única capa ignífuga</div><div style=""padding: 5px 0;""><b>C)</b> Inclou capa exterior, barreres impermeable i tèrmica i folre</div><div style=""padding: 5px 0;""><b>D)</b> Només regula la capa exterior del vestit</div></div></div>","<div style=""text-align: left; font-family: -apple-system, sans-serif;""><div style=""font-weight: bold; font-size: 16px; color: #10b981; margin-bottom: 8px;"">✓ Resposta Correcta: C</div><div style=""font-size: 14px; margin-bottom: 12px; padding: 10px; background: rgba(16,185,129,0.1); border-radius: 6px; border-left: 4px solid #10b981;"">C) Inclou capa exterior, barreres impermeable i tèrmica i folre</div><hr style=""border: 0; border-top: 1px solid #ddd; margin: 12px 0;""><div style=""font-size: 13px; color: #444; line-height: 1.4;""><b style=""color: #111;"">Explicació:</b> MAN.SEGU.000 V1.2026

2.2.1. EN 469 – Vestuari de protecció per a l’extinció d’incendis

Estructura del vestit: es defineix el concepte de multicapa (capa exterior, barrera impermeable, barrera tèrmica i folre interior).</div></div>","T20_-_Equips_de_proteccio_individual_EPI","racord_6a637e11-0b76-4735-b329-5183c8e7fd22"
"<div style=""text-align: left; font-family: -apple-system, sans-serif;""><div style=""font-size: 11px; color: #888; margin-bottom: 6px;"">[T20 - Equips de protecció individual (EPI)] Pregunta 353</div><div style=""font-weight: bold; font-size: 16px; margin-bottom: 14px; line-height: 1.4;"">Quin benefici té detectar avaries o mancances abans d’una sortida?</div><div style=""font-size: 14px; line-height: 1.6;""><div style=""padding: 5px 0;""><b>A)</b> Garanteix que l’equip no necessitarà manteniment</div><div style=""padding: 5px 0;""><b>B)</b> Permet actuar amb seguretat i eficiència</div><div style=""padding: 5px 0;""><b>C)</b> Permet evitar qualsevol revisió posterior</div><div style=""padding: 5px 0;""><b>D)</b> Substitueix la necessitat de comunicar incidències</div></div></div>","<div style=""text-align: left; font-family: -apple-system, sans-serif;""><div style=""font-weight: bold; font-size: 16px; color: #10b981; margin-bottom: 8px;"">✓ Resposta Correcta: B</div><div style=""font-size: 14px; margin-bottom: 12px; padding: 10px; background: rgba(16,185,129,0.1); border-radius: 6px; border-left: 4px solid #10b981;"">B) Permet actuar amb seguretat i eficiència</div><hr style=""border: 0; border-top: 1px solid #ddd; margin: 12px 0;""><div style=""font-size: 13px; color: #444; line-height: 1.4;""><b style=""color: #111;"">Explicació:</b> MAN.SEGU.000 V1.2026

4.1.3. Importància de la revisió diària

Evitar fallades en servei: Detectar avaries o mancances abans d’una sortida permet actuar amb seguretat i eficiència.</div></div>","T20_-_Equips_de_proteccio_individual_EPI","racord_07832fad-69d1-43d2-8afb-2ab5bfe762fb"
"<div style=""text-align: left; font-family: -apple-system, sans-serif;""><div style=""font-size: 11px; color: #888; margin-bottom: 6px;"">[T20 - Equips de protecció individual (EPI)] Pregunta 354</div><div style=""font-weight: bold; font-size: 16px; margin-bottom: 14px; line-height: 1.4;"">Davant de quins riscos ofereix protecció bàsica l’EPI lleuger?</div><div style=""font-size: 14px; line-height: 1.6;""><div style=""padding: 5px 0;""><b>A)</b> Ofegament, hipotèrmia i corrents fortes</div><div style=""padding: 5px 0;""><b>B)</b> Atmosferes tòxiques i flames intenses prolongades</div><div style=""padding: 5px 0;""><b>C)</b> Riscos moderats, radiació solar, cops i calor puntual</div><div style=""padding: 5px 0;""><b>D)</b> Radiacions ionitzants i agents químics corrosius</div></div></div>","<div style=""text-align: left; font-family: -apple-system, sans-serif;""><div style=""font-weight: bold; font-size: 16px; color: #10b981; margin-bottom: 8px;"">✓ Resposta Correcta: C</div><div style=""font-size: 14px; margin-bottom: 12px; padding: 10px; background: rgba(16,185,129,0.1); border-radius: 6px; border-left: 4px solid #10b981;"">C) Riscos moderats, radiació solar, cops i calor puntual</div><hr style=""border: 0; border-top: 1px solid #ddd; margin: 12px 0;""><div style=""font-size: 13px; color: #444; line-height: 1.4;""><b style=""color: #111;"">Explicació:</b> MAN.SEGU.000 V1.2026

2.4.1. EPI lleuger

Està pensat per protegir davant riscos mecànics moderats, radiació solar, cops lleugers i exposicions tèrmiques puntuals.</div></div>","T20_-_Equips_de_proteccio_individual_EPI","racord_be31a710-70ad-4045-b685-8b22eff00902"
"<div style=""text-align: left; font-family: -apple-system, sans-serif;""><div style=""font-size: 11px; color: #888; margin-bottom: 6px;"">[T20 - Equips de protecció individual (EPI)] Pregunta 355</div><div style=""font-weight: bold; font-size: 16px; margin-bottom: 14px; line-height: 1.4;"">Què pot passar amb el fum i les partícules adherides als EPI hores després de la intervenció?</div><div style=""font-size: 14px; line-height: 1.6;""><div style=""padding: 5px 0;""><b>A)</b> Poden tornar-se a alliberar</div><div style=""padding: 5px 0;""><b>B)</b> Es transformen només en brutícia visible</div><div style=""padding: 5px 0;""><b>C)</b> Desapareixen quan l’equip s’asseca</div><div style=""padding: 5px 0;""><b>D)</b> Queden neutralitzats automàticament</div></div></div>","<div style=""text-align: left; font-family: -apple-system, sans-serif;""><div style=""font-weight: bold; font-size: 16px; color: #10b981; margin-bottom: 8px;"">✓ Resposta Correcta: A</div><div style=""font-size: 14px; margin-bottom: 12px; padding: 10px; background: rgba(16,185,129,0.1); border-radius: 6px; border-left: 4px solid #10b981;"">A) Poden tornar-se a alliberar</div><hr style=""border: 0; border-top: 1px solid #ddd; margin: 12px 0;""><div style=""font-size: 13px; color: #444; line-height: 1.4;""><b style=""color: #111;"">Explicació:</b> MAN.SEGU.000 V1.2026

4.2.1. Consciència sobre els contaminants en els EPIs

El fum i les partícules adherides a la roba i al casc poden alliberar-se de nou hores després de la intervenció.</div></div>","T20_-_Equips_de_proteccio_individual_EPI","racord_4ff36b1f-9187-4f7a-a4d2-8faa4d8d14d5"
"<div style=""text-align: left; font-family: -apple-system, sans-serif;""><div style=""font-size: 11px; color: #888; margin-bottom: 6px;"">[T20 - Equips de protecció individual (EPI)] Pregunta 356</div><div style=""font-weight: bold; font-size: 16px; margin-bottom: 14px; line-height: 1.4;"">Quins elements s’han d’inspeccionar especialment abans de cada ús de l’ERA?</div><div style=""font-size: 14px; line-height: 1.6;""><div style=""padding: 5px 0;""><b>A)</b> Només la superfície exterior de l’ampolla</div><div style=""padding: 5px 0;""><b>B)</b> Només el visor de la màscara</div><div style=""padding: 5px 0;""><b>C)</b> Exclusivament les corretges de l’arnès</div><div style=""padding: 5px 0;""><b>D)</b> Les parts mòbils, les juntes i les connexions</div></div></div>","<div style=""text-align: left; font-family: -apple-system, sans-serif;""><div style=""font-weight: bold; font-size: 16px; color: #10b981; margin-bottom: 8px;"">✓ Resposta Correcta: D</div><div style=""font-size: 14px; margin-bottom: 12px; padding: 10px; background: rgba(16,185,129,0.1); border-radius: 6px; border-left: 4px solid #10b981;"">D) Les parts mòbils, les juntes i les connexions</div><hr style=""border: 0; border-top: 1px solid #ddd; margin: 12px 0;""><div style=""font-size: 13px; color: #444; line-height: 1.4;""><b style=""color: #111;"">Explicació:</b> MAN.SEGU.000 V1.2026

3.3. Aspectes clau de coneixement operatiu de l’ERA

Abans de cada ús, cal inspeccionar amb atenció totes les parts mòbils, les juntes i les connexions.</div></div>","T20_-_Equips_de_proteccio_individual_EPI","racord_d67ddf4c-389d-4f99-b466-6d4b6503966f"
"<div style=""text-align: left; font-family: -apple-system, sans-serif;""><div style=""font-size: 11px; color: #888; margin-bottom: 6px;"">[T20 - Equips de protecció individual (EPI)] Pregunta 357</div><div style=""font-weight: bold; font-size: 16px; margin-bottom: 14px; line-height: 1.4;"">Quins defectes s’han de buscar durant la inspecció visual?</div><div style=""font-size: 14px; line-height: 1.6;""><div style=""padding: 5px 0;""><b>A)</b> Exclusivament l’estat de les etiquetes</div><div style=""padding: 5px 0;""><b>B)</b> Només la presència de brutícia visible</div><div style=""padding: 5px 0;""><b>C)</b> Desgasts, trencaments, cremades o deformacions</div><div style=""padding: 5px 0;""><b>D)</b> Només alteracions del color exterior</div></div></div>","<div style=""text-align: left; font-family: -apple-system, sans-serif;""><div style=""font-weight: bold; font-size: 16px; color: #10b981; margin-bottom: 8px;"">✓ Resposta Correcta: C</div><div style=""font-size: 14px; margin-bottom: 12px; padding: 10px; background: rgba(16,185,129,0.1); border-radius: 6px; border-left: 4px solid #10b981;"">C) Desgasts, trencaments, cremades o deformacions</div><hr style=""border: 0; border-top: 1px solid #ddd; margin: 12px 0;""><div style=""font-size: 13px; color: #444; line-height: 1.4;""><b style=""color: #111;"">Explicació:</b> MAN.SEGU.000 V1.2026

4.1.2. Criteris generals de manteniment dels EPI

Inspecció visual: Cal revisar desgasts, trencaments, cremades o deformacions.</div></div>","T20_-_Equips_de_proteccio_individual_EPI","racord_f9d104a6-ffc6-4537-93ec-055c7fa6c769"
"<div style=""text-align: left; font-family: -apple-system, sans-serif;""><div style=""font-size: 11px; color: #888; margin-bottom: 6px;"">[T20 - Equips de protecció individual (EPI)] Pregunta 358</div><div style=""font-weight: bold; font-size: 16px; margin-bottom: 14px; line-height: 1.4;"">Quin aire queda disponible per al treball en una ampolla de 2.040 litres amb una reserva de 510 litres?</div><div style=""font-size: 14px; line-height: 1.6;""><div style=""padding: 5px 0;""><b>A)</b> 1.530 litres</div><div style=""padding: 5px 0;""><b>B)</b> 2.040 litres</div><div style=""padding: 5px 0;""><b>C)</b> 2.550 litres</div><div style=""padding: 5px 0;""><b>D)</b> 510 litres</div></div></div>","<div style=""text-align: left; font-family: -apple-system, sans-serif;""><div style=""font-weight: bold; font-size: 16px; color: #10b981; margin-bottom: 8px;"">✓ Resposta Correcta: A</div><div style=""font-size: 14px; margin-bottom: 12px; padding: 10px; background: rgba(16,185,129,0.1); border-radius: 6px; border-left: 4px solid #10b981;"">A) 1.530 litres</div><hr style=""border: 0; border-top: 1px solid #ddd; margin: 12px 0;""><div style=""font-size: 13px; color: #444; line-height: 1.4;""><b style=""color: #111;"">Explicació:</b> MAN.SEGU.000 V1.2026

3.4.2. Capacitat i reserva d’aire

Ampolla de 6,8 L a 300 bars = 2040 L. Reserva del 25% = 510 L. Aire per al treball = 1530 L.</div></div>","T20_-_Equips_de_proteccio_individual_EPI","racord_cc01f4ca-90ae-4c37-8908-a8889eacafb1"
"<div style=""text-align: left; font-family: -apple-system, sans-serif;""><div style=""font-size: 11px; color: #888; margin-bottom: 6px;"">[T20 - Equips de protecció individual (EPI)] Pregunta 359</div><div style=""font-weight: bold; font-size: 16px; margin-bottom: 14px; line-height: 1.4;"">Quina capacitat total té una ampolla de 6,8 litres carregada a 300 bars?</div><div style=""font-size: 14px; line-height: 1.6;""><div style=""padding: 5px 0;""><b>A)</b> 2.040 litres</div><div style=""padding: 5px 0;""><b>B)</b> 6.800 litres</div><div style=""padding: 5px 0;""><b>C)</b> 510 litres</div><div style=""padding: 5px 0;""><b>D)</b> 1.530 litres</div></div></div>","<div style=""text-align: left; font-family: -apple-system, sans-serif;""><div style=""font-weight: bold; font-size: 16px; color: #10b981; margin-bottom: 8px;"">✓ Resposta Correcta: A</div><div style=""font-size: 14px; margin-bottom: 12px; padding: 10px; background: rgba(16,185,129,0.1); border-radius: 6px; border-left: 4px solid #10b981;"">A) 2.040 litres</div><hr style=""border: 0; border-top: 1px solid #ddd; margin: 12px 0;""><div style=""font-size: 13px; color: #444; line-height: 1.4;""><b style=""color: #111;"">Explicació:</b> MAN.SEGU.000 V1.2026

3.4.2. Capacitat i reserva d’aire

Per exemple, una ampolla de 6,8 litres a 300 bars té: 6,8 l × 300 bars = 2040 litres d’aire.</div></div>","T20_-_Equips_de_proteccio_individual_EPI","racord_0727b976-66af-413c-a798-2637da84f6ac"
"<div style=""text-align: left; font-family: -apple-system, sans-serif;""><div style=""font-size: 11px; color: #888; margin-bottom: 6px;"">[T20 - Equips de protecció individual (EPI)] Pregunta 360</div><div style=""font-weight: bold; font-size: 16px; margin-bottom: 14px; line-height: 1.4;"">Quin nivell de risc correspon als EPI de categoria I?</div><div style=""font-size: 14px; line-height: 1.6;""><div style=""padding: 5px 0;""><b>A)</b> Riscos mitjans amb danys reversibles</div><div style=""padding: 5px 0;""><b>B)</b> Riscos greus amb danys irreversibles</div><div style=""padding: 5px 0;""><b>C)</b> Riscos mortals de manifestació immediata</div><div style=""padding: 5px 0;""><b>D)</b> Riscos mínims amb danys lleus o reparables</div></div></div>","<div style=""text-align: left; font-family: -apple-system, sans-serif;""><div style=""font-weight: bold; font-size: 16px; color: #10b981; margin-bottom: 8px;"">✓ Resposta Correcta: D</div><div style=""font-size: 14px; margin-bottom: 12px; padding: 10px; background: rgba(16,185,129,0.1); border-radius: 6px; border-left: 4px solid #10b981;"">D) Riscos mínims amb danys lleus o reparables</div><hr style=""border: 0; border-top: 1px solid #ddd; margin: 12px 0;""><div style=""font-size: 13px; color: #444; line-height: 1.4;""><b style=""color: #111;"">Explicació:</b> MAN.SEGU.000 V1.2026

2.1.1. Categories

Categoria I - Protegeix davant de riscos mínims que poden provocar danys lleus o fàcilment reparables.</div></div>","T20_-_Equips_de_proteccio_individual_EPI","racord_eabe9d1b-b178-4596-9caa-b0a8e9163236"
"<div style=""text-align: left; font-family: -apple-system, sans-serif;""><div style=""font-size: 11px; color: #888; margin-bottom: 6px;"">[T20 - Equips de protecció individual (EPI)] Pregunta 361</div><div style=""font-weight: bold; font-size: 16px; margin-bottom: 14px; line-height: 1.4;"">Quins riscos ha de cobrir principalment el calçat de bombers?</div><div style=""font-size: 14px; line-height: 1.6;""><div style=""padding: 5px 0;""><b>A)</b> Només riscos tèrmics i radiació solar</div><div style=""padding: 5px 0;""><b>B)</b> Exclusivament riscos mecànics superficials</div><div style=""padding: 5px 0;""><b>C)</b> Només riscos biològics i aquàtics</div><div style=""padding: 5px 0;""><b>D)</b> Riscos tèrmics, mecànics, químics i elèctrics</div></div></div>","<div style=""text-align: left; font-family: -apple-system, sans-serif;""><div style=""font-weight: bold; font-size: 16px; color: #10b981; margin-bottom: 8px;"">✓ Resposta Correcta: D</div><div style=""font-size: 14px; margin-bottom: 12px; padding: 10px; background: rgba(16,185,129,0.1); border-radius: 6px; border-left: 4px solid #10b981;"">D) Riscos tèrmics, mecànics, químics i elèctrics</div><hr style=""border: 0; border-top: 1px solid #ddd; margin: 12px 0;""><div style=""font-size: 13px; color: #444; line-height: 1.4;""><b style=""color: #111;"">Explicació:</b> MAN.SEGU.000 V1.2026

2.3.4. Botes d’intervenció

Ha de protegir davant múltiples riscos (tèrmics, mecànics, químics i elèctrics) alhora que ha de permetre comoditat i mobilitat.</div></div>","T20_-_Equips_de_proteccio_individual_EPI","racord_b7e64f9c-c0d5-4f3b-8046-3867390eba7a"
"<div style=""text-align: left; font-family: -apple-system, sans-serif;""><div style=""font-size: 11px; color: #888; margin-bottom: 6px;"">[T20 - Equips de protecció individual (EPI)] Pregunta 362</div><div style=""font-weight: bold; font-size: 16px; margin-bottom: 14px; line-height: 1.4;"">Un bomber passa de 300 a 250 bars en 5 minuts amb una ampolla de 6,8 litres. Quin és el consum personal?</div><div style=""font-size: 14px; line-height: 1.6;""><div style=""padding: 5px 0;""><b>A)</b> 68 L/min</div><div style=""padding: 5px 0;""><b>B)</b> 50 L/min</div><div style=""padding: 5px 0;""><b>C)</b> 340 L/min</div><div style=""padding: 5px 0;""><b>D)</b> 40,8 L/min</div></div></div>","<div style=""text-align: left; font-family: -apple-system, sans-serif;""><div style=""font-weight: bold; font-size: 16px; color: #10b981; margin-bottom: 8px;"">✓ Resposta Correcta: A</div><div style=""font-size: 14px; margin-bottom: 12px; padding: 10px; background: rgba(16,185,129,0.1); border-radius: 6px; border-left: 4px solid #10b981;"">A) 68 L/min</div><hr style=""border: 0; border-top: 1px solid #ddd; margin: 12px 0;""><div style=""font-size: 13px; color: #444; line-height: 1.4;""><b style=""color: #111;"">Explicació:</b> MAN.SEGU.000 V1.2026

3.4.1. Càlcul del consum personal

Consum (l/min) = ((Pressió inicial – Pressió final) × Capacitat ampolla (l)) / Temps (min).</div></div>","T20_-_Equips_de_proteccio_individual_EPI","racord_74cba2e8-da39-4d0b-a821-baa5edcbcd9a"
"<div style=""text-align: left; font-family: -apple-system, sans-serif;""><div style=""font-size: 11px; color: #888; margin-bottom: 6px;"">[T20 - Equips de protecció individual (EPI)] Pregunta 363</div><div style=""font-weight: bold; font-size: 16px; margin-bottom: 14px; line-height: 1.4;"">Indiqueu quina de les afirmacions següents és INCORRECTA sobre els EPI utilitzats en intervencions poc exigents:</div><div style=""font-size: 14px; line-height: 1.6;""><div style=""padding: 5px 0;""><b>A)</b> S’han de revisar en finalitzar l’actuació</div><div style=""padding: 5px 0;""><b>B)</b> Els contaminants poden ser potencialment nocius</div><div style=""padding: 5px 0;""><b>C)</b> No cal revisar-los si no hi ha brutícia visible</div><div style=""padding: 5px 0;""><b>D)</b> Poden contenir contaminants invisibles</div></div></div>","<div style=""text-align: left; font-family: -apple-system, sans-serif;""><div style=""font-weight: bold; font-size: 16px; color: #10b981; margin-bottom: 8px;"">✓ Resposta Correcta: C</div><div style=""font-size: 14px; margin-bottom: 12px; padding: 10px; background: rgba(16,185,129,0.1); border-radius: 6px; border-left: 4px solid #10b981;"">C) No cal revisar-los si no hi ha brutícia visible</div><hr style=""border: 0; border-top: 1px solid #ddd; margin: 12px 0;""><div style=""font-size: 13px; color: #444; line-height: 1.4;""><b style=""color: #111;"">Explicació:</b> MAN.SEGU.000 V1.2026

4.2.1. Consciència sobre els contaminants en els EPIs

Fins i tot en intervencions aparentment poc exigents poden quedar-hi restes de contaminants invisibles i potencialment nocius.</div></div>","T20_-_Equips_de_proteccio_individual_EPI","racord_dd3f421c-24f3-446a-9cc4-52f036b4223c"
"<div style=""text-align: left; font-family: -apple-system, sans-serif;""><div style=""font-size: 11px; color: #888; margin-bottom: 6px;"">[T20 - Equips de protecció individual (EPI)] Pregunta 364</div><div style=""font-weight: bold; font-size: 16px; margin-bottom: 14px; line-height: 1.4;"">Quina és la utilització principal del casc lleuger?</div><div style=""font-size: 14px; line-height: 1.6;""><div style=""padding: 5px 0;""><b>A)</b> Rescats subaquàtics prolongats</div><div style=""padding: 5px 0;""><b>B)</b> Incendis forestals, rescats tècnics i treballs exteriors</div><div style=""padding: 5px 0;""><b>C)</b> Incendis estructurals amb flames intenses</div><div style=""padding: 5px 0;""><b>D)</b> Intervencions químiques encapsulades</div></div></div>","<div style=""text-align: left; font-family: -apple-system, sans-serif;""><div style=""font-weight: bold; font-size: 16px; color: #10b981; margin-bottom: 8px;"">✓ Resposta Correcta: B</div><div style=""font-size: 14px; margin-bottom: 12px; padding: 10px; background: rgba(16,185,129,0.1); border-radius: 6px; border-left: 4px solid #10b981;"">B) Incendis forestals, rescats tècnics i treballs exteriors</div><hr style=""border: 0; border-top: 1px solid #ddd; margin: 12px 0;""><div style=""font-size: 13px; color: #444; line-height: 1.4;""><b style=""color: #111;"">Explicació:</b> MAN.SEGU.000 V1.2026

2.3.1. Casc d’intervenció

Ús principal: intervencions en incendis forestals, rescats tècnics i treballs a l’exterior.</div></div>","T20_-_Equips_de_proteccio_individual_EPI","racord_347d9640-bb55-4a75-a0cc-6bad3497a9e8"
"<div style=""text-align: left; font-family: -apple-system, sans-serif;""><div style=""font-size: 11px; color: #888; margin-bottom: 6px;"">[T20 - Equips de protecció individual (EPI)] Pregunta 365</div><div style=""font-weight: bold; font-size: 16px; margin-bottom: 14px; line-height: 1.4;"">Què representa la revisió diària dels EPI i del material operatiu?</div><div style=""font-size: 14px; line-height: 1.6;""><div style=""padding: 5px 0;""><b>A)</b> Una mesura clau de prevenció i seguretat</div><div style=""padding: 5px 0;""><b>B)</b> Una tasca administrativa sense efectes operatius</div><div style=""padding: 5px 0;""><b>C)</b> Una comprovació necessària només després d’una avaria</div><div style=""padding: 5px 0;""><b>D)</b> Una actuació reservada al personal de manteniment</div></div></div>","<div style=""text-align: left; font-family: -apple-system, sans-serif;""><div style=""font-weight: bold; font-size: 16px; color: #10b981; margin-bottom: 8px;"">✓ Resposta Correcta: A</div><div style=""font-size: 14px; margin-bottom: 12px; padding: 10px; background: rgba(16,185,129,0.1); border-radius: 6px; border-left: 4px solid #10b981;"">A) Una mesura clau de prevenció i seguretat</div><hr style=""border: 0; border-top: 1px solid #ddd; margin: 12px 0;""><div style=""font-size: 13px; color: #444; line-height: 1.4;""><b style=""color: #111;"">Explicació:</b> MAN.SEGU.000 V1.2026

4.1. Revisió i manteniment diari

La revisió diària no és només una rutina administrativa, sinó una mesura clau de prevenció i seguretat personal i col·lectiva.</div></div>","T20_-_Equips_de_proteccio_individual_EPI","racord_14a1cbbf-7205-4694-8a3e-4e1e3aea5468"
"<div style=""text-align: left; font-family: -apple-system, sans-serif;""><div style=""font-size: 11px; color: #888; margin-bottom: 6px;"">[T20 - Equips de protecció individual (EPI)] Pregunta 366</div><div style=""font-weight: bold; font-size: 16px; margin-bottom: 14px; line-height: 1.4;"">Quina finalitat té el càlcul correcte del consum d’aire?</div><div style=""font-size: 14px; line-height: 1.6;""><div style=""padding: 5px 0;""><b>A)</b> Calcular la temperatura de la zona calenta</div><div style=""padding: 5px 0;""><b>B)</b> Establir la categoria de l’equip de protecció</div><div style=""padding: 5px 0;""><b>C)</b> Estimar l’autonomia, planificar la feina i prevenir la manca d’aire</div><div style=""padding: 5px 0;""><b>D)</b> Determinar només el pes total de l’equip</div></div></div>","<div style=""text-align: left; font-family: -apple-system, sans-serif;""><div style=""font-weight: bold; font-size: 16px; color: #10b981; margin-bottom: 8px;"">✓ Resposta Correcta: C</div><div style=""font-size: 14px; margin-bottom: 12px; padding: 10px; background: rgba(16,185,129,0.1); border-radius: 6px; border-left: 4px solid #10b981;"">C) Estimar l’autonomia, planificar la feina i prevenir la manca d’aire</div><hr style=""border: 0; border-top: 1px solid #ddd; margin: 12px 0;""><div style=""font-size: 13px; color: #444; line-height: 1.4;""><b style=""color: #111;"">Explicació:</b> MAN.SEGU.000 V1.2026

3.4. Càlcul de consums

Permet estimar l’autonomia real de l’ERA, planificar la durada de les tasques dins la zona calenta i prevenir situacions d’emergència per manca d’aire.</div></div>","T20_-_Equips_de_proteccio_individual_EPI","racord_3559edba-4062-439f-b945-e371f50b4118"
"<div style=""text-align: left; font-family: -apple-system, sans-serif;""><div style=""font-size: 11px; color: #888; margin-bottom: 6px;"">[T20 - Equips de protecció individual (EPI)] Pregunta 367</div><div style=""font-weight: bold; font-size: 16px; margin-bottom: 14px; line-height: 1.4;"">Com es calcula la capacitat total d’aire d’una ampolla?</div><div style=""font-size: 14px; line-height: 1.6;""><div style=""padding: 5px 0;""><b>A)</b> Pressió de càrrega dividida per capacitat volumètrica</div><div style=""padding: 5px 0;""><b>B)</b> Capacitat volumètrica dividida pel temps</div><div style=""padding: 5px 0;""><b>C)</b> Pressió de càrrega per capacitat volumètrica</div><div style=""padding: 5px 0;""><b>D)</b> Pressió final menys pressió inicial</div></div></div>","<div style=""text-align: left; font-family: -apple-system, sans-serif;""><div style=""font-weight: bold; font-size: 16px; color: #10b981; margin-bottom: 8px;"">✓ Resposta Correcta: C</div><div style=""font-size: 14px; margin-bottom: 12px; padding: 10px; background: rgba(16,185,129,0.1); border-radius: 6px; border-left: 4px solid #10b981;"">C) Pressió de càrrega per capacitat volumètrica</div><hr style=""border: 0; border-top: 1px solid #ddd; margin: 12px 0;""><div style=""font-size: 13px; color: #444; line-height: 1.4;""><b style=""color: #111;"">Explicació:</b> MAN.SEGU.000 V1.2026

3.4.2. Capacitat i reserva d’aire

La capacitat total de l’ampolla es calcula multiplicant la pressió de càrrega per la capacitat volumètrica.</div></div>","T20_-_Equips_de_proteccio_individual_EPI","racord_a4f4a78c-ef86-4afd-ae55-712bc6b9a1f1"
"<div style=""text-align: left; font-family: -apple-system, sans-serif;""><div style=""font-size: 11px; color: #888; margin-bottom: 6px;"">[T20 - Equips de protecció individual (EPI)] Pregunta 368</div><div style=""font-weight: bold; font-size: 16px; margin-bottom: 14px; line-height: 1.4;"">Què conté l’ampolla d’un equip de respiració autònoma?</div><div style=""font-size: 14px; line-height: 1.6;""><div style=""padding: 5px 0;""><b>A)</b> Aire respirable a alta pressió</div><div style=""padding: 5px 0;""><b>B)</b> Aire ambiental a pressió atmosfèrica</div><div style=""padding: 5px 0;""><b>C)</b> Una mescla de gasos tòxics inertitzats</div><div style=""padding: 5px 0;""><b>D)</b> Oxigen pur a baixa pressió</div></div></div>","<div style=""text-align: left; font-family: -apple-system, sans-serif;""><div style=""font-weight: bold; font-size: 16px; color: #10b981; margin-bottom: 8px;"">✓ Resposta Correcta: A</div><div style=""font-size: 14px; margin-bottom: 12px; padding: 10px; background: rgba(16,185,129,0.1); border-radius: 6px; border-left: 4px solid #10b981;"">A) Aire respirable a alta pressió</div><hr style=""border: 0; border-top: 1px solid #ddd; margin: 12px 0;""><div style=""font-size: 13px; color: #444; line-height: 1.4;""><b style=""color: #111;"">Explicació:</b> MAN.SEGU.000 V1.2026

3.2. Parts d’un equip de respiració autònoma (ERA)

Ampolla d’aire comprimit: Conté aire respirable a alta pressió.</div></div>","T20_-_Equips_de_proteccio_individual_EPI","racord_f0281ce4-3f1e-4c75-b696-b0ebb3d8b059"
"<div style=""text-align: left; font-family: -apple-system, sans-serif;""><div style=""font-size: 11px; color: #888; margin-bottom: 6px;"">[T20 - Equips de protecció individual (EPI)] Pregunta 369</div><div style=""font-weight: bold; font-size: 16px; margin-bottom: 14px; line-height: 1.4;"">Quina és la funció principal del casc d’intervenció?</div><div style=""font-size: 14px; line-height: 1.6;""><div style=""padding: 5px 0;""><b>A)</b> Protegir únicament el coll davant la calor</div><div style=""padding: 5px 0;""><b>B)</b> Evitar només la projecció de partícules als ulls</div><div style=""padding: 5px 0;""><b>C)</b> Protegir exclusivament les vies respiratòries</div><div style=""padding: 5px 0;""><b>D)</b> Protegir el cap i la cara davant múltiples riscos</div></div></div>","<div style=""text-align: left; font-family: -apple-system, sans-serif;""><div style=""font-weight: bold; font-size: 16px; color: #10b981; margin-bottom: 8px;"">✓ Resposta Correcta: D</div><div style=""font-size: 14px; margin-bottom: 12px; padding: 10px; background: rgba(16,185,129,0.1); border-radius: 6px; border-left: 4px solid #10b981;"">D) Protegir el cap i la cara davant múltiples riscos</div><hr style=""border: 0; border-top: 1px solid #ddd; margin: 12px 0;""><div style=""font-size: 13px; color: #444; line-height: 1.4;""><b style=""color: #111;"">Explicació:</b> MAN.SEGU.000 V1.2026

2.3.1. Casc d’intervenció

És l’element clau per a la protecció del cap i la cara davant de múltiples riscos com impactes, projectils, calor, flames, fum, substàncies corrosives i corrents elèctriques.</div></div>","T20_-_Equips_de_proteccio_individual_EPI","racord_dad56c27-3d44-4414-aa02-69844a22b094"
"<div style=""text-align: left; font-family: -apple-system, sans-serif;""><div style=""font-size: 11px; color: #888; margin-bottom: 6px;"">[T20 - Equips de protecció individual (EPI)] Pregunta 370</div><div style=""font-weight: bold; font-size: 16px; margin-bottom: 14px; line-height: 1.4;"">Per a què serveix operativament la lectura del manòmetre?</div><div style=""font-size: 14px; line-height: 1.6;""><div style=""padding: 5px 0;""><b>A)</b> Per calcular l’autonomia i decidir el moment de sortida</div><div style=""padding: 5px 0;""><b>B)</b> Per regular automàticament la càrrega de l’ampolla</div><div style=""padding: 5px 0;""><b>C)</b> Per calcular la temperatura de la zona calenta</div><div style=""padding: 5px 0;""><b>D)</b> Per decidir la categoria de l’EPI</div></div></div>","<div style=""text-align: left; font-family: -apple-system, sans-serif;""><div style=""font-weight: bold; font-size: 16px; color: #10b981; margin-bottom: 8px;"">✓ Resposta Correcta: A</div><div style=""font-size: 14px; margin-bottom: 12px; padding: 10px; background: rgba(16,185,129,0.1); border-radius: 6px; border-left: 4px solid #10b981;"">A) Per calcular l’autonomia i decidir el moment de sortida</div><hr style=""border: 0; border-top: 1px solid #ddd; margin: 12px 0;""><div style=""font-size: 13px; color: #444; line-height: 1.4;""><b style=""color: #111;"">Explicació:</b> MAN.SEGU.000 V1.2026

3.2. Parts d’un equip de respiració autònoma (ERA)

Permet al bomber calcular la seva autonomia i decidir el moment de la sortida.</div></div>","T20_-_Equips_de_proteccio_individual_EPI","racord_980f1c20-1942-41d2-9b47-e3bdea2c66c2"
"<div style=""text-align: left; font-family: -apple-system, sans-serif;""><div style=""font-size: 11px; color: #888; margin-bottom: 6px;"">[T20 - Equips de protecció individual (EPI)] Pregunta 371</div><div style=""font-weight: bold; font-size: 16px; margin-bottom: 14px; line-height: 1.4;"">Indiqueu quina de les afirmacions següents és INCORRECTA quan s’utilitza una caputxa de rescat:</div><div style=""font-size: 14px; line-height: 1.6;""><div style=""padding: 5px 0;""><b>A)</b> El temps disponible per a l’evacuació es redueix</div><div style=""padding: 5px 0;""><b>B)</b> El bomber comparteix el subministrament d’aire amb la víctima</div><div style=""padding: 5px 0;""><b>C)</b> La caputxa no modifica l’autonomia disponible del bomber</div><div style=""padding: 5px 0;""><b>D)</b> Cal planificar rigorosament l’entrada i la sortida</div></div></div>","<div style=""text-align: left; font-family: -apple-system, sans-serif;""><div style=""font-weight: bold; font-size: 16px; color: #10b981; margin-bottom: 8px;"">✓ Resposta Correcta: C</div><div style=""font-size: 14px; margin-bottom: 12px; padding: 10px; background: rgba(16,185,129,0.1); border-radius: 6px; border-left: 4px solid #10b981;"">C) La caputxa no modifica l’autonomia disponible del bomber</div><hr style=""border: 0; border-top: 1px solid #ddd; margin: 12px 0;""><div style=""font-size: 13px; color: #444; line-height: 1.4;""><b style=""color: #111;"">Explicació:</b> MAN.SEGU.000 V1.2026

3.5. Ús de la caputxa de rescat

El subministrament es comparteix amb la víctima. Això implica que el temps disponible per a l’evacuació es redueix i, per tant, s’ha de planificar amb rigor l’entrada, la col·locació de la caputxa i la sortida immediata.</div></div>","T20_-_Equips_de_proteccio_individual_EPI","racord_3f6090e2-6fe5-4e3a-aaba-723d5a364c23"
"<div style=""text-align: left; font-family: -apple-system, sans-serif;""><div style=""font-size: 11px; color: #888; margin-bottom: 6px;"">[T20 - Equips de protecció individual (EPI)] Pregunta 372</div><div style=""font-weight: bold; font-size: 16px; margin-bottom: 14px; line-height: 1.4;"">Què és l’autonomia operativa d’un ERA?</div><div style=""font-size: 14px; line-height: 1.6;""><div style=""padding: 5px 0;""><b>A)</b> El temps transcorregut des de l’entrada fins a 170 bars</div><div style=""padding: 5px 0;""><b>B)</b> El temps total fins a consumir la reserva</div><div style=""padding: 5px 0;""><b>C)</b> El temps necessari per carregar l’ampolla</div><div style=""padding: 5px 0;""><b>D)</b> El temps real de treball abans d’iniciar la sortida</div></div></div>","<div style=""text-align: left; font-family: -apple-system, sans-serif;""><div style=""font-weight: bold; font-size: 16px; color: #10b981; margin-bottom: 8px;"">✓ Resposta Correcta: D</div><div style=""font-size: 14px; margin-bottom: 12px; padding: 10px; background: rgba(16,185,129,0.1); border-radius: 6px; border-left: 4px solid #10b981;"">D) El temps real de treball abans d’iniciar la sortida</div><hr style=""border: 0; border-top: 1px solid #ddd; margin: 12px 0;""><div style=""font-size: 13px; color: #444; line-height: 1.4;""><b style=""color: #111;"">Explicació:</b> MAN.SEGU.000 V1.2026

3.4.3. Autonomia i càlculs operatius

L’autonomia operativa és el temps real que el bomber pot treballar abans d’haver d’iniciar la sortida.</div></div>","T20_-_Equips_de_proteccio_individual_EPI","racord_2a45dec9-fa66-4654-bfff-f41c928a98b4"
"<div style=""text-align: left; font-family: -apple-system, sans-serif;""><div style=""font-size: 11px; color: #888; margin-bottom: 6px;"">[T20 - Equips de protecció individual (EPI)] Pregunta 373</div><div style=""font-weight: bold; font-size: 16px; margin-bottom: 14px; line-height: 1.4;"">Quina finalitat té el conjunt de components que formen un ERA?</div><div style=""font-size: 14px; line-height: 1.6;""><div style=""padding: 5px 0;""><b>A)</b> Subministrar aire ambiental filtrat en qualsevol entorn</div><div style=""padding: 5px 0;""><b>B)</b> Reduir el pes de l’equip durant la intervenció</div><div style=""padding: 5px 0;""><b>C)</b> Subministrar aire respirable en ambients perillosos</div><div style=""padding: 5px 0;""><b>D)</b> Controlar exclusivament la temperatura corporal</div></div></div>","<div style=""text-align: left; font-family: -apple-system, sans-serif;""><div style=""font-weight: bold; font-size: 16px; color: #10b981; margin-bottom: 8px;"">✓ Resposta Correcta: C</div><div style=""font-size: 14px; margin-bottom: 12px; padding: 10px; background: rgba(16,185,129,0.1); border-radius: 6px; border-left: 4px solid #10b981;"">C) Subministrar aire respirable en ambients perillosos</div><hr style=""border: 0; border-top: 1px solid #ddd; margin: 12px 0;""><div style=""font-size: 13px; color: #444; line-height: 1.4;""><b style=""color: #111;"">Explicació:</b> MAN.SEGU.000 V1.2026

3.2. Parts d’un equip de respiració autònoma (ERA)

Un equip de respiració autònoma (ERA) està format per diversos elements que treballen conjuntament per subministrar aire respirable al bomber en ambients perillosos.</div></div>","T20_-_Equips_de_proteccio_individual_EPI","racord_10a2a403-d090-4b60-bc57-25160b16d3f8"
"<div style=""text-align: left; font-family: -apple-system, sans-serif;""><div style=""font-size: 11px; color: #888; margin-bottom: 6px;"">[T20 - Equips de protecció individual (EPI)] Pregunta 374</div><div style=""font-weight: bold; font-size: 16px; margin-bottom: 14px; line-height: 1.4;"">Quins elements ha d’incloure un programa integral d’EPI?</div><div style=""font-size: 14px; line-height: 1.6;""><div style=""padding: 5px 0;""><b>A)</b> Formació, comandament, comunicació i logística</div><div style=""padding: 5px 0;""><b>B)</b> Selecció, inspecció, reparació i retirada</div><div style=""padding: 5px 0;""><b>C)</b> Avaluació, selecció, formació i manteniment</div><div style=""padding: 5px 0;""><b>D)</b> Adquisició, emmagatzematge, transport i substitució</div></div></div>","<div style=""text-align: left; font-family: -apple-system, sans-serif;""><div style=""font-weight: bold; font-size: 16px; color: #10b981; margin-bottom: 8px;"">✓ Resposta Correcta: C</div><div style=""font-size: 14px; margin-bottom: 12px; padding: 10px; background: rgba(16,185,129,0.1); border-radius: 6px; border-left: 4px solid #10b981;"">C) Avaluació, selecció, formació i manteniment</div><hr style=""border: 0; border-top: 1px solid #ddd; margin: 12px 0;""><div style=""font-size: 13px; color: #444; line-height: 1.4;""><b style=""color: #111;"">Explicació:</b> MAN.SEGU.000 V1.2026

1. Introducció

La seva eficàcia depèn d’un programa integral que inclou l’avaluació de riscos, la selecció i adaptació a cada situació, la formació i informació als usuaris, i el manteniment constant del material.</div></div>","T20_-_Equips_de_proteccio_individual_EPI","racord_6276038f-c260-408c-95bb-5d2c3091d4d5"
"<div style=""text-align: left; font-family: -apple-system, sans-serif;""><div style=""font-size: 11px; color: #888; margin-bottom: 6px;"">[T20 - Equips de protecció individual (EPI)] Pregunta 375</div><div style=""font-weight: bold; font-size: 16px; margin-bottom: 14px; line-height: 1.4;"">Indiqueu quina de les afirmacions següents és INCORRECTA sobre el manteniment dels guants pesants.</div><div style=""font-size: 14px; line-height: 1.6;""><div style=""padding: 5px 0;""><b>A)</b> S’han d’assecar completament</div><div style=""padding: 5px 0;""><b>B)</b> S’han de netejar amb un drap humit</div><div style=""padding: 5px 0;""><b>C)</b> Requereixen una neteja regular</div><div style=""padding: 5px 0;""><b>D)</b> S’han de rentar habitualment a màquina</div></div></div>","<div style=""text-align: left; font-family: -apple-system, sans-serif;""><div style=""font-weight: bold; font-size: 16px; color: #10b981; margin-bottom: 8px;"">✓ Resposta Correcta: D</div><div style=""font-size: 14px; margin-bottom: 12px; padding: 10px; background: rgba(16,185,129,0.1); border-radius: 6px; border-left: 4px solid #10b981;"">D) S’han de rentar habitualment a màquina</div><hr style=""border: 0; border-top: 1px solid #ddd; margin: 12px 0;""><div style=""font-size: 13px; color: #444; line-height: 1.4;""><b style=""color: #111;"">Explicació:</b> MAN.SEGU.000 V1.2026

2.3.3. Guants d’intervenció

Manteniment: Neteja regular amb drap humit, assecat complet, no s’ha de rentar a màquina.</div></div>","T20_-_Equips_de_proteccio_individual_EPI","racord_7c0270b3-fbd7-4118-9a4c-70958f36bacb"
"<div style=""text-align: left; font-family: -apple-system, sans-serif;""><div style=""font-size: 11px; color: #888; margin-bottom: 6px;"">[T20 - Equips de protecció individual (EPI)] Pregunta 376</div><div style=""font-weight: bold; font-size: 16px; margin-bottom: 14px; line-height: 1.4;"">Indiqueu quina de les afirmacions següents és CERTA sobre els nivells d’EPI que distingeix el Cos de Bombers de la Generalitat:</div><div style=""font-size: 14px; line-height: 1.6;""><div style=""padding: 5px 0;""><b>A)</b> El nivell d’EPI només depèn de la durada del servei</div><div style=""padding: 5px 0;""><b>B)</b> Es poden reforçar amb complements segons el risc</div><div style=""padding: 5px 0;""><b>C)</b> Tots els nivells ofereixen exactament la mateixa protecció</div><div style=""padding: 5px 0;""><b>D)</b> No admeten cap complement addicional</div></div></div>","<div style=""text-align: left; font-family: -apple-system, sans-serif;""><div style=""font-weight: bold; font-size: 16px; color: #10b981; margin-bottom: 8px;"">✓ Resposta Correcta: B</div><div style=""font-size: 14px; margin-bottom: 12px; padding: 10px; background: rgba(16,185,129,0.1); border-radius: 6px; border-left: 4px solid #10b981;"">B) Es poden reforçar amb complements segons el risc</div><hr style=""border: 0; border-top: 1px solid #ddd; margin: 12px 0;""><div style=""font-size: 13px; color: #444; line-height: 1.4;""><b style=""color: #111;"">Explicació:</b> MAN.SEGU.000 V1.2026

2.4. Nivells d’EPI al Cos de Bombers

Els EPI no són equips tancats: a partir dels components propis de cada modalitat, es poden afegir complements específics.</div></div>","T20_-_Equips_de_proteccio_individual_EPI","racord_1d28d56c-96cb-4eba-aa27-671817515545"
"<div style=""text-align: left; font-family: -apple-system, sans-serif;""><div style=""font-size: 11px; color: #888; margin-bottom: 6px;"">[T20 - Equips de protecció individual (EPI)] Pregunta 377</div><div style=""font-weight: bold; font-size: 16px; margin-bottom: 14px; line-height: 1.4;"">Què és el consum personal d’aire?</div><div style=""font-size: 14px; line-height: 1.6;""><div style=""padding: 5px 0;""><b>A)</b> La reserva mínima que no es pot utilitzar</div><div style=""padding: 5px 0;""><b>B)</b> La pressió total carregada a l’ampolla</div><div style=""padding: 5px 0;""><b>C)</b> La quantitat d’aire utilitzada per minut</div><div style=""padding: 5px 0;""><b>D)</b> El temps total transcorregut dins la zona calenta</div></div></div>","<div style=""text-align: left; font-family: -apple-system, sans-serif;""><div style=""font-weight: bold; font-size: 16px; color: #10b981; margin-bottom: 8px;"">✓ Resposta Correcta: C</div><div style=""font-size: 14px; margin-bottom: 12px; padding: 10px; background: rgba(16,185,129,0.1); border-radius: 6px; border-left: 4px solid #10b981;"">C) La quantitat d’aire utilitzada per minut</div><hr style=""border: 0; border-top: 1px solid #ddd; margin: 12px 0;""><div style=""font-size: 13px; color: #444; line-height: 1.4;""><b style=""color: #111;"">Explicació:</b> MAN.SEGU.000 V1.2026

3.4.1. Càlcul del consum personal

El consum personal és la quantitat d’aire que un bomber utilitza per minut en condicions determinades.</div></div>","T20_-_Equips_de_proteccio_individual_EPI","racord_27c65fc3-8a15-4b6e-a6d5-daa233e70e13"
"<div style=""text-align: left; font-family: -apple-system, sans-serif;""><div style=""font-size: 11px; color: #888; margin-bottom: 6px;"">[T20 - Equips de protecció individual (EPI)] Pregunta 378</div><div style=""font-weight: bold; font-size: 16px; margin-bottom: 14px; line-height: 1.4;"">Quina actuació s’associa a l’avís de 110 bars?</div><div style=""font-size: 14px; line-height: 1.6;""><div style=""padding: 5px 0;""><b>A)</b> Continuar la feina fins a l’alarma de reserva</div><div style=""padding: 5px 0;""><b>B)</b> Desactivar el dispositiu de control electrònic</div><div style=""padding: 5px 0;""><b>C)</b> Entrar a la zona calenta</div><div style=""padding: 5px 0;""><b>D)</b> Iniciar la sortida de la zona calenta</div></div></div>","<div style=""text-align: left; font-family: -apple-system, sans-serif;""><div style=""font-weight: bold; font-size: 16px; color: #10b981; margin-bottom: 8px;"">✓ Resposta Correcta: D</div><div style=""font-size: 14px; margin-bottom: 12px; padding: 10px; background: rgba(16,185,129,0.1); border-radius: 6px; border-left: 4px solid #10b981;"">D) Iniciar la sortida de la zona calenta</div><hr style=""border: 0; border-top: 1px solid #ddd; margin: 12px 0;""><div style=""font-size: 13px; color: #444; line-height: 1.4;""><b style=""color: #111;"">Explicació:</b> MAN.SEGU.000 V1.2026

3.2. Parts d’un equip de respiració autònoma (ERA)

Avisos de pressió: 110 bars: “Bip-bip” + “Bip-bip” o Iniciar sortida de la zona calenta.</div></div>","T20_-_Equips_de_proteccio_individual_EPI","racord_562742a3-72da-4d5a-99e9-ba8fa0035307"
"<div style=""text-align: left; font-family: -apple-system, sans-serif;""><div style=""font-size: 11px; color: #888; margin-bottom: 6px;"">[T20 - Equips de protecció individual (EPI)] Pregunta 379</div><div style=""font-weight: bold; font-size: 16px; margin-bottom: 14px; line-height: 1.4;"">Què és un pictograma en un equip de protecció individual?</div><div style=""font-size: 14px; line-height: 1.6;""><div style=""padding: 5px 0;""><b>A)</b> Un distintiu intern que identifica el propietari de l’equip</div><div style=""padding: 5px 0;""><b>B)</b> Una marca que determina únicament la categoria de l’EPI</div><div style=""padding: 5px 0;""><b>C)</b> Un símbol normalitzat que identifica la protecció i el risc</div><div style=""padding: 5px 0;""><b>D)</b> Un codi que indica exclusivament la talla de l’equip</div></div></div>","<div style=""text-align: left; font-family: -apple-system, sans-serif;""><div style=""font-weight: bold; font-size: 16px; color: #10b981; margin-bottom: 8px;"">✓ Resposta Correcta: C</div><div style=""font-size: 14px; margin-bottom: 12px; padding: 10px; background: rgba(16,185,129,0.1); border-radius: 6px; border-left: 4px solid #10b981;"">C) Un símbol normalitzat que identifica la protecció i el risc</div><hr style=""border: 0; border-top: 1px solid #ddd; margin: 12px 0;""><div style=""font-size: 13px; color: #444; line-height: 1.4;""><b style=""color: #111;"">Explicació:</b> MAN.SEGU.000 V1.2026

2.1.2. Pictogrames

Els pictogrames són símbols normalitzats que indiquen de manera ràpida i visual el tipus de protecció que ofereix cada equip i davant de quin risc actua.</div></div>","T20_-_Equips_de_proteccio_individual_EPI","racord_9931dc2b-9298-463d-8d07-fe5cfe2cdf6f"
"<div style=""text-align: left; font-family: -apple-system, sans-serif;""><div style=""font-size: 11px; color: #888; margin-bottom: 6px;"">[T20 - Equips de protecció individual (EPI)] Pregunta 380</div><div style=""font-weight: bold; font-size: 16px; margin-bottom: 14px; line-height: 1.4;"">Indiqueu quina de les afirmacions següents és INCORRECTA sobre el coneixement dels EPI:</div><div style=""font-size: 14px; line-height: 1.6;""><div style=""padding: 5px 0;""><b>A)</b> Cal conèixer les limitacions dels equips</div><div style=""padding: 5px 0;""><b>B)</b> Cal dominar-ne l’ús correcte</div><div style=""padding: 5px 0;""><b>C)</b> Cal conèixer les prestacions dels EPI assignats</div><div style=""padding: 5px 0;""><b>D)</b> Només cal conèixer les prestacions, però no les limitacions</div></div></div>","<div style=""text-align: left; font-family: -apple-system, sans-serif;""><div style=""font-weight: bold; font-size: 16px; color: #10b981; margin-bottom: 8px;"">✓ Resposta Correcta: D</div><div style=""font-size: 14px; margin-bottom: 12px; padding: 10px; background: rgba(16,185,129,0.1); border-radius: 6px; border-left: 4px solid #10b981;"">D) Només cal conèixer les prestacions, però no les limitacions</div><hr style=""border: 0; border-top: 1px solid #ddd; margin: 12px 0;""><div style=""font-size: 13px; color: #444; line-height: 1.4;""><b style=""color: #111;"">Explicació:</b> MAN.SEGU.000 V1.2026

1. Introducció

És imprescindible doncs, que cada professional conegui a fons les prestacions dels EPI que li han estat assignats, així com les seves limitacions i que en domini l’ús correcte.</div></div>","T20_-_Equips_de_proteccio_individual_EPI","racord_98853eec-dc81-4dfa-9504-a725fbdbe535"
"<div style=""text-align: left; font-family: -apple-system, sans-serif;""><div style=""font-size: 11px; color: #888; margin-bottom: 6px;"">[T20 - Equips de protecció individual (EPI)] Pregunta 381</div><div style=""font-weight: bold; font-size: 16px; margin-bottom: 14px; line-height: 1.4;"">Quan s’ha de revisar un EPI després d’una actuació?</div><div style=""font-size: 14px; line-height: 1.6;""><div style=""padding: 5px 0;""><b>A)</b> Quan aparegui brutícia visible</div><div style=""padding: 5px 0;""><b>B)</b> En començar el torn següent</div><div style=""padding: 5px 0;""><b>C)</b> Just en finalitzar l’actuació</div><div style=""padding: 5px 0;""><b>D)</b> Només després d’una intervenció exigent</div></div></div>","<div style=""text-align: left; font-family: -apple-system, sans-serif;""><div style=""font-weight: bold; font-size: 16px; color: #10b981; margin-bottom: 8px;"">✓ Resposta Correcta: C</div><div style=""font-size: 14px; margin-bottom: 12px; padding: 10px; background: rgba(16,185,129,0.1); border-radius: 6px; border-left: 4px solid #10b981;"">C) Just en finalitzar l’actuació</div><hr style=""border: 0; border-top: 1px solid #ddd; margin: 12px 0;""><div style=""font-size: 13px; color: #444; line-height: 1.4;""><b style=""color: #111;"">Explicació:</b> MAN.SEGU.000 V1.2026

4.2.1. Consciència sobre els contaminants en els EPIs

Cada EPI ha de ser revisat just en finalitzar cada actuació.</div></div>","T20_-_Equips_de_proteccio_individual_EPI","racord_74b969a0-39be-4e53-9fcf-804ffeaf26c9"
"<div style=""text-align: left; font-family: -apple-system, sans-serif;""><div style=""font-size: 11px; color: #888; margin-bottom: 6px;"">[T20 - Equips de protecció individual (EPI)] Pregunta 382</div><div style=""font-weight: bold; font-size: 16px; margin-bottom: 14px; line-height: 1.4;"">Què s’ha de fer inicialment amb l’EPI al lloc de l’actuació?</div><div style=""font-size: 14px; line-height: 1.6;""><div style=""padding: 5px 0;""><b>A)</b> Fer una inspecció bàsica de l’equip</div><div style=""padding: 5px 0;""><b>B)</b> Fer-ne només un registre sense inspeccionar-lo</div><div style=""padding: 5px 0;""><b>C)</b> Guardar-lo immediatament amb els equips nets</div><div style=""padding: 5px 0;""><b>D)</b> Enviar-lo sempre directament fora del parc</div></div></div>","<div style=""text-align: left; font-family: -apple-system, sans-serif;""><div style=""font-weight: bold; font-size: 16px; color: #10b981; margin-bottom: 8px;"">✓ Resposta Correcta: A</div><div style=""font-size: 14px; margin-bottom: 12px; padding: 10px; background: rgba(16,185,129,0.1); border-radius: 6px; border-left: 4px solid #10b981;"">A) Fer una inspecció bàsica de l’equip</div><hr style=""border: 0; border-top: 1px solid #ddd; margin: 12px 0;""><div style=""font-size: 13px; color: #444; line-height: 1.4;""><b style=""color: #111;"">Explicació:</b> MAN.SEGU.000 V1.2026

4.2.2. Gestió in situ

Un cop finalitzada una intervenció o després d'utilitzar un EPI o equip de treball en una pràctica o exercici, cal fer la inspecció bàsica de l’equip a lloc.</div></div>","T20_-_Equips_de_proteccio_individual_EPI","racord_1a6a683a-cf35-4ef3-9cee-184e4f566471"
"<div style=""text-align: left; font-family: -apple-system, sans-serif;""><div style=""font-size: 11px; color: #888; margin-bottom: 6px;"">[T20 - Equips de protecció individual (EPI)] Pregunta 383</div><div style=""font-weight: bold; font-size: 16px; margin-bottom: 14px; line-height: 1.4;"">Indiqueu quina de les afirmacions següents és CERTA sobre la gestió especialitzada:</div><div style=""font-size: 14px; line-height: 1.6;""><div style=""padding: 5px 0;""><b>A)</b> S’aplica a contaminants perillosos, inusuals o sense sistema de neteja</div><div style=""padding: 5px 0;""><b>B)</b> S’aplica només als equips que no han estat utilitzats</div><div style=""padding: 5px 0;""><b>C)</b> Només és necessària quan hi ha brutícia visible</div><div style=""padding: 5px 0;""><b>D)</b> Substitueix qualsevol gestió que es pugui fer al parc</div></div></div>","<div style=""text-align: left; font-family: -apple-system, sans-serif;""><div style=""font-weight: bold; font-size: 16px; color: #10b981; margin-bottom: 8px;"">✓ Resposta Correcta: A</div><div style=""font-size: 14px; margin-bottom: 12px; padding: 10px; background: rgba(16,185,129,0.1); border-radius: 6px; border-left: 4px solid #10b981;"">A) S’aplica a contaminants perillosos, inusuals o sense sistema de neteja</div><hr style=""border: 0; border-top: 1px solid #ddd; margin: 12px 0;""><div style=""font-size: 13px; color: #444; line-height: 1.4;""><b style=""color: #111;"">Explicació:</b> MAN.SEGU.000 V1.2026

4.2.4. Gestió avançada o fora de parc

S'estableix una gestió especialitzada per als contaminants especialment perillosos, per als originats en escenaris molt poc habituals i, sobretot, per als que no hi ha un sistema de neteja previst.</div></div>","T20_-_Equips_de_proteccio_individual_EPI","racord_760e7774-f99b-4d80-9e01-c47a0d86d312"
"<div style=""text-align: left; font-family: -apple-system, sans-serif;""><div style=""font-size: 11px; color: #888; margin-bottom: 6px;"">[T20 - Equips de protecció individual (EPI)] Pregunta 384</div><div style=""font-weight: bold; font-size: 16px; margin-bottom: 14px; line-height: 1.4;"">Quina utilitat té la traçabilitat i el registre de les revisions?</div><div style=""font-size: 14px; line-height: 1.6;""><div style=""padding: 5px 0;""><b>A)</b> Substituir les proves funcionals dels equips actius</div><div style=""padding: 5px 0;""><b>B)</b> Evitar la comunicació directa entre torns</div><div style=""padding: 5px 0;""><b>C)</b> Eliminar la necessitat d’inspeccions visuals</div><div style=""padding: 5px 0;""><b>D)</b> Fer seguiment, planificar reposicions i evitar confusions</div></div></div>","<div style=""text-align: left; font-family: -apple-system, sans-serif;""><div style=""font-weight: bold; font-size: 16px; color: #10b981; margin-bottom: 8px;"">✓ Resposta Correcta: D</div><div style=""font-size: 14px; margin-bottom: 12px; padding: 10px; background: rgba(16,185,129,0.1); border-radius: 6px; border-left: 4px solid #10b981;"">D) Fer seguiment, planificar reposicions i evitar confusions</div><hr style=""border: 0; border-top: 1px solid #ddd; margin: 12px 0;""><div style=""font-size: 13px; color: #444; line-height: 1.4;""><b style=""color: #111;"">Explicació:</b> MAN.SEGU.000 V1.2026

4.1.1. Principis bàsics de la revisió diària

Anotar les revisions i incidències permet fer un seguiment real del material, planificar reposicions i evitar confusions entre torns.</div></div>","T20_-_Equips_de_proteccio_individual_EPI","racord_4232662e-3bc9-40c3-b666-9ea3099282df"
"<div style=""text-align: left; font-family: -apple-system, sans-serif;""><div style=""font-size: 11px; color: #888; margin-bottom: 6px;"">[T20 - Equips de protecció individual (EPI)] Pregunta 385</div><div style=""font-weight: bold; font-size: 16px; margin-bottom: 14px; line-height: 1.4;"">Quina categoria correspon al vestit d’intervenció lleuger?</div><div style=""font-size: 14px; line-height: 1.6;""><div style=""padding: 5px 0;""><b>A)</b> Categoria II</div><div style=""padding: 5px 0;""><b>B)</b> Categoria I</div><div style=""padding: 5px 0;""><b>C)</b> Sense categoria</div><div style=""padding: 5px 0;""><b>D)</b> Categoria III</div></div></div>","<div style=""text-align: left; font-family: -apple-system, sans-serif;""><div style=""font-weight: bold; font-size: 16px; color: #10b981; margin-bottom: 8px;"">✓ Resposta Correcta: A</div><div style=""font-size: 14px; margin-bottom: 12px; padding: 10px; background: rgba(16,185,129,0.1); border-radius: 6px; border-left: 4px solid #10b981;"">A) Categoria II</div><hr style=""border: 0; border-top: 1px solid #ddd; margin: 12px 0;""><div style=""font-size: 13px; color: #444; line-height: 1.4;""><b style=""color: #111;"">Explicació:</b> MAN.SEGU.000 V1.2026

2.3.2. Vestit d’intervenció

Característiques: EPI categoria II.</div></div>","T20_-_Equips_de_proteccio_individual_EPI","racord_31d4ae14-28ff-47bf-95c0-c9b53bbf4f07"
"<div style=""text-align: left; font-family: -apple-system, sans-serif;""><div style=""font-size: 11px; color: #888; margin-bottom: 6px;"">[T20 - Equips de protecció individual (EPI)] Pregunta 386</div><div style=""font-weight: bold; font-size: 16px; margin-bottom: 14px; line-height: 1.4;"">Quines característiques té el visor de la màscara facial?</div><div style=""font-size: 14px; line-height: 1.6;""><div style=""padding: 5px 0;""><b>A)</b> És opac, flexible i resistent al foc directe</div><div style=""padding: 5px 0;""><b>B)</b> És panoràmic, però no ofereix resistència als impactes</div><div style=""padding: 5px 0;""><b>C)</b> És lateral, metàl·lic i sense tractament superficial</div><div style=""padding: 5px 0;""><b>D)</b> És panoràmic, resistent a impactes i antientelament</div></div></div>","<div style=""text-align: left; font-family: -apple-system, sans-serif;""><div style=""font-weight: bold; font-size: 16px; color: #10b981; margin-bottom: 8px;"">✓ Resposta Correcta: D</div><div style=""font-size: 14px; margin-bottom: 12px; padding: 10px; background: rgba(16,185,129,0.1); border-radius: 6px; border-left: 4px solid #10b981;"">D) És panoràmic, resistent a impactes i antientelament</div><hr style=""border: 0; border-top: 1px solid #ddd; margin: 12px 0;""><div style=""font-size: 13px; color: #444; line-height: 1.4;""><b style=""color: #111;"">Explicació:</b> MAN.SEGU.000 V1.2026

3.2. Parts d’un equip de respiració autònoma (ERA)

Incorpora visor panoràmic resistent a impactes i tractament antientelament.</div></div>","T20_-_Equips_de_proteccio_individual_EPI","racord_546f51ec-0b0f-42e5-90c3-f97c33e695b8"
"<div style=""text-align: left; font-family: -apple-system, sans-serif;""><div style=""font-size: 11px; color: #888; margin-bottom: 6px;"">[T20 - Equips de protecció individual (EPI)] Pregunta 387</div><div style=""font-weight: bold; font-size: 16px; margin-bottom: 14px; line-height: 1.4;"">Quan correspon aplicar una gestió avançada o fora de parc?</div><div style=""font-size: 14px; line-height: 1.6;""><div style=""padding: 5px 0;""><b>A)</b> Quan no s’ha utilitzat durant la intervenció</div><div style=""padding: 5px 0;""><b>B)</b> Quan la inspecció bàsica no detecta cap incidència</div><div style=""padding: 5px 0;""><b>C)</b> Quan l’equip només necessita una neteja ràpida</div><div style=""padding: 5px 0;""><b>D)</b> Quan calen mitjans o coneixements no disponibles al parc</div></div></div>","<div style=""text-align: left; font-family: -apple-system, sans-serif;""><div style=""font-weight: bold; font-size: 16px; color: #10b981; margin-bottom: 8px;"">✓ Resposta Correcta: D</div><div style=""font-size: 14px; margin-bottom: 12px; padding: 10px; background: rgba(16,185,129,0.1); border-radius: 6px; border-left: 4px solid #10b981;"">D) Quan calen mitjans o coneixements no disponibles al parc</div><hr style=""border: 0; border-top: 1px solid #ddd; margin: 12px 0;""><div style=""font-size: 13px; color: #444; line-height: 1.4;""><b style=""color: #111;"">Explicació:</b> MAN.SEGU.000 V1.2026

4.2.4. Gestió avançada o fora de parc

Per als equips en què cal maquinària o coneixements i habilitats específiques que no hi ha al parc, s’estableix una gestió avançada.</div></div>","T20_-_Equips_de_proteccio_individual_EPI","racord_98af86d5-c0ee-4b39-9b61-fef543e19063"
"<div style=""text-align: left; font-family: -apple-system, sans-serif;""><div style=""font-size: 11px; color: #888; margin-bottom: 6px;"">[T20 - Equips de protecció individual (EPI)] Pregunta 388</div><div style=""font-weight: bold; font-size: 16px; margin-bottom: 14px; line-height: 1.4;"">Quines condicions han de complir les connexions i mànegues de l’ERA?</div><div style=""font-size: 14px; line-height: 1.6;""><div style=""padding: 5px 0;""><b>A)</b> Estar exposades per facilitar-ne la refrigeració</div><div style=""padding: 5px 0;""><b>B)</b> Connectar només els elements de baixa pressió</div><div style=""padding: 5px 0;""><b>C)</b> Estar lliures de fuites i protegides contra danys mecànics</div><div style=""padding: 5px 0;""><b>D)</b> Permetre petites fuites per compensar la pressió</div></div></div>","<div style=""text-align: left; font-family: -apple-system, sans-serif;""><div style=""font-weight: bold; font-size: 16px; color: #10b981; margin-bottom: 8px;"">✓ Resposta Correcta: C</div><div style=""font-size: 14px; margin-bottom: 12px; padding: 10px; background: rgba(16,185,129,0.1); border-radius: 6px; border-left: 4px solid #10b981;"">C) Estar lliures de fuites i protegides contra danys mecànics</div><hr style=""border: 0; border-top: 1px solid #ddd; margin: 12px 0;""><div style=""font-size: 13px; color: #444; line-height: 1.4;""><b style=""color: #111;"">Explicació:</b> MAN.SEGU.000 V1.2026

3.2. Parts d’un equip de respiració autònoma (ERA)

Conductes d’alta i baixa pressió que uneixen els diferents components. Han d’estar lliures de fuites i ben protegits contra danys mecànics.</div></div>","T20_-_Equips_de_proteccio_individual_EPI","racord_e3841132-901a-4564-9f59-b86f4713b2e7"
"<div style=""text-align: left; font-family: -apple-system, sans-serif;""><div style=""font-size: 11px; color: #888; margin-bottom: 6px;"">[T20 - Equips de protecció individual (EPI)] Pregunta 389</div><div style=""font-weight: bold; font-size: 16px; margin-bottom: 14px; line-height: 1.4;"">Indiqueu quina de les afirmacions següents és INCORRECTA sobre el casc lleuger:</div><div style=""font-size: 14px; line-height: 1.6;""><div style=""padding: 5px 0;""><b>A)</b> És lleuger i ventilat</div><div style=""padding: 5px 0;""><b>B)</b> Protegeix davant calor radiant moderada</div><div style=""padding: 5px 0;""><b>C)</b> Suporta flames intenses igual que el casc pesant</div><div style=""padding: 5px 0;""><b>D)</b> Pot incorporar protecció auditiva</div></div></div>","<div style=""text-align: left; font-family: -apple-system, sans-serif;""><div style=""font-weight: bold; font-size: 16px; color: #10b981; margin-bottom: 8px;"">✓ Resposta Correcta: C</div><div style=""font-size: 14px; margin-bottom: 12px; padding: 10px; background: rgba(16,185,129,0.1); border-radius: 6px; border-left: 4px solid #10b981;"">C) Suporta flames intenses igual que el casc pesant</div><hr style=""border: 0; border-top: 1px solid #ddd; margin: 12px 0;""><div style=""font-size: 13px; color: #444; line-height: 1.4;""><b style=""color: #111;"">Explicació:</b> MAN.SEGU.000 V1.2026

2.3.1. Casc d’intervenció

Ofereix protecció contra cops, impactes i calor radiant moderada, però no suporta flames intenses com el casc d’intervenció pesant.</div></div>","T20_-_Equips_de_proteccio_individual_EPI","racord_96e9557e-d450-4415-8b4f-04f0c57ea4fa"
"<div style=""text-align: left; font-family: -apple-system, sans-serif;""><div style=""font-size: 11px; color: #888; margin-bottom: 6px;"">[T20 - Equips de protecció individual (EPI)] Pregunta 390</div><div style=""font-weight: bold; font-size: 16px; margin-bottom: 14px; line-height: 1.4;"">Quina informació proporciona el manòmetre de l’ERA?</div><div style=""font-size: 14px; line-height: 1.6;""><div style=""padding: 5px 0;""><b>A)</b> El consum cardíac del bomber</div><div style=""padding: 5px 0;""><b>B)</b> La temperatura de l’aire de l’ampolla</div><div style=""padding: 5px 0;""><b>C)</b> El nivell de contaminació exterior</div><div style=""padding: 5px 0;""><b>D)</b> La pressió restant de l’ampolla</div></div></div>","<div style=""text-align: left; font-family: -apple-system, sans-serif;""><div style=""font-weight: bold; font-size: 16px; color: #10b981; margin-bottom: 8px;"">✓ Resposta Correcta: D</div><div style=""font-size: 14px; margin-bottom: 12px; padding: 10px; background: rgba(16,185,129,0.1); border-radius: 6px; border-left: 4px solid #10b981;"">D) La pressió restant de l’ampolla</div><hr style=""border: 0; border-top: 1px solid #ddd; margin: 12px 0;""><div style=""font-size: 13px; color: #444; line-height: 1.4;""><b style=""color: #111;"">Explicació:</b> MAN.SEGU.000 V1.2026

3.2. Parts d’un equip de respiració autònoma (ERA)

Manòmetre i indicador de pressió: Mostra la pressió restant de l’ampolla.</div></div>","T20_-_Equips_de_proteccio_individual_EPI","racord_d111b98c-d317-4d40-8525-aa6e62d0f5ec"
"<div style=""text-align: left; font-family: -apple-system, sans-serif;""><div style=""font-size: 11px; color: #888; margin-bottom: 6px;"">[T20 - Equips de protecció individual (EPI)] Pregunta 391</div><div style=""font-weight: bold; font-size: 16px; margin-bottom: 14px; line-height: 1.4;"">Quina norma regula els cascos de bombers per a incendis estructurals?</div><div style=""font-size: 14px; line-height: 1.6;""><div style=""padding: 5px 0;""><b>A)</b> EN 443</div><div style=""padding: 5px 0;""><b>B)</b> EN 16473</div><div style=""padding: 5px 0;""><b>C)</b> EN 659</div><div style=""padding: 5px 0;""><b>D)</b> EN 16471</div></div></div>","<div style=""text-align: left; font-family: -apple-system, sans-serif;""><div style=""font-weight: bold; font-size: 16px; color: #10b981; margin-bottom: 8px;"">✓ Resposta Correcta: A</div><div style=""font-size: 14px; margin-bottom: 12px; padding: 10px; background: rgba(16,185,129,0.1); border-radius: 6px; border-left: 4px solid #10b981;"">A) EN 443</div><hr style=""border: 0; border-top: 1px solid #ddd; margin: 12px 0;""><div style=""font-size: 13px; color: #444; line-height: 1.4;""><b style=""color: #111;"">Explicació:</b> MAN.SEGU.000 V1.2026

2.2.3. Altres normes de vestuari i equips de protecció dels bombers

EN 443 – Cascos de bombers per a incendis estructurals: Defineix els requisits de resistència tèrmica, impactes i compatibilitat amb ERA.</div></div>","T20_-_Equips_de_proteccio_individual_EPI","racord_c39e3286-d278-4161-855c-e94b83f0761a"
"<div style=""text-align: left; font-family: -apple-system, sans-serif;""><div style=""font-size: 11px; color: #888; margin-bottom: 6px;"">[T20 - Equips de protecció individual (EPI)] Pregunta 392</div><div style=""font-weight: bold; font-size: 16px; margin-bottom: 14px; line-height: 1.4;"">Indiqueu quina de les afirmacions següents és CERTA sobre el casc pesant:</div><div style=""font-size: 14px; line-height: 1.6;""><div style=""padding: 5px 0;""><b>A)</b> Ofereix menys resistència tèrmica que el casc lleuger</div><div style=""padding: 5px 0;""><b>B)</b> No és compatible amb equips ERA</div><div style=""padding: 5px 0;""><b>C)</b> És obert i ventilat per a ús prolongat</div><div style=""padding: 5px 0;""><b>D)</b> És tancat i envoltant, amb protecció integral</div></div></div>","<div style=""text-align: left; font-family: -apple-system, sans-serif;""><div style=""font-weight: bold; font-size: 16px; color: #10b981; margin-bottom: 8px;"">✓ Resposta Correcta: D</div><div style=""font-size: 14px; margin-bottom: 12px; padding: 10px; background: rgba(16,185,129,0.1); border-radius: 6px; border-left: 4px solid #10b981;"">D) És tancat i envoltant, amb protecció integral</div><hr style=""border: 0; border-top: 1px solid #ddd; margin: 12px 0;""><div style=""font-size: 13px; color: #444; line-height: 1.4;""><b style=""color: #111;"">Explicació:</b> MAN.SEGU.000 V1.2026

2.3.1. Casc d’intervenció

Disseny: casc tancat i envoltant, amb protecció integral per a cap, cara, coll i orelles.</div></div>","T20_-_Equips_de_proteccio_individual_EPI","racord_606e8334-b488-4b99-bb59-528c4093d244"
"<div style=""text-align: left; font-family: -apple-system, sans-serif;""><div style=""font-size: 11px; color: #888; margin-bottom: 6px;"">[T20 - Equips de protecció individual (EPI)] Pregunta 393</div><div style=""font-weight: bold; font-size: 16px; margin-bottom: 14px; line-height: 1.4;"">Quina funció té el segellament de la màscara facial?</div><div style=""font-size: 14px; line-height: 1.6;""><div style=""padding: 5px 0;""><b>A)</b> Activar l’alarma de reserva</div><div style=""padding: 5px 0;""><b>B)</b> Evitar la sortida d’aire de l’ampolla</div><div style=""padding: 5px 0;""><b>C)</b> Reduir el pes suportat per l’esquena</div><div style=""padding: 5px 0;""><b>D)</b> Evitar l’entrada d’aire contaminat</div></div></div>","<div style=""text-align: left; font-family: -apple-system, sans-serif;""><div style=""font-weight: bold; font-size: 16px; color: #10b981; margin-bottom: 8px;"">✓ Resposta Correcta: D</div><div style=""font-size: 14px; margin-bottom: 12px; padding: 10px; background: rgba(16,185,129,0.1); border-radius: 6px; border-left: 4px solid #10b981;"">D) Evitar l’entrada d’aire contaminat</div><hr style=""border: 0; border-top: 1px solid #ddd; margin: 12px 0;""><div style=""font-size: 13px; color: #444; line-height: 1.4;""><b style=""color: #111;"">Explicació:</b> MAN.SEGU.000 V1.2026

3.2. Parts d’un equip de respiració autònoma (ERA)

Proporciona segellament complet al voltant de la cara per evitar l’entrada d’aire contaminat.</div></div>","T20_-_Equips_de_proteccio_individual_EPI","racord_85e635f5-7ccf-4517-b31f-41ca72d22ab4"
"<div style=""text-align: left; font-family: -apple-system, sans-serif;""><div style=""font-size: 11px; color: #888; margin-bottom: 6px;"">[T20 - Equips de protecció individual (EPI)] Pregunta 394</div><div style=""font-weight: bold; font-size: 16px; margin-bottom: 14px; line-height: 1.4;"">Quins factors determinen l’elecció correcta d’un EPI?</div><div style=""font-size: 14px; line-height: 1.6;""><div style=""padding: 5px 0;""><b>A)</b> El risc, l’exposició i les característiques de l’operació</div><div style=""padding: 5px 0;""><b>B)</b> El rang, l’antiguitat i la destinació del bomber</div><div style=""padding: 5px 0;""><b>C)</b> El cost, el color i la disponibilitat del material</div><div style=""padding: 5px 0;""><b>D)</b> La durada del torn i la distància al parc</div></div></div>","<div style=""text-align: left; font-family: -apple-system, sans-serif;""><div style=""font-weight: bold; font-size: 16px; color: #10b981; margin-bottom: 8px;"">✓ Resposta Correcta: A</div><div style=""font-size: 14px; margin-bottom: 12px; padding: 10px; background: rgba(16,185,129,0.1); border-radius: 6px; border-left: 4px solid #10b981;"">A) El risc, l’exposició i les característiques de l’operació</div><hr style=""border: 0; border-top: 1px solid #ddd; margin: 12px 0;""><div style=""font-size: 13px; color: #444; line-height: 1.4;""><b style=""color: #111;"">Explicació:</b> MAN.SEGU.000 V1.2026

1. Introducció

L’elecció correcta de cada EPI ha de basar-se en factors com la freqüència i magnitud del risc, el nivell d’exposició i les característiques de l’operació.</div></div>","T20_-_Equips_de_proteccio_individual_EPI","racord_9f1dfbd9-385f-40f5-96f9-aa92c6d1291d"
"<div style=""text-align: left; font-family: -apple-system, sans-serif;""><div style=""font-size: 11px; color: #888; margin-bottom: 6px;"">[T20 - Equips de protecció individual (EPI)] Pregunta 395</div><div style=""font-weight: bold; font-size: 16px; margin-bottom: 14px; line-height: 1.4;"">A quina categoria pertanyen els equips de respiració autònoma?</div><div style=""font-size: 14px; line-height: 1.6;""><div style=""padding: 5px 0;""><b>A)</b> Categoria I</div><div style=""padding: 5px 0;""><b>B)</b> Categoria II</div><div style=""padding: 5px 0;""><b>C)</b> Sense categoria</div><div style=""padding: 5px 0;""><b>D)</b> Categoria III</div></div></div>","<div style=""text-align: left; font-family: -apple-system, sans-serif;""><div style=""font-weight: bold; font-size: 16px; color: #10b981; margin-bottom: 8px;"">✓ Resposta Correcta: D</div><div style=""font-size: 14px; margin-bottom: 12px; padding: 10px; background: rgba(16,185,129,0.1); border-radius: 6px; border-left: 4px solid #10b981;"">D) Categoria III</div><hr style=""border: 0; border-top: 1px solid #ddd; margin: 12px 0;""><div style=""font-size: 13px; color: #444; line-height: 1.4;""><b style=""color: #111;"">Explicació:</b> MAN.SEGU.000 V1.2026

2.1.1. Categories

Categoria III: Exposició a atmosferes tòxiques o nocives: equips de respiració autònoma (ERA), mascaretes autofiltrants.</div></div>","T20_-_Equips_de_proteccio_individual_EPI","racord_6825deae-8017-4974-b18a-0913cb4e7b2c"
"<div style=""text-align: left; font-family: -apple-system, sans-serif;""><div style=""font-size: 11px; color: #888; margin-bottom: 6px;"">[T20 - Equips de protecció individual (EPI)] Pregunta 396</div><div style=""font-weight: bold; font-size: 16px; margin-bottom: 14px; line-height: 1.4;"">Quin complement és característic de la protecció davant risc elèctric?</div><div style=""font-size: 14px; line-height: 1.6;""><div style=""padding: 5px 0;""><b>A)</b> Guants dielèctrics i eines aïllades</div><div style=""padding: 5px 0;""><b>B)</b> Guants forestals i ulleres panoràmiques</div><div style=""padding: 5px 0;""><b>C)</b> Vestit de neoprè i elements de retenció</div><div style=""padding: 5px 0;""><b>D)</b> Mascareta filtrant i caputxa biològica</div></div></div>","<div style=""text-align: left; font-family: -apple-system, sans-serif;""><div style=""font-weight: bold; font-size: 16px; color: #10b981; margin-bottom: 8px;"">✓ Resposta Correcta: A</div><div style=""font-size: 14px; margin-bottom: 12px; padding: 10px; background: rgba(16,185,129,0.1); border-radius: 6px; border-left: 4px solid #10b981;"">A) Guants dielèctrics i eines aïllades</div><hr style=""border: 0; border-top: 1px solid #ddd; margin: 12px 0;""><div style=""font-size: 13px; color: #444; line-height: 1.4;""><b style=""color: #111;"">Explicació:</b> MAN.SEGU.000 V1.2026

2.4.4. Complements – Risc elèctric

Entre ells destaquen els guants dielèctrics i botes, i l’ús de catifes aïllants i eines amb aïllament homologat.</div></div>","T20_-_Equips_de_proteccio_individual_EPI","racord_5079dfb1-7f6e-4d33-a01a-3095033ea39a"
"<div style=""text-align: left; font-family: -apple-system, sans-serif;""><div style=""font-size: 11px; color: #888; margin-bottom: 6px;"">[T20 - Equips de protecció individual (EPI)] Pregunta 397</div><div style=""font-weight: bold; font-size: 16px; margin-bottom: 14px; line-height: 1.4;"">Quina és la finalitat principal dels equips de protecció individual?</div><div style=""font-size: 14px; line-height: 1.6;""><div style=""padding: 5px 0;""><b>A)</b> Protegir la salut o la seguretat del bomber</div><div style=""padding: 5px 0;""><b>B)</b> Substituir les mesures de protecció col·lectiva</div><div style=""padding: 5px 0;""><b>C)</b> Eliminar tots els riscos de la intervenció</div><div style=""padding: 5px 0;""><b>D)</b> Facilitar únicament la identificació del personal</div></div></div>","<div style=""text-align: left; font-family: -apple-system, sans-serif;""><div style=""font-weight: bold; font-size: 16px; color: #10b981; margin-bottom: 8px;"">✓ Resposta Correcta: A</div><div style=""font-size: 14px; margin-bottom: 12px; padding: 10px; background: rgba(16,185,129,0.1); border-radius: 6px; border-left: 4px solid #10b981;"">A) Protegir la salut o la seguretat del bomber</div><hr style=""border: 0; border-top: 1px solid #ddd; margin: 12px 0;""><div style=""font-size: 13px; color: #444; line-height: 1.4;""><b style=""color: #111;"">Explicació:</b> MAN.SEGU.000 V1.2026

1. Introducció

Tal com diu la definició, entenem per EPI qualsevol equip o accessori destinat a ser portat o subjectat pel bomber amb la finalitat de protegir la seva salut o seguretat.</div></div>","T20_-_Equips_de_proteccio_individual_EPI","racord_e5d5eb13-db7f-4e33-b326-7dc596721c7e"
"<div style=""text-align: left; font-family: -apple-system, sans-serif;""><div style=""font-size: 11px; color: #888; margin-bottom: 6px;"">[T20 - Equips de protecció individual (EPI)] Pregunta 398</div><div style=""font-weight: bold; font-size: 16px; margin-bottom: 14px; line-height: 1.4;"">Què s’ha de fer si un equip requereix gestió al parc o gestió avançada?</div><div style=""font-size: 14px; line-height: 1.6;""><div style=""padding: 5px 0;""><b>A)</b> Manipular-lo sense protecció abans d’arribar al parc</div><div style=""padding: 5px 0;""><b>B)</b> Barrejar-lo amb els equips nets per reduir espai</div><div style=""padding: 5px 0;""><b>C)</b> Encapsular-lo i transportar-lo separat i de manera segura</div><div style=""padding: 5px 0;""><b>D)</b> Transportar-lo descobert per facilitar la ventilació</div></div></div>","<div style=""text-align: left; font-family: -apple-system, sans-serif;""><div style=""font-weight: bold; font-size: 16px; color: #10b981; margin-bottom: 8px;"">✓ Resposta Correcta: C</div><div style=""font-size: 14px; margin-bottom: 12px; padding: 10px; background: rgba(16,185,129,0.1); border-radius: 6px; border-left: 4px solid #10b981;"">C) Encapsular-lo i transportar-lo separat i de manera segura</div><hr style=""border: 0; border-top: 1px solid #ddd; margin: 12px 0;""><div style=""font-size: 13px; color: #444; line-height: 1.4;""><b style=""color: #111;"">Explicació:</b> MAN.SEGU.000 V1.2026

4.2.2. Gestió in situ

Si la inspecció realitzada conclou que requereix una gestió al parc o una gestió avançada, caldrà encapsular i transportar l’equip com més separat millor i de manera segura.</div></div>","T20_-_Equips_de_proteccio_individual_EPI","racord_3b7a3ca2-cada-4f0e-96b2-ccd0ebff7850"
"<div style=""text-align: left; font-family: -apple-system, sans-serif;""><div style=""font-size: 11px; color: #888; margin-bottom: 6px;"">[T20 - Equips de protecció individual (EPI)] Pregunta 399</div><div style=""font-weight: bold; font-size: 16px; margin-bottom: 14px; line-height: 1.4;"">Quins factors determinen la permeabilitat exigida a un vestit químic?</div><div style=""font-size: 14px; line-height: 1.6;""><div style=""padding: 5px 0;""><b>A)</b> La temperatura ambiental i el rang del bomber</div><div style=""padding: 5px 0;""><b>B)</b> L’estat del producte i la forma d’aplicació</div><div style=""padding: 5px 0;""><b>C)</b> El fabricant i la categoria professional</div><div style=""padding: 5px 0;""><b>D)</b> El color del producte i la durada del torn</div></div></div>","<div style=""text-align: left; font-family: -apple-system, sans-serif;""><div style=""font-weight: bold; font-size: 16px; color: #10b981; margin-bottom: 8px;"">✓ Resposta Correcta: B</div><div style=""font-size: 14px; margin-bottom: 12px; padding: 10px; background: rgba(16,185,129,0.1); border-radius: 6px; border-left: 4px solid #10b981;"">B) L’estat del producte i la forma d’aplicació</div><hr style=""border: 0; border-top: 1px solid #ddd; margin: 12px 0;""><div style=""font-size: 13px; color: #444; line-height: 1.4;""><b style=""color: #111;"">Explicació:</b> MAN.SEGU.000 V1.2026

2.4.4. Complements – Risc químic

Aquesta permeabilitat s’estableix en base a 2 factors: estat d’agregació del producte i forma en què s’aplica el producte.</div></div>","T20_-_Equips_de_proteccio_individual_EPI","racord_85d5afa0-ec7c-4902-b5ae-b105c698befc"
"<div style=""text-align: left; font-family: -apple-system, sans-serif;""><div style=""font-size: 11px; color: #888; margin-bottom: 6px;"">[T20 - Equips de protecció individual (EPI)] Pregunta 400</div><div style=""font-weight: bold; font-size: 16px; margin-bottom: 14px; line-height: 1.4;"">Quins coneixements ha de tenir el bomber sobre l’ERA, a més del funcionament tècnic?</div><div style=""font-size: 14px; line-height: 1.6;""><div style=""padding: 5px 0;""><b>A)</b> Exclusivament càlculs de pressió hidràulica</div><div style=""padding: 5px 0;""><b>B)</b> Únicament protocols de comunicació exterior</div><div style=""padding: 5px 0;""><b>C)</b> Normes de seguretat, control d’accessos i prevenció de contaminants</div><div style=""padding: 5px 0;""><b>D)</b> Només tècniques de reparació del manoreductor</div></div></div>","<div style=""text-align: left; font-family: -apple-system, sans-serif;""><div style=""font-weight: bold; font-size: 16px; color: #10b981; margin-bottom: 8px;"">✓ Resposta Correcta: C</div><div style=""font-size: 14px; margin-bottom: 12px; padding: 10px; background: rgba(16,185,129,0.1); border-radius: 6px; border-left: 4px solid #10b981;"">C) Normes de seguretat, control d’accessos i prevenció de contaminants</div><hr style=""border: 0; border-top: 1px solid #ddd; margin: 12px 0;""><div style=""font-size: 13px; color: #444; line-height: 1.4;""><b style=""color: #111;"">Explicació:</b> MAN.SEGU.000 V1.2026

3.1. Introducció

El bomber ha de conèixer no només el funcionament tècnic de l’ERA, sinó també les normes de seguretat, els protocols de control d’accessos a la zona calenta i les bones pràctiques per prevenir la transmissió de contaminants.</div></div>","T20_-_Equips_de_proteccio_individual_EPI","racord_3942bf06-ebe0-4523-bc68-7483e7965a76"
"<div style=""text-align: left; font-family: -apple-system, sans-serif;""><div style=""font-size: 11px; color: #888; margin-bottom: 6px;"">[T20 - Equips de protecció individual (EPI)] Pregunta 401</div><div style=""font-weight: bold; font-size: 16px; margin-bottom: 14px; line-height: 1.4;"">Indiqueu quina de les afirmacions següents és INCORRECTA sobre el reductor de pressió:</div><div style=""font-size: 14px; line-height: 1.6;""><div style=""padding: 5px 0;""><b>A)</b> Inclou vàlvules per evitar sobrepressions</div><div style=""padding: 5px 0;""><b>B)</b> Redueix la pressió procedent de l’ampolla</div><div style=""padding: 5px 0;""><b>C)</b> Proporciona una pressió de treball segura</div><div style=""padding: 5px 0;""><b>D)</b> Augmenta la baixa pressió fins a la pressió de càrrega de l’ampolla</div></div></div>","<div style=""text-align: left; font-family: -apple-system, sans-serif;""><div style=""font-weight: bold; font-size: 16px; color: #10b981; margin-bottom: 8px;"">✓ Resposta Correcta: D</div><div style=""font-size: 14px; margin-bottom: 12px; padding: 10px; background: rgba(16,185,129,0.1); border-radius: 6px; border-left: 4px solid #10b981;"">D) Augmenta la baixa pressió fins a la pressió de càrrega de l’ampolla</div><hr style=""border: 0; border-top: 1px solid #ddd; margin: 12px 0;""><div style=""font-size: 13px; color: #444; line-height: 1.4;""><b style=""color: #111;"">Explicació:</b> MAN.SEGU.000 V1.2026

3.2. Parts d’un equip de respiració autònoma (ERA)

Converteix la pressió de l’aire de l’ampolla (alta pressió) en una pressió de treball segura per al sistema (baixa pressió). Inclou vàlvules de seguretat per evitar sobrepressions.</div></div>","T20_-_Equips_de_proteccio_individual_EPI","racord_8eaae477-65a5-49bb-b413-e611943e29c0"
"<div style=""text-align: left; font-family: -apple-system, sans-serif;""><div style=""font-size: 11px; color: #888; margin-bottom: 6px;"">[T20 - Equips de protecció individual (EPI)] Pregunta 402</div><div style=""font-weight: bold; font-size: 16px; margin-bottom: 14px; line-height: 1.4;"">Quina relació entre norma i equip és correcta?</div><div style=""font-size: 14px; line-height: 1.6;""><div style=""padding: 5px 0;""><b>A)</b> EN 16473 — vestuari d’incendi estructural</div><div style=""padding: 5px 0;""><b>B)</b> EN 16471 — guants de protecció per a bombers</div><div style=""padding: 5px 0;""><b>C)</b> EN 15090 — calçat de protecció per a bombers</div><div style=""padding: 5px 0;""><b>D)</b> EN 659 — cascos per a rescat tècnic</div></div></div>","<div style=""text-align: left; font-family: -apple-system, sans-serif;""><div style=""font-weight: bold; font-size: 16px; color: #10b981; margin-bottom: 8px;"">✓ Resposta Correcta: C</div><div style=""font-size: 14px; margin-bottom: 12px; padding: 10px; background: rgba(16,185,129,0.1); border-radius: 6px; border-left: 4px solid #10b981;"">C) EN 15090 — calçat de protecció per a bombers</div><hr style=""border: 0; border-top: 1px solid #ddd; margin: 12px 0;""><div style=""font-size: 13px; color: #444; line-height: 1.4;""><b style=""color: #111;"">Explicació:</b> MAN.SEGU.000 V1.2026

2.2.3. Altres normes de vestuari i equips de protecció dels bombers

EN 16471 – Cascos per a incendis forestals. EN 16473 – Cascos per a rescat tècnic. EN 15090 – Calçat de protecció per a bombers. EN 659 – Guants de protecció per a bombers.</div></div>","T20_-_Equips_de_proteccio_individual_EPI","racord_78e77227-4dd4-4d70-a0d2-8fa1adec931a"
"<div style=""text-align: left; font-family: -apple-system, sans-serif;""><div style=""font-size: 11px; color: #888; margin-bottom: 6px;"">[T20 - Equips de protecció individual (EPI)] Pregunta 403</div><div style=""font-weight: bold; font-size: 16px; margin-bottom: 14px; line-height: 1.4;"">Qui pot adaptar el nivell mínim de protecció a cada actuació?</div><div style=""font-size: 14px; line-height: 1.6;""><div style=""padding: 5px 0;""><b>A)</b> El conductor del primer vehicle</div><div style=""padding: 5px 0;""><b>B)</b> El responsable del magatzem</div><div style=""padding: 5px 0;""><b>C)</b> Qualsevol membre de la dotació</div><div style=""padding: 5px 0;""><b>D)</b> El cap d’intervenció</div></div></div>","<div style=""text-align: left; font-family: -apple-system, sans-serif;""><div style=""font-weight: bold; font-size: 16px; color: #10b981; margin-bottom: 8px;"">✓ Resposta Correcta: D</div><div style=""font-size: 14px; margin-bottom: 12px; padding: 10px; background: rgba(16,185,129,0.1); border-radius: 6px; border-left: 4px solid #10b981;"">D) El cap d’intervenció</div><hr style=""border: 0; border-top: 1px solid #ddd; margin: 12px 0;""><div style=""font-size: 13px; color: #444; line-height: 1.4;""><b style=""color: #111;"">Explicació:</b> MAN.SEGU.000 V1.2026

1. Introducció

El nivell mínim de protecció dels equips de protecció individual es regula mitjançant el procediment corresponent, i pot ser adaptat pel cap d’intervenció, d’acord amb l’avaluació dels riscos i les característiques de cada actuació.</div></div>","T20_-_Equips_de_proteccio_individual_EPI","racord_6fbc4b1e-0891-418a-ad9f-72b34e58b2f9"
"<div style=""text-align: left; font-family: -apple-system, sans-serif;""><div style=""font-size: 11px; color: #888; margin-bottom: 6px;"">[T20 - Equips de protecció individual (EPI)] Pregunta 404</div><div style=""font-weight: bold; font-size: 16px; margin-bottom: 14px; line-height: 1.4;"">Indiqueu quina de les afirmacions següents és CERTA sobre la gestió dels EPI després de cada servei.</div><div style=""font-size: 14px; line-height: 1.6;""><div style=""padding: 5px 0;""><b>A)</b> És una tasca exclusivament administrativa</div><div style=""padding: 5px 0;""><b>B)</b> És una actuació opcional si no hi ha sutge visible</div><div style=""padding: 5px 0;""><b>C)</b> Només és necessària després d’incendis industrials</div><div style=""padding: 5px 0;""><b>D)</b> És una mesura vital de salut i seguretat</div></div></div>","<div style=""text-align: left; font-family: -apple-system, sans-serif;""><div style=""font-weight: bold; font-size: 16px; color: #10b981; margin-bottom: 8px;"">✓ Resposta Correcta: D</div><div style=""font-size: 14px; margin-bottom: 12px; padding: 10px; background: rgba(16,185,129,0.1); border-radius: 6px; border-left: 4px solid #10b981;"">D) És una mesura vital de salut i seguretat</div><hr style=""border: 0; border-top: 1px solid #ddd; margin: 12px 0;""><div style=""font-size: 13px; color: #444; line-height: 1.4;""><b style=""color: #111;"">Explicació:</b> MAN.SEGU.000 V1.2026

4.2.1. Consciència sobre els contaminants en els EPIs

La gestió correcta dels EPI després de cada servei és molt més que una rutina de manteniment: és una mesura de salut i seguretat vital.</div></div>","T20_-_Equips_de_proteccio_individual_EPI","racord_aa73b379-3346-48c7-9675-dd7651272c51"
"<div style=""text-align: left; font-family: -apple-system, sans-serif;""><div style=""font-size: 11px; color: #888; margin-bottom: 6px;"">[T20 - Equips de protecció individual (EPI)] Pregunta 405</div><div style=""font-weight: bold; font-size: 16px; margin-bottom: 14px; line-height: 1.4;"">En quins tipus d’atmosfera són imprescindibles els equips de protecció respiratòria?</div><div style=""font-size: 14px; line-height: 1.6;""><div style=""padding: 5px 0;""><b>A)</b> En espais oberts amb bona ventilació</div><div style=""padding: 5px 0;""><b>B)</b> En atmosferes netes amb excés d’humitat</div><div style=""padding: 5px 0;""><b>C)</b> En atmosferes contaminades o amb manca d’oxigen</div><div style=""padding: 5px 0;""><b>D)</b> En qualsevol entorn, encara que no existeixi risc respiratori</div></div></div>","<div style=""text-align: left; font-family: -apple-system, sans-serif;""><div style=""font-weight: bold; font-size: 16px; color: #10b981; margin-bottom: 8px;"">✓ Resposta Correcta: C</div><div style=""font-size: 14px; margin-bottom: 12px; padding: 10px; background: rgba(16,185,129,0.1); border-radius: 6px; border-left: 4px solid #10b981;"">C) En atmosferes contaminades o amb manca d’oxigen</div><hr style=""border: 0; border-top: 1px solid #ddd; margin: 12px 0;""><div style=""font-size: 13px; color: #444; line-height: 1.4;""><b style=""color: #111;"">Explicació:</b> MAN.SEGU.000 V1.2026

3.1. Introducció

Els equips de protecció respiratòria són una eina imprescindible per garantir la seguretat dels bombers en entorns amb atmosfera contaminada o amb manca d’oxigen.</div></div>","T20_-_Equips_de_proteccio_individual_EPI","racord_a49f5696-4ec1-43dd-ac68-d4aab3fec262"
"<div style=""text-align: left; font-family: -apple-system, sans-serif;""><div style=""font-size: 11px; color: #888; margin-bottom: 6px;"">[T20 - Equips de protecció individual (EPI)] Pregunta 406</div><div style=""font-weight: bold; font-size: 16px; margin-bottom: 14px; line-height: 1.4;"">Quina composició té el vestit d’intervenció pesant?</div><div style=""font-size: 14px; line-height: 1.6;""><div style=""padding: 5px 0;""><b>A)</b> Granota lleugera sense barrera impermeable</div><div style=""padding: 5px 0;""><b>B)</b> Jaqueta i pantaló d��una sola capa</div><div style=""padding: 5px 0;""><b>C)</b> Vestit encapsulat amb aire autònom integrat</div><div style=""padding: 5px 0;""><b>D)</b> Jaquetó i sobrepantaló de tres capes</div></div></div>","<div style=""text-align: left; font-family: -apple-system, sans-serif;""><div style=""font-weight: bold; font-size: 16px; color: #10b981; margin-bottom: 8px;"">✓ Resposta Correcta: D</div><div style=""font-size: 14px; margin-bottom: 12px; padding: 10px; background: rgba(16,185,129,0.1); border-radius: 6px; border-left: 4px solid #10b981;"">D) Jaquetó i sobrepantaló de tres capes</div><hr style=""border: 0; border-top: 1px solid #ddd; margin: 12px 0;""><div style=""font-size: 13px; color: #444; line-height: 1.4;""><b style=""color: #111;"">Explicació:</b> MAN.SEGU.000 V1.2026

2.3.2. Vestit d’intervenció

Disseny: conjunt jaquetó + sobrepantaló de 3 capes, amb barreres tèrmica i impermeable.</div></div>","T20_-_Equips_de_proteccio_individual_EPI","racord_32281c8f-30eb-412b-8826-12baff8b6448"
"<div style=""text-align: left; font-family: -apple-system, sans-serif;""><div style=""font-size: 11px; color: #888; margin-bottom: 6px;"">[T20 - Equips de protecció individual (EPI)] Pregunta 407</div><div style=""font-weight: bold; font-size: 16px; margin-bottom: 14px; line-height: 1.4;"">Quina és la funció principal dels equips de protecció respiratòria?</div><div style=""font-size: 14px; line-height: 1.6;""><div style=""padding: 5px 0;""><b>A)</b> Reduir la temperatura de l’aire inhalat pel bomber</div><div style=""padding: 5px 0;""><b>B)</b> Filtrar exclusivament les partícules sòlides de l’ambient</div><div style=""padding: 5px 0;""><b>C)</b> Subministrar aire respirable de manera segura i constant</div><div style=""padding: 5px 0;""><b>D)</b> Subministrar oxigen pur només durant la fase de sortida</div></div></div>","<div style=""text-align: left; font-family: -apple-system, sans-serif;""><div style=""font-weight: bold; font-size: 16px; color: #10b981; margin-bottom: 8px;"">✓ Resposta Correcta: C</div><div style=""font-size: 14px; margin-bottom: 12px; padding: 10px; background: rgba(16,185,129,0.1); border-radius: 6px; border-left: 4px solid #10b981;"">C) Subministrar aire respirable de manera segura i constant</div><hr style=""border: 0; border-top: 1px solid #ddd; margin: 12px 0;""><div style=""font-size: 13px; color: #444; line-height: 1.4;""><b style=""color: #111;"">Explicació:</b> MAN.SEGU.000 V1.2026

3.1. Introducció

La seva funció és subministrar aire respirable de forma segura i constant, permetent al bomber desenvolupar la seva tasca sense exposar-se als riscos derivats de la inhalació de gasos tòxics, fum, vapors o partícules en suspensió.</div></div>","T20_-_Equips_de_proteccio_individual_EPI","racord_4cb5d970-34d9-4141-a43d-58d3c2b59f9f"
"<div style=""text-align: left; font-family: -apple-system, sans-serif;""><div style=""font-size: 11px; color: #888; margin-bottom: 6px;"">[T20 - Equips de protecció individual (EPI)] Pregunta 408</div><div style=""font-weight: bold; font-size: 16px; margin-bottom: 14px; line-height: 1.4;"">Quins contaminants poden quedar impregnats als EPI després d’una intervenció?</div><div style=""font-size: 14px; line-height: 1.6;""><div style=""padding: 5px 0;""><b>A)</b> Contaminants químics i partícules tòxiques invisibles</div><div style=""padding: 5px 0;""><b>B)</b> Exclusivament aigua i humitat ambiental</div><div style=""padding: 5px 0;""><b>C)</b> Només terra i pols fàcilment visibles</div><div style=""padding: 5px 0;""><b>D)</b> Només residus biològics detectables a simple vista</div></div></div>","<div style=""text-align: left; font-family: -apple-system, sans-serif;""><div style=""font-weight: bold; font-size: 16px; color: #10b981; margin-bottom: 8px;"">✓ Resposta Correcta: A</div><div style=""font-size: 14px; margin-bottom: 12px; padding: 10px; background: rgba(16,185,129,0.1); border-radius: 6px; border-left: 4px solid #10b981;"">A) Contaminants químics i partícules tòxiques invisibles</div><hr style=""border: 0; border-top: 1px solid #ddd; margin: 12px 0;""><div style=""font-size: 13px; color: #444; line-height: 1.4;""><b style=""color: #111;"">Explicació:</b> MAN.SEGU.000 V1.2026

4.2.1. Consciència sobre els contaminants en els EPIs

Molts cops, queden impregnats de contaminants químics i partícules tòxiques derivades de la combustió de materials (plàstics, pintures, coles, etc.), que són invisibles a simple vista.</div></div>","T20_-_Equips_de_proteccio_individual_EPI","racord_ce26a090-5a34-4adc-a008-b2b7e898aa12"
"<div style=""text-align: left; font-family: -apple-system, sans-serif;""><div style=""font-size: 11px; color: #888; margin-bottom: 6px;"">[T20 - Equips de protecció individual (EPI)] Pregunta 409</div><div style=""font-weight: bold; font-size: 16px; margin-bottom: 14px; line-height: 1.4;"">Per què l’ERA forma part de la seguretat col·lectiva?</div><div style=""font-size: 14px; line-height: 1.6;""><div style=""padding: 5px 0;""><b>A)</b> Perquè permet prescindir del control d’accessos</div><div style=""padding: 5px 0;""><b>B)</b> Perquè el seu ús correcte protegeix el bomber i el conjunt de l’equip</div><div style=""padding: 5px 0;""><b>C)</b> Perquè elimina tots els riscos existents a la zona calenta</div><div style=""padding: 5px 0;""><b>D)</b> Perquè substitueix els protocols operatius de la intervenció</div></div></div>","<div style=""text-align: left; font-family: -apple-system, sans-serif;""><div style=""font-weight: bold; font-size: 16px; color: #10b981; margin-bottom: 8px;"">✓ Resposta Correcta: B</div><div style=""font-size: 14px; margin-bottom: 12px; padding: 10px; background: rgba(16,185,129,0.1); border-radius: 6px; border-left: 4px solid #10b981;"">B) Perquè el seu ús correcte protegeix el bomber i el conjunt de l’equip</div><hr style=""border: 0; border-top: 1px solid #ddd; margin: 12px 0;""><div style=""font-size: 13px; color: #444; line-height: 1.4;""><b style=""color: #111;"">Explicació:</b> MAN.SEGU.000 V1.2026

3.1. Introducció

L’ERA no és només una eina de protecció individual, sinó una part clau de la seguretat col·lectiva en una intervenció.</div></div>","T20_-_Equips_de_proteccio_individual_EPI","racord_a0826f80-a70e-4436-852c-91a630bdb5b3"
"<div style=""text-align: left; font-family: -apple-system, sans-serif;""><div style=""font-size: 11px; color: #888; margin-bottom: 6px;"">[T20 - Equips de protecció individual (EPI)] Pregunta 410</div><div style=""font-weight: bold; font-size: 16px; margin-bottom: 14px; line-height: 1.4;"">Indiqueu quina de les afirmacions següents és INCORRECTA sobre els EPI de categoria III:</div><div style=""font-size: 14px; line-height: 1.6;""><div style=""padding: 5px 0;""><b>A)</b> Poden protegir davant tensió elèctrica</div><div style=""padding: 5px 0;""><b>B)</b> Inclouen protecció davant caigudes en alçada</div><div style=""padding: 5px 0;""><b>C)</b> Protegeixen principalment davant agressions mecàniques superficials</div><div style=""padding: 5px 0;""><b>D)</b> Poden protegir davant atmosferes tòxiques</div></div></div>","<div style=""text-align: left; font-family: -apple-system, sans-serif;""><div style=""font-weight: bold; font-size: 16px; color: #10b981; margin-bottom: 8px;"">✓ Resposta Correcta: C</div><div style=""font-size: 14px; margin-bottom: 12px; padding: 10px; background: rgba(16,185,129,0.1); border-radius: 6px; border-left: 4px solid #10b981;"">C) Protegeixen principalment davant agressions mecàniques superficials</div><hr style=""border: 0; border-top: 1px solid #ddd; margin: 12px 0;""><div style=""font-size: 13px; color: #444; line-height: 1.4;""><b style=""color: #111;"">Explicació:</b> MAN.SEGU.000 V1.2026

2.1.1. Categories

Inclou, entre d’altres, exposició a atmosferes tòxiques o nocives, agressions químiques, temperatures extremes, caigudes en alçada i contacte amb tensió elèctrica.</div></div>","T20_-_Equips_de_proteccio_individual_EPI","racord_ec426974-120c-49f0-a960-3d642169b699"
"<div style=""text-align: left; font-family: -apple-system, sans-serif;""><div style=""font-size: 11px; color: #888; margin-bottom: 6px;"">[T20 - Equips de protecció individual (EPI)] Pregunta 411</div><div style=""font-weight: bold; font-size: 16px; margin-bottom: 14px; line-height: 1.4;"">Quin nivell de risc correspon als EPI de categoria III?</div><div style=""font-size: 14px; line-height: 1.6;""><div style=""padding: 5px 0;""><b>A)</b> Riscos mínims amb efectes graduals</div><div style=""padding: 5px 0;""><b>B)</b> Riscos mecànics superficials exclusivament</div><div style=""padding: 5px 0;""><b>C)</b> Riscos moderats amb danys fàcilment reparables</div><div style=""padding: 5px 0;""><b>D)</b> Riscos greus o mortals amb possibles danys irreversibles</div></div></div>","<div style=""text-align: left; font-family: -apple-system, sans-serif;""><div style=""font-weight: bold; font-size: 16px; color: #10b981; margin-bottom: 8px;"">✓ Resposta Correcta: D</div><div style=""font-size: 14px; margin-bottom: 12px; padding: 10px; background: rgba(16,185,129,0.1); border-radius: 6px; border-left: 4px solid #10b981;"">D) Riscos greus o mortals amb possibles danys irreversibles</div><hr style=""border: 0; border-top: 1px solid #ddd; margin: 12px 0;""><div style=""font-size: 13px; color: #444; line-height: 1.4;""><b style=""color: #111;"">Explicació:</b> MAN.SEGU.000 V1.2026

2.1.1. Categories

Categoria III – Protegeix davant de riscos greus per la salut o mortals, susceptibles de provocar danys irreversibles pel treballador.</div></div>","T20_-_Equips_de_proteccio_individual_EPI","racord_28444b49-a9ca-41c3-9570-d1196b3e408f"
"<div style=""text-align: left; font-family: -apple-system, sans-serif;""><div style=""font-size: 11px; color: #888; margin-bottom: 6px;"">[T20 - Equips de protecció individual (EPI)] Pregunta 412</div><div style=""font-weight: bold; font-size: 16px; margin-bottom: 14px; line-height: 1.4;"">En quantes categories es classifiquen els equips de protecció individual segons el nivell de risc?</div><div style=""font-size: 14px; line-height: 1.6;""><div style=""padding: 5px 0;""><b>A)</b> Cinc</div><div style=""padding: 5px 0;""><b>B)</b> Quatre</div><div style=""padding: 5px 0;""><b>C)</b> Dues</div><div style=""padding: 5px 0;""><b>D)</b> Tres</div></div></div>","<div style=""text-align: left; font-family: -apple-system, sans-serif;""><div style=""font-weight: bold; font-size: 16px; color: #10b981; margin-bottom: 8px;"">✓ Resposta Correcta: D</div><div style=""font-size: 14px; margin-bottom: 12px; padding: 10px; background: rgba(16,185,129,0.1); border-radius: 6px; border-left: 4px solid #10b981;"">D) Tres</div><hr style=""border: 0; border-top: 1px solid #ddd; margin: 12px 0;""><div style=""font-size: 13px; color: #444; line-height: 1.4;""><b style=""color: #111;"">Explicació:</b> MAN.SEGU.000 V1.2026

2.1.1. Categories

Els equips de protecció individual es classifiquen en tres categories segons el nivell de risc davant el qual protegeixen.</div></div>","T20_-_Equips_de_proteccio_individual_EPI","racord_cc537695-c03f-4f1c-97e4-1d4a63b37e3c"
"<div style=""text-align: left; font-family: -apple-system, sans-serif;""><div style=""font-size: 11px; color: #888; margin-bottom: 6px;"">[T20 - Equips de protecció individual (EPI)] Pregunta 413</div><div style=""font-weight: bold; font-size: 16px; margin-bottom: 14px; line-height: 1.4;"">Com es defineix la responsabilitat sobre la seguretat dins l’equip?</div><div style=""font-size: 14px; line-height: 1.6;""><div style=""padding: 5px 0;""><b>A)</b> Exclusivitat</div><div style=""padding: 5px 0;""><b>B)</b> Corresponsabilitat</div><div style=""padding: 5px 0;""><b>C)</b> Delegació</div><div style=""padding: 5px 0;""><b>D)</b> Subordinació</div></div></div>","<div style=""text-align: left; font-family: -apple-system, sans-serif;""><div style=""font-weight: bold; font-size: 16px; color: #10b981; margin-bottom: 8px;"">✓ Resposta Correcta: B</div><div style=""font-size: 14px; margin-bottom: 12px; padding: 10px; background: rgba(16,185,129,0.1); border-radius: 6px; border-left: 4px solid #10b981;"">B) Corresponsabilitat</div><hr style=""border: 0; border-top: 1px solid #ddd; margin: 12px 0;""><div style=""font-size: 13px; color: #444; line-height: 1.4;""><b style=""color: #111;"">Explicació:</b> MAN.SEGU.000 V1.2026

1. Introducció

La seguretat és una corresponsabilitat compartida entre tots els membres de l’equip.</div></div>","T20_-_Equips_de_proteccio_individual_EPI","racord_657eb508-e5ef-4e6d-b107-4a6a65208306"
"<div style=""text-align: left; font-family: -apple-system, sans-serif;""><div style=""font-size: 11px; color: #888; margin-bottom: 6px;"">[T20 - Equips de protecció individual (EPI)] Pregunta 414</div><div style=""font-weight: bold; font-size: 16px; margin-bottom: 14px; line-height: 1.4;"">Com contribueix el manteniment adequat a la vida útil dels equips?</div><div style=""font-size: 14px; line-height: 1.6;""><div style=""padding: 5px 0;""><b>A)</b> Evita haver de fer proves funcionals</div><div style=""padding: 5px 0;""><b>B)</b> Retarda els desgasts i redueix els costos de reposició</div><div style=""padding: 5px 0;""><b>C)</b> Elimina completament el desgast dels materials</div><div style=""padding: 5px 0;""><b>D)</b> Permet utilitzar indefinidament qualsevol EPI</div></div></div>","<div style=""text-align: left; font-family: -apple-system, sans-serif;""><div style=""font-weight: bold; font-size: 16px; color: #10b981; margin-bottom: 8px;"">✓ Resposta Correcta: B</div><div style=""font-size: 14px; margin-bottom: 12px; padding: 10px; background: rgba(16,185,129,0.1); border-radius: 6px; border-left: 4px solid #10b981;"">B) Retarda els desgasts i redueix els costos de reposició</div><hr style=""border: 0; border-top: 1px solid #ddd; margin: 12px 0;""><div style=""font-size: 13px; color: #444; line-height: 1.4;""><b style=""color: #111;"">Explicació:</b> MAN.SEGU.000 V1.2026

4.1.3. Importància de la revisió diària

Allargar la vida útil dels equips: Un manteniment adequat retarda desgasts i redueix costos de reposició.</div></div>","T20_-_Equips_de_proteccio_individual_EPI","racord_87f0f7b7-a247-4a81-b97c-7597b88e74dc"
"<div style=""text-align: left; font-family: -apple-system, sans-serif;""><div style=""font-size: 11px; color: #888; margin-bottom: 6px;"">[T20 - Equips de protecció individual (EPI)] Pregunta 415</div><div style=""font-weight: bold; font-size: 16px; margin-bottom: 14px; line-height: 1.4;"">Indiqueu quina de les afirmacions següents és CERTA sobre l’ús de l’ERA:</div><div style=""font-size: 14px; line-height: 1.6;""><div style=""padding: 5px 0;""><b>A)</b> És opcional en atmosferes explosives</div><div style=""padding: 5px 0;""><b>B)</b> Pot ser obligatori en incendis, fuites químiques o espais confinats</div><div style=""padding: 5px 0;""><b>C)</b> Només és obligatori en incendis forestals</div><div style=""padding: 5px 0;""><b>D)</b> No s’utilitza en espais confinats</div></div></div>","<div style=""text-align: left; font-family: -apple-system, sans-serif;""><div style=""font-weight: bold; font-size: 16px; color: #10b981; margin-bottom: 8px;"">✓ Resposta Correcta: B</div><div style=""font-size: 14px; margin-bottom: 12px; padding: 10px; background: rgba(16,185,129,0.1); border-radius: 6px; border-left: 4px solid #10b981;"">B) Pot ser obligatori en incendis, fuites químiques o espais confinats</div><hr style=""border: 0; border-top: 1px solid #ddd; margin: 12px 0;""><div style=""font-size: 13px; color: #444; line-height: 1.4;""><b style=""color: #111;"">Explicació:</b> MAN.SEGU.000 V1.2026

3.1. Introducció

En moltes intervencions, especialment en incendis, fuites de productes químics, atmosferes explosives o espais confinats, l’ús de l’equip de respiració autònoma (ERA) és obligatori.</div></div>","T20_-_Equips_de_proteccio_individual_EPI","racord_105a3f4a-1cf7-4224-8eb7-42405596d3bd"
"<div style=""text-align: left; font-family: -apple-system, sans-serif;""><div style=""font-size: 11px; color: #888; margin-bottom: 6px;"">[T20 - Equips de protecció individual (EPI)] Pregunta 416</div><div style=""font-weight: bold; font-size: 16px; margin-bottom: 14px; line-height: 1.4;"">Indiqueu quina de les afirmacions següents és INCORRECTA sobre la cadena de transmissió dels contaminants:</div><div style=""font-size: 14px; line-height: 1.6;""><div style=""padding: 5px 0;""><b>A)</b> Cada bomber té responsabilitat en la gestió dels contaminants</div><div style=""padding: 5px 0;""><b>B)</b> Cal respectar les zones netes i brutes del parc</div><div style=""padding: 5px 0;""><b>C)</b> Cal evitar manipular l’EPI brut sense guants</div><div style=""padding: 5px 0;""><b>D)</b> Trencar la cadena de transmissió correspon només al personal de neteja</div></div></div>","<div style=""text-align: left; font-family: -apple-system, sans-serif;""><div style=""font-weight: bold; font-size: 16px; color: #10b981; margin-bottom: 8px;"">✓ Resposta Correcta: D</div><div style=""font-size: 14px; margin-bottom: 12px; padding: 10px; background: rgba(16,185,129,0.1); border-radius: 6px; border-left: 4px solid #10b981;"">D) Trencar la cadena de transmissió correspon només al personal de neteja</div><hr style=""border: 0; border-top: 1px solid #ddd; margin: 12px 0;""><div style=""font-size: 13px; color: #444; line-height: 1.4;""><b style=""color: #111;"">Explicació:</b> MAN.SEGU.000 V1.2026

4.2.1. Consciència sobre els contaminants en els EPIs

Cada bomber és responsable de trencar la cadena de transmissió dels contaminants.</div></div>","T20_-_Equips_de_proteccio_individual_EPI","racord_70d83029-245e-4e94-a75b-af882c42f225"
"<div style=""text-align: left; font-family: -apple-system, sans-serif;""><div style=""font-size: 11px; color: #888; margin-bottom: 6px;"">[T20 - Equips de protecció individual (EPI)] Pregunta 417</div><div style=""font-weight: bold; font-size: 16px; margin-bottom: 14px; line-height: 1.4;"">Quan pot ser necessària una inspecció assistida de l'EPI?</div><div style=""font-size: 14px; line-height: 1.6;""><div style=""padding: 5px 0;""><b>A)</b> Quan cal determinar millor l’operativitat i la gestió necessària</div><div style=""padding: 5px 0;""><b>B)</b> Sempre abans de fer la inspecció bàsica</div><div style=""padding: 5px 0;""><b>C)</b> Exclusivament quan la brutícia és visible</div><div style=""padding: 5px 0;""><b>D)</b> Només quan l’equip no s’ha utilitzat</div></div></div>","<div style=""text-align: left; font-family: -apple-system, sans-serif;""><div style=""font-weight: bold; font-size: 16px; color: #10b981; margin-bottom: 8px;"">✓ Resposta Correcta: A</div><div style=""font-size: 14px; margin-bottom: 12px; padding: 10px; background: rgba(16,185,129,0.1); border-radius: 6px; border-left: 4px solid #10b981;"">A) Quan cal determinar millor l’operativitat i la gestió necessària</div><hr style=""border: 0; border-top: 1px solid #ddd; margin: 12px 0;""><div style=""font-size: 13px; color: #444; line-height: 1.4;""><b style=""color: #111;"">Explicació:</b> MAN.SEGU.000 V1.2026

4.2.2. Gestió in situ

Cal fer la inspecció bàsica de l’equip a lloc i, si cal, una inspecció assistida per determinar l’operativitat de l’element i el tipus de gestió que necessita.</div></div>","T20_-_Equips_de_proteccio_individual_EPI","racord_2e255f30-20aa-4143-a471-b2e88bc81e22"
"<div style=""text-align: left; font-family: -apple-system, sans-serif;""><div style=""font-size: 11px; color: #888; margin-bottom: 6px;"">[T20 - Equips de protecció individual (EPI)] Pregunta 418</div><div style=""font-weight: bold; font-size: 16px; margin-bottom: 14px; line-height: 1.4;"">Indiqueu quina de les afirmacions següents és INCORRECTA sobre l’alarma d’immobilitat:</div><div style=""font-size: 14px; line-height: 1.6;""><div style=""padding: 5px 0;""><b>A)</b> Detecta la manca de moviment del bomber</div><div style=""padding: 5px 0;""><b>B)</b> Queda fixada si no hi ha moviment durant els 10 segons següents</div><div style=""padding: 5px 0;""><b>C)</b> Inicia l’avís després de 30 segons sense moviment</div><div style=""padding: 5px 0;""><b>D)</b> Queda fixada immediatament després de 10 segons sense moviment</div></div></div>","<div style=""text-align: left; font-family: -apple-system, sans-serif;""><div style=""font-weight: bold; font-size: 16px; color: #10b981; margin-bottom: 8px;"">✓ Resposta Correcta: D</div><div style=""font-size: 14px; margin-bottom: 12px; padding: 10px; background: rgba(16,185,129,0.1); border-radius: 6px; border-left: 4px solid #10b981;"">D) Queda fixada immediatament després de 10 segons sense moviment</div><hr style=""border: 0; border-top: 1px solid #ddd; margin: 12px 0;""><div style=""font-size: 13px; color: #444; line-height: 1.4;""><b style=""color: #111;"">Explicació:</b> MAN.SEGU.000 V1.2026

3.2. Parts d’un equip de respiració autònoma (ERA)

Aquesta alarma s’activa quan el dispositiu de control electrònic no detecta moviment per part de l’usuari durant 30”. Si en els 10” següents no detecta cap moviment, l’alarma queda fixada i només es pot desactivar manualment.</div></div>","T20_-_Equips_de_proteccio_individual_EPI","racord_6564736b-31c3-4298-bab9-c3749d1bce28"
"<div style=""text-align: left; font-family: -apple-system, sans-serif;""><div style=""font-size: 11px; color: #888; margin-bottom: 6px;"">[T20 - Equips de protecció individual (EPI)] Pregunta 419</div><div style=""font-weight: bold; font-size: 16px; margin-bottom: 14px; line-height: 1.4;"">Indiqueu quina de les afirmacions següents és INCORRECTA sobre els factors que poden motivar una gestió avançada:</div><div style=""font-size: 14px; line-height: 1.6;""><div style=""padding: 5px 0;""><b>A)</b> La manca de mitjans pot motivar-la</div><div style=""padding: 5px 0;""><b>B)</b> La preferència personal de l’usuari és un factor determinant</div><div style=""padding: 5px 0;""><b>C)</b> Les instruccions del fabricant poden motivar-la</div><div style=""padding: 5px 0;""><b>D)</b> L’estat de l’equip pot motivar-la</div></div></div>","<div style=""text-align: left; font-family: -apple-system, sans-serif;""><div style=""font-weight: bold; font-size: 16px; color: #10b981; margin-bottom: 8px;"">✓ Resposta Correcta: B</div><div style=""font-size: 14px; margin-bottom: 12px; padding: 10px; background: rgba(16,185,129,0.1); border-radius: 6px; border-left: 4px solid #10b981;"">B) La preferència personal de l’usuari és un factor determinant</div><hr style=""border: 0; border-top: 1px solid #ddd; margin: 12px 0;""><div style=""font-size: 13px; color: #444; line-height: 1.4;""><b style=""color: #111;"">Explicació:</b> MAN.SEGU.000 V1.2026

4.2.4. Gestió avançada o fora de parc

La necessitat de dur a terme una gestió avançada o especialitzada pot estar motivada per l’estat de l’equip, la manca de mitjans necessaris, les instruccions del fabricant o els riscos de manipulació durant el manteniment.</div></div>","T20_-_Equips_de_proteccio_individual_EPI","racord_cb9c2c32-8079-43b5-a7b0-e5b3d4fad32f"
"<div style=""text-align: left; font-family: -apple-system, sans-serif;""><div style=""font-size: 11px; color: #888; margin-bottom: 6px;"">[T20 - Equips de protecció individual (EPI)] Pregunta 420</div><div style=""font-weight: bold; font-size: 16px; margin-bottom: 14px; line-height: 1.4;"">Com han de quedar els equips després de cada ús?</div><div style=""font-size: 14px; line-height: 1.6;""><div style=""padding: 5px 0;""><b>A)</b> Nets i secs</div><div style=""padding: 5px 0;""><b>B)</b> Emmagatzemats sense netejar</div><div style=""padding: 5px 0;""><b>C)</b> Nets, encara que quedin mullats</div><div style=""padding: 5px 0;""><b>D)</b> Humits i ventilats</div></div></div>","<div style=""text-align: left; font-family: -apple-system, sans-serif;""><div style=""font-weight: bold; font-size: 16px; color: #10b981; margin-bottom: 8px;"">✓ Resposta Correcta: A</div><div style=""font-size: 14px; margin-bottom: 12px; padding: 10px; background: rgba(16,185,129,0.1); border-radius: 6px; border-left: 4px solid #10b981;"">A) Nets i secs</div><hr style=""border: 0; border-top: 1px solid #ddd; margin: 12px 0;""><div style=""font-size: 13px; color: #444; line-height: 1.4;""><b style=""color: #111;"">Explicació:</b> MAN.SEGU.000 V1.2026

4.1.2. Criteris generals de manteniment dels EPI

Neteja i higiene: Després de cada ús, els equips han de quedar nets i secs.</div></div>","T20_-_Equips_de_proteccio_individual_EPI","racord_fb203aef-352c-4e23-a575-e42ac46a3346"
"<div style=""text-align: left; font-family: -apple-system, sans-serif;""><div style=""font-size: 11px; color: #888; margin-bottom: 6px;"">[T20 - Equips de protecció individual (EPI)] Pregunta 421</div><div style=""font-weight: bold; font-size: 16px; margin-bottom: 14px; line-height: 1.4;"">Quina diferència hi ha entre la categoria i el pictograma d’un EPI?</div><div style=""font-size: 14px; line-height: 1.6;""><div style=""padding: 5px 0;""><b>A)</b> La categoria indica el fabricant i el pictograma el risc</div><div style=""padding: 5px 0;""><b>B)</b> La categoria indica la gravetat i el pictograma la funció concreta</div><div style=""padding: 5px 0;""><b>C)</b> La categoria indica la funció i el pictograma la talla</div><div style=""padding: 5px 0;""><b>D)</b> La categoria indica la norma i el pictograma la vida útil</div></div></div>","<div style=""text-align: left; font-family: -apple-system, sans-serif;""><div style=""font-weight: bold; font-size: 16px; color: #10b981; margin-bottom: 8px;"">✓ Resposta Correcta: B</div><div style=""font-size: 14px; margin-bottom: 12px; padding: 10px; background: rgba(16,185,129,0.1); border-radius: 6px; border-left: 4px solid #10b981;"">B) La categoria indica la gravetat i el pictograma la funció concreta</div><hr style=""border: 0; border-top: 1px solid #ddd; margin: 12px 0;""><div style=""font-size: 13px; color: #444; line-height: 1.4;""><b style=""color: #111;"">Explicació:</b> MAN.SEGU.000 V1.2026

2.1.2. Pictogrames

La categoria defineix el nivell de gravetat del risc i la complexitat dels assaigs que ha superat l’equip, el pictograma especifica la seva funció concreta.</div></div>","T20_-_Equips_de_proteccio_individual_EPI","racord_e6a65e66-84e1-4f68-98ec-5f403f46568c"
"<div style=""text-align: left; font-family: -apple-system, sans-serif;""><div style=""font-size: 11px; color: #888; margin-bottom: 6px;"">[T20 - Equips de protecció individual (EPI)] Pregunta 422</div><div style=""font-weight: bold; font-size: 16px; margin-bottom: 14px; line-height: 1.4;"">Quan s’inicia el procés de gestió dels contaminants?</div><div style=""font-size: 14px; line-height: 1.6;""><div style=""padding: 5px 0;""><b>A)</b> Només quan es detecta contaminació visible</div><div style=""padding: 5px 0;""><b>B)</b> Quan el material arriba a un centre especialitzat</div><div style=""padding: 5px 0;""><b>C)</b> Quan acaba la intervenció o l’ús de l’equip</div><div style=""padding: 5px 0;""><b>D)</b> Quan comença el torn de guàrdia següent</div></div></div>","<div style=""text-align: left; font-family: -apple-system, sans-serif;""><div style=""font-weight: bold; font-size: 16px; color: #10b981; margin-bottom: 8px;"">✓ Resposta Correcta: C</div><div style=""font-size: 14px; margin-bottom: 12px; padding: 10px; background: rgba(16,185,129,0.1); border-radius: 6px; border-left: 4px solid #10b981;"">C) Quan acaba la intervenció o l’ús de l’equip</div><hr style=""border: 0; border-top: 1px solid #ddd; margin: 12px 0;""><div style=""font-size: 13px; color: #444; line-height: 1.4;""><b style=""color: #111;"">Explicació:</b> MAN.SEGU.000 V1.2026

4.2.1. Consciència sobre els contaminants en els EPIs

El procés de gestió dels contaminants s’inicia en el moment en què s’acaba una intervenció o quan finalitza la utilització d’un equip, vehicle o eina.</div></div>","T20_-_Equips_de_proteccio_individual_EPI","racord_a94e498a-f662-4fac-92ba-d2f462417016"