"Front","Back","Tag","ID"
"<div style=""text-align: left; font-family: -apple-system, sans-serif;""><div style=""font-size: 11px; color: #888; margin-bottom: 6px;"">[T28 - Assistència sanitària] Pregunta 1</div><div style=""font-weight: bold; font-size: 16px; margin-bottom: 14px; line-height: 1.4;"">Quin valor de pressió arterial correspon a hipotensió en la classificació descrita?</div><div style=""font-size: 14px; line-height: 1.6;""><div style=""padding: 5px 0;""><b>A)</b> Entre 100/70 i 120/80 mmHg.</div><div style=""padding: 5px 0;""><b>B)</b> Superior a 140/90 mmHg.</div><div style=""padding: 5px 0;""><b>C)</b> Al voltant de 120/80 mmHg.</div><div style=""padding: 5px 0;""><b>D)</b> Inferior a 90/60 mmHg.</div></div></div>","<div style=""text-align: left; font-family: -apple-system, sans-serif;""><div style=""font-weight: bold; font-size: 16px; color: #10b981; margin-bottom: 8px;"">✓ Resposta Correcta: D</div><div style=""font-size: 14px; margin-bottom: 12px; padding: 10px; background: rgba(16,185,129,0.1); border-radius: 6px; border-left: 4px solid #10b981;"">D) Inferior a 90/60 mmHg.</div><hr style=""border: 0; border-top: 1px solid #ddd; margin: 12px 0;""><div style=""font-size: 13px; color: #444; line-height: 1.4;""><b style=""color: #111;"">Explicació:</b> La taula de valoració circulatòria situa la hipotensió per sota de 90/60 mmHg.</div></div>","T28_-_Assistencia_sanitaria","18651"
"<div style=""text-align: left; font-family: -apple-system, sans-serif;""><div style=""font-size: 11px; color: #888; margin-bottom: 6px;"">[T28 - Assistència sanitària] Pregunta 2</div><div style=""font-weight: bold; font-size: 16px; margin-bottom: 14px; line-height: 1.4;"">En l’anamnesi SPUMA, quin bloc recull què ha passat i el mecanisme de lesió o inici del malestar?</div><div style=""font-size: 14px; line-height: 1.6;""><div style=""padding: 5px 0;""><b>A)</b> U – Última ingesta d’aliments o begudes.</div><div style=""padding: 5px 0;""><b>B)</b> S – Succés o situació desencadenant.</div><div style=""padding: 5px 0;""><b>C)</b> P – Patologies o antecedents previs.</div><div style=""padding: 5px 0;""><b>D)</b> M – Medicació que pren habitualment.</div></div></div>","<div style=""text-align: left; font-family: -apple-system, sans-serif;""><div style=""font-weight: bold; font-size: 16px; color: #10b981; margin-bottom: 8px;"">✓ Resposta Correcta: B</div><div style=""font-size: 14px; margin-bottom: 12px; padding: 10px; background: rgba(16,185,129,0.1); border-radius: 6px; border-left: 4px solid #10b981;"">B) S – Succés o situació desencadenant.</div><hr style=""border: 0; border-top: 1px solid #ddd; margin: 12px 0;""><div style=""font-size: 13px; color: #444; line-height: 1.4;""><b style=""color: #111;"">Explicació:</b> La S de SPUMA correspon al succés i ajuda a entendre què ha provocat la situació actual.</div></div>","T28_-_Assistencia_sanitaria","18631"
"<div style=""text-align: left; font-family: -apple-system, sans-serif;""><div style=""font-size: 11px; color: #888; margin-bottom: 6px;"">[T28 - Assistència sanitària] Pregunta 3</div><div style=""font-weight: bold; font-size: 16px; margin-bottom: 14px; line-height: 1.4;"">Què s’ha de fer amb un cos estrany clavat profundament en una ferida?</div><div style=""font-size: 14px; line-height: 1.6;""><div style=""padding: 5px 0;""><b>A)</b> Protegir-lo i fixar la zona per evitar moviments.</div><div style=""padding: 5px 0;""><b>B)</b> Mobilitzar-lo lleugerament per valorar-ne la profunditat.</div><div style=""padding: 5px 0;""><b>C)</b> Comprimir directament sobre l’objecte per controlar el sagnat.</div><div style=""padding: 5px 0;""><b>D)</b> Retirar-lo si és visible encara que estigui profundament clavat.</div></div></div>","<div style=""text-align: left; font-family: -apple-system, sans-serif;""><div style=""font-weight: bold; font-size: 16px; color: #10b981; margin-bottom: 8px;"">✓ Resposta Correcta: A</div><div style=""font-size: 14px; margin-bottom: 12px; padding: 10px; background: rgba(16,185,129,0.1); border-radius: 6px; border-left: 4px solid #10b981;"">A) Protegir-lo i fixar la zona per evitar moviments.</div><hr style=""border: 0; border-top: 1px solid #ddd; margin: 12px 0;""><div style=""font-size: 13px; color: #444; line-height: 1.4;""><b style=""color: #111;"">Explicació:</b> Els objectes profundament clavats no s’han de retirar en l’atenció inicial; s’han d’estabilitzar.</div></div>","T28_-_Assistencia_sanitaria","18699"
"<div style=""text-align: left; font-family: -apple-system, sans-serif;""><div style=""font-size: 11px; color: #888; margin-bottom: 6px;"">[T28 - Assistència sanitària] Pregunta 4</div><div style=""font-weight: bold; font-size: 16px; margin-bottom: 14px; line-height: 1.4;"">Com es col·loca el cap en la PLS descrita?</div><div style=""font-size: 14px; line-height: 1.6;""><div style=""padding: 5px 0;""><b>A)</b> En rotació cap amunt per retenir secrecions.</div><div style=""padding: 5px 0;""><b>B)</b> Lleugerament inclinat cap avall.</div><div style=""padding: 5px 0;""><b>C)</b> En flexió completa cap al tòrax.</div><div style=""padding: 5px 0;""><b>D)</b> En hiperextensió màxima cap enrere.</div></div></div>","<div style=""text-align: left; font-family: -apple-system, sans-serif;""><div style=""font-weight: bold; font-size: 16px; color: #10b981; margin-bottom: 8px;"">✓ Resposta Correcta: B</div><div style=""font-size: 14px; margin-bottom: 12px; padding: 10px; background: rgba(16,185,129,0.1); border-radius: 6px; border-left: 4px solid #10b981;"">B) Lleugerament inclinat cap avall.</div><hr style=""border: 0; border-top: 1px solid #ddd; margin: 12px 0;""><div style=""font-size: 13px; color: #444; line-height: 1.4;""><b style=""color: #111;"">Explicació:</b> La lleugera inclinació cap avall afavoreix el drenatge i redueix el risc d’aspiració.</div></div>","T28_-_Assistencia_sanitaria","18692"
"<div style=""text-align: left; font-family: -apple-system, sans-serif;""><div style=""font-size: 11px; color: #888; margin-bottom: 6px;"">[T28 - Assistència sanitària] Pregunta 5</div><div style=""font-weight: bold; font-size: 16px; margin-bottom: 14px; line-height: 1.4;"">Quan es poden oferir petites quantitats d’aigua en un cop de calor?</div><div style=""font-size: 14px; line-height: 1.6;""><div style=""padding: 5px 0;""><b>A)</b> Quan la víctima està conscient i pot empassar.</div><div style=""padding: 5px 0;""><b>B)</b> Quan està vomitant de forma repetida.</div><div style=""padding: 5px 0;""><b>C)</b> Quan no pot mantenir la via aèria permeable.</div><div style=""padding: 5px 0;""><b>D)</b> Quan presenta disminució del nivell de consciència.</div></div></div>","<div style=""text-align: left; font-family: -apple-system, sans-serif;""><div style=""font-weight: bold; font-size: 16px; color: #10b981; margin-bottom: 8px;"">✓ Resposta Correcta: A</div><div style=""font-size: 14px; margin-bottom: 12px; padding: 10px; background: rgba(16,185,129,0.1); border-radius: 6px; border-left: 4px solid #10b981;"">A) Quan la víctima està conscient i pot empassar.</div><hr style=""border: 0; border-top: 1px solid #ddd; margin: 12px 0;""><div style=""font-size: 13px; color: #444; line-height: 1.4;""><b style=""color: #111;"">Explicació:</b> Els líquids per via oral es reserven per persones conscients amb capacitat de deglució segura.</div></div>","T28_-_Assistencia_sanitaria","18712"
"<div style=""text-align: left; font-family: -apple-system, sans-serif;""><div style=""font-size: 11px; color: #888; margin-bottom: 6px;"">[T28 - Assistència sanitària] Pregunta 6</div><div style=""font-weight: bold; font-size: 16px; margin-bottom: 14px; line-height: 1.4;"">Com es posiciona el cap d’un lactant per afavorir l’obertura de la via aèria?</div><div style=""font-size: 14px; line-height: 1.6;""><div style=""padding: 5px 0;""><b>A)</b> En rotació lateral mantinguda.</div><div style=""padding: 5px 0;""><b>B)</b> En posició neutra.</div><div style=""padding: 5px 0;""><b>C)</b> En flexió marcada cap al tòrax.</div><div style=""padding: 5px 0;""><b>D)</b> En hiperextensió màxima.</div></div></div>","<div style=""text-align: left; font-family: -apple-system, sans-serif;""><div style=""font-weight: bold; font-size: 16px; color: #10b981; margin-bottom: 8px;"">✓ Resposta Correcta: B</div><div style=""font-size: 14px; margin-bottom: 12px; padding: 10px; background: rgba(16,185,129,0.1); border-radius: 6px; border-left: 4px solid #10b981;"">B) En posició neutra.</div><hr style=""border: 0; border-top: 1px solid #ddd; margin: 12px 0;""><div style=""font-size: 13px; color: #444; line-height: 1.4;""><b style=""color: #111;"">Explicació:</b> En lactants, la posició neutra del cap ja afavoreix la permeabilitat de la via aèria.</div></div>","T28_-_Assistencia_sanitaria","18663"
"<div style=""text-align: left; font-family: -apple-system, sans-serif;""><div style=""font-size: 11px; color: #888; margin-bottom: 6px;"">[T28 - Assistència sanitària] Pregunta 7</div><div style=""font-weight: bold; font-size: 16px; margin-bottom: 14px; line-height: 1.4;"">Com s’ha d’actuar davant una situació d’alt impacte emocional per a l’intervinent?</div><div style=""font-size: 14px; line-height: 1.6;""><div style=""padding: 5px 0;""><b>A)</b> Continuar sense relleu ni suport per evitar alterar el funcionament de l’equip.</div><div style=""padding: 5px 0;""><b>B)</b> Evitar comentar l’impacte amb l’equip encara que afecti la capacitat d’actuar.</div><div style=""padding: 5px 0;""><b>C)</b> Abandonar la intervenció immediatament sense coordinar la substitució.</div><div style=""padding: 5px 0;""><b>D)</b> Mantenir la professionalitat i demanar suport psicològic si cal.</div></div></div>","<div style=""text-align: left; font-family: -apple-system, sans-serif;""><div style=""font-weight: bold; font-size: 16px; color: #10b981; margin-bottom: 8px;"">✓ Resposta Correcta: D</div><div style=""font-size: 14px; margin-bottom: 12px; padding: 10px; background: rgba(16,185,129,0.1); border-radius: 6px; border-left: 4px solid #10b981;"">D) Mantenir la professionalitat i demanar suport psicològic si cal.</div><hr style=""border: 0; border-top: 1px solid #ddd; margin: 12px 0;""><div style=""font-size: 13px; color: #444; line-height: 1.4;""><b style=""color: #111;"">Explicació:</b> Les situacions d’alt impacte poden requerir suport, però s’han de gestionar de manera professional i coordinada.</div></div>","T28_-_Assistencia_sanitaria","18738"
"<div style=""text-align: left; font-family: -apple-system, sans-serif;""><div style=""font-size: 11px; color: #888; margin-bottom: 6px;"">[T28 - Assistència sanitària] Pregunta 8</div><div style=""font-weight: bold; font-size: 16px; margin-bottom: 14px; line-height: 1.4;"">Quin soroll respiratori es descriu com un xiulet principalment inspiratori?</div><div style=""font-size: 14px; line-height: 1.6;""><div style=""padding: 5px 0;""><b>A)</b> Els roncs.</div><div style=""padding: 5px 0;""><b>B)</b> Els crepitants.</div><div style=""padding: 5px 0;""><b>C)</b> Les sibilàncies.</div><div style=""padding: 5px 0;""><b>D)</b> L’estridor.</div></div></div>","<div style=""text-align: left; font-family: -apple-system, sans-serif;""><div style=""font-weight: bold; font-size: 16px; color: #10b981; margin-bottom: 8px;"">✓ Resposta Correcta: D</div><div style=""font-size: 14px; margin-bottom: 12px; padding: 10px; background: rgba(16,185,129,0.1); border-radius: 6px; border-left: 4px solid #10b981;"">D) L’estridor.</div><hr style=""border: 0; border-top: 1px solid #ddd; margin: 12px 0;""><div style=""font-size: 13px; color: #444; line-height: 1.4;""><b style=""color: #111;"">Explicació:</b> L’estridor és un soroll agut que es relaciona principalment amb la inspiració.</div></div>","T28_-_Assistencia_sanitaria","18606"
"<div style=""text-align: left; font-family: -apple-system, sans-serif;""><div style=""font-size: 11px; color: #888; margin-bottom: 6px;"">[T28 - Assistència sanitària] Pregunta 9</div><div style=""font-weight: bold; font-size: 16px; margin-bottom: 14px; line-height: 1.4;"">Quina relació compressions-ventilacions s’utilitza quan es poden fer ventilacions?</div><div style=""font-size: 14px; line-height: 1.6;""><div style=""padding: 5px 0;""><b>A)</b> 30 compressions per 5 ventilacions.</div><div style=""padding: 5px 0;""><b>B)</b> 15 compressions per 2 ventilacions.</div><div style=""padding: 5px 0;""><b>C)</b> 30 compressions per 2 ventilacions.</div><div style=""padding: 5px 0;""><b>D)</b> 20 compressions per 2 ventilacions.</div></div></div>","<div style=""text-align: left; font-family: -apple-system, sans-serif;""><div style=""font-weight: bold; font-size: 16px; color: #10b981; margin-bottom: 8px;"">✓ Resposta Correcta: C</div><div style=""font-size: 14px; margin-bottom: 12px; padding: 10px; background: rgba(16,185,129,0.1); border-radius: 6px; border-left: 4px solid #10b981;"">C) 30 compressions per 2 ventilacions.</div><hr style=""border: 0; border-top: 1px solid #ddd; margin: 12px 0;""><div style=""font-size: 13px; color: #444; line-height: 1.4;""><b style=""color: #111;"">Explicació:</b> La seqüència indicada és 30:2.</div></div>","T28_-_Assistencia_sanitaria","18680"
"<div style=""text-align: left; font-family: -apple-system, sans-serif;""><div style=""font-size: 11px; color: #888; margin-bottom: 6px;"">[T28 - Assistència sanitària] Pregunta 10</div><div style=""font-weight: bold; font-size: 16px; margin-bottom: 14px; line-height: 1.4;"">Quina finalitat té la fase D de la valoració XABCDE?</div><div style=""font-size: 14px; line-height: 1.6;""><div style=""padding: 5px 0;""><b>A)</b> Mesurar la saturació d’oxigen i la freqüència respiratòria.</div><div style=""padding: 5px 0;""><b>B)</b> Valorar ràpidament el nivell de consciència i possibles alteracions neurològiques greus.</div><div style=""padding: 5px 0;""><b>C)</b> Buscar hemorràgies internes a l’abdomen i la pelvis.</div><div style=""padding: 5px 0;""><b>D)</b> Exposar completament la víctima i mesurar-ne la temperatura.</div></div></div>","<div style=""text-align: left; font-family: -apple-system, sans-serif;""><div style=""font-weight: bold; font-size: 16px; color: #10b981; margin-bottom: 8px;"">✓ Resposta Correcta: B</div><div style=""font-size: 14px; margin-bottom: 12px; padding: 10px; background: rgba(16,185,129,0.1); border-radius: 6px; border-left: 4px solid #10b981;"">B) Valorar ràpidament el nivell de consciència i possibles alteracions neurològiques greus.</div><hr style=""border: 0; border-top: 1px solid #ddd; margin: 12px 0;""><div style=""font-size: 13px; color: #444; line-height: 1.4;""><b style=""color: #111;"">Explicació:</b> La fase D se centra en l’estat neurològic i en canvis del nivell de consciència.</div></div>","T28_-_Assistencia_sanitaria","18618"
"<div style=""text-align: left; font-family: -apple-system, sans-serif;""><div style=""font-size: 11px; color: #888; margin-bottom: 6px;"">[T28 - Assistència sanitària] Pregunta 11</div><div style=""font-weight: bold; font-size: 16px; margin-bottom: 14px; line-height: 1.4;"">En quines baules de la cadena de supervivència participen principalment els Bombers?</div><div style=""font-size: 14px; line-height: 1.6;""><div style=""padding: 5px 0;""><b>A)</b> En la segona i la quarta baula.</div><div style=""padding: 5px 0;""><b>B)</b> En la primera i la tercera baula.</div><div style=""padding: 5px 0;""><b>C)</b> En les dues primeres baules.</div><div style=""padding: 5px 0;""><b>D)</b> En la tercera i la quarta baula.</div></div></div>","<div style=""text-align: left; font-family: -apple-system, sans-serif;""><div style=""font-weight: bold; font-size: 16px; color: #10b981; margin-bottom: 8px;"">✓ Resposta Correcta: C</div><div style=""font-size: 14px; margin-bottom: 12px; padding: 10px; background: rgba(16,185,129,0.1); border-radius: 6px; border-left: 4px solid #10b981;"">C) En les dues primeres baules.</div><hr style=""border: 0; border-top: 1px solid #ddd; margin: 12px 0;""><div style=""font-size: 13px; color: #444; line-height: 1.4;""><b style=""color: #111;"">Explicació:</b> Els Bombers participen principalment en el reconeixement i demanda d’ajuda, i en la RCP i desfibril·lació precoces.</div></div>","T28_-_Assistencia_sanitaria","18542"
"<div style=""text-align: left; font-family: -apple-system, sans-serif;""><div style=""font-size: 11px; color: #888; margin-bottom: 6px;"">[T28 - Assistència sanitària] Pregunta 12</div><div style=""font-weight: bold; font-size: 16px; margin-bottom: 14px; line-height: 1.4;"">Què s’ha de fer immediatament després d’una descàrrega del DEA?</div><div style=""font-size: 14px; line-height: 1.6;""><div style=""padding: 5px 0;""><b>A)</b> Comprovar la pressió arterial abans de reprendre compressions.</div><div style=""padding: 5px 0;""><b>B)</b> Fer cinc ventilacions abans de reiniciar les compressions.</div><div style=""padding: 5px 0;""><b>C)</b> Reprendre la RCP començant per les compressions toràciques.</div><div style=""padding: 5px 0;""><b>D)</b> Esperar dos minuts abans de tocar la víctima.</div></div></div>","<div style=""text-align: left; font-family: -apple-system, sans-serif;""><div style=""font-weight: bold; font-size: 16px; color: #10b981; margin-bottom: 8px;"">✓ Resposta Correcta: C</div><div style=""font-size: 14px; margin-bottom: 12px; padding: 10px; background: rgba(16,185,129,0.1); border-radius: 6px; border-left: 4px solid #10b981;"">C) Reprendre la RCP començant per les compressions toràciques.</div><hr style=""border: 0; border-top: 1px solid #ddd; margin: 12px 0;""><div style=""font-size: 13px; color: #444; line-height: 1.4;""><b style=""color: #111;"">Explicació:</b> Després de la descàrrega s’ha de reprendre immediatament la RCP.</div></div>","T28_-_Assistencia_sanitaria","18688"
"<div style=""text-align: left; font-family: -apple-system, sans-serif;""><div style=""font-size: 11px; color: #888; margin-bottom: 6px;"">[T28 - Assistència sanitària] Pregunta 13</div><div style=""font-weight: bold; font-size: 16px; margin-bottom: 14px; line-height: 1.4;"">Quin rang de freqüència cardíaca es considera normal en la valoració descrita?</div><div style=""font-size: 14px; line-height: 1.6;""><div style=""padding: 5px 0;""><b>A)</b> De 120 a 140 batecs per minut.</div><div style=""padding: 5px 0;""><b>B)</b> De 60 a 100 batecs per minut.</div><div style=""padding: 5px 0;""><b>C)</b> De 100 a 120 batecs per minut.</div><div style=""padding: 5px 0;""><b>D)</b> De 40 a 60 batecs per minut.</div></div></div>","<div style=""text-align: left; font-family: -apple-system, sans-serif;""><div style=""font-weight: bold; font-size: 16px; color: #10b981; margin-bottom: 8px;"">✓ Resposta Correcta: B</div><div style=""font-size: 14px; margin-bottom: 12px; padding: 10px; background: rgba(16,185,129,0.1); border-radius: 6px; border-left: 4px solid #10b981;"">B) De 60 a 100 batecs per minut.</div><hr style=""border: 0; border-top: 1px solid #ddd; margin: 12px 0;""><div style=""font-size: 13px; color: #444; line-height: 1.4;""><b style=""color: #111;"">Explicació:</b> La freqüència cardíaca normal indicada és de 60-100 bpm.</div></div>","T28_-_Assistencia_sanitaria","18650"
"<div style=""text-align: left; font-family: -apple-system, sans-serif;""><div style=""font-size: 11px; color: #888; margin-bottom: 6px;"">[T28 - Assistència sanitària] Pregunta 14</div><div style=""font-weight: bold; font-size: 16px; margin-bottom: 14px; line-height: 1.4;"">Quan es recomana fer la presa de constants vitals durant l’assistència?</div><div style=""font-size: 14px; line-height: 1.6;""><div style=""padding: 5px 0;""><b>A)</b> Abans d’assegurar que l’entorn és segur per als intervinents.</div><div style=""padding: 5px 0;""><b>B)</b> Un cop estabilitzada la víctima i si es disposa de material adequat.</div><div style=""padding: 5px 0;""><b>C)</b> Abans d’haver controlat les amenaces vitals de la valoració primària.</div><div style=""padding: 5px 0;""><b>D)</b> Durant la primera impressió, abans del contacte amb la víctima.</div></div></div>","<div style=""text-align: left; font-family: -apple-system, sans-serif;""><div style=""font-weight: bold; font-size: 16px; color: #10b981; margin-bottom: 8px;"">✓ Resposta Correcta: B</div><div style=""font-size: 14px; margin-bottom: 12px; padding: 10px; background: rgba(16,185,129,0.1); border-radius: 6px; border-left: 4px solid #10b981;"">B) Un cop estabilitzada la víctima i si es disposa de material adequat.</div><hr style=""border: 0; border-top: 1px solid #ddd; margin: 12px 0;""><div style=""font-size: 13px; color: #444; line-height: 1.4;""><b style=""color: #111;"">Explicació:</b> La presa de constants complementa l’avaluació un cop s’han prioritzat les amenaces immediates.</div></div>","T28_-_Assistencia_sanitaria","18694"
"<div style=""text-align: left; font-family: -apple-system, sans-serif;""><div style=""font-size: 11px; color: #888; margin-bottom: 6px;"">[T28 - Assistència sanitària] Pregunta 15</div><div style=""font-weight: bold; font-size: 16px; margin-bottom: 14px; line-height: 1.4;"">Quin conjunt exemplifica fluids biològics amb risc de contacte durant una assistència sanitària?</div><div style=""font-size: 14px; line-height: 1.6;""><div style=""padding: 5px 0;""><b>A)</b> Aigua de pluja, fang i pols ambiental.</div><div style=""padding: 5px 0;""><b>B)</b> Sèrum fisiològic, aigua potable i oxigen.</div><div style=""padding: 5px 0;""><b>C)</b> Sang, vòmits i secrecions.</div><div style=""padding: 5px 0;""><b>D)</b> Aigua d’extinció, fum i escuma.</div></div></div>","<div style=""text-align: left; font-family: -apple-system, sans-serif;""><div style=""font-weight: bold; font-size: 16px; color: #10b981; margin-bottom: 8px;"">✓ Resposta Correcta: C</div><div style=""font-size: 14px; margin-bottom: 12px; padding: 10px; background: rgba(16,185,129,0.1); border-radius: 6px; border-left: 4px solid #10b981;"">C) Sang, vòmits i secrecions.</div><hr style=""border: 0; border-top: 1px solid #ddd; margin: 12px 0;""><div style=""font-size: 13px; color: #444; line-height: 1.4;""><b style=""color: #111;"">Explicació:</b> La sang, els vòmits i les secrecions són exemples de fluids biològics que exigeixen mesures de protecció.</div></div>","T28_-_Assistencia_sanitaria","18734"
"<div style=""text-align: left; font-family: -apple-system, sans-serif;""><div style=""font-size: 11px; color: #888; margin-bottom: 6px;"">[T28 - Assistència sanitària] Pregunta 16</div><div style=""font-weight: bold; font-size: 16px; margin-bottom: 14px; line-height: 1.4;"">On s’ha de col·locar un torniquet respecte de la ferida?</div><div style=""font-size: 14px; line-height: 1.6;""><div style=""padding: 5px 0;""><b>A)</b> A la zona més distal de l’extremitat, independentment del punt de sagnat.</div><div style=""padding: 5px 0;""><b>B)</b> Directament sobre la ferida per comprimir el vas lesionat.</div><div style=""padding: 5px 0;""><b>C)</b> Aproximadament 5 cm per sota de la ferida i preferentment sobre una articulació.</div><div style=""padding: 5px 0;""><b>D)</b> Tan a prop com sigui possible, aproximadament 5 cm per sobre i evitant una articulació.</div></div></div>","<div style=""text-align: left; font-family: -apple-system, sans-serif;""><div style=""font-weight: bold; font-size: 16px; color: #10b981; margin-bottom: 8px;"">✓ Resposta Correcta: D</div><div style=""font-size: 14px; margin-bottom: 12px; padding: 10px; background: rgba(16,185,129,0.1); border-radius: 6px; border-left: 4px solid #10b981;"">D) Tan a prop com sigui possible, aproximadament 5 cm per sobre i evitant una articulació.</div><hr style=""border: 0; border-top: 1px solid #ddd; margin: 12px 0;""><div style=""font-size: 13px; color: #444; line-height: 1.4;""><b style=""color: #111;"">Explicació:</b> La ubicació indicada és proximal a la ferida, evitant col·locar-lo sobre una articulació.</div></div>","T28_-_Assistencia_sanitaria","18659"
"<div style=""text-align: left; font-family: -apple-system, sans-serif;""><div style=""font-size: 11px; color: #888; margin-bottom: 6px;"">[T28 - Assistència sanitària] Pregunta 17</div><div style=""font-weight: bold; font-size: 16px; margin-bottom: 14px; line-height: 1.4;"">Què implica controlar l’entorn físic de la víctima?</div><div style=""font-size: 14px; line-height: 1.6;""><div style=""padding: 5px 0;""><b>A)</b> Protegir-la de fred, calor, col·lapse, trànsit o agressions.</div><div style=""padding: 5px 0;""><b>B)</b> Mantenir-la al mateix lloc encara que l’entorn empitjori.</div><div style=""padding: 5px 0;""><b>C)</b> Prioritzar la presa de constants sobre qualsevol perill de l’escena.</div><div style=""padding: 5px 0;""><b>D)</b> Limitar la valoració als riscos biològics de fluids.</div></div></div>","<div style=""text-align: left; font-family: -apple-system, sans-serif;""><div style=""font-weight: bold; font-size: 16px; color: #10b981; margin-bottom: 8px;"">✓ Resposta Correcta: A</div><div style=""font-size: 14px; margin-bottom: 12px; padding: 10px; background: rgba(16,185,129,0.1); border-radius: 6px; border-left: 4px solid #10b981;"">A) Protegir-la de fred, calor, col·lapse, trànsit o agressions.</div><hr style=""border: 0; border-top: 1px solid #ddd; margin: 12px 0;""><div style=""font-size: 13px; color: #444; line-height: 1.4;""><b style=""color: #111;"">Explicació:</b> La protecció de la víctima inclou evitar que els riscos ambientals o físics agreugin la seva situació.</div></div>","T28_-_Assistencia_sanitaria","18731"
"<div style=""text-align: left; font-family: -apple-system, sans-serif;""><div style=""font-size: 11px; color: #888; margin-bottom: 6px;"">[T28 - Assistència sanitària] Pregunta 18</div><div style=""font-weight: bold; font-size: 16px; margin-bottom: 14px; line-height: 1.4;"">Quins tipus de factors poden originar riscos durant una assistència sanitària?</div><div style=""font-size: 14px; line-height: 1.6;""><div style=""padding: 5px 0;""><b>A)</b> Factors respiratoris, neurològics, digestius i circulatoris.</div><div style=""padding: 5px 0;""><b>B)</b> Factors físics, estructurals, ambientals i de comportament.</div><div style=""padding: 5px 0;""><b>C)</b> Factors administratius, logístics, clínics i documentals.</div><div style=""padding: 5px 0;""><b>D)</b> Factors anatòmics, posturals, farmacològics i alimentaris.</div></div></div>","<div style=""text-align: left; font-family: -apple-system, sans-serif;""><div style=""font-weight: bold; font-size: 16px; color: #10b981; margin-bottom: 8px;"">✓ Resposta Correcta: B</div><div style=""font-size: 14px; margin-bottom: 12px; padding: 10px; background: rgba(16,185,129,0.1); border-radius: 6px; border-left: 4px solid #10b981;"">B) Factors físics, estructurals, ambientals i de comportament.</div><hr style=""border: 0; border-top: 1px solid #ddd; margin: 12px 0;""><div style=""font-size: 13px; color: #444; line-height: 1.4;""><b style=""color: #111;"">Explicació:</b> Els riscos de l’escenari poden derivar del foc o trànsit, d’estructures, del medi o del comportament i risc biològic.</div></div>","T28_-_Assistencia_sanitaria","18726"
"<div style=""text-align: left; font-family: -apple-system, sans-serif;""><div style=""font-size: 11px; color: #888; margin-bottom: 6px;"">[T28 - Assistència sanitària] Pregunta 19</div><div style=""font-weight: bold; font-size: 16px; margin-bottom: 14px; line-height: 1.4;"">Quina tasca és pròpia de l’assistència sanitària en context de rescat?</div><div style=""font-size: 14px; line-height: 1.6;""><div style=""padding: 5px 0;""><b>A)</b> Planificar l’atenció extrahospitalària de tot el territori.</div><div style=""padding: 5px 0;""><b>B)</b> Fer el diagnòstic definitiu i el seguiment en un centre sanitari.</div><div style=""padding: 5px 0;""><b>C)</b> Coordinar la rehabilitació física i neurològica de la persona supervivent.</div><div style=""padding: 5px 0;""><b>D)</b> Valorar i classificar la gravetat de la víctima mitjançant triatge.</div></div></div>","<div style=""text-align: left; font-family: -apple-system, sans-serif;""><div style=""font-weight: bold; font-size: 16px; color: #10b981; margin-bottom: 8px;"">✓ Resposta Correcta: D</div><div style=""font-size: 14px; margin-bottom: 12px; padding: 10px; background: rgba(16,185,129,0.1); border-radius: 6px; border-left: 4px solid #10b981;"">D) Valorar i classificar la gravetat de la víctima mitjançant triatge.</div><hr style=""border: 0; border-top: 1px solid #ddd; margin: 12px 0;""><div style=""font-size: 13px; color: #444; line-height: 1.4;""><b style=""color: #111;"">Explicació:</b> En rescat, els Bombers poden valorar i classificar la gravetat, immobilitzar i donar suport respiratori bàsic en coordinació amb el personal sanitari.</div></div>","T28_-_Assistencia_sanitaria","18582"
"<div style=""text-align: left; font-family: -apple-system, sans-serif;""><div style=""font-size: 11px; color: #888; margin-bottom: 6px;"">[T28 - Assistència sanitària] Pregunta 20</div><div style=""font-weight: bold; font-size: 16px; margin-bottom: 14px; line-height: 1.4;"">Què s’ha de fer amb la primera gasa o drap que queda en contacte amb una ferida sagnant?</div><div style=""font-size: 14px; line-height: 1.6;""><div style=""padding: 5px 0;""><b>A)</b> Deixar-lo al lloc però reduir la pressió quan comença a saturar-se.</div><div style=""padding: 5px 0;""><b>B)</b> Mantenir-lo al lloc i afegir capes per sobre si es satura.</div><div style=""padding: 5px 0;""><b>C)</b> Retirar-lo per valorar directament la ferida abans d’afegir més material.</div><div style=""padding: 5px 0;""><b>D)</b> Substituir-lo per una gasa seca cada vegada que s’impregna de sang.</div></div></div>","<div style=""text-align: left; font-family: -apple-system, sans-serif;""><div style=""font-weight: bold; font-size: 16px; color: #10b981; margin-bottom: 8px;"">✓ Resposta Correcta: B</div><div style=""font-size: 14px; margin-bottom: 12px; padding: 10px; background: rgba(16,185,129,0.1); border-radius: 6px; border-left: 4px solid #10b981;"">B) Mantenir-lo al lloc i afegir capes per sobre si es satura.</div><hr style=""border: 0; border-top: 1px solid #ddd; margin: 12px 0;""><div style=""font-size: 13px; color: #444; line-height: 1.4;""><b style=""color: #111;"">Explicació:</b> Retirar la primera capa pot desfer el coàgul; per això es manté i s’hi afegeixen capes al damunt.</div></div>","T28_-_Assistencia_sanitaria","18656"
"<div style=""text-align: left; font-family: -apple-system, sans-serif;""><div style=""font-size: 11px; color: #888; margin-bottom: 6px;"">[T28 - Assistència sanitària] Pregunta 21</div><div style=""font-weight: bold; font-size: 16px; margin-bottom: 14px; line-height: 1.4;"">En quin tipus de víctima està indicada la maniobra front-mentó?</div><div style=""font-size: 14px; line-height: 1.6;""><div style=""padding: 5px 0;""><b>A)</b> En una víctima inconscient no traumàtica.</div><div style=""padding: 5px 0;""><b>B)</b> En una víctima inconscient amb sospita de traumatisme.</div><div style=""padding: 5px 0;""><b>C)</b> En una víctima conscient amb sospita de traumatisme.</div><div style=""padding: 5px 0;""><b>D)</b> En una víctima conscient sense traumatisme que manté la via aèria.</div></div></div>","<div style=""text-align: left; font-family: -apple-system, sans-serif;""><div style=""font-weight: bold; font-size: 16px; color: #10b981; margin-bottom: 8px;"">✓ Resposta Correcta: A</div><div style=""font-size: 14px; margin-bottom: 12px; padding: 10px; background: rgba(16,185,129,0.1); border-radius: 6px; border-left: 4px solid #10b981;"">A) En una víctima inconscient no traumàtica.</div><hr style=""border: 0; border-top: 1px solid #ddd; margin: 12px 0;""><div style=""font-size: 13px; color: #444; line-height: 1.4;""><b style=""color: #111;"">Explicació:</b> La maniobra front-mentó s’utilitza per obrir la via aèria en inconscients sense sospita traumàtica.</div></div>","T28_-_Assistencia_sanitaria","18661"
"<div style=""text-align: left; font-family: -apple-system, sans-serif;""><div style=""font-size: 11px; color: #888; margin-bottom: 6px;"">[T28 - Assistència sanitària] Pregunta 22</div><div style=""font-weight: bold; font-size: 16px; margin-bottom: 14px; line-height: 1.4;"">Quin esglaó de la cadena assistencial inclou diagnòstic, tractament i seguiment en un centre sanitari?</div><div style=""font-size: 14px; line-height: 1.6;""><div style=""padding: 5px 0;""><b>A)</b> Els equips especialitzats.</div><div style=""padding: 5px 0;""><b>B)</b> Els primers intervinents.</div><div style=""padding: 5px 0;""><b>C)</b> L’atenció hospitalària.</div><div style=""padding: 5px 0;""><b>D)</b> Els serveis d’emergència.</div></div></div>","<div style=""text-align: left; font-family: -apple-system, sans-serif;""><div style=""font-weight: bold; font-size: 16px; color: #10b981; margin-bottom: 8px;"">✓ Resposta Correcta: C</div><div style=""font-size: 14px; margin-bottom: 12px; padding: 10px; background: rgba(16,185,129,0.1); border-radius: 6px; border-left: 4px solid #10b981;"">C) L’atenció hospitalària.</div><hr style=""border: 0; border-top: 1px solid #ddd; margin: 12px 0;""><div style=""font-size: 13px; color: #444; line-height: 1.4;""><b style=""color: #111;"">Explicació:</b> L’atenció hospitalària és l’últim esglaó de la cadena i concentra el diagnòstic, el tractament i el seguiment.</div></div>","T28_-_Assistencia_sanitaria","18537"
"<div style=""text-align: left; font-family: -apple-system, sans-serif;""><div style=""font-size: 11px; color: #888; margin-bottom: 6px;"">[T28 - Assistència sanitària] Pregunta 23</div><div style=""font-weight: bold; font-size: 16px; margin-bottom: 14px; line-height: 1.4;"">Què suggereix un ompliment capil·lar superior a 2 segons?</div><div style=""font-size: 14px; line-height: 1.6;""><div style=""padding: 5px 0;""><b>A)</b> Una ventilació alveolar necessàriament adequada.</div><div style=""padding: 5px 0;""><b>B)</b> Una perfusió perifèrica reduïda.</div><div style=""padding: 5px 0;""><b>C)</b> Una resposta neurològica completament conservada.</div><div style=""padding: 5px 0;""><b>D)</b> Una pressió arterial obligatòriament elevada.</div></div></div>","<div style=""text-align: left; font-family: -apple-system, sans-serif;""><div style=""font-weight: bold; font-size: 16px; color: #10b981; margin-bottom: 8px;"">✓ Resposta Correcta: B</div><div style=""font-size: 14px; margin-bottom: 12px; padding: 10px; background: rgba(16,185,129,0.1); border-radius: 6px; border-left: 4px solid #10b981;"">B) Una perfusió perifèrica reduïda.</div><hr style=""border: 0; border-top: 1px solid #ddd; margin: 12px 0;""><div style=""font-size: 13px; color: #444; line-height: 1.4;""><b style=""color: #111;"">Explicació:</b> L’allargament de l’ompliment capil·lar és un signe de disminució de la perfusió perifèrica.</div></div>","T28_-_Assistencia_sanitaria","18615"
"<div style=""text-align: left; font-family: -apple-system, sans-serif;""><div style=""font-size: 11px; color: #888; margin-bottom: 6px;"">[T28 - Assistència sanitària] Pregunta 24</div><div style=""font-weight: bold; font-size: 16px; margin-bottom: 14px; line-height: 1.4;"">En terminologia anatòmica, a qui es refereixen els termes dret i esquerre?</div><div style=""font-size: 14px; line-height: 1.6;""><div style=""padding: 5px 0;""><b>A)</b> A l’orientació del vehicle d’emergència.</div><div style=""padding: 5px 0;""><b>B)</b> A la posició de l’intervinent.</div><div style=""padding: 5px 0;""><b>C)</b> Al costat des d’on s’observa l’escena.</div><div style=""padding: 5px 0;""><b>D)</b> Al cos de la víctima.</div></div></div>","<div style=""text-align: left; font-family: -apple-system, sans-serif;""><div style=""font-weight: bold; font-size: 16px; color: #10b981; margin-bottom: 8px;"">✓ Resposta Correcta: D</div><div style=""font-size: 14px; margin-bottom: 12px; padding: 10px; background: rgba(16,185,129,0.1); border-radius: 6px; border-left: 4px solid #10b981;"">D) Al cos de la víctima.</div><hr style=""border: 0; border-top: 1px solid #ddd; margin: 12px 0;""><div style=""font-size: 13px; color: #444; line-height: 1.4;""><b style=""color: #111;"">Explicació:</b> Dret i esquerre s’interpreten des del cos de la víctima, no des del punt de vista de l’intervinent.</div></div>","T28_-_Assistencia_sanitaria","18566"
"<div style=""text-align: left; font-family: -apple-system, sans-serif;""><div style=""font-size: 11px; color: #888; margin-bottom: 6px;"">[T28 - Assistència sanitària] Pregunta 25</div><div style=""font-weight: bold; font-size: 16px; margin-bottom: 14px; line-height: 1.4;"">Quin és un objectiu de la posició lateral de seguretat?</div><div style=""font-size: 14px; line-height: 1.6;""><div style=""padding: 5px 0;""><b>A)</b> Augmentar la pressió arterial mitjançant elevació de les cames.</div><div style=""padding: 5px 0;""><b>B)</b> Substituir l’obertura manual de la via aèria en una aturada.</div><div style=""padding: 5px 0;""><b>C)</b> Afavorir el drenatge de secrecions i prevenir l’aspiració.</div><div style=""padding: 5px 0;""><b>D)</b> Immobilitzar completament la columna en un traumatisme greu.</div></div></div>","<div style=""text-align: left; font-family: -apple-system, sans-serif;""><div style=""font-weight: bold; font-size: 16px; color: #10b981; margin-bottom: 8px;"">✓ Resposta Correcta: C</div><div style=""font-size: 14px; margin-bottom: 12px; padding: 10px; background: rgba(16,185,129,0.1); border-radius: 6px; border-left: 4px solid #10b981;"">C) Afavorir el drenatge de secrecions i prevenir l’aspiració.</div><hr style=""border: 0; border-top: 1px solid #ddd; margin: 12px 0;""><div style=""font-size: 13px; color: #444; line-height: 1.4;""><b style=""color: #111;"">Explicació:</b> La PLS ajuda a mantenir la via aèria oberta i facilita la sortida de secrecions.</div></div>","T28_-_Assistencia_sanitaria","18691"
"<div style=""text-align: left; font-family: -apple-system, sans-serif;""><div style=""font-size: 11px; color: #888; margin-bottom: 6px;"">[T28 - Assistència sanitària] Pregunta 26</div><div style=""font-weight: bold; font-size: 16px; margin-bottom: 14px; line-height: 1.4;"">Per què cal assegurar vies d’entrada i sortida a l’escenari?</div><div style=""font-size: 14px; line-height: 1.6;""><div style=""padding: 5px 0;""><b>A)</b> Evitar moviments de vehicles i personal un cop iniciada l’assistència.</div><div style=""padding: 5px 0;""><b>B)</b> Reduir la necessitat de coordinar l’entrada de recursos a l’escena.</div><div style=""padding: 5px 0;""><b>C)</b> Mantenir els equips en una única via sense alternativa d’evacuació.</div><div style=""padding: 5px 0;""><b>D)</b> Per facilitar l’accés dels equips i la possible evacuació de víctimes.</div></div></div>","<div style=""text-align: left; font-family: -apple-system, sans-serif;""><div style=""font-weight: bold; font-size: 16px; color: #10b981; margin-bottom: 8px;"">✓ Resposta Correcta: D</div><div style=""font-size: 14px; margin-bottom: 12px; padding: 10px; background: rgba(16,185,129,0.1); border-radius: 6px; border-left: 4px solid #10b981;"">D) Per facilitar l’accés dels equips i la possible evacuació de víctimes.</div><hr style=""border: 0; border-top: 1px solid #ddd; margin: 12px 0;""><div style=""font-size: 13px; color: #444; line-height: 1.4;""><b style=""color: #111;"">Explicació:</b> Els accessos segurs són necessaris tant per a l’entrada de recursos com per a l’evacuació.</div></div>","T28_-_Assistencia_sanitaria","18733"
"<div style=""text-align: left; font-family: -apple-system, sans-serif;""><div style=""font-size: 11px; color: #888; margin-bottom: 6px;"">[T28 - Assistència sanitària] Pregunta 27</div><div style=""font-weight: bold; font-size: 16px; margin-bottom: 14px; line-height: 1.4;"">Quina mesura és correcta després d’una intervenció amb risc biològic?</div><div style=""font-size: 14px; line-height: 1.6;""><div style=""padding: 5px 0;""><b>A)</b> Fer higiene de mans encara que s’hagin utilitzat guants.</div><div style=""padding: 5px 0;""><b>B)</b> Guardar el material usat amb el material net.</div><div style=""padding: 5px 0;""><b>C)</b> Reutilitzar els guants si no presenten contaminació visible.</div><div style=""padding: 5px 0;""><b>D)</b> Ometre la higiene de mans si els guants no s’han trencat.</div></div></div>","<div style=""text-align: left; font-family: -apple-system, sans-serif;""><div style=""font-weight: bold; font-size: 16px; color: #10b981; margin-bottom: 8px;"">✓ Resposta Correcta: A</div><div style=""font-size: 14px; margin-bottom: 12px; padding: 10px; background: rgba(16,185,129,0.1); border-radius: 6px; border-left: 4px solid #10b981;"">A) Fer higiene de mans encara que s’hagin utilitzat guants.</div><hr style=""border: 0; border-top: 1px solid #ddd; margin: 12px 0;""><div style=""font-size: 13px; color: #444; line-height: 1.4;""><b style=""color: #111;"">Explicació:</b> Els guants no substitueixen la higiene de mans posterior a l’assistència.</div></div>","T28_-_Assistencia_sanitaria","18735"
"<div style=""text-align: left; font-family: -apple-system, sans-serif;""><div style=""font-size: 11px; color: #888; margin-bottom: 6px;"">[T28 - Assistència sanitària] Pregunta 28</div><div style=""font-weight: bold; font-size: 16px; margin-bottom: 14px; line-height: 1.4;"">En l’anamnesi SPUMA, quin bloc ajuda a prevenir reaccions adverses i a interpretar signes d’anafilaxi?</div><div style=""font-size: 14px; line-height: 1.6;""><div style=""padding: 5px 0;""><b>A)</b> P – Patologies prèvies.</div><div style=""padding: 5px 0;""><b>B)</b> A – Al·lèrgies.</div><div style=""padding: 5px 0;""><b>C)</b> M – Medicació habitual.</div><div style=""padding: 5px 0;""><b>D)</b> S – Succés.</div></div></div>","<div style=""text-align: left; font-family: -apple-system, sans-serif;""><div style=""font-weight: bold; font-size: 16px; color: #10b981; margin-bottom: 8px;"">✓ Resposta Correcta: B</div><div style=""font-size: 14px; margin-bottom: 12px; padding: 10px; background: rgba(16,185,129,0.1); border-radius: 6px; border-left: 4px solid #10b981;"">B) A – Al·lèrgies.</div><hr style=""border: 0; border-top: 1px solid #ddd; margin: 12px 0;""><div style=""font-size: 13px; color: #444; line-height: 1.4;""><b style=""color: #111;"">Explicació:</b> La A identifica al·lèrgies a medicaments, aliments o insectes.</div></div>","T28_-_Assistencia_sanitaria","18635"
"<div style=""text-align: left; font-family: -apple-system, sans-serif;""><div style=""font-size: 11px; color: #888; margin-bottom: 6px;"">[T28 - Assistència sanitària] Pregunta 29</div><div style=""font-weight: bold; font-size: 16px; margin-bottom: 14px; line-height: 1.4;"">Quina puntuació de Glasgow correspon a un TCE moderat?</div><div style=""font-size: 14px; line-height: 1.6;""><div style=""padding: 5px 0;""><b>A)</b> De 3 a 8 punts.</div><div style=""padding: 5px 0;""><b>B)</b> De 9 a 12 punts.</div><div style=""padding: 5px 0;""><b>C)</b> De 6 a 10 punts.</div><div style=""padding: 5px 0;""><b>D)</b> De 13 a 15 punts.</div></div></div>","<div style=""text-align: left; font-family: -apple-system, sans-serif;""><div style=""font-weight: bold; font-size: 16px; color: #10b981; margin-bottom: 8px;"">✓ Resposta Correcta: B</div><div style=""font-size: 14px; margin-bottom: 12px; padding: 10px; background: rgba(16,185,129,0.1); border-radius: 6px; border-left: 4px solid #10b981;"">B) De 9 a 12 punts.</div><hr style=""border: 0; border-top: 1px solid #ddd; margin: 12px 0;""><div style=""font-size: 13px; color: #444; line-height: 1.4;""><b style=""color: #111;"">Explicació:</b> La classificació indicada situa el TCE moderat entre 9 i 12 punts.</div></div>","T28_-_Assistencia_sanitaria","18641"
"<div style=""text-align: left; font-family: -apple-system, sans-serif;""><div style=""font-size: 11px; color: #888; margin-bottom: 6px;"">[T28 - Assistència sanitària] Pregunta 30</div><div style=""font-weight: bold; font-size: 16px; margin-bottom: 14px; line-height: 1.4;"">Quan comença la valoració sanitària extrahospitalària d’una víctima?</div><div style=""font-size: 14px; line-height: 1.6;""><div style=""padding: 5px 0;""><b>A)</b> Abans del contacte directe amb la víctima.</div><div style=""padding: 5px 0;""><b>B)</b> Quan arriba el personal sanitari especialitzat.</div><div style=""padding: 5px 0;""><b>C)</b> Després de prendre totes les constants vitals.</div><div style=""padding: 5px 0;""><b>D)</b> Quan ja s’ha completat la valoració primària.</div></div></div>","<div style=""text-align: left; font-family: -apple-system, sans-serif;""><div style=""font-weight: bold; font-size: 16px; color: #10b981; margin-bottom: 8px;"">✓ Resposta Correcta: A</div><div style=""font-size: 14px; margin-bottom: 12px; padding: 10px; background: rgba(16,185,129,0.1); border-radius: 6px; border-left: 4px solid #10b981;"">A) Abans del contacte directe amb la víctima.</div><hr style=""border: 0; border-top: 1px solid #ddd; margin: 12px 0;""><div style=""font-size: 13px; color: #444; line-height: 1.4;""><b style=""color: #111;"">Explicació:</b> La valoració s’inicia abans del contacte físic, amb l’observació de la víctima i de l’entorn.</div></div>","T28_-_Assistencia_sanitaria","18589"
"<div style=""text-align: left; font-family: -apple-system, sans-serif;""><div style=""font-size: 11px; color: #888; margin-bottom: 6px;"">[T28 - Assistència sanitària] Pregunta 31</div><div style=""font-weight: bold; font-size: 16px; margin-bottom: 14px; line-height: 1.4;"">Quina resposta descriu millor la categoria A de l’escala AVDN?</div><div style=""font-size: 14px; line-height: 1.6;""><div style=""padding: 5px 0;""><b>A)</b> La víctima està desperta, orientada i respon coherentment.</div><div style=""padding: 5px 0;""><b>B)</b> La víctima no respon ni a estímuls verbals ni dolorosos.</div><div style=""padding: 5px 0;""><b>C)</b> La víctima obre els ulls quan se li parla però no espontàniament.</div><div style=""padding: 5px 0;""><b>D)</b> La víctima reacciona únicament davant un estímul dolorós.</div></div></div>","<div style=""text-align: left; font-family: -apple-system, sans-serif;""><div style=""font-weight: bold; font-size: 16px; color: #10b981; margin-bottom: 8px;"">✓ Resposta Correcta: A</div><div style=""font-size: 14px; margin-bottom: 12px; padding: 10px; background: rgba(16,185,129,0.1); border-radius: 6px; border-left: 4px solid #10b981;"">A) La víctima està desperta, orientada i respon coherentment.</div><hr style=""border: 0; border-top: 1px solid #ddd; margin: 12px 0;""><div style=""font-size: 13px; color: #444; line-height: 1.4;""><b style=""color: #111;"">Explicació:</b> La categoria A correspon a una persona alerta, orientada i capaç de seguir instruccions simples.</div></div>","T28_-_Assistencia_sanitaria","18622"
"<div style=""text-align: left; font-family: -apple-system, sans-serif;""><div style=""font-size: 11px; color: #888; margin-bottom: 6px;"">[T28 - Assistència sanitària] Pregunta 32</div><div style=""font-weight: bold; font-size: 16px; margin-bottom: 14px; line-height: 1.4;"">Quina capacitat sanitària correspon al GROS?</div><div style=""font-size: 14px; line-height: 1.6;""><div style=""padding: 5px 0;""><b>A)</b> Fer diagnòstic hospitalari, tractament definitiu i seguiment de les víctimes.</div><div style=""padding: 5px 0;""><b>B)</b> Assumir la coordinació territorial ordinària de tota la resposta extrahospitalària.</div><div style=""padding: 5px 0;""><b>C)</b> Aplicar cures postressuscitació com a equip sanitari especialitzat de la cadena.</div><div style=""padding: 5px 0;""><b>D)</b> Muntar zones de triatge, àrees de concentració de víctimes i punts assistencials.</div></div></div>","<div style=""text-align: left; font-family: -apple-system, sans-serif;""><div style=""font-weight: bold; font-size: 16px; color: #10b981; margin-bottom: 8px;"">✓ Resposta Correcta: D</div><div style=""font-size: 14px; margin-bottom: 12px; padding: 10px; background: rgba(16,185,129,0.1); border-radius: 6px; border-left: 4px solid #10b981;"">D) Muntar zones de triatge, àrees de concentració de víctimes i punts assistencials.</div><hr style=""border: 0; border-top: 1px solid #ddd; margin: 12px 0;""><div style=""font-size: 13px; color: #444; line-height: 1.4;""><b style=""color: #111;"">Explicació:</b> El GROS aporta suport tàctic, logístic i assistencial, incloent el desplegament d’espais per al triatge i l’assistència prehospitalària.</div></div>","T28_-_Assistencia_sanitaria","18547"
"<div style=""text-align: left; font-family: -apple-system, sans-serif;""><div style=""font-size: 11px; color: #888; margin-bottom: 6px;"">[T28 - Assistència sanitària] Pregunta 33</div><div style=""font-weight: bold; font-size: 16px; margin-bottom: 14px; line-height: 1.4;"">En posició anatòmica, quina estructura és més interna respecte de la línia mitjana del cos?</div><div style=""font-size: 14px; line-height: 1.6;""><div style=""padding: 5px 0;""><b>A)</b> El colze respecte de l’estèrnum.</div><div style=""padding: 5px 0;""><b>B)</b> L’espatlla respecte de l’estèrnum.</div><div style=""padding: 5px 0;""><b>C)</b> L’estèrnum respecte de l’espatlla.</div><div style=""padding: 5px 0;""><b>D)</b> El turmell respecte del genoll.</div></div></div>","<div style=""text-align: left; font-family: -apple-system, sans-serif;""><div style=""font-weight: bold; font-size: 16px; color: #10b981; margin-bottom: 8px;"">✓ Resposta Correcta: C</div><div style=""font-size: 14px; margin-bottom: 12px; padding: 10px; background: rgba(16,185,129,0.1); border-radius: 6px; border-left: 4px solid #10b981;"">C) L’estèrnum respecte de l’espatlla.</div><hr style=""border: 0; border-top: 1px solid #ddd; margin: 12px 0;""><div style=""font-size: 13px; color: #444; line-height: 1.4;""><b style=""color: #111;"">Explicació:</b> Intern indica més a prop de la línia mitjana del cos; l’estèrnum és més intern que l’espatlla.</div></div>","T28_-_Assistencia_sanitaria","18585"
"<div style=""text-align: left; font-family: -apple-system, sans-serif;""><div style=""font-size: 11px; color: #888; margin-bottom: 6px;"">[T28 - Assistència sanitària] Pregunta 34</div><div style=""font-weight: bold; font-size: 16px; margin-bottom: 14px; line-height: 1.4;"">Quina base de l’actuació sanitària dels Bombers té rang de llei?</div><div style=""font-size: 14px; line-height: 1.6;""><div style=""padding: 5px 0;""><b>A)</b> Els protocols SEM-Bombers.</div><div style=""padding: 5px 0;""><b>B)</b> La carta de serveis.</div><div style=""padding: 5px 0;""><b>C)</b> Els plans de protecció civil.</div><div style=""padding: 5px 0;""><b>D)</b> La Llei 5/1994.</div></div></div>","<div style=""text-align: left; font-family: -apple-system, sans-serif;""><div style=""font-weight: bold; font-size: 16px; color: #10b981; margin-bottom: 8px;"">✓ Resposta Correcta: D</div><div style=""font-size: 14px; margin-bottom: 12px; padding: 10px; background: rgba(16,185,129,0.1); border-radius: 6px; border-left: 4px solid #10b981;"">D) La Llei 5/1994.</div><hr style=""border: 0; border-top: 1px solid #ddd; margin: 12px 0;""><div style=""font-size: 13px; color: #444; line-height: 1.4;""><b style=""color: #111;"">Explicació:</b> La Llei 5/1994 regula els serveis de prevenció, extinció d’incendis i salvaments i emmarca les funcions de protecció i salvament de persones.</div></div>","T28_-_Assistencia_sanitaria","18527"
"<div style=""text-align: left; font-family: -apple-system, sans-serif;""><div style=""font-size: 11px; color: #888; margin-bottom: 6px;"">[T28 - Assistència sanitària] Pregunta 35</div><div style=""font-weight: bold; font-size: 16px; margin-bottom: 14px; line-height: 1.4;"">Quina diferència descriu correctament Trendelenburg i Fowler?</div><div style=""font-size: 14px; line-height: 1.6;""><div style=""padding: 5px 0;""><b>A)</b> Trendelenburg eleva el tronc; Fowler baixa el cap respecte dels peus.</div><div style=""padding: 5px 0;""><b>B)</b> Trendelenburg baixa el cap respecte dels peus; Fowler eleva la part superior del cos.</div><div style=""padding: 5px 0;""><b>C)</b> Trendelenburg és bipedestació; Fowler és decúbit pron.</div><div style=""padding: 5px 0;""><b>D)</b> Trendelenburg és decúbit pron; Fowler és decúbit lateral.</div></div></div>","<div style=""text-align: left; font-family: -apple-system, sans-serif;""><div style=""font-weight: bold; font-size: 16px; color: #10b981; margin-bottom: 8px;"">✓ Resposta Correcta: B</div><div style=""font-size: 14px; margin-bottom: 12px; padding: 10px; background: rgba(16,185,129,0.1); border-radius: 6px; border-left: 4px solid #10b981;"">B) Trendelenburg baixa el cap respecte dels peus; Fowler eleva la part superior del cos.</div><hr style=""border: 0; border-top: 1px solid #ddd; margin: 12px 0;""><div style=""font-size: 13px; color: #444; line-height: 1.4;""><b style=""color: #111;"">Explicació:</b> Trendelenburg parteix del decúbit supí amb el cap més avall que els peus; Fowler eleva la part superior del cos entre 30 i 90 graus.</div></div>","T28_-_Assistencia_sanitaria","18576"
"<div style=""text-align: left; font-family: -apple-system, sans-serif;""><div style=""font-size: 11px; color: #888; margin-bottom: 6px;"">[T28 - Assistència sanitària] Pregunta 36</div><div style=""font-weight: bold; font-size: 16px; margin-bottom: 14px; line-height: 1.4;"">Què poden iniciar els primers intervinents si tenen formació?</div><div style=""font-size: 14px; line-height: 1.6;""><div style=""padding: 5px 0;""><b>A)</b> Trasllat medicalitzat i coordinació hospitalària de la víctima.</div><div style=""padding: 5px 0;""><b>B)</b> Maniobres de suport vital bàsic o primers auxilis.</div><div style=""padding: 5px 0;""><b>C)</b> Diagnòstic clínic i seguiment de la víctima fins a l’alta.</div><div style=""padding: 5px 0;""><b>D)</b> Tècniques de suport vital avançat i tractament farmacològic.</div></div></div>","<div style=""text-align: left; font-family: -apple-system, sans-serif;""><div style=""font-weight: bold; font-size: 16px; color: #10b981; margin-bottom: 8px;"">✓ Resposta Correcta: B</div><div style=""font-size: 14px; margin-bottom: 12px; padding: 10px; background: rgba(16,185,129,0.1); border-radius: 6px; border-left: 4px solid #10b981;"">B) Maniobres de suport vital bàsic o primers auxilis.</div><hr style=""border: 0; border-top: 1px solid #ddd; margin: 12px 0;""><div style=""font-size: 13px; color: #444; line-height: 1.4;""><b style=""color: #111;"">Explicació:</b> Amb formació, els primers intervinents poden començar SVB o primers auxilis abans de l’arribada dels equips d’emergència.</div></div>","T28_-_Assistencia_sanitaria","18534"
"<div style=""text-align: left; font-family: -apple-system, sans-serif;""><div style=""font-size: 11px; color: #888; margin-bottom: 6px;"">[T28 - Assistència sanitària] Pregunta 37</div><div style=""font-weight: bold; font-size: 16px; margin-bottom: 14px; line-height: 1.4;"">Per què la valoració primària segueix una seqüència ordenada com XABCDE?</div><div style=""font-size: 14px; line-height: 1.6;""><div style=""padding: 5px 0;""><b>A)</b> Per establir un diagnòstic definitiu abans d’iniciar qualsevol tractament.</div><div style=""padding: 5px 0;""><b>B)</b> Per prioritzar les alteracions segons la gravetat vital i no perdre temps amb lesions menys urgents.</div><div style=""padding: 5px 0;""><b>C)</b> Per completar primer les exploracions que requereixen material i deixar les visuals per al final.</div><div style=""padding: 5px 0;""><b>D)</b> Per evitar revalorar la víctima un cop s’ha completat la primera exploració.</div></div></div>","<div style=""text-align: left; font-family: -apple-system, sans-serif;""><div style=""font-weight: bold; font-size: 16px; color: #10b981; margin-bottom: 8px;"">✓ Resposta Correcta: B</div><div style=""font-size: 14px; margin-bottom: 12px; padding: 10px; background: rgba(16,185,129,0.1); border-radius: 6px; border-left: 4px solid #10b981;"">B) Per prioritzar les alteracions segons la gravetat vital i no perdre temps amb lesions menys urgents.</div><hr style=""border: 0; border-top: 1px solid #ddd; margin: 12px 0;""><div style=""font-size: 13px; color: #444; line-height: 1.4;""><b style=""color: #111;"">Explicació:</b> La seqüència permet actuar primer sobre amenaces immediates per a la vida i mantenir una sistemàtica clara.</div></div>","T28_-_Assistencia_sanitaria","18594"
"<div style=""text-align: left; font-family: -apple-system, sans-serif;""><div style=""font-size: 11px; color: #888; margin-bottom: 6px;"">[T28 - Assistència sanitària] Pregunta 38</div><div style=""font-weight: bold; font-size: 16px; margin-bottom: 14px; line-height: 1.4;"">Quina actuació s’indica davant una sospita d’inestabilitat pelviana?</div><div style=""font-size: 14px; line-height: 1.6;""><div style=""padding: 5px 0;""><b>A)</b> Mobilitzar la víctima a bipedestació per comprovar si pot carregar pes.</div><div style=""padding: 5px 0;""><b>B)</b> Ajornar la immobilització pelviana fins a completar tota la valoració secundària.</div><div style=""padding: 5px 0;""><b>C)</b> Col·locar un cinturó pelvià tan aviat com sigui possible o contenir manualment la pelvis fins a la immobilització.</div><div style=""padding: 5px 0;""><b>D)</b> Fer moviments repetits de la pelvis per confirmar-ne la inestabilitat.</div></div></div>","<div style=""text-align: left; font-family: -apple-system, sans-serif;""><div style=""font-weight: bold; font-size: 16px; color: #10b981; margin-bottom: 8px;"">✓ Resposta Correcta: C</div><div style=""font-size: 14px; margin-bottom: 12px; padding: 10px; background: rgba(16,185,129,0.1); border-radius: 6px; border-left: 4px solid #10b981;"">C) Col·locar un cinturó pelvià tan aviat com sigui possible o contenir manualment la pelvis fins a la immobilització.</div><hr style=""border: 0; border-top: 1px solid #ddd; margin: 12px 0;""><div style=""font-size: 13px; color: #444; line-height: 1.4;""><b style=""color: #111;"">Explicació:</b> Davant sospita d’inestabilitat pelviana cal limitar l’obertura de la pelvis i estabilitzar-la precoçment.</div></div>","T28_-_Assistencia_sanitaria","18653"
"<div style=""text-align: left; font-family: -apple-system, sans-serif;""><div style=""font-size: 11px; color: #888; margin-bottom: 6px;"">[T28 - Assistència sanitària] Pregunta 39</div><div style=""font-weight: bold; font-size: 16px; margin-bottom: 14px; line-height: 1.4;"">Què es fa després de controlar un sagnat amb pressió directa?</div><div style=""font-size: 14px; line-height: 1.6;""><div style=""padding: 5px 0;""><b>A)</b> Una compressió arterial proximal mantinguda de forma prioritària.</div><div style=""padding: 5px 0;""><b>B)</b> Una irrigació profunda de la ferida abans d’assegurar l’hemostàsia.</div><div style=""padding: 5px 0;""><b>C)</b> Una elevació permanent de l’extremitat com a única mesura.</div><div style=""padding: 5px 0;""><b>D)</b> Un embenat estàndard amb pressió manual ferma sobre l’embenat.</div></div></div>","<div style=""text-align: left; font-family: -apple-system, sans-serif;""><div style=""font-weight: bold; font-size: 16px; color: #10b981; margin-bottom: 8px;"">✓ Resposta Correcta: D</div><div style=""font-size: 14px; margin-bottom: 12px; padding: 10px; background: rgba(16,185,129,0.1); border-radius: 6px; border-left: 4px solid #10b981;"">D) Un embenat estàndard amb pressió manual ferma sobre l’embenat.</div><hr style=""border: 0; border-top: 1px solid #ddd; margin: 12px 0;""><div style=""font-size: 13px; color: #444; line-height: 1.4;""><b style=""color: #111;"">Explicació:</b> L’embenat permet mantenir la pressió una vegada controlat el sagnat inicial.</div></div>","T28_-_Assistencia_sanitaria","18657"
"<div style=""text-align: left; font-family: -apple-system, sans-serif;""><div style=""font-size: 11px; color: #888; margin-bottom: 6px;"">[T28 - Assistència sanitària] Pregunta 40</div><div style=""font-weight: bold; font-size: 16px; margin-bottom: 14px; line-height: 1.4;"">Quin signe pot suggerir una fractura de base de crani?</div><div style=""font-size: 14px; line-height: 1.6;""><div style=""padding: 5px 0;""><b>A)</b> Desorientació o dificultat per recordar els fets.</div><div style=""padding: 5px 0;""><b>B)</b> Sortida de sang o líquid transparent pel nas o les orelles.</div><div style=""padding: 5px 0;""><b>C)</b> Vòmits projectats sense nàusees prèvies.</div><div style=""padding: 5px 0;""><b>D)</b> Anisocòria associada a una alteració del nivell de consciència.</div></div></div>","<div style=""text-align: left; font-family: -apple-system, sans-serif;""><div style=""font-weight: bold; font-size: 16px; color: #10b981; margin-bottom: 8px;"">✓ Resposta Correcta: B</div><div style=""font-size: 14px; margin-bottom: 12px; padding: 10px; background: rgba(16,185,129,0.1); border-radius: 6px; border-left: 4px solid #10b981;"">B) Sortida de sang o líquid transparent pel nas o les orelles.</div><hr style=""border: 0; border-top: 1px solid #ddd; margin: 12px 0;""><div style=""font-size: 13px; color: #444; line-height: 1.4;""><b style=""color: #111;"">Explicació:</b> La sortida de sang o líquid transparent per nas o orelles és un signe d’alerta de possible fractura de base cranial.</div></div>","T28_-_Assistencia_sanitaria","18646"
"<div style=""text-align: left; font-family: -apple-system, sans-serif;""><div style=""font-size: 11px; color: #888; margin-bottom: 6px;"">[T28 - Assistència sanitària] Pregunta 41</div><div style=""font-weight: bold; font-size: 16px; margin-bottom: 14px; line-height: 1.4;"">Què s’ha de fer entre dues compressions toràciques consecutives?</div><div style=""font-size: 14px; line-height: 1.6;""><div style=""padding: 5px 0;""><b>A)</b> Permetre la reexpansió completa del tòrax.</div><div style=""padding: 5px 0;""><b>B)</b> Fer una pausa respiratòria de diversos segons.</div><div style=""padding: 5px 0;""><b>C)</b> Mantenir una pressió residual constant sobre l’estèrnum.</div><div style=""padding: 5px 0;""><b>D)</b> Desplaçar les mans lleugerament cap a una costella.</div></div></div>","<div style=""text-align: left; font-family: -apple-system, sans-serif;""><div style=""font-weight: bold; font-size: 16px; color: #10b981; margin-bottom: 8px;"">✓ Resposta Correcta: A</div><div style=""font-size: 14px; margin-bottom: 12px; padding: 10px; background: rgba(16,185,129,0.1); border-radius: 6px; border-left: 4px solid #10b981;"">A) Permetre la reexpansió completa del tòrax.</div><hr style=""border: 0; border-top: 1px solid #ddd; margin: 12px 0;""><div style=""font-size: 13px; color: #444; line-height: 1.4;""><b style=""color: #111;"">Explicació:</b> La reexpansió completa afavoreix l’ompliment del cor entre compressions.</div></div>","T28_-_Assistencia_sanitaria","18681"
"<div style=""text-align: left; font-family: -apple-system, sans-serif;""><div style=""font-size: 11px; color: #888; margin-bottom: 6px;"">[T28 - Assistència sanitària] Pregunta 42</div><div style=""font-weight: bold; font-size: 16px; margin-bottom: 14px; line-height: 1.4;"">Quina finalitat té preveure relleus en una intervenció de llarga durada?</div><div style=""font-size: 14px; line-height: 1.6;""><div style=""padding: 5px 0;""><b>A)</b> Mantenir la seguretat i limitar la fatiga dels intervinents.</div><div style=""padding: 5px 0;""><b>B)</b> Concentrar les tasques assistencials en els mateixos efectius durant tot el servei.</div><div style=""padding: 5px 0;""><b>C)</b> Evitar redistribuir funcions quan l’escenari o la càrrega de treball canvien.</div><div style=""padding: 5px 0;""><b>D)</b> Reduir els canvis d’equip encara que augmenti el cansament acumulat.</div></div></div>","<div style=""text-align: left; font-family: -apple-system, sans-serif;""><div style=""font-weight: bold; font-size: 16px; color: #10b981; margin-bottom: 8px;"">✓ Resposta Correcta: A</div><div style=""font-size: 14px; margin-bottom: 12px; padding: 10px; background: rgba(16,185,129,0.1); border-radius: 6px; border-left: 4px solid #10b981;"">A) Mantenir la seguretat i limitar la fatiga dels intervinents.</div><hr style=""border: 0; border-top: 1px solid #ddd; margin: 12px 0;""><div style=""font-size: 13px; color: #444; line-height: 1.4;""><b style=""color: #111;"">Explicació:</b> Els relleus ajuden a evitar que la fatiga comprometi la seguretat i el rendiment dels intervinents.</div></div>","T28_-_Assistencia_sanitaria","18729"
"<div style=""text-align: left; font-family: -apple-system, sans-serif;""><div style=""font-size: 11px; color: #888; margin-bottom: 6px;"">[T28 - Assistència sanitària] Pregunta 43</div><div style=""font-weight: bold; font-size: 16px; margin-bottom: 14px; line-height: 1.4;"">Com s’ha de seleccionar l’equip de protecció individual en una assistència sanitària?</div><div style=""font-size: 14px; line-height: 1.6;""><div style=""padding: 5px 0;""><b>A)</b> D’acord amb els riscos i les característiques del servei.</div><div style=""padding: 5px 0;""><b>B)</b> Principalment segons la comoditat i la mobilitat de l’intervinent.</div><div style=""padding: 5px 0;""><b>C)</b> Amb el mateix nivell de protecció per a qualsevol tipus d’incident.</div><div style=""padding: 5px 0;""><b>D)</b> En funció de la durada prevista, sense considerar el tipus de risc.</div></div></div>","<div style=""text-align: left; font-family: -apple-system, sans-serif;""><div style=""font-weight: bold; font-size: 16px; color: #10b981; margin-bottom: 8px;"">✓ Resposta Correcta: A</div><div style=""font-size: 14px; margin-bottom: 12px; padding: 10px; background: rgba(16,185,129,0.1); border-radius: 6px; border-left: 4px solid #10b981;"">A) D’acord amb els riscos i les característiques del servei.</div><hr style=""border: 0; border-top: 1px solid #ddd; margin: 12px 0;""><div style=""font-size: 13px; color: #444; line-height: 1.4;""><b style=""color: #111;"">Explicació:</b> L’EPI s’ha d’adaptar als riscos del servei i pot incloure guants, ulleres, mascareta o roba específica segons el cas.</div></div>","T28_-_Assistencia_sanitaria","18728"
"<div style=""text-align: left; font-family: -apple-system, sans-serif;""><div style=""font-size: 11px; color: #888; margin-bottom: 6px;"">[T28 - Assistència sanitària] Pregunta 44</div><div style=""font-weight: bold; font-size: 16px; margin-bottom: 14px; line-height: 1.4;"">Quina postura correspon al decúbit pron?</div><div style=""font-size: 14px; line-height: 1.6;""><div style=""padding: 5px 0;""><b>A)</b> Estirat d’esquena.</div><div style=""padding: 5px 0;""><b>B)</b> Dret i dempeus.</div><div style=""padding: 5px 0;""><b>C)</b> Estirat de panxa.</div><div style=""padding: 5px 0;""><b>D)</b> Estirat de costat.</div></div></div>","<div style=""text-align: left; font-family: -apple-system, sans-serif;""><div style=""font-weight: bold; font-size: 16px; color: #10b981; margin-bottom: 8px;"">✓ Resposta Correcta: C</div><div style=""font-size: 14px; margin-bottom: 12px; padding: 10px; background: rgba(16,185,129,0.1); border-radius: 6px; border-left: 4px solid #10b981;"">C) Estirat de panxa.</div><hr style=""border: 0; border-top: 1px solid #ddd; margin: 12px 0;""><div style=""font-size: 13px; color: #444; line-height: 1.4;""><b style=""color: #111;"">Explicació:</b> El decúbit pron descriu la persona estirada sobre la part anterior del cos, de panxa.</div></div>","T28_-_Assistencia_sanitaria","18587"
"<div style=""text-align: left; font-family: -apple-system, sans-serif;""><div style=""font-size: 11px; color: #888; margin-bottom: 6px;"">[T28 - Assistència sanitària] Pregunta 45</div><div style=""font-weight: bold; font-size: 16px; margin-bottom: 14px; line-height: 1.4;"">Quina lesió cutània característica pot aparèixer al voltant dels ulls en un TCE?</div><div style=""font-size: 14px; line-height: 1.6;""><div style=""padding: 5px 0;""><b>A)</b> Cianosi als llavis o als dits.</div><div style=""padding: 5px 0;""><b>B)</b> Hematoma periorbitari o «ull de mapatxe».</div><div style=""padding: 5px 0;""><b>C)</b> Hematoma retroauricular darrere de les orelles.</div><div style=""padding: 5px 0;""><b>D)</b> Envermelliment generalitzat de la cara.</div></div></div>","<div style=""text-align: left; font-family: -apple-system, sans-serif;""><div style=""font-weight: bold; font-size: 16px; color: #10b981; margin-bottom: 8px;"">✓ Resposta Correcta: B</div><div style=""font-size: 14px; margin-bottom: 12px; padding: 10px; background: rgba(16,185,129,0.1); border-radius: 6px; border-left: 4px solid #10b981;"">B) Hematoma periorbitari o «ull de mapatxe».</div><hr style=""border: 0; border-top: 1px solid #ddd; margin: 12px 0;""><div style=""font-size: 13px; color: #444; line-height: 1.4;""><b style=""color: #111;"">Explicació:</b> L’hematoma periorbitari és un signe característic que pot associar-se a lesions cranials greus.</div></div>","T28_-_Assistencia_sanitaria","18647"
"<div style=""text-align: left; font-family: -apple-system, sans-serif;""><div style=""font-size: 11px; color: #888; margin-bottom: 6px;"">[T28 - Assistència sanitària] Pregunta 46</div><div style=""font-weight: bold; font-size: 16px; margin-bottom: 14px; line-height: 1.4;"">Quina és la primera prioritat en qualsevol assistència sanitària d’emergència?</div><div style=""font-size: 14px; line-height: 1.6;""><div style=""padding: 5px 0;""><b>A)</b> Començar immediatament l’examen físic detallat.</div><div style=""padding: 5px 0;""><b>B)</b> Fer l’anamnesi abans de valorar els riscos.</div><div style=""padding: 5px 0;""><b>C)</b> Garantir la seguretat de l’escenari i dels intervinents.</div><div style=""padding: 5px 0;""><b>D)</b> Prendre totes les constants vitals abans d’actuar.</div></div></div>","<div style=""text-align: left; font-family: -apple-system, sans-serif;""><div style=""font-weight: bold; font-size: 16px; color: #10b981; margin-bottom: 8px;"">✓ Resposta Correcta: C</div><div style=""font-size: 14px; margin-bottom: 12px; padding: 10px; background: rgba(16,185,129,0.1); border-radius: 6px; border-left: 4px solid #10b981;"">C) Garantir la seguretat de l’escenari i dels intervinents.</div><hr style=""border: 0; border-top: 1px solid #ddd; margin: 12px 0;""><div style=""font-size: 13px; color: #444; line-height: 1.4;""><b style=""color: #111;"">Explicació:</b> Cap actuació sanitària s’ha de fer sense haver valorat prèviament que l’entorn és segur.</div></div>","T28_-_Assistencia_sanitaria","18725"
"<div style=""text-align: left; font-family: -apple-system, sans-serif;""><div style=""font-size: 11px; color: #888; margin-bottom: 6px;"">[T28 - Assistència sanitària] Pregunta 47</div><div style=""font-weight: bold; font-size: 16px; margin-bottom: 14px; line-height: 1.4;"">On es palpa habitualment el pols radial?</div><div style=""font-size: 14px; line-height: 1.6;""><div style=""padding: 5px 0;""><b>A)</b> Al canell, a la cara lateral del radi.</div><div style=""padding: 5px 0;""><b>B)</b> Al coll, al costat de la tràquea.</div><div style=""padding: 5px 0;""><b>C)</b> A la cara medial del braç, prop de l’aixella.</div><div style=""padding: 5px 0;""><b>D)</b> A la regió inguinal, sobre la línia mitjana.</div></div></div>","<div style=""text-align: left; font-family: -apple-system, sans-serif;""><div style=""font-weight: bold; font-size: 16px; color: #10b981; margin-bottom: 8px;"">✓ Resposta Correcta: A</div><div style=""font-size: 14px; margin-bottom: 12px; padding: 10px; background: rgba(16,185,129,0.1); border-radius: 6px; border-left: 4px solid #10b981;"">A) Al canell, a la cara lateral del radi.</div><hr style=""border: 0; border-top: 1px solid #ddd; margin: 12px 0;""><div style=""font-size: 13px; color: #444; line-height: 1.4;""><b style=""color: #111;"">Explicació:</b> El pols radial és un pols perifèric que es localitza al canell.</div></div>","T28_-_Assistencia_sanitaria","18610"
"<div style=""text-align: left; font-family: -apple-system, sans-serif;""><div style=""font-size: 11px; color: #888; margin-bottom: 6px;"">[T28 - Assistència sanitària] Pregunta 48</div><div style=""font-weight: bold; font-size: 16px; margin-bottom: 14px; line-height: 1.4;"">Com s’inicia la reanimació d’una víctima ofegada en aturada cardiorespiratòria?</div><div style=""font-size: 14px; line-height: 1.6;""><div style=""padding: 5px 0;""><b>A)</b> Amb 5 ventilacions de rescat abans de les compressions.</div><div style=""padding: 5px 0;""><b>B)</b> Amb 30 compressions toràciques abans de la primera ventilació.</div><div style=""padding: 5px 0;""><b>C)</b> Amb 2 ventilacions seguides d’una pausa d’un minut.</div><div style=""padding: 5px 0;""><b>D)</b> Amb compressions contínues sense ventilacions inicials.</div></div></div>","<div style=""text-align: left; font-family: -apple-system, sans-serif;""><div style=""font-weight: bold; font-size: 16px; color: #10b981; margin-bottom: 8px;"">✓ Resposta Correcta: A</div><div style=""font-size: 14px; margin-bottom: 12px; padding: 10px; background: rgba(16,185,129,0.1); border-radius: 6px; border-left: 4px solid #10b981;"">A) Amb 5 ventilacions de rescat abans de les compressions.</div><hr style=""border: 0; border-top: 1px solid #ddd; margin: 12px 0;""><div style=""font-size: 13px; color: #444; line-height: 1.4;""><b style=""color: #111;"">Explicació:</b> En ofegats es comença amb cinc ventilacions de rescat perquè l’aturada sol tenir origen hipòxic; a més, es consideren víctimes traumàtiques.</div></div>","T28_-_Assistencia_sanitaria","18722"
"<div style=""text-align: left; font-family: -apple-system, sans-serif;""><div style=""font-size: 11px; color: #888; margin-bottom: 6px;"">[T28 - Assistència sanitària] Pregunta 49</div><div style=""font-weight: bold; font-size: 16px; margin-bottom: 14px; line-height: 1.4;"">Quina és la primera maniobra manual si una víctima conscient no pot tossir amb força per una OVACE?</div><div style=""font-size: 14px; line-height: 1.6;""><div style=""padding: 5px 0;""><b>A)</b> Aplicar 5 compressions toràciques en tots els adults.</div><div style=""padding: 5px 0;""><b>B)</b> Iniciar 30 compressions toràciques.</div><div style=""padding: 5px 0;""><b>C)</b> Fer 5 ventilacions de rescat.</div><div style=""padding: 5px 0;""><b>D)</b> Donar 5 cops interescapulars.</div></div></div>","<div style=""text-align: left; font-family: -apple-system, sans-serif;""><div style=""font-weight: bold; font-size: 16px; color: #10b981; margin-bottom: 8px;"">✓ Resposta Correcta: D</div><div style=""font-size: 14px; margin-bottom: 12px; padding: 10px; background: rgba(16,185,129,0.1); border-radius: 6px; border-left: 4px solid #10b981;"">D) Donar 5 cops interescapulars.</div><hr style=""border: 0; border-top: 1px solid #ddd; margin: 12px 0;""><div style=""font-size: 13px; color: #444; line-height: 1.4;""><b style=""color: #111;"">Explicació:</b> Davant una obstrucció greu en una víctima conscient, s’inicia amb cinc cops interescapulars.</div></div>","T28_-_Assistencia_sanitaria","18666"
"<div style=""text-align: left; font-family: -apple-system, sans-serif;""><div style=""font-size: 11px; color: #888; margin-bottom: 6px;"">[T28 - Assistència sanitària] Pregunta 50</div><div style=""font-weight: bold; font-size: 16px; margin-bottom: 14px; line-height: 1.4;"">Quin tipus de vòmit és especialment suggestiu de TCE?</div><div style=""font-size: 14px; line-height: 1.6;""><div style=""padding: 5px 0;""><b>A)</b> Vòmit després d’un àpat abundant amb nàusees progressives.</div><div style=""padding: 5px 0;""><b>B)</b> Vòmit projectat que no ha estat precedit de nàusees.</div><div style=""padding: 5px 0;""><b>C)</b> Regurgitació lleu sense alteració neurològica.</div><div style=""padding: 5px 0;""><b>D)</b> Nàusees aïllades sense vòmits ni altres signes.</div></div></div>","<div style=""text-align: left; font-family: -apple-system, sans-serif;""><div style=""font-weight: bold; font-size: 16px; color: #10b981; margin-bottom: 8px;"">✓ Resposta Correcta: B</div><div style=""font-size: 14px; margin-bottom: 12px; padding: 10px; background: rgba(16,185,129,0.1); border-radius: 6px; border-left: 4px solid #10b981;"">B) Vòmit projectat que no ha estat precedit de nàusees.</div><hr style=""border: 0; border-top: 1px solid #ddd; margin: 12px 0;""><div style=""font-size: 13px; color: #444; line-height: 1.4;""><b style=""color: #111;"">Explicació:</b> El vòmit en escopeta sense nàusees prèvies figura entre els signes d’alerta de TCE.</div></div>","T28_-_Assistencia_sanitaria","18645"
"<div style=""text-align: left; font-family: -apple-system, sans-serif;""><div style=""font-size: 11px; color: #888; margin-bottom: 6px;"">[T28 - Assistència sanitària] Pregunta 51</div><div style=""font-weight: bold; font-size: 16px; margin-bottom: 14px; line-height: 1.4;"">Quina alteració pupil·lar pot associar-se a intoxicació per opioides?</div><div style=""font-size: 14px; line-height: 1.6;""><div style=""padding: 5px 0;""><b>A)</b> Miosi bilateral marcada.</div><div style=""padding: 5px 0;""><b>B)</b> Midriasi bilateral marcada.</div><div style=""padding: 5px 0;""><b>C)</b> Pupil·les de mida mitjana i reactives.</div><div style=""padding: 5px 0;""><b>D)</b> Anisocòria fisiològica sense altres signes.</div></div></div>","<div style=""text-align: left; font-family: -apple-system, sans-serif;""><div style=""font-weight: bold; font-size: 16px; color: #10b981; margin-bottom: 8px;"">✓ Resposta Correcta: A</div><div style=""font-size: 14px; margin-bottom: 12px; padding: 10px; background: rgba(16,185,129,0.1); border-radius: 6px; border-left: 4px solid #10b981;"">A) Miosi bilateral marcada.</div><hr style=""border: 0; border-top: 1px solid #ddd; margin: 12px 0;""><div style=""font-size: 13px; color: #444; line-height: 1.4;""><b style=""color: #111;"">Explicació:</b> La miosi marcada pot aparèixer en intoxicacions per opioides, entre altres causes.</div></div>","T28_-_Assistencia_sanitaria","18625"
"<div style=""text-align: left; font-family: -apple-system, sans-serif;""><div style=""font-size: 11px; color: #888; margin-bottom: 6px;"">[T28 - Assistència sanitària] Pregunta 52</div><div style=""font-weight: bold; font-size: 16px; margin-bottom: 14px; line-height: 1.4;"">On s’hauria de fer, sempre que sigui possible, l’exposició corporal de la víctima?</div><div style=""font-size: 14px; line-height: 1.6;""><div style=""padding: 5px 0;""><b>A)</b> En una àrea de pas que permeti agilitzar el trasllat immediat.</div><div style=""padding: 5px 0;""><b>B)</b> En el mateix punt de l’incident encara que no hi hagi protecció ambiental.</div><div style=""padding: 5px 0;""><b>C)</b> En una zona oberta que faciliti l’accés visual de tots els intervinents.</div><div style=""padding: 5px 0;""><b>D)</b> En un espai que preservi la seva intimitat i la protegeixi del medi.</div></div></div>","<div style=""text-align: left; font-family: -apple-system, sans-serif;""><div style=""font-weight: bold; font-size: 16px; color: #10b981; margin-bottom: 8px;"">✓ Resposta Correcta: D</div><div style=""font-size: 14px; margin-bottom: 12px; padding: 10px; background: rgba(16,185,129,0.1); border-radius: 6px; border-left: 4px solid #10b981;"">D) En un espai que preservi la seva intimitat i la protegeixi del medi.</div><hr style=""border: 0; border-top: 1px solid #ddd; margin: 12px 0;""><div style=""font-size: 13px; color: #444; line-height: 1.4;""><b style=""color: #111;"">Explicació:</b> L’exposició ha de combinar la detecció de lesions amb la protecció tèrmica, la intimitat i la dignitat.</div></div>","T28_-_Assistencia_sanitaria","18628"
"<div style=""text-align: left; font-family: -apple-system, sans-serif;""><div style=""font-size: 11px; color: #888; margin-bottom: 6px;"">[T28 - Assistència sanitària] Pregunta 53</div><div style=""font-weight: bold; font-size: 16px; margin-bottom: 14px; line-height: 1.4;"">Què diferencia una emergència sanitària d’una urgència?</div><div style=""font-size: 14px; line-height: 1.6;""><div style=""padding: 5px 0;""><b>A)</b> L’emergència correspon a lesions menors en una víctima estable.</div><div style=""padding: 5px 0;""><b>B)</b> L’emergència implica risc real per a la vida o la salut i actuació immediata al lloc.</div><div style=""padding: 5px 0;""><b>C)</b> L’emergència es defineix per requerir atenció en les 24-48 hores següents.</div><div style=""padding: 5px 0;""><b>D)</b> L’emergència descriu una necessitat percebuda sense risc vital imminent.</div></div></div>","<div style=""text-align: left; font-family: -apple-system, sans-serif;""><div style=""font-weight: bold; font-size: 16px; color: #10b981; margin-bottom: 8px;"">✓ Resposta Correcta: B</div><div style=""font-size: 14px; margin-bottom: 12px; padding: 10px; background: rgba(16,185,129,0.1); border-radius: 6px; border-left: 4px solid #10b981;"">B) L’emergència implica risc real per a la vida o la salut i actuació immediata al lloc.</div><hr style=""border: 0; border-top: 1px solid #ddd; margin: 12px 0;""><div style=""font-size: 13px; color: #444; line-height: 1.4;""><b style=""color: #111;"">Explicació:</b> L’emergència comporta un risc real per a la vida o la salut i requereix resposta immediata al mateix lloc dels fets.</div></div>","T28_-_Assistencia_sanitaria","18557"
"<div style=""text-align: left; font-family: -apple-system, sans-serif;""><div style=""font-size: 11px; color: #888; margin-bottom: 6px;"">[T28 - Assistència sanitària] Pregunta 54</div><div style=""font-weight: bold; font-size: 16px; margin-bottom: 14px; line-height: 1.4;"">Quin instrument s’esmenta específicament per a la coordinació entre el SEM i els Bombers?</div><div style=""font-size: 14px; line-height: 1.6;""><div style=""padding: 5px 0;""><b>A)</b> La Llei 5/1994 de serveis de prevenció i salvaments.</div><div style=""padding: 5px 0;""><b>B)</b> La carta de serveis del Cos de Bombers.</div><div style=""padding: 5px 0;""><b>C)</b> Els plans de protecció civil Procicat i Infocat.</div><div style=""padding: 5px 0;""><b>D)</b> Els protocols de coordinació SEM-Bombers.</div></div></div>","<div style=""text-align: left; font-family: -apple-system, sans-serif;""><div style=""font-weight: bold; font-size: 16px; color: #10b981; margin-bottom: 8px;"">✓ Resposta Correcta: D</div><div style=""font-size: 14px; margin-bottom: 12px; padding: 10px; background: rgba(16,185,129,0.1); border-radius: 6px; border-left: 4px solid #10b981;"">D) Els protocols de coordinació SEM-Bombers.</div><hr style=""border: 0; border-top: 1px solid #ddd; margin: 12px 0;""><div style=""font-size: 13px; color: #444; line-height: 1.4;""><b style=""color: #111;"">Explicació:</b> Els protocols de coordinació SEM-Bombers estableixen el marc específic de coordinació entre tots dos serveis.</div></div>","T28_-_Assistencia_sanitaria","18529"
"<div style=""text-align: left; font-family: -apple-system, sans-serif;""><div style=""font-size: 11px; color: #888; margin-bottom: 6px;"">[T28 - Assistència sanitària] Pregunta 55</div><div style=""font-weight: bold; font-size: 16px; margin-bottom: 14px; line-height: 1.4;"">Quin dispositiu cal utilitzar per descartar una intoxicació per monòxid de carboni quan el pulsioxímetre convencional no és fiable?</div><div style=""font-size: 14px; line-height: 1.6;""><div style=""padding: 5px 0;""><b>A)</b> Un esfigmomanòmetre.</div><div style=""padding: 5px 0;""><b>B)</b> Un pulsicooxímetre.</div><div style=""padding: 5px 0;""><b>C)</b> Un pulsioxímetre convencional.</div><div style=""padding: 5px 0;""><b>D)</b> Un termòmetre corporal.</div></div></div>","<div style=""text-align: left; font-family: -apple-system, sans-serif;""><div style=""font-weight: bold; font-size: 16px; color: #10b981; margin-bottom: 8px;"">✓ Resposta Correcta: B</div><div style=""font-size: 14px; margin-bottom: 12px; padding: 10px; background: rgba(16,185,129,0.1); border-radius: 6px; border-left: 4px solid #10b981;"">B) Un pulsicooxímetre.</div><hr style=""border: 0; border-top: 1px solid #ddd; margin: 12px 0;""><div style=""font-size: 13px; color: #444; line-height: 1.4;""><b style=""color: #111;"">Explicació:</b> En sospita d’intoxicació per CO, la lectura del pulsioxímetre convencional pot ser poc fiable i cal utilitzar un pulsicooxímetre.</div></div>","T28_-_Assistencia_sanitaria","18696"
"<div style=""text-align: left; font-family: -apple-system, sans-serif;""><div style=""font-size: 11px; color: #888; margin-bottom: 6px;"">[T28 - Assistència sanitària] Pregunta 56</div><div style=""font-weight: bold; font-size: 16px; margin-bottom: 14px; line-height: 1.4;"">Quin rang de temperatura corporal es considera normal?</div><div style=""font-size: 14px; line-height: 1.6;""><div style=""padding: 5px 0;""><b>A)</b> De 34 a 35 °C.</div><div style=""padding: 5px 0;""><b>B)</b> De 37,5 a 39 °C.</div><div style=""padding: 5px 0;""><b>C)</b> De 39 a 40,5 °C.</div><div style=""padding: 5px 0;""><b>D)</b> De 36 a 37,5 °C.</div></div></div>","<div style=""text-align: left; font-family: -apple-system, sans-serif;""><div style=""font-weight: bold; font-size: 16px; color: #10b981; margin-bottom: 8px;"">✓ Resposta Correcta: D</div><div style=""font-size: 14px; margin-bottom: 12px; padding: 10px; background: rgba(16,185,129,0.1); border-radius: 6px; border-left: 4px solid #10b981;"">D) De 36 a 37,5 °C.</div><hr style=""border: 0; border-top: 1px solid #ddd; margin: 12px 0;""><div style=""font-size: 13px; color: #444; line-height: 1.4;""><b style=""color: #111;"">Explicació:</b> El rang de normalitat indicat és de 36 a 37,5 °C.</div></div>","T28_-_Assistencia_sanitaria","18627"
"<div style=""text-align: left; font-family: -apple-system, sans-serif;""><div style=""font-size: 11px; color: #888; margin-bottom: 6px;"">[T28 - Assistència sanitària] Pregunta 57</div><div style=""font-weight: bold; font-size: 16px; margin-bottom: 14px; line-height: 1.4;"">Quants rescatadors són necessaris per fer la maniobra del pont descrita?</div><div style=""font-size: 14px; line-height: 1.6;""><div style=""padding: 5px 0;""><b>A)</b> Dos rescatadors.</div><div style=""padding: 5px 0;""><b>B)</b> Quatre rescatadors.</div><div style=""padding: 5px 0;""><b>C)</b> Tres rescatadors.</div><div style=""padding: 5px 0;""><b>D)</b> Cinc rescatadors.</div></div></div>","<div style=""text-align: left; font-family: -apple-system, sans-serif;""><div style=""font-weight: bold; font-size: 16px; color: #10b981; margin-bottom: 8px;"">✓ Resposta Correcta: C</div><div style=""font-size: 14px; margin-bottom: 12px; padding: 10px; background: rgba(16,185,129,0.1); border-radius: 6px; border-left: 4px solid #10b981;"">C) Tres rescatadors.</div><hr style=""border: 0; border-top: 1px solid #ddd; margin: 12px 0;""><div style=""font-size: 13px; color: #444; line-height: 1.4;""><b style=""color: #111;"">Explicació:</b> La maniobra del pont descrita requereix tres rescatadors per elevar la víctima de manera coordinada.</div></div>","T28_-_Assistencia_sanitaria","18715"
"<div style=""text-align: left; font-family: -apple-system, sans-serif;""><div style=""font-size: 11px; color: #888; margin-bottom: 6px;"">[T28 - Assistència sanitària] Pregunta 58</div><div style=""font-weight: bold; font-size: 16px; margin-bottom: 14px; line-height: 1.4;"">Quin és l’objectiu principal de la valoració secundària?</div><div style=""font-size: 14px; line-height: 1.6;""><div style=""padding: 5px 0;""><b>A)</b> Detectar lesions o patologies no immediatament evidents que poden empitjorar el pronòstic.</div><div style=""padding: 5px 0;""><b>B)</b> Confirmar un diagnòstic definitiu abans de la intervenció sanitària.</div><div style=""padding: 5px 0;""><b>C)</b> Substituir la valoració primària quan la víctima està conscient.</div><div style=""padding: 5px 0;""><b>D)</b> Limitar l’exploració a les lesions ja identificades durant XABCDE.</div></div></div>","<div style=""text-align: left; font-family: -apple-system, sans-serif;""><div style=""font-weight: bold; font-size: 16px; color: #10b981; margin-bottom: 8px;"">✓ Resposta Correcta: A</div><div style=""font-size: 14px; margin-bottom: 12px; padding: 10px; background: rgba(16,185,129,0.1); border-radius: 6px; border-left: 4px solid #10b981;"">A) Detectar lesions o patologies no immediatament evidents que poden empitjorar el pronòstic.</div><hr style=""border: 0; border-top: 1px solid #ddd; margin: 12px 0;""><div style=""font-size: 13px; color: #444; line-height: 1.4;""><b style=""color: #111;"">Explicació:</b> La valoració secundària amplia l’exploració després d’haver prioritzat les amenaces vitals.</div></div>","T28_-_Assistencia_sanitaria","18630"
"<div style=""text-align: left; font-family: -apple-system, sans-serif;""><div style=""font-size: 11px; color: #888; margin-bottom: 6px;"">[T28 - Assistència sanitària] Pregunta 59</div><div style=""font-weight: bold; font-size: 16px; margin-bottom: 14px; line-height: 1.4;"">Quina característica operativa tenen els equips del GEM?</div><div style=""font-size: 14px; line-height: 1.6;""><div style=""padding: 5px 0;""><b>A)</b> Integren bombers de primera resposta encarregats d’activar el 112 i iniciar primers auxilis.</div><div style=""padding: 5px 0;""><b>B)</b> Integren personal mèdic i d’infermeria amb capacitat de medicalitzar el lloc de l’incident.</div><div style=""padding: 5px 0;""><b>C)</b> Integren personal hospitalari destinat a rebre la víctima després del trasllat.</div><div style=""padding: 5px 0;""><b>D)</b> Integren personal logístic i de triatge destinat a preparar l’àrea sanitària.</div></div></div>","<div style=""text-align: left; font-family: -apple-system, sans-serif;""><div style=""font-weight: bold; font-size: 16px; color: #10b981; margin-bottom: 8px;"">✓ Resposta Correcta: B</div><div style=""font-size: 14px; margin-bottom: 12px; padding: 10px; background: rgba(16,185,129,0.1); border-radius: 6px; border-left: 4px solid #10b981;"">B) Integren personal mèdic i d’infermeria amb capacitat de medicalitzar el lloc de l’incident.</div><hr style=""border: 0; border-top: 1px solid #ddd; margin: 12px 0;""><div style=""font-size: 13px; color: #444; line-height: 1.4;""><b style=""color: #111;"">Explicació:</b> El GEM incorpora personal mèdic i d’infermeria dins l’estructura operativa de guàrdia i pot medicalitzar l’escena.</div></div>","T28_-_Assistencia_sanitaria","18546"
"<div style=""text-align: left; font-family: -apple-system, sans-serif;""><div style=""font-size: 11px; color: #888; margin-bottom: 6px;"">[T28 - Assistència sanitària] Pregunta 60</div><div style=""font-weight: bold; font-size: 16px; margin-bottom: 14px; line-height: 1.4;"">Quin conjunt de signes és compatible amb un xoc inicial?</div><div style=""font-size: 14px; line-height: 1.6;""><div style=""padding: 5px 0;""><b>A)</b> Mareig, pell suada i pàl·lida, i pols ràpid i dèbil.</div><div style=""padding: 5px 0;""><b>B)</b> Debilitat, pell calenta i seca, i pols ràpid i dèbil.</div><div style=""padding: 5px 0;""><b>C)</b> Alteració de la consciència, pell rosada i pols regular i fort.</div><div style=""padding: 5px 0;""><b>D)</b> Mareig, pell pàl·lida i pols lent i fort.</div></div></div>","<div style=""text-align: left; font-family: -apple-system, sans-serif;""><div style=""font-weight: bold; font-size: 16px; color: #10b981; margin-bottom: 8px;"">✓ Resposta Correcta: A</div><div style=""font-size: 14px; margin-bottom: 12px; padding: 10px; background: rgba(16,185,129,0.1); border-radius: 6px; border-left: 4px solid #10b981;"">A) Mareig, pell suada i pàl·lida, i pols ràpid i dèbil.</div><hr style=""border: 0; border-top: 1px solid #ddd; margin: 12px 0;""><div style=""font-size: 13px; color: #444; line-height: 1.4;""><b style=""color: #111;"">Explicació:</b> El xoc inicial pot manifestar-se amb debilitat, pell freda o suada, taquicàrdia i alteracions progressives de la perfusió.</div></div>","T28_-_Assistencia_sanitaria","18617"
"<div style=""text-align: left; font-family: -apple-system, sans-serif;""><div style=""font-size: 11px; color: #888; margin-bottom: 6px;"">[T28 - Assistència sanitària] Pregunta 61</div><div style=""font-weight: bold; font-size: 16px; margin-bottom: 14px; line-height: 1.4;"">Quina estructura es troba en una posició més caudal?</div><div style=""font-size: 14px; line-height: 1.6;""><div style=""padding: 5px 0;""><b>A)</b> El cap respecte del coll.</div><div style=""padding: 5px 0;""><b>B)</b> L’espatlla respecte de l’abdomen.</div><div style=""padding: 5px 0;""><b>C)</b> El genoll respecte del tòrax.</div><div style=""padding: 5px 0;""><b>D)</b> El tòrax respecte de la pelvis.</div></div></div>","<div style=""text-align: left; font-family: -apple-system, sans-serif;""><div style=""font-weight: bold; font-size: 16px; color: #10b981; margin-bottom: 8px;"">✓ Resposta Correcta: C</div><div style=""font-size: 14px; margin-bottom: 12px; padding: 10px; background: rgba(16,185,129,0.1); border-radius: 6px; border-left: 4px solid #10b981;"">C) El genoll respecte del tòrax.</div><hr style=""border: 0; border-top: 1px solid #ddd; margin: 12px 0;""><div style=""font-size: 13px; color: #444; line-height: 1.4;""><b style=""color: #111;"">Explicació:</b> Caudal indica direcció cap al còccix; el genoll és caudal respecte del tòrax.</div></div>","T28_-_Assistencia_sanitaria","18572"
"<div style=""text-align: left; font-family: -apple-system, sans-serif;""><div style=""font-size: 11px; color: #888; margin-bottom: 6px;"">[T28 - Assistència sanitària] Pregunta 62</div><div style=""font-weight: bold; font-size: 16px; margin-bottom: 14px; line-height: 1.4;"">Quin és l’ordre correcte de la valoració primària XABCDE?</div><div style=""font-size: 14px; line-height: 1.6;""><div style=""padding: 5px 0;""><b>A)</b> Respiració, via aèria, circulació, hemorràgia massiva, disfunció i exposició.</div><div style=""padding: 5px 0;""><b>B)</b> Hemorràgia massiva, circulació, via aèria, respiració, exposició i disfunció.</div><div style=""padding: 5px 0;""><b>C)</b> Via aèria, respiració, hemorràgia massiva, circulació, exposició i disfunció.</div><div style=""padding: 5px 0;""><b>D)</b> Hemorràgia massiva, via aèria, respiració, circulació, disfunció i exposició.</div></div></div>","<div style=""text-align: left; font-family: -apple-system, sans-serif;""><div style=""font-weight: bold; font-size: 16px; color: #10b981; margin-bottom: 8px;"">✓ Resposta Correcta: D</div><div style=""font-size: 14px; margin-bottom: 12px; padding: 10px; background: rgba(16,185,129,0.1); border-radius: 6px; border-left: 4px solid #10b981;"">D) Hemorràgia massiva, via aèria, respiració, circulació, disfunció i exposició.</div><hr style=""border: 0; border-top: 1px solid #ddd; margin: 12px 0;""><div style=""font-size: 13px; color: #444; line-height: 1.4;""><b style=""color: #111;"">Explicació:</b> L’esquema XABCDE prioritza primer l’hemorràgia massiva i continua amb via aèria, respiració, circulació, disfunció i exposició.</div></div>","T28_-_Assistencia_sanitaria","18592"
"<div style=""text-align: left; font-family: -apple-system, sans-serif;""><div style=""font-size: 11px; color: #888; margin-bottom: 6px;"">[T28 - Assistència sanitària] Pregunta 63</div><div style=""font-weight: bold; font-size: 16px; margin-bottom: 14px; line-height: 1.4;"">Quina interpretació és correcta davant estridor, roncs o sibilàncies durant la valoració de la via aèria?</div><div style=""font-size: 14px; line-height: 1.6;""><div style=""padding: 5px 0;""><b>A)</b> Confirmen una via aèria completament permeable i sense incidències.</div><div style=""padding: 5px 0;""><b>B)</b> Corresponen a una alteració circulatòria sense afectació de la via aèria.</div><div style=""padding: 5px 0;""><b>C)</b> Una possible obstrucció o alteració del pas de l’aire.</div><div style=""padding: 5px 0;""><b>D)</b> Indiquen una respiració efectiva sense compromís del pas de l’aire.</div></div></div>","<div style=""text-align: left; font-family: -apple-system, sans-serif;""><div style=""font-weight: bold; font-size: 16px; color: #10b981; margin-bottom: 8px;"">✓ Resposta Correcta: C</div><div style=""font-size: 14px; margin-bottom: 12px; padding: 10px; background: rgba(16,185,129,0.1); border-radius: 6px; border-left: 4px solid #10b981;"">C) Una possible obstrucció o alteració del pas de l’aire.</div><hr style=""border: 0; border-top: 1px solid #ddd; margin: 12px 0;""><div style=""font-size: 13px; color: #444; line-height: 1.4;""><b style=""color: #111;"">Explicació:</b> Els sorolls respiratoris anormals poden alertar d’una dificultat en el pas de l’aire.</div></div>","T28_-_Assistencia_sanitaria","18600"
"<div style=""text-align: left; font-family: -apple-system, sans-serif;""><div style=""font-size: 11px; color: #888; margin-bottom: 6px;"">[T28 - Assistència sanitària] Pregunta 64</div><div style=""font-weight: bold; font-size: 16px; margin-bottom: 14px; line-height: 1.4;"">Quin tipus de pols s’ha de prioritzar en una víctima amb hipotèrmia?</div><div style=""font-size: 14px; line-height: 1.6;""><div style=""padding: 5px 0;""><b>A)</b> Un pols digital als dits de la mà.</div><div style=""padding: 5px 0;""><b>B)</b> Un pols central, com el carotidi.</div><div style=""padding: 5px 0;""><b>C)</b> Un pols perifèric, com el radial.</div><div style=""padding: 5px 0;""><b>D)</b> Un pols distal, com el pediós.</div></div></div>","<div style=""text-align: left; font-family: -apple-system, sans-serif;""><div style=""font-weight: bold; font-size: 16px; color: #10b981; margin-bottom: 8px;"">✓ Resposta Correcta: B</div><div style=""font-size: 14px; margin-bottom: 12px; padding: 10px; background: rgba(16,185,129,0.1); border-radius: 6px; border-left: 4px solid #10b981;"">B) Un pols central, com el carotidi.</div><hr style=""border: 0; border-top: 1px solid #ddd; margin: 12px 0;""><div style=""font-size: 13px; color: #444; line-height: 1.4;""><b style=""color: #111;"">Explicació:</b> En hipotèrmia el pols perifèric pot ser difícil de detectar; per això es prioritza la valoració d’un pols central.</div></div>","T28_-_Assistencia_sanitaria","18708"
"<div style=""text-align: left; font-family: -apple-system, sans-serif;""><div style=""font-size: 11px; color: #888; margin-bottom: 6px;"">[T28 - Assistència sanitària] Pregunta 65</div><div style=""font-weight: bold; font-size: 16px; margin-bottom: 14px; line-height: 1.4;"">Quina resposta motora obté 6 punts a l’Escala de Coma de Glasgow?</div><div style=""font-size: 14px; line-height: 1.6;""><div style=""padding: 5px 0;""><b>A)</b> Obeeix ordres de manera adequada.</div><div style=""padding: 5px 0;""><b>B)</b> Localitza l’estímul dolorós.</div><div style=""padding: 5px 0;""><b>C)</b> Es retira davant l’estímul dolorós.</div><div style=""padding: 5px 0;""><b>D)</b> Presenta flexió anormal davant el dolor.</div></div></div>","<div style=""text-align: left; font-family: -apple-system, sans-serif;""><div style=""font-weight: bold; font-size: 16px; color: #10b981; margin-bottom: 8px;"">✓ Resposta Correcta: A</div><div style=""font-size: 14px; margin-bottom: 12px; padding: 10px; background: rgba(16,185,129,0.1); border-radius: 6px; border-left: 4px solid #10b981;"">A) Obeeix ordres de manera adequada.</div><hr style=""border: 0; border-top: 1px solid #ddd; margin: 12px 0;""><div style=""font-size: 13px; color: #444; line-height: 1.4;""><b style=""color: #111;"">Explicació:</b> En la resposta motora de Glasgow, obeir ordres correspon a la puntuació màxima de 6 punts.</div></div>","T28_-_Assistencia_sanitaria","18654"
"<div style=""text-align: left; font-family: -apple-system, sans-serif;""><div style=""font-size: 11px; color: #888; margin-bottom: 6px;"">[T28 - Assistència sanitària] Pregunta 66</div><div style=""font-weight: bold; font-size: 16px; margin-bottom: 14px; line-height: 1.4;"">Quin signe suggereix que la via aèria d’una víctima està probablement permeable?</div><div style=""font-size: 14px; line-height: 1.6;""><div style=""padding: 5px 0;""><b>A)</b> La víctima parla i respon a preguntes.</div><div style=""padding: 5px 0;""><b>B)</b> La víctima té un cos estrany visible a la boca.</div><div style=""padding: 5px 0;""><b>C)</b> La víctima no parla i emet roncs.</div><div style=""padding: 5px 0;""><b>D)</b> La víctima presenta estridor inspiratori.</div></div></div>","<div style=""text-align: left; font-family: -apple-system, sans-serif;""><div style=""font-weight: bold; font-size: 16px; color: #10b981; margin-bottom: 8px;"">✓ Resposta Correcta: A</div><div style=""font-size: 14px; margin-bottom: 12px; padding: 10px; background: rgba(16,185,129,0.1); border-radius: 6px; border-left: 4px solid #10b981;"">A) La víctima parla i respon a preguntes.</div><hr style=""border: 0; border-top: 1px solid #ddd; margin: 12px 0;""><div style=""font-size: 13px; color: #444; line-height: 1.4;""><b style=""color: #111;"">Explicació:</b> La capacitat de parlar implica que l’aire passa per la via aèria, tot i que la situació s’ha de continuar vigilant.</div></div>","T28_-_Assistencia_sanitaria","18599"
"<div style=""text-align: left; font-family: -apple-system, sans-serif;""><div style=""font-size: 11px; color: #888; margin-bottom: 6px;"">[T28 - Assistència sanitària] Pregunta 67</div><div style=""font-weight: bold; font-size: 16px; margin-bottom: 14px; line-height: 1.4;"">Quina és la funció del DEA?</div><div style=""font-size: 14px; line-height: 1.6;""><div style=""padding: 5px 0;""><b>A)</b> Mantenir la circulació mitjançant compressions toràciques automàtiques.</div><div style=""padding: 5px 0;""><b>B)</b> Ventilar la víctima i regular el volum d’aire administrat.</div><div style=""padding: 5px 0;""><b>C)</b> Mesurar la saturació d’oxigen i indicar la necessitat d’oxigenoteràpia.</div><div style=""padding: 5px 0;""><b>D)</b> Analitzar el ritme cardíac i indicar una descàrrega quan està recomanada.</div></div></div>","<div style=""text-align: left; font-family: -apple-system, sans-serif;""><div style=""font-weight: bold; font-size: 16px; color: #10b981; margin-bottom: 8px;"">✓ Resposta Correcta: D</div><div style=""font-size: 14px; margin-bottom: 12px; padding: 10px; background: rgba(16,185,129,0.1); border-radius: 6px; border-left: 4px solid #10b981;"">D) Analitzar el ritme cardíac i indicar una descàrrega quan està recomanada.</div><hr style=""border: 0; border-top: 1px solid #ddd; margin: 12px 0;""><div style=""font-size: 13px; color: #444; line-height: 1.4;""><b style=""color: #111;"">Explicació:</b> El DEA analitza el ritme i guia l’ús d’una descàrrega en ritmes desfibril·lables.</div></div>","T28_-_Assistencia_sanitaria","18684"
"<div style=""text-align: left; font-family: -apple-system, sans-serif;""><div style=""font-size: 11px; color: #888; margin-bottom: 6px;"">[T28 - Assistència sanitària] Pregunta 68</div><div style=""font-weight: bold; font-size: 16px; margin-bottom: 14px; line-height: 1.4;"">Quina maniobra substitueix les compressions abdominals en un lactant amb OVACE greu?</div><div style=""font-size: 14px; line-height: 1.6;""><div style=""padding: 5px 0;""><b>A)</b> 5 compressions toràciques.</div><div style=""padding: 5px 0;""><b>B)</b> 5 ventilacions assistides.</div><div style=""padding: 5px 0;""><b>C)</b> 5 compressions pèlviques.</div><div style=""padding: 5px 0;""><b>D)</b> 5 compressions cervicals.</div></div></div>","<div style=""text-align: left; font-family: -apple-system, sans-serif;""><div style=""font-weight: bold; font-size: 16px; color: #10b981; margin-bottom: 8px;"">✓ Resposta Correcta: A</div><div style=""font-size: 14px; margin-bottom: 12px; padding: 10px; background: rgba(16,185,129,0.1); border-radius: 6px; border-left: 4px solid #10b981;"">A) 5 compressions toràciques.</div><hr style=""border: 0; border-top: 1px solid #ddd; margin: 12px 0;""><div style=""font-size: 13px; color: #444; line-height: 1.4;""><b style=""color: #111;"">Explicació:</b> En lactants es combinen cinc cops interescapulars amb cinc compressions toràciques.</div></div>","T28_-_Assistencia_sanitaria","18669"
"<div style=""text-align: left; font-family: -apple-system, sans-serif;""><div style=""font-size: 11px; color: #888; margin-bottom: 6px;"">[T28 - Assistència sanitària] Pregunta 69</div><div style=""font-weight: bold; font-size: 16px; margin-bottom: 14px; line-height: 1.4;"">Com s’ha d’eliminar el material utilitzat amb possible contaminació biològica?</div><div style=""font-size: 14px; line-height: 1.6;""><div style=""padding: 5px 0;""><b>A)</b> Amb residus comuns encara que hagi estat en contacte amb fluids biològics.</div><div style=""padding: 5px 0;""><b>B)</b> Juntament amb material net si no presenta contaminació visible.</div><div style=""padding: 5px 0;""><b>C)</b> En una zona apartada de l’escena fins que finalitzi tota la intervenció.</div><div style=""padding: 5px 0;""><b>D)</b> En bosses o contenidors designats de forma segura.</div></div></div>","<div style=""text-align: left; font-family: -apple-system, sans-serif;""><div style=""font-weight: bold; font-size: 16px; color: #10b981; margin-bottom: 8px;"">✓ Resposta Correcta: D</div><div style=""font-size: 14px; margin-bottom: 12px; padding: 10px; background: rgba(16,185,129,0.1); border-radius: 6px; border-left: 4px solid #10b981;"">D) En bosses o contenidors designats de forma segura.</div><hr style=""border: 0; border-top: 1px solid #ddd; margin: 12px 0;""><div style=""font-size: 13px; color: #444; line-height: 1.4;""><b style=""color: #111;"">Explicació:</b> El material potencialment contaminat s’ha de retirar mitjançant els sistemes previstos per evitar exposicions.</div></div>","T28_-_Assistencia_sanitaria","18736"
"<div style=""text-align: left; font-family: -apple-system, sans-serif;""><div style=""font-size: 11px; color: #888; margin-bottom: 6px;"">[T28 - Assistència sanitària] Pregunta 70</div><div style=""font-weight: bold; font-size: 16px; margin-bottom: 14px; line-height: 1.4;"">Fins a quin moment s’estén la categoria de nen o nena?</div><div style=""font-size: 14px; line-height: 1.6;""><div style=""padding: 5px 0;""><b>A)</b> Des del part fins a l’inici del període de lactant.</div><div style=""padding: 5px 0;""><b>B)</b> Des de la pubertat fins al final del creixement.</div><div style=""padding: 5px 0;""><b>C)</b> Des de l’1 any fins a la pubertat, aproximadament als 12-14 anys.</div><div style=""padding: 5px 0;""><b>D)</b> Des del naixement fins als 12 mesos.</div></div></div>","<div style=""text-align: left; font-family: -apple-system, sans-serif;""><div style=""font-weight: bold; font-size: 16px; color: #10b981; margin-bottom: 8px;"">✓ Resposta Correcta: C</div><div style=""font-size: 14px; margin-bottom: 12px; padding: 10px; background: rgba(16,185,129,0.1); border-radius: 6px; border-left: 4px solid #10b981;"">C) Des de l’1 any fins a la pubertat, aproximadament als 12-14 anys.</div><hr style=""border: 0; border-top: 1px solid #ddd; margin: 12px 0;""><div style=""font-size: 13px; color: #444; line-height: 1.4;""><b style=""color: #111;"">Explicació:</b> La categoria de nen o nena va de l’any d’edat fins a la pubertat, situada aproximadament entre els 12 i els 14 anys.</div></div>","T28_-_Assistencia_sanitaria","18563"
"<div style=""text-align: left; font-family: -apple-system, sans-serif;""><div style=""font-size: 11px; color: #888; margin-bottom: 6px;"">[T28 - Assistència sanitària] Pregunta 71</div><div style=""font-weight: bold; font-size: 16px; margin-bottom: 14px; line-height: 1.4;"">Quina temperatura corporal és habitualment compatible amb un cop de calor greu?</div><div style=""font-size: 14px; line-height: 1.6;""><div style=""padding: 5px 0;""><b>A)</b> Entre 35 i 36 °C.</div><div style=""padding: 5px 0;""><b>B)</b> Inferior als 35 °C.</div><div style=""padding: 5px 0;""><b>C)</b> Entre 36 i 37,5 °C.</div><div style=""padding: 5px 0;""><b>D)</b> Superior als 40 °C.</div></div></div>","<div style=""text-align: left; font-family: -apple-system, sans-serif;""><div style=""font-weight: bold; font-size: 16px; color: #10b981; margin-bottom: 8px;"">✓ Resposta Correcta: D</div><div style=""font-size: 14px; margin-bottom: 12px; padding: 10px; background: rgba(16,185,129,0.1); border-radius: 6px; border-left: 4px solid #10b981;"">D) Superior als 40 °C.</div><hr style=""border: 0; border-top: 1px solid #ddd; margin: 12px 0;""><div style=""font-size: 13px; color: #444; line-height: 1.4;""><b style=""color: #111;"">Explicació:</b> El cop de calor s’associa a una elevació extrema de la temperatura, sovint per sobre dels 40 °C.</div></div>","T28_-_Assistencia_sanitaria","18709"
"<div style=""text-align: left; font-family: -apple-system, sans-serif;""><div style=""font-size: 11px; color: #888; margin-bottom: 6px;"">[T28 - Assistència sanitària] Pregunta 72</div><div style=""font-weight: bold; font-size: 16px; margin-bottom: 14px; line-height: 1.4;"">Quina pressió arterial sistòlica mínima suggereix habitualment la presència de pols radial?</div><div style=""font-size: 14px; line-height: 1.6;""><div style=""padding: 5px 0;""><b>A)</b> Aproximadament 50-60 mmHg.</div><div style=""padding: 5px 0;""><b>B)</b> Aproximadament 100-110 mmHg.</div><div style=""padding: 5px 0;""><b>C)</b> Aproximadament 80-90 mmHg.</div><div style=""padding: 5px 0;""><b>D)</b> Aproximadament 120-130 mmHg.</div></div></div>","<div style=""text-align: left; font-family: -apple-system, sans-serif;""><div style=""font-weight: bold; font-size: 16px; color: #10b981; margin-bottom: 8px;"">✓ Resposta Correcta: C</div><div style=""font-size: 14px; margin-bottom: 12px; padding: 10px; background: rgba(16,185,129,0.1); border-radius: 6px; border-left: 4px solid #10b981;"">C) Aproximadament 80-90 mmHg.</div><hr style=""border: 0; border-top: 1px solid #ddd; margin: 12px 0;""><div style=""font-size: 13px; color: #444; line-height: 1.4;""><b style=""color: #111;"">Explicació:</b> La presència de pols radial s’associa generalment a una pressió sistòlica mínima d’uns 80-90 mmHg.</div></div>","T28_-_Assistencia_sanitaria","18611"
"<div style=""text-align: left; font-family: -apple-system, sans-serif;""><div style=""font-size: 11px; color: #888; margin-bottom: 6px;"">[T28 - Assistència sanitària] Pregunta 73</div><div style=""font-weight: bold; font-size: 16px; margin-bottom: 14px; line-height: 1.4;"">A partir de quin valor es considera hipotèrmia?</div><div style=""font-size: 14px; line-height: 1.6;""><div style=""padding: 5px 0;""><b>A)</b> Per sobre de 40 °C.</div><div style=""padding: 5px 0;""><b>B)</b> Per sota de 36,5 °C.</div><div style=""padding: 5px 0;""><b>C)</b> Per sobre de 38 °C.</div><div style=""padding: 5px 0;""><b>D)</b> Per sota de 35 °C.</div></div></div>","<div style=""text-align: left; font-family: -apple-system, sans-serif;""><div style=""font-weight: bold; font-size: 16px; color: #10b981; margin-bottom: 8px;"">✓ Resposta Correcta: D</div><div style=""font-size: 14px; margin-bottom: 12px; padding: 10px; background: rgba(16,185,129,0.1); border-radius: 6px; border-left: 4px solid #10b981;"">D) Per sota de 35 °C.</div><hr style=""border: 0; border-top: 1px solid #ddd; margin: 12px 0;""><div style=""font-size: 13px; color: #444; line-height: 1.4;""><b style=""color: #111;"">Explicació:</b> La hipotèrmia es defineix per una temperatura corporal inferior a 35 °C.</div></div>","T28_-_Assistencia_sanitaria","18705"
"<div style=""text-align: left; font-family: -apple-system, sans-serif;""><div style=""font-size: 11px; color: #888; margin-bottom: 6px;"">[T28 - Assistència sanitària] Pregunta 74</div><div style=""font-weight: bold; font-size: 16px; margin-bottom: 14px; line-height: 1.4;"">Quina mesura de protecció s’ha d’adoptar quan es preveu contacte amb una víctima o amb el seu entorn?</div><div style=""font-size: 14px; line-height: 1.6;""><div style=""padding: 5px 0;""><b>A)</b> Fer higiene de mans i treballar sense guants.</div><div style=""padding: 5px 0;""><b>B)</b> Utilitzar guants com a barrera de protecció.</div><div style=""padding: 5px 0;""><b>C)</b> Prioritzar els guants en manipular material punxant.</div><div style=""padding: 5px 0;""><b>D)</b> Reservar els guants per a hemorràgies visibles.</div></div></div>","<div style=""text-align: left; font-family: -apple-system, sans-serif;""><div style=""font-weight: bold; font-size: 16px; color: #10b981; margin-bottom: 8px;"">✓ Resposta Correcta: B</div><div style=""font-size: 14px; margin-bottom: 12px; padding: 10px; background: rgba(16,185,129,0.1); border-radius: 6px; border-left: 4px solid #10b981;"">B) Utilitzar guants com a barrera de protecció.</div><hr style=""border: 0; border-top: 1px solid #ddd; margin: 12px 0;""><div style=""font-size: 13px; color: #444; line-height: 1.4;""><b style=""color: #111;"">Explicació:</b> Els guants formen part de les mesures bàsiques davant el risc de contacte amb fluids biològics.</div></div>","T28_-_Assistencia_sanitaria","18739"
"<div style=""text-align: left; font-family: -apple-system, sans-serif;""><div style=""font-size: 11px; color: #888; margin-bottom: 6px;"">[T28 - Assistència sanitària] Pregunta 75</div><div style=""font-weight: bold; font-size: 16px; margin-bottom: 14px; line-height: 1.4;"">Per què s’han de minimitzar els moviments bruscos en hipotèrmies moderades o greus?</div><div style=""font-size: 14px; line-height: 1.6;""><div style=""padding: 5px 0;""><b>A)</b> Perquè poden desencadenar arrítmies cardíaques en hipotèrmies moderades o greus.</div><div style=""padding: 5px 0;""><b>B)</b> Perquè poden augmentar el treball muscular sense aportar un reescalfament segur.</div><div style=""padding: 5px 0;""><b>C)</b> Perquè poden fer menys fiable la palpació d’un pols perifèric durant la valoració.</div><div style=""padding: 5px 0;""><b>D)</b> Perquè poden dificultar el manteniment de l’aïllament tèrmic durant l’assistència.</div></div></div>","<div style=""text-align: left; font-family: -apple-system, sans-serif;""><div style=""font-weight: bold; font-size: 16px; color: #10b981; margin-bottom: 8px;"">✓ Resposta Correcta: A</div><div style=""font-size: 14px; margin-bottom: 12px; padding: 10px; background: rgba(16,185,129,0.1); border-radius: 6px; border-left: 4px solid #10b981;"">A) Perquè poden desencadenar arrítmies cardíaques en hipotèrmies moderades o greus.</div><hr style=""border: 0; border-top: 1px solid #ddd; margin: 12px 0;""><div style=""font-size: 13px; color: #444; line-height: 1.4;""><b style=""color: #111;"">Explicació:</b> En hipotèrmies moderades o greus, els moviments bruscos poden afavorir l’aparició d’arrítmies.</div></div>","T28_-_Assistencia_sanitaria","18707"
"<div style=""text-align: left; font-family: -apple-system, sans-serif;""><div style=""font-size: 11px; color: #888; margin-bottom: 6px;"">[T28 - Assistència sanitària] Pregunta 76</div><div style=""font-weight: bold; font-size: 16px; margin-bottom: 14px; line-height: 1.4;"">Quin equipament de ventilació s’associa al personal sanitari?</div><div style=""font-size: 14px; line-height: 1.6;""><div style=""padding: 5px 0;""><b>A)</b> Intubació o dispositius supraglòtics com a recurs bàsic inicial.</div><div style=""padding: 5px 0;""><b>B)</b> Oxigenoteràpia sense cap sistema de ventilació manual.</div><div style=""padding: 5px 0;""><b>C)</b> Cànula orofaríngia i baló d’insuflació amb reservori connectat a oxigen.</div><div style=""padding: 5px 0;""><b>D)</b> Ventilació amb màscara-boca sense dispositius complementaris.</div></div></div>","<div style=""text-align: left; font-family: -apple-system, sans-serif;""><div style=""font-weight: bold; font-size: 16px; color: #10b981; margin-bottom: 8px;"">✓ Resposta Correcta: C</div><div style=""font-size: 14px; margin-bottom: 12px; padding: 10px; background: rgba(16,185,129,0.1); border-radius: 6px; border-left: 4px solid #10b981;"">C) Cànula orofaríngia i baló d’insuflació amb reservori connectat a oxigen.</div><hr style=""border: 0; border-top: 1px solid #ddd; margin: 12px 0;""><div style=""font-size: 13px; color: #444; line-height: 1.4;""><b style=""color: #111;"">Explicació:</b> El personal sanitari pot utilitzar Guedel i baló d’insuflació amb reservori i oxigen.</div></div>","T28_-_Assistencia_sanitaria","18674"
"<div style=""text-align: left; font-family: -apple-system, sans-serif;""><div style=""font-size: 11px; color: #888; margin-bottom: 6px;"">[T28 - Assistència sanitària] Pregunta 77</div><div style=""font-weight: bold; font-size: 16px; margin-bottom: 14px; line-height: 1.4;"">Quina mesura inicial ajuda a evitar l’agreujament d’una lesió encara no valorada?</div><div style=""font-size: 14px; line-height: 1.6;""><div style=""padding: 5px 0;""><b>A)</b> Canviar-la de posició repetidament per localitzar millor el dolor.</div><div style=""padding: 5px 0;""><b>B)</b> Fer incorporar la víctima per comprovar si tolera el moviment.</div><div style=""padding: 5px 0;""><b>C)</b> Demanar moviments actius amplis de les extremitats afectades.</div><div style=""padding: 5px 0;""><b>D)</b> Evitar moviments innecessaris fins haver completat la valoració.</div></div></div>","<div style=""text-align: left; font-family: -apple-system, sans-serif;""><div style=""font-weight: bold; font-size: 16px; color: #10b981; margin-bottom: 8px;"">✓ Resposta Correcta: D</div><div style=""font-size: 14px; margin-bottom: 12px; padding: 10px; background: rgba(16,185,129,0.1); border-radius: 6px; border-left: 4px solid #10b981;"">D) Evitar moviments innecessaris fins haver completat la valoració.</div><hr style=""border: 0; border-top: 1px solid #ddd; margin: 12px 0;""><div style=""font-size: 13px; color: #444; line-height: 1.4;""><b style=""color: #111;"">Explicació:</b> Limitar els moviments abans de completar la valoració redueix el risc d’agreujar lesions encara no identificades.</div></div>","T28_-_Assistencia_sanitaria","18730"
"<div style=""text-align: left; font-family: -apple-system, sans-serif;""><div style=""font-size: 11px; color: #888; margin-bottom: 6px;"">[T28 - Assistència sanitària] Pregunta 78</div><div style=""font-weight: bold; font-size: 16px; margin-bottom: 14px; line-height: 1.4;"">Quina activació correspon als testimonis o primers intervinents davant una emergència?</div><div style=""font-size: 14px; line-height: 1.6;""><div style=""padding: 5px 0;""><b>A)</b> Activar directament el trasllat medicalitzat al centre hospitalari.</div><div style=""padding: 5px 0;""><b>B)</b> Alertar els serveis d’emergència mitjançant el 112.</div><div style=""padding: 5px 0;""><b>C)</b> Coordinar l’assistència sanitària especialitzada de l’escena.</div><div style=""padding: 5px 0;""><b>D)</b> Assignar la classificació clínica definitiva de la víctima.</div></div></div>","<div style=""text-align: left; font-family: -apple-system, sans-serif;""><div style=""font-weight: bold; font-size: 16px; color: #10b981; margin-bottom: 8px;"">✓ Resposta Correcta: B</div><div style=""font-size: 14px; margin-bottom: 12px; padding: 10px; background: rgba(16,185,129,0.1); border-radius: 6px; border-left: 4px solid #10b981;"">B) Alertar els serveis d’emergència mitjançant el 112.</div><hr style=""border: 0; border-top: 1px solid #ddd; margin: 12px 0;""><div style=""font-size: 13px; color: #444; line-height: 1.4;""><b style=""color: #111;"">Explicació:</b> Els primers intervinents han d’alertar els serveis d’emergència mitjançant el 112.</div></div>","T28_-_Assistencia_sanitaria","18533"
"<div style=""text-align: left; font-family: -apple-system, sans-serif;""><div style=""font-size: 11px; color: #888; margin-bottom: 6px;"">[T28 - Assistència sanitària] Pregunta 79</div><div style=""font-weight: bold; font-size: 16px; margin-bottom: 14px; line-height: 1.4;"">Quina coloració cutània indica mala oxigenació i pot associar-se a problemes respiratoris o circulatoris greus?</div><div style=""font-size: 14px; line-height: 1.6;""><div style=""padding: 5px 0;""><b>A)</b> La pal·lidesa limitada a una antiga cicatriu.</div><div style=""padding: 5px 0;""><b>B)</b> L’envermelliment lleu de les galtes.</div><div style=""padding: 5px 0;""><b>C)</b> La cianosi als llavis o als dits.</div><div style=""padding: 5px 0;""><b>D)</b> La coloració rosada uniforme de la pell.</div></div></div>","<div style=""text-align: left; font-family: -apple-system, sans-serif;""><div style=""font-weight: bold; font-size: 16px; color: #10b981; margin-bottom: 8px;"">✓ Resposta Correcta: C</div><div style=""font-size: 14px; margin-bottom: 12px; padding: 10px; background: rgba(16,185,129,0.1); border-radius: 6px; border-left: 4px solid #10b981;"">C) La cianosi als llavis o als dits.</div><hr style=""border: 0; border-top: 1px solid #ddd; margin: 12px 0;""><div style=""font-size: 13px; color: #444; line-height: 1.4;""><b style=""color: #111;"">Explicació:</b> La cianosi és una coloració blavosa que alerta d’una oxigenació inadequada.</div></div>","T28_-_Assistencia_sanitaria","18607"
"<div style=""text-align: left; font-family: -apple-system, sans-serif;""><div style=""font-size: 11px; color: #888; margin-bottom: 6px;"">[T28 - Assistència sanitària] Pregunta 80</div><div style=""font-weight: bold; font-size: 16px; margin-bottom: 14px; line-height: 1.4;"">Com es classifica una víctima amb lesions importants que requereixen atenció ràpida?</div><div style=""font-size: 14px; line-height: 1.6;""><div style=""padding: 5px 0;""><b>A)</b> Lleu (menys urgent).</div><div style=""padding: 5px 0;""><b>B)</b> Greu (urgent).</div><div style=""padding: 5px 0;""><b>C)</b> Molt greu (reanimació).</div><div style=""padding: 5px 0;""><b>D)</b> Molt greu (emergència).</div></div></div>","<div style=""text-align: left; font-family: -apple-system, sans-serif;""><div style=""font-weight: bold; font-size: 16px; color: #10b981; margin-bottom: 8px;"">✓ Resposta Correcta: B</div><div style=""font-size: 14px; margin-bottom: 12px; padding: 10px; background: rgba(16,185,129,0.1); border-radius: 6px; border-left: 4px solid #10b981;"">B) Greu (urgent).</div><hr style=""border: 0; border-top: 1px solid #ddd; margin: 12px 0;""><div style=""font-size: 13px; color: #444; line-height: 1.4;""><b style=""color: #111;"">Explicació:</b> La categoria greu o urgent correspon a lesions importants que requereixen atenció ràpida.</div></div>","T28_-_Assistencia_sanitaria","18588"
"<div style=""text-align: left; font-family: -apple-system, sans-serif;""><div style=""font-size: 11px; color: #888; margin-bottom: 6px;"">[T28 - Assistència sanitària] Pregunta 81</div><div style=""font-weight: bold; font-size: 16px; margin-bottom: 14px; line-height: 1.4;"">Què s’ha de fer si una víctima amb OVACE perd la consciència?</div><div style=""font-size: 14px; line-height: 1.6;""><div style=""padding: 5px 0;""><b>A)</b> Iniciar RCP i retirar només els cossos estranys visibles.</div><div style=""padding: 5px 0;""><b>B)</b> Mantenir-la asseguda i esperar que recuperi una tos efectiva.</div><div style=""padding: 5px 0;""><b>C)</b> Fer una exploració digital cega de la boca abans de començar les compressions.</div><div style=""padding: 5px 0;""><b>D)</b> Continuar alternant cops interescapulars i compressions abdominals.</div></div></div>","<div style=""text-align: left; font-family: -apple-system, sans-serif;""><div style=""font-weight: bold; font-size: 16px; color: #10b981; margin-bottom: 8px;"">✓ Resposta Correcta: A</div><div style=""font-size: 14px; margin-bottom: 12px; padding: 10px; background: rgba(16,185,129,0.1); border-radius: 6px; border-left: 4px solid #10b981;"">A) Iniciar RCP i retirar només els cossos estranys visibles.</div><hr style=""border: 0; border-top: 1px solid #ddd; margin: 12px 0;""><div style=""font-size: 13px; color: #444; line-height: 1.4;""><b style=""color: #111;"">Explicació:</b> En la víctima inconscient s’inicia RCP i només s’extreuen objectes visibles, evitant empènyer-los cap endins.</div></div>","T28_-_Assistencia_sanitaria","18670"
"<div style=""text-align: left; font-family: -apple-system, sans-serif;""><div style=""font-size: 11px; color: #888; margin-bottom: 6px;"">[T28 - Assistència sanitària] Pregunta 82</div><div style=""font-weight: bold; font-size: 16px; margin-bottom: 14px; line-height: 1.4;"">Quina conseqüència pot prevenir una actuació precoç davant una hemorràgia massiva?</div><div style=""font-size: 14px; line-height: 1.6;""><div style=""padding: 5px 0;""><b>A)</b> La hipertermia provocada per una exposició ambiental prolongada.</div><div style=""padding: 5px 0;""><b>B)</b> La broncoconstricció associada a una obstrucció de via aèria.</div><div style=""padding: 5px 0;""><b>C)</b> L’empitjorament hemodinàmic i el xoc hemorràgic.</div><div style=""padding: 5px 0;""><b>D)</b> L’aparició d’una anisocòria per compressió neurològica.</div></div></div>","<div style=""text-align: left; font-family: -apple-system, sans-serif;""><div style=""font-weight: bold; font-size: 16px; color: #10b981; margin-bottom: 8px;"">✓ Resposta Correcta: C</div><div style=""font-size: 14px; margin-bottom: 12px; padding: 10px; background: rgba(16,185,129,0.1); border-radius: 6px; border-left: 4px solid #10b981;"">C) L’empitjorament hemodinàmic i el xoc hemorràgic.</div><hr style=""border: 0; border-top: 1px solid #ddd; margin: 12px 0;""><div style=""font-size: 13px; color: #444; line-height: 1.4;""><b style=""color: #111;"">Explicació:</b> Aturar precoçment una gran pèrdua sanguínia redueix el risc de xoc hemorràgic.</div></div>","T28_-_Assistencia_sanitaria","18598"
"<div style=""text-align: left; font-family: -apple-system, sans-serif;""><div style=""font-size: 11px; color: #888; margin-bottom: 6px;"">[T28 - Assistència sanitària] Pregunta 83</div><div style=""font-weight: bold; font-size: 16px; margin-bottom: 14px; line-height: 1.4;"">Quin moviment fa un braç quan se separa lateralment de la línia mitjana del cos?</div><div style=""font-size: 14px; line-height: 1.6;""><div style=""padding: 5px 0;""><b>A)</b> L’abducció.</div><div style=""padding: 5px 0;""><b>B)</b> La flexió.</div><div style=""padding: 5px 0;""><b>C)</b> L’adducció.</div><div style=""padding: 5px 0;""><b>D)</b> L’extensió.</div></div></div>","<div style=""text-align: left; font-family: -apple-system, sans-serif;""><div style=""font-weight: bold; font-size: 16px; color: #10b981; margin-bottom: 8px;"">✓ Resposta Correcta: A</div><div style=""font-size: 14px; margin-bottom: 12px; padding: 10px; background: rgba(16,185,129,0.1); border-radius: 6px; border-left: 4px solid #10b981;"">A) L’abducció.</div><hr style=""border: 0; border-top: 1px solid #ddd; margin: 12px 0;""><div style=""font-size: 13px; color: #444; line-height: 1.4;""><b style=""color: #111;"">Explicació:</b> L’abducció allunya de la línia mitjana, mentre que l’adducció hi acosta.</div></div>","T28_-_Assistencia_sanitaria","18577"
"<div style=""text-align: left; font-family: -apple-system, sans-serif;""><div style=""font-size: 11px; color: #888; margin-bottom: 6px;"">[T28 - Assistència sanitària] Pregunta 84</div><div style=""font-weight: bold; font-size: 16px; margin-bottom: 14px; line-height: 1.4;"">Quin és l’objectiu principal de la immobilització d’una víctima traumàtica?</div><div style=""font-size: 14px; line-height: 1.6;""><div style=""padding: 5px 0;""><b>A)</b> Permetre canvis posturals freqüents per comprovar l’evolució del dolor.</div><div style=""padding: 5px 0;""><b>B)</b> Facilitar el moviment de la zona lesionada per reduir la rigidesa durant el trasllat.</div><div style=""padding: 5px 0;""><b>C)</b> Evitar l’agreujament de lesions i facilitar un transport segur.</div><div style=""padding: 5px 0;""><b>D)</b> Substituir la revaloració clínica durant el transport de la víctima.</div></div></div>","<div style=""text-align: left; font-family: -apple-system, sans-serif;""><div style=""font-weight: bold; font-size: 16px; color: #10b981; margin-bottom: 8px;"">✓ Resposta Correcta: C</div><div style=""font-size: 14px; margin-bottom: 12px; padding: 10px; background: rgba(16,185,129,0.1); border-radius: 6px; border-left: 4px solid #10b981;"">C) Evitar l’agreujament de lesions i facilitar un transport segur.</div><hr style=""border: 0; border-top: 1px solid #ddd; margin: 12px 0;""><div style=""font-size: 13px; color: #444; line-height: 1.4;""><b style=""color: #111;"">Explicació:</b> Immobilitzar limita moviments que poden empitjorar fractures o lesions vertebrals.</div></div>","T28_-_Assistencia_sanitaria","18717"
"<div style=""text-align: left; font-family: -apple-system, sans-serif;""><div style=""font-size: 11px; color: #888; margin-bottom: 6px;"">[T28 - Assistència sanitària] Pregunta 85</div><div style=""font-weight: bold; font-size: 16px; margin-bottom: 14px; line-height: 1.4;"">Quin criteri identifica una víctima molt greu en situació de reanimació?</div><div style=""font-size: 14px; line-height: 1.6;""><div style=""padding: 5px 0;""><b>A)</b> Està estable, sense risc vital i presenta lesions menors.</div><div style=""padding: 5px 0;""><b>B)</b> Necessita atenció ràpida però no presenta risc vital imminent.</div><div style=""padding: 5px 0;""><b>C)</b> No respon i no respira o no respira amb normalitat.</div><div style=""padding: 5px 0;""><b>D)</b> Presenta lesions importants però manté una resposta i respiració normals.</div></div></div>","<div style=""text-align: left; font-family: -apple-system, sans-serif;""><div style=""font-weight: bold; font-size: 16px; color: #10b981; margin-bottom: 8px;"">✓ Resposta Correcta: C</div><div style=""font-size: 14px; margin-bottom: 12px; padding: 10px; background: rgba(16,185,129,0.1); border-radius: 6px; border-left: 4px solid #10b981;"">C) No respon i no respira o no respira amb normalitat.</div><hr style=""border: 0; border-top: 1px solid #ddd; margin: 12px 0;""><div style=""font-size: 13px; color: #444; line-height: 1.4;""><b style=""color: #111;"">Explicació:</b> La categoria de reanimació correspon a una persona que no respon i no respira o no respira amb normalitat, amb risc vital imminent.</div></div>","T28_-_Assistencia_sanitaria","18578"
"<div style=""text-align: left; font-family: -apple-system, sans-serif;""><div style=""font-size: 11px; color: #888; margin-bottom: 6px;"">[T28 - Assistència sanitària] Pregunta 86</div><div style=""font-weight: bold; font-size: 16px; margin-bottom: 14px; line-height: 1.4;"">En l’anamnesi SPUMA, quin bloc pot revelar l’ús d’anticoagulants, insulina o broncodilatadors?</div><div style=""font-size: 14px; line-height: 1.6;""><div style=""padding: 5px 0;""><b>A)</b> P – Patologies prèvies.</div><div style=""padding: 5px 0;""><b>B)</b> S – Succés.</div><div style=""padding: 5px 0;""><b>C)</b> M – Medicació habitual.</div><div style=""padding: 5px 0;""><b>D)</b> U – Última ingesta.</div></div></div>","<div style=""text-align: left; font-family: -apple-system, sans-serif;""><div style=""font-weight: bold; font-size: 16px; color: #10b981; margin-bottom: 8px;"">✓ Resposta Correcta: C</div><div style=""font-size: 14px; margin-bottom: 12px; padding: 10px; background: rgba(16,185,129,0.1); border-radius: 6px; border-left: 4px solid #10b981;"">C) M – Medicació habitual.</div><hr style=""border: 0; border-top: 1px solid #ddd; margin: 12px 0;""><div style=""font-size: 13px; color: #444; line-height: 1.4;""><b style=""color: #111;"">Explicació:</b> La M recull la medicació habitual, una dada útil per orientar riscos i interpretar l’estat de la víctima.</div></div>","T28_-_Assistencia_sanitaria","18634"
"<div style=""text-align: left; font-family: -apple-system, sans-serif;""><div style=""font-size: 11px; color: #888; margin-bottom: 6px;"">[T28 - Assistència sanitària] Pregunta 87</div><div style=""font-weight: bold; font-size: 16px; margin-bottom: 14px; line-height: 1.4;"">Quan s’inicia la valoració secundària?</div><div style=""font-size: 14px; line-height: 1.6;""><div style=""padding: 5px 0;""><b>A)</b> Després d’haver assegurat les funcions vitals bàsiques amb la valoració primària.</div><div style=""padding: 5px 0;""><b>B)</b> Abans d’abordar l’hemorràgia massiva si la víctima està conscient.</div><div style=""padding: 5px 0;""><b>C)</b> Quan ja s’ha iniciat l’examen físic de cap a peus, encara que hi hagi amenaces vitals.</div><div style=""padding: 5px 0;""><b>D)</b> Després de la primera impressió, abans de completar la valoració primària.</div></div></div>","<div style=""text-align: left; font-family: -apple-system, sans-serif;""><div style=""font-weight: bold; font-size: 16px; color: #10b981; margin-bottom: 8px;"">✓ Resposta Correcta: A</div><div style=""font-size: 14px; margin-bottom: 12px; padding: 10px; background: rgba(16,185,129,0.1); border-radius: 6px; border-left: 4px solid #10b981;"">A) Després d’haver assegurat les funcions vitals bàsiques amb la valoració primària.</div><hr style=""border: 0; border-top: 1px solid #ddd; margin: 12px 0;""><div style=""font-size: 13px; color: #444; line-height: 1.4;""><b style=""color: #111;"">Explicació:</b> La valoració secundària s’aborda després de resoldre o estabilitzar les amenaces vitals immediates.</div></div>","T28_-_Assistencia_sanitaria","18629"
"<div style=""text-align: left; font-family: -apple-system, sans-serif;""><div style=""font-size: 11px; color: #888; margin-bottom: 6px;"">[T28 - Assistència sanitària] Pregunta 88</div><div style=""font-weight: bold; font-size: 16px; margin-bottom: 14px; line-height: 1.4;"">Què representa la lletra D de l’esquema XABCDE?</div><div style=""font-size: 14px; line-height: 1.6;""><div style=""padding: 5px 0;""><b>A)</b> Descompressió de la via aèria.</div><div style=""padding: 5px 0;""><b>B)</b> Detecció de dolor toràcic.</div><div style=""padding: 5px 0;""><b>C)</b> Drenatge de secrecions.</div><div style=""padding: 5px 0;""><b>D)</b> Disfunció neurològica.</div></div></div>","<div style=""text-align: left; font-family: -apple-system, sans-serif;""><div style=""font-weight: bold; font-size: 16px; color: #10b981; margin-bottom: 8px;"">✓ Resposta Correcta: D</div><div style=""font-size: 14px; margin-bottom: 12px; padding: 10px; background: rgba(16,185,129,0.1); border-radius: 6px; border-left: 4px solid #10b981;"">D) Disfunció neurològica.</div><hr style=""border: 0; border-top: 1px solid #ddd; margin: 12px 0;""><div style=""font-size: 13px; color: #444; line-height: 1.4;""><b style=""color: #111;"">Explicació:</b> La D correspon a Disability, és a dir, una valoració ràpida de la funció neurològica.</div></div>","T28_-_Assistencia_sanitaria","18593"
"<div style=""text-align: left; font-family: -apple-system, sans-serif;""><div style=""font-size: 11px; color: #888; margin-bottom: 6px;"">[T28 - Assistència sanitària] Pregunta 89</div><div style=""font-weight: bold; font-size: 16px; margin-bottom: 14px; line-height: 1.4;"">Com es classifica en AVDN una víctima que no respon a la veu però reacciona davant un estímul dolorós?</div><div style=""font-size: 14px; line-height: 1.6;""><div style=""padding: 5px 0;""><b>A)</b> N.</div><div style=""padding: 5px 0;""><b>B)</b> D.</div><div style=""padding: 5px 0;""><b>C)</b> A.</div><div style=""padding: 5px 0;""><b>D)</b> V.</div></div></div>","<div style=""text-align: left; font-family: -apple-system, sans-serif;""><div style=""font-weight: bold; font-size: 16px; color: #10b981; margin-bottom: 8px;"">✓ Resposta Correcta: B</div><div style=""font-size: 14px; margin-bottom: 12px; padding: 10px; background: rgba(16,185,129,0.1); border-radius: 6px; border-left: 4px solid #10b981;"">B) D.</div><hr style=""border: 0; border-top: 1px solid #ddd; margin: 12px 0;""><div style=""font-size: 13px; color: #444; line-height: 1.4;""><b style=""color: #111;"">Explicació:</b> La resposta exclusiva al dolor correspon a la categoria D de l’escala AVDN.</div></div>","T28_-_Assistencia_sanitaria","18621"
"<div style=""text-align: left; font-family: -apple-system, sans-serif;""><div style=""font-size: 11px; color: #888; margin-bottom: 6px;"">[T28 - Assistència sanitària] Pregunta 90</div><div style=""font-weight: bold; font-size: 16px; margin-bottom: 14px; line-height: 1.4;"">En l’anamnesi SPUMA, quin bloc recull antecedents com diabetis, cardiopaties, asma o epilèpsia?</div><div style=""font-size: 14px; line-height: 1.6;""><div style=""padding: 5px 0;""><b>A)</b> A – Al·lèrgies.</div><div style=""padding: 5px 0;""><b>B)</b> S – Succés.</div><div style=""padding: 5px 0;""><b>C)</b> M – Medicació habitual.</div><div style=""padding: 5px 0;""><b>D)</b> P – Patologies prèvies.</div></div></div>","<div style=""text-align: left; font-family: -apple-system, sans-serif;""><div style=""font-weight: bold; font-size: 16px; color: #10b981; margin-bottom: 8px;"">✓ Resposta Correcta: D</div><div style=""font-size: 14px; margin-bottom: 12px; padding: 10px; background: rgba(16,185,129,0.1); border-radius: 6px; border-left: 4px solid #10b981;"">D) P – Patologies prèvies.</div><hr style=""border: 0; border-top: 1px solid #ddd; margin: 12px 0;""><div style=""font-size: 13px; color: #444; line-height: 1.4;""><b style=""color: #111;"">Explicació:</b> La P recull patologies prèvies i antecedents mèdics que poden explicar l’estat actual o anticipar complicacions.</div></div>","T28_-_Assistencia_sanitaria","18632"
"<div style=""text-align: left; font-family: -apple-system, sans-serif;""><div style=""font-size: 11px; color: #888; margin-bottom: 6px;"">[T28 - Assistència sanitària] Pregunta 91</div><div style=""font-weight: bold; font-size: 16px; margin-bottom: 14px; line-height: 1.4;"">Quina mesura forma part del refredament actiu en un cop de calor?</div><div style=""font-size: 14px; line-height: 1.6;""><div style=""padding: 5px 0;""><b>A)</b> Aplicar aigua fresca, ventilació amb aire o draps freds en zones molt vascularitzades.</div><div style=""padding: 5px 0;""><b>B)</b> Aplicar gel directament sobre tota la superfície corporal durant molta estona.</div><div style=""padding: 5px 0;""><b>C)</b> Cobrir completament la víctima amb roba seca i gruixuda.</div><div style=""padding: 5px 0;""><b>D)</b> Donar begudes molt calentes per estimular la sudoració.</div></div></div>","<div style=""text-align: left; font-family: -apple-system, sans-serif;""><div style=""font-weight: bold; font-size: 16px; color: #10b981; margin-bottom: 8px;"">✓ Resposta Correcta: A</div><div style=""font-size: 14px; margin-bottom: 12px; padding: 10px; background: rgba(16,185,129,0.1); border-radius: 6px; border-left: 4px solid #10b981;"">A) Aplicar aigua fresca, ventilació amb aire o draps freds en zones molt vascularitzades.</div><hr style=""border: 0; border-top: 1px solid #ddd; margin: 12px 0;""><div style=""font-size: 13px; color: #444; line-height: 1.4;""><b style=""color: #111;"">Explicació:</b> El refredament actiu pot combinar aigua fresca, aire i fred localitzat a aixelles, engonals o coll.</div></div>","T28_-_Assistencia_sanitaria","18711"
"<div style=""text-align: left; font-family: -apple-system, sans-serif;""><div style=""font-size: 11px; color: #888; margin-bottom: 6px;"">[T28 - Assistència sanitària] Pregunta 92</div><div style=""font-weight: bold; font-size: 16px; margin-bottom: 14px; line-height: 1.4;"">Quina actuació és adequada davant la sospita de TCE?</div><div style=""font-size: 14px; line-height: 1.6;""><div style=""padding: 5px 0;""><b>A)</b> Asseure la víctima per facilitar l’observació mentre es mou el coll.</div><div style=""padding: 5px 0;""><b>B)</b> Girar el cap lateralment per comprovar si apareix dolor cervical.</div><div style=""padding: 5px 0;""><b>C)</b> Permetre que s’incorpori si està orientada abans de completar XABCDE.</div><div style=""padding: 5px 0;""><b>D)</b> Evitar mobilitzacions innecessàries i mantenir alineada la columna cervical.</div></div></div>","<div style=""text-align: left; font-family: -apple-system, sans-serif;""><div style=""font-weight: bold; font-size: 16px; color: #10b981; margin-bottom: 8px;"">✓ Resposta Correcta: D</div><div style=""font-size: 14px; margin-bottom: 12px; padding: 10px; background: rgba(16,185,129,0.1); border-radius: 6px; border-left: 4px solid #10b981;"">D) Evitar mobilitzacions innecessàries i mantenir alineada la columna cervical.</div><hr style=""border: 0; border-top: 1px solid #ddd; margin: 12px 0;""><div style=""font-size: 13px; color: #444; line-height: 1.4;""><b style=""color: #111;"">Explicació:</b> La sospita de TCE obliga a limitar moviments, protegir la columna cervical i mantenir una valoració sistemàtica.</div></div>","T28_-_Assistencia_sanitaria","18648"
"<div style=""text-align: left; font-family: -apple-system, sans-serif;""><div style=""font-size: 11px; color: #888; margin-bottom: 6px;"">[T28 - Assistència sanitària] Pregunta 93</div><div style=""font-weight: bold; font-size: 16px; margin-bottom: 14px; line-height: 1.4;"">Com han de ser les pupil·les en condicions normals?</div><div style=""font-size: 14px; line-height: 1.6;""><div style=""padding: 5px 0;""><b>A)</b> De mida diferent i amb resposta lumínica conservada.</div><div style=""padding: 5px 0;""><b>B)</b> De mida similar i reactives a la llum.</div><div style=""padding: 5px 0;""><b>C)</b> De mida similar però sense resposta a la llum.</div><div style=""padding: 5px 0;""><b>D)</b> Molt dilatades i amb resposta lumínica lenta.</div></div></div>","<div style=""text-align: left; font-family: -apple-system, sans-serif;""><div style=""font-weight: bold; font-size: 16px; color: #10b981; margin-bottom: 8px;"">✓ Resposta Correcta: B</div><div style=""font-size: 14px; margin-bottom: 12px; padding: 10px; background: rgba(16,185,129,0.1); border-radius: 6px; border-left: 4px solid #10b981;"">B) De mida similar i reactives a la llum.</div><hr style=""border: 0; border-top: 1px solid #ddd; margin: 12px 0;""><div style=""font-size: 13px; color: #444; line-height: 1.4;""><b style=""color: #111;"">Explicació:</b> La simetria i la reactivitat a la llum formen part de la valoració neurològica bàsica.</div></div>","T28_-_Assistencia_sanitaria","18623"
"<div style=""text-align: left; font-family: -apple-system, sans-serif;""><div style=""font-size: 11px; color: #888; margin-bottom: 6px;"">[T28 - Assistència sanitària] Pregunta 94</div><div style=""font-weight: bold; font-size: 16px; margin-bottom: 14px; line-height: 1.4;"">Quin conjunt forma part de la presa de constants de la valoració secundària?</div><div style=""font-size: 14px; line-height: 1.6;""><div style=""padding: 5px 0;""><b>A)</b> Freqüència cardíaca, saturació d’oxigen, dolor i examen físic del tòrax.</div><div style=""padding: 5px 0;""><b>B)</b> Freqüència respiratòria, pols, dolor, pupil·les i mobilitat cervical.</div><div style=""padding: 5px 0;""><b>C)</b> Freqüència respiratòria, pols, pressió arterial, SpO₂, temperatura i estat de consciència.</div><div style=""padding: 5px 0;""><b>D)</b> Pressió arterial, temperatura, coloració cutània i exploració abdominal.</div></div></div>","<div style=""text-align: left; font-family: -apple-system, sans-serif;""><div style=""font-weight: bold; font-size: 16px; color: #10b981; margin-bottom: 8px;"">✓ Resposta Correcta: C</div><div style=""font-size: 14px; margin-bottom: 12px; padding: 10px; background: rgba(16,185,129,0.1); border-radius: 6px; border-left: 4px solid #10b981;"">C) Freqüència respiratòria, pols, pressió arterial, SpO₂, temperatura i estat de consciència.</div><hr style=""border: 0; border-top: 1px solid #ddd; margin: 12px 0;""><div style=""font-size: 13px; color: #444; line-height: 1.4;""><b style=""color: #111;"">Explicació:</b> La valoració secundària pot incloure diverses constants i la repetició de l’estat de consciència.</div></div>","T28_-_Assistencia_sanitaria","18636"
"<div style=""text-align: left; font-family: -apple-system, sans-serif;""><div style=""font-size: 11px; color: #888; margin-bottom: 6px;"">[T28 - Assistència sanitària] Pregunta 95</div><div style=""font-weight: bold; font-size: 16px; margin-bottom: 14px; line-height: 1.4;"">Quina estructura es troba en una posició més cranial?</div><div style=""font-size: 14px; line-height: 1.6;""><div style=""padding: 5px 0;""><b>A)</b> El cap respecte de l’abdomen.</div><div style=""padding: 5px 0;""><b>B)</b> Els peus respecte del tòrax.</div><div style=""padding: 5px 0;""><b>C)</b> El genoll respecte de l’espatlla.</div><div style=""padding: 5px 0;""><b>D)</b> El còccix respecte del coll.</div></div></div>","<div style=""text-align: left; font-family: -apple-system, sans-serif;""><div style=""font-weight: bold; font-size: 16px; color: #10b981; margin-bottom: 8px;"">✓ Resposta Correcta: A</div><div style=""font-size: 14px; margin-bottom: 12px; padding: 10px; background: rgba(16,185,129,0.1); border-radius: 6px; border-left: 4px solid #10b981;"">A) El cap respecte de l’abdomen.</div><hr style=""border: 0; border-top: 1px solid #ddd; margin: 12px 0;""><div style=""font-size: 13px; color: #444; line-height: 1.4;""><b style=""color: #111;"">Explicació:</b> Cranial indica direcció cap al cap; per això el cap és cranial respecte de l’abdomen.</div></div>","T28_-_Assistencia_sanitaria","18571"
"<div style=""text-align: left; font-family: -apple-system, sans-serif;""><div style=""font-size: 11px; color: #888; margin-bottom: 6px;"">[T28 - Assistència sanitària] Pregunta 96</div><div style=""font-weight: bold; font-size: 16px; margin-bottom: 14px; line-height: 1.4;"">Quins aspectes s’han de valorar inicialment en una ferida?</div><div style=""font-size: 14px; line-height: 1.6;""><div style=""padding: 5px 0;""><b>A)</b> Profunditat, extensió, sagnat i presència de cossos estranys.</div><div style=""padding: 5px 0;""><b>B)</b> Localització, freqüència respiratòria, pols i estat de consciència.</div><div style=""padding: 5px 0;""><b>C)</b> Coloració, resposta pupil·lar, mobilitat i temperatura corporal.</div><div style=""padding: 5px 0;""><b>D)</b> Dolor, temperatura cutània, freqüència cardíaca i saturació.</div></div></div>","<div style=""text-align: left; font-family: -apple-system, sans-serif;""><div style=""font-weight: bold; font-size: 16px; color: #10b981; margin-bottom: 8px;"">✓ Resposta Correcta: A</div><div style=""font-size: 14px; margin-bottom: 12px; padding: 10px; background: rgba(16,185,129,0.1); border-radius: 6px; border-left: 4px solid #10b981;"">A) Profunditat, extensió, sagnat i presència de cossos estranys.</div><hr style=""border: 0; border-top: 1px solid #ddd; margin: 12px 0;""><div style=""font-size: 13px; color: #444; line-height: 1.4;""><b style=""color: #111;"">Explicació:</b> La valoració de la ferida inclou característiques que orienten la gravetat i les cures inicials.</div></div>","T28_-_Assistencia_sanitaria","18697"
"<div style=""text-align: left; font-family: -apple-system, sans-serif;""><div style=""font-size: 11px; color: #888; margin-bottom: 6px;"">[T28 - Assistència sanitària] Pregunta 97</div><div style=""font-weight: bold; font-size: 16px; margin-bottom: 14px; line-height: 1.4;"">Què ha de guiar l’actuació en situacions tenses o amb múltiples afectats?</div><div style=""font-size: 14px; line-height: 1.6;""><div style=""padding: 5px 0;""><b>A)</b> L’ordre d’arribada de les víctimes a la zona assistencial.</div><div style=""padding: 5px 0;""><b>B)</b> Les prioritats assistencials i les ordres del comandament.</div><div style=""padding: 5px 0;""><b>C)</b> La preferència individual de cada intervinent sobre les tasques.</div><div style=""padding: 5px 0;""><b>D)</b> La rapidesa d’actuació encara que es perdi la coordinació entre equips.</div></div></div>","<div style=""text-align: left; font-family: -apple-system, sans-serif;""><div style=""font-weight: bold; font-size: 16px; color: #10b981; margin-bottom: 8px;"">✓ Resposta Correcta: B</div><div style=""font-size: 14px; margin-bottom: 12px; padding: 10px; background: rgba(16,185,129,0.1); border-radius: 6px; border-left: 4px solid #10b981;"">B) Les prioritats assistencials i les ordres del comandament.</div><hr style=""border: 0; border-top: 1px solid #ddd; margin: 12px 0;""><div style=""font-size: 13px; color: #444; line-height: 1.4;""><b style=""color: #111;"">Explicació:</b> En situacions complexes cal mantenir les prioritats assistencials i seguir les ordres del comandament per conservar una resposta coordinada.</div></div>","T28_-_Assistencia_sanitaria","18740"
"<div style=""text-align: left; font-family: -apple-system, sans-serif;""><div style=""font-size: 11px; color: #888; margin-bottom: 6px;"">[T28 - Assistència sanitària] Pregunta 98</div><div style=""font-weight: bold; font-size: 16px; margin-bottom: 14px; line-height: 1.4;"">Quina mesura de seguretat és imprescindible durant l’anàlisi o la descàrrega del DEA?</div><div style=""font-size: 14px; line-height: 1.6;""><div style=""padding: 5px 0;""><b>A)</b> Assegurar-se que ningú toca la víctima.</div><div style=""padding: 5px 0;""><b>B)</b> Mantenir una mà sobre el tòrax per comprovar la resposta.</div><div style=""padding: 5px 0;""><b>C)</b> Continuar les compressions durant la descàrrega.</div><div style=""padding: 5px 0;""><b>D)</b> Retirar els pegats abans que el dispositiu analitzi el ritme.</div></div></div>","<div style=""text-align: left; font-family: -apple-system, sans-serif;""><div style=""font-weight: bold; font-size: 16px; color: #10b981; margin-bottom: 8px;"">✓ Resposta Correcta: A</div><div style=""font-size: 14px; margin-bottom: 12px; padding: 10px; background: rgba(16,185,129,0.1); border-radius: 6px; border-left: 4px solid #10b981;"">A) Assegurar-se que ningú toca la víctima.</div><hr style=""border: 0; border-top: 1px solid #ddd; margin: 12px 0;""><div style=""font-size: 13px; color: #444; line-height: 1.4;""><b style=""color: #111;"">Explicació:</b> Durant l’anàlisi i la descàrrega no hi ha d’haver contacte físic amb la víctima.</div></div>","T28_-_Assistencia_sanitaria","18687"
"<div style=""text-align: left; font-family: -apple-system, sans-serif;""><div style=""font-size: 11px; color: #888; margin-bottom: 6px;"">[T28 - Assistència sanitària] Pregunta 99</div><div style=""font-weight: bold; font-size: 16px; margin-bottom: 14px; line-height: 1.4;"">Quin és l’objectiu de la ventilació de suport?</div><div style=""font-size: 14px; line-height: 1.6;""><div style=""padding: 5px 0;""><b>A)</b> Restablir un ritme cardíac desfibril·lable amb una descàrrega.</div><div style=""padding: 5px 0;""><b>B)</b> Mantenir una ventilació efectiva quan la víctima no respira o ho fa insuficientment.</div><div style=""padding: 5px 0;""><b>C)</b> Obrir la via aèria reposicionant les estructures anatòmiques.</div><div style=""padding: 5px 0;""><b>D)</b> Eliminar un cos estrany que obstrueix la via aèria.</div></div></div>","<div style=""text-align: left; font-family: -apple-system, sans-serif;""><div style=""font-weight: bold; font-size: 16px; color: #10b981; margin-bottom: 8px;"">✓ Resposta Correcta: B</div><div style=""font-size: 14px; margin-bottom: 12px; padding: 10px; background: rgba(16,185,129,0.1); border-radius: 6px; border-left: 4px solid #10b981;"">B) Mantenir una ventilació efectiva quan la víctima no respira o ho fa insuficientment.</div><hr style=""border: 0; border-top: 1px solid #ddd; margin: 12px 0;""><div style=""font-size: 13px; color: #444; line-height: 1.4;""><b style=""color: #111;"">Explicació:</b> La ventilació de suport busca garantir l’entrada d’aire i oxigenació fins a la recuperació o l’arribada de mitjans avançats.</div></div>","T28_-_Assistencia_sanitaria","18672"
"<div style=""text-align: left; font-family: -apple-system, sans-serif;""><div style=""font-size: 11px; color: #888; margin-bottom: 6px;"">[T28 - Assistència sanitària] Pregunta 100</div><div style=""font-weight: bold; font-size: 16px; margin-bottom: 14px; line-height: 1.4;"">Quina puntuació de Glasgow s’associa a un TCE greu i risc vital?</div><div style=""font-size: 14px; line-height: 1.6;""><div style=""padding: 5px 0;""><b>A)</b> 13 punts o més.</div><div style=""padding: 5px 0;""><b>B)</b> Menys de 8 punts.</div><div style=""padding: 5px 0;""><b>C)</b> De 9 a 12 punts.</div><div style=""padding: 5px 0;""><b>D)</b> Exactament 15 punts.</div></div></div>","<div style=""text-align: left; font-family: -apple-system, sans-serif;""><div style=""font-weight: bold; font-size: 16px; color: #10b981; margin-bottom: 8px;"">✓ Resposta Correcta: B</div><div style=""font-size: 14px; margin-bottom: 12px; padding: 10px; background: rgba(16,185,129,0.1); border-radius: 6px; border-left: 4px solid #10b981;"">B) Menys de 8 punts.</div><hr style=""border: 0; border-top: 1px solid #ddd; margin: 12px 0;""><div style=""font-size: 13px; color: #444; line-height: 1.4;""><b style=""color: #111;"">Explicació:</b> Una puntuació inferior a 8 s’associa a TCE greu i major compromís neurològic.</div></div>","T28_-_Assistencia_sanitaria","18642"
"<div style=""text-align: left; font-family: -apple-system, sans-serif;""><div style=""font-size: 11px; color: #888; margin-bottom: 6px;"">[T28 - Assistència sanitària] Pregunta 101</div><div style=""font-weight: bold; font-size: 16px; margin-bottom: 14px; line-height: 1.4;"">Quin principi d’actuació busca reduir les pauses en les compressions toràciques o en l’assistència vital?</div><div style=""font-size: 14px; line-height: 1.6;""><div style=""padding: 5px 0;""><b>A)</b> Prioritzar les funcions vitals.</div><div style=""padding: 5px 0;""><b>B)</b> Mantenir una comunicació efectiva.</div><div style=""padding: 5px 0;""><b>C)</b> Minimitzar les interrupcions.</div><div style=""padding: 5px 0;""><b>D)</b> Fer una revaloració contínua.</div></div></div>","<div style=""text-align: left; font-family: -apple-system, sans-serif;""><div style=""font-weight: bold; font-size: 16px; color: #10b981; margin-bottom: 8px;"">✓ Resposta Correcta: C</div><div style=""font-size: 14px; margin-bottom: 12px; padding: 10px; background: rgba(16,185,129,0.1); border-radius: 6px; border-left: 4px solid #10b981;"">C) Minimitzar les interrupcions.</div><hr style=""border: 0; border-top: 1px solid #ddd; margin: 12px 0;""><div style=""font-size: 13px; color: #444; line-height: 1.4;""><b style=""color: #111;"">Explicació:</b> Minimitzar les interrupcions és un principi bàsic perquè les pauses poden reduir l’eficàcia de les maniobres vitals.</div></div>","T28_-_Assistencia_sanitaria","18552"
"<div style=""text-align: left; font-family: -apple-system, sans-serif;""><div style=""font-size: 11px; color: #888; margin-bottom: 6px;"">[T28 - Assistència sanitària] Pregunta 102</div><div style=""font-weight: bold; font-size: 16px; margin-bottom: 14px; line-height: 1.4;"">Quin rang de saturació d’oxigen (SpO₂) es considera normal?</div><div style=""font-size: 14px; line-height: 1.6;""><div style=""padding: 5px 0;""><b>A)</b> Del 95 al 100 %.</div><div style=""padding: 5px 0;""><b>B)</b> Del 85 al 89 %.</div><div style=""padding: 5px 0;""><b>C)</b> Per sota del 90 %.</div><div style=""padding: 5px 0;""><b>D)</b> Del 90 al 94 %.</div></div></div>","<div style=""text-align: left; font-family: -apple-system, sans-serif;""><div style=""font-weight: bold; font-size: 16px; color: #10b981; margin-bottom: 8px;"">✓ Resposta Correcta: A</div><div style=""font-size: 14px; margin-bottom: 12px; padding: 10px; background: rgba(16,185,129,0.1); border-radius: 6px; border-left: 4px solid #10b981;"">A) Del 95 al 100 %.</div><hr style=""border: 0; border-top: 1px solid #ddd; margin: 12px 0;""><div style=""font-size: 13px; color: #444; line-height: 1.4;""><b style=""color: #111;"">Explicació:</b> Una SpO₂ del 95-100 % es considera dins la normalitat; valors inferiors orienten cap a hipòxia.</div></div>","T28_-_Assistencia_sanitaria","18649"
"<div style=""text-align: left; font-family: -apple-system, sans-serif;""><div style=""font-size: 11px; color: #888; margin-bottom: 6px;"">[T28 - Assistència sanitària] Pregunta 103</div><div style=""font-weight: bold; font-size: 16px; margin-bottom: 14px; line-height: 1.4;"">Què estudia l’anatomia?</div><div style=""font-size: 14px; line-height: 1.6;""><div style=""padding: 5px 0;""><b>A)</b> La resposta clínica davant diferents tractaments.</div><div style=""padding: 5px 0;""><b>B)</b> El funcionament fisiològic dels òrgans i sistemes.</div><div style=""padding: 5px 0;""><b>C)</b> L’estructura del cos humà.</div><div style=""padding: 5px 0;""><b>D)</b> Les causes i l’evolució de les malalties.</div></div></div>","<div style=""text-align: left; font-family: -apple-system, sans-serif;""><div style=""font-weight: bold; font-size: 16px; color: #10b981; margin-bottom: 8px;"">✓ Resposta Correcta: C</div><div style=""font-size: 14px; margin-bottom: 12px; padding: 10px; background: rgba(16,185,129,0.1); border-radius: 6px; border-left: 4px solid #10b981;"">C) L’estructura del cos humà.</div><hr style=""border: 0; border-top: 1px solid #ddd; margin: 12px 0;""><div style=""font-size: 13px; color: #444; line-height: 1.4;""><b style=""color: #111;"">Explicació:</b> L’anatomia és la ciència que estudia l’estructura del cos humà.</div></div>","T28_-_Assistencia_sanitaria","18564"
"<div style=""text-align: left; font-family: -apple-system, sans-serif;""><div style=""font-size: 11px; color: #888; margin-bottom: 6px;"">[T28 - Assistència sanitària] Pregunta 104</div><div style=""font-weight: bold; font-size: 16px; margin-bottom: 14px; line-height: 1.4;"">Quina profunditat han de tenir les compressions toràciques en un adult?</div><div style=""font-size: 14px; line-height: 1.6;""><div style=""padding: 5px 0;""><b>A)</b> Entre 7 i 8 cm.</div><div style=""padding: 5px 0;""><b>B)</b> Més de 8 cm.</div><div style=""padding: 5px 0;""><b>C)</b> Entre 2 i 3 cm.</div><div style=""padding: 5px 0;""><b>D)</b> Entre 5 i 6 cm.</div></div></div>","<div style=""text-align: left; font-family: -apple-system, sans-serif;""><div style=""font-weight: bold; font-size: 16px; color: #10b981; margin-bottom: 8px;"">✓ Resposta Correcta: D</div><div style=""font-size: 14px; margin-bottom: 12px; padding: 10px; background: rgba(16,185,129,0.1); border-radius: 6px; border-left: 4px solid #10b981;"">D) Entre 5 i 6 cm.</div><hr style=""border: 0; border-top: 1px solid #ddd; margin: 12px 0;""><div style=""font-size: 13px; color: #444; line-height: 1.4;""><b style=""color: #111;"">Explicació:</b> La profunditat indicada per a l’adult és de 5-6 cm.</div></div>","T28_-_Assistencia_sanitaria","18678"
"<div style=""text-align: left; font-family: -apple-system, sans-serif;""><div style=""font-size: 11px; color: #888; margin-bottom: 6px;"">[T28 - Assistència sanitària] Pregunta 105</div><div style=""font-weight: bold; font-size: 16px; margin-bottom: 14px; line-height: 1.4;"">Com es neteja i protegeix una ferida simple?</div><div style=""font-size: 14px; line-height: 1.6;""><div style=""padding: 5px 0;""><b>A)</b> Amb sèrum fisiològic o aigua neta, assecat suau i apòsit estèril o bena neta.</div><div style=""padding: 5px 0;""><b>B)</b> Amb gel directe i retirada de qualsevol teixit visible.</div><div style=""padding: 5px 0;""><b>C)</b> Amb alcohol concentrat i fregament intens de la ferida.</div><div style=""padding: 5px 0;""><b>D)</b> Amb cremes grasses i oclusió completa immediata.</div></div></div>","<div style=""text-align: left; font-family: -apple-system, sans-serif;""><div style=""font-weight: bold; font-size: 16px; color: #10b981; margin-bottom: 8px;"">✓ Resposta Correcta: A</div><div style=""font-size: 14px; margin-bottom: 12px; padding: 10px; background: rgba(16,185,129,0.1); border-radius: 6px; border-left: 4px solid #10b981;"">A) Amb sèrum fisiològic o aigua neta, assecat suau i apòsit estèril o bena neta.</div><hr style=""border: 0; border-top: 1px solid #ddd; margin: 12px 0;""><div style=""font-size: 13px; color: #444; line-height: 1.4;""><b style=""color: #111;"">Explicació:</b> La neteja bàsica es fa de manera suau i després es cobreix amb material net o estèril.</div></div>","T28_-_Assistencia_sanitaria","18698"
"<div style=""text-align: left; font-family: -apple-system, sans-serif;""><div style=""font-size: 11px; color: #888; margin-bottom: 6px;"">[T28 - Assistència sanitària] Pregunta 106</div><div style=""font-weight: bold; font-size: 16px; margin-bottom: 14px; line-height: 1.4;"">Quin conjunt de troballes visibles a la boca pot comprometre la via aèria?</div><div style=""font-size: 14px; line-height: 1.6;""><div style=""padding: 5px 0;""><b>A)</b> Dentadura íntegra, llengua centrada i cavitat oral neta.</div><div style=""padding: 5px 0;""><b>B)</b> Sang, vòmits o cossos estranys visibles.</div><div style=""padding: 5px 0;""><b>C)</b> Mucosa humida, llavis rosats i absència de secrecions.</div><div style=""padding: 5px 0;""><b>D)</b> Saliva clara, llengua mòbil i mucosa rosada.</div></div></div>","<div style=""text-align: left; font-family: -apple-system, sans-serif;""><div style=""font-weight: bold; font-size: 16px; color: #10b981; margin-bottom: 8px;"">✓ Resposta Correcta: B</div><div style=""font-size: 14px; margin-bottom: 12px; padding: 10px; background: rgba(16,185,129,0.1); border-radius: 6px; border-left: 4px solid #10b981;"">B) Sang, vòmits o cossos estranys visibles.</div><hr style=""border: 0; border-top: 1px solid #ddd; margin: 12px 0;""><div style=""font-size: 13px; color: #444; line-height: 1.4;""><b style=""color: #111;"">Explicació:</b> Sang, vòmits o objectes visibles poden comprometre la permeabilitat de la via aèria.</div></div>","T28_-_Assistencia_sanitaria","18601"
"<div style=""text-align: left; font-family: -apple-system, sans-serif;""><div style=""font-size: 11px; color: #888; margin-bottom: 6px;"">[T28 - Assistència sanitària] Pregunta 107</div><div style=""font-weight: bold; font-size: 16px; margin-bottom: 14px; line-height: 1.4;"">Per què el control d’una hemorràgia massiva precedeix la via aèria en XABCDE?</div><div style=""font-size: 14px; line-height: 1.6;""><div style=""padding: 5px 0;""><b>A)</b> Perquè una pèrdua ràpida de sang pot causar la mort en minuts.</div><div style=""padding: 5px 0;""><b>B)</b> Perquè la fase X substitueix la resta de la valoració primària.</div><div style=""padding: 5px 0;""><b>C)</b> Perquè la pèrdua de sang altera primer la temperatura corporal.</div><div style=""padding: 5px 0;""><b>D)</b> Perquè el bloqueig de la via aèria es valora després de la circulació.</div></div></div>","<div style=""text-align: left; font-family: -apple-system, sans-serif;""><div style=""font-weight: bold; font-size: 16px; color: #10b981; margin-bottom: 8px;"">✓ Resposta Correcta: A</div><div style=""font-size: 14px; margin-bottom: 12px; padding: 10px; background: rgba(16,185,129,0.1); border-radius: 6px; border-left: 4px solid #10b981;"">A) Perquè una pèrdua ràpida de sang pot causar la mort en minuts.</div><hr style=""border: 0; border-top: 1px solid #ddd; margin: 12px 0;""><div style=""font-size: 13px; color: #444; line-height: 1.4;""><b style=""color: #111;"">Explicació:</b> L’hemorràgia massiva es prioritza perquè pot provocar un deteriorament hemodinàmic extremadament ràpid.</div></div>","T28_-_Assistencia_sanitaria","18597"
"<div style=""text-align: left; font-family: -apple-system, sans-serif;""><div style=""font-size: 11px; color: #888; margin-bottom: 6px;"">[T28 - Assistència sanitària] Pregunta 108</div><div style=""font-weight: bold; font-size: 16px; margin-bottom: 14px; line-height: 1.4;"">Quina finalitat té establir una zona segura de treball?</div><div style=""font-size: 14px; line-height: 1.6;""><div style=""padding: 5px 0;""><b>A)</b> Situar els intervinents dins l’àrea de perill mentre les víctimes queden fora.</div><div style=""padding: 5px 0;""><b>B)</b> Concentrar l’assistència al punt més proper al perill per reduir desplaçaments.</div><div style=""padding: 5px 0;""><b>C)</b> Separar l’àrea assistencial dels perills immediats.</div><div style=""padding: 5px 0;""><b>D)</b> Utilitzar la mateixa zona per a treball assistencial i circulació de riscos.</div></div></div>","<div style=""text-align: left; font-family: -apple-system, sans-serif;""><div style=""font-weight: bold; font-size: 16px; color: #10b981; margin-bottom: 8px;"">✓ Resposta Correcta: C</div><div style=""font-size: 14px; margin-bottom: 12px; padding: 10px; background: rgba(16,185,129,0.1); border-radius: 6px; border-left: 4px solid #10b981;"">C) Separar l’àrea assistencial dels perills immediats.</div><hr style=""border: 0; border-top: 1px solid #ddd; margin: 12px 0;""><div style=""font-size: 13px; color: #444; line-height: 1.4;""><b style=""color: #111;"">Explicació:</b> Una zona segura permet treballar protegits de vehicles, línies elèctriques, fuites o altres amenaces.</div></div>","T28_-_Assistencia_sanitaria","18732"
"<div style=""text-align: left; font-family: -apple-system, sans-serif;""><div style=""font-size: 11px; color: #888; margin-bottom: 6px;"">[T28 - Assistència sanitària] Pregunta 109</div><div style=""font-weight: bold; font-size: 16px; margin-bottom: 14px; line-height: 1.4;"">Quins tres paràmetres integra l’Escala de Coma de Glasgow?</div><div style=""font-size: 14px; line-height: 1.6;""><div style=""padding: 5px 0;""><b>A)</b> Pols, pressió arterial i saturació.</div><div style=""padding: 5px 0;""><b>B)</b> Orientació, pupil·les i sensibilitat.</div><div style=""padding: 5px 0;""><b>C)</b> Respiració, circulació i temperatura.</div><div style=""padding: 5px 0;""><b>D)</b> Resposta ocular, verbal i motora.</div></div></div>","<div style=""text-align: left; font-family: -apple-system, sans-serif;""><div style=""font-weight: bold; font-size: 16px; color: #10b981; margin-bottom: 8px;"">✓ Resposta Correcta: D</div><div style=""font-size: 14px; margin-bottom: 12px; padding: 10px; background: rgba(16,185,129,0.1); border-radius: 6px; border-left: 4px solid #10b981;"">D) Resposta ocular, verbal i motora.</div><hr style=""border: 0; border-top: 1px solid #ddd; margin: 12px 0;""><div style=""font-size: 13px; color: #444; line-height: 1.4;""><b style=""color: #111;"">Explicació:</b> La puntuació de Glasgow suma la resposta ocular, la verbal i la motora.</div></div>","T28_-_Assistencia_sanitaria","18639"
"<div style=""text-align: left; font-family: -apple-system, sans-serif;""><div style=""font-size: 11px; color: #888; margin-bottom: 6px;"">[T28 - Assistència sanitària] Pregunta 110</div><div style=""font-weight: bold; font-size: 16px; margin-bottom: 14px; line-height: 1.4;"">Què s’ha de fer durant la RCP si no és possible administrar ventilacions?</div><div style=""font-size: 14px; line-height: 1.6;""><div style=""padding: 5px 0;""><b>A)</b> Substituir les compressions per maniobres d’obertura de la via aèria.</div><div style=""padding: 5px 0;""><b>B)</b> Fer pauses periòdiques sense ventilacions per revalorar el pols.</div><div style=""padding: 5px 0;""><b>C)</b> Mantenir compressions toràciques contínues.</div><div style=""padding: 5px 0;""><b>D)</b> Aturar les compressions fins que arribi material de ventilació.</div></div></div>","<div style=""text-align: left; font-family: -apple-system, sans-serif;""><div style=""font-weight: bold; font-size: 16px; color: #10b981; margin-bottom: 8px;"">✓ Resposta Correcta: C</div><div style=""font-size: 14px; margin-bottom: 12px; padding: 10px; background: rgba(16,185,129,0.1); border-radius: 6px; border-left: 4px solid #10b981;"">C) Mantenir compressions toràciques contínues.</div><hr style=""border: 0; border-top: 1px solid #ddd; margin: 12px 0;""><div style=""font-size: 13px; color: #444; line-height: 1.4;""><b style=""color: #111;"">Explicació:</b> Quan no es poden fer ventilacions, s’han de mantenir compressions toràciques contínues.</div></div>","T28_-_Assistencia_sanitaria","18721"
"<div style=""text-align: left; font-family: -apple-system, sans-serif;""><div style=""font-size: 11px; color: #888; margin-bottom: 6px;"">[T28 - Assistència sanitària] Pregunta 111</div><div style=""font-weight: bold; font-size: 16px; margin-bottom: 14px; line-height: 1.4;"">Què caracteritza una urgència sanitària?</div><div style=""font-size: 14px; line-height: 1.6;""><div style=""padding: 5px 0;""><b>A)</b> Implica alteracions que comprometen la vida i necessiten reanimació.</div><div style=""padding: 5px 0;""><b>B)</b> Presenta risc real per a la vida i exigeix actuació immediata al lloc.</div><div style=""padding: 5px 0;""><b>C)</b> Requereix atenció mèdica immediata, però no presenta risc vital imminent.</div><div style=""padding: 5px 0;""><b>D)</b> Correspon a una víctima que no respon i no respira amb normalitat.</div></div></div>","<div style=""text-align: left; font-family: -apple-system, sans-serif;""><div style=""font-weight: bold; font-size: 16px; color: #10b981; margin-bottom: 8px;"">✓ Resposta Correcta: C</div><div style=""font-size: 14px; margin-bottom: 12px; padding: 10px; background: rgba(16,185,129,0.1); border-radius: 6px; border-left: 4px solid #10b981;"">C) Requereix atenció mèdica immediata, però no presenta risc vital imminent.</div><hr style=""border: 0; border-top: 1px solid #ddd; margin: 12px 0;""><div style=""font-size: 13px; color: #444; line-height: 1.4;""><b style=""color: #111;"">Explicació:</b> La urgència comporta necessitat d’atenció mèdica immediata sense risc vital imminent.</div></div>","T28_-_Assistencia_sanitaria","18556"
"<div style=""text-align: left; font-family: -apple-system, sans-serif;""><div style=""font-size: 11px; color: #888; margin-bottom: 6px;"">[T28 - Assistència sanitària] Pregunta 112</div><div style=""font-weight: bold; font-size: 16px; margin-bottom: 14px; line-height: 1.4;"">Quina assistència proporcionen els equips especialitzats de la cadena assistencial?</div><div style=""font-size: 14px; line-height: 1.6;""><div style=""padding: 5px 0;""><b>A)</b> Primers auxilis prestats per testimonis abans de l’arribada dels serveis.</div><div style=""padding: 5px 0;""><b>B)</b> Assistència sanitària qualificada amb estabilització clínica de la víctima.</div><div style=""padding: 5px 0;""><b>C)</b> Suport logístic de l’escena sense actuacions sanitàries sobre la víctima.</div><div style=""padding: 5px 0;""><b>D)</b> Atenció hospitalària definitiva amb diagnòstic i seguiment posterior.</div></div></div>","<div style=""text-align: left; font-family: -apple-system, sans-serif;""><div style=""font-weight: bold; font-size: 16px; color: #10b981; margin-bottom: 8px;"">✓ Resposta Correcta: B</div><div style=""font-size: 14px; margin-bottom: 12px; padding: 10px; background: rgba(16,185,129,0.1); border-radius: 6px; border-left: 4px solid #10b981;"">B) Assistència sanitària qualificada amb estabilització clínica de la víctima.</div><hr style=""border: 0; border-top: 1px solid #ddd; margin: 12px 0;""><div style=""font-size: 13px; color: #444; line-height: 1.4;""><b style=""color: #111;"">Explicació:</b> Els equips especialitzats aporten assistència sanitària qualificada i poden estabilitzar clínicament la víctima.</div></div>","T28_-_Assistencia_sanitaria","18536"
"<div style=""text-align: left; font-family: -apple-system, sans-serif;""><div style=""font-size: 11px; color: #888; margin-bottom: 6px;"">[T28 - Assistència sanitària] Pregunta 113</div><div style=""font-weight: bold; font-size: 16px; margin-bottom: 14px; line-height: 1.4;"">Què indiquen els termes proximal i distal en una extremitat?</div><div style=""font-size: 14px; line-height: 1.6;""><div style=""padding: 5px 0;""><b>A)</b> La proximitat o llunyania respecte de la superfície corporal.</div><div style=""padding: 5px 0;""><b>B)</b> La proximitat o llunyania respecte del tronc.</div><div style=""padding: 5px 0;""><b>C)</b> La direcció cap al cap o cap al còccix.</div><div style=""padding: 5px 0;""><b>D)</b> La proximitat o llunyania respecte de la línia mitjana.</div></div></div>","<div style=""text-align: left; font-family: -apple-system, sans-serif;""><div style=""font-weight: bold; font-size: 16px; color: #10b981; margin-bottom: 8px;"">✓ Resposta Correcta: B</div><div style=""font-size: 14px; margin-bottom: 12px; padding: 10px; background: rgba(16,185,129,0.1); border-radius: 6px; border-left: 4px solid #10b981;"">B) La proximitat o llunyania respecte del tronc.</div><hr style=""border: 0; border-top: 1px solid #ddd; margin: 12px 0;""><div style=""font-size: 13px; color: #444; line-height: 1.4;""><b style=""color: #111;"">Explicació:</b> En les extremitats, proximal significa més a prop del tronc i distal, més lluny del tronc.</div></div>","T28_-_Assistencia_sanitaria","18565"
"<div style=""text-align: left; font-family: -apple-system, sans-serif;""><div style=""font-size: 11px; color: #888; margin-bottom: 6px;"">[T28 - Assistència sanitària] Pregunta 114</div><div style=""font-weight: bold; font-size: 16px; margin-bottom: 14px; line-height: 1.4;"">Durant quant temps s’han de comprovar les constants vitals en una hipotèrmia severa?</div><div style=""font-size: 14px; line-height: 1.6;""><div style=""padding: 5px 0;""><b>A)</b> Durant 2 minuts.</div><div style=""padding: 5px 0;""><b>B)</b> Durant 1 minut.</div><div style=""padding: 5px 0;""><b>C)</b> Durant 20 segons.</div><div style=""padding: 5px 0;""><b>D)</b> Durant 10 segons.</div></div></div>","<div style=""text-align: left; font-family: -apple-system, sans-serif;""><div style=""font-weight: bold; font-size: 16px; color: #10b981; margin-bottom: 8px;"">✓ Resposta Correcta: B</div><div style=""font-size: 14px; margin-bottom: 12px; padding: 10px; background: rgba(16,185,129,0.1); border-radius: 6px; border-left: 4px solid #10b981;"">B) Durant 1 minut.</div><hr style=""border: 0; border-top: 1px solid #ddd; margin: 12px 0;""><div style=""font-size: 13px; color: #444; line-height: 1.4;""><b style=""color: #111;"">Explicació:</b> En hipotèrmia severa la comprovació de constants vitals s’ha de prolongar durant un minut.</div></div>","T28_-_Assistencia_sanitaria","18723"
"<div style=""text-align: left; font-family: -apple-system, sans-serif;""><div style=""font-size: 11px; color: #888; margin-bottom: 6px;"">[T28 - Assistència sanitària] Pregunta 115</div><div style=""font-weight: bold; font-size: 16px; margin-bottom: 14px; line-height: 1.4;"">Quin signe indica un augment important de l’esforç respiratori?</div><div style=""font-size: 14px; line-height: 1.6;""><div style=""padding: 5px 0;""><b>A)</b> La cianosi als llavis o als dits.</div><div style=""padding: 5px 0;""><b>B)</b> L’ús de musculatura accessòria i l’aleteig nasal.</div><div style=""padding: 5px 0;""><b>C)</b> Una freqüència respiratòria superior a 30 rpm.</div><div style=""padding: 5px 0;""><b>D)</b> La presència d’estridor inspiratori.</div></div></div>","<div style=""text-align: left; font-family: -apple-system, sans-serif;""><div style=""font-weight: bold; font-size: 16px; color: #10b981; margin-bottom: 8px;"">✓ Resposta Correcta: B</div><div style=""font-size: 14px; margin-bottom: 12px; padding: 10px; background: rgba(16,185,129,0.1); border-radius: 6px; border-left: 4px solid #10b981;"">B) L’ús de musculatura accessòria i l’aleteig nasal.</div><hr style=""border: 0; border-top: 1px solid #ddd; margin: 12px 0;""><div style=""font-size: 13px; color: #444; line-height: 1.4;""><b style=""color: #111;"">Explicació:</b> L’activació de musculatura del coll, espatlles o intercostals i l’aleteig nasal indiquen treball respiratori addicional.</div></div>","T28_-_Assistencia_sanitaria","18608"
"<div style=""text-align: left; font-family: -apple-system, sans-serif;""><div style=""font-size: 11px; color: #888; margin-bottom: 6px;"">[T28 - Assistència sanitària] Pregunta 116</div><div style=""font-weight: bold; font-size: 16px; margin-bottom: 14px; line-height: 1.4;"">Quina parella d’estructures és contralateral?</div><div style=""font-size: 14px; line-height: 1.6;""><div style=""padding: 5px 0;""><b>A)</b> Braç dret i cama esquerra.</div><div style=""padding: 5px 0;""><b>B)</b> Espatlla esquerra i maluc esquerre.</div><div style=""padding: 5px 0;""><b>C)</b> Colze dret i canell dret.</div><div style=""padding: 5px 0;""><b>D)</b> Braç dret i cama dreta.</div></div></div>","<div style=""text-align: left; font-family: -apple-system, sans-serif;""><div style=""font-weight: bold; font-size: 16px; color: #10b981; margin-bottom: 8px;"">✓ Resposta Correcta: A</div><div style=""font-size: 14px; margin-bottom: 12px; padding: 10px; background: rgba(16,185,129,0.1); border-radius: 6px; border-left: 4px solid #10b981;"">A) Braç dret i cama esquerra.</div><hr style=""border: 0; border-top: 1px solid #ddd; margin: 12px 0;""><div style=""font-size: 13px; color: #444; line-height: 1.4;""><b style=""color: #111;"">Explicació:</b> Contralateral indica estructures situades a costats oposats del cos.</div></div>","T28_-_Assistencia_sanitaria","18586"
"<div style=""text-align: left; font-family: -apple-system, sans-serif;""><div style=""font-size: 11px; color: #888; margin-bottom: 6px;"">[T28 - Assistència sanitària] Pregunta 117</div><div style=""font-weight: bold; font-size: 16px; margin-bottom: 14px; line-height: 1.4;"">Quins tres aspectes del pols s’han d’observar durant la valoració circulatòria?</div><div style=""font-size: 14px; line-height: 1.6;""><div style=""padding: 5px 0;""><b>A)</b> Saturació, temperatura i profunditat.</div><div style=""padding: 5px 0;""><b>B)</b> Pressió, expansió i soroll.</div><div style=""padding: 5px 0;""><b>C)</b> Coloració, simetria i reactivitat.</div><div style=""padding: 5px 0;""><b>D)</b> Freqüència, ritme i força.</div></div></div>","<div style=""text-align: left; font-family: -apple-system, sans-serif;""><div style=""font-weight: bold; font-size: 16px; color: #10b981; margin-bottom: 8px;"">✓ Resposta Correcta: D</div><div style=""font-size: 14px; margin-bottom: 12px; padding: 10px; background: rgba(16,185,129,0.1); border-radius: 6px; border-left: 4px solid #10b981;"">D) Freqüència, ritme i força.</div><hr style=""border: 0; border-top: 1px solid #ddd; margin: 12px 0;""><div style=""font-size: 13px; color: #444; line-height: 1.4;""><b style=""color: #111;"">Explicació:</b> La valoració del pols inclou els batecs per minut, si és regular o irregular i la seva intensitat.</div></div>","T28_-_Assistencia_sanitaria","18613"
"<div style=""text-align: left; font-family: -apple-system, sans-serif;""><div style=""font-size: 11px; color: #888; margin-bottom: 6px;"">[T28 - Assistència sanitària] Pregunta 118</div><div style=""font-weight: bold; font-size: 16px; margin-bottom: 14px; line-height: 1.4;"">Quan s’ha de col·locar un torniquet en una extremitat?</div><div style=""font-size: 14px; line-height: 1.6;""><div style=""padding: 5px 0;""><b>A)</b> Quan l’hemorràgia ja està completament controlada amb un embenat.</div><div style=""padding: 5px 0;""><b>B)</b> Quan es vol evitar haver de revalorar la circulació distal.</div><div style=""padding: 5px 0;""><b>C)</b> Quan hi ha qualsevol ferida superficial amb sagnat moderat.</div><div style=""padding: 5px 0;""><b>D)</b> Quan una hemorràgia que posa en perill la vida no es controla amb pressió directa.</div></div></div>","<div style=""text-align: left; font-family: -apple-system, sans-serif;""><div style=""font-weight: bold; font-size: 16px; color: #10b981; margin-bottom: 8px;"">✓ Resposta Correcta: D</div><div style=""font-size: 14px; margin-bottom: 12px; padding: 10px; background: rgba(16,185,129,0.1); border-radius: 6px; border-left: 4px solid #10b981;"">D) Quan una hemorràgia que posa en perill la vida no es controla amb pressió directa.</div><hr style=""border: 0; border-top: 1px solid #ddd; margin: 12px 0;""><div style=""font-size: 13px; color: #444; line-height: 1.4;""><b style=""color: #111;"">Explicació:</b> El torniquet es reserva per hemorràgies greus d’extremitats que no es poden controlar amb pressió directa.</div></div>","T28_-_Assistencia_sanitaria","18658"
"<div style=""text-align: left; font-family: -apple-system, sans-serif;""><div style=""font-size: 11px; color: #888; margin-bottom: 6px;"">[T28 - Assistència sanitària] Pregunta 119</div><div style=""font-weight: bold; font-size: 16px; margin-bottom: 14px; line-height: 1.4;"">Què és un símptoma?</div><div style=""font-size: 14px; line-height: 1.6;""><div style=""padding: 5px 0;""><b>A)</b> Un conjunt de signes i símptomes associats a possibles patologies.</div><div style=""padding: 5px 0;""><b>B)</b> Una manifestació observable i quantificable per l’intervinent.</div><div style=""padding: 5px 0;""><b>C)</b> Una alteració que per definició compromet de manera immediata la vida.</div><div style=""padding: 5px 0;""><b>D)</b> Una sensació subjectiva expressada per la víctima que no pot ser mesurada.</div></div></div>","<div style=""text-align: left; font-family: -apple-system, sans-serif;""><div style=""font-weight: bold; font-size: 16px; color: #10b981; margin-bottom: 8px;"">✓ Resposta Correcta: D</div><div style=""font-size: 14px; margin-bottom: 12px; padding: 10px; background: rgba(16,185,129,0.1); border-radius: 6px; border-left: 4px solid #10b981;"">D) Una sensació subjectiva expressada per la víctima que no pot ser mesurada.</div><hr style=""border: 0; border-top: 1px solid #ddd; margin: 12px 0;""><div style=""font-size: 13px; color: #444; line-height: 1.4;""><b style=""color: #111;"">Explicació:</b> El símptoma és subjectiu i el comunica la víctima, com el dolor, la set o el mareig.</div></div>","T28_-_Assistencia_sanitaria","18559"
"<div style=""text-align: left; font-family: -apple-system, sans-serif;""><div style=""font-size: 11px; color: #888; margin-bottom: 6px;"">[T28 - Assistència sanitària] Pregunta 120</div><div style=""font-weight: bold; font-size: 16px; margin-bottom: 14px; line-height: 1.4;"">Quin mètode de ventilació pot utilitzar personal no sanitari sense material avançat?</div><div style=""font-size: 14px; line-height: 1.6;""><div style=""padding: 5px 0;""><b>A)</b> L’ús d’un dispositiu supraglòtic.</div><div style=""padding: 5px 0;""><b>B)</b> La ventilació amb màscara-boca.</div><div style=""padding: 5px 0;""><b>C)</b> La ventilació mecànica invasiva.</div><div style=""padding: 5px 0;""><b>D)</b> La intubació orotraqueal.</div></div></div>","<div style=""text-align: left; font-family: -apple-system, sans-serif;""><div style=""font-weight: bold; font-size: 16px; color: #10b981; margin-bottom: 8px;"">✓ Resposta Correcta: B</div><div style=""font-size: 14px; margin-bottom: 12px; padding: 10px; background: rgba(16,185,129,0.1); border-radius: 6px; border-left: 4px solid #10b981;"">B) La ventilació amb màscara-boca.</div><hr style=""border: 0; border-top: 1px solid #ddd; margin: 12px 0;""><div style=""font-size: 13px; color: #444; line-height: 1.4;""><b style=""color: #111;"">Explicació:</b> La màscara-boca és una opció bàsica dins les tècniques descrites per a personal no sanitari o sense material.</div></div>","T28_-_Assistencia_sanitaria","18673"
"<div style=""text-align: left; font-family: -apple-system, sans-serif;""><div style=""font-size: 11px; color: #888; margin-bottom: 6px;"">[T28 - Assistència sanitària] Pregunta 121</div><div style=""font-weight: bold; font-size: 16px; margin-bottom: 14px; line-height: 1.4;"">A partir de quin valor es considera taquipnea en un adult?</div><div style=""font-size: 14px; line-height: 1.6;""><div style=""padding: 5px 0;""><b>A)</b> Més de 20 respiracions per minut.</div><div style=""padding: 5px 0;""><b>B)</b> Més de 12 respiracions per minut.</div><div style=""padding: 5px 0;""><b>C)</b> Més de 40 respiracions per minut.</div><div style=""padding: 5px 0;""><b>D)</b> Més de 30 respiracions per minut.</div></div></div>","<div style=""text-align: left; font-family: -apple-system, sans-serif;""><div style=""font-weight: bold; font-size: 16px; color: #10b981; margin-bottom: 8px;"">✓ Resposta Correcta: A</div><div style=""font-size: 14px; margin-bottom: 12px; padding: 10px; background: rgba(16,185,129,0.1); border-radius: 6px; border-left: 4px solid #10b981;"">A) Més de 20 respiracions per minut.</div><hr style=""border: 0; border-top: 1px solid #ddd; margin: 12px 0;""><div style=""font-size: 13px; color: #444; line-height: 1.4;""><b style=""color: #111;"">Explicació:</b> La taquipnea es defineix com una freqüència respiratòria superior a 20 rpm.</div></div>","T28_-_Assistencia_sanitaria","18603"
"<div style=""text-align: left; font-family: -apple-system, sans-serif;""><div style=""font-size: 11px; color: #888; margin-bottom: 6px;"">[T28 - Assistència sanitària] Pregunta 122</div><div style=""font-weight: bold; font-size: 16px; margin-bottom: 14px; line-height: 1.4;"">Com es manifesta la respiració paradoxal descrita en la valoració respiratòria?</div><div style=""font-size: 14px; line-height: 1.6;""><div style=""padding: 5px 0;""><b>A)</b> La respiració s’accelera però conserva una mecànica toracoabdominal coordinada.</div><div style=""padding: 5px 0;""><b>B)</b> L’abdomen es deprimeix en la inspiració i s’expandeix en l’expiració.</div><div style=""padding: 5px 0;""><b>C)</b> El tòrax manté una expansió simètrica sense moviment abdominal.</div><div style=""padding: 5px 0;""><b>D)</b> L’abdomen s’expandeix en la inspiració i es deprimeix en l’expiració.</div></div></div>","<div style=""text-align: left; font-family: -apple-system, sans-serif;""><div style=""font-weight: bold; font-size: 16px; color: #10b981; margin-bottom: 8px;"">✓ Resposta Correcta: B</div><div style=""font-size: 14px; margin-bottom: 12px; padding: 10px; background: rgba(16,185,129,0.1); border-radius: 6px; border-left: 4px solid #10b981;"">B) L’abdomen es deprimeix en la inspiració i s’expandeix en l’expiració.</div><hr style=""border: 0; border-top: 1px solid #ddd; margin: 12px 0;""><div style=""font-size: 13px; color: #444; line-height: 1.4;""><b style=""color: #111;"">Explicació:</b> La respiració paradoxal és una respiració descompensada que indica una alteració greu de la mecànica respiratòria.</div></div>","T28_-_Assistencia_sanitaria","18609"
"<div style=""text-align: left; font-family: -apple-system, sans-serif;""><div style=""font-size: 11px; color: #888; margin-bottom: 6px;"">[T28 - Assistència sanitària] Pregunta 123</div><div style=""font-weight: bold; font-size: 16px; margin-bottom: 14px; line-height: 1.4;"">Quina actuació forma part de l’assistència sanitària bàsica de primera resposta?</div><div style=""font-size: 14px; line-height: 1.6;""><div style=""padding: 5px 0;""><b>A)</b> Valoració primària XABCDE, SVB i control de l’obstrucció de la via aèria.</div><div style=""padding: 5px 0;""><b>B)</b> Diagnòstic hospitalari, seguiment i rehabilitació posterior.</div><div style=""padding: 5px 0;""><b>C)</b> Suport logístic, muntatge de carpes i climatització de l’àrea.</div><div style=""padding: 5px 0;""><b>D)</b> Valoració avançada, medicació i tractament farmacològic.</div></div></div>","<div style=""text-align: left; font-family: -apple-system, sans-serif;""><div style=""font-weight: bold; font-size: 16px; color: #10b981; margin-bottom: 8px;"">✓ Resposta Correcta: A</div><div style=""font-size: 14px; margin-bottom: 12px; padding: 10px; background: rgba(16,185,129,0.1); border-radius: 6px; border-left: 4px solid #10b981;"">A) Valoració primària XABCDE, SVB i control de l’obstrucció de la via aèria.</div><hr style=""border: 0; border-top: 1px solid #ddd; margin: 12px 0;""><div style=""font-size: 13px; color: #444; line-height: 1.4;""><b style=""color: #111;"">Explicació:</b> La primera resposta inclou la valoració XABCDE, el SVB, el control de la via aèria, la immobilització bàsica i l’assistència en trasllats.</div></div>","T28_-_Assistencia_sanitaria","18580"
"<div style=""text-align: left; font-family: -apple-system, sans-serif;""><div style=""font-size: 11px; color: #888; margin-bottom: 6px;"">[T28 - Assistència sanitària] Pregunta 124</div><div style=""font-weight: bold; font-size: 16px; margin-bottom: 14px; line-height: 1.4;"">Què caracteritza l’assistència sanitària dels Bombers en context de rescat?</div><div style=""font-size: 14px; line-height: 1.6;""><div style=""padding: 5px 0;""><b>A)</b> Combina l’atenció sanitària amb operacions tècniques de rescat.</div><div style=""padding: 5px 0;""><b>B)</b> Es desenvolupa com a atenció hospitalària després del trasllat.</div><div style=""padding: 5px 0;""><b>C)</b> Correspon a l’atenció especialitzada del GEM fora d’operacions tècniques.</div><div style=""padding: 5px 0;""><b>D)</b> Se centra en suport logístic sense contacte assistencial amb la víctima.</div></div></div>","<div style=""text-align: left; font-family: -apple-system, sans-serif;""><div style=""font-weight: bold; font-size: 16px; color: #10b981; margin-bottom: 8px;"">✓ Resposta Correcta: A</div><div style=""font-size: 14px; margin-bottom: 12px; padding: 10px; background: rgba(16,185,129,0.1); border-radius: 6px; border-left: 4px solid #10b981;"">A) Combina l’atenció sanitària amb operacions tècniques de rescat.</div><hr style=""border: 0; border-top: 1px solid #ddd; margin: 12px 0;""><div style=""font-size: 13px; color: #444; line-height: 1.4;""><b style=""color: #111;"">Explicació:</b> En context de rescat, l’assistència sanitària es realitza en paral·lel o immediatament després de l’extracció, integrada amb la maniobra tècnica.</div></div>","T28_-_Assistencia_sanitaria","18581"
"<div style=""text-align: left; font-family: -apple-system, sans-serif;""><div style=""font-size: 11px; color: #888; margin-bottom: 6px;"">[T28 - Assistència sanitària] Pregunta 125</div><div style=""font-weight: bold; font-size: 16px; margin-bottom: 14px; line-height: 1.4;"">Què poden fer els Bombers si arriben al sinistre abans que el SEM?</div><div style=""font-size: 14px; line-height: 1.6;""><div style=""padding: 5px 0;""><b>A)</b> Traspassar la direcció sanitària a altres intervinents presents a l’escena.</div><div style=""padding: 5px 0;""><b>B)</b> Limitar-se a preparar el trasllat fins que arribi el personal sanitari.</div><div style=""padding: 5px 0;""><b>C)</b> Iniciar assistència sanitària extrahospitalària a les víctimes.</div><div style=""padding: 5px 0;""><b>D)</b> Fer la classificació definitiva i derivar directament les víctimes a l’hospital.</div></div></div>","<div style=""text-align: left; font-family: -apple-system, sans-serif;""><div style=""font-weight: bold; font-size: 16px; color: #10b981; margin-bottom: 8px;"">✓ Resposta Correcta: C</div><div style=""font-size: 14px; margin-bottom: 12px; padding: 10px; background: rgba(16,185,129,0.1); border-radius: 6px; border-left: 4px solid #10b981;"">C) Iniciar assistència sanitària extrahospitalària a les víctimes.</div><hr style=""border: 0; border-top: 1px solid #ddd; margin: 12px 0;""><div style=""font-size: 13px; color: #444; line-height: 1.4;""><b style=""color: #111;"">Explicació:</b> L’arribada al sinistre sense presència del SEM és una de les situacions en què els Bombers poden iniciar assistència sanitària extrahospitalària.</div></div>","T28_-_Assistencia_sanitaria","18523"
"<div style=""text-align: left; font-family: -apple-system, sans-serif;""><div style=""font-size: 11px; color: #888; margin-bottom: 6px;"">[T28 - Assistència sanitària] Pregunta 126</div><div style=""font-weight: bold; font-size: 16px; margin-bottom: 14px; line-height: 1.4;"">Per què cal fer una revaloració contínua de la víctima?</div><div style=""font-size: 14px; line-height: 1.6;""><div style=""padding: 5px 0;""><b>A)</b> Perquè el seu estat pot evolucionar ràpidament.</div><div style=""padding: 5px 0;""><b>B)</b> Perquè la valoració primària es realitza després de la secundària.</div><div style=""padding: 5px 0;""><b>C)</b> Perquè la informació clínica deixa de ser útil quan arriba el SEM.</div><div style=""padding: 5px 0;""><b>D)</b> Perquè la classificació inicial substitueix les actuacions posteriors.</div></div></div>","<div style=""text-align: left; font-family: -apple-system, sans-serif;""><div style=""font-weight: bold; font-size: 16px; color: #10b981; margin-bottom: 8px;"">✓ Resposta Correcta: A</div><div style=""font-size: 14px; margin-bottom: 12px; padding: 10px; background: rgba(16,185,129,0.1); border-radius: 6px; border-left: 4px solid #10b981;"">A) Perquè el seu estat pot evolucionar ràpidament.</div><hr style=""border: 0; border-top: 1px solid #ddd; margin: 12px 0;""><div style=""font-size: 13px; color: #444; line-height: 1.4;""><b style=""color: #111;"">Explicació:</b> L’estat de la víctima pot canviar en poc temps, de manera que la valoració s’ha d’actualitzar durant l’assistència.</div></div>","T28_-_Assistencia_sanitaria","18551"
"<div style=""text-align: left; font-family: -apple-system, sans-serif;""><div style=""font-size: 11px; color: #888; margin-bottom: 6px;"">[T28 - Assistència sanitària] Pregunta 127</div><div style=""font-weight: bold; font-size: 16px; margin-bottom: 14px; line-height: 1.4;"">En una extremitat superior, quina estructura és més distal?</div><div style=""font-size: 14px; line-height: 1.6;""><div style=""padding: 5px 0;""><b>A)</b> El colze respecte del canell.</div><div style=""padding: 5px 0;""><b>B)</b> El canell respecte del colze.</div><div style=""padding: 5px 0;""><b>C)</b> L’espatlla respecte del colze.</div><div style=""padding: 5px 0;""><b>D)</b> El tronc respecte de l’espatlla.</div></div></div>","<div style=""text-align: left; font-family: -apple-system, sans-serif;""><div style=""font-weight: bold; font-size: 16px; color: #10b981; margin-bottom: 8px;"">✓ Resposta Correcta: B</div><div style=""font-size: 14px; margin-bottom: 12px; padding: 10px; background: rgba(16,185,129,0.1); border-radius: 6px; border-left: 4px solid #10b981;"">B) El canell respecte del colze.</div><hr style=""border: 0; border-top: 1px solid #ddd; margin: 12px 0;""><div style=""font-size: 13px; color: #444; line-height: 1.4;""><b style=""color: #111;"">Explicació:</b> Distal indica més lluny del tronc; el canell és més distal que el colze.</div></div>","T28_-_Assistencia_sanitaria","18569"
"<div style=""text-align: left; font-family: -apple-system, sans-serif;""><div style=""font-size: 11px; color: #888; margin-bottom: 6px;"">[T28 - Assistència sanitària] Pregunta 128</div><div style=""font-weight: bold; font-size: 16px; margin-bottom: 14px; line-height: 1.4;"">Quins aspectes formen part de la valoració del dolor en la valoració secundària?</div><div style=""font-size: 14px; line-height: 1.6;""><div style=""padding: 5px 0;""><b>A)</b> Intensitat, localització, freqüència cardíaca i temperatura.</div><div style=""padding: 5px 0;""><b>B)</b> Localització, tipus, saturació d’oxigen i ompliment capil·lar.</div><div style=""padding: 5px 0;""><b>C)</b> Intensitat, ritme, força del pols i evolució.</div><div style=""padding: 5px 0;""><b>D)</b> Intensitat, localització, tipus i evolució.</div></div></div>","<div style=""text-align: left; font-family: -apple-system, sans-serif;""><div style=""font-weight: bold; font-size: 16px; color: #10b981; margin-bottom: 8px;"">✓ Resposta Correcta: D</div><div style=""font-size: 14px; margin-bottom: 12px; padding: 10px; background: rgba(16,185,129,0.1); border-radius: 6px; border-left: 4px solid #10b981;"">D) Intensitat, localització, tipus i evolució.</div><hr style=""border: 0; border-top: 1px solid #ddd; margin: 12px 0;""><div style=""font-size: 13px; color: #444; line-height: 1.4;""><b style=""color: #111;"">Explicació:</b> El dolor s’analitza per intensitat, localització, qualitat i canvis amb el temps o amb determinats estímuls.</div></div>","T28_-_Assistencia_sanitaria","18638"
"<div style=""text-align: left; font-family: -apple-system, sans-serif;""><div style=""font-size: 11px; color: #888; margin-bottom: 6px;"">[T28 - Assistència sanitària] Pregunta 129</div><div style=""font-weight: bold; font-size: 16px; margin-bottom: 14px; line-height: 1.4;"">Què significa la lletra V de l’escala AVDN?</div><div style=""font-size: 14px; line-height: 1.6;""><div style=""padding: 5px 0;""><b>A)</b> Valora correctament l’entorn.</div><div style=""padding: 5px 0;""><b>B)</b> Ventila espontàniament.</div><div style=""padding: 5px 0;""><b>C)</b> Respon a estímuls verbals.</div><div style=""padding: 5px 0;""><b>D)</b> Respon a estímuls visuals.</div></div></div>","<div style=""text-align: left; font-family: -apple-system, sans-serif;""><div style=""font-weight: bold; font-size: 16px; color: #10b981; margin-bottom: 8px;"">✓ Resposta Correcta: C</div><div style=""font-size: 14px; margin-bottom: 12px; padding: 10px; background: rgba(16,185,129,0.1); border-radius: 6px; border-left: 4px solid #10b981;"">C) Respon a estímuls verbals.</div><hr style=""border: 0; border-top: 1px solid #ddd; margin: 12px 0;""><div style=""font-size: 13px; color: #444; line-height: 1.4;""><b style=""color: #111;"">Explicació:</b> La V identifica un pacient que no està completament alerta però respon quan se li parla.</div></div>","T28_-_Assistencia_sanitaria","18619"
"<div style=""text-align: left; font-family: -apple-system, sans-serif;""><div style=""font-size: 11px; color: #888; margin-bottom: 6px;"">[T28 - Assistència sanitària] Pregunta 130</div><div style=""font-weight: bold; font-size: 16px; margin-bottom: 14px; line-height: 1.4;"">Quin objectiu comparteixen les maniobres front-mentó i tracció mandibular?</div><div style=""font-size: 14px; line-height: 1.6;""><div style=""padding: 5px 0;""><b>A)</b> Eliminar un cos estrany mitjançant compressions manuals.</div><div style=""padding: 5px 0;""><b>B)</b> Facilitar el drenatge de secrecions col·locant la víctima de costat.</div><div style=""padding: 5px 0;""><b>C)</b> Reposicionar estructures anatòmiques que poden bloquejar el pas de l’aire.</div><div style=""padding: 5px 0;""><b>D)</b> Substituir la ventilació assistida quan la respiració és insuficient.</div></div></div>","<div style=""text-align: left; font-family: -apple-system, sans-serif;""><div style=""font-weight: bold; font-size: 16px; color: #10b981; margin-bottom: 8px;"">✓ Resposta Correcta: C</div><div style=""font-size: 14px; margin-bottom: 12px; padding: 10px; background: rgba(16,185,129,0.1); border-radius: 6px; border-left: 4px solid #10b981;"">C) Reposicionar estructures anatòmiques que poden bloquejar el pas de l’aire.</div><hr style=""border: 0; border-top: 1px solid #ddd; margin: 12px 0;""><div style=""font-size: 13px; color: #444; line-height: 1.4;""><b style=""color: #111;"">Explicació:</b> Les dues maniobres busquen mantenir el pas lliure d’aire cap als pulmons.</div></div>","T28_-_Assistencia_sanitaria","18664"
"<div style=""text-align: left; font-family: -apple-system, sans-serif;""><div style=""font-size: 11px; color: #888; margin-bottom: 6px;"">[T28 - Assistència sanitària] Pregunta 131</div><div style=""font-weight: bold; font-size: 16px; margin-bottom: 14px; line-height: 1.4;"">Quan és especialment rellevant la capacitat sanitària dels Bombers?</div><div style=""font-size: 14px; line-height: 1.6;""><div style=""padding: 5px 0;""><b>A)</b> En dispositius assistencials sense dificultats d’accés ni rescat.</div><div style=""padding: 5px 0;""><b>B)</b> En escenaris de difícil accés per als serveis mèdics.</div><div style=""padding: 5px 0;""><b>C)</b> En centres sanitaris amb recursos diagnòstics disponibles.</div><div style=""padding: 5px 0;""><b>D)</b> En trasllats programats entre dos centres hospitalaris.</div></div></div>","<div style=""text-align: left; font-family: -apple-system, sans-serif;""><div style=""font-weight: bold; font-size: 16px; color: #10b981; margin-bottom: 8px;"">✓ Resposta Correcta: B</div><div style=""font-size: 14px; margin-bottom: 12px; padding: 10px; background: rgba(16,185,129,0.1); border-radius: 6px; border-left: 4px solid #10b981;"">B) En escenaris de difícil accés per als serveis mèdics.</div><hr style=""border: 0; border-top: 1px solid #ddd; margin: 12px 0;""><div style=""font-size: 13px; color: #444; line-height: 1.4;""><b style=""color: #111;"">Explicació:</b> La capacitat sanitària dels Bombers pren especial importància quan l’accés dels serveis mèdics és difícil, com en entorns de muntanya o aquàtics.</div></div>","T28_-_Assistencia_sanitaria","18525"
"<div style=""text-align: left; font-family: -apple-system, sans-serif;""><div style=""font-size: 11px; color: #888; margin-bottom: 6px;"">[T28 - Assistència sanitària] Pregunta 132</div><div style=""font-weight: bold; font-size: 16px; margin-bottom: 14px; line-height: 1.4;"">Quina actuació forma part de la primera baula de la cadena de supervivència en una aturada cardiorespiratòria?</div><div style=""font-size: 14px; line-height: 1.6;""><div style=""padding: 5px 0;""><b>A)</b> Aplicar suport vital avançat i tractar causes reversibles.</div><div style=""padding: 5px 0;""><b>B)</b> Reconèixer precoçment l’aturada i demanar ajuda.</div><div style=""padding: 5px 0;""><b>C)</b> Fer el trasllat medicalitzat després de l’estabilització clínica.</div><div style=""padding: 5px 0;""><b>D)</b> Coordinar el seguiment i la rehabilitació de la persona supervivent.</div></div></div>","<div style=""text-align: left; font-family: -apple-system, sans-serif;""><div style=""font-weight: bold; font-size: 16px; color: #10b981; margin-bottom: 8px;"">✓ Resposta Correcta: B</div><div style=""font-size: 14px; margin-bottom: 12px; padding: 10px; background: rgba(16,185,129,0.1); border-radius: 6px; border-left: 4px solid #10b981;"">B) Reconèixer precoçment l’aturada i demanar ajuda.</div><hr style=""border: 0; border-top: 1px solid #ddd; margin: 12px 0;""><div style=""font-size: 13px; color: #444; line-height: 1.4;""><b style=""color: #111;"">Explicació:</b> La primera baula combina prevenció, reconeixement precoç de l’aturada i demanda d’ajuda.</div></div>","T28_-_Assistencia_sanitaria","18540"
"<div style=""text-align: left; font-family: -apple-system, sans-serif;""><div style=""font-size: 11px; color: #888; margin-bottom: 6px;"">[T28 - Assistència sanitària] Pregunta 133</div><div style=""font-weight: bold; font-size: 16px; margin-bottom: 14px; line-height: 1.4;"">Quin és el rang normal de freqüència respiratòria en un adult?</div><div style=""font-size: 14px; line-height: 1.6;""><div style=""padding: 5px 0;""><b>A)</b> De 12 a 20 respiracions per minut.</div><div style=""padding: 5px 0;""><b>B)</b> De 8 a 12 respiracions per minut.</div><div style=""padding: 5px 0;""><b>C)</b> De 20 a 30 respiracions per minut.</div><div style=""padding: 5px 0;""><b>D)</b> De 30 a 40 respiracions per minut.</div></div></div>","<div style=""text-align: left; font-family: -apple-system, sans-serif;""><div style=""font-weight: bold; font-size: 16px; color: #10b981; margin-bottom: 8px;"">✓ Resposta Correcta: A</div><div style=""font-size: 14px; margin-bottom: 12px; padding: 10px; background: rgba(16,185,129,0.1); border-radius: 6px; border-left: 4px solid #10b981;"">A) De 12 a 20 respiracions per minut.</div><hr style=""border: 0; border-top: 1px solid #ddd; margin: 12px 0;""><div style=""font-size: 13px; color: #444; line-height: 1.4;""><b style=""color: #111;"">Explicació:</b> En adults, una freqüència respiratòria de 12-20 rpm es considera dins la normalitat.</div></div>","T28_-_Assistencia_sanitaria","18602"
"<div style=""text-align: left; font-family: -apple-system, sans-serif;""><div style=""font-size: 11px; color: #888; margin-bottom: 6px;"">[T28 - Assistència sanitària] Pregunta 134</div><div style=""font-weight: bold; font-size: 16px; margin-bottom: 14px; line-height: 1.4;"">Quina finalitat té l’observació inicial abans d’abordar físicament una víctima?</div><div style=""font-size: 14px; line-height: 1.6;""><div style=""padding: 5px 0;""><b>A)</b> Substituir la valoració primària si la víctima sembla estable.</div><div style=""padding: 5px 0;""><b>B)</b> Completar l’examen físic sistemàtic de cap a peus.</div><div style=""padding: 5px 0;""><b>C)</b> Confirmar el diagnòstic clínic abans d’intervenir.</div><div style=""padding: 5px 0;""><b>D)</b> Obtenir una primera impressió que permeti anticipar la gravetat.</div></div></div>","<div style=""text-align: left; font-family: -apple-system, sans-serif;""><div style=""font-weight: bold; font-size: 16px; color: #10b981; margin-bottom: 8px;"">✓ Resposta Correcta: D</div><div style=""font-size: 14px; margin-bottom: 12px; padding: 10px; background: rgba(16,185,129,0.1); border-radius: 6px; border-left: 4px solid #10b981;"">D) Obtenir una primera impressió que permeti anticipar la gravetat.</div><hr style=""border: 0; border-top: 1px solid #ddd; margin: 12px 0;""><div style=""font-size: 13px; color: #444; line-height: 1.4;""><b style=""color: #111;"">Explicació:</b> La primera impressió orienta l’actuació abans del contacte i ajuda a detectar indicis de gravetat.</div></div>","T28_-_Assistencia_sanitaria","18590"
"<div style=""text-align: left; font-family: -apple-system, sans-serif;""><div style=""font-size: 11px; color: #888; margin-bottom: 6px;"">[T28 - Assistència sanitària] Pregunta 135</div><div style=""font-weight: bold; font-size: 16px; margin-bottom: 14px; line-height: 1.4;"">Quin element pot aportar informació útil en la primera impressió d’una víctima sense establir-hi contacte?</div><div style=""font-size: 14px; line-height: 1.6;""><div style=""padding: 5px 0;""><b>A)</b> La resposta a la palpació profunda de l’abdomen.</div><div style=""padding: 5px 0;""><b>B)</b> El mecanisme de lesió i el comportament de la víctima.</div><div style=""padding: 5px 0;""><b>C)</b> La pressió arterial obtinguda amb esfigmomanòmetre.</div><div style=""padding: 5px 0;""><b>D)</b> La puntuació completa de l’escala de Glasgow.</div></div></div>","<div style=""text-align: left; font-family: -apple-system, sans-serif;""><div style=""font-weight: bold; font-size: 16px; color: #10b981; margin-bottom: 8px;"">✓ Resposta Correcta: B</div><div style=""font-size: 14px; margin-bottom: 12px; padding: 10px; background: rgba(16,185,129,0.1); border-radius: 6px; border-left: 4px solid #10b981;"">B) El mecanisme de lesió i el comportament de la víctima.</div><hr style=""border: 0; border-top: 1px solid #ddd; margin: 12px 0;""><div style=""font-size: 13px; color: #444; line-height: 1.4;""><b style=""color: #111;"">Explicació:</b> La primera impressió es basa en dades observables com el mecanisme lesional, la postura, la coloració o el moviment respiratori.</div></div>","T28_-_Assistencia_sanitaria","18591"
"<div style=""text-align: left; font-family: -apple-system, sans-serif;""><div style=""font-size: 11px; color: #888; margin-bottom: 6px;"">[T28 - Assistència sanitària] Pregunta 136</div><div style=""font-weight: bold; font-size: 16px; margin-bottom: 14px; line-height: 1.4;"">Quants rescatadors són necessaris per fer el pont millorat?</div><div style=""font-size: 14px; line-height: 1.6;""><div style=""padding: 5px 0;""><b>A)</b> Tres rescatadors.</div><div style=""padding: 5px 0;""><b>B)</b> Sis rescatadors.</div><div style=""padding: 5px 0;""><b>C)</b> Dos rescatadors.</div><div style=""padding: 5px 0;""><b>D)</b> Quatre rescatadors.</div></div></div>","<div style=""text-align: left; font-family: -apple-system, sans-serif;""><div style=""font-weight: bold; font-size: 16px; color: #10b981; margin-bottom: 8px;"">✓ Resposta Correcta: D</div><div style=""font-size: 14px; margin-bottom: 12px; padding: 10px; background: rgba(16,185,129,0.1); border-radius: 6px; border-left: 4px solid #10b981;"">D) Quatre rescatadors.</div><hr style=""border: 0; border-top: 1px solid #ddd; margin: 12px 0;""><div style=""font-size: 13px; color: #444; line-height: 1.4;""><b style=""color: #111;"">Explicació:</b> El pont millorat utilitza quatre rescatadors per millorar el control de la columna.</div></div>","T28_-_Assistencia_sanitaria","18716"
"<div style=""text-align: left; font-family: -apple-system, sans-serif;""><div style=""font-size: 11px; color: #888; margin-bottom: 6px;"">[T28 - Assistència sanitària] Pregunta 137</div><div style=""font-weight: bold; font-size: 16px; margin-bottom: 14px; line-height: 1.4;"">Què significa la lletra N de l’escala AVDN?</div><div style=""font-size: 14px; line-height: 1.6;""><div style=""padding: 5px 0;""><b>A)</b> No respon a estímuls verbals ni dolorosos.</div><div style=""padding: 5px 0;""><b>B)</b> Reacciona davant un estímul dolorós.</div><div style=""padding: 5px 0;""><b>C)</b> Respon quan se li parla.</div><div style=""padding: 5px 0;""><b>D)</b> Està alerta, orientat i respon coherentment.</div></div></div>","<div style=""text-align: left; font-family: -apple-system, sans-serif;""><div style=""font-weight: bold; font-size: 16px; color: #10b981; margin-bottom: 8px;"">✓ Resposta Correcta: A</div><div style=""font-size: 14px; margin-bottom: 12px; padding: 10px; background: rgba(16,185,129,0.1); border-radius: 6px; border-left: 4px solid #10b981;"">A) No respon a estímuls verbals ni dolorosos.</div><hr style=""border: 0; border-top: 1px solid #ddd; margin: 12px 0;""><div style=""font-size: 13px; color: #444; line-height: 1.4;""><b style=""color: #111;"">Explicació:</b> La N correspon a una víctima que no presenta resposta ni a estímuls verbals ni dolorosos i indica una situació crítica.</div></div>","T28_-_Assistencia_sanitaria","18620"
"<div style=""text-align: left; font-family: -apple-system, sans-serif;""><div style=""font-size: 11px; color: #888; margin-bottom: 6px;"">[T28 - Assistència sanitària] Pregunta 138</div><div style=""font-weight: bold; font-size: 16px; margin-bottom: 14px; line-height: 1.4;"">En una extremitat inferior, quina estructura és més proximal?</div><div style=""font-size: 14px; line-height: 1.6;""><div style=""padding: 5px 0;""><b>A)</b> El genoll respecte del turmell.</div><div style=""padding: 5px 0;""><b>B)</b> El peu respecte del maluc.</div><div style=""padding: 5px 0;""><b>C)</b> El turmell respecte del genoll.</div><div style=""padding: 5px 0;""><b>D)</b> Els dits del peu respecte del genoll.</div></div></div>","<div style=""text-align: left; font-family: -apple-system, sans-serif;""><div style=""font-weight: bold; font-size: 16px; color: #10b981; margin-bottom: 8px;"">✓ Resposta Correcta: A</div><div style=""font-size: 14px; margin-bottom: 12px; padding: 10px; background: rgba(16,185,129,0.1); border-radius: 6px; border-left: 4px solid #10b981;"">A) El genoll respecte del turmell.</div><hr style=""border: 0; border-top: 1px solid #ddd; margin: 12px 0;""><div style=""font-size: 13px; color: #444; line-height: 1.4;""><b style=""color: #111;"">Explicació:</b> Proximal indica més a prop del tronc; el genoll és més proximal que el turmell.</div></div>","T28_-_Assistencia_sanitaria","18570"
"<div style=""text-align: left; font-family: -apple-system, sans-serif;""><div style=""font-size: 11px; color: #888; margin-bottom: 6px;"">[T28 - Assistència sanitària] Pregunta 139</div><div style=""font-weight: bold; font-size: 16px; margin-bottom: 14px; line-height: 1.4;"">En quins serveis està especialment orientat el GROS per donar suport tàctic, logístic i assistencial?</div><div style=""font-size: 14px; line-height: 1.6;""><div style=""padding: 5px 0;""><b>A)</b> En actuacions individuals resoltes amb una primera resposta sanitària bàsica.</div><div style=""padding: 5px 0;""><b>B)</b> En assistències domiciliàries simples sense desplegament logístic especial.</div><div style=""padding: 5px 0;""><b>C)</b> En trasllats hospitalaris programats entre centres sanitaris.</div><div style=""padding: 5px 0;""><b>D)</b> En grans emergències, dispositius amb múltiples afectats o serveis de llarga durada.</div></div></div>","<div style=""text-align: left; font-family: -apple-system, sans-serif;""><div style=""font-weight: bold; font-size: 16px; color: #10b981; margin-bottom: 8px;"">✓ Resposta Correcta: D</div><div style=""font-size: 14px; margin-bottom: 12px; padding: 10px; background: rgba(16,185,129,0.1); border-radius: 6px; border-left: 4px solid #10b981;"">D) En grans emergències, dispositius amb múltiples afectats o serveis de llarga durada.</div><hr style=""border: 0; border-top: 1px solid #ddd; margin: 12px 0;""><div style=""font-size: 13px; color: #444; line-height: 1.4;""><b style=""color: #111;"">Explicació:</b> El GROS està orientat a grans emergències, incidents amb múltiples afectats i serveis prolongats que requereixen suport logístic i assistencial.</div></div>","T28_-_Assistencia_sanitaria","18553"
"<div style=""text-align: left; font-family: -apple-system, sans-serif;""><div style=""font-size: 11px; color: #888; margin-bottom: 6px;"">[T28 - Assistència sanitària] Pregunta 140</div><div style=""font-weight: bold; font-size: 16px; margin-bottom: 14px; line-height: 1.4;"">Quin interval d’edat correspon al lactant?</div><div style=""font-size: 14px; line-height: 1.6;""><div style=""padding: 5px 0;""><b>A)</b> Des del naixement fins als 12 mesos.</div><div style=""padding: 5px 0;""><b>B)</b> A partir de la pubertat.</div><div style=""padding: 5px 0;""><b>C)</b> Immediatament després del part.</div><div style=""padding: 5px 0;""><b>D)</b> De l’1 any fins a la pubertat.</div></div></div>","<div style=""text-align: left; font-family: -apple-system, sans-serif;""><div style=""font-weight: bold; font-size: 16px; color: #10b981; margin-bottom: 8px;"">✓ Resposta Correcta: A</div><div style=""font-size: 14px; margin-bottom: 12px; padding: 10px; background: rgba(16,185,129,0.1); border-radius: 6px; border-left: 4px solid #10b981;"">A) Des del naixement fins als 12 mesos.</div><hr style=""border: 0; border-top: 1px solid #ddd; margin: 12px 0;""><div style=""font-size: 13px; color: #444; line-height: 1.4;""><b style=""color: #111;"">Explicació:</b> La categoria de lactant comprèn des dels 0 fins als 12 mesos.</div></div>","T28_-_Assistencia_sanitaria","18562"
"<div style=""text-align: left; font-family: -apple-system, sans-serif;""><div style=""font-size: 11px; color: #888; margin-bottom: 6px;"">[T28 - Assistència sanitària] Pregunta 141</div><div style=""font-weight: bold; font-size: 16px; margin-bottom: 14px; line-height: 1.4;"">Quin signe és compatible amb una hemorràgia massiva en la valoració X?</div><div style=""font-size: 14px; line-height: 1.6;""><div style=""padding: 5px 0;""><b>A)</b> Ferida superficial amb sagnat escàs i autolimitat.</div><div style=""padding: 5px 0;""><b>B)</b> Hematoma estable sense augment de mida ni sagnat visible.</div><div style=""padding: 5px 0;""><b>C)</b> Sagnat abundant i actiu que impregna ràpidament la roba o el terra.</div><div style=""padding: 5px 0;""><b>D)</b> Equimosi antiga sense pèrdua sanguínia activa.</div></div></div>","<div style=""text-align: left; font-family: -apple-system, sans-serif;""><div style=""font-weight: bold; font-size: 16px; color: #10b981; margin-bottom: 8px;"">✓ Resposta Correcta: C</div><div style=""font-size: 14px; margin-bottom: 12px; padding: 10px; background: rgba(16,185,129,0.1); border-radius: 6px; border-left: 4px solid #10b981;"">C) Sagnat abundant i actiu que impregna ràpidament la roba o el terra.</div><hr style=""border: 0; border-top: 1px solid #ddd; margin: 12px 0;""><div style=""font-size: 13px; color: #444; line-height: 1.4;""><b style=""color: #111;"">Explicació:</b> La X busca pèrdues de sang capaces de comprometre la vida en pocs minuts.</div></div>","T28_-_Assistencia_sanitaria","18595"
"<div style=""text-align: left; font-family: -apple-system, sans-serif;""><div style=""font-size: 11px; color: #888; margin-bottom: 6px;"">[T28 - Assistència sanitària] Pregunta 142</div><div style=""font-weight: bold; font-size: 16px; margin-bottom: 14px; line-height: 1.4;"">Quina actuació correspon a una cremada de tercer grau?</div><div style=""font-size: 14px; line-height: 1.6;""><div style=""padding: 5px 0;""><b>A)</b> Aplicar gel directament durant diversos minuts.</div><div style=""padding: 5px 0;""><b>B)</b> Aplicar crema greixosa abans de cobrir-la.</div><div style=""padding: 5px 0;""><b>C)</b> Refrescar de forma prolongada amb aigua molt freda.</div><div style=""padding: 5px 0;""><b>D)</b> Cobrir amb gasa estèril i evitar aplicar-hi substàncies.</div></div></div>","<div style=""text-align: left; font-family: -apple-system, sans-serif;""><div style=""font-weight: bold; font-size: 16px; color: #10b981; margin-bottom: 8px;"">✓ Resposta Correcta: D</div><div style=""font-size: 14px; margin-bottom: 12px; padding: 10px; background: rgba(16,185,129,0.1); border-radius: 6px; border-left: 4px solid #10b981;"">D) Cobrir amb gasa estèril i evitar aplicar-hi substàncies.</div><hr style=""border: 0; border-top: 1px solid #ddd; margin: 12px 0;""><div style=""font-size: 13px; color: #444; line-height: 1.4;""><b style=""color: #111;"">Explicació:</b> En cremades de tercer grau es protegeix la zona i s’evita l’aplicació de substàncies o un refredament agressiu.</div></div>","T28_-_Assistencia_sanitaria","18701"
"<div style=""text-align: left; font-family: -apple-system, sans-serif;""><div style=""font-size: 11px; color: #888; margin-bottom: 6px;"">[T28 - Assistència sanitària] Pregunta 143</div><div style=""font-weight: bold; font-size: 16px; margin-bottom: 14px; line-height: 1.4;"">Què és un signe en l’àmbit sanitari?</div><div style=""font-size: 14px; line-height: 1.6;""><div style=""padding: 5px 0;""><b>A)</b> Una manifestació observable i mesurable.</div><div style=""padding: 5px 0;""><b>B)</b> Una classificació de la gravetat després de la valoració inicial.</div><div style=""padding: 5px 0;""><b>C)</b> Un conjunt de manifestacions que orienta cap a una patologia.</div><div style=""padding: 5px 0;""><b>D)</b> Una sensació subjectiva expressada per la víctima.</div></div></div>","<div style=""text-align: left; font-family: -apple-system, sans-serif;""><div style=""font-weight: bold; font-size: 16px; color: #10b981; margin-bottom: 8px;"">✓ Resposta Correcta: A</div><div style=""font-size: 14px; margin-bottom: 12px; padding: 10px; background: rgba(16,185,129,0.1); border-radius: 6px; border-left: 4px solid #10b981;"">A) Una manifestació observable i mesurable.</div><hr style=""border: 0; border-top: 1px solid #ddd; margin: 12px 0;""><div style=""font-size: 13px; color: #444; line-height: 1.4;""><b style=""color: #111;"">Explicació:</b> Un signe es pot observar i mesurar, com la pal·lidesa, la febre o una hemorràgia.</div></div>","T28_-_Assistencia_sanitaria","18558"
"<div style=""text-align: left; font-family: -apple-system, sans-serif;""><div style=""font-size: 11px; color: #888; margin-bottom: 6px;"">[T28 - Assistència sanitària] Pregunta 144</div><div style=""font-weight: bold; font-size: 16px; margin-bottom: 14px; line-height: 1.4;"">Quina seqüència s’ha de repetir en una OVACE greu d’un adult conscient?</div><div style=""font-size: 14px; line-height: 1.6;""><div style=""padding: 5px 0;""><b>A)</b> 5 cops interescapulars i 5 compressions abdominals.</div><div style=""padding: 5px 0;""><b>B)</b> 30 compressions toràciques i 2 ventilacions.</div><div style=""padding: 5px 0;""><b>C)</b> 5 ventilacions i 5 compressions toràciques.</div><div style=""padding: 5px 0;""><b>D)</b> 5 compressions abdominals i 2 ventilacions.</div></div></div>","<div style=""text-align: left; font-family: -apple-system, sans-serif;""><div style=""font-weight: bold; font-size: 16px; color: #10b981; margin-bottom: 8px;"">✓ Resposta Correcta: A</div><div style=""font-size: 14px; margin-bottom: 12px; padding: 10px; background: rgba(16,185,129,0.1); border-radius: 6px; border-left: 4px solid #10b981;"">A) 5 cops interescapulars i 5 compressions abdominals.</div><hr style=""border: 0; border-top: 1px solid #ddd; margin: 12px 0;""><div style=""font-size: 13px; color: #444; line-height: 1.4;""><b style=""color: #111;"">Explicació:</b> S’alternen cinc cops interescapulars amb cinc compressions abdominals fins que s’expulsa el cos estrany o es perd la consciència.</div></div>","T28_-_Assistencia_sanitaria","18668"
"<div style=""text-align: left; font-family: -apple-system, sans-serif;""><div style=""font-size: 11px; color: #888; margin-bottom: 6px;"">[T28 - Assistència sanitària] Pregunta 145</div><div style=""font-weight: bold; font-size: 16px; margin-bottom: 14px; line-height: 1.4;"">Com poden intervenir sanitàriament els Bombers quan el SEM ja és al servei?</div><div style=""font-size: 14px; line-height: 1.6;""><div style=""padding: 5px 0;""><b>A)</b> Substituint l’equip sanitari en la presa de decisions clíniques.</div><div style=""padding: 5px 0;""><b>B)</b> Concentrant la seva actuació en el trasllat fora de l’escena.</div><div style=""padding: 5px 0;""><b>C)</b> Assumint l’atenció hospitalària fins que finalitzi la intervenció.</div><div style=""padding: 5px 0;""><b>D)</b> En col·laboració amb el SEM i donant-li suport.</div></div></div>","<div style=""text-align: left; font-family: -apple-system, sans-serif;""><div style=""font-weight: bold; font-size: 16px; color: #10b981; margin-bottom: 8px;"">✓ Resposta Correcta: D</div><div style=""font-size: 14px; margin-bottom: 12px; padding: 10px; background: rgba(16,185,129,0.1); border-radius: 6px; border-left: 4px solid #10b981;"">D) En col·laboració amb el SEM i donant-li suport.</div><hr style=""border: 0; border-top: 1px solid #ddd; margin: 12px 0;""><div style=""font-size: 13px; color: #444; line-height: 1.4;""><b style=""color: #111;"">Explicació:</b> Quan són requerits, els Bombers poden col·laborar amb el SEM i donar-li suport durant la intervenció.</div></div>","T28_-_Assistencia_sanitaria","18524"
"<div style=""text-align: left; font-family: -apple-system, sans-serif;""><div style=""font-size: 11px; color: #888; margin-bottom: 6px;"">[T28 - Assistència sanitària] Pregunta 146</div><div style=""font-weight: bold; font-size: 16px; margin-bottom: 14px; line-height: 1.4;"">Quina és la primera mesura ambiental davant un cop de calor?</div><div style=""font-size: 14px; line-height: 1.6;""><div style=""padding: 5px 0;""><b>A)</b> Retirar la víctima de l’ambient calorós i situar-la en una zona ombrívola i ventilada.</div><div style=""padding: 5px 0;""><b>B)</b> Monitoritzar la saturació abans de retirar-la de la font de calor.</div><div style=""padding: 5px 0;""><b>C)</b> Oferir aigua abans de traslladar-la a una zona ombrívola.</div><div style=""padding: 5px 0;""><b>D)</b> Col·locar-la en PLS abans de començar el refredament ambiental.</div></div></div>","<div style=""text-align: left; font-family: -apple-system, sans-serif;""><div style=""font-weight: bold; font-size: 16px; color: #10b981; margin-bottom: 8px;"">✓ Resposta Correcta: A</div><div style=""font-size: 14px; margin-bottom: 12px; padding: 10px; background: rgba(16,185,129,0.1); border-radius: 6px; border-left: 4px solid #10b981;"">A) Retirar la víctima de l’ambient calorós i situar-la en una zona ombrívola i ventilada.</div><hr style=""border: 0; border-top: 1px solid #ddd; margin: 12px 0;""><div style=""font-size: 13px; color: #444; line-height: 1.4;""><b style=""color: #111;"">Explicació:</b> Allunyar la víctima de la font de calor és el primer pas abans d’iniciar el refredament actiu.</div></div>","T28_-_Assistencia_sanitaria","18710"
"<div style=""text-align: left; font-family: -apple-system, sans-serif;""><div style=""font-size: 11px; color: #888; margin-bottom: 6px;"">[T28 - Assistència sanitària] Pregunta 147</div><div style=""font-weight: bold; font-size: 16px; margin-bottom: 14px; line-height: 1.4;"">Què es fa després dels 5 cops interescapulars si l’obstrucció persisteix en un adult?</div><div style=""font-size: 14px; line-height: 1.6;""><div style=""padding: 5px 0;""><b>A)</b> Aplicar 5 compressions abdominals.</div><div style=""padding: 5px 0;""><b>B)</b> Posar la víctima en posició lateral de seguretat.</div><div style=""padding: 5px 0;""><b>C)</b> Fer 2 ventilacions boca a boca.</div><div style=""padding: 5px 0;""><b>D)</b> Iniciar una exploració neurològica completa.</div></div></div>","<div style=""text-align: left; font-family: -apple-system, sans-serif;""><div style=""font-weight: bold; font-size: 16px; color: #10b981; margin-bottom: 8px;"">✓ Resposta Correcta: A</div><div style=""font-size: 14px; margin-bottom: 12px; padding: 10px; background: rgba(16,185,129,0.1); border-radius: 6px; border-left: 4px solid #10b981;"">A) Aplicar 5 compressions abdominals.</div><hr style=""border: 0; border-top: 1px solid #ddd; margin: 12px 0;""><div style=""font-size: 13px; color: #444; line-height: 1.4;""><b style=""color: #111;"">Explicació:</b> Si els cops a l’esquena no resolen l’OVACE, es continuen amb cinc compressions abdominals.</div></div>","T28_-_Assistencia_sanitaria","18667"
"<div style=""text-align: left; font-family: -apple-system, sans-serif;""><div style=""font-size: 11px; color: #888; margin-bottom: 6px;"">[T28 - Assistència sanitària] Pregunta 148</div><div style=""font-weight: bold; font-size: 16px; margin-bottom: 14px; line-height: 1.4;"">Com s’inicia la RCP en un infant o lactant pel risc d’origen respiratori de l’aturada?</div><div style=""font-size: 14px; line-height: 1.6;""><div style=""padding: 5px 0;""><b>A)</b> Amb 2 ventilacions i una pausa d’un minut.</div><div style=""padding: 5px 0;""><b>B)</b> Amb 5 compressions abdominals.</div><div style=""padding: 5px 0;""><b>C)</b> Amb 30 compressions sense ventilació inicial.</div><div style=""padding: 5px 0;""><b>D)</b> Amb 5 ventilacions inicials de rescat.</div></div></div>","<div style=""text-align: left; font-family: -apple-system, sans-serif;""><div style=""font-weight: bold; font-size: 16px; color: #10b981; margin-bottom: 8px;"">✓ Resposta Correcta: D</div><div style=""font-size: 14px; margin-bottom: 12px; padding: 10px; background: rgba(16,185,129,0.1); border-radius: 6px; border-left: 4px solid #10b981;"">D) Amb 5 ventilacions inicials de rescat.</div><hr style=""border: 0; border-top: 1px solid #ddd; margin: 12px 0;""><div style=""font-size: 13px; color: #444; line-height: 1.4;""><b style=""color: #111;"">Explicació:</b> En pediatria es prioritzen cinc ventilacions inicials perquè l’aturada sovint té origen respiratori.</div></div>","T28_-_Assistencia_sanitaria","18682"
"<div style=""text-align: left; font-family: -apple-system, sans-serif;""><div style=""font-size: 11px; color: #888; margin-bottom: 6px;"">[T28 - Assistència sanitària] Pregunta 149</div><div style=""font-weight: bold; font-size: 16px; margin-bottom: 14px; line-height: 1.4;"">Quin risc sistèmic s’ha de vigilar especialment després d’una picada d’abella o vespa?</div><div style=""font-size: 14px; line-height: 1.6;""><div style=""padding: 5px 0;""><b>A)</b> Dolor local que disminueix amb fred.</div><div style=""padding: 5px 0;""><b>B)</b> Un eritema local sense afectació general.</div><div style=""padding: 5px 0;""><b>C)</b> L’aparició de signes de xoc anafilàctic.</div><div style=""padding: 5px 0;""><b>D)</b> Una inflamació limitada al punt de la picada.</div></div></div>","<div style=""text-align: left; font-family: -apple-system, sans-serif;""><div style=""font-weight: bold; font-size: 16px; color: #10b981; margin-bottom: 8px;"">✓ Resposta Correcta: C</div><div style=""font-size: 14px; margin-bottom: 12px; padding: 10px; background: rgba(16,185,129,0.1); border-radius: 6px; border-left: 4px solid #10b981;"">C) L’aparició de signes de xoc anafilàctic.</div><hr style=""border: 0; border-top: 1px solid #ddd; margin: 12px 0;""><div style=""font-size: 13px; color: #444; line-height: 1.4;""><b style=""color: #111;"">Explicació:</b> Les picades d’insectes poden desencadenar una reacció al·lèrgica greu.</div></div>","T28_-_Assistencia_sanitaria","18704"
"<div style=""text-align: left; font-family: -apple-system, sans-serif;""><div style=""font-size: 11px; color: #888; margin-bottom: 6px;"">[T28 - Assistència sanitària] Pregunta 150</div><div style=""font-weight: bold; font-size: 16px; margin-bottom: 14px; line-height: 1.4;"">Quin mecanisme lesional fa sospitar especialment una hemorràgia greu?</div><div style=""font-size: 14px; line-height: 1.6;""><div style=""padding: 5px 0;""><b>A)</b> Una contusió lleu sense deformitat.</div><div style=""padding: 5px 0;""><b>B)</b> Una contractura muscular després d’un esforç.</div><div style=""padding: 5px 0;""><b>C)</b> Una amputació o una ferida penetrant.</div><div style=""padding: 5px 0;""><b>D)</b> Una abrasió superficial de poca extensió.</div></div></div>","<div style=""text-align: left; font-family: -apple-system, sans-serif;""><div style=""font-weight: bold; font-size: 16px; color: #10b981; margin-bottom: 8px;"">✓ Resposta Correcta: C</div><div style=""font-size: 14px; margin-bottom: 12px; padding: 10px; background: rgba(16,185,129,0.1); border-radius: 6px; border-left: 4px solid #10b981;"">C) Una amputació o una ferida penetrant.</div><hr style=""border: 0; border-top: 1px solid #ddd; margin: 12px 0;""><div style=""font-size: 13px; color: #444; line-height: 1.4;""><b style=""color: #111;"">Explicació:</b> Les amputacions i les ferides penetrants són mecanismes compatibles amb una pèrdua sanguínia important.</div></div>","T28_-_Assistencia_sanitaria","18596"
"<div style=""text-align: left; font-family: -apple-system, sans-serif;""><div style=""font-size: 11px; color: #888; margin-bottom: 6px;"">[T28 - Assistència sanitària] Pregunta 151</div><div style=""font-weight: bold; font-size: 16px; margin-bottom: 14px; line-height: 1.4;"">Quin perfil defineix millor el GEM dins el Cos de Bombers?</div><div style=""font-size: 14px; line-height: 1.6;""><div style=""padding: 5px 0;""><b>A)</b> Una unitat especialitzada en assistència sanitària en entorns d’alta complexitat.</div><div style=""padding: 5px 0;""><b>B)</b> Una unitat hospitalària encarregada del diagnòstic i seguiment de les víctimes.</div><div style=""padding: 5px 0;""><b>C)</b> Una unitat logística destinada a muntar zones de triatge i carpes assistencials.</div><div style=""padding: 5px 0;""><b>D)</b> Una unitat de primera resposta formada per testimonis amb formació en primers auxilis.</div></div></div>","<div style=""text-align: left; font-family: -apple-system, sans-serif;""><div style=""font-weight: bold; font-size: 16px; color: #10b981; margin-bottom: 8px;"">✓ Resposta Correcta: A</div><div style=""font-size: 14px; margin-bottom: 12px; padding: 10px; background: rgba(16,185,129,0.1); border-radius: 6px; border-left: 4px solid #10b981;"">A) Una unitat especialitzada en assistència sanitària en entorns d’alta complexitat.</div><hr style=""border: 0; border-top: 1px solid #ddd; margin: 12px 0;""><div style=""font-size: 13px; color: #444; line-height: 1.4;""><b style=""color: #111;"">Explicació:</b> El GEM està orientat a l’atenció sanitària en muntanya, grans emergències, accidents greus i suport als equips operatius.</div></div>","T28_-_Assistencia_sanitaria","18545"
"<div style=""text-align: left; font-family: -apple-system, sans-serif;""><div style=""font-size: 11px; color: #888; margin-bottom: 6px;"">[T28 - Assistència sanitària] Pregunta 152</div><div style=""font-weight: bold; font-size: 16px; margin-bottom: 14px; line-height: 1.4;"">Com s’ha de retirar una paparra adherida?</div><div style=""font-size: 14px; line-height: 1.6;""><div style=""padding: 5px 0;""><b>A)</b> Amb una tracció brusca girant-la repetidament.</div><div style=""padding: 5px 0;""><b>B)</b> Amb pinces fines i una tracció suau i contínua sense girar.</div><div style=""padding: 5px 0;""><b>C)</b> Comprimir l’abdomen de la paparra mentre s’estira.</div><div style=""padding: 5px 0;""><b>D)</b> Cobrir-la amb crema i esperar que caigui sola.</div></div></div>","<div style=""text-align: left; font-family: -apple-system, sans-serif;""><div style=""font-weight: bold; font-size: 16px; color: #10b981; margin-bottom: 8px;"">✓ Resposta Correcta: B</div><div style=""font-size: 14px; margin-bottom: 12px; padding: 10px; background: rgba(16,185,129,0.1); border-radius: 6px; border-left: 4px solid #10b981;"">B) Amb pinces fines i una tracció suau i contínua sense girar.</div><hr style=""border: 0; border-top: 1px solid #ddd; margin: 12px 0;""><div style=""font-size: 13px; color: #444; line-height: 1.4;""><b style=""color: #111;"">Explicació:</b> La retirada es fa amb pinces fines, de manera contínua i sense girs.</div></div>","T28_-_Assistencia_sanitaria","18703"
"<div style=""text-align: left; font-family: -apple-system, sans-serif;""><div style=""font-size: 11px; color: #888; margin-bottom: 6px;"">[T28 - Assistència sanitària] Pregunta 153</div><div style=""font-weight: bold; font-size: 16px; margin-bottom: 14px; line-height: 1.4;"">Quina freqüència han de tenir les compressions toràciques en un adult?</div><div style=""font-size: 14px; line-height: 1.6;""><div style=""padding: 5px 0;""><b>A)</b> Entre 100 i 120 per minut.</div><div style=""padding: 5px 0;""><b>B)</b> Entre 80 i 100 per minut.</div><div style=""padding: 5px 0;""><b>C)</b> Entre 120 i 150 per minut.</div><div style=""padding: 5px 0;""><b>D)</b> Entre 60 i 80 per minut.</div></div></div>","<div style=""text-align: left; font-family: -apple-system, sans-serif;""><div style=""font-weight: bold; font-size: 16px; color: #10b981; margin-bottom: 8px;"">✓ Resposta Correcta: A</div><div style=""font-size: 14px; margin-bottom: 12px; padding: 10px; background: rgba(16,185,129,0.1); border-radius: 6px; border-left: 4px solid #10b981;"">A) Entre 100 i 120 per minut.</div><hr style=""border: 0; border-top: 1px solid #ddd; margin: 12px 0;""><div style=""font-size: 13px; color: #444; line-height: 1.4;""><b style=""color: #111;"">Explicació:</b> Les compressions s’han de fer a una freqüència de 100-120 per minut.</div></div>","T28_-_Assistencia_sanitaria","18679"
"<div style=""text-align: left; font-family: -apple-system, sans-serif;""><div style=""font-size: 11px; color: #888; margin-bottom: 6px;"">[T28 - Assistència sanitària] Pregunta 154</div><div style=""font-weight: bold; font-size: 16px; margin-bottom: 14px; line-height: 1.4;"">Què és una anisocòria?</div><div style=""font-size: 14px; line-height: 1.6;""><div style=""padding: 5px 0;""><b>A)</b> Una dilatació bilateral extrema de les pupil·les.</div><div style=""padding: 5px 0;""><b>B)</b> Una absència de resposta motora amb pupil·les simètriques.</div><div style=""padding: 5px 0;""><b>C)</b> Una contracció bilateral extrema de les pupil·les.</div><div style=""padding: 5px 0;""><b>D)</b> Una diferència de mida entre les dues pupil·les.</div></div></div>","<div style=""text-align: left; font-family: -apple-system, sans-serif;""><div style=""font-weight: bold; font-size: 16px; color: #10b981; margin-bottom: 8px;"">✓ Resposta Correcta: D</div><div style=""font-size: 14px; margin-bottom: 12px; padding: 10px; background: rgba(16,185,129,0.1); border-radius: 6px; border-left: 4px solid #10b981;"">D) Una diferència de mida entre les dues pupil·les.</div><hr style=""border: 0; border-top: 1px solid #ddd; margin: 12px 0;""><div style=""font-size: 13px; color: #444; line-height: 1.4;""><b style=""color: #111;"">Explicació:</b> L’anisocòria és la desigualtat de mida pupil·lar i pot ser un signe d’alerta neurològica.</div></div>","T28_-_Assistencia_sanitaria","18624"
"<div style=""text-align: left; font-family: -apple-system, sans-serif;""><div style=""font-size: 11px; color: #888; margin-bottom: 6px;"">[T28 - Assistència sanitària] Pregunta 155</div><div style=""font-weight: bold; font-size: 16px; margin-bottom: 14px; line-height: 1.4;"">Què s’ha de fer mentre es col·loquen els pegats del DEA?</div><div style=""font-size: 14px; line-height: 1.6;""><div style=""padding: 5px 0;""><b>A)</b> Fer únicament ventilacions mentre es prepara el tòrax.</div><div style=""padding: 5px 0;""><b>B)</b> Esperar fins que tots els elèctrodes estiguin preparats abans de començar RCP.</div><div style=""padding: 5px 0;""><b>C)</b> Mantenir les compressions toràciques tant com sigui possible.</div><div style=""padding: 5px 0;""><b>D)</b> Aturar la RCP des que s’obre el dispositiu.</div></div></div>","<div style=""text-align: left; font-family: -apple-system, sans-serif;""><div style=""font-weight: bold; font-size: 16px; color: #10b981; margin-bottom: 8px;"">✓ Resposta Correcta: C</div><div style=""font-size: 14px; margin-bottom: 12px; padding: 10px; background: rgba(16,185,129,0.1); border-radius: 6px; border-left: 4px solid #10b981;"">C) Mantenir les compressions toràciques tant com sigui possible.</div><hr style=""border: 0; border-top: 1px solid #ddd; margin: 12px 0;""><div style=""font-size: 13px; color: #444; line-height: 1.4;""><b style=""color: #111;"">Explicació:</b> La instal·lació del DEA s’ha de fer minimitzant al màxim les interrupcions de les compressions.</div></div>","T28_-_Assistencia_sanitaria","18685"
"<div style=""text-align: left; font-family: -apple-system, sans-serif;""><div style=""font-size: 11px; color: #888; margin-bottom: 6px;"">[T28 - Assistència sanitària] Pregunta 156</div><div style=""font-weight: bold; font-size: 16px; margin-bottom: 14px; line-height: 1.4;"">Quin escenari està previst per a l’assistència sanitària extrahospitalària dels Bombers?</div><div style=""font-size: 14px; line-height: 1.6;""><div style=""padding: 5px 0;""><b>A)</b> La zona calenta del mateix incident.</div><div style=""padding: 5px 0;""><b>B)</b> Una àrea hospitalària destinada a l’atenció definitiva.</div><div style=""padding: 5px 0;""><b>C)</b> Una base sanitària abans de la sortida dels equips d’emergència.</div><div style=""padding: 5px 0;""><b>D)</b> Un punt de recepció clínica després del trasllat medicalitzat.</div></div></div>","<div style=""text-align: left; font-family: -apple-system, sans-serif;""><div style=""font-weight: bold; font-size: 16px; color: #10b981; margin-bottom: 8px;"">✓ Resposta Correcta: A</div><div style=""font-size: 14px; margin-bottom: 12px; padding: 10px; background: rgba(16,185,129,0.1); border-radius: 6px; border-left: 4px solid #10b981;"">A) La zona calenta del mateix incident.</div><hr style=""border: 0; border-top: 1px solid #ddd; margin: 12px 0;""><div style=""font-size: 13px; color: #444; line-height: 1.4;""><b style=""color: #111;"">Explicació:</b> Els Bombers poden prestar assistència sanitària extrahospitalària dins la zona calenta del mateix incident.</div></div>","T28_-_Assistencia_sanitaria","18522"
"<div style=""text-align: left; font-family: -apple-system, sans-serif;""><div style=""font-size: 11px; color: #888; margin-bottom: 6px;"">[T28 - Assistència sanitària] Pregunta 157</div><div style=""font-weight: bold; font-size: 16px; margin-bottom: 14px; line-height: 1.4;"">Què diferencia el suport vital avançat (SVA) del suport vital bàsic (SVB)?</div><div style=""font-size: 14px; line-height: 1.6;""><div style=""padding: 5px 0;""><b>A)</b> El SVA es limita a primers auxilis sense equipament específic.</div><div style=""padding: 5px 0;""><b>B)</b> El SVA correspon a la fase hospitalària de seguiment i rehabilitació.</div><div style=""padding: 5px 0;""><b>C)</b> El SVA substitueix la valoració primària per una exploració secundària.</div><div style=""padding: 5px 0;""><b>D)</b> El SVA incorpora maniobres realitzades amb equipament avançat.</div></div></div>","<div style=""text-align: left; font-family: -apple-system, sans-serif;""><div style=""font-weight: bold; font-size: 16px; color: #10b981; margin-bottom: 8px;"">✓ Resposta Correcta: D</div><div style=""font-size: 14px; margin-bottom: 12px; padding: 10px; background: rgba(16,185,129,0.1); border-radius: 6px; border-left: 4px solid #10b981;"">D) El SVA incorpora maniobres realitzades amb equipament avançat.</div><hr style=""border: 0; border-top: 1px solid #ddd; margin: 12px 0;""><div style=""font-size: 13px; color: #444; line-height: 1.4;""><b style=""color: #111;"">Explicació:</b> El suport vital es divideix en SVB i SVA quan les maniobres es realitzen amb equipament avançat.</div></div>","T28_-_Assistencia_sanitaria","18584"
"<div style=""text-align: left; font-family: -apple-system, sans-serif;""><div style=""font-size: 11px; color: #888; margin-bottom: 6px;"">[T28 - Assistència sanitària] Pregunta 158</div><div style=""font-weight: bold; font-size: 16px; margin-bottom: 14px; line-height: 1.4;"">Quan s’han d’interrompre les compressions durant l’ús del DEA?</div><div style=""font-size: 14px; line-height: 1.6;""><div style=""padding: 5px 0;""><b>A)</b> Cada vegada que el DEA emet un senyal acústic.</div><div style=""padding: 5px 0;""><b>B)</b> Durant tota la col·locació dels pegats i el rasurat.</div><div style=""padding: 5px 0;""><b>C)</b> Des del moment que el dispositiu s’encén fins al final de la intervenció.</div><div style=""padding: 5px 0;""><b>D)</b> Quan el dispositiu ho indica per analitzar el ritme o administrar una descàrrega.</div></div></div>","<div style=""text-align: left; font-family: -apple-system, sans-serif;""><div style=""font-weight: bold; font-size: 16px; color: #10b981; margin-bottom: 8px;"">✓ Resposta Correcta: D</div><div style=""font-size: 14px; margin-bottom: 12px; padding: 10px; background: rgba(16,185,129,0.1); border-radius: 6px; border-left: 4px solid #10b981;"">D) Quan el dispositiu ho indica per analitzar el ritme o administrar una descàrrega.</div><hr style=""border: 0; border-top: 1px solid #ddd; margin: 12px 0;""><div style=""font-size: 13px; color: #444; line-height: 1.4;""><b style=""color: #111;"">Explicació:</b> Les pauses s’han de limitar als moments necessaris d’anàlisi i descàrrega.</div></div>","T28_-_Assistencia_sanitaria","18686"
"<div style=""text-align: left; font-family: -apple-system, sans-serif;""><div style=""font-size: 11px; color: #888; margin-bottom: 6px;"">[T28 - Assistència sanitària] Pregunta 159</div><div style=""font-weight: bold; font-size: 16px; margin-bottom: 14px; line-height: 1.4;"">Què defineix una síndrome?</div><div style=""font-size: 14px; line-height: 1.6;""><div style=""padding: 5px 0;""><b>A)</b> Una sensació subjectiva expressada per la víctima que orienta la valoració.</div><div style=""padding: 5px 0;""><b>B)</b> Una manifestació observable i mesurable que pot orientar la valoració.</div><div style=""padding: 5px 0;""><b>C)</b> Un conjunt de signes i símptomes que pot indicar una patologia sense definir una malaltia concreta.</div><div style=""padding: 5px 0;""><b>D)</b> Una categoria de gravetat assignada després de la valoració inicial.</div></div></div>","<div style=""text-align: left; font-family: -apple-system, sans-serif;""><div style=""font-weight: bold; font-size: 16px; color: #10b981; margin-bottom: 8px;"">✓ Resposta Correcta: C</div><div style=""font-size: 14px; margin-bottom: 12px; padding: 10px; background: rgba(16,185,129,0.1); border-radius: 6px; border-left: 4px solid #10b981;"">C) Un conjunt de signes i símptomes que pot indicar una patologia sense definir una malaltia concreta.</div><hr style=""border: 0; border-top: 1px solid #ddd; margin: 12px 0;""><div style=""font-size: 13px; color: #444; line-height: 1.4;""><b style=""color: #111;"">Explicació:</b> Una síndrome agrupa signes i símptomes compatibles amb diverses patologies i no identifica per si sola una malaltia concreta.</div></div>","T28_-_Assistencia_sanitaria","18560"
"<div style=""text-align: left; font-family: -apple-system, sans-serif;""><div style=""font-size: 11px; color: #888; margin-bottom: 6px;"">[T28 - Assistència sanitària] Pregunta 160</div><div style=""font-weight: bold; font-size: 16px; margin-bottom: 14px; line-height: 1.4;"">Quina troballa cutània orienta més directament cap a vasoconstricció perifèrica?</div><div style=""font-size: 14px; line-height: 1.6;""><div style=""padding: 5px 0;""><b>A)</b> Pell rosada i normotèrmica.</div><div style=""padding: 5px 0;""><b>B)</b> Pell pàl·lida o freda.</div><div style=""padding: 5px 0;""><b>C)</b> Pell cianòtica però calenta.</div><div style=""padding: 5px 0;""><b>D)</b> Pell envermellida i calenta.</div></div></div>","<div style=""text-align: left; font-family: -apple-system, sans-serif;""><div style=""font-weight: bold; font-size: 16px; color: #10b981; margin-bottom: 8px;"">✓ Resposta Correcta: B</div><div style=""font-size: 14px; margin-bottom: 12px; padding: 10px; background: rgba(16,185,129,0.1); border-radius: 6px; border-left: 4px solid #10b981;"">B) Pell pàl·lida o freda.</div><hr style=""border: 0; border-top: 1px solid #ddd; margin: 12px 0;""><div style=""font-size: 13px; color: #444; line-height: 1.4;""><b style=""color: #111;"">Explicació:</b> La pal·lidesa i la fredor cutània poden reflectir vasoconstricció perifèrica en xoc, hemorràgia o hipotèrmia.</div></div>","T28_-_Assistencia_sanitaria","18616"
"<div style=""text-align: left; font-family: -apple-system, sans-serif;""><div style=""font-size: 11px; color: #888; margin-bottom: 6px;"">[T28 - Assistència sanitària] Pregunta 161</div><div style=""font-weight: bold; font-size: 16px; margin-bottom: 14px; line-height: 1.4;"">Quin és el rang total possible de l’Escala de Coma de Glasgow?</div><div style=""font-size: 14px; line-height: 1.6;""><div style=""padding: 5px 0;""><b>A)</b> De 0 a 10 punts.</div><div style=""padding: 5px 0;""><b>B)</b> De 5 a 20 punts.</div><div style=""padding: 5px 0;""><b>C)</b> De 1 a 12 punts.</div><div style=""padding: 5px 0;""><b>D)</b> De 3 a 15 punts.</div></div></div>","<div style=""text-align: left; font-family: -apple-system, sans-serif;""><div style=""font-weight: bold; font-size: 16px; color: #10b981; margin-bottom: 8px;"">✓ Resposta Correcta: D</div><div style=""font-size: 14px; margin-bottom: 12px; padding: 10px; background: rgba(16,185,129,0.1); border-radius: 6px; border-left: 4px solid #10b981;"">D) De 3 a 15 punts.</div><hr style=""border: 0; border-top: 1px solid #ddd; margin: 12px 0;""><div style=""font-size: 13px; color: #444; line-height: 1.4;""><b style=""color: #111;"">Explicació:</b> La puntuació mínima és 3 i la màxima 15.</div></div>","T28_-_Assistencia_sanitaria","18640"
"<div style=""text-align: left; font-family: -apple-system, sans-serif;""><div style=""font-size: 11px; color: #888; margin-bottom: 6px;"">[T28 - Assistència sanitària] Pregunta 162</div><div style=""font-weight: bold; font-size: 16px; margin-bottom: 14px; line-height: 1.4;"">Quina postura correspon al decúbit supí?</div><div style=""font-size: 14px; line-height: 1.6;""><div style=""padding: 5px 0;""><b>A)</b> Estirat d’esquena.</div><div style=""padding: 5px 0;""><b>B)</b> Estirat de costat.</div><div style=""padding: 5px 0;""><b>C)</b> Dret i dempeus.</div><div style=""padding: 5px 0;""><b>D)</b> Estirat de panxa.</div></div></div>","<div style=""text-align: left; font-family: -apple-system, sans-serif;""><div style=""font-weight: bold; font-size: 16px; color: #10b981; margin-bottom: 8px;"">✓ Resposta Correcta: A</div><div style=""font-size: 14px; margin-bottom: 12px; padding: 10px; background: rgba(16,185,129,0.1); border-radius: 6px; border-left: 4px solid #10b981;"">A) Estirat d’esquena.</div><hr style=""border: 0; border-top: 1px solid #ddd; margin: 12px 0;""><div style=""font-size: 13px; color: #444; line-height: 1.4;""><b style=""color: #111;"">Explicació:</b> El decúbit supí descriu una persona estirada sobre l’esquena.</div></div>","T28_-_Assistencia_sanitaria","18568"
"<div style=""text-align: left; font-family: -apple-system, sans-serif;""><div style=""font-size: 11px; color: #888; margin-bottom: 6px;"">[T28 - Assistència sanitària] Pregunta 163</div><div style=""font-weight: bold; font-size: 16px; margin-bottom: 14px; line-height: 1.4;"">Què és el suport vital?</div><div style=""font-size: 14px; line-height: 1.6;""><div style=""padding: 5px 0;""><b>A)</b> El conjunt de maniobres i tècniques per mantenir les funcions vitals davant risc imminent de mort.</div><div style=""padding: 5px 0;""><b>B)</b> El conjunt d’actuacions de rehabilitació aplicades després de la recuperació de la víctima.</div><div style=""padding: 5px 0;""><b>C)</b> El conjunt de proves destinades a establir un diagnòstic definitiu abans del trasllat.</div><div style=""padding: 5px 0;""><b>D)</b> El conjunt de mesures logístiques per preparar una zona d’assistència prehospitalària.</div></div></div>","<div style=""text-align: left; font-family: -apple-system, sans-serif;""><div style=""font-weight: bold; font-size: 16px; color: #10b981; margin-bottom: 8px;"">✓ Resposta Correcta: A</div><div style=""font-size: 14px; margin-bottom: 12px; padding: 10px; background: rgba(16,185,129,0.1); border-radius: 6px; border-left: 4px solid #10b981;"">A) El conjunt de maniobres i tècniques per mantenir les funcions vitals davant risc imminent de mort.</div><hr style=""border: 0; border-top: 1px solid #ddd; margin: 12px 0;""><div style=""font-size: 13px; color: #444; line-height: 1.4;""><b style=""color: #111;"">Explicació:</b> El suport vital agrupa maniobres i tècniques orientades a mantenir les funcions vitals quan existeix risc imminent de mort.</div></div>","T28_-_Assistencia_sanitaria","18554"
"<div style=""text-align: left; font-family: -apple-system, sans-serif;""><div style=""font-size: 11px; color: #888; margin-bottom: 6px;"">[T28 - Assistència sanitària] Pregunta 164</div><div style=""font-weight: bold; font-size: 16px; margin-bottom: 14px; line-height: 1.4;"">Quin objectiu defineix el contínuum assistencial?</div><div style=""font-size: 14px; line-height: 1.6;""><div style=""padding: 5px 0;""><b>A)</b> Prioritzar el trasllat per davant de la coordinació entre els diferents esglaons.</div><div style=""padding: 5px 0;""><b>B)</b> Separar l’actuació tècnica de la sanitària fins al trasllat hospitalari.</div><div style=""padding: 5px 0;""><b>C)</b> Concentrar l’assistència sanitària en l’últim esglaó de la cadena.</div><div style=""padding: 5px 0;""><b>D)</b> Mantenir la continuïtat, reduir el temps de resposta i afavorir supervivència i recuperació.</div></div></div>","<div style=""text-align: left; font-family: -apple-system, sans-serif;""><div style=""font-weight: bold; font-size: 16px; color: #10b981; margin-bottom: 8px;"">✓ Resposta Correcta: D</div><div style=""font-size: 14px; margin-bottom: 12px; padding: 10px; background: rgba(16,185,129,0.1); border-radius: 6px; border-left: 4px solid #10b981;"">D) Mantenir la continuïtat, reduir el temps de resposta i afavorir supervivència i recuperació.</div><hr style=""border: 0; border-top: 1px solid #ddd; margin: 12px 0;""><div style=""font-size: 13px; color: #444; line-height: 1.4;""><b style=""color: #111;"">Explicació:</b> El contínuum assistencial fa que cada esglaó reforci l’anterior i redueixi interrupcions en l’atenció.</div></div>","T28_-_Assistencia_sanitaria","18539"
"<div style=""text-align: left; font-family: -apple-system, sans-serif;""><div style=""font-size: 11px; color: #888; margin-bottom: 6px;"">[T28 - Assistència sanitària] Pregunta 165</div><div style=""font-weight: bold; font-size: 16px; margin-bottom: 14px; line-height: 1.4;"">Quan és especialment útil el transport manual d’una víctima?</div><div style=""font-size: 14px; line-height: 1.6;""><div style=""padding: 5px 0;""><b>A)</b> En trasllats llargs com a alternativa principal a una llitera.</div><div style=""padding: 5px 0;""><b>B)</b> En trams curts o difícils fins a una zona segura o accessible per a l’evacuació.</div><div style=""padding: 5px 0;""><b>C)</b> En recorreguts planers i accessibles on ja es disposa de mitjans de transport.</div><div style=""padding: 5px 0;""><b>D)</b> Per aconseguir la immobilització vertebral definitiva sense material específic.</div></div></div>","<div style=""text-align: left; font-family: -apple-system, sans-serif;""><div style=""font-weight: bold; font-size: 16px; color: #10b981; margin-bottom: 8px;"">✓ Resposta Correcta: B</div><div style=""font-size: 14px; margin-bottom: 12px; padding: 10px; background: rgba(16,185,129,0.1); border-radius: 6px; border-left: 4px solid #10b981;"">B) En trams curts o difícils fins a una zona segura o accessible per a l’evacuació.</div><hr style=""border: 0; border-top: 1px solid #ddd; margin: 12px 0;""><div style=""font-size: 13px; color: #444; line-height: 1.4;""><b style=""color: #111;"">Explicació:</b> El transport manual s’utilitza sobretot per superar trams curts o complicats fins a un punt d’evacuació.</div></div>","T28_-_Assistencia_sanitaria","18719"
"<div style=""text-align: left; font-family: -apple-system, sans-serif;""><div style=""font-size: 11px; color: #888; margin-bottom: 6px;"">[T28 - Assistència sanitària] Pregunta 166</div><div style=""font-weight: bold; font-size: 16px; margin-bottom: 14px; line-height: 1.4;"">Quin document descriu les funcions principals del Cos de Bombers i hi recull l’assistència sanitària al lloc del sinistre?</div><div style=""font-size: 14px; line-height: 1.6;""><div style=""padding: 5px 0;""><b>A)</b> La carta de serveis del Cos de Bombers.</div><div style=""padding: 5px 0;""><b>B)</b> Els protocols de coordinació entre el SEM i els Bombers.</div><div style=""padding: 5px 0;""><b>C)</b> La Llei 5/1994 reguladora dels serveis de prevenció i salvaments.</div><div style=""padding: 5px 0;""><b>D)</b> Els plans de protecció civil aplicables a l’emergència.</div></div></div>","<div style=""text-align: left; font-family: -apple-system, sans-serif;""><div style=""font-weight: bold; font-size: 16px; color: #10b981; margin-bottom: 8px;"">✓ Resposta Correcta: A</div><div style=""font-size: 14px; margin-bottom: 12px; padding: 10px; background: rgba(16,185,129,0.1); border-radius: 6px; border-left: 4px solid #10b981;"">A) La carta de serveis del Cos de Bombers.</div><hr style=""border: 0; border-top: 1px solid #ddd; margin: 12px 0;""><div style=""font-size: 13px; color: #444; line-height: 1.4;""><b style=""color: #111;"">Explicació:</b> La carta de serveis descriu les funcions principals del Cos de Bombers i hi recull l’assistència sanitària al lloc del sinistre.</div></div>","T28_-_Assistencia_sanitaria","18528"
"<div style=""text-align: left; font-family: -apple-system, sans-serif;""><div style=""font-size: 11px; color: #888; margin-bottom: 6px;"">[T28 - Assistència sanitària] Pregunta 167</div><div style=""font-weight: bold; font-size: 16px; margin-bottom: 14px; line-height: 1.4;"">Quina actuació dels Bombers afavoreix directament la continuïtat assistencial amb els equips sanitaris?</div><div style=""font-size: 14px; line-height: 1.6;""><div style=""padding: 5px 0;""><b>A)</b> La substitució de la valoració sanitària per una classificació operativa.</div><div style=""padding: 5px 0;""><b>B)</b> La comunicació i transferència d’informació sobre la víctima.</div><div style=""padding: 5px 0;""><b>C)</b> La separació de la informació tècnica i sanitària durant el relleu.</div><div style=""padding: 5px 0;""><b>D)</b> La finalització de l’assistència abans de l’arribada del personal sanitari.</div></div></div>","<div style=""text-align: left; font-family: -apple-system, sans-serif;""><div style=""font-weight: bold; font-size: 16px; color: #10b981; margin-bottom: 8px;"">✓ Resposta Correcta: B</div><div style=""font-size: 14px; margin-bottom: 12px; padding: 10px; background: rgba(16,185,129,0.1); border-radius: 6px; border-left: 4px solid #10b981;"">B) La comunicació i transferència d’informació sobre la víctima.</div><hr style=""border: 0; border-top: 1px solid #ddd; margin: 12px 0;""><div style=""font-size: 13px; color: #444; line-height: 1.4;""><b style=""color: #111;"">Explicació:</b> Transferir informació rellevant permet que el següent esglaó continuï l’atenció sense perdre dades importants.</div></div>","T28_-_Assistencia_sanitaria","18544"
"<div style=""text-align: left; font-family: -apple-system, sans-serif;""><div style=""font-size: 11px; color: #888; margin-bottom: 6px;"">[T28 - Assistència sanitària] Pregunta 168</div><div style=""font-weight: bold; font-size: 16px; margin-bottom: 14px; line-height: 1.4;"">Quin objectiu té l’assistència sanitària bàsica de primera resposta dels Bombers?</div><div style=""font-size: 14px; line-height: 1.6;""><div style=""padding: 5px 0;""><b>A)</b> Substituir l’assistència especialitzada durant tota la intervenció.</div><div style=""padding: 5px 0;""><b>B)</b> Garantir la seguretat vital immediata fins a l’arribada dels serveis mèdics.</div><div style=""padding: 5px 0;""><b>C)</b> Completar el tractament definitiu abans de transferir la víctima.</div><div style=""padding: 5px 0;""><b>D)</b> Fer el seguiment clínic de la víctima després de l’alta hospitalària.</div></div></div>","<div style=""text-align: left; font-family: -apple-system, sans-serif;""><div style=""font-weight: bold; font-size: 16px; color: #10b981; margin-bottom: 8px;"">✓ Resposta Correcta: B</div><div style=""font-size: 14px; margin-bottom: 12px; padding: 10px; background: rgba(16,185,129,0.1); border-radius: 6px; border-left: 4px solid #10b981;"">B) Garantir la seguretat vital immediata fins a l’arribada dels serveis mèdics.</div><hr style=""border: 0; border-top: 1px solid #ddd; margin: 12px 0;""><div style=""font-size: 13px; color: #444; line-height: 1.4;""><b style=""color: #111;"">Explicació:</b> La primera resposta busca mantenir la seguretat vital immediata de la víctima fins que arriben els serveis mèdics.</div></div>","T28_-_Assistencia_sanitaria","18579"
"<div style=""text-align: left; font-family: -apple-system, sans-serif;""><div style=""font-size: 11px; color: #888; margin-bottom: 6px;"">[T28 - Assistència sanitària] Pregunta 169</div><div style=""font-weight: bold; font-size: 16px; margin-bottom: 14px; line-height: 1.4;"">Quin és l’objectiu del suport vital bàsic (SVB)?</div><div style=""font-size: 14px; line-height: 1.6;""><div style=""padding: 5px 0;""><b>A)</b> Determinar el diagnòstic definitiu i la rehabilitació posterior.</div><div style=""padding: 5px 0;""><b>B)</b> Completar la valoració avançada i iniciar el tractament farmacològic.</div><div style=""padding: 5px 0;""><b>C)</b> Mantenir les constants vitals i evitar l’aturada cardíaca.</div><div style=""padding: 5px 0;""><b>D)</b> Organitzar el trasllat medicalitzat i seleccionar el centre hospitalari.</div></div></div>","<div style=""text-align: left; font-family: -apple-system, sans-serif;""><div style=""font-weight: bold; font-size: 16px; color: #10b981; margin-bottom: 8px;"">✓ Resposta Correcta: C</div><div style=""font-size: 14px; margin-bottom: 12px; padding: 10px; background: rgba(16,185,129,0.1); border-radius: 6px; border-left: 4px solid #10b981;"">C) Mantenir les constants vitals i evitar l’aturada cardíaca.</div><hr style=""border: 0; border-top: 1px solid #ddd; margin: 12px 0;""><div style=""font-size: 13px; color: #444; line-height: 1.4;""><b style=""color: #111;"">Explicació:</b> El SVB busca mantenir les constants vitals; si es produeix una aturada cardíaca, s’inicia la RCP.</div></div>","T28_-_Assistencia_sanitaria","18555"
"<div style=""text-align: left; font-family: -apple-system, sans-serif;""><div style=""font-size: 11px; color: #888; margin-bottom: 6px;"">[T28 - Assistència sanitària] Pregunta 170</div><div style=""font-weight: bold; font-size: 16px; margin-bottom: 14px; line-height: 1.4;"">Quines tècniques ja no es consideren prioritàries en el control d’una hemorràgia greu?</div><div style=""font-size: 14px; line-height: 1.6;""><div style=""padding: 5px 0;""><b>A)</b> Aplicar pressió directa i mantenir l’apòsit en contacte amb la ferida.</div><div style=""padding: 5px 0;""><b>B)</b> Fer un embenat compressiu quan el sagnat està controlat.</div><div style=""padding: 5px 0;""><b>C)</b> Utilitzar un torniquet en una hemorràgia vital no controlada amb pressió directa.</div><div style=""padding: 5px 0;""><b>D)</b> Elevar l’extremitat i comprimir l’artèria proximal.</div></div></div>","<div style=""text-align: left; font-family: -apple-system, sans-serif;""><div style=""font-weight: bold; font-size: 16px; color: #10b981; margin-bottom: 8px;"">✓ Resposta Correcta: D</div><div style=""font-size: 14px; margin-bottom: 12px; padding: 10px; background: rgba(16,185,129,0.1); border-radius: 6px; border-left: 4px solid #10b981;"">D) Elevar l’extremitat i comprimir l’artèria proximal.</div><hr style=""border: 0; border-top: 1px solid #ddd; margin: 12px 0;""><div style=""font-size: 13px; color: #444; line-height: 1.4;""><b style=""color: #111;"">Explicació:</b> L’elevació de l’extremitat i la compressió de l’artèria proximal ja no es consideren tècniques prioritàries en hemorràgies greus.</div></div>","T28_-_Assistencia_sanitaria","18720"
"<div style=""text-align: left; font-family: -apple-system, sans-serif;""><div style=""font-size: 11px; color: #888; margin-bottom: 6px;"">[T28 - Assistència sanitària] Pregunta 171</div><div style=""font-weight: bold; font-size: 16px; margin-bottom: 14px; line-height: 1.4;"">Quina actuació és adequada davant una cremada de segon grau amb butllofes?</div><div style=""font-size: 14px; line-height: 1.6;""><div style=""padding: 5px 0;""><b>A)</b> Puncionar les butllofes per reduir la tensió local.</div><div style=""padding: 5px 0;""><b>B)</b> Fregar la zona per retirar la pell desenganxada.</div><div style=""padding: 5px 0;""><b>C)</b> Aplicar olis per mantenir humida la superfície.</div><div style=""padding: 5px 0;""><b>D)</b> No rebentar les butllofes i cobrir amb apòsits no adherents.</div></div></div>","<div style=""text-align: left; font-family: -apple-system, sans-serif;""><div style=""font-weight: bold; font-size: 16px; color: #10b981; margin-bottom: 8px;"">✓ Resposta Correcta: D</div><div style=""font-size: 14px; margin-bottom: 12px; padding: 10px; background: rgba(16,185,129,0.1); border-radius: 6px; border-left: 4px solid #10b981;"">D) No rebentar les butllofes i cobrir amb apòsits no adherents.</div><hr style=""border: 0; border-top: 1px solid #ddd; margin: 12px 0;""><div style=""font-size: 13px; color: #444; line-height: 1.4;""><b style=""color: #111;"">Explicació:</b> Les butllofes es mantenen íntegres i la lesió es protegeix amb material no adherent.</div></div>","T28_-_Assistencia_sanitaria","18700"
"<div style=""text-align: left; font-family: -apple-system, sans-serif;""><div style=""font-size: 11px; color: #888; margin-bottom: 6px;"">[T28 - Assistència sanitària] Pregunta 172</div><div style=""font-weight: bold; font-size: 16px; margin-bottom: 14px; line-height: 1.4;"">En l’examen físic sistemàtic de cap a peus, què es valora principalment al tòrax?</div><div style=""font-size: 14px; line-height: 1.6;""><div style=""padding: 5px 0;""><b>A)</b> Estabilitat, mobilitat i alineació dels fèmurs.</div><div style=""padding: 5px 0;""><b>B)</b> Simetria, respiració, crepitacions, dolor i ferides penetrants.</div><div style=""padding: 5px 0;""><b>C)</b> Sensibilitat, mobilitat i hemorràgies de les extremitats.</div><div style=""padding: 5px 0;""><b>D)</b> Orientació, resposta verbal, memòria i pupil·les.</div></div></div>","<div style=""text-align: left; font-family: -apple-system, sans-serif;""><div style=""font-weight: bold; font-size: 16px; color: #10b981; margin-bottom: 8px;"">✓ Resposta Correcta: B</div><div style=""font-size: 14px; margin-bottom: 12px; padding: 10px; background: rgba(16,185,129,0.1); border-radius: 6px; border-left: 4px solid #10b981;"">B) Simetria, respiració, crepitacions, dolor i ferides penetrants.</div><hr style=""border: 0; border-top: 1px solid #ddd; margin: 12px 0;""><div style=""font-size: 13px; color: #444; line-height: 1.4;""><b style=""color: #111;"">Explicació:</b> L’exploració toràcica busca alteracions de la mecànica respiratòria i signes de traumatisme.</div></div>","T28_-_Assistencia_sanitaria","18637"
"<div style=""text-align: left; font-family: -apple-system, sans-serif;""><div style=""font-size: 11px; color: #888; margin-bottom: 6px;"">[T28 - Assistència sanitària] Pregunta 173</div><div style=""font-weight: bold; font-size: 16px; margin-bottom: 14px; line-height: 1.4;"">Quina combinació correspon a la segona baula de la cadena de supervivència?</div><div style=""font-size: 14px; line-height: 1.6;""><div style=""padding: 5px 0;""><b>A)</b> RCP immediata i desfibril·lació precoç amb DEA.</div><div style=""padding: 5px 0;""><b>B)</b> Seguiment clínic i rehabilitació posterior.</div><div style=""padding: 5px 0;""><b>C)</b> Reconeixement precoç i activació del 112.</div><div style=""padding: 5px 0;""><b>D)</b> Suport vital avançat i cures postressuscitació.</div></div></div>","<div style=""text-align: left; font-family: -apple-system, sans-serif;""><div style=""font-weight: bold; font-size: 16px; color: #10b981; margin-bottom: 8px;"">✓ Resposta Correcta: A</div><div style=""font-size: 14px; margin-bottom: 12px; padding: 10px; background: rgba(16,185,129,0.1); border-radius: 6px; border-left: 4px solid #10b981;"">A) RCP immediata i desfibril·lació precoç amb DEA.</div><hr style=""border: 0; border-top: 1px solid #ddd; margin: 12px 0;""><div style=""font-size: 13px; color: #444; line-height: 1.4;""><b style=""color: #111;"">Explicació:</b> La segona baula busca mantenir la circulació i afavorir la recuperació cardíaca i cerebral mitjançant RCP i DEA precoços.</div></div>","T28_-_Assistencia_sanitaria","18541"
"<div style=""text-align: left; font-family: -apple-system, sans-serif;""><div style=""font-size: 11px; color: #888; margin-bottom: 6px;"">[T28 - Assistència sanitària] Pregunta 174</div><div style=""font-weight: bold; font-size: 16px; margin-bottom: 14px; line-height: 1.4;"">Quina seqüència expressa una sistemàtica clara de valoració en emergències?</div><div style=""font-size: 14px; line-height: 1.6;""><div style=""padding: 5px 0;""><b>A)</b> Valoració primària XABCDE i després valoració secundària.</div><div style=""padding: 5px 0;""><b>B)</b> Valoració avançada i després activació dels primers intervinents.</div><div style=""padding: 5px 0;""><b>C)</b> Classificació de la víctima i després valoració hospitalària.</div><div style=""padding: 5px 0;""><b>D)</b> Valoració secundària i després classificació XABCDE.</div></div></div>","<div style=""text-align: left; font-family: -apple-system, sans-serif;""><div style=""font-weight: bold; font-size: 16px; color: #10b981; margin-bottom: 8px;"">✓ Resposta Correcta: A</div><div style=""font-size: 14px; margin-bottom: 12px; padding: 10px; background: rgba(16,185,129,0.1); border-radius: 6px; border-left: 4px solid #10b981;"">A) Valoració primària XABCDE i després valoració secundària.</div><hr style=""border: 0; border-top: 1px solid #ddd; margin: 12px 0;""><div style=""font-size: 13px; color: #444; line-height: 1.4;""><b style=""color: #111;"">Explicació:</b> La sistemàtica indicada comença amb la valoració primària XABCDE i continua amb la valoració secundària.</div></div>","T28_-_Assistencia_sanitaria","18550"
"<div style=""text-align: left; font-family: -apple-system, sans-serif;""><div style=""font-size: 11px; color: #888; margin-bottom: 6px;"">[T28 - Assistència sanitària] Pregunta 175</div><div style=""font-weight: bold; font-size: 16px; margin-bottom: 14px; line-height: 1.4;"">Quin és el primer pas davant una hemorràgia externa important?</div><div style=""font-size: 14px; line-height: 1.6;""><div style=""padding: 5px 0;""><b>A)</b> Elevar l’extremitat com a mesura principal.</div><div style=""padding: 5px 0;""><b>B)</b> Comprimir l’artèria proximal abans de valorar la ferida.</div><div style=""padding: 5px 0;""><b>C)</b> Aplicar pressió directa sobre la ferida.</div><div style=""padding: 5px 0;""><b>D)</b> Col·locar directament un torniquet en qualsevol sagnat.</div></div></div>","<div style=""text-align: left; font-family: -apple-system, sans-serif;""><div style=""font-weight: bold; font-size: 16px; color: #10b981; margin-bottom: 8px;"">✓ Resposta Correcta: C</div><div style=""font-size: 14px; margin-bottom: 12px; padding: 10px; background: rgba(16,185,129,0.1); border-radius: 6px; border-left: 4px solid #10b981;"">C) Aplicar pressió directa sobre la ferida.</div><hr style=""border: 0; border-top: 1px solid #ddd; margin: 12px 0;""><div style=""font-size: 13px; color: #444; line-height: 1.4;""><b style=""color: #111;"">Explicació:</b> La pressió directa és la primera maniobra per reduir o aturar una hemorràgia externa.</div></div>","T28_-_Assistencia_sanitaria","18655"
"<div style=""text-align: left; font-family: -apple-system, sans-serif;""><div style=""font-size: 11px; color: #888; margin-bottom: 6px;"">[T28 - Assistència sanitària] Pregunta 176</div><div style=""font-weight: bold; font-size: 16px; margin-bottom: 14px; line-height: 1.4;"">Quina parella és homolateral?</div><div style=""font-size: 14px; line-height: 1.6;""><div style=""padding: 5px 0;""><b>A)</b> Braç dret i cama dreta.</div><div style=""padding: 5px 0;""><b>B)</b> Braç dret i cama esquerra.</div><div style=""padding: 5px 0;""><b>C)</b> Braç esquerre i cama dreta.</div><div style=""padding: 5px 0;""><b>D)</b> Espatlla dreta i maluc esquerre.</div></div></div>","<div style=""text-align: left; font-family: -apple-system, sans-serif;""><div style=""font-weight: bold; font-size: 16px; color: #10b981; margin-bottom: 8px;"">✓ Resposta Correcta: A</div><div style=""font-size: 14px; margin-bottom: 12px; padding: 10px; background: rgba(16,185,129,0.1); border-radius: 6px; border-left: 4px solid #10b981;"">A) Braç dret i cama dreta.</div><hr style=""border: 0; border-top: 1px solid #ddd; margin: 12px 0;""><div style=""font-size: 13px; color: #444; line-height: 1.4;""><b style=""color: #111;"">Explicació:</b> Homolateral significa situat al mateix costat del cos; braç dret i cama dreta comparteixen costat.</div></div>","T28_-_Assistencia_sanitaria","18575"
"<div style=""text-align: left; font-family: -apple-system, sans-serif;""><div style=""font-size: 11px; color: #888; margin-bottom: 6px;"">[T28 - Assistència sanitària] Pregunta 177</div><div style=""font-weight: bold; font-size: 16px; margin-bottom: 14px; line-height: 1.4;"">Quina funció correspon als serveis d’emergència dins la cadena assistencial?</div><div style=""font-size: 14px; line-height: 1.6;""><div style=""padding: 5px 0;""><b>A)</b> Completar el diagnòstic, el tractament i el seguiment hospitalari.</div><div style=""padding: 5px 0;""><b>B)</b> Donar una resposta operativa i sanitària inicial al lloc dels fets.</div><div style=""padding: 5px 0;""><b>C)</b> Fer la rehabilitació física i neurològica després de la supervivència.</div><div style=""padding: 5px 0;""><b>D)</b> Assumir la planificació sanitària territorial fora de l’incident.</div></div></div>","<div style=""text-align: left; font-family: -apple-system, sans-serif;""><div style=""font-weight: bold; font-size: 16px; color: #10b981; margin-bottom: 8px;"">✓ Resposta Correcta: B</div><div style=""font-size: 14px; margin-bottom: 12px; padding: 10px; background: rgba(16,185,129,0.1); border-radius: 6px; border-left: 4px solid #10b981;"">B) Donar una resposta operativa i sanitària inicial al lloc dels fets.</div><hr style=""border: 0; border-top: 1px solid #ddd; margin: 12px 0;""><div style=""font-size: 13px; color: #444; line-height: 1.4;""><b style=""color: #111;"">Explicació:</b> Els serveis d’emergència gestionen inicialment l’escena, la seguretat, l’accés a la víctima i l’assistència bàsica que correspongui.</div></div>","T28_-_Assistencia_sanitaria","18535"
"<div style=""text-align: left; font-family: -apple-system, sans-serif;""><div style=""font-size: 11px; color: #888; margin-bottom: 6px;"">[T28 - Assistència sanitària] Pregunta 178</div><div style=""font-weight: bold; font-size: 16px; margin-bottom: 14px; line-height: 1.4;"">Què s’ha de fer davant una obstrucció parcial si la víctima pot tossir amb força?</div><div style=""font-size: 14px; line-height: 1.6;""><div style=""padding: 5px 0;""><b>A)</b> Començar una RCP completa sense esperar evolució.</div><div style=""padding: 5px 0;""><b>B)</b> Animar-la a continuar tossint.</div><div style=""padding: 5px 0;""><b>C)</b> Iniciar immediatament cinc compressions abdominals.</div><div style=""padding: 5px 0;""><b>D)</b> Fer una maniobra front-mentó i estirar la llengua.</div></div></div>","<div style=""text-align: left; font-family: -apple-system, sans-serif;""><div style=""font-weight: bold; font-size: 16px; color: #10b981; margin-bottom: 8px;"">✓ Resposta Correcta: B</div><div style=""font-size: 14px; margin-bottom: 12px; padding: 10px; background: rgba(16,185,129,0.1); border-radius: 6px; border-left: 4px solid #10b981;"">B) Animar-la a continuar tossint.</div><hr style=""border: 0; border-top: 1px solid #ddd; margin: 12px 0;""><div style=""font-size: 13px; color: #444; line-height: 1.4;""><b style=""color: #111;"">Explicació:</b> La tos efectiva és el mecanisme inicial més útil per expulsar un cos estrany parcial.</div></div>","T28_-_Assistencia_sanitaria","18665"
"<div style=""text-align: left; font-family: -apple-system, sans-serif;""><div style=""font-size: 11px; color: #888; margin-bottom: 6px;"">[T28 - Assistència sanitària] Pregunta 179</div><div style=""font-weight: bold; font-size: 16px; margin-bottom: 14px; line-height: 1.4;"">Quin tipus d’assistència correspon al personal sanitari del GEM dins el Cos de Bombers?</div><div style=""font-size: 14px; line-height: 1.6;""><div style=""padding: 5px 0;""><b>A)</b> Assistència logística destinada a muntar espais de triatge i concentració.</div><div style=""padding: 5px 0;""><b>B)</b> Assistència hospitalària definitiva amb diagnòstic, tractament i seguiment.</div><div style=""padding: 5px 0;""><b>C)</b> Assistència sanitària especialitzada com a suport mèdic qualificat.</div><div style=""padding: 5px 0;""><b>D)</b> Assistència sanitària bàsica prestada per testimonis o primers intervinents.</div></div></div>","<div style=""text-align: left; font-family: -apple-system, sans-serif;""><div style=""font-weight: bold; font-size: 16px; color: #10b981; margin-bottom: 8px;"">✓ Resposta Correcta: C</div><div style=""font-size: 14px; margin-bottom: 12px; padding: 10px; background: rgba(16,185,129,0.1); border-radius: 6px; border-left: 4px solid #10b981;"">C) Assistència sanitària especialitzada com a suport mèdic qualificat.</div><hr style=""border: 0; border-top: 1px solid #ddd; margin: 12px 0;""><div style=""font-size: 13px; color: #444; line-height: 1.4;""><b style=""color: #111;"">Explicació:</b> El personal del GEM aporta suport mèdic qualificat dins l’assistència sanitària especialitzada del Cos de Bombers.</div></div>","T28_-_Assistencia_sanitaria","18583"
"<div style=""text-align: left; font-family: -apple-system, sans-serif;""><div style=""font-size: 11px; color: #888; margin-bottom: 6px;"">[T28 - Assistència sanitària] Pregunta 180</div><div style=""font-weight: bold; font-size: 16px; margin-bottom: 14px; line-height: 1.4;"">Qui són els testimonis o primers intervinents dins la cadena assistencial?</div><div style=""font-size: 14px; line-height: 1.6;""><div style=""padding: 5px 0;""><b>A)</b> Els efectius que coordinen el trasllat medicalitzat al centre adequat.</div><div style=""padding: 5px 0;""><b>B)</b> Les persones que presencien l’incident o hi arriben en primer lloc.</div><div style=""padding: 5px 0;""><b>C)</b> Els equips especialitzats que estabilitzen clínicament la víctima.</div><div style=""padding: 5px 0;""><b>D)</b> Els professionals que reben la víctima al centre hospitalari.</div></div></div>","<div style=""text-align: left; font-family: -apple-system, sans-serif;""><div style=""font-weight: bold; font-size: 16px; color: #10b981; margin-bottom: 8px;"">✓ Resposta Correcta: B</div><div style=""font-size: 14px; margin-bottom: 12px; padding: 10px; background: rgba(16,185,129,0.1); border-radius: 6px; border-left: 4px solid #10b981;"">B) Les persones que presencien l’incident o hi arriben en primer lloc.</div><hr style=""border: 0; border-top: 1px solid #ddd; margin: 12px 0;""><div style=""font-size: 13px; color: #444; line-height: 1.4;""><b style=""color: #111;"">Explicació:</b> El primer esglaó pot estar format per testimonis o persones que arriben primer a l’incident.</div></div>","T28_-_Assistencia_sanitaria","18532"
"<div style=""text-align: left; font-family: -apple-system, sans-serif;""><div style=""font-size: 11px; color: #888; margin-bottom: 6px;"">[T28 - Assistència sanitària] Pregunta 181</div><div style=""font-weight: bold; font-size: 16px; margin-bottom: 14px; line-height: 1.4;"">En quin tipus de víctima està indicada la posició lateral de seguretat?</div><div style=""font-size: 14px; line-height: 1.6;""><div style=""padding: 5px 0;""><b>A)</b> En una víctima inconscient que respira adequadament i sense sospita traumàtica.</div><div style=""padding: 5px 0;""><b>B)</b> En una víctima amb sospita de traumatisme vertebral.</div><div style=""padding: 5px 0;""><b>C)</b> En una víctima inconscient que no respira amb normalitat.</div><div style=""padding: 5px 0;""><b>D)</b> En una víctima amb una hemorràgia massiva encara no controlada.</div></div></div>","<div style=""text-align: left; font-family: -apple-system, sans-serif;""><div style=""font-weight: bold; font-size: 16px; color: #10b981; margin-bottom: 8px;"">✓ Resposta Correcta: A</div><div style=""font-size: 14px; margin-bottom: 12px; padding: 10px; background: rgba(16,185,129,0.1); border-radius: 6px; border-left: 4px solid #10b981;"">A) En una víctima inconscient que respira adequadament i sense sospita traumàtica.</div><hr style=""border: 0; border-top: 1px solid #ddd; margin: 12px 0;""><div style=""font-size: 13px; color: #444; line-height: 1.4;""><b style=""color: #111;"">Explicació:</b> La PLS protegeix la via aèria en una víctima inconscient amb respiració adequada i sense sospita de traumatisme.</div></div>","T28_-_Assistencia_sanitaria","18690"
"<div style=""text-align: left; font-family: -apple-system, sans-serif;""><div style=""font-size: 11px; color: #888; margin-bottom: 6px;"">[T28 - Assistència sanitària] Pregunta 182</div><div style=""font-weight: bold; font-size: 16px; margin-bottom: 14px; line-height: 1.4;"">Quin costat es prioritza en una embarassada que necessita una posició lateral?</div><div style=""font-size: 14px; line-height: 1.6;""><div style=""padding: 5px 0;""><b>A)</b> El costat dret.</div><div style=""padding: 5px 0;""><b>B)</b> El costat esquerre.</div><div style=""padding: 5px 0;""><b>C)</b> El decúbit pron.</div><div style=""padding: 5px 0;""><b>D)</b> El decúbit supí complet.</div></div></div>","<div style=""text-align: left; font-family: -apple-system, sans-serif;""><div style=""font-weight: bold; font-size: 16px; color: #10b981; margin-bottom: 8px;"">✓ Resposta Correcta: B</div><div style=""font-size: 14px; margin-bottom: 12px; padding: 10px; background: rgba(16,185,129,0.1); border-radius: 6px; border-left: 4px solid #10b981;"">B) El costat esquerre.</div><hr style=""border: 0; border-top: 1px solid #ddd; margin: 12px 0;""><div style=""font-size: 13px; color: #444; line-height: 1.4;""><b style=""color: #111;"">Explicació:</b> En embarassades es prioritza el costat esquerre per afavorir la circulació sanguínia.</div></div>","T28_-_Assistencia_sanitaria","18693"
"<div style=""text-align: left; font-family: -apple-system, sans-serif;""><div style=""font-size: 11px; color: #888; margin-bottom: 6px;"">[T28 - Assistència sanitària] Pregunta 183</div><div style=""font-weight: bold; font-size: 16px; margin-bottom: 14px; line-height: 1.4;"">Quina característica té la llitera de cullera?</div><div style=""font-size: 14px; line-height: 1.6;""><div style=""padding: 5px 0;""><b>A)</b> Requereix voltejar la víctima abans de poder col·locar-hi el dispositiu.</div><div style=""padding: 5px 0;""><b>B)</b> Permet aixecar la víctima sense haver de voltejar-la.</div><div style=""padding: 5px 0;""><b>C)</b> És una superfície rígida que s’introdueix mitjançant una maniobra de pont.</div><div style=""padding: 5px 0;""><b>D)</b> S’adapta al cos mitjançant buit per immobilitzar-lo durant el trasllat.</div></div></div>","<div style=""text-align: left; font-family: -apple-system, sans-serif;""><div style=""font-weight: bold; font-size: 16px; color: #10b981; margin-bottom: 8px;"">✓ Resposta Correcta: B</div><div style=""font-size: 14px; margin-bottom: 12px; padding: 10px; background: rgba(16,185,129,0.1); border-radius: 6px; border-left: 4px solid #10b981;"">B) Permet aixecar la víctima sense haver de voltejar-la.</div><hr style=""border: 0; border-top: 1px solid #ddd; margin: 12px 0;""><div style=""font-size: 13px; color: #444; line-height: 1.4;""><b style=""color: #111;"">Explicació:</b> La llitera de cullera es divideix longitudinalment i permet col·locar-se als dos costats de la víctima.</div></div>","T28_-_Assistencia_sanitaria","18714"
"<div style=""text-align: left; font-family: -apple-system, sans-serif;""><div style=""font-size: 11px; color: #888; margin-bottom: 6px;"">[T28 - Assistència sanitària] Pregunta 184</div><div style=""font-weight: bold; font-size: 16px; margin-bottom: 14px; line-height: 1.4;"">Quina troballa abdominal pot fer sospitar una hemorràgia interna?</div><div style=""font-size: 14px; line-height: 1.6;""><div style=""padding: 5px 0;""><b>A)</b> Un abdomen tou i indolor a la palpació.</div><div style=""padding: 5px 0;""><b>B)</b> Una expansió toràcica simètrica durant la respiració.</div><div style=""padding: 5px 0;""><b>C)</b> Un ompliment capil·lar inferior a dos segons.</div><div style=""padding: 5px 0;""><b>D)</b> Un abdomen rígid o «en taula».</div></div></div>","<div style=""text-align: left; font-family: -apple-system, sans-serif;""><div style=""font-weight: bold; font-size: 16px; color: #10b981; margin-bottom: 8px;"">✓ Resposta Correcta: D</div><div style=""font-size: 14px; margin-bottom: 12px; padding: 10px; background: rgba(16,185,129,0.1); border-radius: 6px; border-left: 4px solid #10b981;"">D) Un abdomen rígid o «en taula».</div><hr style=""border: 0; border-top: 1px solid #ddd; margin: 12px 0;""><div style=""font-size: 13px; color: #444; line-height: 1.4;""><b style=""color: #111;"">Explicació:</b> La rigidesa abdominal o abdomen «en taula» pot indicar una hemorràgia abdominal interna.</div></div>","T28_-_Assistencia_sanitaria","18652"
"<div style=""text-align: left; font-family: -apple-system, sans-serif;""><div style=""font-size: 11px; color: #888; margin-bottom: 6px;"">[T28 - Assistència sanitària] Pregunta 185</div><div style=""font-weight: bold; font-size: 16px; margin-bottom: 14px; line-height: 1.4;"">Si un únic rescatador inicia RCP en un nen, quant temps la manté abans d’anar a demanar ajuda?</div><div style=""font-size: 14px; line-height: 1.6;""><div style=""padding: 5px 0;""><b>A)</b> Aproximadament 1 minut.</div><div style=""padding: 5px 0;""><b>B)</b> Aproximadament 5 minuts.</div><div style=""padding: 5px 0;""><b>C)</b> Fins completar deu cicles de dos minuts.</div><div style=""padding: 5px 0;""><b>D)</b> Aproximadament 15 segons.</div></div></div>","<div style=""text-align: left; font-family: -apple-system, sans-serif;""><div style=""font-weight: bold; font-size: 16px; color: #10b981; margin-bottom: 8px;"">✓ Resposta Correcta: A</div><div style=""font-size: 14px; margin-bottom: 12px; padding: 10px; background: rgba(16,185,129,0.1); border-radius: 6px; border-left: 4px solid #10b981;"">A) Aproximadament 1 minut.</div><hr style=""border: 0; border-top: 1px solid #ddd; margin: 12px 0;""><div style=""font-size: 13px; color: #444; line-height: 1.4;""><b style=""color: #111;"">Explicació:</b> La seqüència descrita indica un minut de RCP abans d’anar a buscar ajuda si el rescatador està sol.</div></div>","T28_-_Assistencia_sanitaria","18683"
"<div style=""text-align: left; font-family: -apple-system, sans-serif;""><div style=""font-size: 11px; color: #888; margin-bottom: 6px;"">[T28 - Assistència sanitària] Pregunta 186</div><div style=""font-weight: bold; font-size: 16px; margin-bottom: 14px; line-height: 1.4;"">Què és un traumatisme cranioencefàlic?</div><div style=""font-size: 14px; line-height: 1.6;""><div style=""padding: 5px 0;""><b>A)</b> Una alteració de la funció o l’estructura cerebral provocada per una força externa.</div><div style=""padding: 5px 0;""><b>B)</b> Una lesió limitada al cuir cabellut sense afectació de la funció cerebral.</div><div style=""padding: 5px 0;""><b>C)</b> Una alteració cerebral d’origen metabòlic sense força externa.</div><div style=""padding: 5px 0;""><b>D)</b> Una alteració circulatòria produïda per una pèrdua de sang important.</div></div></div>","<div style=""text-align: left; font-family: -apple-system, sans-serif;""><div style=""font-weight: bold; font-size: 16px; color: #10b981; margin-bottom: 8px;"">✓ Resposta Correcta: A</div><div style=""font-size: 14px; margin-bottom: 12px; padding: 10px; background: rgba(16,185,129,0.1); border-radius: 6px; border-left: 4px solid #10b981;"">A) Una alteració de la funció o l’estructura cerebral provocada per una força externa.</div><hr style=""border: 0; border-top: 1px solid #ddd; margin: 12px 0;""><div style=""font-size: 13px; color: #444; line-height: 1.4;""><b style=""color: #111;"">Explicació:</b> El TCE deriva d’una força externa com un impacte, una sacsejada o una penetració.</div></div>","T28_-_Assistencia_sanitaria","18643"
"<div style=""text-align: left; font-family: -apple-system, sans-serif;""><div style=""font-size: 11px; color: #888; margin-bottom: 6px;"">[T28 - Assistència sanitària] Pregunta 187</div><div style=""font-weight: bold; font-size: 16px; margin-bottom: 14px; line-height: 1.4;"">Quina maniobra d’obertura de via aèria es prefereix en una víctima traumàtica?</div><div style=""font-size: 14px; line-height: 1.6;""><div style=""padding: 5px 0;""><b>A)</b> La tracció mandibular.</div><div style=""padding: 5px 0;""><b>B)</b> La posició neutra del cap.</div><div style=""padding: 5px 0;""><b>C)</b> La posició lateral de seguretat.</div><div style=""padding: 5px 0;""><b>D)</b> La maniobra front-mentó.</div></div></div>","<div style=""text-align: left; font-family: -apple-system, sans-serif;""><div style=""font-weight: bold; font-size: 16px; color: #10b981; margin-bottom: 8px;"">✓ Resposta Correcta: A</div><div style=""font-size: 14px; margin-bottom: 12px; padding: 10px; background: rgba(16,185,129,0.1); border-radius: 6px; border-left: 4px solid #10b981;"">A) La tracció mandibular.</div><hr style=""border: 0; border-top: 1px solid #ddd; margin: 12px 0;""><div style=""font-size: 13px; color: #444; line-height: 1.4;""><b style=""color: #111;"">Explicació:</b> La tracció mandibular permet obrir la via aèria minimitzant el moviment cervical.</div></div>","T28_-_Assistencia_sanitaria","18662"
"<div style=""text-align: left; font-family: -apple-system, sans-serif;""><div style=""font-size: 11px; color: #888; margin-bottom: 6px;"">[T28 - Assistència sanitària] Pregunta 188</div><div style=""font-weight: bold; font-size: 16px; margin-bottom: 14px; line-height: 1.4;"">Quina dada específica s’ha de registrar després de col·locar un torniquet?</div><div style=""font-size: 14px; line-height: 1.6;""><div style=""padding: 5px 0;""><b>A)</b> El nombre de capes d’apòsit utilitzades abans del torniquet.</div><div style=""padding: 5px 0;""><b>B)</b> La durada estimada del trasllat fins al centre sanitari.</div><div style=""padding: 5px 0;""><b>C)</b> La temperatura de l’extremitat abans d’aplicar el torniquet.</div><div style=""padding: 5px 0;""><b>D)</b> L’hora exacta d’aplicació del torniquet.</div></div></div>","<div style=""text-align: left; font-family: -apple-system, sans-serif;""><div style=""font-weight: bold; font-size: 16px; color: #10b981; margin-bottom: 8px;"">✓ Resposta Correcta: D</div><div style=""font-size: 14px; margin-bottom: 12px; padding: 10px; background: rgba(16,185,129,0.1); border-radius: 6px; border-left: 4px solid #10b981;"">D) L’hora exacta d’aplicació del torniquet.</div><hr style=""border: 0; border-top: 1px solid #ddd; margin: 12px 0;""><div style=""font-size: 13px; color: #444; line-height: 1.4;""><b style=""color: #111;"">Explicació:</b> Registrar l’hora d’aplicació del torniquet permet transmetre una dada clau per al maneig posterior de la víctima.</div></div>","T28_-_Assistencia_sanitaria","18660"
"<div style=""text-align: left; font-family: -apple-system, sans-serif;""><div style=""font-size: 11px; color: #888; margin-bottom: 6px;"">[T28 - Assistència sanitària] Pregunta 189</div><div style=""font-weight: bold; font-size: 16px; margin-bottom: 14px; line-height: 1.4;"">On es fan les compressions toràciques en la RCP d’un adult?</div><div style=""font-size: 14px; line-height: 1.6;""><div style=""padding: 5px 0;""><b>A)</b> A la zona lateral esquerra del tòrax, sobre les costelles.</div><div style=""padding: 5px 0;""><b>B)</b> A la part superior de l’estèrnum, prop de les clavícules.</div><div style=""padding: 5px 0;""><b>C)</b> Al centre del tòrax, a la meitat inferior de l’estèrnum.</div><div style=""padding: 5px 0;""><b>D)</b> A l’epigastri, just per sota de l’estèrnum.</div></div></div>","<div style=""text-align: left; font-family: -apple-system, sans-serif;""><div style=""font-weight: bold; font-size: 16px; color: #10b981; margin-bottom: 8px;"">✓ Resposta Correcta: C</div><div style=""font-size: 14px; margin-bottom: 12px; padding: 10px; background: rgba(16,185,129,0.1); border-radius: 6px; border-left: 4px solid #10b981;"">C) Al centre del tòrax, a la meitat inferior de l’estèrnum.</div><hr style=""border: 0; border-top: 1px solid #ddd; margin: 12px 0;""><div style=""font-size: 13px; color: #444; line-height: 1.4;""><b style=""color: #111;"">Explicació:</b> La posició indicada és al centre del tòrax, sobre la meitat inferior de l’estèrnum.</div></div>","T28_-_Assistencia_sanitaria","18677"
"<div style=""text-align: left; font-family: -apple-system, sans-serif;""><div style=""font-size: 11px; color: #888; margin-bottom: 6px;"">[T28 - Assistència sanitària] Pregunta 190</div><div style=""font-weight: bold; font-size: 16px; margin-bottom: 14px; line-height: 1.4;"">Quan és especialment útil valorar el pols carotidi?</div><div style=""font-size: 14px; line-height: 1.6;""><div style=""padding: 5px 0;""><b>A)</b> Quan l’ompliment capil·lar és ràpid i la víctima està hemodinàmicament estable.</div><div style=""padding: 5px 0;""><b>B)</b> Quan el pols radial no és palpable o hi ha compromís vital.</div><div style=""padding: 5px 0;""><b>C)</b> Quan el pols radial és fort i es vol confirmar una perfusió perifèrica normal.</div><div style=""padding: 5px 0;""><b>D)</b> Quan es vol comparar la freqüència del pols amb una extremitat distal.</div></div></div>","<div style=""text-align: left; font-family: -apple-system, sans-serif;""><div style=""font-weight: bold; font-size: 16px; color: #10b981; margin-bottom: 8px;"">✓ Resposta Correcta: B</div><div style=""font-size: 14px; margin-bottom: 12px; padding: 10px; background: rgba(16,185,129,0.1); border-radius: 6px; border-left: 4px solid #10b981;"">B) Quan el pols radial no és palpable o hi ha compromís vital.</div><hr style=""border: 0; border-top: 1px solid #ddd; margin: 12px 0;""><div style=""font-size: 13px; color: #444; line-height: 1.4;""><b style=""color: #111;"">Explicació:</b> El carotidi és un pols central i es manté en situacions de pressió arterial molt baixa.</div></div>","T28_-_Assistencia_sanitaria","18612"
"<div style=""text-align: left; font-family: -apple-system, sans-serif;""><div style=""font-size: 11px; color: #888; margin-bottom: 6px;"">[T28 - Assistència sanitària] Pregunta 191</div><div style=""font-weight: bold; font-size: 16px; margin-bottom: 14px; line-height: 1.4;"">Quin és el primer pas d’autoprotecció del personal intervinent abans d’actuar?</div><div style=""font-size: 14px; line-height: 1.6;""><div style=""padding: 5px 0;""><b>A)</b> Coordinar la transferència d’informació amb els serveis sanitaris.</div><div style=""padding: 5px 0;""><b>B)</b> Distribuir les eines i els efectes personals dels equips.</div><div style=""padding: 5px 0;""><b>C)</b> Organitzar els relleus previstos per a una intervenció prolongada.</div><div style=""padding: 5px 0;""><b>D)</b> Identificar els riscos de l’entorn i les condicions ambientals.</div></div></div>","<div style=""text-align: left; font-family: -apple-system, sans-serif;""><div style=""font-weight: bold; font-size: 16px; color: #10b981; margin-bottom: 8px;"">✓ Resposta Correcta: D</div><div style=""font-size: 14px; margin-bottom: 12px; padding: 10px; background: rgba(16,185,129,0.1); border-radius: 6px; border-left: 4px solid #10b981;"">D) Identificar els riscos de l’entorn i les condicions ambientals.</div><hr style=""border: 0; border-top: 1px solid #ddd; margin: 12px 0;""><div style=""font-size: 13px; color: #444; line-height: 1.4;""><b style=""color: #111;"">Explicació:</b> L’autoprotecció comença amb una valoració dels riscos abans d’exposar els intervinents.</div></div>","T28_-_Assistencia_sanitaria","18727"
"<div style=""text-align: left; font-family: -apple-system, sans-serif;""><div style=""font-size: 11px; color: #888; margin-bottom: 6px;"">[T28 - Assistència sanitària] Pregunta 192</div><div style=""font-weight: bold; font-size: 16px; margin-bottom: 14px; line-height: 1.4;"">Quina maniobra s’utilitza en una embarassada amb OVACE greu en lloc de Heimlich?</div><div style=""font-size: 14px; line-height: 1.6;""><div style=""padding: 5px 0;""><b>A)</b> Compressions toràciques a la meitat inferior de l’estèrnum.</div><div style=""padding: 5px 0;""><b>B)</b> Maniobra front-mentó amb cinc ventilacions.</div><div style=""padding: 5px 0;""><b>C)</b> Pressió directa sobre la part superior de l’abdomen.</div><div style=""padding: 5px 0;""><b>D)</b> Compressions abdominals més baixes que en un adult.</div></div></div>","<div style=""text-align: left; font-family: -apple-system, sans-serif;""><div style=""font-weight: bold; font-size: 16px; color: #10b981; margin-bottom: 8px;"">✓ Resposta Correcta: A</div><div style=""font-size: 14px; margin-bottom: 12px; padding: 10px; background: rgba(16,185,129,0.1); border-radius: 6px; border-left: 4px solid #10b981;"">A) Compressions toràciques a la meitat inferior de l’estèrnum.</div><hr style=""border: 0; border-top: 1px solid #ddd; margin: 12px 0;""><div style=""font-size: 13px; color: #444; line-height: 1.4;""><b style=""color: #111;"">Explicació:</b> En embarassades es desaconsellen les compressions abdominals i es fan compressions toràciques.</div></div>","T28_-_Assistencia_sanitaria","18671"
"<div style=""text-align: left; font-family: -apple-system, sans-serif;""><div style=""font-size: 11px; color: #888; margin-bottom: 6px;"">[T28 - Assistència sanitària] Pregunta 193</div><div style=""font-weight: bold; font-size: 16px; margin-bottom: 14px; line-height: 1.4;"">Què permet al GROS facilitar la intervenció sanitària del SEM o del GEM?</div><div style=""font-size: 14px; line-height: 1.6;""><div style=""padding: 5px 0;""><b>A)</b> Convertir la zona de triatge en un punt de trasllat hospitalari definitiu.</div><div style=""padding: 5px 0;""><b>B)</b> Substituir l’equip sanitari en la valoració avançada i el tractament farmacològic.</div><div style=""padding: 5px 0;""><b>C)</b> Centralitzar el diagnòstic, el tractament i el seguiment en el mateix lloc de l’incident.</div><div style=""padding: 5px 0;""><b>D)</b> Instal·lar carpes, llum, aigua, climatització i suport logístic.</div></div></div>","<div style=""text-align: left; font-family: -apple-system, sans-serif;""><div style=""font-weight: bold; font-size: 16px; color: #10b981; margin-bottom: 8px;"">✓ Resposta Correcta: D</div><div style=""font-size: 14px; margin-bottom: 12px; padding: 10px; background: rgba(16,185,129,0.1); border-radius: 6px; border-left: 4px solid #10b981;"">D) Instal·lar carpes, llum, aigua, climatització i suport logístic.</div><hr style=""border: 0; border-top: 1px solid #ddd; margin: 12px 0;""><div style=""font-size: 13px; color: #444; line-height: 1.4;""><b style=""color: #111;"">Explicació:</b> El GROS prepara les condicions materials perquè SEM o GEM puguin treballar adequadament a l’escena.</div></div>","T28_-_Assistencia_sanitaria","18548"
"<div style=""text-align: left; font-family: -apple-system, sans-serif;""><div style=""font-size: 11px; color: #888; margin-bottom: 6px;"">[T28 - Assistència sanitària] Pregunta 194</div><div style=""font-weight: bold; font-size: 16px; margin-bottom: 14px; line-height: 1.4;"">Quins tres paràmetres bàsics destaca la presa de constants descrita?</div><div style=""font-size: 14px; line-height: 1.6;""><div style=""padding: 5px 0;""><b>A)</b> Pressió arterial, temperatura corporal i escala de Glasgow.</div><div style=""padding: 5px 0;""><b>B)</b> Ompliment capil·lar, resposta pupil·lar i valoració del dolor.</div><div style=""padding: 5px 0;""><b>C)</b> Pressió arterial, mobilitat d’extremitats i coloració cutània.</div><div style=""padding: 5px 0;""><b>D)</b> Freqüència respiratòria, freqüència cardíaca i saturació d’oxigen.</div></div></div>","<div style=""text-align: left; font-family: -apple-system, sans-serif;""><div style=""font-weight: bold; font-size: 16px; color: #10b981; margin-bottom: 8px;"">✓ Resposta Correcta: D</div><div style=""font-size: 14px; margin-bottom: 12px; padding: 10px; background: rgba(16,185,129,0.1); border-radius: 6px; border-left: 4px solid #10b981;"">D) Freqüència respiratòria, freqüència cardíaca i saturació d’oxigen.</div><hr style=""border: 0; border-top: 1px solid #ddd; margin: 12px 0;""><div style=""font-size: 13px; color: #444; line-height: 1.4;""><b style=""color: #111;"">Explicació:</b> Els paràmetres bàsics indicats són FR, FC i SpO₂.</div></div>","T28_-_Assistencia_sanitaria","18695"
"<div style=""text-align: left; font-family: -apple-system, sans-serif;""><div style=""font-size: 11px; color: #888; margin-bottom: 6px;"">[T28 - Assistència sanitària] Pregunta 195</div><div style=""font-weight: bold; font-size: 16px; margin-bottom: 14px; line-height: 1.4;"">En l’anamnesi SPUMA, quin bloc és útil per valorar risc d’aspiració o possibles hipoglucèmies?</div><div style=""font-size: 14px; line-height: 1.6;""><div style=""padding: 5px 0;""><b>A)</b> A – Al·lèrgies.</div><div style=""padding: 5px 0;""><b>B)</b> M – Medicació habitual.</div><div style=""padding: 5px 0;""><b>C)</b> P – Patologies prèvies.</div><div style=""padding: 5px 0;""><b>D)</b> U – Última ingesta.</div></div></div>","<div style=""text-align: left; font-family: -apple-system, sans-serif;""><div style=""font-weight: bold; font-size: 16px; color: #10b981; margin-bottom: 8px;"">✓ Resposta Correcta: D</div><div style=""font-size: 14px; margin-bottom: 12px; padding: 10px; background: rgba(16,185,129,0.1); border-radius: 6px; border-left: 4px solid #10b981;"">D) U – Última ingesta.</div><hr style=""border: 0; border-top: 1px solid #ddd; margin: 12px 0;""><div style=""font-size: 13px; color: #444; line-height: 1.4;""><b style=""color: #111;"">Explicació:</b> La U recull quan i què ha menjat o begut la víctima per última vegada.</div></div>","T28_-_Assistencia_sanitaria","18633"
"<div style=""text-align: left; font-family: -apple-system, sans-serif;""><div style=""font-size: 11px; color: #888; margin-bottom: 6px;"">[T28 - Assistència sanitària] Pregunta 196</div><div style=""font-weight: bold; font-size: 16px; margin-bottom: 14px; line-height: 1.4;"">Quina relació superficial-profunda és correcta?</div><div style=""font-size: 14px; line-height: 1.6;""><div style=""padding: 5px 0;""><b>A)</b> La pell és més superficial que la musculatura.</div><div style=""padding: 5px 0;""><b>B)</b> La pell és més profunda que la musculatura.</div><div style=""padding: 5px 0;""><b>C)</b> La musculatura és més superficial que la pell.</div><div style=""padding: 5px 0;""><b>D)</b> La musculatura i la pell tenen la mateixa profunditat anatòmica.</div></div></div>","<div style=""text-align: left; font-family: -apple-system, sans-serif;""><div style=""font-weight: bold; font-size: 16px; color: #10b981; margin-bottom: 8px;"">✓ Resposta Correcta: A</div><div style=""font-size: 14px; margin-bottom: 12px; padding: 10px; background: rgba(16,185,129,0.1); border-radius: 6px; border-left: 4px solid #10b981;"">A) La pell és més superficial que la musculatura.</div><hr style=""border: 0; border-top: 1px solid #ddd; margin: 12px 0;""><div style=""font-size: 13px; color: #444; line-height: 1.4;""><b style=""color: #111;"">Explicació:</b> Superficial indica més a prop de la superfície corporal; la pell és superficial respecte de la musculatura.</div></div>","T28_-_Assistencia_sanitaria","18574"
"<div style=""text-align: left; font-family: -apple-system, sans-serif;""><div style=""font-size: 11px; color: #888; margin-bottom: 6px;"">[T28 - Assistència sanitària] Pregunta 197</div><div style=""font-weight: bold; font-size: 16px; margin-bottom: 14px; line-height: 1.4;"">Com està formada la unitat GROS Índia?</div><div style=""font-size: 14px; line-height: 1.6;""><div style=""padding: 5px 0;""><b>A)</b> Per dos bombers amb formació sanitària.</div><div style=""padding: 5px 0;""><b>B)</b> Per un bomber i un infermer.</div><div style=""padding: 5px 0;""><b>C)</b> Per un metge i un infermer.</div><div style=""padding: 5px 0;""><b>D)</b> Per un bomber i un metge.</div></div></div>","<div style=""text-align: left; font-family: -apple-system, sans-serif;""><div style=""font-weight: bold; font-size: 16px; color: #10b981; margin-bottom: 8px;"">✓ Resposta Correcta: B</div><div style=""font-size: 14px; margin-bottom: 12px; padding: 10px; background: rgba(16,185,129,0.1); border-radius: 6px; border-left: 4px solid #10b981;"">B) Per un bomber i un infermer.</div><hr style=""border: 0; border-top: 1px solid #ddd; margin: 12px 0;""><div style=""font-size: 13px; color: #444; line-height: 1.4;""><b style=""color: #111;"">Explicació:</b> GROS Índia es descriu com una unitat específica mixta formada per un bomber i un infermer.</div></div>","T28_-_Assistencia_sanitaria","18531"
"<div style=""text-align: left; font-family: -apple-system, sans-serif;""><div style=""font-size: 11px; color: #888; margin-bottom: 6px;"">[T28 - Assistència sanitària] Pregunta 198</div><div style=""font-weight: bold; font-size: 16px; margin-bottom: 14px; line-height: 1.4;"">Quin valor de freqüència respiratòria constitueix un signe d’alerta que requereix actuació immediata?</div><div style=""font-size: 14px; line-height: 1.6;""><div style=""padding: 5px 0;""><b>A)</b> Menys de 20 respiracions per minut.</div><div style=""padding: 5px 0;""><b>B)</b> Entre 20 i 24 respiracions per minut.</div><div style=""padding: 5px 0;""><b>C)</b> Més de 30 respiracions per minut.</div><div style=""padding: 5px 0;""><b>D)</b> Entre 12 i 20 respiracions per minut.</div></div></div>","<div style=""text-align: left; font-family: -apple-system, sans-serif;""><div style=""font-weight: bold; font-size: 16px; color: #10b981; margin-bottom: 8px;"">✓ Resposta Correcta: C</div><div style=""font-size: 14px; margin-bottom: 12px; padding: 10px; background: rgba(16,185,129,0.1); border-radius: 6px; border-left: 4px solid #10b981;"">C) Més de 30 respiracions per minut.</div><hr style=""border: 0; border-top: 1px solid #ddd; margin: 12px 0;""><div style=""font-size: 13px; color: #444; line-height: 1.4;""><b style=""color: #111;"">Explicació:</b> Una FR superior a 30 rpm pot reflectir hipòxia, fatiga respiratòria, xoc o una alteració respiratòria greu.</div></div>","T28_-_Assistencia_sanitaria","18604"
"<div style=""text-align: left; font-family: -apple-system, sans-serif;""><div style=""font-size: 11px; color: #888; margin-bottom: 6px;"">[T28 - Assistència sanitària] Pregunta 199</div><div style=""font-weight: bold; font-size: 16px; margin-bottom: 14px; line-height: 1.4;"">En quin servei recau l’organització de la resposta sanitària extrahospitalària a Catalunya?</div><div style=""font-size: 14px; line-height: 1.6;""><div style=""padding: 5px 0;""><b>A)</b> En el Grup d’Actuacions Especials (GRAE).</div><div style=""padding: 5px 0;""><b>B)</b> En el Grup Operatiu de Suport (GROS).</div><div style=""padding: 5px 0;""><b>C)</b> En el Sistema d’Emergències Mèdiques (SEM).</div><div style=""padding: 5px 0;""><b>D)</b> En el Grup d’Emergències Mèdiques (GEM).</div></div></div>","<div style=""text-align: left; font-family: -apple-system, sans-serif;""><div style=""font-weight: bold; font-size: 16px; color: #10b981; margin-bottom: 8px;"">✓ Resposta Correcta: C</div><div style=""font-size: 14px; margin-bottom: 12px; padding: 10px; background: rgba(16,185,129,0.1); border-radius: 6px; border-left: 4px solid #10b981;"">C) En el Sistema d’Emergències Mèdiques (SEM).</div><hr style=""border: 0; border-top: 1px solid #ddd; margin: 12px 0;""><div style=""font-size: 13px; color: #444; line-height: 1.4;""><b style=""color: #111;"">Explicació:</b> El SEM planifica i coordina l’atenció sanitària extrahospitalària a tot el territori.</div></div>","T28_-_Assistencia_sanitaria","18530"
"<div style=""text-align: left; font-family: -apple-system, sans-serif;""><div style=""font-size: 11px; color: #888; margin-bottom: 6px;"">[T28 - Assistència sanitària] Pregunta 200</div><div style=""font-weight: bold; font-size: 16px; margin-bottom: 14px; line-height: 1.4;"">Quina mesura general s’aplica a picades i mossegades?</div><div style=""font-size: 14px; line-height: 1.6;""><div style=""padding: 5px 0;""><b>A)</b> Xuclar la ferida per extreure el possible tòxic.</div><div style=""padding: 5px 0;""><b>B)</b> Tallarla per facilitar el drenatge.</div><div style=""padding: 5px 0;""><b>C)</b> Aplicar un torniquet de forma preventiva.</div><div style=""padding: 5px 0;""><b>D)</b> Netejar abundantment la zona amb aigua i sabó.</div></div></div>","<div style=""text-align: left; font-family: -apple-system, sans-serif;""><div style=""font-weight: bold; font-size: 16px; color: #10b981; margin-bottom: 8px;"">✓ Resposta Correcta: D</div><div style=""font-size: 14px; margin-bottom: 12px; padding: 10px; background: rgba(16,185,129,0.1); border-radius: 6px; border-left: 4px solid #10b981;"">D) Netejar abundantment la zona amb aigua i sabó.</div><hr style=""border: 0; border-top: 1px solid #ddd; margin: 12px 0;""><div style=""font-size: 13px; color: #444; line-height: 1.4;""><b style=""color: #111;"">Explicació:</b> La neteja amb aigua i sabó és una mesura bàsica i s’eviten talls, succions i torniquets.</div></div>","T28_-_Assistencia_sanitaria","18702"
"<div style=""text-align: left; font-family: -apple-system, sans-serif;""><div style=""font-size: 11px; color: #888; margin-bottom: 6px;"">[T28 - Assistència sanitària] Pregunta 201</div><div style=""font-weight: bold; font-size: 16px; margin-bottom: 14px; line-height: 1.4;"">Quina relació anterior-posterior és correcta en posició anatòmica?</div><div style=""font-size: 14px; line-height: 1.6;""><div style=""padding: 5px 0;""><b>A)</b> L’estèrnum és posterior a la columna vertebral.</div><div style=""padding: 5px 0;""><b>B)</b> La columna vertebral és anterior a l’estèrnum.</div><div style=""padding: 5px 0;""><b>C)</b> La columna vertebral és anterior a la paret toràcica.</div><div style=""padding: 5px 0;""><b>D)</b> L’estèrnum és anterior a la columna vertebral.</div></div></div>","<div style=""text-align: left; font-family: -apple-system, sans-serif;""><div style=""font-weight: bold; font-size: 16px; color: #10b981; margin-bottom: 8px;"">✓ Resposta Correcta: D</div><div style=""font-size: 14px; margin-bottom: 12px; padding: 10px; background: rgba(16,185,129,0.1); border-radius: 6px; border-left: 4px solid #10b981;"">D) L’estèrnum és anterior a la columna vertebral.</div><hr style=""border: 0; border-top: 1px solid #ddd; margin: 12px 0;""><div style=""font-size: 13px; color: #444; line-height: 1.4;""><b style=""color: #111;"">Explicació:</b> Anterior significa cap a la part davantera del cos; l’estèrnum és anterior a la columna vertebral.</div></div>","T28_-_Assistencia_sanitaria","18573"
"<div style=""text-align: left; font-family: -apple-system, sans-serif;""><div style=""font-size: 11px; color: #888; margin-bottom: 6px;"">[T28 - Assistència sanitària] Pregunta 202</div><div style=""font-weight: bold; font-size: 16px; margin-bottom: 14px; line-height: 1.4;"">Quin temps d’ompliment capil·lar es considera dins la normalitat?</div><div style=""font-size: 14px; line-height: 1.6;""><div style=""padding: 5px 0;""><b>A)</b> Menys de 2 segons.</div><div style=""padding: 5px 0;""><b>B)</b> Entre 2 i 4 segons.</div><div style=""padding: 5px 0;""><b>C)</b> Més de 3 segons.</div><div style=""padding: 5px 0;""><b>D)</b> Més de 5 segons.</div></div></div>","<div style=""text-align: left; font-family: -apple-system, sans-serif;""><div style=""font-weight: bold; font-size: 16px; color: #10b981; margin-bottom: 8px;"">✓ Resposta Correcta: A</div><div style=""font-size: 14px; margin-bottom: 12px; padding: 10px; background: rgba(16,185,129,0.1); border-radius: 6px; border-left: 4px solid #10b981;"">A) Menys de 2 segons.</div><hr style=""border: 0; border-top: 1px solid #ddd; margin: 12px 0;""><div style=""font-size: 13px; color: #444; line-height: 1.4;""><b style=""color: #111;"">Explicació:</b> Un ompliment capil·lar inferior a dos segons orienta cap a una perfusió perifèrica adequada.</div></div>","T28_-_Assistencia_sanitaria","18614"
"<div style=""text-align: left; font-family: -apple-system, sans-serif;""><div style=""font-size: 11px; color: #888; margin-bottom: 6px;"">[T28 - Assistència sanitària] Pregunta 203</div><div style=""font-weight: bold; font-size: 16px; margin-bottom: 14px; line-height: 1.4;"">Quina cura inicial correspon a una cremada de primer grau?</div><div style=""font-size: 14px; line-height: 1.6;""><div style=""padding: 5px 0;""><b>A)</b> Rebentar qualsevol butllofa i cobrir després amb una gasa.</div><div style=""padding: 5px 0;""><b>B)</b> Aplicar gel directament sobre la zona fins que desaparegui el dolor.</div><div style=""padding: 5px 0;""><b>C)</b> Refrescar amb aigua freda durant uns minuts i cobrir amb un apòsit no adherent.</div><div style=""padding: 5px 0;""><b>D)</b> Aplicar crema o oli abans de protegir la zona.</div></div></div>","<div style=""text-align: left; font-family: -apple-system, sans-serif;""><div style=""font-weight: bold; font-size: 16px; color: #10b981; margin-bottom: 8px;"">✓ Resposta Correcta: C</div><div style=""font-size: 14px; margin-bottom: 12px; padding: 10px; background: rgba(16,185,129,0.1); border-radius: 6px; border-left: 4px solid #10b981;"">C) Refrescar amb aigua freda durant uns minuts i cobrir amb un apòsit no adherent.</div><hr style=""border: 0; border-top: 1px solid #ddd; margin: 12px 0;""><div style=""font-size: 13px; color: #444; line-height: 1.4;""><b style=""color: #111;"">Explicació:</b> En una cremada de primer grau es recomana refredament moderat amb aigua i cobertura no adherent, evitant gel o un refredament excessiu.</div></div>","T28_-_Assistencia_sanitaria","18724"
"<div style=""text-align: left; font-family: -apple-system, sans-serif;""><div style=""font-size: 11px; color: #888; margin-bottom: 6px;"">[T28 - Assistència sanitària] Pregunta 204</div><div style=""font-weight: bold; font-size: 16px; margin-bottom: 14px; line-height: 1.4;"">Quina etapa d’edat correspon al període immediatament posterior al part?</div><div style=""font-size: 14px; line-height: 1.6;""><div style=""padding: 5px 0;""><b>A)</b> Lactant.</div><div style=""padding: 5px 0;""><b>B)</b> Nadó o nounat.</div><div style=""padding: 5px 0;""><b>C)</b> Adult o adulta.</div><div style=""padding: 5px 0;""><b>D)</b> Nen o nena.</div></div></div>","<div style=""text-align: left; font-family: -apple-system, sans-serif;""><div style=""font-weight: bold; font-size: 16px; color: #10b981; margin-bottom: 8px;"">✓ Resposta Correcta: B</div><div style=""font-size: 14px; margin-bottom: 12px; padding: 10px; background: rgba(16,185,129,0.1); border-radius: 6px; border-left: 4px solid #10b981;"">B) Nadó o nounat.</div><hr style=""border: 0; border-top: 1px solid #ddd; margin: 12px 0;""><div style=""font-size: 13px; color: #444; line-height: 1.4;""><b style=""color: #111;"">Explicació:</b> El terme nadó o nounat s’aplica immediatament després del part.</div></div>","T28_-_Assistencia_sanitaria","18561"
"<div style=""text-align: left; font-family: -apple-system, sans-serif;""><div style=""font-size: 11px; color: #888; margin-bottom: 6px;"">[T28 - Assistència sanitària] Pregunta 205</div><div style=""font-weight: bold; font-size: 16px; margin-bottom: 14px; line-height: 1.4;"">Quin signe és freqüent en un possible TCE?</div><div style=""font-size: 14px; line-height: 1.6;""><div style=""padding: 5px 0;""><b>A)</b> Augment estable de la força del pols radial.</div><div style=""padding: 5px 0;""><b>B)</b> Ompliment capil·lar inferior a dos segons.</div><div style=""padding: 5px 0;""><b>C)</b> Respiració regular amb parla coherent.</div><div style=""padding: 5px 0;""><b>D)</b> Pèrdua de consciència, encara que sigui breu.</div></div></div>","<div style=""text-align: left; font-family: -apple-system, sans-serif;""><div style=""font-weight: bold; font-size: 16px; color: #10b981; margin-bottom: 8px;"">✓ Resposta Correcta: D</div><div style=""font-size: 14px; margin-bottom: 12px; padding: 10px; background: rgba(16,185,129,0.1); border-radius: 6px; border-left: 4px solid #10b981;"">D) Pèrdua de consciència, encara que sigui breu.</div><hr style=""border: 0; border-top: 1px solid #ddd; margin: 12px 0;""><div style=""font-size: 13px; color: #444; line-height: 1.4;""><b style=""color: #111;"">Explicació:</b> La pèrdua de consciència és un dels indicadors que obliguen a sospitar afectació cranioencefàlica.</div></div>","T28_-_Assistencia_sanitaria","18644"
"<div style=""text-align: left; font-family: -apple-system, sans-serif;""><div style=""font-size: 11px; color: #888; margin-bottom: 6px;"">[T28 - Assistència sanitària] Pregunta 206</div><div style=""font-weight: bold; font-size: 16px; margin-bottom: 14px; line-height: 1.4;"">Què suggereix una expansió toràcica clarament asimètrica?</div><div style=""font-size: 14px; line-height: 1.6;""><div style=""padding: 5px 0;""><b>A)</b> Una obstrucció de via aèria superior sense alteració del moviment toràcic.</div><div style=""padding: 5px 0;""><b>B)</b> Una possible alteració com pneumotòrax, fractura costal o lesió pulmonar.</div><div style=""padding: 5px 0;""><b>C)</b> Una taquipnea amb expansió toràcica bilateral i simètrica.</div><div style=""padding: 5px 0;""><b>D)</b> Una respiració superficial però amb elevació equivalent dels dos hemitòrax.</div></div></div>","<div style=""text-align: left; font-family: -apple-system, sans-serif;""><div style=""font-weight: bold; font-size: 16px; color: #10b981; margin-bottom: 8px;"">✓ Resposta Correcta: B</div><div style=""font-size: 14px; margin-bottom: 12px; padding: 10px; background: rgba(16,185,129,0.1); border-radius: 6px; border-left: 4px solid #10b981;"">B) Una possible alteració com pneumotòrax, fractura costal o lesió pulmonar.</div><hr style=""border: 0; border-top: 1px solid #ddd; margin: 12px 0;""><div style=""font-size: 13px; color: #444; line-height: 1.4;""><b style=""color: #111;"">Explicació:</b> La menor mobilitat d’un costat del tòrax és un signe d’alerta respiratori i pot associar-se a diverses lesions toràciques.</div></div>","T28_-_Assistencia_sanitaria","18605"
"<div style=""text-align: left; font-family: -apple-system, sans-serif;""><div style=""font-size: 11px; color: #888; margin-bottom: 6px;"">[T28 - Assistència sanitària] Pregunta 207</div><div style=""font-weight: bold; font-size: 16px; margin-bottom: 14px; line-height: 1.4;"">Quin conjunt d’elements pot utilitzar-se per immobilitzar una víctima?</div><div style=""font-size: 14px; line-height: 1.6;""><div style=""padding: 5px 0;""><b>A)</b> Màscara-boca, DEA, pulsioxímetre i manta tèrmica.</div><div style=""padding: 5px 0;""><b>B)</b> Torniquet, apòsit, pinces fines i gasa estèril.</div><div style=""padding: 5px 0;""><b>C)</b> Guedel, baló d’insuflació, reservori i oxigen.</div><div style=""padding: 5px 0;""><b>D)</b> Fèrules, matalàs de buit, collarí cervical, dama d’Elx o llitera rígida.</div></div></div>","<div style=""text-align: left; font-family: -apple-system, sans-serif;""><div style=""font-weight: bold; font-size: 16px; color: #10b981; margin-bottom: 8px;"">✓ Resposta Correcta: D</div><div style=""font-size: 14px; margin-bottom: 12px; padding: 10px; background: rgba(16,185,129,0.1); border-radius: 6px; border-left: 4px solid #10b981;"">D) Fèrules, matalàs de buit, collarí cervical, dama d’Elx o llitera rígida.</div><hr style=""border: 0; border-top: 1px solid #ddd; margin: 12px 0;""><div style=""font-size: 13px; color: #444; line-height: 1.4;""><b style=""color: #111;"">Explicació:</b> Els elements d’immobilització s’escullen segons la localització i la naturalesa de la lesió.</div></div>","T28_-_Assistencia_sanitaria","18718"
"<div style=""text-align: left; font-family: -apple-system, sans-serif;""><div style=""font-size: 11px; color: #888; margin-bottom: 6px;"">[T28 - Assistència sanitària] Pregunta 208</div><div style=""font-weight: bold; font-size: 16px; margin-bottom: 14px; line-height: 1.4;"">Quin principi de comunicació és adequat durant una assistència sanitària?</div><div style=""font-size: 14px; line-height: 1.6;""><div style=""padding: 5px 0;""><b>A)</b> Mantenir la calma i comunicar-se amb claredat amb la víctima i l’equip.</div><div style=""padding: 5px 0;""><b>B)</b> Donar diverses ordres alhora des de diferents intervinents.</div><div style=""padding: 5px 0;""><b>C)</b> Reduir al mínim la comunicació amb la víctima per evitar generar-li preguntes.</div><div style=""padding: 5px 0;""><b>D)</b> Utilitzar un llenguatge tècnic i ràpid.</div></div></div>","<div style=""text-align: left; font-family: -apple-system, sans-serif;""><div style=""font-weight: bold; font-size: 16px; color: #10b981; margin-bottom: 8px;"">✓ Resposta Correcta: A</div><div style=""font-size: 14px; margin-bottom: 12px; padding: 10px; background: rgba(16,185,129,0.1); border-radius: 6px; border-left: 4px solid #10b981;"">A) Mantenir la calma i comunicar-se amb claredat amb la víctima i l’equip.</div><hr style=""border: 0; border-top: 1px solid #ddd; margin: 12px 0;""><div style=""font-size: 13px; color: #444; line-height: 1.4;""><b style=""color: #111;"">Explicació:</b> Una comunicació clara i calmada facilita la coordinació i redueix la confusió.</div></div>","T28_-_Assistencia_sanitaria","18737"
"<div style=""text-align: left; font-family: -apple-system, sans-serif;""><div style=""font-size: 11px; color: #888; margin-bottom: 6px;"">[T28 - Assistència sanitària] Pregunta 209</div><div style=""font-weight: bold; font-size: 16px; margin-bottom: 14px; line-height: 1.4;"">Quan s’ha d’iniciar RCP en una víctima adulta?</div><div style=""font-size: 14px; line-height: 1.6;""><div style=""padding: 5px 0;""><b>A)</b> Quan respira amb normalitat però té pols ràpid.</div><div style=""padding: 5px 0;""><b>B)</b> Quan té dolor intens però respon coherentment.</div><div style=""padding: 5px 0;""><b>C)</b> Quan està conscient però presenta una ferida hemorràgica.</div><div style=""padding: 5px 0;""><b>D)</b> Quan no respon i no respira o no respira amb normalitat.</div></div></div>","<div style=""text-align: left; font-family: -apple-system, sans-serif;""><div style=""font-weight: bold; font-size: 16px; color: #10b981; margin-bottom: 8px;"">✓ Resposta Correcta: D</div><div style=""font-size: 14px; margin-bottom: 12px; padding: 10px; background: rgba(16,185,129,0.1); border-radius: 6px; border-left: 4px solid #10b981;"">D) Quan no respon i no respira o no respira amb normalitat.</div><hr style=""border: 0; border-top: 1px solid #ddd; margin: 12px 0;""><div style=""font-size: 13px; color: #444; line-height: 1.4;""><b style=""color: #111;"">Explicació:</b> La combinació d’inconsciència i absència de respiració normal indica la necessitat d’iniciar RCP.</div></div>","T28_-_Assistencia_sanitaria","18676"
"<div style=""text-align: left; font-family: -apple-system, sans-serif;""><div style=""font-size: 11px; color: #888; margin-bottom: 6px;"">[T28 - Assistència sanitària] Pregunta 210</div><div style=""font-weight: bold; font-size: 16px; margin-bottom: 14px; line-height: 1.4;"">Quina és la finalitat principal de la fase E d’Exposure?</div><div style=""font-size: 14px; line-height: 1.6;""><div style=""padding: 5px 0;""><b>A)</b> Valorar el nivell de consciència i la resposta pupil·lar com a finalitat central.</div><div style=""padding: 5px 0;""><b>B)</b> Mesurar pressió arterial i pols com a objectiu principal de la fase.</div><div style=""padding: 5px 0;""><b>C)</b> Completar l’anamnesi clínica abans de descobrir cap zona corporal.</div><div style=""padding: 5px 0;""><b>D)</b> Descobrir el cos per detectar lesions ocultes i protegir la víctima del medi.</div></div></div>","<div style=""text-align: left; font-family: -apple-system, sans-serif;""><div style=""font-weight: bold; font-size: 16px; color: #10b981; margin-bottom: 8px;"">✓ Resposta Correcta: D</div><div style=""font-size: 14px; margin-bottom: 12px; padding: 10px; background: rgba(16,185,129,0.1); border-radius: 6px; border-left: 4px solid #10b981;"">D) Descobrir el cos per detectar lesions ocultes i protegir la víctima del medi.</div><hr style=""border: 0; border-top: 1px solid #ddd; margin: 12px 0;""><div style=""font-size: 13px; color: #444; line-height: 1.4;""><b style=""color: #111;"">Explicació:</b> L’exposició permet identificar lesions no visibles inicialment i alhora obliga a prevenir hipotèrmia o hipertèrmia.</div></div>","T28_-_Assistencia_sanitaria","18626"
"<div style=""text-align: left; font-family: -apple-system, sans-serif;""><div style=""font-size: 11px; color: #888; margin-bottom: 6px;"">[T28 - Assistència sanitària] Pregunta 211</div><div style=""font-weight: bold; font-size: 16px; margin-bottom: 14px; line-height: 1.4;"">Quina funció compleix l’assistència sanitària bàsica dels Bombers fins que arriben els equips mèdics?</div><div style=""font-size: 14px; line-height: 1.6;""><div style=""padding: 5px 0;""><b>A)</b> Diagnòstic, tractament definitiu i seguiment hospitalari.</div><div style=""padding: 5px 0;""><b>B)</b> Valoració avançada, farmacologia i alta sanitària al lloc.</div><div style=""padding: 5px 0;""><b>C)</b> Derivació clínica, rehabilitació i control evolutiu posterior.</div><div style=""padding: 5px 0;""><b>D)</b> Detecció, estabilització i suport vital bàsic.</div></div></div>","<div style=""text-align: left; font-family: -apple-system, sans-serif;""><div style=""font-weight: bold; font-size: 16px; color: #10b981; margin-bottom: 8px;"">✓ Resposta Correcta: D</div><div style=""font-size: 14px; margin-bottom: 12px; padding: 10px; background: rgba(16,185,129,0.1); border-radius: 6px; border-left: 4px solid #10b981;"">D) Detecció, estabilització i suport vital bàsic.</div><hr style=""border: 0; border-top: 1px solid #ddd; margin: 12px 0;""><div style=""font-size: 13px; color: #444; line-height: 1.4;""><b style=""color: #111;"">Explicació:</b> L’assistència de Bombers no substitueix la prestació sanitària professional; cobreix detecció, estabilització i SVB fins a l’arribada dels equips mèdics.</div></div>","T28_-_Assistencia_sanitaria","18526"
"<div style=""text-align: left; font-family: -apple-system, sans-serif;""><div style=""font-size: 11px; color: #888; margin-bottom: 6px;"">[T28 - Assistència sanitària] Pregunta 212</div><div style=""font-weight: bold; font-size: 16px; margin-bottom: 14px; line-height: 1.4;"">Quin paper tenen els Bombers dins la cadena assistencial?</div><div style=""font-size: 14px; line-height: 1.6;""><div style=""padding: 5px 0;""><b>A)</b> Actuen com a esglaó hospitalari quan la intervenció es produeix en una zona remota.</div><div style=""padding: 5px 0;""><b>B)</b> Intervenen fora de la cadena fins que la víctima és transferida al personal sanitari.</div><div style=""padding: 5px 0;""><b>C)</b> Formen part integral de la cadena sense substituir els serveis mèdics.</div><div style=""padding: 5px 0;""><b>D)</b> Assumeixen l’atenció clínica definitiva quan arriben abans que el SEM.</div></div></div>","<div style=""text-align: left; font-family: -apple-system, sans-serif;""><div style=""font-weight: bold; font-size: 16px; color: #10b981; margin-bottom: 8px;"">✓ Resposta Correcta: C</div><div style=""font-size: 14px; margin-bottom: 12px; padding: 10px; background: rgba(16,185,129,0.1); border-radius: 6px; border-left: 4px solid #10b981;"">C) Formen part integral de la cadena sense substituir els serveis mèdics.</div><hr style=""border: 0; border-top: 1px solid #ddd; margin: 12px 0;""><div style=""font-size: 13px; color: #444; line-height: 1.4;""><b style=""color: #111;"">Explicació:</b> Els Bombers formen part de la cadena assistencial, però la seva intervenció no substitueix la prestació sanitària professional.</div></div>","T28_-_Assistencia_sanitaria","18543"
"<div style=""text-align: left; font-family: -apple-system, sans-serif;""><div style=""font-size: 11px; color: #888; margin-bottom: 6px;"">[T28 - Assistència sanitària] Pregunta 213</div><div style=""font-weight: bold; font-size: 16px; margin-bottom: 14px; line-height: 1.4;"">Quin principi és essencial abans d’iniciar ventilació assistida?</div><div style=""font-size: 14px; line-height: 1.6;""><div style=""padding: 5px 0;""><b>A)</b> Comprovar i assegurar una via aèria permeable.</div><div style=""padding: 5px 0;""><b>B)</b> Completar la valoració secundària abans de donar suport respiratori.</div><div style=""padding: 5px 0;""><b>C)</b> Confirmar una pressió arterial dins els valors de normalitat.</div><div style=""padding: 5px 0;""><b>D)</b> Col·locar la víctima en posició lateral abans d’iniciar la ventilació.</div></div></div>","<div style=""text-align: left; font-family: -apple-system, sans-serif;""><div style=""font-weight: bold; font-size: 16px; color: #10b981; margin-bottom: 8px;"">✓ Resposta Correcta: A</div><div style=""font-size: 14px; margin-bottom: 12px; padding: 10px; background: rgba(16,185,129,0.1); border-radius: 6px; border-left: 4px solid #10b981;"">A) Comprovar i assegurar una via aèria permeable.</div><hr style=""border: 0; border-top: 1px solid #ddd; margin: 12px 0;""><div style=""font-size: 13px; color: #444; line-height: 1.4;""><b style=""color: #111;"">Explicació:</b> La ventilació assistida només serà eficaç si prèviament es garanteix el pas lliure de l’aire.</div></div>","T28_-_Assistencia_sanitaria","18675"
"<div style=""text-align: left; font-family: -apple-system, sans-serif;""><div style=""font-size: 11px; color: #888; margin-bottom: 6px;"">[T28 - Assistència sanitària] Pregunta 214</div><div style=""font-weight: bold; font-size: 16px; margin-bottom: 14px; line-height: 1.4;"">Quin principi general ha de guiar la mobilització d’una víctima amb sospita traumàtica?</div><div style=""font-size: 14px; line-height: 1.6;""><div style=""padding: 5px 0;""><b>A)</b> Mobilitzar cada segment corporal de manera independent.</div><div style=""padding: 5px 0;""><b>B)</b> Mantenir alineat l’eix cap-tronc-extremitats.</div><div style=""padding: 5px 0;""><b>C)</b> Flexionar el tronc per facilitar la incorporació.</div><div style=""padding: 5px 0;""><b>D)</b> Prioritzar la rapidesa encara que hi hagi torsions.</div></div></div>","<div style=""text-align: left; font-family: -apple-system, sans-serif;""><div style=""font-weight: bold; font-size: 16px; color: #10b981; margin-bottom: 8px;"">✓ Resposta Correcta: B</div><div style=""font-size: 14px; margin-bottom: 12px; padding: 10px; background: rgba(16,185,129,0.1); border-radius: 6px; border-left: 4px solid #10b981;"">B) Mantenir alineat l’eix cap-tronc-extremitats.</div><hr style=""border: 0; border-top: 1px solid #ddd; margin: 12px 0;""><div style=""font-size: 13px; color: #444; line-height: 1.4;""><b style=""color: #111;"">Explicació:</b> La mobilització controlada busca reduir moviments secundaris i conservar l’alineació corporal.</div></div>","T28_-_Assistencia_sanitaria","18713"
"<div style=""text-align: left; font-family: -apple-system, sans-serif;""><div style=""font-size: 11px; color: #888; margin-bottom: 6px;"">[T28 - Assistència sanitària] Pregunta 215</div><div style=""font-weight: bold; font-size: 16px; margin-bottom: 14px; line-height: 1.4;"">Durant quant temps es manté aproximadament la RCP abans d’una nova anàlisi del DEA?</div><div style=""font-size: 14px; line-height: 1.6;""><div style=""padding: 5px 0;""><b>A)</b> Uns 10 minuts.</div><div style=""padding: 5px 0;""><b>B)</b> Uns 30 segons.</div><div style=""padding: 5px 0;""><b>C)</b> Uns 2 minuts.</div><div style=""padding: 5px 0;""><b>D)</b> Uns 5 minuts.</div></div></div>","<div style=""text-align: left; font-family: -apple-system, sans-serif;""><div style=""font-weight: bold; font-size: 16px; color: #10b981; margin-bottom: 8px;"">✓ Resposta Correcta: C</div><div style=""font-size: 14px; margin-bottom: 12px; padding: 10px; background: rgba(16,185,129,0.1); border-radius: 6px; border-left: 4px solid #10b981;"">C) Uns 2 minuts.</div><hr style=""border: 0; border-top: 1px solid #ddd; margin: 12px 0;""><div style=""font-size: 13px; color: #444; line-height: 1.4;""><b style=""color: #111;"">Explicació:</b> El cicle habitual indicat és d’uns dos minuts de RCP abans d’una nova anàlisi.</div></div>","T28_-_Assistencia_sanitaria","18689"
"<div style=""text-align: left; font-family: -apple-system, sans-serif;""><div style=""font-size: 11px; color: #888; margin-bottom: 6px;"">[T28 - Assistència sanitària] Pregunta 216</div><div style=""font-weight: bold; font-size: 16px; margin-bottom: 14px; line-height: 1.4;"">Com és la posició anatòmica estàndard?</div><div style=""font-size: 14px; line-height: 1.6;""><div style=""padding: 5px 0;""><b>A)</b> Dret, mirant al front, braços creuats i palmells cap al cos.</div><div style=""padding: 5px 0;""><b>B)</b> Dret, mirant de costat, braços separats i palmells cap enrere.</div><div style=""padding: 5px 0;""><b>C)</b> Dret, mirant al front, braços al costat del cos i palmells cap endavant.</div><div style=""padding: 5px 0;""><b>D)</b> Estirat d’esquena, braços al costat del cos i palmells cap amunt.</div></div></div>","<div style=""text-align: left; font-family: -apple-system, sans-serif;""><div style=""font-weight: bold; font-size: 16px; color: #10b981; margin-bottom: 8px;"">✓ Resposta Correcta: C</div><div style=""font-size: 14px; margin-bottom: 12px; padding: 10px; background: rgba(16,185,129,0.1); border-radius: 6px; border-left: 4px solid #10b981;"">C) Dret, mirant al front, braços al costat del cos i palmells cap endavant.</div><hr style=""border: 0; border-top: 1px solid #ddd; margin: 12px 0;""><div style=""font-size: 13px; color: #444; line-height: 1.4;""><b style=""color: #111;"">Explicació:</b> La posició anatòmica de referència és dempeus, de front, amb els braços al costat i els palmells orientats cap endavant.</div></div>","T28_-_Assistencia_sanitaria","18567"
"<div style=""text-align: left; font-family: -apple-system, sans-serif;""><div style=""font-size: 11px; color: #888; margin-bottom: 6px;"">[T28 - Assistència sanitària] Pregunta 217</div><div style=""font-weight: bold; font-size: 16px; margin-bottom: 14px; line-height: 1.4;"">Quina informació prèvia és clau per a una transferència assistencial segura?</div><div style=""font-size: 14px; line-height: 1.6;""><div style=""padding: 5px 0;""><b>A)</b> L’hora de l’incident, el mecanisme de lesió i les actuacions fetes.</div><div style=""padding: 5px 0;""><b>B)</b> El material disponible, la durada del servei i la distribució dels vehicles.</div><div style=""padding: 5px 0;""><b>C)</b> El temps previst d’alta, la rehabilitació i el centre de seguiment.</div><div style=""padding: 5px 0;""><b>D)</b> El nombre d’equips de guàrdia, la base operativa i el relleu previst.</div></div></div>","<div style=""text-align: left; font-family: -apple-system, sans-serif;""><div style=""font-weight: bold; font-size: 16px; color: #10b981; margin-bottom: 8px;"">✓ Resposta Correcta: A</div><div style=""font-size: 14px; margin-bottom: 12px; padding: 10px; background: rgba(16,185,129,0.1); border-radius: 6px; border-left: 4px solid #10b981;"">A) L’hora de l’incident, el mecanisme de lesió i les actuacions fetes.</div><hr style=""border: 0; border-top: 1px solid #ddd; margin: 12px 0;""><div style=""font-size: 13px; color: #444; line-height: 1.4;""><b style=""color: #111;"">Explicació:</b> La informació recollida abans de l’arribada a l’hospital permet mantenir una continuïtat assistencial segura i eficient.</div></div>","T28_-_Assistencia_sanitaria","18538"
"<div style=""text-align: left; font-family: -apple-system, sans-serif;""><div style=""font-size: 11px; color: #888; margin-bottom: 6px;"">[T28 - Assistència sanitària] Pregunta 218</div><div style=""font-weight: bold; font-size: 16px; margin-bottom: 14px; line-height: 1.4;"">Quines funcions vitals s’han de prioritzar en l’actuació sanitària d’emergència?</div><div style=""font-size: 14px; line-height: 1.6;""><div style=""padding: 5px 0;""><b>A)</b> Triage, logística i trasllat medicalitzat.</div><div style=""padding: 5px 0;""><b>B)</b> Mobilització, evacuació i transferència.</div><div style=""padding: 5px 0;""><b>C)</b> Diagnòstic, tractament i seguiment.</div><div style=""padding: 5px 0;""><b>D)</b> Via aèria, respiració i circulació.</div></div></div>","<div style=""text-align: left; font-family: -apple-system, sans-serif;""><div style=""font-weight: bold; font-size: 16px; color: #10b981; margin-bottom: 8px;"">✓ Resposta Correcta: D</div><div style=""font-size: 14px; margin-bottom: 12px; padding: 10px; background: rgba(16,185,129,0.1); border-radius: 6px; border-left: 4px solid #10b981;"">D) Via aèria, respiració i circulació.</div><hr style=""border: 0; border-top: 1px solid #ddd; margin: 12px 0;""><div style=""font-size: 13px; color: #444; line-height: 1.4;""><b style=""color: #111;"">Explicació:</b> Entre els principis bàsics d’actuació hi ha prioritzar via aèria, respiració i circulació.</div></div>","T28_-_Assistencia_sanitaria","18549"
"<div style=""text-align: left; font-family: -apple-system, sans-serif;""><div style=""font-size: 11px; color: #888; margin-bottom: 6px;"">[T28 - Assistència sanitària] Pregunta 219</div><div style=""font-weight: bold; font-size: 16px; margin-bottom: 14px; line-height: 1.4;"">Quina és una actuació inicial davant una víctima amb hipotèrmia?</div><div style=""font-size: 14px; line-height: 1.6;""><div style=""padding: 5px 0;""><b>A)</b> Aplicar una font de calor directa molt intensa.</div><div style=""padding: 5px 0;""><b>B)</b> Retirar-la de l’ambient fred i evitar la pèrdua de calor.</div><div style=""padding: 5px 0;""><b>C)</b> Fer-la caminar ràpidament per elevar la temperatura.</div><div style=""padding: 5px 0;""><b>D)</b> Donar-li begudes calentes encara que estigui inconscient.</div></div></div>","<div style=""text-align: left; font-family: -apple-system, sans-serif;""><div style=""font-weight: bold; font-size: 16px; color: #10b981; margin-bottom: 8px;"">✓ Resposta Correcta: B</div><div style=""font-size: 14px; margin-bottom: 12px; padding: 10px; background: rgba(16,185,129,0.1); border-radius: 6px; border-left: 4px solid #10b981;"">B) Retirar-la de l’ambient fred i evitar la pèrdua de calor.</div><hr style=""border: 0; border-top: 1px solid #ddd; margin: 12px 0;""><div style=""font-size: 13px; color: #444; line-height: 1.4;""><b style=""color: #111;"">Explicació:</b> La primera actuació és frenar la pèrdua de calor amb protecció ambiental i aïllament.</div></div>","T28_-_Assistencia_sanitaria","18706"