"Front","Back","Tag","ID"
"<div style=""text-align: left; font-family: -apple-system, sans-serif;""><div style=""font-size: 11px; color: #888; margin-bottom: 6px;"">[T32 - Accidents de mobilitat viària] Pregunta 1</div><div style=""font-weight: bold; font-size: 16px; margin-bottom: 14px; line-height: 1.4;"">Quina relació hi ha entre les maniobres d’abordatge i les d’excarceració en un rescat viari?</div><div style=""font-size: 14px; line-height: 1.6;""><div style=""padding: 5px 0;""><b>A)</b> Les d’abordatge immobilitzen el vehicle i les d’excarceració creen vies d’accés.</div><div style=""padding: 5px 0;""><b>B)</b> Les d’abordatge s’utilitzen en turismes i les d’excarceració en vehicles pesants.</div><div style=""padding: 5px 0;""><b>C)</b> Les d’abordatge creen accés i espai, mentre que les d’excarceració alliberen atrapaments estructurals.</div><div style=""padding: 5px 0;""><b>D)</b> Les d’abordatge s’apliquen només a víctimes estables i les d’excarceració a víctimes inestables.</div></div></div>","<div style=""text-align: left; font-family: -apple-system, sans-serif;""><div style=""font-weight: bold; font-size: 16px; color: #10b981; margin-bottom: 8px;"">✓ Resposta Correcta: C</div><div style=""font-size: 14px; margin-bottom: 12px; padding: 10px; background: rgba(16,185,129,0.1); border-radius: 6px; border-left: 4px solid #10b981;"">C) Les d’abordatge creen accés i espai, mentre que les d’excarceració alliberen atrapaments estructurals.</div><hr style=""border: 0; border-top: 1px solid #ddd; margin: 12px 0;""><div style=""font-size: 13px; color: #444; line-height: 1.4;""><b style=""color: #111;"">Explicació:</b> La diferència principal és funcional: abordatge per accedir i crear espai; excarceració per alliberar atrapaments físics tipus 2.</div></div>","T32_-_Accidents_de_mobilitat_viaria","19696"
"<div style=""text-align: left; font-family: -apple-system, sans-serif;""><div style=""font-size: 11px; color: #888; margin-bottom: 6px;"">[T32 - Accidents de mobilitat viària] Pregunta 2</div><div style=""font-weight: bold; font-size: 16px; margin-bottom: 14px; line-height: 1.4;"">Quina situació defineix una bolcada total d’un vehicle accidentat?</div><div style=""font-size: 14px; line-height: 1.6;""><div style=""padding: 5px 0;""><b>A)</b> El vehicle queda recolzat sobre un dels costats.</div><div style=""padding: 5px 0;""><b>B)</b> El vehicle queda inclinat però manté dues rodes sobre el terra.</div><div style=""padding: 5px 0;""><b>C)</b> El vehicle queda sobre les quatre rodes després d’haver bolcat.</div><div style=""padding: 5px 0;""><b>D)</b> El vehicle queda sobre el sostre amb les quatre rodes enlaire.</div></div></div>","<div style=""text-align: left; font-family: -apple-system, sans-serif;""><div style=""font-weight: bold; font-size: 16px; color: #10b981; margin-bottom: 8px;"">✓ Resposta Correcta: D</div><div style=""font-size: 14px; margin-bottom: 12px; padding: 10px; background: rgba(16,185,129,0.1); border-radius: 6px; border-left: 4px solid #10b981;"">D) El vehicle queda sobre el sostre amb les quatre rodes enlaire.</div><hr style=""border: 0; border-top: 1px solid #ddd; margin: 12px 0;""><div style=""font-size: 13px; color: #444; line-height: 1.4;""><b style=""color: #111;"">Explicació:</b> En la bolcada total el vehicle queda invertit i recolzat sobre el sostre.</div></div>","T32_-_Accidents_de_mobilitat_viaria","19644"
"<div style=""text-align: left; font-family: -apple-system, sans-serif;""><div style=""font-size: 11px; color: #888; margin-bottom: 6px;"">[T32 - Accidents de mobilitat viària] Pregunta 3</div><div style=""font-weight: bold; font-size: 16px; margin-bottom: 14px; line-height: 1.4;"">Quin sistema és un exemple de seguretat terciària en un vehicle accidentat?</div><div style=""font-size: 14px; line-height: 1.6;""><div style=""padding: 5px 0;""><b>A)</b> El cinturó de seguretat.</div><div style=""padding: 5px 0;""><b>B)</b> El sistema automàtic de trucada d’emergència eCall.</div><div style=""padding: 5px 0;""><b>C)</b> El control electrònic d’estabilitat ESP.</div><div style=""padding: 5px 0;""><b>D)</b> El sistema de frenada ABS.</div></div></div>","<div style=""text-align: left; font-family: -apple-system, sans-serif;""><div style=""font-weight: bold; font-size: 16px; color: #10b981; margin-bottom: 8px;"">✓ Resposta Correcta: B</div><div style=""font-size: 14px; margin-bottom: 12px; padding: 10px; background: rgba(16,185,129,0.1); border-radius: 6px; border-left: 4px solid #10b981;"">B) El sistema automàtic de trucada d’emergència eCall.</div><hr style=""border: 0; border-top: 1px solid #ddd; margin: 12px 0;""><div style=""font-size: 13px; color: #444; line-height: 1.4;""><b style=""color: #111;"">Explicació:</b> La seguretat terciària facilita la resposta després de l’accident; l’eCall n’és un exemple clar.</div></div>","T32_-_Accidents_de_mobilitat_viaria","19603"
"<div style=""text-align: left; font-family: -apple-system, sans-serif;""><div style=""font-size: 11px; color: #888; margin-bottom: 6px;"">[T32 - Accidents de mobilitat viària] Pregunta 4</div><div style=""font-weight: bold; font-size: 16px; margin-bottom: 14px; line-height: 1.4;"">Quina maniobra s’utilitza quan un sostre col·lapsat compromet la zona cranial d’una víctima?</div><div style=""font-size: 14px; line-height: 1.6;""><div style=""padding: 5px 0;""><b>A)</b> Desmunt lateral del vehicle.</div><div style=""padding: 5px 0;""><b>B)</b> Desplaçament del davantal.</div><div style=""padding: 5px 0;""><b>C)</b> Tall del volant.</div><div style=""padding: 5px 0;""><b>D)</b> Desplaçament vertical del sostre amb un pistó hidràulic.</div></div></div>","<div style=""text-align: left; font-family: -apple-system, sans-serif;""><div style=""font-weight: bold; font-size: 16px; color: #10b981; margin-bottom: 8px;"">✓ Resposta Correcta: D</div><div style=""font-size: 14px; margin-bottom: 12px; padding: 10px; background: rgba(16,185,129,0.1); border-radius: 6px; border-left: 4px solid #10b981;"">D) Desplaçament vertical del sostre amb un pistó hidràulic.</div><hr style=""border: 0; border-top: 1px solid #ddd; margin: 12px 0;""><div style=""font-size: 13px; color: #444; line-height: 1.4;""><b style=""color: #111;"">Explicació:</b> La maniobra recupera l’espai de l’habitacle retornant verticalment el sostre cap a la seva posició original.</div></div>","T32_-_Accidents_de_mobilitat_viaria","19706"
"<div style=""text-align: left; font-family: -apple-system, sans-serif;""><div style=""font-size: 11px; color: #888; margin-bottom: 6px;"">[T32 - Accidents de mobilitat viària] Pregunta 5</div><div style=""font-weight: bold; font-size: 16px; margin-bottom: 14px; line-height: 1.4;"">On s’han de col·locar preferentment les falques en un vehicle en bolcada lateral?</div><div style=""font-size: 14px; line-height: 1.6;""><div style=""padding: 5px 0;""><b>A)</b> A les dues bandes del vehicle i sota les portes.</div><div style=""padding: 5px 0;""><b>B)</b> A la banda del sostre i, si és possible, sota els muntants.</div><div style=""padding: 5px 0;""><b>C)</b> A la banda de les rodes i sobre els para-xocs.</div><div style=""padding: 5px 0;""><b>D)</b> A la part davantera i posterior sobre els passos de roda.</div></div></div>","<div style=""text-align: left; font-family: -apple-system, sans-serif;""><div style=""font-weight: bold; font-size: 16px; color: #10b981; margin-bottom: 8px;"">✓ Resposta Correcta: B</div><div style=""font-size: 14px; margin-bottom: 12px; padding: 10px; background: rgba(16,185,129,0.1); border-radius: 6px; border-left: 4px solid #10b981;"">B) A la banda del sostre i, si és possible, sota els muntants.</div><hr style=""border: 0; border-top: 1px solid #ddd; margin: 12px 0;""><div style=""font-size: 13px; color: #444; line-height: 1.4;""><b style=""color: #111;"">Explicació:</b> En bolcada lateral, les falques es col·loquen al costat del sostre i preferentment sota punts estructurals com els muntants.</div></div>","T32_-_Accidents_de_mobilitat_viaria","19675"
"<div style=""text-align: left; font-family: -apple-system, sans-serif;""><div style=""font-size: 11px; color: #888; margin-bottom: 6px;"">[T32 - Accidents de mobilitat viària] Pregunta 6</div><div style=""font-weight: bold; font-size: 16px; margin-bottom: 14px; line-height: 1.4;"">Com s'anomena la cultura que pretén fomentar el manual d’intervenció bàsica en accidents de mobilitat viària?</div><div style=""font-size: 14px; line-height: 1.6;""><div style=""padding: 5px 0;""><b>A)</b> La cultura de la seguretat operativa.</div><div style=""padding: 5px 0;""><b>B)</b> La cultura de la investigació d’accidents.</div><div style=""padding: 5px 0;""><b>C)</b> La cultura de la mobilitat sostenible.</div><div style=""padding: 5px 0;""><b>D)</b> La cultura de la conducció defensiva.</div></div></div>","<div style=""text-align: left; font-family: -apple-system, sans-serif;""><div style=""font-weight: bold; font-size: 16px; color: #10b981; margin-bottom: 8px;"">✓ Resposta Correcta: A</div><div style=""font-size: 14px; margin-bottom: 12px; padding: 10px; background: rgba(16,185,129,0.1); border-radius: 6px; border-left: 4px solid #10b981;"">A) La cultura de la seguretat operativa.</div><hr style=""border: 0; border-top: 1px solid #ddd; margin: 12px 0;""><div style=""font-size: 13px; color: #444; line-height: 1.4;""><b style=""color: #111;"">Explicació:</b> La finalitat del document és reforçar la seguretat operativa tant en la prevenció com en l’actuació directa.</div></div>","T32_-_Accidents_de_mobilitat_viaria","19574"
"<div style=""text-align: left; font-family: -apple-system, sans-serif;""><div style=""font-size: 11px; color: #888; margin-bottom: 6px;"">[T32 - Accidents de mobilitat viària] Pregunta 7</div><div style=""font-weight: bold; font-size: 16px; margin-bottom: 14px; line-height: 1.4;"">Quines parts formen un camió articulat o tràiler?</div><div style=""font-size: 14px; line-height: 1.6;""><div style=""padding: 5px 0;""><b>A)</b> Una caixa de càrrega i un eix tractor posterior.</div><div style=""padding: 5px 0;""><b>B)</b> Un cap tractor i un semiremolc.</div><div style=""padding: 5px 0;""><b>C)</b> Una cabina rígida i una caixa fixa.</div><div style=""padding: 5px 0;""><b>D)</b> Un cap tractor i dos remolcs independents.</div></div></div>","<div style=""text-align: left; font-family: -apple-system, sans-serif;""><div style=""font-weight: bold; font-size: 16px; color: #10b981; margin-bottom: 8px;"">✓ Resposta Correcta: B</div><div style=""font-size: 14px; margin-bottom: 12px; padding: 10px; background: rgba(16,185,129,0.1); border-radius: 6px; border-left: 4px solid #10b981;"">B) Un cap tractor i un semiremolc.</div><hr style=""border: 0; border-top: 1px solid #ddd; margin: 12px 0;""><div style=""font-size: 13px; color: #444; line-height: 1.4;""><b style=""color: #111;"">Explicació:</b> El tràiler consta d’un cap tractor i una unitat de càrrega separada, el semiremolc.</div></div>","T32_-_Accidents_de_mobilitat_viaria","19616"
"<div style=""text-align: left; font-family: -apple-system, sans-serif;""><div style=""font-size: 11px; color: #888; margin-bottom: 6px;"">[T32 - Accidents de mobilitat viària] Pregunta 8</div><div style=""font-weight: bold; font-size: 16px; margin-bottom: 14px; line-height: 1.4;"">Per què es prefereix desplaçar els pedals abans que tallar-los, si és possible?</div><div style=""font-size: 14px; line-height: 1.6;""><div style=""padding: 5px 0;""><b>A)</b> Per mantenir operatiu el sistema de frenada.</div><div style=""padding: 5px 0;""><b>B)</b> Per reduir riscos addicionals.</div><div style=""padding: 5px 0;""><b>C)</b> Perquè els pedals no es poden tallar amb eines hidràuliques.</div><div style=""padding: 5px 0;""><b>D)</b> Per evitar que el vehicle perdi l’estabilitat.</div></div></div>","<div style=""text-align: left; font-family: -apple-system, sans-serif;""><div style=""font-weight: bold; font-size: 16px; color: #10b981; margin-bottom: 8px;"">✓ Resposta Correcta: B</div><div style=""font-size: 14px; margin-bottom: 12px; padding: 10px; background: rgba(16,185,129,0.1); border-radius: 6px; border-left: 4px solid #10b981;"">B) Per reduir riscos addicionals.</div><hr style=""border: 0; border-top: 1px solid #ddd; margin: 12px 0;""><div style=""font-size: 13px; color: #444; line-height: 1.4;""><b style=""color: #111;"">Explicació:</b> El text indica que cal evitar el tall quan es pugui resoldre l’atrapament desplaçant els pedals.</div></div>","T32_-_Accidents_de_mobilitat_viaria","19709"
"<div style=""text-align: left; font-family: -apple-system, sans-serif;""><div style=""font-size: 11px; color: #888; margin-bottom: 6px;"">[T32 - Accidents de mobilitat viària] Pregunta 9</div><div style=""font-weight: bold; font-size: 16px; margin-bottom: 14px; line-height: 1.4;"">On s’ha de recolzar preferentment el pistó en un desplaçament del muntant B?</div><div style=""font-size: 14px; line-height: 1.6;""><div style=""padding: 5px 0;""><b>A)</b> Sobre punts sòlids com el muntant B oposat, la talonera contrària o el túnel central.</div><div style=""padding: 5px 0;""><b>B)</b> Sobre el para-xocs, la porta oposada o el seient.</div><div style=""padding: 5px 0;""><b>C)</b> Sobre la roda, la suspensió o el pas de roda.</div><div style=""padding: 5px 0;""><b>D)</b> Sobre el sostre, el parabrisa o el quadre de comandament.</div></div></div>","<div style=""text-align: left; font-family: -apple-system, sans-serif;""><div style=""font-weight: bold; font-size: 16px; color: #10b981; margin-bottom: 8px;"">✓ Resposta Correcta: A</div><div style=""font-size: 14px; margin-bottom: 12px; padding: 10px; background: rgba(16,185,129,0.1); border-radius: 6px; border-left: 4px solid #10b981;"">A) Sobre punts sòlids com el muntant B oposat, la talonera contrària o el túnel central.</div><hr style=""border: 0; border-top: 1px solid #ddd; margin: 12px 0;""><div style=""font-size: 13px; color: #444; line-height: 1.4;""><b style=""color: #111;"">Explicació:</b> El pistó ha de transmetre l’esforç a punts estructurals resistents.</div></div>","T32_-_Accidents_de_mobilitat_viaria","19705"
"<div style=""text-align: left; font-family: -apple-system, sans-serif;""><div style=""font-size: 11px; color: #888; margin-bottom: 6px;"">[T32 - Accidents de mobilitat viària] Pregunta 10</div><div style=""font-weight: bold; font-size: 16px; margin-bottom: 14px; line-height: 1.4;"">Quin és l’objectiu general de les maniobres d’abordatge en un accident de mobilitat viària?</div><div style=""font-size: 14px; line-height: 1.6;""><div style=""padding: 5px 0;""><b>A)</b> Reduir el temps d’extracció mitjançant maniobres d’emergència.</div><div style=""padding: 5px 0;""><b>B)</b> Accedir a la víctima i crear espai de treball i extracció.</div><div style=""padding: 5px 0;""><b>C)</b> Immobilitzar el vehicle abans de l’accés sanitari.</div><div style=""padding: 5px 0;""><b>D)</b> Alliberar directament una víctima atrapada estructuralment.</div></div></div>","<div style=""text-align: left; font-family: -apple-system, sans-serif;""><div style=""font-weight: bold; font-size: 16px; color: #10b981; margin-bottom: 8px;"">✓ Resposta Correcta: B</div><div style=""font-size: 14px; margin-bottom: 12px; padding: 10px; background: rgba(16,185,129,0.1); border-radius: 6px; border-left: 4px solid #10b981;"">B) Accedir a la víctima i crear espai de treball i extracció.</div><hr style=""border: 0; border-top: 1px solid #ddd; margin: 12px 0;""><div style=""font-size: 13px; color: #444; line-height: 1.4;""><b style=""color: #111;"">Explicació:</b> Les maniobres d’abordatge creen accés i espai; l’alliberament estructural correspon principalment a l’excarceració.</div></div>","T32_-_Accidents_de_mobilitat_viaria","19679"
"<div style=""text-align: left; font-family: -apple-system, sans-serif;""><div style=""font-size: 11px; color: #888; margin-bottom: 6px;"">[T32 - Accidents de mobilitat viària] Pregunta 11</div><div style=""font-weight: bold; font-size: 16px; margin-bottom: 14px; line-height: 1.4;"">En quina posició queda un vehicle accidentat classificat com a «ordre de marxa»?</div><div style=""font-size: 14px; line-height: 1.6;""><div style=""padding: 5px 0;""><b>A)</b> Aturat sobre les quatre rodes.</div><div style=""padding: 5px 0;""><b>B)</b> Aturat sobre el sostre amb les rodes enlaire.</div><div style=""padding: 5px 0;""><b>C)</b> Aturat sobre un dels costats.</div><div style=""padding: 5px 0;""><b>D)</b> Aturat amb dos eixos fora de la plataforma de la via.</div></div></div>","<div style=""text-align: left; font-family: -apple-system, sans-serif;""><div style=""font-weight: bold; font-size: 16px; color: #10b981; margin-bottom: 8px;"">✓ Resposta Correcta: A</div><div style=""font-size: 14px; margin-bottom: 12px; padding: 10px; background: rgba(16,185,129,0.1); border-radius: 6px; border-left: 4px solid #10b981;"">A) Aturat sobre les quatre rodes.</div><hr style=""border: 0; border-top: 1px solid #ddd; margin: 12px 0;""><div style=""font-size: 13px; color: #444; line-height: 1.4;""><b style=""color: #111;"">Explicació:</b> La posició d’ordre de marxa és la que manté el vehicle recolzat sobre les quatre rodes.</div></div>","T32_-_Accidents_de_mobilitat_viaria","19643"
"<div style=""text-align: left; font-family: -apple-system, sans-serif;""><div style=""font-size: 11px; color: #888; margin-bottom: 6px;"">[T32 - Accidents de mobilitat viària] Pregunta 12</div><div style=""font-weight: bold; font-size: 16px; margin-bottom: 14px; line-height: 1.4;"">Quins elements es retiren principalment en un desmunt lateral d’un vehicle?</div><div style=""font-size: 14px; line-height: 1.6;""><div style=""padding: 5px 0;""><b>A)</b> Els seients i el túnel central.</div><div style=""padding: 5px 0;""><b>B)</b> El sostre i el parabrisa.</div><div style=""padding: 5px 0;""><b>C)</b> El davantal i el quadre de comandament.</div><div style=""padding: 5px 0;""><b>D)</b> Les portes i els muntants d’un dels laterals.</div></div></div>","<div style=""text-align: left; font-family: -apple-system, sans-serif;""><div style=""font-weight: bold; font-size: 16px; color: #10b981; margin-bottom: 8px;"">✓ Resposta Correcta: D</div><div style=""font-size: 14px; margin-bottom: 12px; padding: 10px; background: rgba(16,185,129,0.1); border-radius: 6px; border-left: 4px solid #10b981;"">D) Les portes i els muntants d’un dels laterals.</div><hr style=""border: 0; border-top: 1px solid #ddd; margin: 12px 0;""><div style=""font-size: 13px; color: #444; line-height: 1.4;""><b style=""color: #111;"">Explicació:</b> La maniobra elimina els elements laterals estructurals i d’accés per crear un espai obert de treball.</div></div>","T32_-_Accidents_de_mobilitat_viaria","19687"
"<div style=""text-align: left; font-family: -apple-system, sans-serif;""><div style=""font-size: 11px; color: #888; margin-bottom: 6px;"">[T32 - Accidents de mobilitat viària] Pregunta 13</div><div style=""font-weight: bold; font-size: 16px; margin-bottom: 14px; line-height: 1.4;"">Per què la diversificació dels vehicles incrementa la complexitat de les intervencions de Bombers en accidents de mobilitat viària?</div><div style=""font-size: 14px; line-height: 1.6;""><div style=""padding: 5px 0;""><b>A)</b> Perquè elimina la possibilitat d’aplicar maniobres comunes de rescat.</div><div style=""padding: 5px 0;""><b>B)</b> Perquè obliga a tractar qualsevol accident com si impliqués mercaderies perilloses.</div><div style=""padding: 5px 0;""><b>C)</b> Perquè poden coexistir tipologies de vehicles, càrregues i sistemes de propulsió amb riscos diferents.</div><div style=""padding: 5px 0;""><b>D)</b> Perquè concentra els accidents de més risc en les vies urbanes.</div></div></div>","<div style=""text-align: left; font-family: -apple-system, sans-serif;""><div style=""font-weight: bold; font-size: 16px; color: #10b981; margin-bottom: 8px;"">✓ Resposta Correcta: C</div><div style=""font-size: 14px; margin-bottom: 12px; padding: 10px; background: rgba(16,185,129,0.1); border-radius: 6px; border-left: 4px solid #10b981;"">C) Perquè poden coexistir tipologies de vehicles, càrregues i sistemes de propulsió amb riscos diferents.</div><hr style=""border: 0; border-top: 1px solid #ddd; margin: 12px 0;""><div style=""font-size: 13px; color: #444; line-height: 1.4;""><b style=""color: #111;"">Explicació:</b> La varietat de vehicles, mercaderies i propulsions modifica els riscos i condiciona les maniobres d’intervenció.</div></div>","T32_-_Accidents_de_mobilitat_viaria","19566"
"<div style=""text-align: left; font-family: -apple-system, sans-serif;""><div style=""font-size: 11px; color: #888; margin-bottom: 6px;"">[T32 - Accidents de mobilitat viària] Pregunta 14</div><div style=""font-weight: bold; font-size: 16px; margin-bottom: 14px; line-height: 1.4;"">Quina característica defineix els travessers d’un vehicle en les maniobres de rescat?</div><div style=""font-size: 14px; line-height: 1.6;""><div style=""padding: 5px 0;""><b>A)</b> Són elements estructurals horitzontals, longitudinals o transversals, que contribueixen a formar l’habitacle.</div><div style=""padding: 5px 0;""><b>B)</b> Són elements de recobriment que protegeixen el compartiment motor.</div><div style=""padding: 5px 0;""><b>C)</b> Són elements extraïbles situats darrere dels seients posteriors.</div><div style=""padding: 5px 0;""><b>D)</b> Són elements verticals que connecten el sostre amb la carrosseria.</div></div></div>","<div style=""text-align: left; font-family: -apple-system, sans-serif;""><div style=""font-weight: bold; font-size: 16px; color: #10b981; margin-bottom: 8px;"">✓ Resposta Correcta: A</div><div style=""font-size: 14px; margin-bottom: 12px; padding: 10px; background: rgba(16,185,129,0.1); border-radius: 6px; border-left: 4px solid #10b981;"">A) Són elements estructurals horitzontals, longitudinals o transversals, que contribueixen a formar l’habitacle.</div><hr style=""border: 0; border-top: 1px solid #ddd; margin: 12px 0;""><div style=""font-size: 13px; color: #444; line-height: 1.4;""><b style=""color: #111;"">Explicació:</b> Els travessers formen, juntament amb els muntants, l’estructura de l’habitacle.</div></div>","T32_-_Accidents_de_mobilitat_viaria","19586"
"<div style=""text-align: left; font-family: -apple-system, sans-serif;""><div style=""font-size: 11px; color: #888; margin-bottom: 6px;"">[T32 - Accidents de mobilitat viària] Pregunta 15</div><div style=""font-weight: bold; font-size: 16px; margin-bottom: 14px; line-height: 1.4;"">Quina finalitat té el manual d’intervenció bàsica en accidents de mobilitat viària?</div><div style=""font-size: 14px; line-height: 1.6;""><div style=""padding: 5px 0;""><b>A)</b> Fixar els criteris tècnics de construcció i homologació dels vehicles.</div><div style=""padding: 5px 0;""><b>B)</b> Establir el procediment únic d’excarceració aplicable a qualsevol accident.</div><div style=""padding: 5px 0;""><b>C)</b> Oferir una visió general i operativa dels aspectes essencials dels accidents de mobilitat.</div><div style=""padding: 5px 0;""><b>D)</b> Regular la coordinació jurídica entre Bombers, policia i serveis sanitaris.</div></div></div>","<div style=""text-align: left; font-family: -apple-system, sans-serif;""><div style=""font-weight: bold; font-size: 16px; color: #10b981; margin-bottom: 8px;"">✓ Resposta Correcta: C</div><div style=""font-size: 14px; margin-bottom: 12px; padding: 10px; background: rgba(16,185,129,0.1); border-radius: 6px; border-left: 4px solid #10b981;"">C) Oferir una visió general i operativa dels aspectes essencials dels accidents de mobilitat.</div><hr style=""border: 0; border-top: 1px solid #ddd; margin: 12px 0;""><div style=""font-size: 13px; color: #444; line-height: 1.4;""><b style=""color: #111;"">Explicació:</b> El manual vol proporcionar una base general i operativa orientada a la seguretat i a l’actuació dels intervinents.</div></div>","T32_-_Accidents_de_mobilitat_viaria","19573"
"<div style=""text-align: left; font-family: -apple-system, sans-serif;""><div style=""font-size: 11px; color: #888; margin-bottom: 6px;"">[T32 - Accidents de mobilitat viària] Pregunta 16</div><div style=""font-weight: bold; font-size: 16px; margin-bottom: 14px; line-height: 1.4;"">Com s’alimenta el motor dels vehicles elèctrics descrits al manual d’accidents de mobilitat viària?</div><div style=""font-size: 14px; line-height: 1.6;""><div style=""padding: 5px 0;""><b>A)</b> Amb una pila de combustible alimentada per gas.</div><div style=""padding: 5px 0;""><b>B)</b> Amb bateries d’alt voltatge.</div><div style=""padding: 5px 0;""><b>C)</b> Amb un motor de combustió que genera electricitat de manera permanent.</div><div style=""padding: 5px 0;""><b>D)</b> Amb bateries de baixa tensió connectades al sistema de 12 V.</div></div></div>","<div style=""text-align: left; font-family: -apple-system, sans-serif;""><div style=""font-weight: bold; font-size: 16px; color: #10b981; margin-bottom: 8px;"">✓ Resposta Correcta: B</div><div style=""font-size: 14px; margin-bottom: 12px; padding: 10px; background: rgba(16,185,129,0.1); border-radius: 6px; border-left: 4px solid #10b981;"">B) Amb bateries d’alt voltatge.</div><hr style=""border: 0; border-top: 1px solid #ddd; margin: 12px 0;""><div style=""font-size: 13px; color: #444; line-height: 1.4;""><b style=""color: #111;"">Explicació:</b> El sistema de propulsió elèctric utilitza un motor alimentat per bateries d’alt voltatge.</div></div>","T32_-_Accidents_de_mobilitat_viaria","19595"
"<div style=""text-align: left; font-family: -apple-system, sans-serif;""><div style=""font-size: 11px; color: #888; margin-bottom: 6px;"">[T32 - Accidents de mobilitat viària] Pregunta 17</div><div style=""font-weight: bold; font-size: 16px; margin-bottom: 14px; line-height: 1.4;"">On se situen habitualment els dipòsits de combustible d’un camió segons el manual?</div><div style=""font-size: 14px; line-height: 1.6;""><div style=""padding: 5px 0;""><b>A)</b> Darrere de la cabina, sobre el xassís.</div><div style=""padding: 5px 0;""><b>B)</b> Dins la cabina, sota els seients.</div><div style=""padding: 5px 0;""><b>C)</b> Entre els eixos.</div><div style=""padding: 5px 0;""><b>D)</b> Sota el semiremolc, a la part posterior.</div></div></div>","<div style=""text-align: left; font-family: -apple-system, sans-serif;""><div style=""font-weight: bold; font-size: 16px; color: #10b981; margin-bottom: 8px;"">✓ Resposta Correcta: C</div><div style=""font-size: 14px; margin-bottom: 12px; padding: 10px; background: rgba(16,185,129,0.1); border-radius: 6px; border-left: 4px solid #10b981;"">C) Entre els eixos.</div><hr style=""border: 0; border-top: 1px solid #ddd; margin: 12px 0;""><div style=""font-size: 13px; color: #444; line-height: 1.4;""><b style=""color: #111;"">Explicació:</b> El manual indica que els dipòsits de combustible solen estar ubicats entre eixos.</div></div>","T32_-_Accidents_de_mobilitat_viaria","19621"
"<div style=""text-align: left; font-family: -apple-system, sans-serif;""><div style=""font-size: 11px; color: #888; margin-bottom: 6px;"">[T32 - Accidents de mobilitat viària] Pregunta 18</div><div style=""font-weight: bold; font-size: 16px; margin-bottom: 14px; line-height: 1.4;"">Quin avantatge té un desmunt parcial de sostre respecte d’un desmunt total?</div><div style=""font-size: 14px; line-height: 1.6;""><div style=""padding: 5px 0;""><b>A)</b> Permet prescindir de l’estabilització secundària.</div><div style=""padding: 5px 0;""><b>B)</b> Genera més espai de treball per a tots els ocupants.</div><div style=""padding: 5px 0;""><b>C)</b> Elimina completament els cantells vius de la carrosseria.</div><div style=""padding: 5px 0;""><b>D)</b> És més ràpid i redueix el risc de moviments incontrolats del mateix sostre.</div></div></div>","<div style=""text-align: left; font-family: -apple-system, sans-serif;""><div style=""font-weight: bold; font-size: 16px; color: #10b981; margin-bottom: 8px;"">✓ Resposta Correcta: D</div><div style=""font-size: 14px; margin-bottom: 12px; padding: 10px; background: rgba(16,185,129,0.1); border-radius: 6px; border-left: 4px solid #10b981;"">D) És més ràpid i redueix el risc de moviments incontrolats del mateix sostre.</div><hr style=""border: 0; border-top: 1px solid #ddd; margin: 12px 0;""><div style=""font-size: 13px; color: #444; line-height: 1.4;""><b style=""color: #111;"">Explicació:</b> En retirar només una part del sostre es redueix temps i manipulació respecte de la retirada completa.</div></div>","T32_-_Accidents_de_mobilitat_viaria","19690"
"<div style=""text-align: left; font-family: -apple-system, sans-serif;""><div style=""font-size: 11px; color: #888; margin-bottom: 6px;"">[T32 - Accidents de mobilitat viària] Pregunta 19</div><div style=""font-weight: bold; font-size: 16px; margin-bottom: 14px; line-height: 1.4;"">Què justifiquen les dades d’accidentalitat recollides en la introducció del manual d’intervenció bàsica en accidents de mobilitat viària?</div><div style=""font-size: 14px; line-height: 1.6;""><div style=""padding: 5px 0;""><b>A)</b> Mantenir una vigilància constant en seguretat viària i continuar treballant en la prevenció.</div><div style=""padding: 5px 0;""><b>B)</b> Prioritzar la resposta operativa per sobre de la prevenció.</div><div style=""padding: 5px 0;""><b>C)</b> Concentrar la prevenció en les vies amb més densitat de trànsit.</div><div style=""padding: 5px 0;""><b>D)</b> Limitar les actuacions preventives als vehicles amb propulsions alternatives.</div></div></div>","<div style=""text-align: left; font-family: -apple-system, sans-serif;""><div style=""font-weight: bold; font-size: 16px; color: #10b981; margin-bottom: 8px;"">✓ Resposta Correcta: A</div><div style=""font-size: 14px; margin-bottom: 12px; padding: 10px; background: rgba(16,185,129,0.1); border-radius: 6px; border-left: 4px solid #10b981;"">A) Mantenir una vigilància constant en seguretat viària i continuar treballant en la prevenció.</div><hr style=""border: 0; border-top: 1px solid #ddd; margin: 12px 0;""><div style=""font-size: 13px; color: #444; line-height: 1.4;""><b style=""color: #111;"">Explicació:</b> Les dades reforcen la necessitat de vigilància i prevenció des de la conducció, les infraestructures i l’atenció a les víctimes.</div></div>","T32_-_Accidents_de_mobilitat_viaria","19572"
"<div style=""text-align: left; font-family: -apple-system, sans-serif;""><div style=""font-size: 11px; color: #888; margin-bottom: 6px;"">[T32 - Accidents de mobilitat viària] Pregunta 20</div><div style=""font-weight: bold; font-size: 16px; margin-bottom: 14px; line-height: 1.4;"">Quina característica és pròpia dels trens d’alta velocitat?</div><div style=""font-size: 14px; line-height: 1.6;""><div style=""padding: 5px 0;""><b>A)</b> Transporten principalment càrregues en corredors nocturns.</div><div style=""padding: 5px 0;""><b>B)</b> Poden superar els 300 km/h i circulen en infraestructures específiques.</div><div style=""padding: 5px 0;""><b>C)</b> Circulen a velocitats inferiors però amb una massa molt superior.</div><div style=""padding: 5px 0;""><b>D)</b> Realitzen parades freqüents i recorreguts curts.</div></div></div>","<div style=""text-align: left; font-family: -apple-system, sans-serif;""><div style=""font-weight: bold; font-size: 16px; color: #10b981; margin-bottom: 8px;"">✓ Resposta Correcta: B</div><div style=""font-size: 14px; margin-bottom: 12px; padding: 10px; background: rgba(16,185,129,0.1); border-radius: 6px; border-left: 4px solid #10b981;"">B) Poden superar els 300 km/h i circulen en infraestructures específiques.</div><hr style=""border: 0; border-top: 1px solid #ddd; margin: 12px 0;""><div style=""font-size: 13px; color: #444; line-height: 1.4;""><b style=""color: #111;"">Explicació:</b> El manual situa els trens d’alta velocitat per sobre dels 300 km/h i en infraestructures específiques.</div></div>","T32_-_Accidents_de_mobilitat_viaria","19626"
"<div style=""text-align: left; font-family: -apple-system, sans-serif;""><div style=""font-size: 11px; color: #888; margin-bottom: 6px;"">[T32 - Accidents de mobilitat viària] Pregunta 21</div><div style=""font-weight: bold; font-size: 16px; margin-bottom: 14px; line-height: 1.4;"">Quina finalitat té la seguretat primària o activa d’un vehicle?</div><div style=""font-size: 14px; line-height: 1.6;""><div style=""padding: 5px 0;""><b>A)</b> Minimitzar les lesions un cop s’ha produït l’accident.</div><div style=""padding: 5px 0;""><b>B)</b> Facilitar l’actuació dels serveis d’emergència després de l’accident.</div><div style=""padding: 5px 0;""><b>C)</b> Prevenir que es produeixi l’accident.</div><div style=""padding: 5px 0;""><b>D)</b> Evitar la deformació de l’habitacle després d’un impacte.</div></div></div>","<div style=""text-align: left; font-family: -apple-system, sans-serif;""><div style=""font-weight: bold; font-size: 16px; color: #10b981; margin-bottom: 8px;"">✓ Resposta Correcta: C</div><div style=""font-size: 14px; margin-bottom: 12px; padding: 10px; background: rgba(16,185,129,0.1); border-radius: 6px; border-left: 4px solid #10b981;"">C) Prevenir que es produeixi l’accident.</div><hr style=""border: 0; border-top: 1px solid #ddd; margin: 12px 0;""><div style=""font-size: 13px; color: #444; line-height: 1.4;""><b style=""color: #111;"">Explicació:</b> La seguretat activa actua abans del sinistre ajudant el conductor a mantenir el control i prevenir l’accident.</div></div>","T32_-_Accidents_de_mobilitat_viaria","19601"
"<div style=""text-align: left; font-family: -apple-system, sans-serif;""><div style=""font-size: 11px; color: #888; margin-bottom: 6px;"">[T32 - Accidents de mobilitat viària] Pregunta 22</div><div style=""font-weight: bold; font-size: 16px; margin-bottom: 14px; line-height: 1.4;"">Quina precaució addicional és especialment important en manipular portes o elements pesants de camions i autobusos?</div><div style=""font-size: 14px; line-height: 1.6;""><div style=""padding: 5px 0;""><b>A)</b> Treballar únicament sobre la zona de les frontisses.</div><div style=""padding: 5px 0;""><b>B)</b> Evitar utilitzar eines hidràuliques de separació.</div><div style=""padding: 5px 0;""><b>C)</b> Assegurar prèviament els elements que s’han de tallar o retirar.</div><div style=""padding: 5px 0;""><b>D)</b> Retirar els elements abans d’estabilitzar el vehicle.</div></div></div>","<div style=""text-align: left; font-family: -apple-system, sans-serif;""><div style=""font-weight: bold; font-size: 16px; color: #10b981; margin-bottom: 8px;"">✓ Resposta Correcta: C</div><div style=""font-size: 14px; margin-bottom: 12px; padding: 10px; background: rgba(16,185,129,0.1); border-radius: 6px; border-left: 4px solid #10b981;"">C) Assegurar prèviament els elements que s’han de tallar o retirar.</div><hr style=""border: 0; border-top: 1px solid #ddd; margin: 12px 0;""><div style=""font-size: 13px; color: #444; line-height: 1.4;""><b style=""color: #111;"">Explicació:</b> La massa dels elements de vehicles pesants pot generar caigudes o moviments perillosos després del tall.</div></div>","T32_-_Accidents_de_mobilitat_viaria","19685"
"<div style=""text-align: left; font-family: -apple-system, sans-serif;""><div style=""font-size: 11px; color: #888; margin-bottom: 6px;"">[T32 - Accidents de mobilitat viària] Pregunta 23</div><div style=""font-weight: bold; font-size: 16px; margin-bottom: 14px; line-height: 1.4;"">Quina diferència hi ha entre les frontisses de les portes laterals i les de la porta posterior d’un vehicle?</div><div style=""font-size: 14px; line-height: 1.6;""><div style=""padding: 5px 0;""><b>A)</b> Les laterals i la posterior treballen verticalment però sobre elements estructurals diferents.</div><div style=""padding: 5px 0;""><b>B)</b> Les laterals treballen verticalment amb els muntants i la posterior ho fa horitzontalment amb el travesser posterior del sostre.</div><div style=""padding: 5px 0;""><b>C)</b> Les laterals treballen horitzontalment amb els muntants i la posterior verticalment amb el sostre.</div><div style=""padding: 5px 0;""><b>D)</b> Les laterals s’articulen amb els travessers i la posterior directament amb els muntants.</div></div></div>","<div style=""text-align: left; font-family: -apple-system, sans-serif;""><div style=""font-weight: bold; font-size: 16px; color: #10b981; margin-bottom: 8px;"">✓ Resposta Correcta: B</div><div style=""font-size: 14px; margin-bottom: 12px; padding: 10px; background: rgba(16,185,129,0.1); border-radius: 6px; border-left: 4px solid #10b981;"">B) Les laterals treballen verticalment amb els muntants i la posterior ho fa horitzontalment amb el travesser posterior del sostre.</div><hr style=""border: 0; border-top: 1px solid #ddd; margin: 12px 0;""><div style=""font-size: 13px; color: #444; line-height: 1.4;""><b style=""color: #111;"">Explicació:</b> La disposició de les frontisses és diferent i condiciona la manera com cada porta s’articula amb l’estructura.</div></div>","T32_-_Accidents_de_mobilitat_viaria","19587"
"<div style=""text-align: left; font-family: -apple-system, sans-serif;""><div style=""font-size: 11px; color: #888; margin-bottom: 6px;"">[T32 - Accidents de mobilitat viària] Pregunta 24</div><div style=""font-weight: bold; font-size: 16px; margin-bottom: 14px; line-height: 1.4;"">Quina mesura és adequada abans de manipular un vehicle pesant accidentat i inestable?</div><div style=""font-size: 14px; line-height: 1.6;""><div style=""padding: 5px 0;""><b>A)</b> Obrir les portes per reduir tensions estructurals.</div><div style=""padding: 5px 0;""><b>B)</b> Controlar la càrrega i l’estructura.</div><div style=""padding: 5px 0;""><b>C)</b> Retirar tots els vidres de la cabina.</div><div style=""padding: 5px 0;""><b>D)</b> Desconnectar el sistema pneumàtic.</div></div></div>","<div style=""text-align: left; font-family: -apple-system, sans-serif;""><div style=""font-weight: bold; font-size: 16px; color: #10b981; margin-bottom: 8px;"">✓ Resposta Correcta: B</div><div style=""font-size: 14px; margin-bottom: 12px; padding: 10px; background: rgba(16,185,129,0.1); border-radius: 6px; border-left: 4px solid #10b981;"">B) Controlar la càrrega i l’estructura.</div><hr style=""border: 0; border-top: 1px solid #ddd; margin: 12px 0;""><div style=""font-size: 13px; color: #444; line-height: 1.4;""><b style=""color: #111;"">Explicació:</b> La massa i la càrrega poden alterar el comportament del vehicle quan es manipula.</div></div>","T32_-_Accidents_de_mobilitat_viaria","19730"
"<div style=""text-align: left; font-family: -apple-system, sans-serif;""><div style=""font-size: 11px; color: #888; margin-bottom: 6px;"">[T32 - Accidents de mobilitat viària] Pregunta 25</div><div style=""font-weight: bold; font-size: 16px; margin-bottom: 14px; line-height: 1.4;"">Quin risc presenta una catenària ferroviària danyada o caiguda?</div><div style=""font-size: 14px; line-height: 1.6;""><div style=""padding: 5px 0;""><b>A)</b> Un risc exclusiu de bloqueig de les portes.</div><div style=""padding: 5px 0;""><b>B)</b> Un risc principal d’alliberament pneumàtic.</div><div style=""padding: 5px 0;""><b>C)</b> Un risc d’inestabilitat mecànica dels bogis.</div><div style=""padding: 5px 0;""><b>D)</b> Un risc mortal per alta tensió.</div></div></div>","<div style=""text-align: left; font-family: -apple-system, sans-serif;""><div style=""font-weight: bold; font-size: 16px; color: #10b981; margin-bottom: 8px;"">✓ Resposta Correcta: D</div><div style=""font-size: 14px; margin-bottom: 12px; padding: 10px; background: rgba(16,185,129,0.1); border-radius: 6px; border-left: 4px solid #10b981;"">D) Un risc mortal per alta tensió.</div><hr style=""border: 0; border-top: 1px solid #ddd; margin: 12px 0;""><div style=""font-size: 13px; color: #444; line-height: 1.4;""><b style=""color: #111;"">Explicació:</b> Els sistemes de tracció elèctrica ferroviària poden treballar amb alta tensió i exigeixen confirmació de desconnexió.</div></div>","T32_-_Accidents_de_mobilitat_viaria","19630"
"<div style=""text-align: left; font-family: -apple-system, sans-serif;""><div style=""font-size: 11px; color: #888; margin-bottom: 6px;"">[T32 - Accidents de mobilitat viària] Pregunta 26</div><div style=""font-weight: bold; font-size: 16px; margin-bottom: 14px; line-height: 1.4;"">Quin nombre mínim de bombers s’indica per neutralitzar els amortidors en una estabilització manual d’emergència d’un vehicle en ordre de marxa?</div><div style=""font-size: 14px; line-height: 1.6;""><div style=""padding: 5px 0;""><b>A)</b> Tres bombers.</div><div style=""padding: 5px 0;""><b>B)</b> Sis bombers.</div><div style=""padding: 5px 0;""><b>C)</b> Quatre bombers.</div><div style=""padding: 5px 0;""><b>D)</b> Dos bombers.</div></div></div>","<div style=""text-align: left; font-family: -apple-system, sans-serif;""><div style=""font-weight: bold; font-size: 16px; color: #10b981; margin-bottom: 8px;"">✓ Resposta Correcta: C</div><div style=""font-size: 14px; margin-bottom: 12px; padding: 10px; background: rgba(16,185,129,0.1); border-radius: 6px; border-left: 4px solid #10b981;"">C) Quatre bombers.</div><hr style=""border: 0; border-top: 1px solid #ddd; margin: 12px 0;""><div style=""font-size: 13px; color: #444; line-height: 1.4;""><b style=""color: #111;"">Explicació:</b> La maniobra es realitza sobre els ponts de roda amb un mínim de quatre bombers.</div></div>","T32_-_Accidents_de_mobilitat_viaria","19668"
"<div style=""text-align: left; font-family: -apple-system, sans-serif;""><div style=""font-size: 11px; color: #888; margin-bottom: 6px;"">[T32 - Accidents de mobilitat viària] Pregunta 27</div><div style=""font-weight: bold; font-size: 16px; margin-bottom: 14px; line-height: 1.4;"">Quina funció té el sistema pneumàtic d’un camió?</div><div style=""font-size: 14px; line-height: 1.6;""><div style=""padding: 5px 0;""><b>A)</b> Controla el motor i la transmissió.</div><div style=""padding: 5px 0;""><b>B)</b> Alimenta el sistema elèctric de 24 V.</div><div style=""padding: 5px 0;""><b>C)</b> Controla els frens i la suspensió.</div><div style=""padding: 5px 0;""><b>D)</b> Acciona el bolquet i la grua de càrrega.</div></div></div>","<div style=""text-align: left; font-family: -apple-system, sans-serif;""><div style=""font-weight: bold; font-size: 16px; color: #10b981; margin-bottom: 8px;"">✓ Resposta Correcta: C</div><div style=""font-size: 14px; margin-bottom: 12px; padding: 10px; background: rgba(16,185,129,0.1); border-radius: 6px; border-left: 4px solid #10b981;"">C) Controla els frens i la suspensió.</div><hr style=""border: 0; border-top: 1px solid #ddd; margin: 12px 0;""><div style=""font-size: 13px; color: #444; line-height: 1.4;""><b style=""color: #111;"">Explicació:</b> El sistema pneumàtic està vinculat principalment als frens i a la suspensió.</div></div>","T32_-_Accidents_de_mobilitat_viaria","19622"
"<div style=""text-align: left; font-family: -apple-system, sans-serif;""><div style=""font-size: 11px; color: #888; margin-bottom: 6px;"">[T32 - Accidents de mobilitat viària] Pregunta 28</div><div style=""font-weight: bold; font-size: 16px; margin-bottom: 14px; line-height: 1.4;"">Quins elements d’un autocar poden condicionar la localització i evacuació de persones atrapades?</div><div style=""font-size: 14px; line-height: 1.6;""><div style=""padding: 5px 0;""><b>A)</b> Els parafangs, el capó i la safata posterior.</div><div style=""padding: 5px 0;""><b>B)</b> Els semiremolcs, els calderins i els dipòsits entre eixos.</div><div style=""padding: 5px 0;""><b>C)</b> Els bogis, les interconnexions i els pantògrafs.</div><div style=""padding: 5px 0;""><b>D)</b> Les bodegues d’equipatge, les plataformes PMR i els espais de descans del conductor.</div></div></div>","<div style=""text-align: left; font-family: -apple-system, sans-serif;""><div style=""font-weight: bold; font-size: 16px; color: #10b981; margin-bottom: 8px;"">✓ Resposta Correcta: D</div><div style=""font-size: 14px; margin-bottom: 12px; padding: 10px; background: rgba(16,185,129,0.1); border-radius: 6px; border-left: 4px solid #10b981;"">D) Les bodegues d’equipatge, les plataformes PMR i els espais de descans del conductor.</div><hr style=""border: 0; border-top: 1px solid #ddd; margin: 12px 0;""><div style=""font-size: 13px; color: #444; line-height: 1.4;""><b style=""color: #111;"">Explicació:</b> Aquests espais i mecanismes poden ocultar persones o dificultar les vies d’accés i evacuació.</div></div>","T32_-_Accidents_de_mobilitat_viaria","19605"
"<div style=""text-align: left; font-family: -apple-system, sans-serif;""><div style=""font-size: 11px; color: #888; margin-bottom: 6px;"">[T32 - Accidents de mobilitat viària] Pregunta 29</div><div style=""font-weight: bold; font-size: 16px; margin-bottom: 14px; line-height: 1.4;"">Quina és la primera actuació de seguretat abans d’iniciar maniobres en un accident de trànsit?</div><div style=""font-size: 14px; line-height: 1.6;""><div style=""padding: 5px 0;""><b>A)</b> Estabilitzar el vehicle amb tacs i cunyes.</div><div style=""padding: 5px 0;""><b>B)</b> Preparar les eines d’excarceració a la zona calenta.</div><div style=""padding: 5px 0;""><b>C)</b> Trencar els vidres per facilitar l’accés sanitari.</div><div style=""padding: 5px 0;""><b>D)</b> Delimitar físicament i senyalitzar l’escenari.</div></div></div>","<div style=""text-align: left; font-family: -apple-system, sans-serif;""><div style=""font-weight: bold; font-size: 16px; color: #10b981; margin-bottom: 8px;"">✓ Resposta Correcta: D</div><div style=""font-size: 14px; margin-bottom: 12px; padding: 10px; background: rgba(16,185,129,0.1); border-radius: 6px; border-left: 4px solid #10b981;"">D) Delimitar físicament i senyalitzar l’escenari.</div><hr style=""border: 0; border-top: 1px solid #ddd; margin: 12px 0;""><div style=""font-size: 13px; color: #444; line-height: 1.4;""><b style=""color: #111;"">Explicació:</b> La delimitació i senyalització inicial protegeixen intervinents i víctimes davant trànsit i intrusions.</div></div>","T32_-_Accidents_de_mobilitat_viaria","19714"
"<div style=""text-align: left; font-family: -apple-system, sans-serif;""><div style=""font-size: 11px; color: #888; margin-bottom: 6px;"">[T32 - Accidents de mobilitat viària] Pregunta 30</div><div style=""font-weight: bold; font-size: 16px; margin-bottom: 14px; line-height: 1.4;"">En quin tipus d’atrapament s’utilitzen principalment les maniobres d’excarceració?</div><div style=""font-size: 14px; line-height: 1.6;""><div style=""padding: 5px 0;""><b>A)</b> En l’atrapament físic tipus 1.</div><div style=""padding: 5px 0;""><b>B)</b> En l’atrapament físic tipus 2.</div><div style=""padding: 5px 0;""><b>C)</b> En qualsevol situació amb víctima inconscient.</div><div style=""padding: 5px 0;""><b>D)</b> En l’atrapament mecànic.</div></div></div>","<div style=""text-align: left; font-family: -apple-system, sans-serif;""><div style=""font-weight: bold; font-size: 16px; color: #10b981; margin-bottom: 8px;"">✓ Resposta Correcta: B</div><div style=""font-size: 14px; margin-bottom: 12px; padding: 10px; background: rgba(16,185,129,0.1); border-radius: 6px; border-left: 4px solid #10b981;"">B) En l’atrapament físic tipus 2.</div><hr style=""border: 0; border-top: 1px solid #ddd; margin: 12px 0;""><div style=""font-size: 13px; color: #444; line-height: 1.4;""><b style=""color: #111;"">Explicació:</b> L’excarceració està destinada a víctimes atrapades estructuralment entre elements deformats.</div></div>","T32_-_Accidents_de_mobilitat_viaria","19697"
"<div style=""text-align: left; font-family: -apple-system, sans-serif;""><div style=""font-size: 11px; color: #888; margin-bottom: 6px;"">[T32 - Accidents de mobilitat viària] Pregunta 31</div><div style=""font-weight: bold; font-size: 16px; margin-bottom: 14px; line-height: 1.4;"">Quin dels següents és un indicador d’impacte d’alta energia en un accident de trànsit?</div><div style=""font-size: 14px; line-height: 1.6;""><div style=""padding: 5px 0;""><b>A)</b> Un impacte a 30 km/h amb cinturó de seguretat.</div><div style=""padding: 5px 0;""><b>B)</b> Una precipitació d’1 metre amb cinturó de seguretat.</div><div style=""padding: 5px 0;""><b>C)</b> Una precipitació de més de 3 metres.</div><div style=""padding: 5px 0;""><b>D)</b> Un desplaçament del vehicle de 3 metres després de l’impacte.</div></div></div>","<div style=""text-align: left; font-family: -apple-system, sans-serif;""><div style=""font-weight: bold; font-size: 16px; color: #10b981; margin-bottom: 8px;"">✓ Resposta Correcta: C</div><div style=""font-size: 14px; margin-bottom: 12px; padding: 10px; background: rgba(16,185,129,0.1); border-radius: 6px; border-left: 4px solid #10b981;"">C) Una precipitació de més de 3 metres.</div><hr style=""border: 0; border-top: 1px solid #ddd; margin: 12px 0;""><div style=""font-size: 13px; color: #444; line-height: 1.4;""><b style=""color: #111;"">Explicació:</b> Entre els indicadors d’alta energia hi ha la precipitació de més de 3 metres, entre altres criteris.</div></div>","T32_-_Accidents_de_mobilitat_viaria","19659"
"<div style=""text-align: left; font-family: -apple-system, sans-serif;""><div style=""font-size: 11px; color: #888; margin-bottom: 6px;"">[T32 - Accidents de mobilitat viària] Pregunta 32</div><div style=""font-weight: bold; font-size: 16px; margin-bottom: 14px; line-height: 1.4;"">Quina funció estructural té el bastidor d’un autobús o autocar?</div><div style=""font-size: 14px; line-height: 1.6;""><div style=""padding: 5px 0;""><b>A)</b> Constitueix el recobriment exterior no estructural del vehicle.</div><div style=""padding: 5px 0;""><b>B)</b> Uneix exclusivament les portes laterals amb el sostre.</div><div style=""padding: 5px 0;""><b>C)</b> Forma l’habitacle superior i preserva l’espai vital dels passatgers.</div><div style=""padding: 5px 0;""><b>D)</b> Forma l’esquelet inferior i integra sistemes com motor, suspensió i transmissió.</div></div></div>","<div style=""text-align: left; font-family: -apple-system, sans-serif;""><div style=""font-weight: bold; font-size: 16px; color: #10b981; margin-bottom: 8px;"">✓ Resposta Correcta: D</div><div style=""font-size: 14px; margin-bottom: 12px; padding: 10px; background: rgba(16,185,129,0.1); border-radius: 6px; border-left: 4px solid #10b981;"">D) Forma l’esquelet inferior i integra sistemes com motor, suspensió i transmissió.</div><hr style=""border: 0; border-top: 1px solid #ddd; margin: 12px 0;""><div style=""font-size: 13px; color: #444; line-height: 1.4;""><b style=""color: #111;"">Explicació:</b> El bastidor és la base estructural inferior sobre la qual s’integren els principals sistemes mecànics.</div></div>","T32_-_Accidents_de_mobilitat_viaria","19610"
"<div style=""text-align: left; font-family: -apple-system, sans-serif;""><div style=""font-size: 11px; color: #888; margin-bottom: 6px;"">[T32 - Accidents de mobilitat viària] Pregunta 33</div><div style=""font-weight: bold; font-size: 16px; margin-bottom: 14px; line-height: 1.4;"">Per què els accidents ferroviaris poden ser especialment complexos per als serveis d’emergència?</div><div style=""font-size: 14px; line-height: 1.6;""><div style=""padding: 5px 0;""><b>A)</b> Perquè la intervenció es limita a l’evacuació i no permet maniobres de rescat.</div><div style=""padding: 5px 0;""><b>B)</b> Perquè els vagons tenen una estructura menys resistent que els vehicles de carretera.</div><div style=""padding: 5px 0;""><b>C)</b> Perquè sempre impliquen mercaderies perilloses i sistemes elèctrics actius.</div><div style=""padding: 5px 0;""><b>D)</b> Perquè poden afectar moltes persones, la infraestructura i l’entorn, i exigeixen coordinació específica.</div></div></div>","<div style=""text-align: left; font-family: -apple-system, sans-serif;""><div style=""font-weight: bold; font-size: 16px; color: #10b981; margin-bottom: 8px;"">✓ Resposta Correcta: D</div><div style=""font-size: 14px; margin-bottom: 12px; padding: 10px; background: rgba(16,185,129,0.1); border-radius: 6px; border-left: 4px solid #10b981;"">D) Perquè poden afectar moltes persones, la infraestructura i l’entorn, i exigeixen coordinació específica.</div><hr style=""border: 0; border-top: 1px solid #ddd; margin: 12px 0;""><div style=""font-size: 13px; color: #444; line-height: 1.4;""><b style=""color: #111;"">Explicació:</b> El manual destaca l’impacte potencial sobre persones i infraestructura i la necessitat de coordinació amb els organismes ferroviaris.</div></div>","T32_-_Accidents_de_mobilitat_viaria","19581"
"<div style=""text-align: left; font-family: -apple-system, sans-serif;""><div style=""font-size: 11px; color: #888; margin-bottom: 6px;"">[T32 - Accidents de mobilitat viària] Pregunta 34</div><div style=""font-weight: bold; font-size: 16px; margin-bottom: 14px; line-height: 1.4;"">Quina funció té la locomotora o cap de tren?</div><div style=""font-size: 14px; line-height: 1.6;""><div style=""padding: 5px 0;""><b>A)</b> Aplicar directament la frenada a cada eix del tren.</div><div style=""padding: 5px 0;""><b>B)</b> Connectar físicament i elèctricament els vagons.</div><div style=""padding: 5px 0;""><b>C)</b> Suportar el vehicle i permetre el gir als revolts.</div><div style=""padding: 5px 0;""><b>D)</b> Proporcionar la potència de tracció.</div></div></div>","<div style=""text-align: left; font-family: -apple-system, sans-serif;""><div style=""font-weight: bold; font-size: 16px; color: #10b981; margin-bottom: 8px;"">✓ Resposta Correcta: D</div><div style=""font-size: 14px; margin-bottom: 12px; padding: 10px; background: rgba(16,185,129,0.1); border-radius: 6px; border-left: 4px solid #10b981;"">D) Proporcionar la potència de tracció.</div><hr style=""border: 0; border-top: 1px solid #ddd; margin: 12px 0;""><div style=""font-size: 13px; color: #444; line-height: 1.4;""><b style=""color: #111;"">Explicació:</b> La locomotora aporta la tracció i pot estar en un extrem o integrada en unitats motoritzades.</div></div>","T32_-_Accidents_de_mobilitat_viaria","19628"
"<div style=""text-align: left; font-family: -apple-system, sans-serif;""><div style=""font-size: 11px; color: #888; margin-bottom: 6px;"">[T32 - Accidents de mobilitat viària] Pregunta 35</div><div style=""font-weight: bold; font-size: 16px; margin-bottom: 14px; line-height: 1.4;"">Quina responsabilitat té el cap d’intervenció respecte de la coordinació amb Mossos, SEM, policies locals i serveis viaris?</div><div style=""font-size: 14px; line-height: 1.6;""><div style=""padding: 5px 0;""><b>A)</b> Vetllar per una coordinació efectiva des del primer moment.</div><div style=""padding: 5px 0;""><b>B)</b> Limitar la coordinació a la gestió de l’accés viari.</div><div style=""padding: 5px 0;""><b>C)</b> Delegar tota la coordinació en el servei policial.</div><div style=""padding: 5px 0;""><b>D)</b> Coordinar-se únicament després de valorar les víctimes.</div></div></div>","<div style=""text-align: left; font-family: -apple-system, sans-serif;""><div style=""font-weight: bold; font-size: 16px; color: #10b981; margin-bottom: 8px;"">✓ Resposta Correcta: A</div><div style=""font-size: 14px; margin-bottom: 12px; padding: 10px; background: rgba(16,185,129,0.1); border-radius: 6px; border-left: 4px solid #10b981;"">A) Vetllar per una coordinació efectiva des del primer moment.</div><hr style=""border: 0; border-top: 1px solid #ddd; margin: 12px 0;""><div style=""font-size: 13px; color: #444; line-height: 1.4;""><b style=""color: #111;"">Explicació:</b> La seguretat depèn de responsabilitats clares, informació compartida i absència de duplicitats.</div></div>","T32_-_Accidents_de_mobilitat_viaria","19724"
"<div style=""text-align: left; font-family: -apple-system, sans-serif;""><div style=""font-size: 11px; color: #888; margin-bottom: 6px;"">[T32 - Accidents de mobilitat viària] Pregunta 36</div><div style=""font-weight: bold; font-size: 16px; margin-bottom: 14px; line-height: 1.4;"">En què influeix el nombre d’eixos d’un camió?</div><div style=""font-size: 14px; line-height: 1.6;""><div style=""padding: 5px 0;""><b>A)</b> En l’altura de la cabina i la rigidesa del xassís.</div><div style=""padding: 5px 0;""><b>B)</b> En el pes autoritzat, la distribució de càrrega, l’estabilitat i la maniobrabilitat.</div><div style=""padding: 5px 0;""><b>C)</b> En el tipus de combustible i la tensió del sistema elèctric.</div><div style=""padding: 5px 0;""><b>D)</b> En el tipus de contenidor i la naturalesa de la mercaderia.</div></div></div>","<div style=""text-align: left; font-family: -apple-system, sans-serif;""><div style=""font-weight: bold; font-size: 16px; color: #10b981; margin-bottom: 8px;"">✓ Resposta Correcta: B</div><div style=""font-size: 14px; margin-bottom: 12px; padding: 10px; background: rgba(16,185,129,0.1); border-radius: 6px; border-left: 4px solid #10b981;"">B) En el pes autoritzat, la distribució de càrrega, l’estabilitat i la maniobrabilitat.</div><hr style=""border: 0; border-top: 1px solid #ddd; margin: 12px 0;""><div style=""font-size: 13px; color: #444; line-height: 1.4;""><b style=""color: #111;"">Explicació:</b> La configuració d’eixos condiciona tant la capacitat de càrrega com el comportament dinàmic del vehicle.</div></div>","T32_-_Accidents_de_mobilitat_viaria","19619"
"<div style=""text-align: left; font-family: -apple-system, sans-serif;""><div style=""font-size: 11px; color: #888; margin-bottom: 6px;"">[T32 - Accidents de mobilitat viària] Pregunta 37</div><div style=""font-weight: bold; font-size: 16px; margin-bottom: 14px; line-height: 1.4;"">Què diferencia de manera general els accidents per xarxa viària dels accidents ferroviaris en la classificació introductòria?</div><div style=""font-size: 14px; line-height: 1.6;""><div style=""padding: 5px 0;""><b>A)</b> L’existència o no de víctimes atrapades.</div><div style=""padding: 5px 0;""><b>B)</b> El nombre de serveis d’emergència que hi intervenen.</div><div style=""padding: 5px 0;""><b>C)</b> El tipus d’infraestructura de transport on es produeixen.</div><div style=""padding: 5px 0;""><b>D)</b> La gravetat de les lesions que provoquen.</div></div></div>","<div style=""text-align: left; font-family: -apple-system, sans-serif;""><div style=""font-weight: bold; font-size: 16px; color: #10b981; margin-bottom: 8px;"">✓ Resposta Correcta: C</div><div style=""font-size: 14px; margin-bottom: 12px; padding: 10px; background: rgba(16,185,129,0.1); border-radius: 6px; border-left: 4px solid #10b981;"">C) El tipus d’infraestructura de transport on es produeixen.</div><hr style=""border: 0; border-top: 1px solid #ddd; margin: 12px 0;""><div style=""font-size: 13px; color: #444; line-height: 1.4;""><b style=""color: #111;"">Explicació:</b> La classificació inicial separa els accidents segons si es produeixen a carreteres, carrers o camins, o bé a la xarxa ferroviària.</div></div>","T32_-_Accidents_de_mobilitat_viaria","19582"
"<div style=""text-align: left; font-family: -apple-system, sans-serif;""><div style=""font-size: 11px; color: #888; margin-bottom: 6px;"">[T32 - Accidents de mobilitat viària] Pregunta 38</div><div style=""font-weight: bold; font-size: 16px; margin-bottom: 14px; line-height: 1.4;"">En quin supòsit s’aplica l’alliberament d’emergència en un accident de mobilitat viària?</div><div style=""font-size: 14px; line-height: 1.6;""><div style=""padding: 5px 0;""><b>A)</b> En qualsevol bolcada total amb víctimes a l’interior.</div><div style=""padding: 5px 0;""><b>B)</b> En qualsevol xoc frontal amb activació dels airbags.</div><div style=""padding: 5px 0;""><b>C)</b> En una aturada cardíaca presenciada o un incendi no controlable immediatament.</div><div style=""padding: 5px 0;""><b>D)</b> En qualsevol atrapament físic tipus 2.</div></div></div>","<div style=""text-align: left; font-family: -apple-system, sans-serif;""><div style=""font-weight: bold; font-size: 16px; color: #10b981; margin-bottom: 8px;"">✓ Resposta Correcta: C</div><div style=""font-size: 14px; margin-bottom: 12px; padding: 10px; background: rgba(16,185,129,0.1); border-radius: 6px; border-left: 4px solid #10b981;"">C) En una aturada cardíaca presenciada o un incendi no controlable immediatament.</div><hr style=""border: 0; border-top: 1px solid #ddd; margin: 12px 0;""><div style=""font-size: 13px; color: #444; line-height: 1.4;""><b style=""color: #111;"">Explicació:</b> L’alliberament d’emergència és el cas extrem de l’alliberament immediat i queda reservat a aquests supòsits crítics.</div></div>","T32_-_Accidents_de_mobilitat_viaria","19655"
"<div style=""text-align: left; font-family: -apple-system, sans-serif;""><div style=""font-size: 11px; color: #888; margin-bottom: 6px;"">[T32 - Accidents de mobilitat viària] Pregunta 39</div><div style=""font-weight: bold; font-size: 16px; margin-bottom: 14px; line-height: 1.4;"">Quina mesura ajuda a evitar lesions pels cantells creats en un vehicle durant l’excarceració?</div><div style=""font-size: 14px; line-height: 1.6;""><div style=""padding: 5px 0;""><b>A)</b> Cobrir totes les obertures amb una lona abans de continuar.</div><div style=""padding: 5px 0;""><b>B)</b> Eliminar l’estabilització per separar el vehicle dels cantells.</div><div style=""padding: 5px 0;""><b>C)</b> Retirar els seients per allunyar les víctimes de les vores.</div><div style=""padding: 5px 0;""><b>D)</b> Utilitzar proteccions toves i dures sobre les zones tallants.</div></div></div>","<div style=""text-align: left; font-family: -apple-system, sans-serif;""><div style=""font-weight: bold; font-size: 16px; color: #10b981; margin-bottom: 8px;"">✓ Resposta Correcta: D</div><div style=""font-size: 14px; margin-bottom: 12px; padding: 10px; background: rgba(16,185,129,0.1); border-radius: 6px; border-left: 4px solid #10b981;"">D) Utilitzar proteccions toves i dures sobre les zones tallants.</div><hr style=""border: 0; border-top: 1px solid #ddd; margin: 12px 0;""><div style=""font-size: 13px; color: #444; line-height: 1.4;""><b style=""color: #111;"">Explicació:</b> Les proteccions cobreixen les arestes i zones agressives generades per talls o deformacions.</div></div>","T32_-_Accidents_de_mobilitat_viaria","19736"
"<div style=""text-align: left; font-family: -apple-system, sans-serif;""><div style=""font-size: 11px; color: #888; margin-bottom: 6px;"">[T32 - Accidents de mobilitat viària] Pregunta 40</div><div style=""font-weight: bold; font-size: 16px; margin-bottom: 14px; line-height: 1.4;"">Quina funció té el Pla B mentre s’executa el Pla A en un rescat viari?</div><div style=""font-size: 14px; line-height: 1.6;""><div style=""padding: 5px 0;""><b>A)</b> Definir la via d’extracció més àmplia quan la víctima es manté estable.</div><div style=""padding: 5px 0;""><b>B)</b> Preveure una alternativa més ràpida si la víctima s’agreuja o apareix una situació sobrevinguda.</div><div style=""padding: 5px 0;""><b>C)</b> Establir les maniobres d’estabilització abans de l’abordatge sanitari.</div><div style=""padding: 5px 0;""><b>D)</b> Substituir el Pla A quan hi ha més d’un vehicle amb víctimes.</div></div></div>","<div style=""text-align: left; font-family: -apple-system, sans-serif;""><div style=""font-weight: bold; font-size: 16px; color: #10b981; margin-bottom: 8px;"">✓ Resposta Correcta: B</div><div style=""font-size: 14px; margin-bottom: 12px; padding: 10px; background: rgba(16,185,129,0.1); border-radius: 6px; border-left: 4px solid #10b981;"">B) Preveure una alternativa més ràpida si la víctima s’agreuja o apareix una situació sobrevinguda.</div><hr style=""border: 0; border-top: 1px solid #ddd; margin: 12px 0;""><div style=""font-size: 13px; color: #444; line-height: 1.4;""><b style=""color: #111;"">Explicació:</b> El Pla B s’ha de preestablir en paral·lel i consensuar-se abans que una urgència obligui a accelerar l’extracció.</div></div>","T32_-_Accidents_de_mobilitat_viaria","19663"
"<div style=""text-align: left; font-family: -apple-system, sans-serif;""><div style=""font-size: 11px; color: #888; margin-bottom: 6px;"">[T32 - Accidents de mobilitat viària] Pregunta 41</div><div style=""font-weight: bold; font-size: 16px; margin-bottom: 14px; line-height: 1.4;"">Quin efecte poden tenir la pluja, el fred, el vent, la calor o la poca visibilitat en un rescat viari?</div><div style=""font-size: 14px; line-height: 1.6;""><div style=""padding: 5px 0;""><b>A)</b> Afavorir relliscades, fatiga, pèrdua de concentració o dificultats de comunicació.</div><div style=""padding: 5px 0;""><b>B)</b> Afectar només la mobilitat de les víctimes atrapades.</div><div style=""padding: 5px 0;""><b>C)</b> Reduir la necessitat de zonificar l’escenari.</div><div style=""padding: 5px 0;""><b>D)</b> Incrementar únicament el risc elèctric dels vehicles.</div></div></div>","<div style=""text-align: left; font-family: -apple-system, sans-serif;""><div style=""font-weight: bold; font-size: 16px; color: #10b981; margin-bottom: 8px;"">✓ Resposta Correcta: A</div><div style=""font-size: 14px; margin-bottom: 12px; padding: 10px; background: rgba(16,185,129,0.1); border-radius: 6px; border-left: 4px solid #10b981;"">A) Afavorir relliscades, fatiga, pèrdua de concentració o dificultats de comunicació.</div><hr style=""border: 0; border-top: 1px solid #ddd; margin: 12px 0;""><div style=""font-size: 13px; color: #444; line-height: 1.4;""><b style=""color: #111;"">Explicació:</b> Els factors ambientals modifiquen tant la seguretat física com el rendiment dels equips.</div></div>","T32_-_Accidents_de_mobilitat_viaria","19740"
"<div style=""text-align: left; font-family: -apple-system, sans-serif;""><div style=""font-size: 11px; color: #888; margin-bottom: 6px;"">[T32 - Accidents de mobilitat viària] Pregunta 42</div><div style=""font-weight: bold; font-size: 16px; margin-bottom: 14px; line-height: 1.4;"">Quina característica tenen els vidres laminats d’un vehicle quan es trenquen?</div><div style=""font-size: 14px; line-height: 1.6;""><div style=""padding: 5px 0;""><b>A)</b> Es fragmenten en múltiples trossos petits independents.</div><div style=""padding: 5px 0;""><b>B)</b> Els fragments queden adherits a la làmina polimèrica.</div><div style=""padding: 5px 0;""><b>C)</b> Es deformen sense fracturar-se per la seva composició plàstica.</div><div style=""padding: 5px 0;""><b>D)</b> Es desprenen sencers del marc per reduir el risc de tall.</div></div></div>","<div style=""text-align: left; font-family: -apple-system, sans-serif;""><div style=""font-weight: bold; font-size: 16px; color: #10b981; margin-bottom: 8px;"">✓ Resposta Correcta: B</div><div style=""font-size: 14px; margin-bottom: 12px; padding: 10px; background: rgba(16,185,129,0.1); border-radius: 6px; border-left: 4px solid #10b981;"">B) Els fragments queden adherits a la làmina polimèrica.</div><hr style=""border: 0; border-top: 1px solid #ddd; margin: 12px 0;""><div style=""font-size: 13px; color: #444; line-height: 1.4;""><b style=""color: #111;"">Explicació:</b> Els vidres laminats incorporen una làmina polimèrica entre dues capes de vidre que reté els fragments.</div></div>","T32_-_Accidents_de_mobilitat_viaria","19590"
"<div style=""text-align: left; font-family: -apple-system, sans-serif;""><div style=""font-size: 11px; color: #888; margin-bottom: 6px;"">[T32 - Accidents de mobilitat viària] Pregunta 43</div><div style=""font-weight: bold; font-size: 16px; margin-bottom: 14px; line-height: 1.4;"">Quina limitació té el desplaçament del volant i la columna de direcció?</div><div style=""font-size: 14px; line-height: 1.6;""><div style=""padding: 5px 0;""><b>A)</b> No es pot aplicar en col·lisions frontals.</div><div style=""padding: 5px 0;""><b>B)</b> No es pot fer amb eines hidràuliques.</div><div style=""padding: 5px 0;""><b>C)</b> No és útil per alliberar extremitats inferiors atrapades.</div><div style=""padding: 5px 0;""><b>D)</b> No genera espai a la zona del conductor.</div></div></div>","<div style=""text-align: left; font-family: -apple-system, sans-serif;""><div style=""font-weight: bold; font-size: 16px; color: #10b981; margin-bottom: 8px;"">✓ Resposta Correcta: C</div><div style=""font-size: 14px; margin-bottom: 12px; padding: 10px; background: rgba(16,185,129,0.1); border-radius: 6px; border-left: 4px solid #10b981;"">C) No és útil per alliberar extremitats inferiors atrapades.</div><hr style=""border: 0; border-top: 1px solid #ddd; margin: 12px 0;""><div style=""font-size: 13px; color: #444; line-height: 1.4;""><b style=""color: #111;"">Explicació:</b> La maniobra actua sobre el tors i no resol l’atrapament de les cames o peus.</div></div>","T32_-_Accidents_de_mobilitat_viaria","19701"
"<div style=""text-align: left; font-family: -apple-system, sans-serif;""><div style=""font-size: 11px; color: #888; margin-bottom: 6px;"">[T32 - Accidents de mobilitat viària] Pregunta 44</div><div style=""font-weight: bold; font-size: 16px; margin-bottom: 14px; line-height: 1.4;"">Quina funció té l’estabilització secundària d’un vehicle accidentat?</div><div style=""font-size: 14px; line-height: 1.6;""><div style=""padding: 5px 0;""><b>A)</b> Reduir els punts de suport per facilitar l’extracció.</div><div style=""padding: 5px 0;""><b>B)</b> Substituir l’estabilització primària per sistemes hidràulics.</div><div style=""padding: 5px 0;""><b>C)</b> Permetre moure el vehicle fins a una posició més estable.</div><div style=""padding: 5px 0;""><b>D)</b> Complementar l’estabilització primària amb elements addicionals.</div></div></div>","<div style=""text-align: left; font-family: -apple-system, sans-serif;""><div style=""font-weight: bold; font-size: 16px; color: #10b981; margin-bottom: 8px;"">✓ Resposta Correcta: D</div><div style=""font-size: 14px; margin-bottom: 12px; padding: 10px; background: rgba(16,185,129,0.1); border-radius: 6px; border-left: 4px solid #10b981;"">D) Complementar l’estabilització primària amb elements addicionals.</div><hr style=""border: 0; border-top: 1px solid #ddd; margin: 12px 0;""><div style=""font-size: 13px; color: #444; line-height: 1.4;""><b style=""color: #111;"">Explicació:</b> La secundària augmenta el nivell d’estabilitat amb recursos més enllà dels tacs i cunyes.</div></div>","T32_-_Accidents_de_mobilitat_viaria","19678"
"<div style=""text-align: left; font-family: -apple-system, sans-serif;""><div style=""font-size: 11px; color: #888; margin-bottom: 6px;"">[T32 - Accidents de mobilitat viària] Pregunta 45</div><div style=""font-weight: bold; font-size: 16px; margin-bottom: 14px; line-height: 1.4;"">Què caracteritza un atrapament mecànic en un accident de mobilitat viària?</div><div style=""font-size: 14px; line-height: 1.6;""><div style=""padding: 5px 0;""><b>A)</b> La víctima necessita una extracció immediata per risc vital.</div><div style=""padding: 5px 0;""><b>B)</b> La víctima presenta lesions que obliguen a crear més espai, sense atrapament estructural.</div><div style=""padding: 5px 0;""><b>C)</b> La víctima està il·lesa o lleu però no pot sortir per la deformació de l’estructura.</div><div style=""padding: 5px 0;""><b>D)</b> La víctima està comprimida entre elements deformats del vehicle.</div></div></div>","<div style=""text-align: left; font-family: -apple-system, sans-serif;""><div style=""font-weight: bold; font-size: 16px; color: #10b981; margin-bottom: 8px;"">✓ Resposta Correcta: C</div><div style=""font-size: 14px; margin-bottom: 12px; padding: 10px; background: rgba(16,185,129,0.1); border-radius: 6px; border-left: 4px solid #10b981;"">C) La víctima està il·lesa o lleu però no pot sortir per la deformació de l’estructura.</div><hr style=""border: 0; border-top: 1px solid #ddd; margin: 12px 0;""><div style=""font-size: 13px; color: #444; line-height: 1.4;""><b style=""color: #111;"">Explicació:</b> En l’atrapament mecànic el problema és l’accés bloquejat per la deformació, no l’estat clínic greu ni l’empresonament físic.</div></div>","T32_-_Accidents_de_mobilitat_viaria","19649"
"<div style=""text-align: left; font-family: -apple-system, sans-serif;""><div style=""font-size: 11px; color: #888; margin-bottom: 6px;"">[T32 - Accidents de mobilitat viària] Pregunta 46</div><div style=""font-weight: bold; font-size: 16px; margin-bottom: 14px; line-height: 1.4;"">Per què les cisalles, separadors, coixins pneumàtics i talladores exigeixen control i coordinació?</div><div style=""font-size: 14px; line-height: 1.6;""><div style=""padding: 5px 0;""><b>A)</b> Perquè generen necessàriament risc elèctric d’alta tensió.</div><div style=""padding: 5px 0;""><b>B)</b> Perquè només poden utilitzar-se des de la zona tèbia.</div><div style=""padding: 5px 0;""><b>C)</b> Perquè desenvolupen grans forces i poden causar lesions per contacte o projeccions.</div><div style=""padding: 5px 0;""><b>D)</b> Perquè poden desestabilitzar qualsevol vehicle encara que estigui immobilitzat.</div></div></div>","<div style=""text-align: left; font-family: -apple-system, sans-serif;""><div style=""font-weight: bold; font-size: 16px; color: #10b981; margin-bottom: 8px;"">✓ Resposta Correcta: C</div><div style=""font-size: 14px; margin-bottom: 12px; padding: 10px; background: rgba(16,185,129,0.1); border-radius: 6px; border-left: 4px solid #10b981;"">C) Perquè desenvolupen grans forces i poden causar lesions per contacte o projeccions.</div><hr style=""border: 0; border-top: 1px solid #ddd; margin: 12px 0;""><div style=""font-size: 13px; color: #444; line-height: 1.4;""><b style=""color: #111;"">Explicació:</b> La potència de les eines fa imprescindible controlar la zona d’acció i coordinar-ne l’ús.</div></div>","T32_-_Accidents_de_mobilitat_viaria","19733"
"<div style=""text-align: left; font-family: -apple-system, sans-serif;""><div style=""font-size: 11px; color: #888; margin-bottom: 6px;"">[T32 - Accidents de mobilitat viària] Pregunta 47</div><div style=""font-weight: bold; font-size: 16px; margin-bottom: 14px; line-height: 1.4;"">Quin tipus d’impacte en un accident de mobilitat viària sol ser el més sever pel que fa a les conseqüències?</div><div style=""font-size: 14px; line-height: 1.6;""><div style=""padding: 5px 0;""><b>A)</b> La sortida de via sense bolcada.</div><div style=""padding: 5px 0;""><b>B)</b> El xoc posterior.</div><div style=""padding: 5px 0;""><b>C)</b> El xoc frontal.</div><div style=""padding: 5px 0;""><b>D)</b> El xoc lateral.</div></div></div>","<div style=""text-align: left; font-family: -apple-system, sans-serif;""><div style=""font-weight: bold; font-size: 16px; color: #10b981; margin-bottom: 8px;"">✓ Resposta Correcta: C</div><div style=""font-size: 14px; margin-bottom: 12px; padding: 10px; background: rgba(16,185,129,0.1); border-radius: 6px; border-left: 4px solid #10b981;"">C) El xoc frontal.</div><hr style=""border: 0; border-top: 1px solid #ddd; margin: 12px 0;""><div style=""font-size: 13px; color: #444; line-height: 1.4;""><b style=""color: #111;"">Explicació:</b> El manual assenyala el xoc frontal com el que habitualment presenta les conseqüències més severes.</div></div>","T32_-_Accidents_de_mobilitat_viaria","19639"
"<div style=""text-align: left; font-family: -apple-system, sans-serif;""><div style=""font-size: 11px; color: #888; margin-bottom: 6px;"">[T32 - Accidents de mobilitat viària] Pregunta 48</div><div style=""font-weight: bold; font-size: 16px; margin-bottom: 14px; line-height: 1.4;"">Quants punts té una estabilització mínima d’un vehicle en ordre de marxa?</div><div style=""font-size: 14px; line-height: 1.6;""><div style=""padding: 5px 0;""><b>A)</b> Cinc punts.</div><div style=""padding: 5px 0;""><b>B)</b> Tres punts.</div><div style=""padding: 5px 0;""><b>C)</b> Quatre punts.</div><div style=""padding: 5px 0;""><b>D)</b> Sis punts.</div></div></div>","<div style=""text-align: left; font-family: -apple-system, sans-serif;""><div style=""font-weight: bold; font-size: 16px; color: #10b981; margin-bottom: 8px;"">✓ Resposta Correcta: B</div><div style=""font-size: 14px; margin-bottom: 12px; padding: 10px; background: rgba(16,185,129,0.1); border-radius: 6px; border-left: 4px solid #10b981;"">B) Tres punts.</div><hr style=""border: 0; border-top: 1px solid #ddd; margin: 12px 0;""><div style=""font-size: 13px; color: #444; line-height: 1.4;""><b style=""color: #111;"">Explicació:</b> L’estabilització mínima utilitza tres punts i s’aplica habitualment a vehicles B.</div></div>","T32_-_Accidents_de_mobilitat_viaria","19671"
"<div style=""text-align: left; font-family: -apple-system, sans-serif;""><div style=""font-size: 11px; color: #888; margin-bottom: 6px;"">[T32 - Accidents de mobilitat viària] Pregunta 49</div><div style=""font-weight: bold; font-size: 16px; margin-bottom: 14px; line-height: 1.4;"">En un accident de mobilitat viària, quan s’anomena «vehicle A» un dels vehicles implicats?</div><div style=""font-size: 14px; line-height: 1.6;""><div style=""padding: 5px 0;""><b>A)</b> Quan necessita maniobres d’excarceració.</div><div style=""padding: 5px 0;""><b>B)</b> Quan té víctimes a l’interior.</div><div style=""padding: 5px 0;""><b>C)</b> Quan és el vehicle que ha provocat l’impacte.</div><div style=""padding: 5px 0;""><b>D)</b> Quan presenta atrapament estructural.</div></div></div>","<div style=""text-align: left; font-family: -apple-system, sans-serif;""><div style=""font-weight: bold; font-size: 16px; color: #10b981; margin-bottom: 8px;"">✓ Resposta Correcta: B</div><div style=""font-size: 14px; margin-bottom: 12px; padding: 10px; background: rgba(16,185,129,0.1); border-radius: 6px; border-left: 4px solid #10b981;"">B) Quan té víctimes a l’interior.</div><hr style=""border: 0; border-top: 1px solid #ddd; margin: 12px 0;""><div style=""font-size: 13px; color: #444; line-height: 1.4;""><b style=""color: #111;"">Explicació:</b> La denominació A depèn de la presència de víctimes a l’interior, no del tipus d’impacte ni de la responsabilitat.</div></div>","T32_-_Accidents_de_mobilitat_viaria","19646"
"<div style=""text-align: left; font-family: -apple-system, sans-serif;""><div style=""font-size: 11px; color: #888; margin-bottom: 6px;"">[T32 - Accidents de mobilitat viària] Pregunta 50</div><div style=""font-weight: bold; font-size: 16px; margin-bottom: 14px; line-height: 1.4;"">Quins tipus de dany pot causar un accident de mobilitat viària?</div><div style=""font-size: 14px; line-height: 1.6;""><div style=""padding: 5px 0;""><b>A)</b> Danys estructurals, mecànics i sanitaris.</div><div style=""padding: 5px 0;""><b>B)</b> Danys lleus, greus i catastròfics.</div><div style=""padding: 5px 0;""><b>C)</b> Danys viaris, ferroviaris i logístics.</div><div style=""padding: 5px 0;""><b>D)</b> Danys materials, ambientals i personals.</div></div></div>","<div style=""text-align: left; font-family: -apple-system, sans-serif;""><div style=""font-weight: bold; font-size: 16px; color: #10b981; margin-bottom: 8px;"">✓ Resposta Correcta: D</div><div style=""font-size: 14px; margin-bottom: 12px; padding: 10px; background: rgba(16,185,129,0.1); border-radius: 6px; border-left: 4px solid #10b981;"">D) Danys materials, ambientals i personals.</div><hr style=""border: 0; border-top: 1px solid #ddd; margin: 12px 0;""><div style=""font-size: 13px; color: #444; line-height: 1.4;""><b style=""color: #111;"">Explicació:</b> La classificació de la definició distingeix danys materials, ambientals i personals.</div></div>","T32_-_Accidents_de_mobilitat_viaria","19577"
"<div style=""text-align: left; font-family: -apple-system, sans-serif;""><div style=""font-size: 11px; color: #888; margin-bottom: 6px;"">[T32 - Accidents de mobilitat viària] Pregunta 51</div><div style=""font-weight: bold; font-size: 16px; margin-bottom: 14px; line-height: 1.4;"">Quin tipus de vidre s’utilitza habitualment al parabrisa dels vehicles?</div><div style=""font-size: 14px; line-height: 1.6;""><div style=""padding: 5px 0;""><b>A)</b> Policarbonat.</div><div style=""padding: 5px 0;""><b>B)</b> Vidre monolític sense tractament.</div><div style=""padding: 5px 0;""><b>C)</b> Vidre temperat.</div><div style=""padding: 5px 0;""><b>D)</b> Vidre laminat.</div></div></div>","<div style=""text-align: left; font-family: -apple-system, sans-serif;""><div style=""font-weight: bold; font-size: 16px; color: #10b981; margin-bottom: 8px;"">✓ Resposta Correcta: D</div><div style=""font-size: 14px; margin-bottom: 12px; padding: 10px; background: rgba(16,185,129,0.1); border-radius: 6px; border-left: 4px solid #10b981;"">D) Vidre laminat.</div><hr style=""border: 0; border-top: 1px solid #ddd; margin: 12px 0;""><div style=""font-size: 13px; color: #444; line-height: 1.4;""><b style=""color: #111;"">Explicació:</b> El parabrisa sol ser laminat, fet que manté els fragments units quan es trenca.</div></div>","T32_-_Accidents_de_mobilitat_viaria","19591"
"<div style=""text-align: left; font-family: -apple-system, sans-serif;""><div style=""font-size: 11px; color: #888; margin-bottom: 6px;"">[T32 - Accidents de mobilitat viària] Pregunta 52</div><div style=""font-weight: bold; font-size: 16px; margin-bottom: 14px; line-height: 1.4;"">Quan és especialment útil l’elevació de sostre amb separador, coneguda com a «tenda»?</div><div style=""font-size: 14px; line-height: 1.6;""><div style=""padding: 5px 0;""><b>A)</b> Quan cal desplaçar lateralment un muntant B col·lapsat.</div><div style=""padding: 5px 0;""><b>B)</b> Quan cal recuperar espai d’un sostre col·lapsat o crear una obertura urgent, especialment en berlines.</div><div style=""padding: 5px 0;""><b>C)</b> Quan es vol crear una via inferior a través del xassís.</div><div style=""padding: 5px 0;""><b>D)</b> Quan es vol retirar completament el sostre en una extracció en bloc.</div></div></div>","<div style=""text-align: left; font-family: -apple-system, sans-serif;""><div style=""font-weight: bold; font-size: 16px; color: #10b981; margin-bottom: 8px;"">✓ Resposta Correcta: B</div><div style=""font-size: 14px; margin-bottom: 12px; padding: 10px; background: rgba(16,185,129,0.1); border-radius: 6px; border-left: 4px solid #10b981;"">B) Quan cal recuperar espai d’un sostre col·lapsat o crear una obertura urgent, especialment en berlines.</div><hr style=""border: 0; border-top: 1px solid #ddd; margin: 12px 0;""><div style=""font-size: 13px; color: #444; line-height: 1.4;""><b style=""color: #111;"">Explicació:</b> La maniobra tenda permet elevar localment el sostre i pot aprofitar l’obertura de la lluna posterior.</div></div>","T32_-_Accidents_de_mobilitat_viaria","19713"
"<div style=""text-align: left; font-family: -apple-system, sans-serif;""><div style=""font-size: 11px; color: #888; margin-bottom: 6px;"">[T32 - Accidents de mobilitat viària] Pregunta 53</div><div style=""font-weight: bold; font-size: 16px; margin-bottom: 14px; line-height: 1.4;"">Què és el balanceig d’un vehicle en ordre de marxa?</div><div style=""font-size: 14px; line-height: 1.6;""><div style=""padding: 5px 0;""><b>A)</b> Un desplaçament horitzontal endavant i endarrere en el sentit de la marxa.</div><div style=""padding: 5px 0;""><b>B)</b> Un gir a dreta o esquerra sobre un eix vertical central.</div><div style=""padding: 5px 0;""><b>C)</b> Un moviment pivotant a dreta i esquerra sense desplaçament longitudinal.</div><div style=""padding: 5px 0;""><b>D)</b> Un moviment endavant i endarrere sense desplaçament longitudinal.</div></div></div>","<div style=""text-align: left; font-family: -apple-system, sans-serif;""><div style=""font-weight: bold; font-size: 16px; color: #10b981; margin-bottom: 8px;"">✓ Resposta Correcta: C</div><div style=""font-size: 14px; margin-bottom: 12px; padding: 10px; background: rgba(16,185,129,0.1); border-radius: 6px; border-left: 4px solid #10b981;"">C) Un moviment pivotant a dreta i esquerra sense desplaçament longitudinal.</div><hr style=""border: 0; border-top: 1px solid #ddd; margin: 12px 0;""><div style=""font-size: 13px; color: #444; line-height: 1.4;""><b style=""color: #111;"">Explicació:</b> El balanceig és una oscil·lació lateral pivotant, sense translació longitudinal.</div></div>","T32_-_Accidents_de_mobilitat_viaria","19598"
"<div style=""text-align: left; font-family: -apple-system, sans-serif;""><div style=""font-size: 11px; color: #888; margin-bottom: 6px;"">[T32 - Accidents de mobilitat viària] Pregunta 54</div><div style=""font-weight: bold; font-size: 16px; margin-bottom: 14px; line-height: 1.4;"">Quina mesura ajuda a reduir la fatiga en una intervenció prolongada sota condicions ambientals adverses?</div><div style=""font-size: 14px; line-height: 1.6;""><div style=""padding: 5px 0;""><b>A)</b> Rotar el personal.</div><div style=""padding: 5px 0;""><b>B)</b> Reduir la zonificació operativa.</div><div style=""padding: 5px 0;""><b>C)</b> Prescindir de l’EPI quan l’escenari està estabilitzat.</div><div style=""padding: 5px 0;""><b>D)</b> Concentrar els efectius a la zona calenta.</div></div></div>","<div style=""text-align: left; font-family: -apple-system, sans-serif;""><div style=""font-weight: bold; font-size: 16px; color: #10b981; margin-bottom: 8px;"">✓ Resposta Correcta: A</div><div style=""font-size: 14px; margin-bottom: 12px; padding: 10px; background: rgba(16,185,129,0.1); border-radius: 6px; border-left: 4px solid #10b981;"">A) Rotar el personal.</div><hr style=""border: 0; border-top: 1px solid #ddd; margin: 12px 0;""><div style=""font-size: 13px; color: #444; line-height: 1.4;""><b style=""color: #111;"">Explicació:</b> La rotació limita l’exposició continuada i ajuda a mantenir la capacitat operativa.</div></div>","T32_-_Accidents_de_mobilitat_viaria","19741"
"<div style=""text-align: left; font-family: -apple-system, sans-serif;""><div style=""font-size: 11px; color: #888; margin-bottom: 6px;"">[T32 - Accidents de mobilitat viària] Pregunta 55</div><div style=""font-weight: bold; font-size: 16px; margin-bottom: 14px; line-height: 1.4;"">Què exigeix la normativa ECE R66 a la superestructura d’un autobús en cas de bolcada?</div><div style=""font-size: 14px; line-height: 1.6;""><div style=""padding: 5px 0;""><b>A)</b> Mantenir intacta tota la carrosseria exterior.</div><div style=""padding: 5px 0;""><b>B)</b> Preservar un espai de supervivència lliure de deformacions internes.</div><div style=""padding: 5px 0;""><b>C)</b> Garantir que totes les portes puguin obrir-se després de l’impacte.</div><div style=""padding: 5px 0;""><b>D)</b> Evitar qualsevol desplaçament dels seients.</div></div></div>","<div style=""text-align: left; font-family: -apple-system, sans-serif;""><div style=""font-weight: bold; font-size: 16px; color: #10b981; margin-bottom: 8px;"">✓ Resposta Correcta: B</div><div style=""font-size: 14px; margin-bottom: 12px; padding: 10px; background: rgba(16,185,129,0.1); border-radius: 6px; border-left: 4px solid #10b981;"">B) Preservar un espai de supervivència lliure de deformacions internes.</div><hr style=""border: 0; border-top: 1px solid #ddd; margin: 12px 0;""><div style=""font-size: 13px; color: #444; line-height: 1.4;""><b style=""color: #111;"">Explicació:</b> La normativa ECE R66 se centra en la preservació d’un espai de supervivència per als ocupants.</div></div>","T32_-_Accidents_de_mobilitat_viaria","19613"
"<div style=""text-align: left; font-family: -apple-system, sans-serif;""><div style=""font-size: 11px; color: #888; margin-bottom: 6px;"">[T32 - Accidents de mobilitat viària] Pregunta 56</div><div style=""font-weight: bold; font-size: 16px; margin-bottom: 14px; line-height: 1.4;"">Quina finalitat pot tenir la gestió dels vidres en un vehicle accidentat?</div><div style=""font-size: 14px; line-height: 1.6;""><div style=""padding: 5px 0;""><b>A)</b> Reduir l’energia acumulada a la carrosseria.</div><div style=""padding: 5px 0;""><b>B)</b> Permetre l’accés inicial o preparar una futura via d’extracció segura.</div><div style=""padding: 5px 0;""><b>C)</b> Alliberar una víctima atrapada per les extremitats.</div><div style=""padding: 5px 0;""><b>D)</b> Estabilitzar el sostre abans de retirar els muntants.</div></div></div>","<div style=""text-align: left; font-family: -apple-system, sans-serif;""><div style=""font-weight: bold; font-size: 16px; color: #10b981; margin-bottom: 8px;"">✓ Resposta Correcta: B</div><div style=""font-size: 14px; margin-bottom: 12px; padding: 10px; background: rgba(16,185,129,0.1); border-radius: 6px; border-left: 4px solid #10b981;"">B) Permetre l’accés inicial o preparar una futura via d’extracció segura.</div><hr style=""border: 0; border-top: 1px solid #ddd; margin: 12px 0;""><div style=""font-size: 13px; color: #444; line-height: 1.4;""><b style=""color: #111;"">Explicació:</b> Retirar o trencar vidres pot crear un accés inicial o eliminar interferències amb maniobres posteriors.</div></div>","T32_-_Accidents_de_mobilitat_viaria","19680"
"<div style=""text-align: left; font-family: -apple-system, sans-serif;""><div style=""font-size: 11px; color: #888; margin-bottom: 6px;"">[T32 - Accidents de mobilitat viària] Pregunta 57</div><div style=""font-weight: bold; font-size: 16px; margin-bottom: 14px; line-height: 1.4;"">Quina particularitat presenten habitualment els accidents de mobilitat viària amb turismes?</div><div style=""font-size: 14px; line-height: 1.6;""><div style=""padding: 5px 0;""><b>A)</b> Són especialment complexos per la massa i les grans dimensions.</div><div style=""padding: 5px 0;""><b>B)</b> Solen requerir coordinació específica amb organismes ferroviaris.</div><div style=""padding: 5px 0;""><b>C)</b> Són més freqüents i poden generar situacions complexes d’excarceració.</div><div style=""padding: 5px 0;""><b>D)</b> Són menys freqüents però solen implicar moltes víctimes.</div></div></div>","<div style=""text-align: left; font-family: -apple-system, sans-serif;""><div style=""font-weight: bold; font-size: 16px; color: #10b981; margin-bottom: 8px;"">✓ Resposta Correcta: C</div><div style=""font-size: 14px; margin-bottom: 12px; padding: 10px; background: rgba(16,185,129,0.1); border-radius: 6px; border-left: 4px solid #10b981;"">C) Són més freqüents i poden generar situacions complexes d’excarceració.</div><hr style=""border: 0; border-top: 1px solid #ddd; margin: 12px 0;""><div style=""font-size: 13px; color: #444; line-height: 1.4;""><b style=""color: #111;"">Explicació:</b> Els accidents amb turismes són els més habituals, encara que habitualment impliquin menys víctimes que altres tipologies.</div></div>","T32_-_Accidents_de_mobilitat_viaria","19578"
"<div style=""text-align: left; font-family: -apple-system, sans-serif;""><div style=""font-size: 11px; color: #888; margin-bottom: 6px;"">[T32 - Accidents de mobilitat viària] Pregunta 58</div><div style=""font-weight: bold; font-size: 16px; margin-bottom: 14px; line-height: 1.4;"">Quina mitjana anual aproximada d’accidents amb víctimes es va registrar a Catalunya entre 2014 i 2023?</div><div style=""font-size: 14px; line-height: 1.6;""><div style=""padding: 5px 0;""><b>A)</b> Uns 18.000 accidents.</div><div style=""padding: 5px 0;""><b>B)</b> Uns 24.000 accidents.</div><div style=""padding: 5px 0;""><b>C)</b> Uns 28.000 accidents.</div><div style=""padding: 5px 0;""><b>D)</b> Uns 22.000 accidents.</div></div></div>","<div style=""text-align: left; font-family: -apple-system, sans-serif;""><div style=""font-weight: bold; font-size: 16px; color: #10b981; margin-bottom: 8px;"">✓ Resposta Correcta: D</div><div style=""font-size: 14px; margin-bottom: 12px; padding: 10px; background: rgba(16,185,129,0.1); border-radius: 6px; border-left: 4px solid #10b981;"">D) Uns 22.000 accidents.</div><hr style=""border: 0; border-top: 1px solid #ddd; margin: 12px 0;""><div style=""font-size: 13px; color: #444; line-height: 1.4;""><b style=""color: #111;"">Explicació:</b> La mitjana de la dècada 2014-2023 se situa aproximadament en 22.000 accidents anuals amb víctimes.</div></div>","T32_-_Accidents_de_mobilitat_viaria","19568"
"<div style=""text-align: left; font-family: -apple-system, sans-serif;""><div style=""font-size: 11px; color: #888; margin-bottom: 6px;"">[T32 - Accidents de mobilitat viària] Pregunta 59</div><div style=""font-weight: bold; font-size: 16px; margin-bottom: 14px; line-height: 1.4;"">Què estudia la biomecànica aplicada als accidents de trànsit?</div><div style=""font-size: 14px; line-height: 1.6;""><div style=""padding: 5px 0;""><b>A)</b> Els mecanismes lesius a partir de coneixements de física i medicina.</div><div style=""padding: 5px 0;""><b>B)</b> Les deformacions estructurals a partir de mecànica i enginyeria.</div><div style=""padding: 5px 0;""><b>C)</b> La trajectòria dels vehicles a partir de física i investigació policial.</div><div style=""padding: 5px 0;""><b>D)</b> La gravetat clínica a partir de medicina i triatge sanitari.</div></div></div>","<div style=""text-align: left; font-family: -apple-system, sans-serif;""><div style=""font-weight: bold; font-size: 16px; color: #10b981; margin-bottom: 8px;"">✓ Resposta Correcta: A</div><div style=""font-size: 14px; margin-bottom: 12px; padding: 10px; background: rgba(16,185,129,0.1); border-radius: 6px; border-left: 4px solid #10b981;"">A) Els mecanismes lesius a partir de coneixements de física i medicina.</div><hr style=""border: 0; border-top: 1px solid #ddd; margin: 12px 0;""><div style=""font-size: 13px; color: #444; line-height: 1.4;""><b style=""color: #111;"">Explicació:</b> La biomecànica relaciona física i medicina per anticipar possibles lesions segons el mecanisme de l’accident.</div></div>","T32_-_Accidents_de_mobilitat_viaria","19657"
"<div style=""text-align: left; font-family: -apple-system, sans-serif;""><div style=""font-size: 11px; color: #888; margin-bottom: 6px;"">[T32 - Accidents de mobilitat viària] Pregunta 60</div><div style=""font-weight: bold; font-size: 16px; margin-bottom: 14px; line-height: 1.4;"">Quina zona de l’AGO concentra les maniobres de salvament i rescat?</div><div style=""font-size: 14px; line-height: 1.6;""><div style=""padding: 5px 0;""><b>A)</b> La zona freda.</div><div style=""padding: 5px 0;""><b>B)</b> La zona tèbia.</div><div style=""padding: 5px 0;""><b>C)</b> La zona calenta.</div><div style=""padding: 5px 0;""><b>D)</b> L’àrea de relleu i SOS.</div></div></div>","<div style=""text-align: left; font-family: -apple-system, sans-serif;""><div style=""font-weight: bold; font-size: 16px; color: #10b981; margin-bottom: 8px;"">✓ Resposta Correcta: C</div><div style=""font-size: 14px; margin-bottom: 12px; padding: 10px; background: rgba(16,185,129,0.1); border-radius: 6px; border-left: 4px solid #10b981;"">C) La zona calenta.</div><hr style=""border: 0; border-top: 1px solid #ddd; margin: 12px 0;""><div style=""font-size: 13px; color: #444; line-height: 1.4;""><b style=""color: #111;"">Explicació:</b> La zona calenta és la de més risc perquè és on es treballa directament sobre les víctimes i els vehicles.</div></div>","T32_-_Accidents_de_mobilitat_viaria","19716"
"<div style=""text-align: left; font-family: -apple-system, sans-serif;""><div style=""font-size: 11px; color: #888; margin-bottom: 6px;"">[T32 - Accidents de mobilitat viària] Pregunta 61</div><div style=""font-weight: bold; font-size: 16px; margin-bottom: 14px; line-height: 1.4;"">Què defineix un accident de mobilitat viària en el manual d’intervenció bàsica?</div><div style=""font-size: 14px; line-height: 1.6;""><div style=""padding: 5px 0;""><b>A)</b> Un incident amb dos o més vehicles que causa danys materials o personals.</div><div style=""padding: 5px 0;""><b>B)</b> Un incident amb vehicles en moviment que provoca danys personals.</div><div style=""padding: 5px 0;""><b>C)</b> Un incident amb un o més vehicles, en moviment o aturats, que causa danys i requereix resposta d’emergència.</div><div style=""padding: 5px 0;""><b>D)</b> Un incident viari amb vehicles motoritzats que requereix excarceració.</div></div></div>","<div style=""text-align: left; font-family: -apple-system, sans-serif;""><div style=""font-weight: bold; font-size: 16px; color: #10b981; margin-bottom: 8px;"">✓ Resposta Correcta: C</div><div style=""font-size: 14px; margin-bottom: 12px; padding: 10px; background: rgba(16,185,129,0.1); border-radius: 6px; border-left: 4px solid #10b981;"">C) Un incident amb un o més vehicles, en moviment o aturats, que causa danys i requereix resposta d’emergència.</div><hr style=""border: 0; border-top: 1px solid #ddd; margin: 12px 0;""><div style=""font-size: 13px; color: #444; line-height: 1.4;""><b style=""color: #111;"">Explicació:</b> La definició inclou vehicles en moviment o aturats, diferents tipus de dany i la necessitat de resposta dels serveis d’emergència.</div></div>","T32_-_Accidents_de_mobilitat_viaria","19576"
"<div style=""text-align: left; font-family: -apple-system, sans-serif;""><div style=""font-size: 11px; color: #888; margin-bottom: 6px;"">[T32 - Accidents de mobilitat viària] Pregunta 62</div><div style=""font-weight: bold; font-size: 16px; margin-bottom: 14px; line-height: 1.4;"">Quina utilitat té una bona valoració operativa en un accident de mobilitat viària?</div><div style=""font-size: 14px; line-height: 1.6;""><div style=""padding: 5px 0;""><b>A)</b> Garantir la seguretat, determinar recursos i adaptar les maniobres a l’escenari.</div><div style=""padding: 5px 0;""><b>B)</b> Classificar les víctimes, establir el tractament i decidir el centre hospitalari.</div><div style=""padding: 5px 0;""><b>C)</b> Determinar la causa de l’accident, identificar responsabilitats i ordenar el trànsit.</div><div style=""padding: 5px 0;""><b>D)</b> Prioritzar l’excarceració, limitar els recursos i reduir el temps d’intervenció.</div></div></div>","<div style=""text-align: left; font-family: -apple-system, sans-serif;""><div style=""font-weight: bold; font-size: 16px; color: #10b981; margin-bottom: 8px;"">✓ Resposta Correcta: A</div><div style=""font-size: 14px; margin-bottom: 12px; padding: 10px; background: rgba(16,185,129,0.1); border-radius: 6px; border-left: 4px solid #10b981;"">A) Garantir la seguretat, determinar recursos i adaptar les maniobres a l’escenari.</div><hr style=""border: 0; border-top: 1px solid #ddd; margin: 12px 0;""><div style=""font-size: 13px; color: #444; line-height: 1.4;""><b style=""color: #111;"">Explicació:</b> La valoració serveix per orientar la seguretat, els recursos i les maniobres segons les condicions reals de l’escenari.</div></div>","T32_-_Accidents_de_mobilitat_viaria","19635"
"<div style=""text-align: left; font-family: -apple-system, sans-serif;""><div style=""font-size: 11px; color: #888; margin-bottom: 6px;"">[T32 - Accidents de mobilitat viària] Pregunta 63</div><div style=""font-weight: bold; font-size: 16px; margin-bottom: 14px; line-height: 1.4;"">Quin és l’objectiu de l’abatiment de seient o maniobra «catalana»?</div><div style=""font-size: 14px; line-height: 1.6;""><div style=""padding: 5px 0;""><b>A)</b> Separar el seient de la talonera lateral.</div><div style=""padding: 5px 0;""><b>B)</b> Retirar completament el seient per la porta posterior.</div><div style=""padding: 5px 0;""><b>C)</b> Desplaçar el seient cap al quadre de comandament.</div><div style=""padding: 5px 0;""><b>D)</b> Generar espai quan el respatller no es pot abatre convencionalment.</div></div></div>","<div style=""text-align: left; font-family: -apple-system, sans-serif;""><div style=""font-weight: bold; font-size: 16px; color: #10b981; margin-bottom: 8px;"">✓ Resposta Correcta: D</div><div style=""font-size: 14px; margin-bottom: 12px; padding: 10px; background: rgba(16,185,129,0.1); border-radius: 6px; border-left: 4px solid #10b981;"">D) Generar espai quan el respatller no es pot abatre convencionalment.</div><hr style=""border: 0; border-top: 1px solid #ddd; margin: 12px 0;""><div style=""font-size: 13px; color: #444; line-height: 1.4;""><b style=""color: #111;"">Explicació:</b> La maniobra permet modificar el seient amb cisalla o separador quan el mecanisme convencional no funciona.</div></div>","T32_-_Accidents_de_mobilitat_viaria","19711"
"<div style=""text-align: left; font-family: -apple-system, sans-serif;""><div style=""font-size: 11px; color: #888; margin-bottom: 6px;"">[T32 - Accidents de mobilitat viària] Pregunta 64</div><div style=""font-weight: bold; font-size: 16px; margin-bottom: 14px; line-height: 1.4;"">Quina via d’extracció és habitualment preferent en un vehicle que disposa de porta posterior?</div><div style=""font-size: 14px; line-height: 1.6;""><div style=""padding: 5px 0;""><b>A)</b> La porta lateral davantera.</div><div style=""padding: 5px 0;""><b>B)</b> La porta posterior.</div><div style=""padding: 5px 0;""><b>C)</b> El sostre.</div><div style=""padding: 5px 0;""><b>D)</b> El parabrisa.</div></div></div>","<div style=""text-align: left; font-family: -apple-system, sans-serif;""><div style=""font-weight: bold; font-size: 16px; color: #10b981; margin-bottom: 8px;"">✓ Resposta Correcta: B</div><div style=""font-size: 14px; margin-bottom: 12px; padding: 10px; background: rgba(16,185,129,0.1); border-radius: 6px; border-left: 4px solid #10b981;"">B) La porta posterior.</div><hr style=""border: 0; border-top: 1px solid #ddd; margin: 12px 0;""><div style=""font-size: 13px; color: #444; line-height: 1.4;""><b style=""color: #111;"">Explicació:</b> El manual assenyala la porta posterior com a via preferent d’extracció.</div></div>","T32_-_Accidents_de_mobilitat_viaria","19588"
"<div style=""text-align: left; font-family: -apple-system, sans-serif;""><div style=""font-size: 11px; color: #888; margin-bottom: 6px;"">[T32 - Accidents de mobilitat viària] Pregunta 65</div><div style=""font-weight: bold; font-size: 16px; margin-bottom: 14px; line-height: 1.4;"">Quina característica diferencia operativament un autocar d’un autobús urbà?</div><div style=""font-size: 14px; line-height: 1.6;""><div style=""padding: 5px 0;""><b>A)</b> L’autocar prioritza l’entrada i sortida ràpida per damunt de la comoditat.</div><div style=""padding: 5px 0;""><b>B)</b> L’autocar està pensat per recorreguts curts i permet habitualment passatgers dempeus.</div><div style=""padding: 5px 0;""><b>C)</b> L’autocar no disposa habitualment d’espais d’equipatge a la part inferior.</div><div style=""padding: 5px 0;""><b>D)</b> L’autocar està pensat per recorreguts mitjans o llargs i els passatgers viatgen asseguts.</div></div></div>","<div style=""text-align: left; font-family: -apple-system, sans-serif;""><div style=""font-weight: bold; font-size: 16px; color: #10b981; margin-bottom: 8px;"">✓ Resposta Correcta: D</div><div style=""font-size: 14px; margin-bottom: 12px; padding: 10px; background: rgba(16,185,129,0.1); border-radius: 6px; border-left: 4px solid #10b981;"">D) L’autocar està pensat per recorreguts mitjans o llargs i els passatgers viatgen asseguts.</div><hr style=""border: 0; border-top: 1px solid #ddd; margin: 12px 0;""><div style=""font-size: 13px; color: #444; line-height: 1.4;""><b style=""color: #111;"">Explicació:</b> Els autocars prioritzen comoditat i seguretat en recorreguts mitjans o llargs i habitualment disposen de bodegues.</div></div>","T32_-_Accidents_de_mobilitat_viaria","19606"
"<div style=""text-align: left; font-family: -apple-system, sans-serif;""><div style=""font-size: 11px; color: #888; margin-bottom: 6px;"">[T32 - Accidents de mobilitat viària] Pregunta 66</div><div style=""font-weight: bold; font-size: 16px; margin-bottom: 14px; line-height: 1.4;"">Quina maniobra es pot utilitzar habitualment en un alliberament d’emergència si les condicions ho permeten?</div><div style=""font-size: 14px; line-height: 1.6;""><div style=""padding: 5px 0;""><b>A)</b> La maniobra de Rautek.</div><div style=""padding: 5px 0;""><b>B)</b> La separació progressiva del quadre de comandament.</div><div style=""padding: 5px 0;""><b>C)</b> La retirada completa del sostre.</div><div style=""padding: 5px 0;""><b>D)</b> El desmunt lateral ampliat.</div></div></div>","<div style=""text-align: left; font-family: -apple-system, sans-serif;""><div style=""font-weight: bold; font-size: 16px; color: #10b981; margin-bottom: 8px;"">✓ Resposta Correcta: A</div><div style=""font-size: 14px; margin-bottom: 12px; padding: 10px; background: rgba(16,185,129,0.1); border-radius: 6px; border-left: 4px solid #10b981;"">A) La maniobra de Rautek.</div><hr style=""border: 0; border-top: 1px solid #ddd; margin: 12px 0;""><div style=""font-size: 13px; color: #444; line-height: 1.4;""><b style=""color: #111;"">Explicació:</b> El manual assenyala la maniobra de Rautek com una opció habitual en l’alliberament d’emergència quan és possible.</div></div>","T32_-_Accidents_de_mobilitat_viaria","19656"
"<div style=""text-align: left; font-family: -apple-system, sans-serif;""><div style=""font-size: 11px; color: #888; margin-bottom: 6px;"">[T32 - Accidents de mobilitat viària] Pregunta 67</div><div style=""font-weight: bold; font-size: 16px; margin-bottom: 14px; line-height: 1.4;"">Per què un accident d’autobús o autocar pot tenir un gran impacte tot i la seva sinistralitat relativament baixa?</div><div style=""font-size: 14px; line-height: 1.6;""><div style=""padding: 5px 0;""><b>A)</b> Perquè aquests vehicles transporten habitualment mercaderies perilloses.</div><div style=""padding: 5px 0;""><b>B)</b> Perquè la seva estructura és menys resistent que la d’un turisme.</div><div style=""padding: 5px 0;""><b>C)</b> Perquè pot implicar moltes víctimes i una intervenció tècnicament complexa.</div><div style=""padding: 5px 0;""><b>D)</b> Perquè els sistemes de frenada deixen de funcionar després de qualsevol impacte.</div></div></div>","<div style=""text-align: left; font-family: -apple-system, sans-serif;""><div style=""font-weight: bold; font-size: 16px; color: #10b981; margin-bottom: 8px;"">✓ Resposta Correcta: C</div><div style=""font-size: 14px; margin-bottom: 12px; padding: 10px; background: rgba(16,185,129,0.1); border-radius: 6px; border-left: 4px solid #10b981;"">C) Perquè pot implicar moltes víctimes i una intervenció tècnicament complexa.</div><hr style=""border: 0; border-top: 1px solid #ddd; margin: 12px 0;""><div style=""font-size: 13px; color: #444; line-height: 1.4;""><b style=""color: #111;"">Explicació:</b> La combinació de gran ocupació, espais condicionats i estructura específica pot convertir el rescat en una operació complexa.</div></div>","T32_-_Accidents_de_mobilitat_viaria","19604"
"<div style=""text-align: left; font-family: -apple-system, sans-serif;""><div style=""font-size: 11px; color: #888; margin-bottom: 6px;"">[T32 - Accidents de mobilitat viària] Pregunta 68</div><div style=""font-weight: bold; font-size: 16px; margin-bottom: 14px; line-height: 1.4;"">On se situen habitualment els accessos principals d’un autobús?</div><div style=""font-size: 14px; line-height: 1.6;""><div style=""padding: 5px 0;""><b>A)</b> A la part posterior del vehicle.</div><div style=""padding: 5px 0;""><b>B)</b> Repartits simètricament a les dues bandes.</div><div style=""padding: 5px 0;""><b>C)</b> A la banda esquerra, al costat del conductor.</div><div style=""padding: 5px 0;""><b>D)</b> A la banda dreta, oposada al conductor.</div></div></div>","<div style=""text-align: left; font-family: -apple-system, sans-serif;""><div style=""font-weight: bold; font-size: 16px; color: #10b981; margin-bottom: 8px;"">✓ Resposta Correcta: D</div><div style=""font-size: 14px; margin-bottom: 12px; padding: 10px; background: rgba(16,185,129,0.1); border-radius: 6px; border-left: 4px solid #10b981;"">D) A la banda dreta, oposada al conductor.</div><hr style=""border: 0; border-top: 1px solid #ddd; margin: 12px 0;""><div style=""font-size: 13px; color: #444; line-height: 1.4;""><b style=""color: #111;"">Explicació:</b> El document situa els accessos habituals a la banda dreta, oposada al conductor.</div></div>","T32_-_Accidents_de_mobilitat_viaria","19612"
"<div style=""text-align: left; font-family: -apple-system, sans-serif;""><div style=""font-size: 11px; color: #888; margin-bottom: 6px;"">[T32 - Accidents de mobilitat viària] Pregunta 69</div><div style=""font-weight: bold; font-size: 16px; margin-bottom: 14px; line-height: 1.4;"">Com es coneix la maniobra de desmunt parcial de sostre amb serra de sabre en un vehicle en ordre de marxa?</div><div style=""font-size: 14px; line-height: 1.6;""><div style=""padding: 5px 0;""><b>A)</b> Cinquena falca.</div><div style=""padding: 5px 0;""><b>B)</b> Catalana.</div><div style=""padding: 5px 0;""><b>C)</b> Tenda.</div><div style=""padding: 5px 0;""><b>D)</b> Llauna de sardines.</div></div></div>","<div style=""text-align: left; font-family: -apple-system, sans-serif;""><div style=""font-weight: bold; font-size: 16px; color: #10b981; margin-bottom: 8px;"">✓ Resposta Correcta: D</div><div style=""font-size: 14px; margin-bottom: 12px; padding: 10px; background: rgba(16,185,129,0.1); border-radius: 6px; border-left: 4px solid #10b981;"">D) Llauna de sardines.</div><hr style=""border: 0; border-top: 1px solid #ddd; margin: 12px 0;""><div style=""font-size: 13px; color: #444; line-height: 1.4;""><b style=""color: #111;"">Explicació:</b> La maniobra de dos talls paral·lels al sostre rep aquesta denominació operativa.</div></div>","T32_-_Accidents_de_mobilitat_viaria","19692"
"<div style=""text-align: left; font-family: -apple-system, sans-serif;""><div style=""font-size: 11px; color: #888; margin-bottom: 6px;"">[T32 - Accidents de mobilitat viària] Pregunta 70</div><div style=""font-weight: bold; font-size: 16px; margin-bottom: 14px; line-height: 1.4;"">Quin EPI és especialment adequat davant vidres trencats i vores metàl·liques afilades?</div><div style=""font-size: 14px; line-height: 1.6;""><div style=""padding: 5px 0;""><b>A)</b> Casc forestal, ulleres opaques i protecció respiratòria autònoma.</div><div style=""padding: 5px 0;""><b>B)</b> Guants aïllants, pantalla tèrmica i protecció auditiva.</div><div style=""padding: 5px 0;""><b>C)</b> Armilla d’alta visibilitat, guants de cuir i filtre químic.</div><div style=""padding: 5px 0;""><b>D)</b> Guants antitall, ulleres o pantalla facial i mascareta FFP3.</div></div></div>","<div style=""text-align: left; font-family: -apple-system, sans-serif;""><div style=""font-weight: bold; font-size: 16px; color: #10b981; margin-bottom: 8px;"">✓ Resposta Correcta: D</div><div style=""font-size: 14px; margin-bottom: 12px; padding: 10px; background: rgba(16,185,129,0.1); border-radius: 6px; border-left: 4px solid #10b981;"">D) Guants antitall, ulleres o pantalla facial i mascareta FFP3.</div><hr style=""border: 0; border-top: 1px solid #ddd; margin: 12px 0;""><div style=""font-size: 13px; color: #444; line-height: 1.4;""><b style=""color: #111;"">Explicació:</b> La protecció ha d’adreçar-se al risc de tall, projeccions i partícules.</div></div>","T32_-_Accidents_de_mobilitat_viaria","19735"
"<div style=""text-align: left; font-family: -apple-system, sans-serif;""><div style=""font-size: 11px; color: #888; margin-bottom: 6px;"">[T32 - Accidents de mobilitat viària] Pregunta 71</div><div style=""font-weight: bold; font-size: 16px; margin-bottom: 14px; line-height: 1.4;"">Quines vies alternatives d’accés es poden valorar si les portes d’un tren accidentat han quedat inutilitzades?</div><div style=""font-size: 14px; line-height: 1.6;""><div style=""padding: 5px 0;""><b>A)</b> Finestres d’emergència, interconnexions o obertures amb eines especials.</div><div style=""padding: 5px 0;""><b>B)</b> Bogis, pantògrafs o compartiments de frenada.</div><div style=""padding: 5px 0;""><b>C)</b> Catenàries, tercer rail o conductes pneumàtics.</div><div style=""padding: 5px 0;""><b>D)</b> Cabina del maquinista, vies paral·leles o passos de roda.</div></div></div>","<div style=""text-align: left; font-family: -apple-system, sans-serif;""><div style=""font-weight: bold; font-size: 16px; color: #10b981; margin-bottom: 8px;"">✓ Resposta Correcta: A</div><div style=""font-size: 14px; margin-bottom: 12px; padding: 10px; background: rgba(16,185,129,0.1); border-radius: 6px; border-left: 4px solid #10b981;"">A) Finestres d’emergència, interconnexions o obertures amb eines especials.</div><hr style=""border: 0; border-top: 1px solid #ddd; margin: 12px 0;""><div style=""font-size: 13px; color: #444; line-height: 1.4;""><b style=""color: #111;"">Explicació:</b> Les deformacions o avaries poden inutilitzar les portes i obligar a buscar accessos alternatius.</div></div>","T32_-_Accidents_de_mobilitat_viaria","19632"
"<div style=""text-align: left; font-family: -apple-system, sans-serif;""><div style=""font-size: 11px; color: #888; margin-bottom: 6px;"">[T32 - Accidents de mobilitat viària] Pregunta 72</div><div style=""font-weight: bold; font-size: 16px; margin-bottom: 14px; line-height: 1.4;"">Quins combustibles gasosos utilitzen els vehicles bivalents descrits al manual d’accidents de mobilitat viària?</div><div style=""font-size: 14px; line-height: 1.6;""><div style=""padding: 5px 0;""><b>A)</b> GNC o GLP.</div><div style=""padding: 5px 0;""><b>B)</b> GNC o etanol.</div><div style=""padding: 5px 0;""><b>C)</b> GLP o biodièsel.</div><div style=""padding: 5px 0;""><b>D)</b> GNL o hidrogen.</div></div></div>","<div style=""text-align: left; font-family: -apple-system, sans-serif;""><div style=""font-weight: bold; font-size: 16px; color: #10b981; margin-bottom: 8px;"">✓ Resposta Correcta: A</div><div style=""font-size: 14px; margin-bottom: 12px; padding: 10px; background: rgba(16,185,129,0.1); border-radius: 6px; border-left: 4px solid #10b981;"">A) GNC o GLP.</div><hr style=""border: 0; border-top: 1px solid #ddd; margin: 12px 0;""><div style=""font-size: 13px; color: #444; line-height: 1.4;""><b style=""color: #111;"">Explicació:</b> Els vehicles bivalents adapten un motor de combustió per funcionar amb gas natural comprimit o gas liquat del petroli.</div></div>","T32_-_Accidents_de_mobilitat_viaria","19594"
"<div style=""text-align: left; font-family: -apple-system, sans-serif;""><div style=""font-size: 11px; color: #888; margin-bottom: 6px;"">[T32 - Accidents de mobilitat viària] Pregunta 73</div><div style=""font-weight: bold; font-size: 16px; margin-bottom: 14px; line-height: 1.4;"">Per què un camió pot generar una gran energia cinètica fins i tot a velocitats moderades?</div><div style=""font-size: 14px; line-height: 1.6;""><div style=""padding: 5px 0;""><b>A)</b> Per la quantitat d’eixos.</div><div style=""padding: 5px 0;""><b>B)</b> Per la seva altura.</div><div style=""padding: 5px 0;""><b>C)</b> Per la seva gran massa.</div><div style=""padding: 5px 0;""><b>D)</b> Per la pressió del sistema pneumàtic.</div></div></div>","<div style=""text-align: left; font-family: -apple-system, sans-serif;""><div style=""font-weight: bold; font-size: 16px; color: #10b981; margin-bottom: 8px;"">✓ Resposta Correcta: C</div><div style=""font-size: 14px; margin-bottom: 12px; padding: 10px; background: rgba(16,185,129,0.1); border-radius: 6px; border-left: 4px solid #10b981;"">C) Per la seva gran massa.</div><hr style=""border: 0; border-top: 1px solid #ddd; margin: 12px 0;""><div style=""font-size: 13px; color: #444; line-height: 1.4;""><b style=""color: #111;"">Explicació:</b> La massa elevada fa que l’energia cinètica sigui considerable encara que la velocitat no sigui alta.</div></div>","T32_-_Accidents_de_mobilitat_viaria","19623"
"<div style=""text-align: left; font-family: -apple-system, sans-serif;""><div style=""font-size: 11px; color: #888; margin-bottom: 6px;"">[T32 - Accidents de mobilitat viària] Pregunta 74</div><div style=""font-weight: bold; font-size: 16px; margin-bottom: 14px; line-height: 1.4;"">Quins elements poden originar incendis, explosions o contaminació química en un vehicle accidentat?</div><div style=""font-size: 14px; line-height: 1.6;""><div style=""padding: 5px 0;""><b>A)</b> Pneumàtics, seients o revestiments interiors.</div><div style=""padding: 5px 0;""><b>B)</b> Vidres, muntants o travessers.</div><div style=""padding: 5px 0;""><b>C)</b> Cinturons, airbags o reposacaps.</div><div style=""padding: 5px 0;""><b>D)</b> Combustibles, olis o bateries.</div></div></div>","<div style=""text-align: left; font-family: -apple-system, sans-serif;""><div style=""font-weight: bold; font-size: 16px; color: #10b981; margin-bottom: 8px;"">✓ Resposta Correcta: D</div><div style=""font-size: 14px; margin-bottom: 12px; padding: 10px; background: rgba(16,185,129,0.1); border-radius: 6px; border-left: 4px solid #10b981;"">D) Combustibles, olis o bateries.</div><hr style=""border: 0; border-top: 1px solid #ddd; margin: 12px 0;""><div style=""font-size: 13px; color: #444; line-height: 1.4;""><b style=""color: #111;"">Explicació:</b> Els fluids inflamables i els sistemes d’emmagatzematge d’energia poden desencadenar riscos secundaris.</div></div>","T32_-_Accidents_de_mobilitat_viaria","19731"
"<div style=""text-align: left; font-family: -apple-system, sans-serif;""><div style=""font-size: 11px; color: #888; margin-bottom: 6px;"">[T32 - Accidents de mobilitat viària] Pregunta 75</div><div style=""font-weight: bold; font-size: 16px; margin-bottom: 14px; line-height: 1.4;"">Com ha de ser la valoració operativa en una intervenció per accident de mobilitat viària?</div><div style=""font-size: 14px; line-height: 1.6;""><div style=""padding: 5px 0;""><b>A)</b> Objectiva, puntual i limitada a l’estat de les víctimes.</div><div style=""padding: 5px 0;""><b>B)</b> Objectiva, contínua i coordinada entre els serveis presents.</div><div style=""padding: 5px 0;""><b>C)</b> Contínua, sanitària i centrada principalment en l’excarceració.</div><div style=""padding: 5px 0;""><b>D)</b> Ràpida, inicial i dirigida exclusivament pel comandament de Bombers.</div></div></div>","<div style=""text-align: left; font-family: -apple-system, sans-serif;""><div style=""font-weight: bold; font-size: 16px; color: #10b981; margin-bottom: 8px;"">✓ Resposta Correcta: B</div><div style=""font-size: 14px; margin-bottom: 12px; padding: 10px; background: rgba(16,185,129,0.1); border-radius: 6px; border-left: 4px solid #10b981;"">B) Objectiva, contínua i coordinada entre els serveis presents.</div><hr style=""border: 0; border-top: 1px solid #ddd; margin: 12px 0;""><div style=""font-size: 13px; color: #444; line-height: 1.4;""><b style=""color: #111;"">Explicació:</b> La valoració no s’esgota en l’arribada: s’ha de mantenir durant la intervenció i coordinar-se entre els serveis presents.</div></div>","T32_-_Accidents_de_mobilitat_viaria","19634"
"<div style=""text-align: left; font-family: -apple-system, sans-serif;""><div style=""font-size: 11px; color: #888; margin-bottom: 6px;"">[T32 - Accidents de mobilitat viària] Pregunta 76</div><div style=""font-weight: bold; font-size: 16px; margin-bottom: 14px; line-height: 1.4;"">Si una porta deformada no s’obre accionant el pany, quina zona s’acostuma a forçar primer?</div><div style=""font-size: 14px; line-height: 1.6;""><div style=""padding: 5px 0;""><b>A)</b> La zona del muntant B.</div><div style=""padding: 5px 0;""><b>B)</b> La part superior del marc de la porta.</div><div style=""padding: 5px 0;""><b>C)</b> La zona inferior de la talonera.</div><div style=""padding: 5px 0;""><b>D)</b> La zona del pany.</div></div></div>","<div style=""text-align: left; font-family: -apple-system, sans-serif;""><div style=""font-weight: bold; font-size: 16px; color: #10b981; margin-bottom: 8px;"">✓ Resposta Correcta: D</div><div style=""font-size: 14px; margin-bottom: 12px; padding: 10px; background: rgba(16,185,129,0.1); border-radius: 6px; border-left: 4px solid #10b981;"">D) La zona del pany.</div><hr style=""border: 0; border-top: 1px solid #ddd; margin: 12px 0;""><div style=""font-size: 13px; color: #444; line-height: 1.4;""><b style=""color: #111;"">Explicació:</b> L’obertura forçada s’acostuma a iniciar a la zona del pany, encara que també es pot actuar sobre les frontisses.</div></div>","T32_-_Accidents_de_mobilitat_viaria","19683"
"<div style=""text-align: left; font-family: -apple-system, sans-serif;""><div style=""font-size: 11px; color: #888; margin-bottom: 6px;"">[T32 - Accidents de mobilitat viària] Pregunta 77</div><div style=""font-weight: bold; font-size: 16px; margin-bottom: 14px; line-height: 1.4;"">Com s’han de considerar els equips de protecció individual en una intervenció per accident de trànsit?</div><div style=""font-size: 14px; line-height: 1.6;""><div style=""padding: 5px 0;""><b>A)</b> Com un recurs opcional quan l’escenari està estabilitzat.</div><div style=""padding: 5px 0;""><b>B)</b> Com una protecció destinada principalment a la zona tèbia.</div><div style=""padding: 5px 0;""><b>C)</b> Com un complement necessari només durant les maniobres amb eines.</div><div style=""padding: 5px 0;""><b>D)</b> Com una eina fonamental d’autoprotecció adaptada als riscos i a les tasques.</div></div></div>","<div style=""text-align: left; font-family: -apple-system, sans-serif;""><div style=""font-weight: bold; font-size: 16px; color: #10b981; margin-bottom: 8px;"">✓ Resposta Correcta: D</div><div style=""font-size: 14px; margin-bottom: 12px; padding: 10px; background: rgba(16,185,129,0.1); border-radius: 6px; border-left: 4px solid #10b981;"">D) Com una eina fonamental d’autoprotecció adaptada als riscos i a les tasques.</div><hr style=""border: 0; border-top: 1px solid #ddd; margin: 12px 0;""><div style=""font-size: 13px; color: #444; line-height: 1.4;""><b style=""color: #111;"">Explicació:</b> Els EPI formen part essencial de l’autoprotecció i s’han d’ajustar a les maniobres i riscos concrets.</div></div>","T32_-_Accidents_de_mobilitat_viaria","19725"
"<div style=""text-align: left; font-family: -apple-system, sans-serif;""><div style=""font-size: 11px; color: #888; margin-bottom: 6px;"">[T32 - Accidents de mobilitat viària] Pregunta 78</div><div style=""font-weight: bold; font-size: 16px; margin-bottom: 14px; line-height: 1.4;"">Quina combinació és adequada per reduir el risc d’atropellament en un accident de trànsit?</div><div style=""font-size: 14px; line-height: 1.6;""><div style=""padding: 5px 0;""><b>A)</b> Proteccions toves, mascareta FFP3 i higiene de mans.</div><div style=""padding: 5px 0;""><b>B)</b> Senyalització avançada, alta visibilitat i vigilància del trànsit.</div><div style=""padding: 5px 0;""><b>C)</b> Desconnexió de bateries, escuma preventiva i puntals.</div><div style=""padding: 5px 0;""><b>D)</b> Estabilització secundària, guants aïllants i control de càrrega.</div></div></div>","<div style=""text-align: left; font-family: -apple-system, sans-serif;""><div style=""font-weight: bold; font-size: 16px; color: #10b981; margin-bottom: 8px;"">✓ Resposta Correcta: B</div><div style=""font-size: 14px; margin-bottom: 12px; padding: 10px; background: rgba(16,185,129,0.1); border-radius: 6px; border-left: 4px solid #10b981;"">B) Senyalització avançada, alta visibilitat i vigilància del trànsit.</div><hr style=""border: 0; border-top: 1px solid #ddd; margin: 12px 0;""><div style=""font-size: 13px; color: #444; line-height: 1.4;""><b style=""color: #111;"">Explicació:</b> Aquestes mesures actuen específicament sobre el risc generat pels altres vehicles de la via.</div></div>","T32_-_Accidents_de_mobilitat_viaria","19728"
"<div style=""text-align: left; font-family: -apple-system, sans-serif;""><div style=""font-size: 11px; color: #888; margin-bottom: 6px;"">[T32 - Accidents de mobilitat viària] Pregunta 79</div><div style=""font-weight: bold; font-size: 16px; margin-bottom: 14px; line-height: 1.4;"">Quin és l’objectiu d’un desmunt lateral en un turisme accidentat?</div><div style=""font-size: 14px; line-height: 1.6;""><div style=""padding: 5px 0;""><b>A)</b> Crear una gran via lateral d’accés i extracció.</div><div style=""padding: 5px 0;""><b>B)</b> Crear una via superior per a una extracció vertical.</div><div style=""padding: 5px 0;""><b>C)</b> Recuperar l’altura de l’habitacle després d’un col·lapse del sostre.</div><div style=""padding: 5px 0;""><b>D)</b> Alliberar les extremitats inferiors del conductor.</div></div></div>","<div style=""text-align: left; font-family: -apple-system, sans-serif;""><div style=""font-weight: bold; font-size: 16px; color: #10b981; margin-bottom: 8px;"">✓ Resposta Correcta: A</div><div style=""font-size: 14px; margin-bottom: 12px; padding: 10px; background: rgba(16,185,129,0.1); border-radius: 6px; border-left: 4px solid #10b981;"">A) Crear una gran via lateral d’accés i extracció.</div><hr style=""border: 0; border-top: 1px solid #ddd; margin: 12px 0;""><div style=""font-size: 13px; color: #444; line-height: 1.4;""><b style=""color: #111;"">Explicació:</b> Retirar portes i muntants d’un lateral obre simultàniament l’accés a places davanteres i posteriors.</div></div>","T32_-_Accidents_de_mobilitat_viaria","19686"
"<div style=""text-align: left; font-family: -apple-system, sans-serif;""><div style=""font-size: 11px; color: #888; margin-bottom: 6px;"">[T32 - Accidents de mobilitat viària] Pregunta 80</div><div style=""font-weight: bold; font-size: 16px; margin-bottom: 14px; line-height: 1.4;"">Quins accidents s’inclouen en les dades d’accidentalitat de Catalunya del període 2014-2023?</div><div style=""font-size: 14px; line-height: 1.6;""><div style=""padding: 5px 0;""><b>A)</b> Els accidents urbans i interurbans en què hi ha persones ferides o víctimes mortals.</div><div style=""padding: 5px 0;""><b>B)</b> Tots els accidents urbans i interurbans encara que només hi hagi danys materials.</div><div style=""padding: 5px 0;""><b>C)</b> Els accidents urbans amb intervenció de Bombers o serveis sanitaris.</div><div style=""padding: 5px 0;""><b>D)</b> Els accidents interurbans amb ferits greus o víctimes mortals.</div></div></div>","<div style=""text-align: left; font-family: -apple-system, sans-serif;""><div style=""font-weight: bold; font-size: 16px; color: #10b981; margin-bottom: 8px;"">✓ Resposta Correcta: A</div><div style=""font-size: 14px; margin-bottom: 12px; padding: 10px; background: rgba(16,185,129,0.1); border-radius: 6px; border-left: 4px solid #10b981;"">A) Els accidents urbans i interurbans en què hi ha persones ferides o víctimes mortals.</div><hr style=""border: 0; border-top: 1px solid #ddd; margin: 12px 0;""><div style=""font-size: 13px; color: #444; line-height: 1.4;""><b style=""color: #111;"">Explicació:</b> Les xifres citades comptabilitzen accidents amb víctimes, tant en vies urbanes com interurbanes.</div></div>","T32_-_Accidents_de_mobilitat_viaria","19571"
"<div style=""text-align: left; font-family: -apple-system, sans-serif;""><div style=""font-size: 11px; color: #888; margin-bottom: 6px;"">[T32 - Accidents de mobilitat viària] Pregunta 81</div><div style=""font-weight: bold; font-size: 16px; margin-bottom: 14px; line-height: 1.4;"">Quin criteri s’ha de tenir en compte en col·locar els elements d’estabilització d’un vehicle accidentat?</div><div style=""font-size: 14px; line-height: 1.6;""><div style=""padding: 5px 0;""><b>A)</b> Evitar utilitzar punts estructurals per no transmetre esforços.</div><div style=""padding: 5px 0;""><b>B)</b> Col·locar els elements el més a prop possible de les portes d’accés.</div><div style=""padding: 5px 0;""><b>C)</b> Concentrar els elements a la zona més deformada de la carrosseria.</div><div style=""padding: 5px 0;""><b>D)</b> No dificultar l’accés ni la posterior extracció de les víctimes.</div></div></div>","<div style=""text-align: left; font-family: -apple-system, sans-serif;""><div style=""font-weight: bold; font-size: 16px; color: #10b981; margin-bottom: 8px;"">✓ Resposta Correcta: D</div><div style=""font-size: 14px; margin-bottom: 12px; padding: 10px; background: rgba(16,185,129,0.1); border-radius: 6px; border-left: 4px solid #10b981;"">D) No dificultar l’accés ni la posterior extracció de les víctimes.</div><hr style=""border: 0; border-top: 1px solid #ddd; margin: 12px 0;""><div style=""font-size: 13px; color: #444; line-height: 1.4;""><b style=""color: #111;"">Explicació:</b> L’estabilització ha de ser segura però compatible amb les vies d’abordatge i extracció previstes.</div></div>","T32_-_Accidents_de_mobilitat_viaria","19666"
"<div style=""text-align: left; font-family: -apple-system, sans-serif;""><div style=""font-size: 11px; color: #888; margin-bottom: 6px;"">[T32 - Accidents de mobilitat viària] Pregunta 82</div><div style=""font-weight: bold; font-size: 16px; margin-bottom: 14px; line-height: 1.4;"">On s’ha d’evitar recolzar la cinquena falca d’una estabilització completa?</div><div style=""font-size: 14px; line-height: 1.6;""><div style=""padding: 5px 0;""><b>A)</b> En els travessers longitudinals.</div><div style=""padding: 5px 0;""><b>B)</b> En elements tous com el para-xocs.</div><div style=""padding: 5px 0;""><b>C)</b> En els baixos rígids de la part posterior.</div><div style=""padding: 5px 0;""><b>D)</b> En els punts estructurals del xassís.</div></div></div>","<div style=""text-align: left; font-family: -apple-system, sans-serif;""><div style=""font-weight: bold; font-size: 16px; color: #10b981; margin-bottom: 8px;"">✓ Resposta Correcta: B</div><div style=""font-size: 14px; margin-bottom: 12px; padding: 10px; background: rgba(16,185,129,0.1); border-radius: 6px; border-left: 4px solid #10b981;"">B) En elements tous com el para-xocs.</div><hr style=""border: 0; border-top: 1px solid #ddd; margin: 12px 0;""><div style=""font-size: 13px; color: #444; line-height: 1.4;""><b style=""color: #111;"">Explicació:</b> El para-xocs és un element tou i no ofereix un suport adequat per a la cinquena falca.</div></div>","T32_-_Accidents_de_mobilitat_viaria","19674"
"<div style=""text-align: left; font-family: -apple-system, sans-serif;""><div style=""font-size: 11px; color: #888; margin-bottom: 6px;"">[T32 - Accidents de mobilitat viària] Pregunta 83</div><div style=""font-weight: bold; font-size: 16px; margin-bottom: 14px; line-height: 1.4;"">Quan pot ser útil el desplaçament o tall del seient d’un vehicle accidentat?</div><div style=""font-size: 14px; line-height: 1.6;""><div style=""padding: 5px 0;""><b>A)</b> Quan un muntant B impedeix l’accés lateral.</div><div style=""padding: 5px 0;""><b>B)</b> Quan la porta posterior no es pot obrir.</div><div style=""padding: 5px 0;""><b>C)</b> Quan cal ampliar ràpidament l’espai davanter i no hi ha temps per fer un desplaçament complet de davantal.</div><div style=""padding: 5px 0;""><b>D)</b> Quan el sostre ha col·lapsat sobre la zona cranial.</div></div></div>","<div style=""text-align: left; font-family: -apple-system, sans-serif;""><div style=""font-weight: bold; font-size: 16px; color: #10b981; margin-bottom: 8px;"">✓ Resposta Correcta: C</div><div style=""font-size: 14px; margin-bottom: 12px; padding: 10px; background: rgba(16,185,129,0.1); border-radius: 6px; border-left: 4px solid #10b981;"">C) Quan cal ampliar ràpidament l’espai davanter i no hi ha temps per fer un desplaçament complet de davantal.</div><hr style=""border: 0; border-top: 1px solid #ddd; margin: 12px 0;""><div style=""font-size: 13px; color: #444; line-height: 1.4;""><b style=""color: #111;"">Explicació:</b> És una alternativa més ràpida per guanyar espai en atrapaments físics tipus 2 a la zona davantera.</div></div>","T32_-_Accidents_de_mobilitat_viaria","19710"
"<div style=""text-align: left; font-family: -apple-system, sans-serif;""><div style=""font-size: 11px; color: #888; margin-bottom: 6px;"">[T32 - Accidents de mobilitat viària] Pregunta 84</div><div style=""font-weight: bold; font-size: 16px; margin-bottom: 14px; line-height: 1.4;"">Pot considerar-se accident de mobilitat viària un incident amb un vehicle aturat?</div><div style=""font-size: 14px; line-height: 1.6;""><div style=""padding: 5px 0;""><b>A)</b> No, perquè el vehicle ha d’estar en moviment en el moment de l’incident.</div><div style=""padding: 5px 0;""><b>B)</b> Sí, però únicament si provoca víctimes personals.</div><div style=""padding: 5px 0;""><b>C)</b> No, llevat que hi hagi implicat un segon vehicle en moviment.</div><div style=""padding: 5px 0;""><b>D)</b> Sí, si causa danys i requereix una resposta dels serveis d’emergència.</div></div></div>","<div style=""text-align: left; font-family: -apple-system, sans-serif;""><div style=""font-weight: bold; font-size: 16px; color: #10b981; margin-bottom: 8px;"">✓ Resposta Correcta: D</div><div style=""font-size: 14px; margin-bottom: 12px; padding: 10px; background: rgba(16,185,129,0.1); border-radius: 6px; border-left: 4px solid #10b981;"">D) Sí, si causa danys i requereix una resposta dels serveis d’emergència.</div><hr style=""border: 0; border-top: 1px solid #ddd; margin: 12px 0;""><div style=""font-size: 13px; color: #444; line-height: 1.4;""><b style=""color: #111;"">Explicació:</b> La definició del manual inclou explícitament vehicles en moviment o aturats.</div></div>","T32_-_Accidents_de_mobilitat_viaria","19583"
"<div style=""text-align: left; font-family: -apple-system, sans-serif;""><div style=""font-size: 11px; color: #888; margin-bottom: 6px;"">[T32 - Accidents de mobilitat viària] Pregunta 85</div><div style=""font-weight: bold; font-size: 16px; margin-bottom: 14px; line-height: 1.4;"">Quina finalitat té el tall del volant en un vehicle accidentat?</div><div style=""font-size: 14px; line-height: 1.6;""><div style=""padding: 5px 0;""><b>A)</b> Crear espai addicional al conductor i evitar interferències amb els peus durant la mobilització.</div><div style=""padding: 5px 0;""><b>B)</b> Permetre una extracció vertical a través del sostre.</div><div style=""padding: 5px 0;""><b>C)</b> Separar la columna de direcció del tors sense tallar elements.</div><div style=""padding: 5px 0;""><b>D)</b> Alliberar les extremitats inferiors comprimides pel davantal.</div></div></div>","<div style=""text-align: left; font-family: -apple-system, sans-serif;""><div style=""font-weight: bold; font-size: 16px; color: #10b981; margin-bottom: 8px;"">✓ Resposta Correcta: A</div><div style=""font-size: 14px; margin-bottom: 12px; padding: 10px; background: rgba(16,185,129,0.1); border-radius: 6px; border-left: 4px solid #10b981;"">A) Crear espai addicional al conductor i evitar interferències amb els peus durant la mobilització.</div><hr style=""border: 0; border-top: 1px solid #ddd; margin: 12px 0;""><div style=""font-size: 13px; color: #444; line-height: 1.4;""><b style=""color: #111;"">Explicació:</b> Tallant el volant es pot guanyar espai local en la zona del conductor durant la mobilització.</div></div>","T32_-_Accidents_de_mobilitat_viaria","19712"
"<div style=""text-align: left; font-family: -apple-system, sans-serif;""><div style=""font-size: 11px; color: #888; margin-bottom: 6px;"">[T32 - Accidents de mobilitat viària] Pregunta 86</div><div style=""font-weight: bold; font-size: 16px; margin-bottom: 14px; line-height: 1.4;"">Quina característica presenta actualment la xarxa viària catalana en relació amb el trànsit?</div><div style=""font-size: 14px; line-height: 1.6;""><div style=""padding: 5px 0;""><b>A)</b> Una elevada densitat tant en zones urbanes com interurbanes.</div><div style=""padding: 5px 0;""><b>B)</b> Una densitat moderada en zones urbanes i elevada en vies ràpides.</div><div style=""padding: 5px 0;""><b>C)</b> Una elevada densitat principalment en les vies interurbanes.</div><div style=""padding: 5px 0;""><b>D)</b> Una densitat elevada únicament en els grans corredors logístics.</div></div></div>","<div style=""text-align: left; font-family: -apple-system, sans-serif;""><div style=""font-weight: bold; font-size: 16px; color: #10b981; margin-bottom: 8px;"">✓ Resposta Correcta: A</div><div style=""font-size: 14px; margin-bottom: 12px; padding: 10px; background: rgba(16,185,129,0.1); border-radius: 6px; border-left: 4px solid #10b981;"">A) Una elevada densitat tant en zones urbanes com interurbanes.</div><hr style=""border: 0; border-top: 1px solid #ddd; margin: 12px 0;""><div style=""font-size: 13px; color: #444; line-height: 1.4;""><b style=""color: #111;"">Explicació:</b> El manual destaca que la densitat de trànsit és elevada tant en l’àmbit urbà com en l’interurbà.</div></div>","T32_-_Accidents_de_mobilitat_viaria","19565"
"<div style=""text-align: left; font-family: -apple-system, sans-serif;""><div style=""font-size: 11px; color: #888; margin-bottom: 6px;"">[T32 - Accidents de mobilitat viària] Pregunta 87</div><div style=""font-weight: bold; font-size: 16px; margin-bottom: 14px; line-height: 1.4;"">Què caracteritza un camió rígid?</div><div style=""font-size: 14px; line-height: 1.6;""><div style=""padding: 5px 0;""><b>A)</b> La caixa de càrrega es pot separar sempre de la cabina sense desconnexió mecànica.</div><div style=""padding: 5px 0;""><b>B)</b> Disposa d’un remolc addicional independent darrere del semiremolc.</div><div style=""padding: 5px 0;""><b>C)</b> El cap tractor i el semiremolc formen dues unitats articulades.</div><div style=""padding: 5px 0;""><b>D)</b> La cabina i la caixa de càrrega formen una sola unitat fixa.</div></div></div>","<div style=""text-align: left; font-family: -apple-system, sans-serif;""><div style=""font-weight: bold; font-size: 16px; color: #10b981; margin-bottom: 8px;"">✓ Resposta Correcta: D</div><div style=""font-size: 14px; margin-bottom: 12px; padding: 10px; background: rgba(16,185,129,0.1); border-radius: 6px; border-left: 4px solid #10b981;"">D) La cabina i la caixa de càrrega formen una sola unitat fixa.</div><hr style=""border: 0; border-top: 1px solid #ddd; margin: 12px 0;""><div style=""font-size: 13px; color: #444; line-height: 1.4;""><b style=""color: #111;"">Explicació:</b> El camió rígid integra cabina i càrrega en una mateixa unitat fixa.</div></div>","T32_-_Accidents_de_mobilitat_viaria","19615"
"<div style=""text-align: left; font-family: -apple-system, sans-serif;""><div style=""font-size: 11px; color: #888; margin-bottom: 6px;"">[T32 - Accidents de mobilitat viària] Pregunta 88</div><div style=""font-weight: bold; font-size: 16px; margin-bottom: 14px; line-height: 1.4;"">Quina limitació presenta l’assaig de bolcada ECE R66 des del punt de vista d’un accident real?</div><div style=""font-size: 14px; line-height: 1.6;""><div style=""padding: 5px 0;""><b>A)</b> Avalua l’impacte frontal però no la bolcada lateral.</div><div style=""padding: 5px 0;""><b>B)</b> Mesura la resistència del bastidor però no de la superestructura.</div><div style=""padding: 5px 0;""><b>C)</b> Es realitza sense passatgers ni equipatge i no reprodueix l’energia cinètica d’altes velocitats.</div><div style=""padding: 5px 0;""><b>D)</b> Es realitza únicament amb autobusos articulats i no amb autocars.</div></div></div>","<div style=""text-align: left; font-family: -apple-system, sans-serif;""><div style=""font-weight: bold; font-size: 16px; color: #10b981; margin-bottom: 8px;"">✓ Resposta Correcta: C</div><div style=""font-size: 14px; margin-bottom: 12px; padding: 10px; background: rgba(16,185,129,0.1); border-radius: 6px; border-left: 4px solid #10b981;"">C) Es realitza sense passatgers ni equipatge i no reprodueix l’energia cinètica d’altes velocitats.</div><hr style=""border: 0; border-top: 1px solid #ddd; margin: 12px 0;""><div style=""font-size: 13px; color: #444; line-height: 1.4;""><b style=""color: #111;"">Explicació:</b> El manual adverteix que l’assaig no reprodueix totes les càrregues i energies presents en un sinistre real.</div></div>","T32_-_Accidents_de_mobilitat_viaria","19614"
"<div style=""text-align: left; font-family: -apple-system, sans-serif;""><div style=""font-size: 11px; color: #888; margin-bottom: 6px;"">[T32 - Accidents de mobilitat viària] Pregunta 89</div><div style=""font-weight: bold; font-size: 16px; margin-bottom: 14px; line-height: 1.4;"">Per què les portes laterals i posteriors són vies preferents d’accés en un vehicle accidentat?</div><div style=""font-size: 14px; line-height: 1.6;""><div style=""padding: 5px 0;""><b>A)</b> Perquè poden obrir-se sense estabilitzar prèviament el vehicle.</div><div style=""padding: 5px 0;""><b>B)</b> Perquè sempre conserven la seva geometria després d’un impacte.</div><div style=""padding: 5px 0;""><b>C)</b> Perquè són punts naturals del vehicle i poden permetre accés i extracció sense crear noves obertures.</div><div style=""padding: 5px 0;""><b>D)</b> Perquè eviten haver de protegir els cantells generats per la maniobra.</div></div></div>","<div style=""text-align: left; font-family: -apple-system, sans-serif;""><div style=""font-weight: bold; font-size: 16px; color: #10b981; margin-bottom: 8px;"">✓ Resposta Correcta: C</div><div style=""font-size: 14px; margin-bottom: 12px; padding: 10px; background: rgba(16,185,129,0.1); border-radius: 6px; border-left: 4px solid #10b981;"">C) Perquè són punts naturals del vehicle i poden permetre accés i extracció sense crear noves obertures.</div><hr style=""border: 0; border-top: 1px solid #ddd; margin: 12px 0;""><div style=""font-size: 13px; color: #444; line-height: 1.4;""><b style=""color: #111;"">Explicació:</b> Quan són utilitzables, les portes ofereixen una via més natural i menys invasiva que crear un accés nou.</div></div>","T32_-_Accidents_de_mobilitat_viaria","19682"
"<div style=""text-align: left; font-family: -apple-system, sans-serif;""><div style=""font-size: 11px; color: #888; margin-bottom: 6px;"">[T32 - Accidents de mobilitat viària] Pregunta 90</div><div style=""font-weight: bold; font-size: 16px; margin-bottom: 14px; line-height: 1.4;"">Quin personal s’ubica a l’àrea de relleu i SOS quan el servei ho requereix?</div><div style=""font-size: 14px; line-height: 1.6;""><div style=""padding: 5px 0;""><b>A)</b> Els operadors responsables del trànsit.</div><div style=""padding: 5px 0;""><b>B)</b> El personal de relleu i/o SOS.</div><div style=""padding: 5px 0;""><b>C)</b> El personal aliè a la intervenció.</div><div style=""padding: 5px 0;""><b>D)</b> Les víctimes pendents d’evacuació.</div></div></div>","<div style=""text-align: left; font-family: -apple-system, sans-serif;""><div style=""font-weight: bold; font-size: 16px; color: #10b981; margin-bottom: 8px;"">✓ Resposta Correcta: B</div><div style=""font-size: 14px; margin-bottom: 12px; padding: 10px; background: rgba(16,185,129,0.1); border-radius: 6px; border-left: 4px solid #10b981;"">B) El personal de relleu i/o SOS.</div><hr style=""border: 0; border-top: 1px solid #ddd; margin: 12px 0;""><div style=""font-size: 13px; color: #444; line-height: 1.4;""><b style=""color: #111;"">Explicació:</b> Aquesta àrea està pensada per als efectius que poden haver de substituir o donar suport als intervinents.</div></div>","T32_-_Accidents_de_mobilitat_viaria","19721"
"<div style=""text-align: left; font-family: -apple-system, sans-serif;""><div style=""font-size: 11px; color: #888; margin-bottom: 6px;"">[T32 - Accidents de mobilitat viària] Pregunta 91</div><div style=""font-weight: bold; font-size: 16px; margin-bottom: 14px; line-height: 1.4;"">Què s’ha de fer abans d’obrir portes, trencar vidres o utilitzar eines sobre un vehicle accidentat?</div><div style=""font-size: 14px; line-height: 1.6;""><div style=""padding: 5px 0;""><b>A)</b> Retirar tots els vidres de l’habitacle.</div><div style=""padding: 5px 0;""><b>B)</b> Desconnectar necessàriament totes les bateries.</div><div style=""padding: 5px 0;""><b>C)</b> Crear una via d’extracció alternativa.</div><div style=""padding: 5px 0;""><b>D)</b> Estabilitzar completament el vehicle.</div></div></div>","<div style=""text-align: left; font-family: -apple-system, sans-serif;""><div style=""font-weight: bold; font-size: 16px; color: #10b981; margin-bottom: 8px;"">✓ Resposta Correcta: D</div><div style=""font-size: 14px; margin-bottom: 12px; padding: 10px; background: rgba(16,185,129,0.1); border-radius: 6px; border-left: 4px solid #10b981;"">D) Estabilitzar completament el vehicle.</div><hr style=""border: 0; border-top: 1px solid #ddd; margin: 12px 0;""><div style=""font-size: 13px; color: #444; line-height: 1.4;""><b style=""color: #111;"">Explicació:</b> La immobilització prèvia evita desplaçaments inesperats durant l’abordatge o l’excarceració.</div></div>","T32_-_Accidents_de_mobilitat_viaria","19723"
"<div style=""text-align: left; font-family: -apple-system, sans-serif;""><div style=""font-size: 11px; color: #888; margin-bottom: 6px;"">[T32 - Accidents de mobilitat viària] Pregunta 92</div><div style=""font-weight: bold; font-size: 16px; margin-bottom: 14px; line-height: 1.4;"">En quin escenari és habitual aplicar una estabilització intermèdia de quatre punts?</div><div style=""font-size: 14px; line-height: 1.6;""><div style=""padding: 5px 0;""><b>A)</b> En vehicles A quan es preveu una extracció posterior.</div><div style=""padding: 5px 0;""><b>B)</b> En vehicles B quan cal una estabilització secundària.</div><div style=""padding: 5px 0;""><b>C)</b> En vehicles A o B quan no es preveu una extracció posterior.</div><div style=""padding: 5px 0;""><b>D)</b> En qualsevol bolcada lateral com a estabilització definitiva.</div></div></div>","<div style=""text-align: left; font-family: -apple-system, sans-serif;""><div style=""font-weight: bold; font-size: 16px; color: #10b981; margin-bottom: 8px;"">✓ Resposta Correcta: C</div><div style=""font-size: 14px; margin-bottom: 12px; padding: 10px; background: rgba(16,185,129,0.1); border-radius: 6px; border-left: 4px solid #10b981;"">C) En vehicles A o B quan no es preveu una extracció posterior.</div><hr style=""border: 0; border-top: 1px solid #ddd; margin: 12px 0;""><div style=""font-size: 13px; color: #444; line-height: 1.4;""><b style=""color: #111;"">Explicació:</b> La configuració intermèdia té quatre punts i és aplicable quan no es vol fer una extracció posterior.</div></div>","T32_-_Accidents_de_mobilitat_viaria","19672"
"<div style=""text-align: left; font-family: -apple-system, sans-serif;""><div style=""font-size: 11px; color: #888; margin-bottom: 6px;"">[T32 - Accidents de mobilitat viària] Pregunta 93</div><div style=""font-weight: bold; font-size: 16px; margin-bottom: 14px; line-height: 1.4;"">Quin és l’objectiu del desplaçament de davantal en un accident de trànsit?</div><div style=""font-size: 14px; line-height: 1.6;""><div style=""padding: 5px 0;""><b>A)</b> Separar el volant del tors del conductor.</div><div style=""padding: 5px 0;""><b>B)</b> Desplaçar lateralment el muntant B deformant.</div><div style=""padding: 5px 0;""><b>C)</b> Ampliar l’espai per alliberar extremitats inferiors atrapades en seients davanters.</div><div style=""padding: 5px 0;""><b>D)</b> Recuperar l’espai superior d’un sostre col·lapsat.</div></div></div>","<div style=""text-align: left; font-family: -apple-system, sans-serif;""><div style=""font-weight: bold; font-size: 16px; color: #10b981; margin-bottom: 8px;"">✓ Resposta Correcta: C</div><div style=""font-size: 14px; margin-bottom: 12px; padding: 10px; background: rgba(16,185,129,0.1); border-radius: 6px; border-left: 4px solid #10b981;"">C) Ampliar l’espai per alliberar extremitats inferiors atrapades en seients davanters.</div><hr style=""border: 0; border-top: 1px solid #ddd; margin: 12px 0;""><div style=""font-size: 13px; color: #444; line-height: 1.4;""><b style=""color: #111;"">Explicació:</b> El davantal és la zona inferior davantera i el seu desplaçament crea espai per a les cames.</div></div>","T32_-_Accidents_de_mobilitat_viaria","19702"
"<div style=""text-align: left; font-family: -apple-system, sans-serif;""><div style=""font-size: 11px; color: #888; margin-bottom: 6px;"">[T32 - Accidents de mobilitat viària] Pregunta 94</div><div style=""font-weight: bold; font-size: 16px; margin-bottom: 14px; line-height: 1.4;"">Quin és l’objectiu del desplaçament o tall dels pedals en un vehicle accidentat?</div><div style=""font-size: 14px; line-height: 1.6;""><div style=""padding: 5px 0;""><b>A)</b> Alliberar els peus atrapats per la deformació dels pedals.</div><div style=""padding: 5px 0;""><b>B)</b> Permetre una extracció posterior per la porta del darrere.</div><div style=""padding: 5px 0;""><b>C)</b> Crear espai per al tors del conductor.</div><div style=""padding: 5px 0;""><b>D)</b> Recuperar l’altura del sostre a la zona davantera.</div></div></div>","<div style=""text-align: left; font-family: -apple-system, sans-serif;""><div style=""font-weight: bold; font-size: 16px; color: #10b981; margin-bottom: 8px;"">✓ Resposta Correcta: A</div><div style=""font-size: 14px; margin-bottom: 12px; padding: 10px; background: rgba(16,185,129,0.1); border-radius: 6px; border-left: 4px solid #10b981;"">A) Alliberar els peus atrapats per la deformació dels pedals.</div><hr style=""border: 0; border-top: 1px solid #ddd; margin: 12px 0;""><div style=""font-size: 13px; color: #444; line-height: 1.4;""><b style=""color: #111;"">Explicació:</b> Aquesta maniobra actua específicament sobre atrapaments dels peus.</div></div>","T32_-_Accidents_de_mobilitat_viaria","19708"
"<div style=""text-align: left; font-family: -apple-system, sans-serif;""><div style=""font-size: 11px; color: #888; margin-bottom: 6px;"">[T32 - Accidents de mobilitat viària] Pregunta 95</div><div style=""font-weight: bold; font-size: 16px; margin-bottom: 14px; line-height: 1.4;"">On tendeixen a concentrar-se les lesions en un xoc lateral d’un vehicle?</div><div style=""font-size: 14px; line-height: 1.6;""><div style=""padding: 5px 0;""><b>A)</b> Al costat on es produeix l’impacte.</div><div style=""padding: 5px 0;""><b>B)</b> Al costat oposat a l’impacte.</div><div style=""padding: 5px 0;""><b>C)</b> Principalment a les extremitats superiors del costat oposat.</div><div style=""padding: 5px 0;""><b>D)</b> Principalment a la zona cervical posterior.</div></div></div>","<div style=""text-align: left; font-family: -apple-system, sans-serif;""><div style=""font-weight: bold; font-size: 16px; color: #10b981; margin-bottom: 8px;"">✓ Resposta Correcta: A</div><div style=""font-size: 14px; margin-bottom: 12px; padding: 10px; background: rgba(16,185,129,0.1); border-radius: 6px; border-left: 4px solid #10b981;"">A) Al costat on es produeix l’impacte.</div><hr style=""border: 0; border-top: 1px solid #ddd; margin: 12px 0;""><div style=""font-size: 13px; color: #444; line-height: 1.4;""><b style=""color: #111;"">Explicació:</b> En els impactes laterals les lesions es focalitzen especialment al costat que rep el cop.</div></div>","T32_-_Accidents_de_mobilitat_viaria","19641"
"<div style=""text-align: left; font-family: -apple-system, sans-serif;""><div style=""font-size: 11px; color: #888; margin-bottom: 6px;"">[T32 - Accidents de mobilitat viària] Pregunta 96</div><div style=""font-weight: bold; font-size: 16px; margin-bottom: 14px; line-height: 1.4;"">Per què és recomanable complementar amb estabilització secundària un vehicle en bolcada lateral?</div><div style=""font-size: 14px; line-height: 1.6;""><div style=""padding: 5px 0;""><b>A)</b> Perquè la càrrega sempre es desplaça cap al sostre.</div><div style=""padding: 5px 0;""><b>B)</b> Perquè els tacs i cunyes no es poden utilitzar en aquesta posició.</div><div style=""padding: 5px 0;""><b>C)</b> Perquè és una posició especialment inestable.</div><div style=""padding: 5px 0;""><b>D)</b> Perquè la carrosseria no ofereix cap punt estructural de suport.</div></div></div>","<div style=""text-align: left; font-family: -apple-system, sans-serif;""><div style=""font-weight: bold; font-size: 16px; color: #10b981; margin-bottom: 8px;"">✓ Resposta Correcta: C</div><div style=""font-size: 14px; margin-bottom: 12px; padding: 10px; background: rgba(16,185,129,0.1); border-radius: 6px; border-left: 4px solid #10b981;"">C) Perquè és una posició especialment inestable.</div><hr style=""border: 0; border-top: 1px solid #ddd; margin: 12px 0;""><div style=""font-size: 13px; color: #444; line-height: 1.4;""><b style=""color: #111;"">Explicació:</b> La bolcada lateral genera una estabilitat precària i sovint exigeix un nivell addicional de fixació.</div></div>","T32_-_Accidents_de_mobilitat_viaria","19676"
"<div style=""text-align: left; font-family: -apple-system, sans-serif;""><div style=""font-size: 11px; color: #888; margin-bottom: 6px;"">[T32 - Accidents de mobilitat viària] Pregunta 97</div><div style=""font-weight: bold; font-size: 16px; margin-bottom: 14px; line-height: 1.4;"">Quin element pot complicar especialment l’estabilització d’un camió articulat accidentat?</div><div style=""font-size: 14px; line-height: 1.6;""><div style=""padding: 5px 0;""><b>A)</b> La suspensió pneumàtica de la cabina.</div><div style=""padding: 5px 0;""><b>B)</b> El sistema d’elevació dels eixos en buit.</div><div style=""padding: 5px 0;""><b>C)</b> L’articulació central entre el cap tractor i el semiremolc.</div><div style=""padding: 5px 0;""><b>D)</b> La unió fixa entre la cabina i la caixa.</div></div></div>","<div style=""text-align: left; font-family: -apple-system, sans-serif;""><div style=""font-weight: bold; font-size: 16px; color: #10b981; margin-bottom: 8px;"">✓ Resposta Correcta: C</div><div style=""font-size: 14px; margin-bottom: 12px; padding: 10px; background: rgba(16,185,129,0.1); border-radius: 6px; border-left: 4px solid #10b981;"">C) L’articulació central entre el cap tractor i el semiremolc.</div><hr style=""border: 0; border-top: 1px solid #ddd; margin: 12px 0;""><div style=""font-size: 13px; color: #444; line-height: 1.4;""><b style=""color: #111;"">Explicació:</b> L’articulació crea moviments relatius entre les dues parts del conjunt i pot dificultar-ne l’estabilització.</div></div>","T32_-_Accidents_de_mobilitat_viaria","19617"
"<div style=""text-align: left; font-family: -apple-system, sans-serif;""><div style=""font-size: 11px; color: #888; margin-bottom: 6px;"">[T32 - Accidents de mobilitat viària] Pregunta 98</div><div style=""font-weight: bold; font-size: 16px; margin-bottom: 14px; line-height: 1.4;"">Quina finalitat té el desmunt lateral de sostre en un vehicle en bolcada lateral?</div><div style=""font-size: 14px; line-height: 1.6;""><div style=""padding: 5px 0;""><b>A)</b> Permetre l’accés inferior a través del xassís.</div><div style=""padding: 5px 0;""><b>B)</b> Separar el muntant B del costat de l’impacte.</div><div style=""padding: 5px 0;""><b>C)</b> Permetre l’accés i l’extracció de víctimes a través del sostre.</div><div style=""padding: 5px 0;""><b>D)</b> Recuperar l’altura original del sostre col·lapsat.</div></div></div>","<div style=""text-align: left; font-family: -apple-system, sans-serif;""><div style=""font-weight: bold; font-size: 16px; color: #10b981; margin-bottom: 8px;"">✓ Resposta Correcta: C</div><div style=""font-size: 14px; margin-bottom: 12px; padding: 10px; background: rgba(16,185,129,0.1); border-radius: 6px; border-left: 4px solid #10b981;"">C) Permetre l’accés i l’extracció de víctimes a través del sostre.</div><hr style=""border: 0; border-top: 1px solid #ddd; margin: 12px 0;""><div style=""font-size: 13px; color: #444; line-height: 1.4;""><b style=""color: #111;"">Explicació:</b> En vehicles tombats lateralment, el sostre pot convertir-se en una via d’abordatge i extracció.</div></div>","T32_-_Accidents_de_mobilitat_viaria","19694"
"<div style=""text-align: left; font-family: -apple-system, sans-serif;""><div style=""font-size: 11px; color: #888; margin-bottom: 6px;"">[T32 - Accidents de mobilitat viària] Pregunta 99</div><div style=""font-weight: bold; font-size: 16px; margin-bottom: 14px; line-height: 1.4;"">Quina prioritat defineix un alliberament immediat d’una víctima atrapada?</div><div style=""font-size: 14px; line-height: 1.6;""><div style=""padding: 5px 0;""><b>A)</b> Evitar qualsevol mobilització fins que l’habitacle estigui completament obert.</div><div style=""padding: 5px 0;""><b>B)</b> Completar totes les maniobres estructurals previstes al Pla A.</div><div style=""padding: 5px 0;""><b>C)</b> Extreure-la en el menor temps possible amb les maniobres mínimes necessàries.</div><div style=""padding: 5px 0;""><b>D)</b> Crear el màxim espai d’extracció abans de mobilitzar-la.</div></div></div>","<div style=""text-align: left; font-family: -apple-system, sans-serif;""><div style=""font-weight: bold; font-size: 16px; color: #10b981; margin-bottom: 8px;"">✓ Resposta Correcta: C</div><div style=""font-size: 14px; margin-bottom: 12px; padding: 10px; background: rgba(16,185,129,0.1); border-radius: 6px; border-left: 4px solid #10b981;"">C) Extreure-la en el menor temps possible amb les maniobres mínimes necessàries.</div><hr style=""border: 0; border-top: 1px solid #ddd; margin: 12px 0;""><div style=""font-size: 13px; color: #444; line-height: 1.4;""><b style=""color: #111;"">Explicació:</b> Quan hi ha perill vital imminent, el temps passa a ser determinant i es busca un espai suficient amb el mínim de maniobres.</div></div>","T32_-_Accidents_de_mobilitat_viaria","19654"
"<div style=""text-align: left; font-family: -apple-system, sans-serif;""><div style=""font-size: 11px; color: #888; margin-bottom: 6px;"">[T32 - Accidents de mobilitat viària] Pregunta 100</div><div style=""font-weight: bold; font-size: 16px; margin-bottom: 14px; line-height: 1.4;"">Quin conjunt recull riscos que el comandament de Bombers ha de detectar en la valoració inicial d’un accident de mobilitat viària?</div><div style=""font-size: 14px; line-height: 1.6;""><div style=""padding: 5px 0;""><b>A)</b> Fuites, deformacions, airbags activats, sobrecàrrega i risc hidràulic.</div><div style=""padding: 5px 0;""><b>B)</b> Coixins no activats, tipus d’atrapament, posició de la víctima i risc biomecànic.</div><div style=""padding: 5px 0;""><b>C)</b> Fuites, inestabilitat, coixins no activats, fonts d’ignició i risc elèctric.</div><div style=""padding: 5px 0;""><b>D)</b> Inestabilitat, lesions cervicals, vidres laminats, temperatura i risc sanitari.</div></div></div>","<div style=""text-align: left; font-family: -apple-system, sans-serif;""><div style=""font-weight: bold; font-size: 16px; color: #10b981; margin-bottom: 8px;"">✓ Resposta Correcta: C</div><div style=""font-size: 14px; margin-bottom: 12px; padding: 10px; background: rgba(16,185,129,0.1); border-radius: 6px; border-left: 4px solid #10b981;"">C) Fuites, inestabilitat, coixins no activats, fonts d’ignició i risc elèctric.</div><hr style=""border: 0; border-top: 1px solid #ddd; margin: 12px 0;""><div style=""font-size: 13px; color: #444; line-height: 1.4;""><b style=""color: #111;"">Explicació:</b> La valoració de riscos inclou perills reals i potencials de l’escenari, no la classificació clínica de les lesions.</div></div>","T32_-_Accidents_de_mobilitat_viaria","19638"
"<div style=""text-align: left; font-family: -apple-system, sans-serif;""><div style=""font-size: 11px; color: #888; margin-bottom: 6px;"">[T32 - Accidents de mobilitat viària] Pregunta 101</div><div style=""font-weight: bold; font-size: 16px; margin-bottom: 14px; line-height: 1.4;"">Quin repte caracteritza especialment els accidents amb autobusos, autocars i altres vehicles col·lectius?</div><div style=""font-size: 14px; line-height: 1.6;""><div style=""padding: 5px 0;""><b>A)</b> La necessitat d’identificar sempre sistemes d’alta tensió abans d’accedir-hi.</div><div style=""padding: 5px 0;""><b>B)</b> La possibilitat de múltiples víctimes i la necessitat de gestionar-ne ràpidament l’atenció i l’extracció.</div><div style=""padding: 5px 0;""><b>C)</b> La gran distància de frenada associada a la circulació sobre rails.</div><div style=""padding: 5px 0;""><b>D)</b> La dificultat de controlar mercaderies inflamables en cisternes.</div></div></div>","<div style=""text-align: left; font-family: -apple-system, sans-serif;""><div style=""font-weight: bold; font-size: 16px; color: #10b981; margin-bottom: 8px;"">✓ Resposta Correcta: B</div><div style=""font-size: 14px; margin-bottom: 12px; padding: 10px; background: rgba(16,185,129,0.1); border-radius: 6px; border-left: 4px solid #10b981;"">B) La possibilitat de múltiples víctimes i la necessitat de gestionar-ne ràpidament l’atenció i l’extracció.</div><hr style=""border: 0; border-top: 1px solid #ddd; margin: 12px 0;""><div style=""font-size: 13px; color: #444; line-height: 1.4;""><b style=""color: #111;"">Explicació:</b> Els vehicles col·lectius poden implicar moltes persones i exigeixen una gestió sanitària i de rescat ràpida i precisa.</div></div>","T32_-_Accidents_de_mobilitat_viaria","19580"
"<div style=""text-align: left; font-family: -apple-system, sans-serif;""><div style=""font-size: 11px; color: #888; margin-bottom: 6px;"">[T32 - Accidents de mobilitat viària] Pregunta 102</div><div style=""font-weight: bold; font-size: 16px; margin-bottom: 14px; line-height: 1.4;"">Quina funció principal té la superestructura d’un autobús en cas de bolcada?</div><div style=""font-size: 14px; line-height: 1.6;""><div style=""padding: 5px 0;""><b>A)</b> Absorbir tota l’energia de l’impacte deformant-se completament.</div><div style=""padding: 5px 0;""><b>B)</b> Permetre que el bastidor se separi de l’habitacle.</div><div style=""padding: 5px 0;""><b>C)</b> Desconnectar automàticament els sistemes mecànics del bastidor.</div><div style=""padding: 5px 0;""><b>D)</b> Mantenir l’espai vital dels ocupants evitant-ne una deformació excessiva.</div></div></div>","<div style=""text-align: left; font-family: -apple-system, sans-serif;""><div style=""font-weight: bold; font-size: 16px; color: #10b981; margin-bottom: 8px;"">✓ Resposta Correcta: D</div><div style=""font-size: 14px; margin-bottom: 12px; padding: 10px; background: rgba(16,185,129,0.1); border-radius: 6px; border-left: 4px solid #10b981;"">D) Mantenir l’espai vital dels ocupants evitant-ne una deformació excessiva.</div><hr style=""border: 0; border-top: 1px solid #ddd; margin: 12px 0;""><div style=""font-size: 13px; color: #444; line-height: 1.4;""><b style=""color: #111;"">Explicació:</b> La superestructura ha de ser rígida per preservar l’espai de supervivència dels passatgers.</div></div>","T32_-_Accidents_de_mobilitat_viaria","19611"
"<div style=""text-align: left; font-family: -apple-system, sans-serif;""><div style=""font-size: 11px; color: #888; margin-bottom: 6px;"">[T32 - Accidents de mobilitat viària] Pregunta 103</div><div style=""font-weight: bold; font-size: 16px; margin-bottom: 14px; line-height: 1.4;"">Qui pot accedir a la zona calenta d’un accident de trànsit?</div><div style=""font-size: 14px; line-height: 1.6;""><div style=""padding: 5px 0;""><b>A)</b> Els membres dels cossos actuants que fan rescat o atenció sanitària i van degudament equipats.</div><div style=""padding: 5px 0;""><b>B)</b> Qualsevol membre dels serveis d’emergència present a l’escenari.</div><div style=""padding: 5px 0;""><b>C)</b> Els familiars de les víctimes acompanyats per un intervinent.</div><div style=""padding: 5px 0;""><b>D)</b> El personal de relleu, els comandaments i els operadors de grues.</div></div></div>","<div style=""text-align: left; font-family: -apple-system, sans-serif;""><div style=""font-weight: bold; font-size: 16px; color: #10b981; margin-bottom: 8px;"">✓ Resposta Correcta: A</div><div style=""font-size: 14px; margin-bottom: 12px; padding: 10px; background: rgba(16,185,129,0.1); border-radius: 6px; border-left: 4px solid #10b981;"">A) Els membres dels cossos actuants que fan rescat o atenció sanitària i van degudament equipats.</div><hr style=""border: 0; border-top: 1px solid #ddd; margin: 12px 0;""><div style=""font-size: 13px; color: #444; line-height: 1.4;""><b style=""color: #111;"">Explicació:</b> L’accés a la zona calenta està restringit al personal operatiu directament implicat i equipat.</div></div>","T32_-_Accidents_de_mobilitat_viaria","19717"
"<div style=""text-align: left; font-family: -apple-system, sans-serif;""><div style=""font-size: 11px; color: #888; margin-bottom: 6px;"">[T32 - Accidents de mobilitat viària] Pregunta 104</div><div style=""font-weight: bold; font-size: 16px; margin-bottom: 14px; line-height: 1.4;"">Què ha de fer el comandament de Bombers en arribar a un accident de mobilitat viària abans de definir les maniobres?</div><div style=""font-size: 14px; line-height: 1.6;""><div style=""padding: 5px 0;""><b>A)</b> Delimitar la zona calenta, traslladar les víctimes i ordenar la retirada dels vehicles.</div><div style=""padding: 5px 0;""><b>B)</b> Identificar el vehicle A, seleccionar el Pla B i iniciar les maniobres d’excarceració.</div><div style=""padding: 5px 0;""><b>C)</b> Estabilitzar els vehicles, retirar els vidres i iniciar l’extracció de les víctimes.</div><div style=""padding: 5px 0;""><b>D)</b> Corroborar la informació, establir una àrea general d’operacions i coordinar-se amb els altres actuants.</div></div></div>","<div style=""text-align: left; font-family: -apple-system, sans-serif;""><div style=""font-weight: bold; font-size: 16px; color: #10b981; margin-bottom: 8px;"">✓ Resposta Correcta: D</div><div style=""font-size: 14px; margin-bottom: 12px; padding: 10px; background: rgba(16,185,129,0.1); border-radius: 6px; border-left: 4px solid #10b981;"">D) Corroborar la informació, establir una àrea general d’operacions i coordinar-se amb els altres actuants.</div><hr style=""border: 0; border-top: 1px solid #ddd; margin: 12px 0;""><div style=""font-size: 13px; color: #444; line-height: 1.4;""><b style=""color: #111;"">Explicació:</b> L’arribada exigeix confirmar la informació disponible, organitzar l’espai operatiu i coordinar la resposta amb la resta de serveis.</div></div>","T32_-_Accidents_de_mobilitat_viaria","19636"
"<div style=""text-align: left; font-family: -apple-system, sans-serif;""><div style=""font-size: 11px; color: #888; margin-bottom: 6px;"">[T32 - Accidents de mobilitat viària] Pregunta 105</div><div style=""font-weight: bold; font-size: 16px; margin-bottom: 14px; line-height: 1.4;"">Quin recurs s’ha de valorar per treballar en alçada en accidents amb autocars, autobusos, camions o trens?</div><div style=""font-size: 14px; line-height: 1.6;""><div style=""padding: 5px 0;""><b>A)</b> Coixins pneumàtics d’alta pressió.</div><div style=""padding: 5px 0;""><b>B)</b> Tacs i cunyes de gran format.</div><div style=""padding: 5px 0;""><b>C)</b> Plataformes de treball o AEA.</div><div style=""padding: 5px 0;""><b>D)</b> Eslingues de tracció ancorades al vehicle.</div></div></div>","<div style=""text-align: left; font-family: -apple-system, sans-serif;""><div style=""font-weight: bold; font-size: 16px; color: #10b981; margin-bottom: 8px;"">✓ Resposta Correcta: C</div><div style=""font-size: 14px; margin-bottom: 12px; padding: 10px; background: rgba(16,185,129,0.1); border-radius: 6px; border-left: 4px solid #10b981;"">C) Plataformes de treball o AEA.</div><hr style=""border: 0; border-top: 1px solid #ddd; margin: 12px 0;""><div style=""font-size: 13px; color: #444; line-height: 1.4;""><b style=""color: #111;"">Explicació:</b> La gran alçada d’aquests vehicles pot requerir plataformes o mitjans aeris adequats.</div></div>","T32_-_Accidents_de_mobilitat_viaria","19699"
"<div style=""text-align: left; font-family: -apple-system, sans-serif;""><div style=""font-size: 11px; color: #888; margin-bottom: 6px;"">[T32 - Accidents de mobilitat viària] Pregunta 106</div><div style=""font-weight: bold; font-size: 16px; margin-bottom: 14px; line-height: 1.4;"">Quan és indicada la maniobra de desplaçament del volant i la columna de direcció?</div><div style=""font-size: 14px; line-height: 1.6;""><div style=""padding: 5px 0;""><b>A)</b> Quan el sostre ha descendit sobre la zona cranial.</div><div style=""padding: 5px 0;""><b>B)</b> Quan una col·lisió frontal ha intruït el volant cap al tors del conductor.</div><div style=""padding: 5px 0;""><b>C)</b> Quan les extremitats inferiors estan atrapades sota el davantal.</div><div style=""padding: 5px 0;""><b>D)</b> Quan el muntant B ha col·lapsat en un impacte lateral.</div></div></div>","<div style=""text-align: left; font-family: -apple-system, sans-serif;""><div style=""font-weight: bold; font-size: 16px; color: #10b981; margin-bottom: 8px;"">✓ Resposta Correcta: B</div><div style=""font-size: 14px; margin-bottom: 12px; padding: 10px; background: rgba(16,185,129,0.1); border-radius: 6px; border-left: 4px solid #10b981;"">B) Quan una col·lisió frontal ha intruït el volant cap al tors del conductor.</div><hr style=""border: 0; border-top: 1px solid #ddd; margin: 12px 0;""><div style=""font-size: 13px; color: #444; line-height: 1.4;""><b style=""color: #111;"">Explicació:</b> La maniobra separa volant i columna del tors del conductor en col·lisions frontals amb intrusió.</div></div>","T32_-_Accidents_de_mobilitat_viaria","19700"
"<div style=""text-align: left; font-family: -apple-system, sans-serif;""><div style=""font-size: 11px; color: #888; margin-bottom: 6px;"">[T32 - Accidents de mobilitat viària] Pregunta 107</div><div style=""font-weight: bold; font-size: 16px; margin-bottom: 14px; line-height: 1.4;"">Quina característica és pròpia dels autobusos urbans o interurbans de curt recorregut?</div><div style=""font-size: 14px; line-height: 1.6;""><div style=""padding: 5px 0;""><b>A)</b> Els passatgers han de viatjar asseguts durant tot el recorregut.</div><div style=""padding: 5px 0;""><b>B)</b> Faciliten l’entrada i sortida ràpida i poden transportar passatgers dempeus.</div><div style=""padding: 5px 0;""><b>C)</b> Prioritzen els recorreguts llargs i la comoditat individual.</div><div style=""padding: 5px 0;""><b>D)</b> Disposen necessàriament de bodegues inferiors per a equipatge.</div></div></div>","<div style=""text-align: left; font-family: -apple-system, sans-serif;""><div style=""font-weight: bold; font-size: 16px; color: #10b981; margin-bottom: 8px;"">✓ Resposta Correcta: B</div><div style=""font-size: 14px; margin-bottom: 12px; padding: 10px; background: rgba(16,185,129,0.1); border-radius: 6px; border-left: 4px solid #10b981;"">B) Faciliten l’entrada i sortida ràpida i poden transportar passatgers dempeus.</div><hr style=""border: 0; border-top: 1px solid #ddd; margin: 12px 0;""><div style=""font-size: 13px; color: #444; line-height: 1.4;""><b style=""color: #111;"">Explicació:</b> El disseny dels autobusos de curt recorregut prioritza la mobilitat ràpida dels passatgers.</div></div>","T32_-_Accidents_de_mobilitat_viaria","19607"
"<div style=""text-align: left; font-family: -apple-system, sans-serif;""><div style=""font-size: 11px; color: #888; margin-bottom: 6px;"">[T32 - Accidents de mobilitat viària] Pregunta 108</div><div style=""font-weight: bold; font-size: 16px; margin-bottom: 14px; line-height: 1.4;"">Què s’ha de fer si un accident de mobilitat afecta línies aèries o instal·lacions elèctriques urbanes?</div><div style=""font-size: 14px; line-height: 1.6;""><div style=""padding: 5px 0;""><b>A)</b> Manipular els cables amb eines hidràuliques aïllades.</div><div style=""padding: 5px 0;""><b>B)</b> Coordinar-se amb tècnics de les companyies responsables.</div><div style=""padding: 5px 0;""><b>C)</b> Desconnectar la bateria del vehicle i donar per eliminat el risc.</div><div style=""padding: 5px 0;""><b>D)</b> Allunyar el vehicle sense esperar la desconnexió de la instal·lació.</div></div></div>","<div style=""text-align: left; font-family: -apple-system, sans-serif;""><div style=""font-weight: bold; font-size: 16px; color: #10b981; margin-bottom: 8px;"">✓ Resposta Correcta: B</div><div style=""font-size: 14px; margin-bottom: 12px; padding: 10px; background: rgba(16,185,129,0.1); border-radius: 6px; border-left: 4px solid #10b981;"">B) Coordinar-se amb tècnics de les companyies responsables.</div><hr style=""border: 0; border-top: 1px solid #ddd; margin: 12px 0;""><div style=""font-size: 13px; color: #444; line-height: 1.4;""><b style=""color: #111;"">Explicació:</b> Quan hi ha instal·lacions externes afectades, la seguretat depèn també de la coordinació amb els responsables tècnics.</div></div>","T32_-_Accidents_de_mobilitat_viaria","19739"
"<div style=""text-align: left; font-family: -apple-system, sans-serif;""><div style=""font-size: 11px; color: #888; margin-bottom: 6px;"">[T32 - Accidents de mobilitat viària] Pregunta 109</div><div style=""font-weight: bold; font-size: 16px; margin-bottom: 14px; line-height: 1.4;"">Com generen electricitat els vehicles amb pila de combustible d’hidrogen?</div><div style=""font-size: 14px; line-height: 1.6;""><div style=""padding: 5px 0;""><b>A)</b> Mitjançant la combustió directa de l’hidrogen dins el motor.</div><div style=""padding: 5px 0;""><b>B)</b> Mitjançant un alternador accionat per un motor dièsel auxiliar.</div><div style=""padding: 5px 0;""><b>C)</b> Mitjançant la compressió de l’hidrogen dins una bateria.</div><div style=""padding: 5px 0;""><b>D)</b> Mitjançant una reacció química entre hidrogen i oxigen.</div></div></div>","<div style=""text-align: left; font-family: -apple-system, sans-serif;""><div style=""font-weight: bold; font-size: 16px; color: #10b981; margin-bottom: 8px;"">✓ Resposta Correcta: D</div><div style=""font-size: 14px; margin-bottom: 12px; padding: 10px; background: rgba(16,185,129,0.1); border-radius: 6px; border-left: 4px solid #10b981;"">D) Mitjançant una reacció química entre hidrogen i oxigen.</div><hr style=""border: 0; border-top: 1px solid #ddd; margin: 12px 0;""><div style=""font-size: 13px; color: #444; line-height: 1.4;""><b style=""color: #111;"">Explicació:</b> La pila de combustible produeix electricitat a partir de la reacció entre hidrogen i oxigen.</div></div>","T32_-_Accidents_de_mobilitat_viaria","19597"
"<div style=""text-align: left; font-family: -apple-system, sans-serif;""><div style=""font-size: 11px; color: #888; margin-bottom: 6px;"">[T32 - Accidents de mobilitat viària] Pregunta 110</div><div style=""font-weight: bold; font-size: 16px; margin-bottom: 14px; line-height: 1.4;"">Quin risc principal existeix quan els bombers treballen en una carretera activa?</div><div style=""font-size: 14px; line-height: 1.6;""><div style=""padding: 5px 0;""><b>A)</b> Patir projeccions generades per eines hidràuliques.</div><div style=""padding: 5px 0;""><b>B)</b> Ser colpejats o atropellats per altres vehicles.</div><div style=""padding: 5px 0;""><b>C)</b> Entrar en contacte amb fluids biològics.</div><div style=""padding: 5px 0;""><b>D)</b> Ser afectats per moviments del vehicle accidentat.</div></div></div>","<div style=""text-align: left; font-family: -apple-system, sans-serif;""><div style=""font-weight: bold; font-size: 16px; color: #10b981; margin-bottom: 8px;"">✓ Resposta Correcta: B</div><div style=""font-size: 14px; margin-bottom: 12px; padding: 10px; background: rgba(16,185,129,0.1); border-radius: 6px; border-left: 4px solid #10b981;"">B) Ser colpejats o atropellats per altres vehicles.</div><hr style=""border: 0; border-top: 1px solid #ddd; margin: 12px 0;""><div style=""font-size: 13px; color: #444; line-height: 1.4;""><b style=""color: #111;"">Explicació:</b> El trànsit en moviment és un risc extern directe per als intervinents.</div></div>","T32_-_Accidents_de_mobilitat_viaria","19726"
"<div style=""text-align: left; font-family: -apple-system, sans-serif;""><div style=""font-size: 11px; color: #888; margin-bottom: 6px;"">[T32 - Accidents de mobilitat viària] Pregunta 111</div><div style=""font-weight: bold; font-size: 16px; margin-bottom: 14px; line-height: 1.4;"">Quina mesura específica és adequada en una intervenció amb risc elèctric?</div><div style=""font-size: 14px; line-height: 1.6;""><div style=""padding: 5px 0;""><b>A)</b> Identificar els components d’alta tensió i utilitzar guants aïllants.</div><div style=""padding: 5px 0;""><b>B)</b> Trencar els vidres abans de desconnectar qualsevol sistema.</div><div style=""padding: 5px 0;""><b>C)</b> Mantenir el sistema elèctric actiu per identificar possibles avaries.</div><div style=""padding: 5px 0;""><b>D)</b> Utilitzar guants antitall com a única protecció elèctrica.</div></div></div>","<div style=""text-align: left; font-family: -apple-system, sans-serif;""><div style=""font-weight: bold; font-size: 16px; color: #10b981; margin-bottom: 8px;"">✓ Resposta Correcta: A</div><div style=""font-size: 14px; margin-bottom: 12px; padding: 10px; background: rgba(16,185,129,0.1); border-radius: 6px; border-left: 4px solid #10b981;"">A) Identificar els components d’alta tensió i utilitzar guants aïllants.</div><hr style=""border: 0; border-top: 1px solid #ddd; margin: 12px 0;""><div style=""font-size: 13px; color: #444; line-height: 1.4;""><b style=""color: #111;"">Explicació:</b> La identificació del sistema i l’aïllament personal són mesures bàsiques davant alta tensió.</div></div>","T32_-_Accidents_de_mobilitat_viaria","19738"
"<div style=""text-align: left; font-family: -apple-system, sans-serif;""><div style=""font-size: 11px; color: #888; margin-bottom: 6px;"">[T32 - Accidents de mobilitat viària] Pregunta 112</div><div style=""font-weight: bold; font-size: 16px; margin-bottom: 14px; line-height: 1.4;"">Quina mesura redueix el risc associat a les eines de rescat abans d’utilitzar-les?</div><div style=""font-size: 14px; line-height: 1.6;""><div style=""padding: 5px 0;""><b>A)</b> Desconnectar els sistemes pneumàtics del vehicle.</div><div style=""padding: 5px 0;""><b>B)</b> Retirar les proteccions dures de la zona de tall.</div><div style=""padding: 5px 0;""><b>C)</b> Treballar simultàniament des de diversos punts sense interrupcions.</div><div style=""padding: 5px 0;""><b>D)</b> Fer-ne una revisió prèvia i mantenir comunicació constant entre els bombers.</div></div></div>","<div style=""text-align: left; font-family: -apple-system, sans-serif;""><div style=""font-weight: bold; font-size: 16px; color: #10b981; margin-bottom: 8px;"">✓ Resposta Correcta: D</div><div style=""font-size: 14px; margin-bottom: 12px; padding: 10px; background: rgba(16,185,129,0.1); border-radius: 6px; border-left: 4px solid #10b981;"">D) Fer-ne una revisió prèvia i mantenir comunicació constant entre els bombers.</div><hr style=""border: 0; border-top: 1px solid #ddd; margin: 12px 0;""><div style=""font-size: 13px; color: #444; line-height: 1.4;""><b style=""color: #111;"">Explicació:</b> L’estat de l’eina i la coordinació entre operadors són factors essencials de seguretat.</div></div>","T32_-_Accidents_de_mobilitat_viaria","19734"
"<div style=""text-align: left; font-family: -apple-system, sans-serif;""><div style=""font-size: 11px; color: #888; margin-bottom: 6px;"">[T32 - Accidents de mobilitat viària] Pregunta 113</div><div style=""font-weight: bold; font-size: 16px; margin-bottom: 14px; line-height: 1.4;"">Quin factor té més pes en l’energia cinètica prèvia a un xoc si comparem la massa i la velocitat?</div><div style=""font-size: 14px; line-height: 1.6;""><div style=""padding: 5px 0;""><b>A)</b> La velocitat, perquè apareix elevada al quadrat.</div><div style=""padding: 5px 0;""><b>B)</b> La massa i la velocitat tenen exactament el mateix pes.</div><div style=""padding: 5px 0;""><b>C)</b> La massa, perquè determina directament la força de l’impacte.</div><div style=""padding: 5px 0;""><b>D)</b> La velocitat, perquè és l’únic factor de la fórmula.</div></div></div>","<div style=""text-align: left; font-family: -apple-system, sans-serif;""><div style=""font-weight: bold; font-size: 16px; color: #10b981; margin-bottom: 8px;"">✓ Resposta Correcta: A</div><div style=""font-size: 14px; margin-bottom: 12px; padding: 10px; background: rgba(16,185,129,0.1); border-radius: 6px; border-left: 4px solid #10b981;"">A) La velocitat, perquè apareix elevada al quadrat.</div><hr style=""border: 0; border-top: 1px solid #ddd; margin: 12px 0;""><div style=""font-size: 13px; color: #444; line-height: 1.4;""><b style=""color: #111;"">Explicació:</b> A l’expressió Ec = ½·m·V², la velocitat té un efecte quadràtic sobre l’energia cinètica.</div></div>","T32_-_Accidents_de_mobilitat_viaria","19658"
"<div style=""text-align: left; font-family: -apple-system, sans-serif;""><div style=""font-size: 11px; color: #888; margin-bottom: 6px;"">[T32 - Accidents de mobilitat viària] Pregunta 114</div><div style=""font-weight: bold; font-size: 16px; margin-bottom: 14px; line-height: 1.4;"">Quin mecanisme lesiu és especialment característic d’un xoc posterior en un accident de trànsit?</div><div style=""font-size: 14px; line-height: 1.6;""><div style=""padding: 5px 0;""><b>A)</b> Torsió cervical amb extensió seguida de rotació.</div><div style=""padding: 5px 0;""><b>B)</b> Compressió toràcica amb hiperflexió cervical.</div><div style=""padding: 5px 0;""><b>C)</b> Fuetada cervical amb hiperextensió seguida d’hiperflexió.</div><div style=""padding: 5px 0;""><b>D)</b> Fuetada lateral amb flexió de la columna dorsal.</div></div></div>","<div style=""text-align: left; font-family: -apple-system, sans-serif;""><div style=""font-weight: bold; font-size: 16px; color: #10b981; margin-bottom: 8px;"">✓ Resposta Correcta: C</div><div style=""font-size: 14px; margin-bottom: 12px; padding: 10px; background: rgba(16,185,129,0.1); border-radius: 6px; border-left: 4px solid #10b981;"">C) Fuetada cervical amb hiperextensió seguida d’hiperflexió.</div><hr style=""border: 0; border-top: 1px solid #ddd; margin: 12px 0;""><div style=""font-size: 13px; color: #444; line-height: 1.4;""><b style=""color: #111;"">Explicació:</b> En el xoc posterior és típica la lesió cervical per fuetada, amb hiperextensió inicial seguida d’hiperflexió.</div></div>","T32_-_Accidents_de_mobilitat_viaria","19640"
"<div style=""text-align: left; font-family: -apple-system, sans-serif;""><div style=""font-size: 11px; color: #888; margin-bottom: 6px;"">[T32 - Accidents de mobilitat viària] Pregunta 115</div><div style=""font-weight: bold; font-size: 16px; margin-bottom: 14px; line-height: 1.4;"">Què cal fer si no hi ha prou espai per introduir les puntes del separador en una porta accidentada?</div><div style=""font-size: 14px; line-height: 1.6;""><div style=""padding: 5px 0;""><b>A)</b> Talllar immediatament totes les frontisses.</div><div style=""padding: 5px 0;""><b>B)</b> Retirar primer el muntant més proper.</div><div style=""padding: 5px 0;""><b>C)</b> Crear primer un espai suficient per introduir l’eina.</div><div style=""padding: 5px 0;""><b>D)</b> Aplicar més força directament sobre el pany.</div></div></div>","<div style=""text-align: left; font-family: -apple-system, sans-serif;""><div style=""font-weight: bold; font-size: 16px; color: #10b981; margin-bottom: 8px;"">✓ Resposta Correcta: C</div><div style=""font-size: 14px; margin-bottom: 12px; padding: 10px; background: rgba(16,185,129,0.1); border-radius: 6px; border-left: 4px solid #10b981;"">C) Crear primer un espai suficient per introduir l’eina.</div><hr style=""border: 0; border-top: 1px solid #ddd; margin: 12px 0;""><div style=""font-size: 13px; color: #444; line-height: 1.4;""><b style=""color: #111;"">Explicació:</b> Abans d’expandir cal disposar d’un punt d’entrada segur per a les puntes del separador.</div></div>","T32_-_Accidents_de_mobilitat_viaria","19684"
"<div style=""text-align: left; font-family: -apple-system, sans-serif;""><div style=""font-size: 11px; color: #888; margin-bottom: 6px;"">[T32 - Accidents de mobilitat viària] Pregunta 116</div><div style=""font-weight: bold; font-size: 16px; margin-bottom: 14px; line-height: 1.4;"">Per què pot ser necessari tallar o retirar el sostre d’un vehicle durant un rescat?</div><div style=""font-size: 14px; line-height: 1.6;""><div style=""padding: 5px 0;""><b>A)</b> Per desactivar els sistemes de coixí de seguretat.</div><div style=""padding: 5px 0;""><b>B)</b> Per evitar el moviment longitudinal del vehicle.</div><div style=""padding: 5px 0;""><b>C)</b> Per reduir la pressió interior de l’habitacle.</div><div style=""padding: 5px 0;""><b>D)</b> Per permetre una extracció vertical de les víctimes.</div></div></div>","<div style=""text-align: left; font-family: -apple-system, sans-serif;""><div style=""font-weight: bold; font-size: 16px; color: #10b981; margin-bottom: 8px;"">✓ Resposta Correcta: D</div><div style=""font-size: 14px; margin-bottom: 12px; padding: 10px; background: rgba(16,185,129,0.1); border-radius: 6px; border-left: 4px solid #10b981;"">D) Per permetre una extracció vertical de les víctimes.</div><hr style=""border: 0; border-top: 1px solid #ddd; margin: 12px 0;""><div style=""font-size: 13px; color: #444; line-height: 1.4;""><b style=""color: #111;"">Explicació:</b> La retirada del sostre pot crear l’espai necessari per efectuar una extracció vertical.</div></div>","T32_-_Accidents_de_mobilitat_viaria","19589"
"<div style=""text-align: left; font-family: -apple-system, sans-serif;""><div style=""font-size: 11px; color: #888; margin-bottom: 6px;"">[T32 - Accidents de mobilitat viària] Pregunta 117</div><div style=""font-weight: bold; font-size: 16px; margin-bottom: 14px; line-height: 1.4;"">Quin risc addicional poden presentar els trens de mercaderies?</div><div style=""font-size: 14px; line-height: 1.6;""><div style=""padding: 5px 0;""><b>A)</b> La presència habitual de passatgers dempeus.</div><div style=""padding: 5px 0;""><b>B)</b> La presència de grans bodegues d’equipatge.</div><div style=""padding: 5px 0;""><b>C)</b> L’ús generalitzat de plataformes PMR hidràuliques.</div><div style=""padding: 5px 0;""><b>D)</b> El transport de productes perillosos com substàncies químiques, carburants o gasos.</div></div></div>","<div style=""text-align: left; font-family: -apple-system, sans-serif;""><div style=""font-weight: bold; font-size: 16px; color: #10b981; margin-bottom: 8px;"">✓ Resposta Correcta: D</div><div style=""font-size: 14px; margin-bottom: 12px; padding: 10px; background: rgba(16,185,129,0.1); border-radius: 6px; border-left: 4px solid #10b981;"">D) El transport de productes perillosos com substàncies químiques, carburants o gasos.</div><hr style=""border: 0; border-top: 1px solid #ddd; margin: 12px 0;""><div style=""font-size: 13px; color: #444; line-height: 1.4;""><b style=""color: #111;"">Explicació:</b> Els trens de mercaderies poden transportar càrregues perilloses que condicionen l’avaluació inicial.</div></div>","T32_-_Accidents_de_mobilitat_viaria","19627"
"<div style=""text-align: left; font-family: -apple-system, sans-serif;""><div style=""font-size: 11px; color: #888; margin-bottom: 6px;"">[T32 - Accidents de mobilitat viària] Pregunta 118</div><div style=""font-weight: bold; font-size: 16px; margin-bottom: 14px; line-height: 1.4;"">Quin risc pot produir un vehicle bolcat o encastat que no està correctament estabilitzat?</div><div style=""font-size: 14px; line-height: 1.6;""><div style=""padding: 5px 0;""><b>A)</b> Curtcircuits, espurnes o incendi del sistema elèctric.</div><div style=""padding: 5px 0;""><b>B)</b> Exposició a fluids biològics de les víctimes.</div><div style=""padding: 5px 0;""><b>C)</b> Projeccions de vidre per la ruptura del parabrisa.</div><div style=""padding: 5px 0;""><b>D)</b> Desplaçaments sobtats, atrapaments o caigudes durant les maniobres.</div></div></div>","<div style=""text-align: left; font-family: -apple-system, sans-serif;""><div style=""font-weight: bold; font-size: 16px; color: #10b981; margin-bottom: 8px;"">✓ Resposta Correcta: D</div><div style=""font-size: 14px; margin-bottom: 12px; padding: 10px; background: rgba(16,185,129,0.1); border-radius: 6px; border-left: 4px solid #10b981;"">D) Desplaçaments sobtats, atrapaments o caigudes durant les maniobres.</div><hr style=""border: 0; border-top: 1px solid #ddd; margin: 12px 0;""><div style=""font-size: 13px; color: #444; line-height: 1.4;""><b style=""color: #111;"">Explicació:</b> La inestabilitat mecànica pot provocar moviments imprevistos amb conseqüències directes.</div></div>","T32_-_Accidents_de_mobilitat_viaria","19729"
"<div style=""text-align: left; font-family: -apple-system, sans-serif;""><div style=""font-size: 11px; color: #888; margin-bottom: 6px;"">[T32 - Accidents de mobilitat viària] Pregunta 119</div><div style=""font-weight: bold; font-size: 16px; margin-bottom: 14px; line-height: 1.4;"">Quin factor pot afegir un risc específic a un accident de mobilitat viària amb vehicles moderns?</div><div style=""font-size: 14px; line-height: 1.6;""><div style=""padding: 5px 0;""><b>A)</b> L’ús de sistemes de frenada antiblocatge.</div><div style=""padding: 5px 0;""><b>B)</b> L’ús de propulsions no convencionals com gas, electricitat o hidrogen.</div><div style=""padding: 5px 0;""><b>C)</b> La presència de carrosseries amb elements de plàstic.</div><div style=""padding: 5px 0;""><b>D)</b> La circulació per vies de doble sentit.</div></div></div>","<div style=""text-align: left; font-family: -apple-system, sans-serif;""><div style=""font-weight: bold; font-size: 16px; color: #10b981; margin-bottom: 8px;"">✓ Resposta Correcta: B</div><div style=""font-size: 14px; margin-bottom: 12px; padding: 10px; background: rgba(16,185,129,0.1); border-radius: 6px; border-left: 4px solid #10b981;"">B) L’ús de propulsions no convencionals com gas, electricitat o hidrogen.</div><hr style=""border: 0; border-top: 1px solid #ddd; margin: 12px 0;""><div style=""font-size: 13px; color: #444; line-height: 1.4;""><b style=""color: #111;"">Explicació:</b> El document identifica gas, electricitat i hidrogen com a propulsions que poden introduir riscos específics en la intervenció.</div></div>","T32_-_Accidents_de_mobilitat_viaria","19567"
"<div style=""text-align: left; font-family: -apple-system, sans-serif;""><div style=""font-size: 11px; color: #888; margin-bottom: 6px;"">[T32 - Accidents de mobilitat viària] Pregunta 120</div><div style=""font-weight: bold; font-size: 16px; margin-bottom: 14px; line-height: 1.4;"">Com s’anomenen els muntants d’un vehicle des de la part davantera cap enrere?</div><div style=""font-size: 14px; line-height: 1.6;""><div style=""padding: 5px 0;""><b>A)</b> Segons la banda del vehicle: dret, central i esquerre.</div><div style=""padding: 5px 0;""><b>B)</b> Segons la funció: frontal, central i posterior.</div><div style=""padding: 5px 0;""><b>C)</b> Per ordre alfabètic: A, B, C i successius.</div><div style=""padding: 5px 0;""><b>D)</b> Per ordre numèric: 1, 2, 3 i successius.</div></div></div>","<div style=""text-align: left; font-family: -apple-system, sans-serif;""><div style=""font-weight: bold; font-size: 16px; color: #10b981; margin-bottom: 8px;"">✓ Resposta Correcta: C</div><div style=""font-size: 14px; margin-bottom: 12px; padding: 10px; background: rgba(16,185,129,0.1); border-radius: 6px; border-left: 4px solid #10b981;"">C) Per ordre alfabètic: A, B, C i successius.</div><hr style=""border: 0; border-top: 1px solid #ddd; margin: 12px 0;""><div style=""font-size: 13px; color: #444; line-height: 1.4;""><b style=""color: #111;"">Explicació:</b> La nomenclatura avança alfabèticament des de la part davantera segons el sentit de la marxa.</div></div>","T32_-_Accidents_de_mobilitat_viaria","19585"
"<div style=""text-align: left; font-family: -apple-system, sans-serif;""><div style=""font-size: 11px; color: #888; margin-bottom: 6px;"">[T32 - Accidents de mobilitat viària] Pregunta 121</div><div style=""font-weight: bold; font-size: 16px; margin-bottom: 14px; line-height: 1.4;"">Què s’ha d’identificar abans de retirar o trencar un vidre d’un vehicle accidentat?</div><div style=""font-size: 14px; line-height: 1.6;""><div style=""padding: 5px 0;""><b>A)</b> El tipus de vidre i la seva fixació.</div><div style=""padding: 5px 0;""><b>B)</b> La resistència del muntant més proper.</div><div style=""padding: 5px 0;""><b>C)</b> La posició del motor i la bateria.</div><div style=""padding: 5px 0;""><b>D)</b> La direcció d’obertura de la porta.</div></div></div>","<div style=""text-align: left; font-family: -apple-system, sans-serif;""><div style=""font-weight: bold; font-size: 16px; color: #10b981; margin-bottom: 8px;"">✓ Resposta Correcta: A</div><div style=""font-size: 14px; margin-bottom: 12px; padding: 10px; background: rgba(16,185,129,0.1); border-radius: 6px; border-left: 4px solid #10b981;"">A) El tipus de vidre i la seva fixació.</div><hr style=""border: 0; border-top: 1px solid #ddd; margin: 12px 0;""><div style=""font-size: 13px; color: #444; line-height: 1.4;""><b style=""color: #111;"">Explicació:</b> La tècnica depèn del tipus de vidre i de com està fixat.</div></div>","T32_-_Accidents_de_mobilitat_viaria","19681"
"<div style=""text-align: left; font-family: -apple-system, sans-serif;""><div style=""font-size: 11px; color: #888; margin-bottom: 6px;"">[T32 - Accidents de mobilitat viària] Pregunta 122</div><div style=""font-weight: bold; font-size: 16px; margin-bottom: 14px; line-height: 1.4;"">Quina maniobra permet recuperar espai vital després del col·lapse del muntant B en un impacte lateral?</div><div style=""font-size: 14px; line-height: 1.6;""><div style=""padding: 5px 0;""><b>A)</b> El desplaçament del davantal.</div><div style=""padding: 5px 0;""><b>B)</b> El desplaçament de la columna de direcció.</div><div style=""padding: 5px 0;""><b>C)</b> L’elevació del sostre amb separador.</div><div style=""padding: 5px 0;""><b>D)</b> El desplaçament del muntant B amb un pistó hidràulic.</div></div></div>","<div style=""text-align: left; font-family: -apple-system, sans-serif;""><div style=""font-weight: bold; font-size: 16px; color: #10b981; margin-bottom: 8px;"">✓ Resposta Correcta: D</div><div style=""font-size: 14px; margin-bottom: 12px; padding: 10px; background: rgba(16,185,129,0.1); border-radius: 6px; border-left: 4px solid #10b981;"">D) El desplaçament del muntant B amb un pistó hidràulic.</div><hr style=""border: 0; border-top: 1px solid #ddd; margin: 12px 0;""><div style=""font-size: 13px; color: #444; line-height: 1.4;""><b style=""color: #111;"">Explicació:</b> El muntant es torna a empènyer cap a la seva posició original utilitzant un pistó.</div></div>","T32_-_Accidents_de_mobilitat_viaria","19704"
"<div style=""text-align: left; font-family: -apple-system, sans-serif;""><div style=""font-size: 11px; color: #888; margin-bottom: 6px;"">[T32 - Accidents de mobilitat viària] Pregunta 123</div><div style=""font-weight: bold; font-size: 16px; margin-bottom: 14px; line-height: 1.4;"">Quin material transparent pot dificultar especialment el trencament d’un tancament durant un rescat per la seva alta resistència als impactes?</div><div style=""font-size: 14px; line-height: 1.6;""><div style=""padding: 5px 0;""><b>A)</b> La fibra de vidre.</div><div style=""padding: 5px 0;""><b>B)</b> El policarbonat.</div><div style=""padding: 5px 0;""><b>C)</b> El vidre laminat.</div><div style=""padding: 5px 0;""><b>D)</b> El vidre temperat.</div></div></div>","<div style=""text-align: left; font-family: -apple-system, sans-serif;""><div style=""font-weight: bold; font-size: 16px; color: #10b981; margin-bottom: 8px;"">✓ Resposta Correcta: B</div><div style=""font-size: 14px; margin-bottom: 12px; padding: 10px; background: rgba(16,185,129,0.1); border-radius: 6px; border-left: 4px solid #10b981;"">B) El policarbonat.</div><hr style=""border: 0; border-top: 1px solid #ddd; margin: 12px 0;""><div style=""font-size: 13px; color: #444; line-height: 1.4;""><b style=""color: #111;"">Explicació:</b> El policarbonat és molt resistent als impactes i el manual adverteix que pot resultar difícil de trencar.</div></div>","T32_-_Accidents_de_mobilitat_viaria","19593"
"<div style=""text-align: left; font-family: -apple-system, sans-serif;""><div style=""font-size: 11px; color: #888; margin-bottom: 6px;"">[T32 - Accidents de mobilitat viària] Pregunta 124</div><div style=""font-weight: bold; font-size: 16px; margin-bottom: 14px; line-height: 1.4;"">Quin comportament presenta habitualment un vidre temperat quan es trenca durant una intervenció de rescat?</div><div style=""font-size: 14px; line-height: 1.6;""><div style=""padding: 5px 0;""><b>A)</b> Queda adherit a una làmina interior.</div><div style=""padding: 5px 0;""><b>B)</b> Es fragmenta en molts trossos petits.</div><div style=""padding: 5px 0;""><b>C)</b> Es deforma sense generar fragments.</div><div style=""padding: 5px 0;""><b>D)</b> Es fractura en grans peces que romanen unides al marc.</div></div></div>","<div style=""text-align: left; font-family: -apple-system, sans-serif;""><div style=""font-weight: bold; font-size: 16px; color: #10b981; margin-bottom: 8px;"">✓ Resposta Correcta: B</div><div style=""font-size: 14px; margin-bottom: 12px; padding: 10px; background: rgba(16,185,129,0.1); border-radius: 6px; border-left: 4px solid #10b981;"">B) Es fragmenta en molts trossos petits.</div><hr style=""border: 0; border-top: 1px solid #ddd; margin: 12px 0;""><div style=""font-size: 13px; color: #444; line-height: 1.4;""><b style=""color: #111;"">Explicació:</b> El tractament del vidre temperat fa que, en trencar-se, es divideixi en nombrosos fragments petits.</div></div>","T32_-_Accidents_de_mobilitat_viaria","19592"
"<div style=""text-align: left; font-family: -apple-system, sans-serif;""><div style=""font-size: 11px; color: #888; margin-bottom: 6px;"">[T32 - Accidents de mobilitat viària] Pregunta 125</div><div style=""font-weight: bold; font-size: 16px; margin-bottom: 14px; line-height: 1.4;"">On s’han de centralitzar les eines de rescat que no s’estan utilitzant?</div><div style=""font-size: 14px; line-height: 1.6;""><div style=""padding: 5px 0;""><b>A)</b> A l’àrea d’eines.</div><div style=""padding: 5px 0;""><b>B)</b> A l’àrea de relleu i SOS.</div><div style=""padding: 5px 0;""><b>C)</b> A l’àrea de ferralla.</div><div style=""padding: 5px 0;""><b>D)</b> A la zona freda.</div></div></div>","<div style=""text-align: left; font-family: -apple-system, sans-serif;""><div style=""font-weight: bold; font-size: 16px; color: #10b981; margin-bottom: 8px;"">✓ Resposta Correcta: A</div><div style=""font-size: 14px; margin-bottom: 12px; padding: 10px; background: rgba(16,185,129,0.1); border-radius: 6px; border-left: 4px solid #10b981;"">A) A l’àrea d’eines.</div><hr style=""border: 0; border-top: 1px solid #ddd; margin: 12px 0;""><div style=""font-size: 13px; color: #444; line-height: 1.4;""><b style=""color: #111;"">Explicació:</b> L’àrea d’eines evita dispersió del material i facilita l’ordre de l’escenari.</div></div>","T32_-_Accidents_de_mobilitat_viaria","19719"
"<div style=""text-align: left; font-family: -apple-system, sans-serif;""><div style=""font-size: 11px; color: #888; margin-bottom: 6px;"">[T32 - Accidents de mobilitat viària] Pregunta 126</div><div style=""font-weight: bold; font-size: 16px; margin-bottom: 14px; line-height: 1.4;"">Quin desmunt parcial de sostre és especialment apropiat quan es preveu una extracció posterior de la víctima?</div><div style=""font-size: 14px; line-height: 1.6;""><div style=""padding: 5px 0;""><b>A)</b> El desmunt total de sostre.</div><div style=""padding: 5px 0;""><b>B)</b> El desmunt parcial anterior de sostre.</div><div style=""padding: 5px 0;""><b>C)</b> El desmunt lateral de sostre.</div><div style=""padding: 5px 0;""><b>D)</b> El desmunt parcial posterior de sostre.</div></div></div>","<div style=""text-align: left; font-family: -apple-system, sans-serif;""><div style=""font-weight: bold; font-size: 16px; color: #10b981; margin-bottom: 8px;"">✓ Resposta Correcta: B</div><div style=""font-size: 14px; margin-bottom: 12px; padding: 10px; background: rgba(16,185,129,0.1); border-radius: 6px; border-left: 4px solid #10b981;"">B) El desmunt parcial anterior de sostre.</div><hr style=""border: 0; border-top: 1px solid #ddd; margin: 12px 0;""><div style=""font-size: 13px; color: #444; line-height: 1.4;""><b style=""color: #111;"">Explicació:</b> El document assenyala el desmunt parcial anterior com a molt apropiat quan la via prevista és posterior.</div></div>","T32_-_Accidents_de_mobilitat_viaria","19691"
"<div style=""text-align: left; font-family: -apple-system, sans-serif;""><div style=""font-size: 11px; color: #888; margin-bottom: 6px;"">[T32 - Accidents de mobilitat viària] Pregunta 127</div><div style=""font-weight: bold; font-size: 16px; margin-bottom: 14px; line-height: 1.4;"">Què defineix una sortida de via en un accident de mobilitat viària?</div><div style=""font-size: 14px; line-height: 1.6;""><div style=""padding: 5px 0;""><b>A)</b> Que el conductor abandona voluntàriament la calçada per evitar una col·lisió.</div><div style=""padding: 5px 0;""><b>B)</b> Que el vehicle surt de la plataforma de la via per causes alienes a la voluntat del conductor.</div><div style=""padding: 5px 0;""><b>C)</b> Que el vehicle queda fora de la via després d’una bolcada total.</div><div style=""padding: 5px 0;""><b>D)</b> Que el vehicle abandona la calçada després d’un xoc amb un altre vehicle.</div></div></div>","<div style=""text-align: left; font-family: -apple-system, sans-serif;""><div style=""font-weight: bold; font-size: 16px; color: #10b981; margin-bottom: 8px;"">✓ Resposta Correcta: B</div><div style=""font-size: 14px; margin-bottom: 12px; padding: 10px; background: rgba(16,185,129,0.1); border-radius: 6px; border-left: 4px solid #10b981;"">B) Que el vehicle surt de la plataforma de la via per causes alienes a la voluntat del conductor.</div><hr style=""border: 0; border-top: 1px solid #ddd; margin: 12px 0;""><div style=""font-size: 13px; color: #444; line-height: 1.4;""><b style=""color: #111;"">Explicació:</b> La sortida de via es defineix pel fet d’abandonar la plataforma per causes alienes a la voluntat del conductor, amb bolcada o sense.</div></div>","T32_-_Accidents_de_mobilitat_viaria","19642"
"<div style=""text-align: left; font-family: -apple-system, sans-serif;""><div style=""font-size: 11px; color: #888; margin-bottom: 6px;"">[T32 - Accidents de mobilitat viària] Pregunta 128</div><div style=""font-weight: bold; font-size: 16px; margin-bottom: 14px; line-height: 1.4;"">Quin tipus de camió presenta un risc especial si transporta líquids o gasos inflamables, tòxics o corrosius?</div><div style=""font-size: 14px; line-height: 1.6;""><div style=""padding: 5px 0;""><b>A)</b> El camió portacontenidors.</div><div style=""padding: 5px 0;""><b>B)</b> El camió cisterna.</div><div style=""padding: 5px 0;""><b>C)</b> El camió de caixa tancada.</div><div style=""padding: 5px 0;""><b>D)</b> El camió frigorífic.</div></div></div>","<div style=""text-align: left; font-family: -apple-system, sans-serif;""><div style=""font-weight: bold; font-size: 16px; color: #10b981; margin-bottom: 8px;"">✓ Resposta Correcta: B</div><div style=""font-size: 14px; margin-bottom: 12px; padding: 10px; background: rgba(16,185,129,0.1); border-radius: 6px; border-left: 4px solid #10b981;"">B) El camió cisterna.</div><hr style=""border: 0; border-top: 1px solid #ddd; margin: 12px 0;""><div style=""font-size: 13px; color: #444; line-height: 1.4;""><b style=""color: #111;"">Explicació:</b> Les cisternes poden contenir líquids o gasos perillosos i introdueixen riscos químics i d’inestabilitat.</div></div>","T32_-_Accidents_de_mobilitat_viaria","19620"
"<div style=""text-align: left; font-family: -apple-system, sans-serif;""><div style=""font-size: 11px; color: #888; margin-bottom: 6px;"">[T32 - Accidents de mobilitat viària] Pregunta 129</div><div style=""font-weight: bold; font-size: 16px; margin-bottom: 14px; line-height: 1.4;"">Quants accidents amb víctimes va registrar Catalunya l’any 2023?</div><div style=""font-size: 14px; line-height: 1.6;""><div style=""padding: 5px 0;""><b>A)</b> 24.591 accidents.</div><div style=""padding: 5px 0;""><b>B)</b> 21.359 accidents.</div><div style=""padding: 5px 0;""><b>C)</b> 23.591 accidents.</div><div style=""padding: 5px 0;""><b>D)</b> 22.000 accidents.</div></div></div>","<div style=""text-align: left; font-family: -apple-system, sans-serif;""><div style=""font-weight: bold; font-size: 16px; color: #10b981; margin-bottom: 8px;"">✓ Resposta Correcta: C</div><div style=""font-size: 14px; margin-bottom: 12px; padding: 10px; background: rgba(16,185,129,0.1); border-radius: 6px; border-left: 4px solid #10b981;"">C) 23.591 accidents.</div><hr style=""border: 0; border-top: 1px solid #ddd; margin: 12px 0;""><div style=""font-size: 13px; color: #444; line-height: 1.4;""><b style=""color: #111;"">Explicació:</b> El manual concreta que el 2023 es van registrar 23.591 accidents amb víctimes.</div></div>","T32_-_Accidents_de_mobilitat_viaria","19570"
"<div style=""text-align: left; font-family: -apple-system, sans-serif;""><div style=""font-size: 11px; color: #888; margin-bottom: 6px;"">[T32 - Accidents de mobilitat viària] Pregunta 130</div><div style=""font-weight: bold; font-size: 16px; margin-bottom: 14px; line-height: 1.4;"">Per què la distància de frenada d’un tren és molt superior a la d’un vehicle de carretera?</div><div style=""font-size: 14px; line-height: 1.6;""><div style=""padding: 5px 0;""><b>A)</b> Per la baixa adherència produïda pel sistema de suspensió.</div><div style=""padding: 5px 0;""><b>B)</b> Per l’ús exclusiu de frens electromagnètics.</div><div style=""padding: 5px 0;""><b>C)</b> Per la manca de frenada simultània en els diferents vagons.</div><div style=""padding: 5px 0;""><b>D)</b> Per la seva gran massa i inèrcia.</div></div></div>","<div style=""text-align: left; font-family: -apple-system, sans-serif;""><div style=""font-weight: bold; font-size: 16px; color: #10b981; margin-bottom: 8px;"">✓ Resposta Correcta: D</div><div style=""font-size: 14px; margin-bottom: 12px; padding: 10px; background: rgba(16,185,129,0.1); border-radius: 6px; border-left: 4px solid #10b981;"">D) Per la seva gran massa i inèrcia.</div><hr style=""border: 0; border-top: 1px solid #ddd; margin: 12px 0;""><div style=""font-size: 13px; color: #444; line-height: 1.4;""><b style=""color: #111;"">Explicació:</b> La gran massa i inèrcia limiten la capacitat del tren de reduir la velocitat en poca distància.</div></div>","T32_-_Accidents_de_mobilitat_viaria","19631"
"<div style=""text-align: left; font-family: -apple-system, sans-serif;""><div style=""font-size: 11px; color: #888; margin-bottom: 6px;"">[T32 - Accidents de mobilitat viària] Pregunta 131</div><div style=""font-weight: bold; font-size: 16px; margin-bottom: 14px; line-height: 1.4;"">Quin objectiu té la delimitació física de l’escenari d’un accident de trànsit?</div><div style=""font-size: 14px; line-height: 1.6;""><div style=""padding: 5px 0;""><b>A)</b> Reduir atropellaments, interferències amb el trànsit i intrusions incontrolades.</div><div style=""padding: 5px 0;""><b>B)</b> Evitar fuites de combustible cap a la zona d’intervenció.</div><div style=""padding: 5px 0;""><b>C)</b> Separar víctimes greus i lleus abans del triatge.</div><div style=""padding: 5px 0;""><b>D)</b> Evitar moviments del vehicle accidentat durant l’excarceració.</div></div></div>","<div style=""text-align: left; font-family: -apple-system, sans-serif;""><div style=""font-weight: bold; font-size: 16px; color: #10b981; margin-bottom: 8px;"">✓ Resposta Correcta: A</div><div style=""font-size: 14px; margin-bottom: 12px; padding: 10px; background: rgba(16,185,129,0.1); border-radius: 6px; border-left: 4px solid #10b981;"">A) Reduir atropellaments, interferències amb el trànsit i intrusions incontrolades.</div><hr style=""border: 0; border-top: 1px solid #ddd; margin: 12px 0;""><div style=""font-size: 13px; color: #444; line-height: 1.4;""><b style=""color: #111;"">Explicació:</b> La zonificació crea un entorn de treball protegit davant riscos externs.</div></div>","T32_-_Accidents_de_mobilitat_viaria","19715"
"<div style=""text-align: left; font-family: -apple-system, sans-serif;""><div style=""font-size: 11px; color: #888; margin-bottom: 6px;"">[T32 - Accidents de mobilitat viària] Pregunta 132</div><div style=""font-weight: bold; font-size: 16px; margin-bottom: 14px; line-height: 1.4;"">Quin any del període 2014-2023 va registrar més accidents amb víctimes a Catalunya?</div><div style=""font-size: 14px; line-height: 1.6;""><div style=""padding: 5px 0;""><b>A)</b> L’any 2020.</div><div style=""padding: 5px 0;""><b>B)</b> L’any 2019.</div><div style=""padding: 5px 0;""><b>C)</b> L’any 2023.</div><div style=""padding: 5px 0;""><b>D)</b> L’any 2014.</div></div></div>","<div style=""text-align: left; font-family: -apple-system, sans-serif;""><div style=""font-weight: bold; font-size: 16px; color: #10b981; margin-bottom: 8px;"">✓ Resposta Correcta: B</div><div style=""font-size: 14px; margin-bottom: 12px; padding: 10px; background: rgba(16,185,129,0.1); border-radius: 6px; border-left: 4px solid #10b981;"">B) L’any 2019.</div><hr style=""border: 0; border-top: 1px solid #ddd; margin: 12px 0;""><div style=""font-size: 13px; color: #444; line-height: 1.4;""><b style=""color: #111;"">Explicació:</b> El 2019 va superar els 24.000 accidents amb víctimes i és l’any amb més accidentalitat del període indicat.</div></div>","T32_-_Accidents_de_mobilitat_viaria","19569"
"<div style=""text-align: left; font-family: -apple-system, sans-serif;""><div style=""font-size: 11px; color: #888; margin-bottom: 6px;"">[T32 - Accidents de mobilitat viària] Pregunta 133</div><div style=""font-weight: bold; font-size: 16px; margin-bottom: 14px; line-height: 1.4;"">Quan és prioritàriament adequat el Pla A d’extracció en un accident de mobilitat viària?</div><div style=""font-size: 14px; line-height: 1.6;""><div style=""padding: 5px 0;""><b>A)</b> Quan un incendi no controlable exigeix treure la víctima immediatament.</div><div style=""padding: 5px 0;""><b>B)</b> Quan la víctima està estable i hi ha temps per fer una extracció tècnicament segura i progressiva.</div><div style=""padding: 5px 0;""><b>C)</b> Quan hi ha una aturada cardíaca presenciada que obliga a una extracció urgent.</div><div style=""padding: 5px 0;""><b>D)</b> Quan la víctima s’agreuja sobtadament i cal reduir el temps d’extracció.</div></div></div>","<div style=""text-align: left; font-family: -apple-system, sans-serif;""><div style=""font-weight: bold; font-size: 16px; color: #10b981; margin-bottom: 8px;"">✓ Resposta Correcta: B</div><div style=""font-size: 14px; margin-bottom: 12px; padding: 10px; background: rgba(16,185,129,0.1); border-radius: 6px; border-left: 4px solid #10b981;"">B) Quan la víctima està estable i hi ha temps per fer una extracció tècnicament segura i progressiva.</div><hr style=""border: 0; border-top: 1px solid #ddd; margin: 12px 0;""><div style=""font-size: 13px; color: #444; line-height: 1.4;""><b style=""color: #111;"">Explicació:</b> El Pla A busca una gran generació d’espais i una extracció de qualitat quan l’estat clínic i l’escenari permeten treballar progressivament.</div></div>","T32_-_Accidents_de_mobilitat_viaria","19662"
"<div style=""text-align: left; font-family: -apple-system, sans-serif;""><div style=""font-size: 11px; color: #888; margin-bottom: 6px;"">[T32 - Accidents de mobilitat viària] Pregunta 134</div><div style=""font-weight: bold; font-size: 16px; margin-bottom: 14px; line-height: 1.4;"">Què és el capcineig d’un vehicle?</div><div style=""font-size: 14px; line-height: 1.6;""><div style=""padding: 5px 0;""><b>A)</b> Un moviment pivotant a dreta i esquerra sense desplaçament longitudinal.</div><div style=""padding: 5px 0;""><b>B)</b> Un moviment pivotant endavant i endarrere sense desplaçament longitudinal.</div><div style=""padding: 5px 0;""><b>C)</b> Un gir lateral sobre un eix vertical imaginari.</div><div style=""padding: 5px 0;""><b>D)</b> Un moviment horitzontal endavant i endarrere amb desplaçament.</div></div></div>","<div style=""text-align: left; font-family: -apple-system, sans-serif;""><div style=""font-weight: bold; font-size: 16px; color: #10b981; margin-bottom: 8px;"">✓ Resposta Correcta: B</div><div style=""font-size: 14px; margin-bottom: 12px; padding: 10px; background: rgba(16,185,129,0.1); border-radius: 6px; border-left: 4px solid #10b981;"">B) Un moviment pivotant endavant i endarrere sense desplaçament longitudinal.</div><hr style=""border: 0; border-top: 1px solid #ddd; margin: 12px 0;""><div style=""font-size: 13px; color: #444; line-height: 1.4;""><b style=""color: #111;"">Explicació:</b> El capcineig és l’oscil·lació longitudinal del vehicle al voltant d’un eix transversal.</div></div>","T32_-_Accidents_de_mobilitat_viaria","19599"
"<div style=""text-align: left; font-family: -apple-system, sans-serif;""><div style=""font-size: 11px; color: #888; margin-bottom: 6px;"">[T32 - Accidents de mobilitat viària] Pregunta 135</div><div style=""font-weight: bold; font-size: 16px; margin-bottom: 14px; line-height: 1.4;"">Quina configuració d’eixos és habitual en camions de menor tonatge?</div><div style=""font-size: 14px; line-height: 1.6;""><div style=""padding: 5px 0;""><b>A)</b> 3 eixos, habitualment 6x4.</div><div style=""padding: 5px 0;""><b>B)</b> 2 eixos, habitualment 4x2.</div><div style=""padding: 5px 0;""><b>C)</b> 5 eixos, habitualment 10x4.</div><div style=""padding: 5px 0;""><b>D)</b> 4 eixos, habitualment 8x4.</div></div></div>","<div style=""text-align: left; font-family: -apple-system, sans-serif;""><div style=""font-weight: bold; font-size: 16px; color: #10b981; margin-bottom: 8px;"">✓ Resposta Correcta: B</div><div style=""font-size: 14px; margin-bottom: 12px; padding: 10px; background: rgba(16,185,129,0.1); border-radius: 6px; border-left: 4px solid #10b981;"">B) 2 eixos, habitualment 4x2.</div><hr style=""border: 0; border-top: 1px solid #ddd; margin: 12px 0;""><div style=""font-size: 13px; color: #444; line-height: 1.4;""><b style=""color: #111;"">Explicació:</b> El manual associa les configuracions de 2 eixos 4x2 als vehicles de menor tonatge.</div></div>","T32_-_Accidents_de_mobilitat_viaria","19618"
"<div style=""text-align: left; font-family: -apple-system, sans-serif;""><div style=""font-size: 11px; color: #888; margin-bottom: 6px;"">[T32 - Accidents de mobilitat viària] Pregunta 136</div><div style=""font-weight: bold; font-size: 16px; margin-bottom: 14px; line-height: 1.4;"">Quina estabilització sol ser suficient en una bolcada total?</div><div style=""font-size: 14px; line-height: 1.6;""><div style=""padding: 5px 0;""><b>A)</b> Falques sota totes quatre rodes i puntals laterals.</div><div style=""padding: 5px 0;""><b>B)</b> Puntals al sostre i eslingues als eixos.</div><div style=""padding: 5px 0;""><b>C)</b> Cunyes sota les taloneres i falques al muntant B.</div><div style=""padding: 5px 0;""><b>D)</b> Cunyes als travessers longitudinals i sota els muntants A.</div></div></div>","<div style=""text-align: left; font-family: -apple-system, sans-serif;""><div style=""font-weight: bold; font-size: 16px; color: #10b981; margin-bottom: 8px;"">✓ Resposta Correcta: D</div><div style=""font-size: 14px; margin-bottom: 12px; padding: 10px; background: rgba(16,185,129,0.1); border-radius: 6px; border-left: 4px solid #10b981;"">D) Cunyes als travessers longitudinals i sota els muntants A.</div><hr style=""border: 0; border-top: 1px solid #ddd; margin: 12px 0;""><div style=""font-size: 13px; color: #444; line-height: 1.4;""><b style=""color: #111;"">Explicació:</b> En bolcada total, el pes del vehicle ja contribueix a estabilitzar la posició i es reforça amb cunyes en punts estructurals.</div></div>","T32_-_Accidents_de_mobilitat_viaria","19677"
"<div style=""text-align: left; font-family: -apple-system, sans-serif;""><div style=""font-size: 11px; color: #888; margin-bottom: 6px;"">[T32 - Accidents de mobilitat viària] Pregunta 137</div><div style=""font-weight: bold; font-size: 16px; margin-bottom: 14px; line-height: 1.4;"">Quina amplada màxima general s’indica per als autobusos i autocars, sense considerar els casos especials?</div><div style=""font-size: 14px; line-height: 1.6;""><div style=""padding: 5px 0;""><b>A)</b> 2,60 metres.</div><div style=""padding: 5px 0;""><b>B)</b> 2,75 metres.</div><div style=""padding: 5px 0;""><b>C)</b> 2,55 metres.</div><div style=""padding: 5px 0;""><b>D)</b> 2,40 metres.</div></div></div>","<div style=""text-align: left; font-family: -apple-system, sans-serif;""><div style=""font-weight: bold; font-size: 16px; color: #10b981; margin-bottom: 8px;"">✓ Resposta Correcta: C</div><div style=""font-size: 14px; margin-bottom: 12px; padding: 10px; background: rgba(16,185,129,0.1); border-radius: 6px; border-left: 4px solid #10b981;"">C) 2,55 metres.</div><hr style=""border: 0; border-top: 1px solid #ddd; margin: 12px 0;""><div style=""font-size: 13px; color: #444; line-height: 1.4;""><b style=""color: #111;"">Explicació:</b> L’amplada general és de fins a 2,55 m; en casos especials pot arribar a 2,60 m.</div></div>","T32_-_Accidents_de_mobilitat_viaria","19609"
"<div style=""text-align: left; font-family: -apple-system, sans-serif;""><div style=""font-size: 11px; color: #888; margin-bottom: 6px;"">[T32 - Accidents de mobilitat viària] Pregunta 138</div><div style=""font-weight: bold; font-size: 16px; margin-bottom: 14px; line-height: 1.4;"">Quina utilitat general té un desmunt de sostre en un vehicle accidentat?</div><div style=""font-size: 14px; line-height: 1.6;""><div style=""padding: 5px 0;""><b>A)</b> Eliminar la necessitat d’estabilitzar el vehicle.</div><div style=""padding: 5px 0;""><b>B)</b> Alliberar exclusivament les extremitats inferiors del conductor.</div><div style=""padding: 5px 0;""><b>C)</b> Crear espai superior per mobilitzar i extreure víctimes amb més comoditat i precisió.</div><div style=""padding: 5px 0;""><b>D)</b> Reduir el risc elèctric abans de manipular la carrosseria.</div></div></div>","<div style=""text-align: left; font-family: -apple-system, sans-serif;""><div style=""font-weight: bold; font-size: 16px; color: #10b981; margin-bottom: 8px;"">✓ Resposta Correcta: C</div><div style=""font-size: 14px; margin-bottom: 12px; padding: 10px; background: rgba(16,185,129,0.1); border-radius: 6px; border-left: 4px solid #10b981;"">C) Crear espai superior per mobilitzar i extreure víctimes amb més comoditat i precisió.</div><hr style=""border: 0; border-top: 1px solid #ddd; margin: 12px 0;""><div style=""font-size: 13px; color: #444; line-height: 1.4;""><b style=""color: #111;"">Explicació:</b> La retirada parcial o total del sostre millora l’accés superior i les condicions de treball.</div></div>","T32_-_Accidents_de_mobilitat_viaria","19688"
"<div style=""text-align: left; font-family: -apple-system, sans-serif;""><div style=""font-size: 11px; color: #888; margin-bottom: 6px;"">[T32 - Accidents de mobilitat viària] Pregunta 139</div><div style=""font-weight: bold; font-size: 16px; margin-bottom: 14px; line-height: 1.4;"">Quin factor pot fer necessari combinar diverses maniobres d’excarceració?</div><div style=""font-size: 14px; line-height: 1.6;""><div style=""padding: 5px 0;""><b>A)</b> La denominació del vehicle com a A o B.</div><div style=""padding: 5px 0;""><b>B)</b> La biomecànica del sinistre.</div><div style=""padding: 5px 0;""><b>C)</b> El nombre de bombers disponibles.</div><div style=""padding: 5px 0;""><b>D)</b> La presència de vidres laminats.</div></div></div>","<div style=""text-align: left; font-family: -apple-system, sans-serif;""><div style=""font-weight: bold; font-size: 16px; color: #10b981; margin-bottom: 8px;"">✓ Resposta Correcta: B</div><div style=""font-size: 14px; margin-bottom: 12px; padding: 10px; background: rgba(16,185,129,0.1); border-radius: 6px; border-left: 4px solid #10b981;"">B) La biomecànica del sinistre.</div><hr style=""border: 0; border-top: 1px solid #ddd; margin: 12px 0;""><div style=""font-size: 13px; color: #444; line-height: 1.4;""><b style=""color: #111;"">Explicació:</b> El mecanisme de l’impacte i les deformacions associades condicionen quines maniobres s’han de combinar.</div></div>","T32_-_Accidents_de_mobilitat_viaria","19698"
"<div style=""text-align: left; font-family: -apple-system, sans-serif;""><div style=""font-size: 11px; color: #888; margin-bottom: 6px;"">[T32 - Accidents de mobilitat viària] Pregunta 140</div><div style=""font-weight: bold; font-size: 16px; margin-bottom: 14px; line-height: 1.4;"">Quina característica diferencia una estabilització completa d’un vehicle en ordre de marxa?</div><div style=""font-size: 14px; line-height: 1.6;""><div style=""padding: 5px 0;""><b>A)</b> Utilitza cinc punts i incorpora la cinquena falca a la part posterior baixa del vehicle.</div><div style=""padding: 5px 0;""><b>B)</b> Utilitza cinc punts i concentra les falques sota el para-xocs posterior.</div><div style=""padding: 5px 0;""><b>C)</b> Utilitza sis punts i incorpora dos puntals laterals.</div><div style=""padding: 5px 0;""><b>D)</b> Utilitza quatre punts i incorpora una falca sota cada roda.</div></div></div>","<div style=""text-align: left; font-family: -apple-system, sans-serif;""><div style=""font-weight: bold; font-size: 16px; color: #10b981; margin-bottom: 8px;"">✓ Resposta Correcta: A</div><div style=""font-size: 14px; margin-bottom: 12px; padding: 10px; background: rgba(16,185,129,0.1); border-radius: 6px; border-left: 4px solid #10b981;"">A) Utilitza cinc punts i incorpora la cinquena falca a la part posterior baixa del vehicle.</div><hr style=""border: 0; border-top: 1px solid #ddd; margin: 12px 0;""><div style=""font-size: 13px; color: #444; line-height: 1.4;""><b style=""color: #111;"">Explicació:</b> La cinquena falca completa l’estabilització i s’ha de col·locar sobre una zona resistent dels baixos.</div></div>","T32_-_Accidents_de_mobilitat_viaria","19673"
"<div style=""text-align: left; font-family: -apple-system, sans-serif;""><div style=""font-size: 11px; color: #888; margin-bottom: 6px;"">[T32 - Accidents de mobilitat viària] Pregunta 141</div><div style=""font-weight: bold; font-size: 16px; margin-bottom: 14px; line-height: 1.4;"">Com s’ha d’actuar en un accident amb múltiples afectats o alta càrrega emocional?</div><div style=""font-size: 14px; line-height: 1.6;""><div style=""padding: 5px 0;""><b>A)</b> Modificar les prioritats operatives segons l’impacte emocional de l’escena.</div><div style=""padding: 5px 0;""><b>B)</b> Mantenir la calma, seguir les prioritats assistencials i les ordres del comandament.</div><div style=""padding: 5px 0;""><b>C)</b> Prioritzar l’atenció de les víctimes conegudes pels intervinents.</div><div style=""padding: 5px 0;""><b>D)</b> Reduir les comunicacions per evitar interferències.</div></div></div>","<div style=""text-align: left; font-family: -apple-system, sans-serif;""><div style=""font-weight: bold; font-size: 16px; color: #10b981; margin-bottom: 8px;"">✓ Resposta Correcta: B</div><div style=""font-size: 14px; margin-bottom: 12px; padding: 10px; background: rgba(16,185,129,0.1); border-radius: 6px; border-left: 4px solid #10b981;"">B) Mantenir la calma, seguir les prioritats assistencials i les ordres del comandament.</div><hr style=""border: 0; border-top: 1px solid #ddd; margin: 12px 0;""><div style=""font-size: 13px; color: #444; line-height: 1.4;""><b style=""color: #111;"">Explicació:</b> La comunicació clara, el seguiment de prioritats i el control emocional són part de la seguretat operativa.</div></div>","T32_-_Accidents_de_mobilitat_viaria","19743"
"<div style=""text-align: left; font-family: -apple-system, sans-serif;""><div style=""font-size: 11px; color: #888; margin-bottom: 6px;"">[T32 - Accidents de mobilitat viària] Pregunta 142</div><div style=""font-weight: bold; font-size: 16px; margin-bottom: 14px; line-height: 1.4;"">Si en un accident hi ha víctimes a l’interior de dos vehicles diferents, com s’han de diferenciar operativament els dos vehicles A?</div><div style=""font-size: 14px; line-height: 1.6;""><div style=""padding: 5px 0;""><b>A)</b> Classificant-los com a vehicle A i vehicle B.</div><div style=""padding: 5px 0;""><b>B)</b> Afegint una referència al tipus d’atrapament de cada víctima.</div><div style=""padding: 5px 0;""><b>C)</b> Afegint una referència al color o al model de cada vehicle.</div><div style=""padding: 5px 0;""><b>D)</b> Numerant-los segons l’ordre d’arribada de Bombers.</div></div></div>","<div style=""text-align: left; font-family: -apple-system, sans-serif;""><div style=""font-weight: bold; font-size: 16px; color: #10b981; margin-bottom: 8px;"">✓ Resposta Correcta: C</div><div style=""font-size: 14px; margin-bottom: 12px; padding: 10px; background: rgba(16,185,129,0.1); border-radius: 6px; border-left: 4px solid #10b981;"">C) Afegint una referència al color o al model de cada vehicle.</div><hr style=""border: 0; border-top: 1px solid #ddd; margin: 12px 0;""><div style=""font-size: 13px; color: #444; line-height: 1.4;""><b style=""color: #111;"">Explicació:</b> Quan hi ha més d’un vehicle de la mateixa categoria operativa, el manual proposa completar la denominació amb color o model.</div></div>","T32_-_Accidents_de_mobilitat_viaria","19648"
"<div style=""text-align: left; font-family: -apple-system, sans-serif;""><div style=""font-size: 11px; color: #888; margin-bottom: 6px;"">[T32 - Accidents de mobilitat viària] Pregunta 143</div><div style=""font-weight: bold; font-size: 16px; margin-bottom: 14px; line-height: 1.4;"">On ha de romandre el personal aliè a la intervenció en un accident de mobilitat?</div><div style=""font-size: 14px; line-height: 1.6;""><div style=""padding: 5px 0;""><b>A)</b> A la zona tèbia.</div><div style=""padding: 5px 0;""><b>B)</b> A l’àrea de ferralla.</div><div style=""padding: 5px 0;""><b>C)</b> A la zona calenta.</div><div style=""padding: 5px 0;""><b>D)</b> A la zona freda.</div></div></div>","<div style=""text-align: left; font-family: -apple-system, sans-serif;""><div style=""font-weight: bold; font-size: 16px; color: #10b981; margin-bottom: 8px;"">✓ Resposta Correcta: D</div><div style=""font-size: 14px; margin-bottom: 12px; padding: 10px; background: rgba(16,185,129,0.1); border-radius: 6px; border-left: 4px solid #10b981;"">D) A la zona freda.</div><hr style=""border: 0; border-top: 1px solid #ddd; margin: 12px 0;""><div style=""font-size: 13px; color: #444; line-height: 1.4;""><b style=""color: #111;"">Explicació:</b> La zona freda és l’espai destinat al personal no directament implicat en les maniobres.</div></div>","T32_-_Accidents_de_mobilitat_viaria","19722"
"<div style=""text-align: left; font-family: -apple-system, sans-serif;""><div style=""font-size: 11px; color: #888; margin-bottom: 6px;"">[T32 - Accidents de mobilitat viària] Pregunta 144</div><div style=""font-weight: bold; font-size: 16px; margin-bottom: 14px; line-height: 1.4;"">Quins dos factors han marcat especialment la transformació recent de la mobilitat a Catalunya?</div><div style=""font-size: 14px; line-height: 1.6;""><div style=""padding: 5px 0;""><b>A)</b> L’augment constant del parc mòbil i la diversificació progressiva dels mitjans de transport.</div><div style=""padding: 5px 0;""><b>B)</b> La substitució dels vehicles de combustió per sistemes de propulsió elèctrica.</div><div style=""padding: 5px 0;""><b>C)</b> La reducció del parc mòbil i la concentració del transport en vehicles privats.</div><div style=""padding: 5px 0;""><b>D)</b> L’augment del transport ferroviari i la disminució de la circulació urbana.</div></div></div>","<div style=""text-align: left; font-family: -apple-system, sans-serif;""><div style=""font-weight: bold; font-size: 16px; color: #10b981; margin-bottom: 8px;"">✓ Resposta Correcta: A</div><div style=""font-size: 14px; margin-bottom: 12px; padding: 10px; background: rgba(16,185,129,0.1); border-radius: 6px; border-left: 4px solid #10b981;"">A) L’augment constant del parc mòbil i la diversificació progressiva dels mitjans de transport.</div><hr style=""border: 0; border-top: 1px solid #ddd; margin: 12px 0;""><div style=""font-size: 13px; color: #444; line-height: 1.4;""><b style=""color: #111;"">Explicació:</b> El document associa la transformació de la mobilitat a l’increment del parc mòbil i a una oferta de mitjans de transport cada vegada més diversa.</div></div>","T32_-_Accidents_de_mobilitat_viaria","19564"
"<div style=""text-align: left; font-family: -apple-system, sans-serif;""><div style=""font-size: 11px; color: #888; margin-bottom: 6px;"">[T32 - Accidents de mobilitat viària] Pregunta 145</div><div style=""font-weight: bold; font-size: 16px; margin-bottom: 14px; line-height: 1.4;"">En un turisme implicat en un accident de mobilitat viària, què són els muntants o columnes?</div><div style=""font-size: 14px; line-height: 1.6;""><div style=""padding: 5px 0;""><b>A)</b> Elements horitzontals que uneixen longitudinalment els dos eixos.</div><div style=""padding: 5px 0;""><b>B)</b> Elements de revestiment que protegeixen els passos de roda.</div><div style=""padding: 5px 0;""><b>C)</b> Elements estructurals que uneixen el sostre amb la resta de la carrosseria.</div><div style=""padding: 5px 0;""><b>D)</b> Elements no estructurals que articulen les portes laterals.</div></div></div>","<div style=""text-align: left; font-family: -apple-system, sans-serif;""><div style=""font-weight: bold; font-size: 16px; color: #10b981; margin-bottom: 8px;"">✓ Resposta Correcta: C</div><div style=""font-size: 14px; margin-bottom: 12px; padding: 10px; background: rgba(16,185,129,0.1); border-radius: 6px; border-left: 4px solid #10b981;"">C) Elements estructurals que uneixen el sostre amb la resta de la carrosseria.</div><hr style=""border: 0; border-top: 1px solid #ddd; margin: 12px 0;""><div style=""font-size: 13px; color: #444; line-height: 1.4;""><b style=""color: #111;"">Explicació:</b> Els muntants són elements estructurals verticals que connecten el sostre amb la carrosseria.</div></div>","T32_-_Accidents_de_mobilitat_viaria","19584"
"<div style=""text-align: left; font-family: -apple-system, sans-serif;""><div style=""font-size: 11px; color: #888; margin-bottom: 6px;"">[T32 - Accidents de mobilitat viària] Pregunta 146</div><div style=""font-weight: bold; font-size: 16px; margin-bottom: 14px; line-height: 1.4;"">Quins vehicles s’han de prioritzar en l’estabilització d’un accident de mobilitat viària?</div><div style=""font-size: 14px; line-height: 1.6;""><div style=""padding: 5px 0;""><b>A)</b> Els vehicles que presenten més deformació exterior.</div><div style=""padding: 5px 0;""><b>B)</b> Els vehicles B, perquè poden interferir amb l’accés dels serveis.</div><div style=""padding: 5px 0;""><b>C)</b> Els vehicles més pesants, encara que no tinguin víctimes.</div><div style=""padding: 5px 0;""><b>D)</b> Els vehicles A, perquè tenen víctimes a l’interior.</div></div></div>","<div style=""text-align: left; font-family: -apple-system, sans-serif;""><div style=""font-weight: bold; font-size: 16px; color: #10b981; margin-bottom: 8px;"">✓ Resposta Correcta: D</div><div style=""font-size: 14px; margin-bottom: 12px; padding: 10px; background: rgba(16,185,129,0.1); border-radius: 6px; border-left: 4px solid #10b981;"">D) Els vehicles A, perquè tenen víctimes a l’interior.</div><hr style=""border: 0; border-top: 1px solid #ddd; margin: 12px 0;""><div style=""font-size: 13px; color: #444; line-height: 1.4;""><b style=""color: #111;"">Explicació:</b> Els vehicles amb víctimes a l’interior tenen prioritat perquè qualsevol moviment pot afectar directament les persones atrapades.</div></div>","T32_-_Accidents_de_mobilitat_viaria","19665"
"<div style=""text-align: left; font-family: -apple-system, sans-serif;""><div style=""font-size: 11px; color: #888; margin-bottom: 6px;"">[T32 - Accidents de mobilitat viària] Pregunta 147</div><div style=""font-weight: bold; font-size: 16px; margin-bottom: 14px; line-height: 1.4;"">Quina actuació ajuda a identificar el risc químic en un camió que transporta mercaderies perilloses?</div><div style=""font-size: 14px; line-height: 1.6;""><div style=""padding: 5px 0;""><b>A)</b> Comprovar el nombre d’eixos i la configuració del remolc.</div><div style=""padding: 5px 0;""><b>B)</b> Verificar la pressió dels calderins de la suspensió.</div><div style=""padding: 5px 0;""><b>C)</b> Localitzar les bateries i desconnectar el sistema de 24 V.</div><div style=""padding: 5px 0;""><b>D)</b> Identificar els pictogrames o consultar la documentació ADR.</div></div></div>","<div style=""text-align: left; font-family: -apple-system, sans-serif;""><div style=""font-weight: bold; font-size: 16px; color: #10b981; margin-bottom: 8px;"">✓ Resposta Correcta: D</div><div style=""font-size: 14px; margin-bottom: 12px; padding: 10px; background: rgba(16,185,129,0.1); border-radius: 6px; border-left: 4px solid #10b981;"">D) Identificar els pictogrames o consultar la documentació ADR.</div><hr style=""border: 0; border-top: 1px solid #ddd; margin: 12px 0;""><div style=""font-size: 13px; color: #444; line-height: 1.4;""><b style=""color: #111;"">Explicació:</b> Els pictogrames i la documentació ADR permeten identificar la naturalesa del producte transportat.</div></div>","T32_-_Accidents_de_mobilitat_viaria","19624"
"<div style=""text-align: left; font-family: -apple-system, sans-serif;""><div style=""font-size: 11px; color: #888; margin-bottom: 6px;"">[T32 - Accidents de mobilitat viària] Pregunta 148</div><div style=""font-weight: bold; font-size: 16px; margin-bottom: 14px; line-height: 1.4;"">Quin risc específic s’ha de considerar en una bolcada lateral d’un vehicle accidentat?</div><div style=""font-size: 14px; line-height: 1.6;""><div style=""padding: 5px 0;""><b>A)</b> Que les víctimes hagin estat necessàriament expulsades a l’exterior.</div><div style=""padding: 5px 0;""><b>B)</b> Que l’accés a l’habitacle sigui més senzill per la posició lateral.</div><div style=""padding: 5px 0;""><b>C)</b> Que el vehicle no pugui presentar moviments durant la intervenció.</div><div style=""padding: 5px 0;""><b>D)</b> Que hi hagi víctimes atrapades sota el mateix vehicle.</div></div></div>","<div style=""text-align: left; font-family: -apple-system, sans-serif;""><div style=""font-weight: bold; font-size: 16px; color: #10b981; margin-bottom: 8px;"">✓ Resposta Correcta: D</div><div style=""font-size: 14px; margin-bottom: 12px; padding: 10px; background: rgba(16,185,129,0.1); border-radius: 6px; border-left: 4px solid #10b981;"">D) Que hi hagi víctimes atrapades sota el mateix vehicle.</div><hr style=""border: 0; border-top: 1px solid #ddd; margin: 12px 0;""><div style=""font-size: 13px; color: #444; line-height: 1.4;""><b style=""color: #111;"">Explicació:</b> La bolcada lateral pot dificultar l’accés, comprometre l’estabilitat i deixar persones atrapades sota el vehicle.</div></div>","T32_-_Accidents_de_mobilitat_viaria","19645"
"<div style=""text-align: left; font-family: -apple-system, sans-serif;""><div style=""font-size: 11px; color: #888; margin-bottom: 6px;"">[T32 - Accidents de mobilitat viària] Pregunta 149</div><div style=""font-weight: bold; font-size: 16px; margin-bottom: 14px; line-height: 1.4;"">Quin conjunt correspon a elements de seguretat secundària o passiva d’un vehicle?</div><div style=""font-size: 14px; line-height: 1.6;""><div style=""padding: 5px 0;""><b>A)</b> eCall, identificació del vehicle i accessos de rescat.</div><div style=""padding: 5px 0;""><b>B)</b> Cinturons, airbags, reposacaps i estructures deformables.</div><div style=""padding: 5px 0;""><b>C)</b> ABS, ESP, sensors de fatiga i llums automàtics.</div><div style=""padding: 5px 0;""><b>D)</b> Direcció assistida, control de tracció i ajuda a l’estacionament.</div></div></div>","<div style=""text-align: left; font-family: -apple-system, sans-serif;""><div style=""font-weight: bold; font-size: 16px; color: #10b981; margin-bottom: 8px;"">✓ Resposta Correcta: B</div><div style=""font-size: 14px; margin-bottom: 12px; padding: 10px; background: rgba(16,185,129,0.1); border-radius: 6px; border-left: 4px solid #10b981;"">B) Cinturons, airbags, reposacaps i estructures deformables.</div><hr style=""border: 0; border-top: 1px solid #ddd; margin: 12px 0;""><div style=""font-size: 13px; color: #444; line-height: 1.4;""><b style=""color: #111;"">Explicació:</b> La seguretat passiva actua un cop l’accident ja s’ha produït per reduir les lesions dels ocupants.</div></div>","T32_-_Accidents_de_mobilitat_viaria","19602"
"<div style=""text-align: left; font-family: -apple-system, sans-serif;""><div style=""font-size: 11px; color: #888; margin-bottom: 6px;"">[T32 - Accidents de mobilitat viària] Pregunta 150</div><div style=""font-weight: bold; font-size: 16px; margin-bottom: 14px; line-height: 1.4;"">En una bolcada lateral, què s’ha d’evitar durant una estabilització manual d’emergència?</div><div style=""font-size: 14px; line-height: 1.6;""><div style=""padding: 5px 0;""><b>A)</b> El desplaçament del vehicle cap a la banda del sostre.</div><div style=""padding: 5px 0;""><b>B)</b> El desplaçament del vehicle cap a la banda de les rodes.</div><div style=""padding: 5px 0;""><b>C)</b> La col·locació de bombers a prop dels ponts de roda.</div><div style=""padding: 5px 0;""><b>D)</b> El recolzament del vehicle sobre els muntants.</div></div></div>","<div style=""text-align: left; font-family: -apple-system, sans-serif;""><div style=""font-weight: bold; font-size: 16px; color: #10b981; margin-bottom: 8px;"">✓ Resposta Correcta: A</div><div style=""font-size: 14px; margin-bottom: 12px; padding: 10px; background: rgba(16,185,129,0.1); border-radius: 6px; border-left: 4px solid #10b981;"">A) El desplaçament del vehicle cap a la banda del sostre.</div><hr style=""border: 0; border-top: 1px solid #ddd; margin: 12px 0;""><div style=""font-size: 13px; color: #444; line-height: 1.4;""><b style=""color: #111;"">Explicació:</b> En bolcada lateral, el control manual ha d’impedir especialment que el vehicle es desplaci cap a la banda del sostre.</div></div>","T32_-_Accidents_de_mobilitat_viaria","19669"
"<div style=""text-align: left; font-family: -apple-system, sans-serif;""><div style=""font-size: 11px; color: #888; margin-bottom: 6px;"">[T32 - Accidents de mobilitat viària] Pregunta 151</div><div style=""font-weight: bold; font-size: 16px; margin-bottom: 14px; line-height: 1.4;"">En quin tipus d’accident és especialment habitual plantejar un desplaçament de davantal?</div><div style=""font-size: 14px; line-height: 1.6;""><div style=""padding: 5px 0;""><b>A)</b> En atropellaments amb lesions de les extremitats.</div><div style=""padding: 5px 0;""><b>B)</b> En col·lisions frontals d’alta energia amb atrapament de les extremitats inferiors.</div><div style=""padding: 5px 0;""><b>C)</b> En xocs posteriors amb fuetada cervical.</div><div style=""padding: 5px 0;""><b>D)</b> En bolcades laterals amb col·lapse del sostre.</div></div></div>","<div style=""text-align: left; font-family: -apple-system, sans-serif;""><div style=""font-weight: bold; font-size: 16px; color: #10b981; margin-bottom: 8px;"">✓ Resposta Correcta: B</div><div style=""font-size: 14px; margin-bottom: 12px; padding: 10px; background: rgba(16,185,129,0.1); border-radius: 6px; border-left: 4px solid #10b981;"">B) En col·lisions frontals d’alta energia amb atrapament de les extremitats inferiors.</div><hr style=""border: 0; border-top: 1px solid #ddd; margin: 12px 0;""><div style=""font-size: 13px; color: #444; line-height: 1.4;""><b style=""color: #111;"">Explicació:</b> La intrusió frontal d’alta energia pot atrapar les cames de les víctimes situades als seients davanters.</div></div>","T32_-_Accidents_de_mobilitat_viaria","19703"
"<div style=""text-align: left; font-family: -apple-system, sans-serif;""><div style=""font-size: 11px; color: #888; margin-bottom: 6px;"">[T32 - Accidents de mobilitat viària] Pregunta 152</div><div style=""font-weight: bold; font-size: 16px; margin-bottom: 14px; line-height: 1.4;"">Quin element d’un vehicle híbrid o elèctric pot generar un risc greu d’electrocució?</div><div style=""font-size: 14px; line-height: 1.6;""><div style=""padding: 5px 0;""><b>A)</b> El sistema auxiliar de 12 V.</div><div style=""padding: 5px 0;""><b>B)</b> Els pretensors mecànics dels cinturons.</div><div style=""padding: 5px 0;""><b>C)</b> Els calderins pneumàtics.</div><div style=""padding: 5px 0;""><b>D)</b> Els circuits d’alta tensió.</div></div></div>","<div style=""text-align: left; font-family: -apple-system, sans-serif;""><div style=""font-weight: bold; font-size: 16px; color: #10b981; margin-bottom: 8px;"">✓ Resposta Correcta: D</div><div style=""font-size: 14px; margin-bottom: 12px; padding: 10px; background: rgba(16,185,129,0.1); border-radius: 6px; border-left: 4px solid #10b981;"">D) Els circuits d’alta tensió.</div><hr style=""border: 0; border-top: 1px solid #ddd; margin: 12px 0;""><div style=""font-size: 13px; color: #444; line-height: 1.4;""><b style=""color: #111;"">Explicació:</b> Els sistemes de propulsió electrificada utilitzen circuits d’alta tensió que requereixen precaucions específiques.</div></div>","T32_-_Accidents_de_mobilitat_viaria","19737"
"<div style=""text-align: left; font-family: -apple-system, sans-serif;""><div style=""font-size: 11px; color: #888; margin-bottom: 6px;"">[T32 - Accidents de mobilitat viària] Pregunta 153</div><div style=""font-weight: bold; font-size: 16px; margin-bottom: 14px; line-height: 1.4;"">Quin mecanisme general de lesió aplica dues forces oposades que tendeixen a escurçar una estructura corporal?</div><div style=""font-size: 14px; line-height: 1.6;""><div style=""padding: 5px 0;""><b>A)</b> La flexió.</div><div style=""padding: 5px 0;""><b>B)</b> La compressió.</div><div style=""padding: 5px 0;""><b>C)</b> La tracció.</div><div style=""padding: 5px 0;""><b>D)</b> La torsió.</div></div></div>","<div style=""text-align: left; font-family: -apple-system, sans-serif;""><div style=""font-weight: bold; font-size: 16px; color: #10b981; margin-bottom: 8px;"">✓ Resposta Correcta: B</div><div style=""font-size: 14px; margin-bottom: 12px; padding: 10px; background: rgba(16,185,129,0.1); border-radius: 6px; border-left: 4px solid #10b981;"">B) La compressió.</div><hr style=""border: 0; border-top: 1px solid #ddd; margin: 12px 0;""><div style=""font-size: 13px; color: #444; line-height: 1.4;""><b style=""color: #111;"">Explicació:</b> La compressió tendeix a l’escurçament i pot produir fractures comminutes.</div></div>","T32_-_Accidents_de_mobilitat_viaria","19660"
"<div style=""text-align: left; font-family: -apple-system, sans-serif;""><div style=""font-size: 11px; color: #888; margin-bottom: 6px;"">[T32 - Accidents de mobilitat viària] Pregunta 154</div><div style=""font-weight: bold; font-size: 16px; margin-bottom: 14px; line-height: 1.4;"">Amb qui ha de valorar el comandament de Bombers les possibilitats d’extracció en un accident de mobilitat viària?</div><div style=""font-size: 14px; line-height: 1.6;""><div style=""padding: 5px 0;""><b>A)</b> Amb el responsable policial de la via.</div><div style=""padding: 5px 0;""><b>B)</b> Amb el responsable del servei sanitari.</div><div style=""padding: 5px 0;""><b>C)</b> Amb el responsable del centre de control de trànsit.</div><div style=""padding: 5px 0;""><b>D)</b> Amb el conductor del vehicle implicat.</div></div></div>","<div style=""text-align: left; font-family: -apple-system, sans-serif;""><div style=""font-weight: bold; font-size: 16px; color: #10b981; margin-bottom: 8px;"">✓ Resposta Correcta: B</div><div style=""font-size: 14px; margin-bottom: 12px; padding: 10px; background: rgba(16,185,129,0.1); border-radius: 6px; border-left: 4px solid #10b981;"">B) Amb el responsable del servei sanitari.</div><hr style=""border: 0; border-top: 1px solid #ddd; margin: 12px 0;""><div style=""font-size: 13px; color: #444; line-height: 1.4;""><b style=""color: #111;"">Explicació:</b> El PAI s’ha de definir coordinant els condicionants tècnics de rescat amb l’estat clínic de les víctimes.</div></div>","T32_-_Accidents_de_mobilitat_viaria","19661"
"<div style=""text-align: left; font-family: -apple-system, sans-serif;""><div style=""font-size: 11px; color: #888; margin-bottom: 6px;"">[T32 - Accidents de mobilitat viària] Pregunta 155</div><div style=""font-weight: bold; font-size: 16px; margin-bottom: 14px; line-height: 1.4;"">Quina mesura ajuda a protegir els bombers davant el trànsit en moviment en arribar a un accident?</div><div style=""font-size: 14px; line-height: 1.6;""><div style=""padding: 5px 0;""><b>A)</b> La retirada immediata de tots els vidres.</div><div style=""padding: 5px 0;""><b>B)</b> La desconnexió de les bateries dels vehicles implicats.</div><div style=""padding: 5px 0;""><b>C)</b> L’estabilització secundària del vehicle accidentat.</div><div style=""padding: 5px 0;""><b>D)</b> L’estacionament estratègic dels vehicles de servei.</div></div></div>","<div style=""text-align: left; font-family: -apple-system, sans-serif;""><div style=""font-weight: bold; font-size: 16px; color: #10b981; margin-bottom: 8px;"">✓ Resposta Correcta: D</div><div style=""font-size: 14px; margin-bottom: 12px; padding: 10px; background: rgba(16,185,129,0.1); border-radius: 6px; border-left: 4px solid #10b981;"">D) L’estacionament estratègic dels vehicles de servei.</div><hr style=""border: 0; border-top: 1px solid #ddd; margin: 12px 0;""><div style=""font-size: 13px; color: #444; line-height: 1.4;""><b style=""color: #111;"">Explicació:</b> La posició dels vehicles d’emergència pot crear protecció física i millorar la senyalització.</div></div>","T32_-_Accidents_de_mobilitat_viaria","19727"
"<div style=""text-align: left; font-family: -apple-system, sans-serif;""><div style=""font-size: 11px; color: #888; margin-bottom: 6px;"">[T32 - Accidents de mobilitat viària] Pregunta 156</div><div style=""font-weight: bold; font-size: 16px; margin-bottom: 14px; line-height: 1.4;"">Quin risc obliga a senyalitzar especialment la zona de treball en un accident de trànsit en via interurbana?</div><div style=""font-size: 14px; line-height: 1.6;""><div style=""padding: 5px 0;""><b>A)</b> El risc de lesions secundàries durant l’extracció.</div><div style=""padding: 5px 0;""><b>B)</b> El risc de bolcada total del vehicle.</div><div style=""padding: 5px 0;""><b>C)</b> El risc de sobreaccident.</div><div style=""padding: 5px 0;""><b>D)</b> El risc d’atrapament físic tipus 1.</div></div></div>","<div style=""text-align: left; font-family: -apple-system, sans-serif;""><div style=""font-weight: bold; font-size: 16px; color: #10b981; margin-bottom: 8px;"">✓ Resposta Correcta: C</div><div style=""font-size: 14px; margin-bottom: 12px; padding: 10px; background: rgba(16,185,129,0.1); border-radius: 6px; border-left: 4px solid #10b981;"">C) El risc de sobreaccident.</div><hr style=""border: 0; border-top: 1px solid #ddd; margin: 12px 0;""><div style=""font-size: 13px; color: #444; line-height: 1.4;""><b style=""color: #111;"">Explicació:</b> La senyalització protegeix la zona de treball davant la possibilitat que un altre vehicle provoqui un sobreaccident.</div></div>","T32_-_Accidents_de_mobilitat_viaria","19637"
"<div style=""text-align: left; font-family: -apple-system, sans-serif;""><div style=""font-size: 11px; color: #888; margin-bottom: 6px;"">[T32 - Accidents de mobilitat viària] Pregunta 157</div><div style=""font-weight: bold; font-size: 16px; margin-bottom: 14px; line-height: 1.4;"">Com es pretén que siguin les intervencions de Bombers en accidents de mobilitat viària?</div><div style=""font-size: 14px; line-height: 1.6;""><div style=""padding: 5px 0;""><b>A)</b> Més breus, independents, uniformes i orientades a l’excarceració.</div><div style=""padding: 5px 0;""><b>B)</b> Més ràpides, centralitzades, autònomes i estandarditzades.</div><div style=""padding: 5px 0;""><b>C)</b> Més especialitzades, jerarquitzades, preventives i sanitàries.</div><div style=""padding: 5px 0;""><b>D)</b> Més segures, de qualitat, eficients i coordinades.</div></div></div>","<div style=""text-align: left; font-family: -apple-system, sans-serif;""><div style=""font-weight: bold; font-size: 16px; color: #10b981; margin-bottom: 8px;"">✓ Resposta Correcta: D</div><div style=""font-size: 14px; margin-bottom: 12px; padding: 10px; background: rgba(16,185,129,0.1); border-radius: 6px; border-left: 4px solid #10b981;"">D) Més segures, de qualitat, eficients i coordinades.</div><hr style=""border: 0; border-top: 1px solid #ddd; margin: 12px 0;""><div style=""font-size: 13px; color: #444; line-height: 1.4;""><b style=""color: #111;"">Explicació:</b> El manual explicita aquests quatre objectius de millora de les intervencions.</div></div>","T32_-_Accidents_de_mobilitat_viaria","19575"
"<div style=""text-align: left; font-family: -apple-system, sans-serif;""><div style=""font-size: 11px; color: #888; margin-bottom: 6px;"">[T32 - Accidents de mobilitat viària] Pregunta 158</div><div style=""font-weight: bold; font-size: 16px; margin-bottom: 14px; line-height: 1.4;"">Quan és adequat un alliberament controlat en un accident de mobilitat viària?</div><div style=""font-size: 14px; line-height: 1.6;""><div style=""padding: 5px 0;""><b>A)</b> Quan l’estat de la víctima obliga a reduir al màxim el temps d’extracció.</div><div style=""padding: 5px 0;""><b>B)</b> Quan la víctima està en aturada cardíaca presenciada.</div><div style=""padding: 5px 0;""><b>C)</b> Quan la vida de la víctima no corre perill imminent.</div><div style=""padding: 5px 0;""><b>D)</b> Quan hi ha un incendi que no es pot controlar immediatament.</div></div></div>","<div style=""text-align: left; font-family: -apple-system, sans-serif;""><div style=""font-weight: bold; font-size: 16px; color: #10b981; margin-bottom: 8px;"">✓ Resposta Correcta: C</div><div style=""font-size: 14px; margin-bottom: 12px; padding: 10px; background: rgba(16,185,129,0.1); border-radius: 6px; border-left: 4px solid #10b981;"">C) Quan la vida de la víctima no corre perill imminent.</div><hr style=""border: 0; border-top: 1px solid #ddd; margin: 12px 0;""><div style=""font-size: 13px; color: #444; line-height: 1.4;""><b style=""color: #111;"">Explicació:</b> En l’alliberament controlat el temps és important, però preval evitar l’agreujament de les lesions i obtenir un espai de qualitat.</div></div>","T32_-_Accidents_de_mobilitat_viaria","19653"
"<div style=""text-align: left; font-family: -apple-system, sans-serif;""><div style=""font-size: 11px; color: #888; margin-bottom: 6px;"">[T32 - Accidents de mobilitat viària] Pregunta 159</div><div style=""font-weight: bold; font-size: 16px; margin-bottom: 14px; line-height: 1.4;"">Què descriu la guinyada d’un vehicle?</div><div style=""font-size: 14px; line-height: 1.6;""><div style=""padding: 5px 0;""><b>A)</b> Un balanceig lateral sobre un eix longitudinal.</div><div style=""padding: 5px 0;""><b>B)</b> Un moviment a dreta o esquerra sobre un eix vertical imaginari que passa pel centre.</div><div style=""padding: 5px 0;""><b>C)</b> Un capcineig endavant i endarrere sobre un eix transversal.</div><div style=""padding: 5px 0;""><b>D)</b> Un moviment endavant i endarrere al llarg de l’eix longitudinal.</div></div></div>","<div style=""text-align: left; font-family: -apple-system, sans-serif;""><div style=""font-weight: bold; font-size: 16px; color: #10b981; margin-bottom: 8px;"">✓ Resposta Correcta: B</div><div style=""font-size: 14px; margin-bottom: 12px; padding: 10px; background: rgba(16,185,129,0.1); border-radius: 6px; border-left: 4px solid #10b981;"">B) Un moviment a dreta o esquerra sobre un eix vertical imaginari que passa pel centre.</div><hr style=""border: 0; border-top: 1px solid #ddd; margin: 12px 0;""><div style=""font-size: 13px; color: #444; line-height: 1.4;""><b style=""color: #111;"">Explicació:</b> La guinyada és el gir del vehicle al voltant d’un eix vertical central.</div></div>","T32_-_Accidents_de_mobilitat_viaria","19600"
"<div style=""text-align: left; font-family: -apple-system, sans-serif;""><div style=""font-size: 11px; color: #888; margin-bottom: 6px;"">[T32 - Accidents de mobilitat viària] Pregunta 160</div><div style=""font-weight: bold; font-size: 16px; margin-bottom: 14px; line-height: 1.4;"">Quan és especialment útil un desmunt total de sostre?</div><div style=""font-size: 14px; line-height: 1.6;""><div style=""padding: 5px 0;""><b>A)</b> Quan només cal obrir una porta lateral deformada.</div><div style=""padding: 5px 0;""><b>B)</b> Quan es vol fer una extracció posterior ràpida.</div><div style=""padding: 5px 0;""><b>C)</b> En atrapaments complexos o quan es requereix una extracció en bloc.</div><div style=""padding: 5px 0;""><b>D)</b> Quan la víctima pot sortir pels seus propis mitjans.</div></div></div>","<div style=""text-align: left; font-family: -apple-system, sans-serif;""><div style=""font-weight: bold; font-size: 16px; color: #10b981; margin-bottom: 8px;"">✓ Resposta Correcta: C</div><div style=""font-size: 14px; margin-bottom: 12px; padding: 10px; background: rgba(16,185,129,0.1); border-radius: 6px; border-left: 4px solid #10b981;"">C) En atrapaments complexos o quan es requereix una extracció en bloc.</div><hr style=""border: 0; border-top: 1px solid #ddd; margin: 12px 0;""><div style=""font-size: 13px; color: #444; line-height: 1.4;""><b style=""color: #111;"">Explicació:</b> El desmunt total crea el màxim espai superior i és útil en situacions de gran complexitat.</div></div>","T32_-_Accidents_de_mobilitat_viaria","19689"
"<div style=""text-align: left; font-family: -apple-system, sans-serif;""><div style=""font-size: 11px; color: #888; margin-bottom: 6px;"">[T32 - Accidents de mobilitat viària] Pregunta 161</div><div style=""font-weight: bold; font-size: 16px; margin-bottom: 14px; line-height: 1.4;"">Quina funció tenen les maniobres complementàries en un rescat viari?</div><div style=""font-size: 14px; line-height: 1.6;""><div style=""padding: 5px 0;""><b>A)</b> Completar la generació d’espai interior o exterior.</div><div style=""padding: 5px 0;""><b>B)</b> Alliberar exclusivament víctimes amb atrapament mecànic.</div><div style=""padding: 5px 0;""><b>C)</b> Substituir les maniobres d’estabilització.</div><div style=""padding: 5px 0;""><b>D)</b> Crear sempre la via principal d’extracció.</div></div></div>","<div style=""text-align: left; font-family: -apple-system, sans-serif;""><div style=""font-weight: bold; font-size: 16px; color: #10b981; margin-bottom: 8px;"">✓ Resposta Correcta: A</div><div style=""font-size: 14px; margin-bottom: 12px; padding: 10px; background: rgba(16,185,129,0.1); border-radius: 6px; border-left: 4px solid #10b981;"">A) Completar la generació d’espai interior o exterior.</div><hr style=""border: 0; border-top: 1px solid #ddd; margin: 12px 0;""><div style=""font-size: 13px; color: #444; line-height: 1.4;""><b style=""color: #111;"">Explicació:</b> Són maniobres de suport que augmenten o ajusten l’espai necessari durant el rescat.</div></div>","T32_-_Accidents_de_mobilitat_viaria","19707"
"<div style=""text-align: left; font-family: -apple-system, sans-serif;""><div style=""font-size: 11px; color: #888; margin-bottom: 6px;"">[T32 - Accidents de mobilitat viària] Pregunta 162</div><div style=""font-weight: bold; font-size: 16px; margin-bottom: 14px; line-height: 1.4;"">Quina funció té la zona tèbia en un accident de mobilitat?</div><div style=""font-size: 14px; line-height: 1.6;""><div style=""padding: 5px 0;""><b>A)</b> Concentrar les víctimes pendents de triatge.</div><div style=""padding: 5px 0;""><b>B)</b> Mantenir el personal aliè a la intervenció.</div><div style=""padding: 5px 0;""><b>C)</b> Centralitzar exclusivament les eines de rescat.</div><div style=""padding: 5px 0;""><b>D)</b> Acollir els vehicles i mitjans necessaris per a l’actuació.</div></div></div>","<div style=""text-align: left; font-family: -apple-system, sans-serif;""><div style=""font-weight: bold; font-size: 16px; color: #10b981; margin-bottom: 8px;"">✓ Resposta Correcta: D</div><div style=""font-size: 14px; margin-bottom: 12px; padding: 10px; background: rgba(16,185,129,0.1); border-radius: 6px; border-left: 4px solid #10b981;"">D) Acollir els vehicles i mitjans necessaris per a l’actuació.</div><hr style=""border: 0; border-top: 1px solid #ddd; margin: 12px 0;""><div style=""font-size: 13px; color: #444; line-height: 1.4;""><b style=""color: #111;"">Explicació:</b> La zona tèbia és l’espai de suport immediat on romanen vehicles i recursos operatius.</div></div>","T32_-_Accidents_de_mobilitat_viaria","19718"
"<div style=""text-align: left; font-family: -apple-system, sans-serif;""><div style=""font-size: 11px; color: #888; margin-bottom: 6px;"">[T32 - Accidents de mobilitat viària] Pregunta 163</div><div style=""font-weight: bold; font-size: 16px; margin-bottom: 14px; line-height: 1.4;"">Quin és l’objectiu principal d’estabilitzar un vehicle accidentat abans d’iniciar el rescat?</div><div style=""font-size: 14px; line-height: 1.6;""><div style=""padding: 5px 0;""><b>A)</b> Reposicionar-lo fins a una posició més favorable per facilitar l’accés sanitari.</div><div style=""padding: 5px 0;""><b>B)</b> Immobilitzar-lo en la posició en què es troba per evitar moviments que agreugin lesions o posin en risc els intervinents.</div><div style=""padding: 5px 0;""><b>C)</b> Reduir-ne l’alçada respecte del terra per facilitar les maniobres d’extracció.</div><div style=""padding: 5px 0;""><b>D)</b> Desplaçar-lo fora de la calçada per crear una zona de treball segura.</div></div></div>","<div style=""text-align: left; font-family: -apple-system, sans-serif;""><div style=""font-weight: bold; font-size: 16px; color: #10b981; margin-bottom: 8px;"">✓ Resposta Correcta: B</div><div style=""font-size: 14px; margin-bottom: 12px; padding: 10px; background: rgba(16,185,129,0.1); border-radius: 6px; border-left: 4px solid #10b981;"">B) Immobilitzar-lo en la posició en què es troba per evitar moviments que agreugin lesions o posin en risc els intervinents.</div><hr style=""border: 0; border-top: 1px solid #ddd; margin: 12px 0;""><div style=""font-size: 13px; color: #444; line-height: 1.4;""><b style=""color: #111;"">Explicació:</b> L’estabilització fixa el vehicle en la posició trobada i evita moviments no desitjats durant la intervenció.</div></div>","T32_-_Accidents_de_mobilitat_viaria","19664"
"<div style=""text-align: left; font-family: -apple-system, sans-serif;""><div style=""font-size: 11px; color: #888; margin-bottom: 6px;"">[T32 - Accidents de mobilitat viària] Pregunta 164</div><div style=""font-weight: bold; font-size: 16px; margin-bottom: 14px; line-height: 1.4;"">Quan es fa una estabilització manual d’emergència d’un vehicle accidentat?</div><div style=""font-size: 14px; line-height: 1.6;""><div style=""padding: 5px 0;""><b>A)</b> Quan es preveu una extracció posterior controlada.</div><div style=""padding: 5px 0;""><b>B)</b> Quan la víctima està estable però atrapada estructuralment.</div><div style=""padding: 5px 0;""><b>C)</b> Quan el vehicle B interfereix amb la zona d’operacions.</div><div style=""padding: 5px 0;""><b>D)</b> Quan la víctima està inconscient i l’accés sanitari és urgent.</div></div></div>","<div style=""text-align: left; font-family: -apple-system, sans-serif;""><div style=""font-weight: bold; font-size: 16px; color: #10b981; margin-bottom: 8px;"">✓ Resposta Correcta: D</div><div style=""font-size: 14px; margin-bottom: 12px; padding: 10px; background: rgba(16,185,129,0.1); border-radius: 6px; border-left: 4px solid #10b981;"">D) Quan la víctima està inconscient i l’accés sanitari és urgent.</div><hr style=""border: 0; border-top: 1px solid #ddd; margin: 12px 0;""><div style=""font-size: 13px; color: #444; line-height: 1.4;""><b style=""color: #111;"">Explicació:</b> És una mesura excepcional destinada a permetre l’accés urgent del sanitari a una víctima inconscient.</div></div>","T32_-_Accidents_de_mobilitat_viaria","19667"
"<div style=""text-align: left; font-family: -apple-system, sans-serif;""><div style=""font-size: 11px; color: #888; margin-bottom: 6px;"">[T32 - Accidents de mobilitat viària] Pregunta 165</div><div style=""font-weight: bold; font-size: 16px; margin-bottom: 14px; line-height: 1.4;"">Quina mesura preventiva és adequada davant la possibilitat d’incendi en un vehicle accidentat?</div><div style=""font-size: 14px; line-height: 1.6;""><div style=""padding: 5px 0;""><b>A)</b> Preparar una instal·lació d’extinció amb mànega, escuma o extintors.</div><div style=""padding: 5px 0;""><b>B)</b> Obrir el dipòsit per reduir la pressió interna.</div><div style=""padding: 5px 0;""><b>C)</b> Moure el vehicle fins a una zona sense trànsit.</div><div style=""padding: 5px 0;""><b>D)</b> Retirar tots els elements plàstics de l’habitacle.</div></div></div>","<div style=""text-align: left; font-family: -apple-system, sans-serif;""><div style=""font-weight: bold; font-size: 16px; color: #10b981; margin-bottom: 8px;"">✓ Resposta Correcta: A</div><div style=""font-size: 14px; margin-bottom: 12px; padding: 10px; background: rgba(16,185,129,0.1); border-radius: 6px; border-left: 4px solid #10b981;"">A) Preparar una instal·lació d’extinció amb mànega, escuma o extintors.</div><hr style=""border: 0; border-top: 1px solid #ddd; margin: 12px 0;""><div style=""font-size: 13px; color: #444; line-height: 1.4;""><b style=""color: #111;"">Explicació:</b> Disposar mitjans d’extinció preparats permet reaccionar ràpidament si evoluciona una fuita o una font d’ignició.</div></div>","T32_-_Accidents_de_mobilitat_viaria","19732"
"<div style=""text-align: left; font-family: -apple-system, sans-serif;""><div style=""font-size: 11px; color: #888; margin-bottom: 6px;"">[T32 - Accidents de mobilitat viària] Pregunta 166</div><div style=""font-weight: bold; font-size: 16px; margin-bottom: 14px; line-height: 1.4;"">Quina característica diferencia especialment els trens dels vehicles de carretera en una intervenció de rescat?</div><div style=""font-size: 14px; line-height: 1.6;""><div style=""padding: 5px 0;""><b>A)</b> Circulen sobre vies flexibles i poden canviar de trajectòria durant la frenada.</div><div style=""padding: 5px 0;""><b>B)</b> Disposen d’una massa inferior però una velocitat més elevada.</div><div style=""padding: 5px 0;""><b>C)</b> Circulen per vies rígides i tenen una capacitat de frenada molt limitada.</div><div style=""padding: 5px 0;""><b>D)</b> Tenen una estructura menys modular i una frenada més ràpida.</div></div></div>","<div style=""text-align: left; font-family: -apple-system, sans-serif;""><div style=""font-weight: bold; font-size: 16px; color: #10b981; margin-bottom: 8px;"">✓ Resposta Correcta: C</div><div style=""font-size: 14px; margin-bottom: 12px; padding: 10px; background: rgba(16,185,129,0.1); border-radius: 6px; border-left: 4px solid #10b981;"">C) Circulen per vies rígides i tenen una capacitat de frenada molt limitada.</div><hr style=""border: 0; border-top: 1px solid #ddd; margin: 12px 0;""><div style=""font-size: 13px; color: #444; line-height: 1.4;""><b style=""color: #111;"">Explicació:</b> La combinació de gran massa, vies rígides i frenada limitada genera riscos operatius específics.</div></div>","T32_-_Accidents_de_mobilitat_viaria","19625"
"<div style=""text-align: left; font-family: -apple-system, sans-serif;""><div style=""font-size: 11px; color: #888; margin-bottom: 6px;"">[T32 - Accidents de mobilitat viària] Pregunta 167</div><div style=""font-weight: bold; font-size: 16px; margin-bottom: 14px; line-height: 1.4;"">Quina és l’alçada màxima general indicada per a un autobús o autocar?</div><div style=""font-size: 14px; line-height: 1.6;""><div style=""padding: 5px 0;""><b>A)</b> 5 metres.</div><div style=""padding: 5px 0;""><b>B)</b> 3,5 metres.</div><div style=""padding: 5px 0;""><b>C)</b> 4 metres.</div><div style=""padding: 5px 0;""><b>D)</b> 4,5 metres.</div></div></div>","<div style=""text-align: left; font-family: -apple-system, sans-serif;""><div style=""font-weight: bold; font-size: 16px; color: #10b981; margin-bottom: 8px;"">✓ Resposta Correcta: C</div><div style=""font-size: 14px; margin-bottom: 12px; padding: 10px; background: rgba(16,185,129,0.1); border-radius: 6px; border-left: 4px solid #10b981;"">C) 4 metres.</div><hr style=""border: 0; border-top: 1px solid #ddd; margin: 12px 0;""><div style=""font-size: 13px; color: #444; line-height: 1.4;""><b style=""color: #111;"">Explicació:</b> El manual fixa com a límit general una alçada màxima de 4 metres.</div></div>","T32_-_Accidents_de_mobilitat_viaria","19608"
"<div style=""text-align: left; font-family: -apple-system, sans-serif;""><div style=""font-size: 11px; color: #888; margin-bottom: 6px;"">[T32 - Accidents de mobilitat viària] Pregunta 168</div><div style=""font-weight: bold; font-size: 16px; margin-bottom: 14px; line-height: 1.4;"">Com es pot abatre el sostre cap al terra en una bolcada lateral?</div><div style=""font-size: 14px; line-height: 1.6;""><div style=""padding: 5px 0;""><b>A)</b> Separant el muntant B i traccionant el sostre amb una eslinga.</div><div style=""padding: 5px 0;""><b>B)</b> Tallant els travessers inferiors i empenyent la talonera.</div><div style=""padding: 5px 0;""><b>C)</b> Tallant el parabrisa i desplaçant el sostre amb un pistó vertical.</div><div style=""padding: 5px 0;""><b>D)</b> Amb eines hidràuliques sobre els muntants o amb serra de sabre per sota del travesser longitudinal.</div></div></div>","<div style=""text-align: left; font-family: -apple-system, sans-serif;""><div style=""font-weight: bold; font-size: 16px; color: #10b981; margin-bottom: 8px;"">✓ Resposta Correcta: D</div><div style=""font-size: 14px; margin-bottom: 12px; padding: 10px; background: rgba(16,185,129,0.1); border-radius: 6px; border-left: 4px solid #10b981;"">D) Amb eines hidràuliques sobre els muntants o amb serra de sabre per sota del travesser longitudinal.</div><hr style=""border: 0; border-top: 1px solid #ddd; margin: 12px 0;""><div style=""font-size: 13px; color: #444; line-height: 1.4;""><b style=""color: #111;"">Explicació:</b> El manual descriu dues vies: treball hidràulic sobre muntants o tall horitzontal amb serra.</div></div>","T32_-_Accidents_de_mobilitat_viaria","19695"
"<div style=""text-align: left; font-family: -apple-system, sans-serif;""><div style=""font-size: 11px; color: #888; margin-bottom: 6px;"">[T32 - Accidents de mobilitat viària] Pregunta 169</div><div style=""font-weight: bold; font-size: 16px; margin-bottom: 14px; line-height: 1.4;"">Quins factors expliquen especialment la complexitat dels accidents de mobilitat viària amb camions?</div><div style=""font-size: 14px; line-height: 1.6;""><div style=""padding: 5px 0;""><b>A)</b> La rigidesa de les vies i la limitada capacitat de frenada.</div><div style=""padding: 5px 0;""><b>B)</b> El nombre elevat de passatgers i els espais interiors reduïts.</div><div style=""padding: 5px 0;""><b>C)</b> La presència habitual de bateries d’alt voltatge i pila d’hidrogen.</div><div style=""padding: 5px 0;""><b>D)</b> El pes, la mida i la possible càrrega de substàncies perilloses.</div></div></div>","<div style=""text-align: left; font-family: -apple-system, sans-serif;""><div style=""font-weight: bold; font-size: 16px; color: #10b981; margin-bottom: 8px;"">✓ Resposta Correcta: D</div><div style=""font-size: 14px; margin-bottom: 12px; padding: 10px; background: rgba(16,185,129,0.1); border-radius: 6px; border-left: 4px solid #10b981;"">D) El pes, la mida i la possible càrrega de substàncies perilloses.</div><hr style=""border: 0; border-top: 1px solid #ddd; margin: 12px 0;""><div style=""font-size: 13px; color: #444; line-height: 1.4;""><b style=""color: #111;"">Explicació:</b> La massa, les dimensions i el tipus de càrrega condicionen fortament les intervencions amb camions.</div></div>","T32_-_Accidents_de_mobilitat_viaria","19579"
"<div style=""text-align: left; font-family: -apple-system, sans-serif;""><div style=""font-size: 11px; color: #888; margin-bottom: 6px;"">[T32 - Accidents de mobilitat viària] Pregunta 170</div><div style=""font-weight: bold; font-size: 16px; margin-bottom: 14px; line-height: 1.4;"">En un accident de mobilitat viària, què identifica un «vehicle B»?</div><div style=""font-size: 14px; line-height: 1.6;""><div style=""padding: 5px 0;""><b>A)</b> Un vehicle que no requereix estabilització.</div><div style=""padding: 5px 0;""><b>B)</b> Un vehicle sense víctimes a l’interior.</div><div style=""padding: 5px 0;""><b>C)</b> Un vehicle amb víctimes il·leses o lleus.</div><div style=""padding: 5px 0;""><b>D)</b> Un vehicle implicat de manera secundària en l’accident.</div></div></div>","<div style=""text-align: left; font-family: -apple-system, sans-serif;""><div style=""font-weight: bold; font-size: 16px; color: #10b981; margin-bottom: 8px;"">✓ Resposta Correcta: B</div><div style=""font-size: 14px; margin-bottom: 12px; padding: 10px; background: rgba(16,185,129,0.1); border-radius: 6px; border-left: 4px solid #10b981;"">B) Un vehicle sense víctimes a l’interior.</div><hr style=""border: 0; border-top: 1px solid #ddd; margin: 12px 0;""><div style=""font-size: 13px; color: #444; line-height: 1.4;""><b style=""color: #111;"">Explicació:</b> El vehicle B és aquell que no té víctimes al seu interior.</div></div>","T32_-_Accidents_de_mobilitat_viaria","19647"
"<div style=""text-align: left; font-family: -apple-system, sans-serif;""><div style=""font-size: 11px; color: #888; margin-bottom: 6px;"">[T32 - Accidents de mobilitat viària] Pregunta 171</div><div style=""font-weight: bold; font-size: 16px; margin-bottom: 14px; line-height: 1.4;"">On s’han de dipositar portes, sostres, vidres i altres elements retirats d’un vehicle accidentat?</div><div style=""font-size: 14px; line-height: 1.6;""><div style=""padding: 5px 0;""><b>A)</b> A l’àrea de relleu i SOS.</div><div style=""padding: 5px 0;""><b>B)</b> A la zona calenta.</div><div style=""padding: 5px 0;""><b>C)</b> A l’àrea de ferralla.</div><div style=""padding: 5px 0;""><b>D)</b> A l’àrea d’eines.</div></div></div>","<div style=""text-align: left; font-family: -apple-system, sans-serif;""><div style=""font-weight: bold; font-size: 16px; color: #10b981; margin-bottom: 8px;"">✓ Resposta Correcta: C</div><div style=""font-size: 14px; margin-bottom: 12px; padding: 10px; background: rgba(16,185,129,0.1); border-radius: 6px; border-left: 4px solid #10b981;"">C) A l’àrea de ferralla.</div><hr style=""border: 0; border-top: 1px solid #ddd; margin: 12px 0;""><div style=""font-size: 13px; color: #444; line-height: 1.4;""><b style=""color: #111;"">Explicació:</b> La ferralla retirada es concentra en una àrea específica perquè no interfereixi amb el rescat.</div></div>","T32_-_Accidents_de_mobilitat_viaria","19720"
"<div style=""text-align: left; font-family: -apple-system, sans-serif;""><div style=""font-size: 11px; color: #888; margin-bottom: 6px;"">[T32 - Accidents de mobilitat viària] Pregunta 172</div><div style=""font-weight: bold; font-size: 16px; margin-bottom: 14px; line-height: 1.4;"">Què és un bogi ferroviari?</div><div style=""font-size: 14px; line-height: 1.6;""><div style=""padding: 5px 0;""><b>A)</b> Una estructura metàl·lica sota el cotxe que el suporta i li permet girar.</div><div style=""padding: 5px 0;""><b>B)</b> Un mecanisme de frenada electromagnètica instal·lat a la locomotora.</div><div style=""padding: 5px 0;""><b>C)</b> Una connexió flexible entre dos vagons per al pas de persones.</div><div style=""padding: 5px 0;""><b>D)</b> Un sistema de captació elèctrica situat sobre el sostre.</div></div></div>","<div style=""text-align: left; font-family: -apple-system, sans-serif;""><div style=""font-weight: bold; font-size: 16px; color: #10b981; margin-bottom: 8px;"">✓ Resposta Correcta: A</div><div style=""font-size: 14px; margin-bottom: 12px; padding: 10px; background: rgba(16,185,129,0.1); border-radius: 6px; border-left: 4px solid #10b981;"">A) Una estructura metàl·lica sota el cotxe que el suporta i li permet girar.</div><hr style=""border: 0; border-top: 1px solid #ddd; margin: 12px 0;""><div style=""font-size: 13px; color: #444; line-height: 1.4;""><b style=""color: #111;"">Explicació:</b> Els bogis suporten el vehicle i integren els eixos i rodes necessaris per al rodament.</div></div>","T32_-_Accidents_de_mobilitat_viaria","19629"
"<div style=""text-align: left; font-family: -apple-system, sans-serif;""><div style=""font-size: 11px; color: #888; margin-bottom: 6px;"">[T32 - Accidents de mobilitat viària] Pregunta 173</div><div style=""font-weight: bold; font-size: 16px; margin-bottom: 14px; line-height: 1.4;"">Quina confirmació és imprescindible abans d’iniciar una intervenció en una via ferroviària?</div><div style=""font-size: 14px; line-height: 1.6;""><div style=""padding: 5px 0;""><b>A)</b> Que no hi ha passatgers als vagons adjacents i la locomotora està aturada.</div><div style=""padding: 5px 0;""><b>B)</b> Que els bogis continuen adherits i no hi ha càrrega perillosa.</div><div style=""padding: 5px 0;""><b>C)</b> Que el tren sinistrat té els frens automàtics activats i les portes obertes.</div><div style=""padding: 5px 0;""><b>D)</b> Que la circulació està tallada i el sistema de tracció elèctrica està desconnectat.</div></div></div>","<div style=""text-align: left; font-family: -apple-system, sans-serif;""><div style=""font-weight: bold; font-size: 16px; color: #10b981; margin-bottom: 8px;"">✓ Resposta Correcta: D</div><div style=""font-size: 14px; margin-bottom: 12px; padding: 10px; background: rgba(16,185,129,0.1); border-radius: 6px; border-left: 4px solid #10b981;"">D) Que la circulació està tallada i el sistema de tracció elèctrica està desconnectat.</div><hr style=""border: 0; border-top: 1px solid #ddd; margin: 12px 0;""><div style=""font-size: 13px; color: #444; line-height: 1.4;""><b style=""color: #111;"">Explicació:</b> Només el centre de control ferroviari pot garantir oficialment que no circulen altres trens i que la tracció elèctrica està desconnectada.</div></div>","T32_-_Accidents_de_mobilitat_viaria","19633"
"<div style=""text-align: left; font-family: -apple-system, sans-serif;""><div style=""font-size: 11px; color: #888; margin-bottom: 6px;"">[T32 - Accidents de mobilitat viària] Pregunta 174</div><div style=""font-weight: bold; font-size: 16px; margin-bottom: 14px; line-height: 1.4;"">Per què s’han d’evitar mobilitzacions innecessàries en una víctima amb atrapament físic tipus 1?</div><div style=""font-size: 14px; line-height: 1.6;""><div style=""padding: 5px 0;""><b>A)</b> Per impedir que la víctima desenvolupi un atrapament mecànic.</div><div style=""padding: 5px 0;""><b>B)</b> Per reduir la probabilitat de bolcada del vehicle durant la intervenció.</div><div style=""padding: 5px 0;""><b>C)</b> Per reduir el risc d’agreujar les lesions existents.</div><div style=""padding: 5px 0;""><b>D)</b> Per evitar que el vehicle passi a considerar-se vehicle A.</div></div></div>","<div style=""text-align: left; font-family: -apple-system, sans-serif;""><div style=""font-weight: bold; font-size: 16px; color: #10b981; margin-bottom: 8px;"">✓ Resposta Correcta: C</div><div style=""font-size: 14px; margin-bottom: 12px; padding: 10px; background: rgba(16,185,129,0.1); border-radius: 6px; border-left: 4px solid #10b981;"">C) Per reduir el risc d’agreujar les lesions existents.</div><hr style=""border: 0; border-top: 1px solid #ddd; margin: 12px 0;""><div style=""font-size: 13px; color: #444; line-height: 1.4;""><b style=""color: #111;"">Explicació:</b> En el tipus 1 la prioritat és respectar les lesions i crear un espai d’extracció adequat abans de mobilitzar la víctima.</div></div>","T32_-_Accidents_de_mobilitat_viaria","19652"
"<div style=""text-align: left; font-family: -apple-system, sans-serif;""><div style=""font-size: 11px; color: #888; margin-bottom: 6px;"">[T32 - Accidents de mobilitat viària] Pregunta 175</div><div style=""font-weight: bold; font-size: 16px; margin-bottom: 14px; line-height: 1.4;"">Què defineix un atrapament físic tipus 1 en un accident de trànsit?</div><div style=""font-size: 14px; line-height: 1.6;""><div style=""padding: 5px 0;""><b>A)</b> Les lesions obliguen a crear més espai de rescat tot i no existir atrapament estructural.</div><div style=""padding: 5px 0;""><b>B)</b> La deformació del vehicle impedeix sortir a una víctima pràcticament il·lesa.</div><div style=""padding: 5px 0;""><b>C)</b> La víctima ha estat expulsada parcialment del vehicle.</div><div style=""padding: 5px 0;""><b>D)</b> La víctima està atrapada entre elements estructurals deformats.</div></div></div>","<div style=""text-align: left; font-family: -apple-system, sans-serif;""><div style=""font-weight: bold; font-size: 16px; color: #10b981; margin-bottom: 8px;"">✓ Resposta Correcta: A</div><div style=""font-size: 14px; margin-bottom: 12px; padding: 10px; background: rgba(16,185,129,0.1); border-radius: 6px; border-left: 4px solid #10b981;"">A) Les lesions obliguen a crear més espai de rescat tot i no existir atrapament estructural.</div><hr style=""border: 0; border-top: 1px solid #ddd; margin: 12px 0;""><div style=""font-size: 13px; color: #444; line-height: 1.4;""><b style=""color: #111;"">Explicació:</b> En el tipus 1 la víctima està «atrapada per les seves lesions»: cal crear espai per no agreujar-les.</div></div>","T32_-_Accidents_de_mobilitat_viaria","19650"
"<div style=""text-align: left; font-family: -apple-system, sans-serif;""><div style=""font-size: 11px; color: #888; margin-bottom: 6px;"">[T32 - Accidents de mobilitat viària] Pregunta 176</div><div style=""font-weight: bold; font-size: 16px; margin-bottom: 14px; line-height: 1.4;"">Quina combinació defineix un vehicle híbrid?</div><div style=""font-size: 14px; line-height: 1.6;""><div style=""padding: 5px 0;""><b>A)</b> Un motor de combustió i un motor elèctric.</div><div style=""padding: 5px 0;""><b>B)</b> Un motor elèctric i un sistema d’aire comprimit.</div><div style=""padding: 5px 0;""><b>C)</b> Dos motors de combustió alimentats amb combustibles diferents.</div><div style=""padding: 5px 0;""><b>D)</b> Un motor de combustió i una pila d’hidrogen.</div></div></div>","<div style=""text-align: left; font-family: -apple-system, sans-serif;""><div style=""font-weight: bold; font-size: 16px; color: #10b981; margin-bottom: 8px;"">✓ Resposta Correcta: A</div><div style=""font-size: 14px; margin-bottom: 12px; padding: 10px; background: rgba(16,185,129,0.1); border-radius: 6px; border-left: 4px solid #10b981;"">A) Un motor de combustió i un motor elèctric.</div><hr style=""border: 0; border-top: 1px solid #ddd; margin: 12px 0;""><div style=""font-size: 13px; color: #444; line-height: 1.4;""><b style=""color: #111;"">Explicació:</b> Els híbrids combinen propulsió de combustió i elèctrica i poden ser endollables o no.</div></div>","T32_-_Accidents_de_mobilitat_viaria","19596"
"<div style=""text-align: left; font-family: -apple-system, sans-serif;""><div style=""font-size: 11px; color: #888; margin-bottom: 6px;"">[T32 - Accidents de mobilitat viària] Pregunta 177</div><div style=""font-weight: bold; font-size: 16px; margin-bottom: 14px; line-height: 1.4;"">Què caracteritza un atrapament físic tipus 2 en un accident de mobilitat viària?</div><div style=""font-size: 14px; line-height: 1.6;""><div style=""padding: 5px 0;""><b>A)</b> La víctima pot sortir si es força una porta deformada, però està il·lesa.</div><div style=""padding: 5px 0;""><b>B)</b> La víctima està atrapada entre la ferralla i cal desplaçar elements del vehicle per alliberar-la.</div><div style=""padding: 5px 0;""><b>C)</b> No hi ha atrapament estructural, però les lesions impedeixen una mobilització directa.</div><div style=""padding: 5px 0;""><b>D)</b> La víctima necessita una extracció ràpida sense haver de modificar l’estructura.</div></div></div>","<div style=""text-align: left; font-family: -apple-system, sans-serif;""><div style=""font-weight: bold; font-size: 16px; color: #10b981; margin-bottom: 8px;"">✓ Resposta Correcta: B</div><div style=""font-size: 14px; margin-bottom: 12px; padding: 10px; background: rgba(16,185,129,0.1); border-radius: 6px; border-left: 4px solid #10b981;"">B) La víctima està atrapada entre la ferralla i cal desplaçar elements del vehicle per alliberar-la.</div><hr style=""border: 0; border-top: 1px solid #ddd; margin: 12px 0;""><div style=""font-size: 13px; color: #444; line-height: 1.4;""><b style=""color: #111;"">Explicació:</b> El tipus 2 comporta atrapament estructural real i obliga a moure o retirar elements del vehicle.</div></div>","T32_-_Accidents_de_mobilitat_viaria","19651"
"<div style=""text-align: left; font-family: -apple-system, sans-serif;""><div style=""font-size: 11px; color: #888; margin-bottom: 6px;"">[T32 - Accidents de mobilitat viària] Pregunta 178</div><div style=""font-weight: bold; font-size: 16px; margin-bottom: 14px; line-height: 1.4;"">Quina mesura s’ha de mantenir després d’atendre una víctima encara que s’hagin utilitzat guants?</div><div style=""font-size: 14px; line-height: 1.6;""><div style=""padding: 5px 0;""><b>A)</b> Desinfectar només les eines que han estat dins del vehicle.</div><div style=""padding: 5px 0;""><b>B)</b> Canviar únicament els guants si hi ha sang visible.</div><div style=""padding: 5px 0;""><b>C)</b> Eliminar l’EPI complet després de qualsevol contacte.</div><div style=""padding: 5px 0;""><b>D)</b> Fer higiene de mans.</div></div></div>","<div style=""text-align: left; font-family: -apple-system, sans-serif;""><div style=""font-weight: bold; font-size: 16px; color: #10b981; margin-bottom: 8px;"">✓ Resposta Correcta: D</div><div style=""font-size: 14px; margin-bottom: 12px; padding: 10px; background: rgba(16,185,129,0.1); border-radius: 6px; border-left: 4px solid #10b981;"">D) Fer higiene de mans.</div><hr style=""border: 0; border-top: 1px solid #ddd; margin: 12px 0;""><div style=""font-size: 13px; color: #444; line-height: 1.4;""><b style=""color: #111;"">Explicació:</b> Els guants no substitueixen la higiene de mans després del contacte amb víctimes o el seu entorn.</div></div>","T32_-_Accidents_de_mobilitat_viaria","19742"
"<div style=""text-align: left; font-family: -apple-system, sans-serif;""><div style=""font-size: 11px; color: #888; margin-bottom: 6px;"">[T32 - Accidents de mobilitat viària] Pregunta 179</div><div style=""font-weight: bold; font-size: 16px; margin-bottom: 14px; line-height: 1.4;"">Quins inconvenients presenta l’ús de la serra de sabre en un desmunt de sostre?</div><div style=""font-size: 14px; line-height: 1.6;""><div style=""padding: 5px 0;""><b>A)</b> Genera calor, fum i risc d’explosió de manera habitual.</div><div style=""padding: 5px 0;""><b>B)</b> Genera soroll, vibracions i cantells vius que s’han de protegir.</div><div style=""padding: 5px 0;""><b>C)</b> Genera projeccions de líquids i desactiva els sistemes de retenció.</div><div style=""padding: 5px 0;""><b>D)</b> Genera moviments del vehicle i obliga a retirar l’estabilització.</div></div></div>","<div style=""text-align: left; font-family: -apple-system, sans-serif;""><div style=""font-weight: bold; font-size: 16px; color: #10b981; margin-bottom: 8px;"">✓ Resposta Correcta: B</div><div style=""font-size: 14px; margin-bottom: 12px; padding: 10px; background: rgba(16,185,129,0.1); border-radius: 6px; border-left: 4px solid #10b981;"">B) Genera soroll, vibracions i cantells vius que s’han de protegir.</div><hr style=""border: 0; border-top: 1px solid #ddd; margin: 12px 0;""><div style=""font-size: 13px; color: #444; line-height: 1.4;""><b style=""color: #111;"">Explicació:</b> La serra és especialment sorollosa, transmet vibracions i deixa arestes tallants.</div></div>","T32_-_Accidents_de_mobilitat_viaria","19693"
"<div style=""text-align: left; font-family: -apple-system, sans-serif;""><div style=""font-size: 11px; color: #888; margin-bottom: 6px;"">[T32 - Accidents de mobilitat viària] Pregunta 180</div><div style=""font-weight: bold; font-size: 16px; margin-bottom: 14px; line-height: 1.4;"">Quin material defineix principalment l’estabilització primària d’un vehicle accidentat?</div><div style=""font-size: 14px; line-height: 1.6;""><div style=""padding: 5px 0;""><b>A)</b> Tractels i sistemes de tracció.</div><div style=""padding: 5px 0;""><b>B)</b> Pistons i coixins pneumàtics.</div><div style=""padding: 5px 0;""><b>C)</b> Puntals i eslingues.</div><div style=""padding: 5px 0;""><b>D)</b> Tacs i cunyes.</div></div></div>","<div style=""text-align: left; font-family: -apple-system, sans-serif;""><div style=""font-weight: bold; font-size: 16px; color: #10b981; margin-bottom: 8px;"">✓ Resposta Correcta: D</div><div style=""font-size: 14px; margin-bottom: 12px; padding: 10px; background: rgba(16,185,129,0.1); border-radius: 6px; border-left: 4px solid #10b981;"">D) Tacs i cunyes.</div><hr style=""border: 0; border-top: 1px solid #ddd; margin: 12px 0;""><div style=""font-size: 13px; color: #444; line-height: 1.4;""><b style=""color: #111;"">Explicació:</b> L’estabilització primària es basa en tacs i cunyes per neutralitzar els moviments del vehicle.</div></div>","T32_-_Accidents_de_mobilitat_viaria","19670"
"<div style=""text-align: left; font-family: -apple-system, sans-serif;""><div style=""font-size: 11px; color: #888; margin-bottom: 6px;"">[T32 - Accidents de mobilitat viària] Pregunta 181</div><div style=""font-weight: bold; font-size: 16px; margin-bottom: 14px; line-height: 1.4;"">Com poden viatjar molts passatgers en un autobús urbà o interurbà de curt recorregut?</div><div style=""font-size: 14px; line-height: 1.6;""><div style=""padding: 5px 0;""><b>A)</b> Poden viatjar asseguts amb cinturó, en la configuració habitual del vehicle col·lectiu.</div><div style=""padding: 5px 0;""><b>B)</b> Poden viatjar a les bodegues.</div><div style=""padding: 5px 0;""><b>C)</b> Poden viatjar asseguts amb cinturó, durant una intervenció sobre l’autobús.</div><div style=""padding: 5px 0;""><b>D)</b> Poden viatjar dempeus.</div></div></div>","<div style=""text-align: left; font-family: -apple-system, sans-serif;""><div style=""font-weight: bold; font-size: 16px; color: #10b981; margin-bottom: 8px;"">✓ Resposta Correcta: D</div><div style=""font-size: 14px; margin-bottom: 12px; padding: 10px; background: rgba(16,185,129,0.1); border-radius: 6px; border-left: 4px solid #10b981;"">D) Poden viatjar dempeus.</div><hr style=""border: 0; border-top: 1px solid #ddd; margin: 12px 0;""><div style=""font-size: 13px; color: #444; line-height: 1.4;""><b style=""color: #111;"">Explicació:</b> Autobusos: són habituals en àmbits urbans o interurbans de curt recorregut i estan dissenyats per facilitar l’entrada i sortida ràpida de passatgers, molts dels quals poden viatjar dempeus.</div></div>","T32_-_Accidents_de_mobilitat_viaria","14791"
"<div style=""text-align: left; font-family: -apple-system, sans-serif;""><div style=""font-size: 11px; color: #888; margin-bottom: 6px;"">[T32 - Accidents de mobilitat viària] Pregunta 182</div><div style=""font-weight: bold; font-size: 16px; margin-bottom: 14px; line-height: 1.4;"">Quina descripció de «vehicle familiar» és correcta en relació amb els muntants?</div><div style=""font-size: 14px; line-height: 1.6;""><div style=""padding: 5px 0;""><b>A)</b> Pot incorporar també dos muntants A.</div><div style=""padding: 5px 0;""><b>B)</b> Pot incorporar també un muntant E, en el context dels accidents de mobilitat.</div><div style=""padding: 5px 0;""><b>C)</b> Pot incorporar també un muntant D.</div><div style=""padding: 5px 0;""><b>D)</b> Pot incorporar també un muntant E, durant la intervenció sobre el vehicle.</div></div></div>","<div style=""text-align: left; font-family: -apple-system, sans-serif;""><div style=""font-weight: bold; font-size: 16px; color: #10b981; margin-bottom: 8px;"">✓ Resposta Correcta: C</div><div style=""font-size: 14px; margin-bottom: 12px; padding: 10px; background: rgba(16,185,129,0.1); border-radius: 6px; border-left: 4px solid #10b981;"">C) Pot incorporar també un muntant D.</div><hr style=""border: 0; border-top: 1px solid #ddd; margin: 12px 0;""><div style=""font-size: 13px; color: #444; line-height: 1.4;""><b style=""color: #111;"">Explicació:</b> La majoria de turismes tenen muntants A, B i C, tot i que molts, especialment els models familiars, tenen també muntant D. En el cas de vehicles especials o autocars podem trobar-ne més.</div></div>","T32_-_Accidents_de_mobilitat_viaria","14734"
"<div style=""text-align: left; font-family: -apple-system, sans-serif;""><div style=""font-size: 11px; color: #888; margin-bottom: 6px;"">[T32 - Accidents de mobilitat viària] Pregunta 183</div><div style=""font-weight: bold; font-size: 16px; margin-bottom: 14px; line-height: 1.4;"">Quina amplada poden assolir els autobusos o autocars en casos especials?</div><div style=""font-size: 14px; line-height: 1.6;""><div style=""padding: 5px 0;""><b>A)</b> 2,70 metres.</div><div style=""padding: 5px 0;""><b>B)</b> 2,55 metres.</div><div style=""padding: 5px 0;""><b>C)</b> 2,60 metres.</div><div style=""padding: 5px 0;""><b>D)</b> 2,80 metres.</div></div></div>","<div style=""text-align: left; font-family: -apple-system, sans-serif;""><div style=""font-weight: bold; font-size: 16px; color: #10b981; margin-bottom: 8px;"">✓ Resposta Correcta: C</div><div style=""font-size: 14px; margin-bottom: 12px; padding: 10px; background: rgba(16,185,129,0.1); border-radius: 6px; border-left: 4px solid #10b981;"">C) 2,60 metres.</div><hr style=""border: 0; border-top: 1px solid #ddd; margin: 12px 0;""><div style=""font-size: 13px; color: #444; line-height: 1.4;""><b style=""color: #111;"">Explicació:</b> Les dimensions d’un autobús o autocar poden variar segons la configuració, però la normativa estableix uns límits generals: una alçada màxima de 4 metres, una amplada de fins a 2,55 metres (2,60 m en casos especials) i una longitud que oscil·la entre 13,5 i 18,75 metres, segons el nombre d’eixos o si és articulat.</div></div>","T32_-_Accidents_de_mobilitat_viaria","14795"
"<div style=""text-align: left; font-family: -apple-system, sans-serif;""><div style=""font-size: 11px; color: #888; margin-bottom: 6px;"">[T32 - Accidents de mobilitat viària] Pregunta 184</div><div style=""font-weight: bold; font-size: 16px; margin-bottom: 14px; line-height: 1.4;"">Segons el manual, com es caracteritza «rescat» en relació amb el sostre?</div><div style=""font-size: 14px; line-height: 1.6;""><div style=""padding: 5px 0;""><b>A)</b> Pot tallar-se o retirar-se per fer una extracció lateral.</div><div style=""padding: 5px 0;""><b>B)</b> Pot tallar-se o retirar-se per fer una extracció vertical.</div><div style=""padding: 5px 0;""><b>C)</b> Pot desplaçar-se o estabilitzar-se per fer una extracció vertical.</div><div style=""padding: 5px 0;""><b>D)</b> Pot tallar-se o retirar-se per fer un accés inferior.</div></div></div>","<div style=""text-align: left; font-family: -apple-system, sans-serif;""><div style=""font-weight: bold; font-size: 16px; color: #10b981; margin-bottom: 8px;"">✓ Resposta Correcta: B</div><div style=""font-size: 14px; margin-bottom: 12px; padding: 10px; background: rgba(16,185,129,0.1); border-radius: 6px; border-left: 4px solid #10b981;"">B) Pot tallar-se o retirar-se per fer una extracció vertical.</div><hr style=""border: 0; border-top: 1px solid #ddd; margin: 12px 0;""><div style=""font-size: 13px; color: #444; line-height: 1.4;""><b style=""color: #111;"">Explicació:</b> Sostre Element estructural superior que tanca l’habitacle pel damunt i connecta amb els muntants. Pot ser rígid, retràctil, panoràmic (de vidre), o incloure sistemes com sostres solars. En operacions de rescat, pot ser necessari tallar-lo o retirar-lo per permetre una extracció vertical de les víctimes.</div></div>","T32_-_Accidents_de_mobilitat_viaria","14745"
"<div style=""text-align: left; font-family: -apple-system, sans-serif;""><div style=""font-size: 11px; color: #888; margin-bottom: 6px;"">[T32 - Accidents de mobilitat viària] Pregunta 185</div><div style=""font-weight: bold; font-size: 16px; margin-bottom: 14px; line-height: 1.4;"">Quina finalitat general té el MAN.SVVH.000?</div><div style=""font-size: 14px; line-height: 1.6;""><div style=""padding: 5px 0;""><b>A)</b> Oferir una visió general i operativa dels aspectes essencials dels accidents de mobilitat.</div><div style=""padding: 5px 0;""><b>B)</b> Oferir una visió específica i administrativa dels aspectes essencials dels accidents de mobilitat.</div><div style=""padding: 5px 0;""><b>C)</b> Oferir una visió exhaustiva i normativa dels aspectes essencials dels accidents de mobilitat.</div><div style=""padding: 5px 0;""><b>D)</b> Oferir una visió general i operativa dels procediments administratius dels accidents de mobilitat.</div></div></div>","<div style=""text-align: left; font-family: -apple-system, sans-serif;""><div style=""font-weight: bold; font-size: 16px; color: #10b981; margin-bottom: 8px;"">✓ Resposta Correcta: A</div><div style=""font-size: 14px; margin-bottom: 12px; padding: 10px; background: rgba(16,185,129,0.1); border-radius: 6px; border-left: 4px solid #10b981;"">A) Oferir una visió general i operativa dels aspectes essencials dels accidents de mobilitat.</div><hr style=""border: 0; border-top: 1px solid #ddd; margin: 12px 0;""><div style=""font-size: 13px; color: #444; line-height: 1.4;""><b style=""color: #111;"">Explicació:</b> Aquest manual té com a finalitat oferir una visió general i operativa sobre els aspectes essencials que intervenen en els accidents de mobilitat, amb l’objectiu de fomentar la cultura de la seguretat operativa, tant en la prevenció com durant l’actuació directa.</div></div>","T32_-_Accidents_de_mobilitat_viaria","14715"
"<div style=""text-align: left; font-family: -apple-system, sans-serif;""><div style=""font-size: 11px; color: #888; margin-bottom: 6px;"">[T32 - Accidents de mobilitat viària] Pregunta 186</div><div style=""font-weight: bold; font-size: 16px; margin-bottom: 14px; line-height: 1.4;"">Per què és fonamental conèixer el sistema de propulsió d’un vehicle?</div><div style=""font-size: 14px; line-height: 1.6;""><div style=""padding: 5px 0;""><b>A)</b> Perquè fixa la tècnica d’extracció amb independència de l’escenari.</div><div style=""padding: 5px 0;""><b>B)</b> Perquè serveix per estimar la massa del vehicle sense valorar altres riscos.</div><div style=""padding: 5px 0;""><b>C)</b> Perquè determina principalment les dimensions exteriors del vehicle.</div><div style=""padding: 5px 0;""><b>D)</b> Perquè les seves característiques poden influir en els riscos i en les maniobres d’intervenció.</div></div></div>","<div style=""text-align: left; font-family: -apple-system, sans-serif;""><div style=""font-weight: bold; font-size: 16px; color: #10b981; margin-bottom: 8px;"">✓ Resposta Correcta: D</div><div style=""font-size: 14px; margin-bottom: 12px; padding: 10px; background: rgba(16,185,129,0.1); border-radius: 6px; border-left: 4px solid #10b981;"">D) Perquè les seves característiques poden influir en els riscos i en les maniobres d’intervenció.</div><hr style=""border: 0; border-top: 1px solid #ddd; margin: 12px 0;""><div style=""font-size: 13px; color: #444; line-height: 1.4;""><b style=""color: #111;"">Explicació:</b> Propulsions alternatives (experimentals o específiques): Inclou sistemes menys comuns com els vehicles solars, aire comprimit, biocombustibles o motors amb etanol o biodièsel. Cada sistema de propulsió presenta característiques pròpies que poden influir en les condicions de risc i les maniobres d’intervenció dels serveis d’emergència.</div></div>","T32_-_Accidents_de_mobilitat_viaria","14769"
"<div style=""text-align: left; font-family: -apple-system, sans-serif;""><div style=""font-size: 11px; color: #888; margin-bottom: 6px;"">[T32 - Accidents de mobilitat viària] Pregunta 187</div><div style=""font-weight: bold; font-size: 16px; margin-bottom: 14px; line-height: 1.4;"">Com descriu el manual «desplaçament longitudinal»?</div><div style=""font-size: 14px; line-height: 1.6;""><div style=""padding: 5px 0;""><b>A)</b> Moviment horitzontal endavant o endarrere en el sentit de la marxa.</div><div style=""padding: 5px 0;""><b>B)</b> Moviment horitzontal endavant o endarrere en el centre de l’habitacle.</div><div style=""padding: 5px 0;""><b>C)</b> Moviment horitzontal endavant o endarrere en el sentit contrari a la marxa.</div><div style=""padding: 5px 0;""><b>D)</b> Moviment horitzontal amunt o avall en el sentit de la marxa.</div></div></div>","<div style=""text-align: left; font-family: -apple-system, sans-serif;""><div style=""font-weight: bold; font-size: 16px; color: #10b981; margin-bottom: 8px;"">✓ Resposta Correcta: A</div><div style=""font-size: 14px; margin-bottom: 12px; padding: 10px; background: rgba(16,185,129,0.1); border-radius: 6px; border-left: 4px solid #10b981;"">A) Moviment horitzontal endavant o endarrere en el sentit de la marxa.</div><hr style=""border: 0; border-top: 1px solid #ddd; margin: 12px 0;""><div style=""font-size: 13px; color: #444; line-height: 1.4;""><b style=""color: #111;"">Explicació:</b> Desplaçament longitudinal És el moviment horitzontal endavant i endarrere en el sentit de la marxa.</div></div>","T32_-_Accidents_de_mobilitat_viaria","14770"
"<div style=""text-align: left; font-family: -apple-system, sans-serif;""><div style=""font-size: 11px; color: #888; margin-bottom: 6px;"">[T32 - Accidents de mobilitat viària] Pregunta 188</div><div style=""font-weight: bold; font-size: 16px; margin-bottom: 14px; line-height: 1.4;"">Com s’anomena el primer muntant situat al costat dret del vehicle?</div><div style=""font-size: 14px; line-height: 1.6;""><div style=""padding: 5px 0;""><b>A)</b> Muntant B dret.</div><div style=""padding: 5px 0;""><b>B)</b> Muntant B esquerre.</div><div style=""padding: 5px 0;""><b>C)</b> Muntant A dret.</div><div style=""padding: 5px 0;""><b>D)</b> Muntant C esquerre.</div></div></div>","<div style=""text-align: left; font-family: -apple-system, sans-serif;""><div style=""font-weight: bold; font-size: 16px; color: #10b981; margin-bottom: 8px;"">✓ Resposta Correcta: C</div><div style=""font-size: 14px; margin-bottom: 12px; padding: 10px; background: rgba(16,185,129,0.1); border-radius: 6px; border-left: 4px solid #10b981;"">C) Muntant A dret.</div><hr style=""border: 0; border-top: 1px solid #ddd; margin: 12px 0;""><div style=""font-size: 13px; color: #444; line-height: 1.4;""><b style=""color: #111;"">Explicació:</b> Es denominen per ordre alfabètic a partir de la part davantera del vehicle segons pla horitzontal i en sentit de la marxa: muntant A dret, muntant A esquerre, muntant B dret., muntant X esquerre.</div></div>","T32_-_Accidents_de_mobilitat_viaria","14737"
"<div style=""text-align: left; font-family: -apple-system, sans-serif;""><div style=""font-size: 11px; color: #888; margin-bottom: 6px;"">[T32 - Accidents de mobilitat viària] Pregunta 189</div><div style=""font-weight: bold; font-size: 16px; margin-bottom: 14px; line-height: 1.4;"">Què afirma el manual sobre «pis baix» en el disseny estructural d’un autobús?</div><div style=""font-size: 14px; line-height: 1.6;""><div style=""padding: 5px 0;""><b>A)</b> És més fàcil d’aconseguir en una configuració autoportant.</div><div style=""padding: 5px 0;""><b>B)</b> És més fàcil d’aconseguir en una configuració articulada amb semiremolc.</div><div style=""padding: 5px 0;""><b>C)</b> És més fàcil d’aconseguir en una estructura clàssica amb bastidor.</div><div style=""padding: 5px 0;""><b>D)</b> És més fàcil d’aconseguir en una estructura ferroviària modular.</div></div></div>","<div style=""text-align: left; font-family: -apple-system, sans-serif;""><div style=""font-weight: bold; font-size: 16px; color: #10b981; margin-bottom: 8px;"">✓ Resposta Correcta: A</div><div style=""font-size: 14px; margin-bottom: 12px; padding: 10px; background: rgba(16,185,129,0.1); border-radius: 6px; border-left: 4px solid #10b981;"">A) És més fàcil d’aconseguir en una configuració autoportant.</div><hr style=""border: 0; border-top: 1px solid #ddd; margin: 12px 0;""><div style=""font-size: 13px; color: #444; line-height: 1.4;""><b style=""color: #111;"">Explicació:</b> Bastidor i superestructura d’un autobús La unió entre bastidor i superestructura pot adoptar diverses formes: des d’una estructura clàssica amb bastidor robust separat, fins a una configuració autoportant en què tot el vehicle forma una sola peça estructural.</div></div>","T32_-_Accidents_de_mobilitat_viaria","14805"
"<div style=""text-align: left; font-family: -apple-system, sans-serif;""><div style=""font-size: 11px; color: #888; margin-bottom: 6px;"">[T32 - Accidents de mobilitat viària] Pregunta 190</div><div style=""font-weight: bold; font-size: 16px; margin-bottom: 14px; line-height: 1.4;"">Quin enunciat defineix correctament «bivalent GLP»?</div><div style=""font-size: 14px; line-height: 1.6;""><div style=""padding: 5px 0;""><b>A)</b> Adapta un motor de combustió per treballar amb hidrogen comprimit.</div><div style=""padding: 5px 0;""><b>B)</b> Adapta un motor de combustió per treballar amb gas liquat del petroli.</div><div style=""padding: 5px 0;""><b>C)</b> Adapta un motor de combustió per treballar amb gas natural comprimit.</div><div style=""padding: 5px 0;""><b>D)</b> Adapta un motor de combustió per treballar amb biodièsel.</div></div></div>","<div style=""text-align: left; font-family: -apple-system, sans-serif;""><div style=""font-weight: bold; font-size: 16px; color: #10b981; margin-bottom: 8px;"">✓ Resposta Correcta: B</div><div style=""font-size: 14px; margin-bottom: 12px; padding: 10px; background: rgba(16,185,129,0.1); border-radius: 6px; border-left: 4px solid #10b981;"">B) Adapta un motor de combustió per treballar amb gas liquat del petroli.</div><hr style=""border: 0; border-top: 1px solid #ddd; margin: 12px 0;""><div style=""font-size: 13px; color: #444; line-height: 1.4;""><b style=""color: #111;"">Explicació:</b> Vehicles bivalents (GNC i GLP): Sistema de motor de combustió adaptat a treballar amb gas natural comprimit (GNC) o gas liquat del petroli (GLP). c. Vehicles elèctrics: Utilitzen un motor elèctric alimentat per bateries d’alt voltatge.</div></div>","T32_-_Accidents_de_mobilitat_viaria","14765"
"<div style=""text-align: left; font-family: -apple-system, sans-serif;""><div style=""font-size: 11px; color: #888; margin-bottom: 6px;"">[T32 - Accidents de mobilitat viària] Pregunta 191</div><div style=""font-weight: bold; font-size: 16px; margin-bottom: 14px; line-height: 1.4;"">Quina descripció de «secundària o passiva» és correcta en la seguretat dels vehicles?</div><div style=""font-size: 14px; line-height: 1.6;""><div style=""padding: 5px 0;""><b>A)</b> Controla els riscos ambientals durant el rescat.</div><div style=""padding: 5px 0;""><b>B)</b> Evita que l’accident arribi a produir-se.</div><div style=""padding: 5px 0;""><b>C)</b> Evita que l’accident arribi a produir-se, en el context dels accidents de mobilitat.</div><div style=""padding: 5px 0;""><b>D)</b> Redueix les lesions un cop l’accident ja s’ha produït.</div></div></div>","<div style=""text-align: left; font-family: -apple-system, sans-serif;""><div style=""font-weight: bold; font-size: 16px; color: #10b981; margin-bottom: 8px;"">✓ Resposta Correcta: D</div><div style=""font-size: 14px; margin-bottom: 12px; padding: 10px; background: rgba(16,185,129,0.1); border-radius: 6px; border-left: 4px solid #10b981;"">D) Redueix les lesions un cop l’accident ja s’ha produït.</div><hr style=""border: 0; border-top: 1px solid #ddd; margin: 12px 0;""><div style=""font-size: 13px; color: #444; line-height: 1.4;""><b style=""color: #111;"">Explicació:</b> Seguretat primària o activa La seguretat secundària (o passiva) engloba els elements dissenyats per minimitzar les lesions de les persones un cop l’accident ja s’ha produït. No eviten el sinistre, però sí que redueixen l’impacte sobre els ocupants mitjançant la protecció física.</div></div>","T32_-_Accidents_de_mobilitat_viaria","14777"
"<div style=""text-align: left; font-family: -apple-system, sans-serif;""><div style=""font-size: 11px; color: #888; margin-bottom: 6px;"">[T32 - Accidents de mobilitat viària] Pregunta 192</div><div style=""font-weight: bold; font-size: 16px; margin-bottom: 14px; line-height: 1.4;"">Què afirma el manual sobre «autocar» en la tipologia dels vehicles col·lectius?</div><div style=""font-size: 14px; line-height: 1.6;""><div style=""padding: 5px 0;""><b>A)</b> Està concebut per a recorreguts urbans amb parades freqüents.</div><div style=""padding: 5px 0;""><b>B)</b> Està concebut perquè molts passatgers hi viatgin dempeus.</div><div style=""padding: 5px 0;""><b>C)</b> Està concebut amb múltiples portes per afavorir entrades ràpides.</div><div style=""padding: 5px 0;""><b>D)</b> Està concebut per a recorreguts mitjans o llargs.</div></div></div>","<div style=""text-align: left; font-family: -apple-system, sans-serif;""><div style=""font-weight: bold; font-size: 16px; color: #10b981; margin-bottom: 8px;"">✓ Resposta Correcta: D</div><div style=""font-size: 14px; margin-bottom: 12px; padding: 10px; background: rgba(16,185,129,0.1); border-radius: 6px; border-left: 4px solid #10b981;"">D) Està concebut per a recorreguts mitjans o llargs.</div><hr style=""border: 0; border-top: 1px solid #ddd; margin: 12px 0;""><div style=""font-size: 13px; color: #444; line-height: 1.4;""><b style=""color: #111;"">Explicació:</b> Des d’un punt de vista operatiu, cal diferenciar dos grans tipus de vehicles de transport col·lectiu: − Autocars: estan concebuts per a recorreguts mitjans o llargs, i prioritzen la comoditat i seguretat dels passatgers, que sempre viatgen asseguts.</div></div>","T32_-_Accidents_de_mobilitat_viaria","14787"
"<div style=""text-align: left; font-family: -apple-system, sans-serif;""><div style=""font-size: 11px; color: #888; margin-bottom: 6px;"">[T32 - Accidents de mobilitat viària] Pregunta 193</div><div style=""font-weight: bold; font-size: 16px; margin-bottom: 14px; line-height: 1.4;"">Quina afirmació és correcta sobre la «safata posterior»?</div><div style=""font-size: 14px; line-height: 1.6;""><div style=""padding: 5px 0;""><b>A)</b> Se situa horitzontalment sota el compartiment motor.</div><div style=""padding: 5px 0;""><b>B)</b> Se situa en sentit diagonal darrere dels seients posteriors.</div><div style=""padding: 5px 0;""><b>C)</b> Se situa verticalment darrere dels seients posteriors.</div><div style=""padding: 5px 0;""><b>D)</b> Se situa horitzontalment darrere dels seients posteriors.</div></div></div>","<div style=""text-align: left; font-family: -apple-system, sans-serif;""><div style=""font-weight: bold; font-size: 16px; color: #10b981; margin-bottom: 8px;"">✓ Resposta Correcta: D</div><div style=""font-size: 14px; margin-bottom: 12px; padding: 10px; background: rgba(16,185,129,0.1); border-radius: 6px; border-left: 4px solid #10b981;"">D) Se situa horitzontalment darrere dels seients posteriors.</div><hr style=""border: 0; border-top: 1px solid #ddd; margin: 12px 0;""><div style=""font-size: 13px; color: #444; line-height: 1.4;""><b style=""color: #111;"">Explicació:</b> Safata posterior Estructura horitzontal ubicada darrere dels seients posteriors.</div></div>","T32_-_Accidents_de_mobilitat_viaria","14761"
"<div style=""text-align: left; font-family: -apple-system, sans-serif;""><div style=""font-size: 11px; color: #888; margin-bottom: 6px;"">[T32 - Accidents de mobilitat viària] Pregunta 194</div><div style=""font-weight: bold; font-size: 16px; margin-bottom: 14px; line-height: 1.4;"">Què afirma el manual sobre «mitjans de transport» en el context actual de mobilitat?</div><div style=""font-size: 14px; line-height: 1.6;""><div style=""padding: 5px 0;""><b>A)</b> S’han diversificat progressivament.</div><div style=""padding: 5px 0;""><b>B)</b> Han evolucionat sense ampliar les tipologies disponibles.</div><div style=""padding: 5px 0;""><b>C)</b> Han reduït la varietat de sistemes de propulsió.</div><div style=""padding: 5px 0;""><b>D)</b> S’han uniformitzat al voltant dels vehicles de combustió.</div></div></div>","<div style=""text-align: left; font-family: -apple-system, sans-serif;""><div style=""font-weight: bold; font-size: 16px; color: #10b981; margin-bottom: 8px;"">✓ Resposta Correcta: A</div><div style=""font-size: 14px; margin-bottom: 12px; padding: 10px; background: rgba(16,185,129,0.1); border-radius: 6px; border-left: 4px solid #10b981;"">A) S’han diversificat progressivament.</div><hr style=""border: 0; border-top: 1px solid #ddd; margin: 12px 0;""><div style=""font-size: 13px; color: #444; line-height: 1.4;""><b style=""color: #111;"">Explicació:</b> La mobilitat a Catalunya ha experimentat una gran transformació durant les darreres dècades, marcada per un augment constant del parc mòbil i una diversificació progressiva dels mitjans de transport.</div></div>","T32_-_Accidents_de_mobilitat_viaria","14707"
"<div style=""text-align: left; font-family: -apple-system, sans-serif;""><div style=""font-size: 11px; color: #888; margin-bottom: 6px;"">[T32 - Accidents de mobilitat viària] Pregunta 195</div><div style=""font-weight: bold; font-size: 16px; margin-bottom: 14px; line-height: 1.4;"">Quin PMA pot assolir un autocar convencional de 55 places?</div><div style=""font-size: 14px; line-height: 1.6;""><div style=""padding: 5px 0;""><b>A)</b> 20 tones.</div><div style=""padding: 5px 0;""><b>B)</b> 12 tones.</div><div style=""padding: 5px 0;""><b>C)</b> 18 tones.</div><div style=""padding: 5px 0;""><b>D)</b> 15 tones.</div></div></div>","<div style=""text-align: left; font-family: -apple-system, sans-serif;""><div style=""font-weight: bold; font-size: 16px; color: #10b981; margin-bottom: 8px;"">✓ Resposta Correcta: C</div><div style=""font-size: 14px; margin-bottom: 12px; padding: 10px; background: rgba(16,185,129,0.1); border-radius: 6px; border-left: 4px solid #10b981;"">C) 18 tones.</div><hr style=""border: 0; border-top: 1px solid #ddd; margin: 12px 0;""><div style=""font-size: 13px; color: #444; line-height: 1.4;""><b style=""color: #111;"">Explicació:</b> Pel que fa al pes, un autocar convencional de 55 places pot arribar a les 18 tones de pes màxim autoritzat (PMA).</div></div>","T32_-_Accidents_de_mobilitat_viaria","14797"
"<div style=""text-align: left; font-family: -apple-system, sans-serif;""><div style=""font-size: 11px; color: #888; margin-bottom: 6px;"">[T32 - Accidents de mobilitat viària] Pregunta 196</div><div style=""font-weight: bold; font-size: 16px; margin-bottom: 14px; line-height: 1.4;"">Quina orientació tenen els travessers?</div><div style=""font-size: 14px; line-height: 1.6;""><div style=""padding: 5px 0;""><b>A)</b> Són tancaments transparents laterals.</div><div style=""padding: 5px 0;""><b>B)</b> Són elements estructurals verticals.</div><div style=""padding: 5px 0;""><b>C)</b> Són elements estructurals horitzontals.</div><div style=""padding: 5px 0;""><b>D)</b> Són elements estructurals verticals, durant la intervenció sobre el vehicle.</div></div></div>","<div style=""text-align: left; font-family: -apple-system, sans-serif;""><div style=""font-weight: bold; font-size: 16px; color: #10b981; margin-bottom: 8px;"">✓ Resposta Correcta: C</div><div style=""font-size: 14px; margin-bottom: 12px; padding: 10px; background: rgba(16,185,129,0.1); border-radius: 6px; border-left: 4px solid #10b981;"">C) Són elements estructurals horitzontals.</div><hr style=""border: 0; border-top: 1px solid #ddd; margin: 12px 0;""><div style=""font-size: 13px; color: #444; line-height: 1.4;""><b style=""color: #111;"">Explicació:</b> S’utilitza cada vegada més per la seva seguretat i resistència, són difícils de trencar en cas de rescat. f. Safata posterior Estructura horitzontal ubicada darrere dels seients posteriors. En els cotxes tipus berlina, és a dir, sense porta posterior, sol ser metàl·lica i fixa, mentre que en els models amb porta posterior sol ser de fibra o plàstic, i extraïble.</div></div>","T32_-_Accidents_de_mobilitat_viaria","14738"
"<div style=""text-align: left; font-family: -apple-system, sans-serif;""><div style=""font-size: 11px; color: #888; margin-bottom: 6px;"">[T32 - Accidents de mobilitat viària] Pregunta 197</div><div style=""font-weight: bold; font-size: 16px; margin-bottom: 14px; line-height: 1.4;"">Segons el manual, com es caracteritza «balanceig»?</div><div style=""font-size: 14px; line-height: 1.6;""><div style=""padding: 5px 0;""><b>A)</b> Pivotament a dreta i esquerra sense avançar ni retrocedir.</div><div style=""padding: 5px 0;""><b>B)</b> Pivotament a endavant i avall sense avançar ni retrocedir.</div><div style=""padding: 5px 0;""><b>C)</b> Pivotament a en sentit vertical sense avançar ni retrocedir.</div><div style=""padding: 5px 0;""><b>D)</b> Pivotament a amunt i avall sense avançar ni retrocedir.</div></div></div>","<div style=""text-align: left; font-family: -apple-system, sans-serif;""><div style=""font-weight: bold; font-size: 16px; color: #10b981; margin-bottom: 8px;"">✓ Resposta Correcta: A</div><div style=""font-size: 14px; margin-bottom: 12px; padding: 10px; background: rgba(16,185,129,0.1); border-radius: 6px; border-left: 4px solid #10b981;"">A) Pivotament a dreta i esquerra sense avançar ni retrocedir.</div><hr style=""border: 0; border-top: 1px solid #ddd; margin: 12px 0;""><div style=""font-size: 13px; color: #444; line-height: 1.4;""><b style=""color: #111;"">Explicació:</b> Balanceig És un moviment pivotant a dreta i esquerra sense desplaçament longitudinal.</div></div>","T32_-_Accidents_de_mobilitat_viaria","14771"
"<div style=""text-align: left; font-family: -apple-system, sans-serif;""><div style=""font-size: 11px; color: #888; margin-bottom: 6px;"">[T32 - Accidents de mobilitat viària] Pregunta 198</div><div style=""font-weight: bold; font-size: 16px; margin-bottom: 14px; line-height: 1.4;"">Com descriu el manual «mobilitat urbana» en la tipologia dels vehicles col·lectius?</div><div style=""font-size: 14px; line-height: 1.6;""><div style=""padding: 5px 0;""><b>A)</b> És una funció més pròpia dels autobusos.</div><div style=""padding: 5px 0;""><b>B)</b> És una funció més pròpia dels autocars de llarg recorregut, durant una intervenció sobre l’autobús.</div><div style=""padding: 5px 0;""><b>C)</b> És una funció més pròpia dels trens d’alta velocitat.</div><div style=""padding: 5px 0;""><b>D)</b> És una funció més pròpia dels autocars de llarg recorregut.</div></div></div>","<div style=""text-align: left; font-family: -apple-system, sans-serif;""><div style=""font-weight: bold; font-size: 16px; color: #10b981; margin-bottom: 8px;"">✓ Resposta Correcta: A</div><div style=""font-size: 14px; margin-bottom: 12px; padding: 10px; background: rgba(16,185,129,0.1); border-radius: 6px; border-left: 4px solid #10b981;"">A) És una funció més pròpia dels autobusos.</div><hr style=""border: 0; border-top: 1px solid #ddd; margin: 12px 0;""><div style=""font-size: 13px; color: #444; line-height: 1.4;""><b style=""color: #111;"">Explicació:</b> Autobusos: són habituals en àmbits urbans o interurbans de curt recorregut i estan dissenyats per facilitar l’entrada i sortida ràpida de passatgers, molts dels quals poden viatjar dempeus.</div></div>","T32_-_Accidents_de_mobilitat_viaria","14792"
"<div style=""text-align: left; font-family: -apple-system, sans-serif;""><div style=""font-size: 11px; color: #888; margin-bottom: 6px;"">[T32 - Accidents de mobilitat viària] Pregunta 199</div><div style=""font-weight: bold; font-size: 16px; margin-bottom: 14px; line-height: 1.4;"">Quina és la funció dels muntants?</div><div style=""font-size: 14px; line-height: 1.6;""><div style=""padding: 5px 0;""><b>A)</b> Uneixen el motor amb la transmissió.</div><div style=""padding: 5px 0;""><b>B)</b> Uneixen el sostre amb la resta de la carrosseria.</div><div style=""padding: 5px 0;""><b>C)</b> Uneixen les portes amb els travessers inferiors.</div><div style=""padding: 5px 0;""><b>D)</b> Uneixen el xassís amb els eixos del vehicle, durant la intervenció sobre el vehicle.</div></div></div>","<div style=""text-align: left; font-family: -apple-system, sans-serif;""><div style=""font-weight: bold; font-size: 16px; color: #10b981; margin-bottom: 8px;"">✓ Resposta Correcta: B</div><div style=""font-size: 14px; margin-bottom: 12px; padding: 10px; background: rgba(16,185,129,0.1); border-radius: 6px; border-left: 4px solid #10b981;"">B) Uneixen el sostre amb la resta de la carrosseria.</div><hr style=""border: 0; border-top: 1px solid #ddd; margin: 12px 0;""><div style=""font-size: 13px; color: #444; line-height: 1.4;""><b style=""color: #111;"">Explicació:</b> Les parts més importants dels vehicles sobre les quals Bombers treballem més habitualment per tal d’obtenir espais amplis de rescat, són elements estructurals o de revestiment. a. Muntants o columnes Elements estructurals que uneixen el sostre amb la resta de la carrosseria.</div></div>","T32_-_Accidents_de_mobilitat_viaria","14730"
"<div style=""text-align: left; font-family: -apple-system, sans-serif;""><div style=""font-size: 11px; color: #888; margin-bottom: 6px;"">[T32 - Accidents de mobilitat viària] Pregunta 200</div><div style=""font-weight: bold; font-size: 16px; margin-bottom: 14px; line-height: 1.4;"">Segons el manual, com es caracteritza «sistemes actius» en un vehicle col·lectiu?</div><div style=""font-size: 14px; line-height: 1.6;""><div style=""padding: 5px 0;""><b>A)</b> Els circuits tèxtils o acústics poden interferir en el rescat.</div><div style=""padding: 5px 0;""><b>B)</b> Els circuits manuals o acústics poden interferir en el rescat.</div><div style=""padding: 5px 0;""><b>C)</b> Els circuits exteriors o decoratius poden interferir en el rescat.</div><div style=""padding: 5px 0;""><b>D)</b> Els circuits mecànics o pneumàtics poden interferir en el rescat.</div></div></div>","<div style=""text-align: left; font-family: -apple-system, sans-serif;""><div style=""font-weight: bold; font-size: 16px; color: #10b981; margin-bottom: 8px;"">✓ Resposta Correcta: D</div><div style=""font-size: 14px; margin-bottom: 12px; padding: 10px; background: rgba(16,185,129,0.1); border-radius: 6px; border-left: 4px solid #10b981;"">D) Els circuits mecànics o pneumàtics poden interferir en el rescat.</div><hr style=""border: 0; border-top: 1px solid #ddd; margin: 12px 0;""><div style=""font-size: 13px; color: #444; line-height: 1.4;""><b style=""color: #111;"">Explicació:</b> Quan un autobús o un autocar pateix un accident, els equips d’emergència poden trobar-se davant d’un escenari amb desenes de víctimes potencials, espais reduïts, estructures reforçades o deformades, i sistemes mecànics o pneumàtics actius que poden interferir en les tasques de rescat.</div></div>","T32_-_Accidents_de_mobilitat_viaria","14785"
"<div style=""text-align: left; font-family: -apple-system, sans-serif;""><div style=""font-size: 11px; color: #888; margin-bottom: 6px;"">[T32 - Accidents de mobilitat viària] Pregunta 201</div><div style=""font-weight: bold; font-size: 16px; margin-bottom: 14px; line-height: 1.4;"">Quin enunciat defineix correctament «pla de referència» en relació amb els muntants?</div><div style=""font-size: 14px; line-height: 1.6;""><div style=""padding: 5px 0;""><b>A)</b> S’ordenen en el pla horitzontal i en el sentit de la marxa.</div><div style=""padding: 5px 0;""><b>B)</b> S’ordenen en el eix transversal i en el sentit de la marxa.</div><div style=""padding: 5px 0;""><b>C)</b> S’ordenen en el pla diagonal i en el sentit de la marxa.</div><div style=""padding: 5px 0;""><b>D)</b> S’ordenen en el pla vertical i en el sentit de la marxa.</div></div></div>","<div style=""text-align: left; font-family: -apple-system, sans-serif;""><div style=""font-weight: bold; font-size: 16px; color: #10b981; margin-bottom: 8px;"">✓ Resposta Correcta: A</div><div style=""font-size: 14px; margin-bottom: 12px; padding: 10px; background: rgba(16,185,129,0.1); border-radius: 6px; border-left: 4px solid #10b981;"">A) S’ordenen en el pla horitzontal i en el sentit de la marxa.</div><hr style=""border: 0; border-top: 1px solid #ddd; margin: 12px 0;""><div style=""font-size: 13px; color: #444; line-height: 1.4;""><b style=""color: #111;"">Explicació:</b> Es denominen per ordre alfabètic a partir de la part davantera del vehicle segons pla horitzontal i en sentit de la marxa: muntant A dret, muntant A esquerre, muntant B dret., muntant X esquerre.</div></div>","T32_-_Accidents_de_mobilitat_viaria","14736"
"<div style=""text-align: left; font-family: -apple-system, sans-serif;""><div style=""font-size: 11px; color: #888; margin-bottom: 6px;"">[T32 - Accidents de mobilitat viària] Pregunta 202</div><div style=""font-weight: bold; font-size: 16px; margin-bottom: 14px; line-height: 1.4;"">Segons el manual, com es caracteritza «autobús» en la tipologia dels vehicles col·lectius?</div><div style=""font-size: 14px; line-height: 1.6;""><div style=""padding: 5px 0;""><b>A)</b> És habitual en àmbits interurbans de llarg recorregut, en la configuració habitual del vehicle col·lectiu.</div><div style=""padding: 5px 0;""><b>B)</b> És habitual en àmbits urbans o interurbans de curt recorregut.</div><div style=""padding: 5px 0;""><b>C)</b> És habitual en àmbits interurbans de llarg recorregut.</div><div style=""padding: 5px 0;""><b>D)</b> És habitual en àmbits logístics sense passatgers.</div></div></div>","<div style=""text-align: left; font-family: -apple-system, sans-serif;""><div style=""font-weight: bold; font-size: 16px; color: #10b981; margin-bottom: 8px;"">✓ Resposta Correcta: B</div><div style=""font-size: 14px; margin-bottom: 12px; padding: 10px; background: rgba(16,185,129,0.1); border-radius: 6px; border-left: 4px solid #10b981;"">B) És habitual en àmbits urbans o interurbans de curt recorregut.</div><hr style=""border: 0; border-top: 1px solid #ddd; margin: 12px 0;""><div style=""font-size: 13px; color: #444; line-height: 1.4;""><b style=""color: #111;"">Explicació:</b> Aquests vehicles disposen habitualment de bodegues a la part inferior, destinades al transport d’equipatge. − Autobusos: són habituals en àmbits urbans o interurbans de curt recorregut i estan dissenyats per facilitar l’entrada i sortida ràpida de passatgers, molts dels quals poden viatjar dempeus.</div></div>","T32_-_Accidents_de_mobilitat_viaria","14790"
"<div style=""text-align: left; font-family: -apple-system, sans-serif;""><div style=""font-size: 11px; color: #888; margin-bottom: 6px;"">[T32 - Accidents de mobilitat viària] Pregunta 203</div><div style=""font-weight: bold; font-size: 16px; margin-bottom: 14px; line-height: 1.4;"">Què afirma el manual sobre «superestructura» en el disseny estructural d’un autobús?</div><div style=""font-size: 14px; line-height: 1.6;""><div style=""padding: 5px 0;""><b>A)</b> És la zona lateral que conté l’habitacle de passatgers.</div><div style=""padding: 5px 0;""><b>B)</b> És la part superior que conté l’compartiment motor.</div><div style=""padding: 5px 0;""><b>C)</b> És l’estructura posterior que conté l’habitacle de passatgers.</div><div style=""padding: 5px 0;""><b>D)</b> És la part superior que conté l’habitacle de passatgers.</div></div></div>","<div style=""text-align: left; font-family: -apple-system, sans-serif;""><div style=""font-weight: bold; font-size: 16px; color: #10b981; margin-bottom: 8px;"">✓ Resposta Correcta: D</div><div style=""font-size: 14px; margin-bottom: 12px; padding: 10px; background: rgba(16,185,129,0.1); border-radius: 6px; border-left: 4px solid #10b981;"">D) És la part superior que conté l’habitacle de passatgers.</div><hr style=""border: 0; border-top: 1px solid #ddd; margin: 12px 0;""><div style=""font-size: 13px; color: #444; line-height: 1.4;""><b style=""color: #111;"">Explicació:</b> La superestructura és la part superior, on s’ubica l’habitacle de passatgers. Aquesta estructura ha de ser rígida, ja que està pensada per resistir els impactes i, sobretot, evitar que es deformi l’espai vital dels ocupants en cas de bolcada.</div></div>","T32_-_Accidents_de_mobilitat_viaria","14800"
"<div style=""text-align: left; font-family: -apple-system, sans-serif;""><div style=""font-size: 11px; color: #888; margin-bottom: 6px;"">[T32 - Accidents de mobilitat viària] Pregunta 204</div><div style=""font-weight: bold; font-size: 16px; margin-bottom: 14px; line-height: 1.4;"">Quins quatre sistemes inclou el manual entre les propulsions alternatives menys comunes?</div><div style=""font-size: 14px; line-height: 1.6;""><div style=""padding: 5px 0;""><b>A)</b> Vehicles híbrids, aire comprimit, camions i motors amb etanol o biodièsel.</div><div style=""padding: 5px 0;""><b>B)</b> Vehicles ferroviaris, autobusos, camions i motocicletes.</div><div style=""padding: 5px 0;""><b>C)</b> Vehicles solars, autobusos, biocombustibles i gasoil.</div><div style=""padding: 5px 0;""><b>D)</b> Vehicles solars, aire comprimit, biocombustibles i motors amb etanol o biodièsel.</div></div></div>","<div style=""text-align: left; font-family: -apple-system, sans-serif;""><div style=""font-weight: bold; font-size: 16px; color: #10b981; margin-bottom: 8px;"">✓ Resposta Correcta: D</div><div style=""font-size: 14px; margin-bottom: 12px; padding: 10px; background: rgba(16,185,129,0.1); border-radius: 6px; border-left: 4px solid #10b981;"">D) Vehicles solars, aire comprimit, biocombustibles i motors amb etanol o biodièsel.</div><hr style=""border: 0; border-top: 1px solid #ddd; margin: 12px 0;""><div style=""font-size: 13px; color: #444; line-height: 1.4;""><b style=""color: #111;"">Explicació:</b> Propulsions alternatives (experimentals o específiques): Inclou sistemes menys comuns com els vehicles solars, aire comprimit, biocombustibles o motors amb etanol o biodièsel.</div></div>","T32_-_Accidents_de_mobilitat_viaria","14768"
"<div style=""text-align: left; font-family: -apple-system, sans-serif;""><div style=""font-size: 11px; color: #888; margin-bottom: 6px;"">[T32 - Accidents de mobilitat viària] Pregunta 205</div><div style=""font-weight: bold; font-size: 16px; margin-bottom: 14px; line-height: 1.4;"">Abans d’obrir portes o trencar vidres en un vehicle accidentat, quina condició s’ha de complir?</div><div style=""font-size: 14px; line-height: 1.6;""><div style=""padding: 5px 0;""><b>A)</b> El vehicle ha d’estar estabilitzat de forma primària, encara que conservi moviment residual</div><div style=""padding: 5px 0;""><b>B)</b> El vehicle ha d’estar completament immobilitzat</div><div style=""padding: 5px 0;""><b>C)</b> Cal haver desconnectat la bateria abans de qualsevol accés per portes o vidres</div><div style=""padding: 5px 0;""><b>D)</b> S’ha de completar la zonificació, encara que el vehicle no estigui totalment immobilitzat</div></div></div>","<div style=""text-align: left; font-family: -apple-system, sans-serif;""><div style=""font-weight: bold; font-size: 16px; color: #10b981; margin-bottom: 8px;"">✓ Resposta Correcta: B</div><div style=""font-size: 14px; margin-bottom: 12px; padding: 10px; background: rgba(16,185,129,0.1); border-radius: 6px; border-left: 4px solid #10b981;"">B) El vehicle ha d’estar completament immobilitzat</div><hr style=""border: 0; border-top: 1px solid #ddd; margin: 12px 0;""><div style=""font-size: 13px; color: #444; line-height: 1.4;""><b style=""color: #111;"">Explicació:</b> MAN.SVVH.000 v1.2026

5.1. Principis generals de seguretat — Estabilització

Abans d’obrir portes, trencar vidres o iniciar maniobres amb eines, el vehicle accidentat ha d’estar completament immobilitzat.</div></div>","T32_-_Accidents_de_mobilitat_viaria","racord_ef80f4c1-c8c7-47c2-a0ee-77ab9e16508f"
"<div style=""text-align: left; font-family: -apple-system, sans-serif;""><div style=""font-size: 11px; color: #888; margin-bottom: 6px;"">[T32 - Accidents de mobilitat viària] Pregunta 206</div><div style=""font-weight: bold; font-size: 16px; margin-bottom: 14px; line-height: 1.4;"">Respecte de la xarxa viària catalana actual, indica l’afirmació CORRECTA:</div><div style=""font-size: 14px; line-height: 1.6;""><div style=""padding: 5px 0;""><b>A)</b> Una densitat elevada a la xarxa principal, però moderada en la resta de vies urbanes i interurbanes</div><div style=""padding: 5px 0;""><b>B)</b> Una elevada densitat de trànsit principalment interurbana, amb una menor concentració a les zones urbanes</div><div style=""padding: 5px 0;""><b>C)</b> Una elevada densitat de trànsit tant en àmbits urbans com interurbans</div><div style=""padding: 5px 0;""><b>D)</b> Una elevada densitat de trànsit principalment urbana, amb una pressió interurbana sensiblement inferior</div></div></div>","<div style=""text-align: left; font-family: -apple-system, sans-serif;""><div style=""font-weight: bold; font-size: 16px; color: #10b981; margin-bottom: 8px;"">✓ Resposta Correcta: C</div><div style=""font-size: 14px; margin-bottom: 12px; padding: 10px; background: rgba(16,185,129,0.1); border-radius: 6px; border-left: 4px solid #10b981;"">C) Una elevada densitat de trànsit tant en àmbits urbans com interurbans</div><hr style=""border: 0; border-top: 1px solid #ddd; margin: 12px 0;""><div style=""font-size: 13px; color: #444; line-height: 1.4;""><b style=""color: #111;"">Explicació:</b> MAN.SVVH.000 v1.2026

1.1. Context de la mobilitat a Catalunya

Actualment, la xarxa viària catalana suporta una elevada densitat de trànsit, tant en zones urbanes com interurbanes.</div></div>","T32_-_Accidents_de_mobilitat_viaria","racord_cab9210b-8f5f-4dcf-b028-934a0a5241f1"
"<div style=""text-align: left; font-family: -apple-system, sans-serif;""><div style=""font-size: 11px; color: #888; margin-bottom: 6px;"">[T32 - Accidents de mobilitat viària] Pregunta 207</div><div style=""font-weight: bold; font-size: 16px; margin-bottom: 14px; line-height: 1.4;"">D¡acord amb el PAI d'un accident de trànsit, abans que sigui necessari activar-lo, el Pla B:</div><div style=""font-size: 14px; line-height: 1.6;""><div style=""padding: 5px 0;""><b>A)</b> Pot deixar-se sense consens previ si el responsable sanitari ja l’ha previst</div><div style=""padding: 5px 0;""><b>B)</b> Es defineix només quan apareix un agreujament sobtat</div><div style=""padding: 5px 0;""><b>C)</b> Ha de substituir el Pla A sempre que hi hagi atrapament físic tipus 2</div><div style=""padding: 5px 0;""><b>D)</b> Ha d’estar preestablert i consensuat amb els actuants</div></div></div>","<div style=""text-align: left; font-family: -apple-system, sans-serif;""><div style=""font-weight: bold; font-size: 16px; color: #10b981; margin-bottom: 8px;"">✓ Resposta Correcta: D</div><div style=""font-size: 14px; margin-bottom: 12px; padding: 10px; background: rgba(16,185,129,0.1); border-radius: 6px; border-left: 4px solid #10b981;"">D) Ha d’estar preestablert i consensuat amb els actuants</div><hr style=""border: 0; border-top: 1px solid #ddd; margin: 12px 0;""><div style=""font-size: 13px; color: #444; line-height: 1.4;""><b style=""color: #111;"">Explicació:</b> MAN.SVVH.000 v1.2026

3.3. Valorar el Pla d’acció de la intervenció (PAI)

El Pla B ha d’estar preestablert i consensuat prèviament amb tots els actuants.</div></div>","T32_-_Accidents_de_mobilitat_viaria","racord_88e8ce1a-fc33-4c07-bf0c-e0246260dfa0"
"<div style=""text-align: left; font-family: -apple-system, sans-serif;""><div style=""font-size: 11px; color: #888; margin-bottom: 6px;"">[T32 - Accidents de mobilitat viària] Pregunta 208</div><div style=""font-weight: bold; font-size: 16px; margin-bottom: 14px; line-height: 1.4;"">Indica quina de les següents afirmacions és INCORRECTA davant condicions ambientals adverses durant un accident de trànsit:</div><div style=""font-size: 14px; line-height: 1.6;""><div style=""padding: 5px 0;""><b>A)</b> Davant fred intens i poca visibilitat convé reduir els relleus per mantenir el mateix equip a la zona calenta</div><div style=""padding: 5px 0;""><b>B)</b> Cal adaptar l’EPI a les condicions ambientals</div><div style=""padding: 5px 0;""><b>C)</b> La il·luminació s’ha d’adaptar quan la visibilitat és insuficient</div><div style=""padding: 5px 0;""><b>D)</b> La rotació de personal pot ajudar a evitar la fatiga</div></div></div>","<div style=""text-align: left; font-family: -apple-system, sans-serif;""><div style=""font-weight: bold; font-size: 16px; color: #10b981; margin-bottom: 8px;"">✓ Resposta Correcta: A</div><div style=""font-size: 14px; margin-bottom: 12px; padding: 10px; background: rgba(16,185,129,0.1); border-radius: 6px; border-left: 4px solid #10b981;"">A) Davant fred intens i poca visibilitat convé reduir els relleus per mantenir el mateix equip a la zona calenta</div><hr style=""border: 0; border-top: 1px solid #ddd; margin: 12px 0;""><div style=""font-size: 13px; color: #444; line-height: 1.4;""><b style=""color: #111;"">Explicació:</b> MAN.SVVH.000 v1.2026

5.2. Riscos específics i mesures preventives — Factors ambientals

Davant condicions adverses cal adaptar els EPI i la il·luminació, reavaluar l’entorn i preveure rotació de personal per evitar fatiga.</div></div>","T32_-_Accidents_de_mobilitat_viaria","racord_c689d017-8529-4173-afca-056c8e0071cb"
"<div style=""text-align: left; font-family: -apple-system, sans-serif;""><div style=""font-size: 11px; color: #888; margin-bottom: 6px;"">[T32 - Accidents de mobilitat viària] Pregunta 209</div><div style=""font-weight: bold; font-size: 16px; margin-bottom: 14px; line-height: 1.4;"">Com es pot completar l’estabilització primària d’un vehicle tombat lateralment?</div><div style=""font-size: 14px; line-height: 1.6;""><div style=""padding: 5px 0;""><b>A)</b> Amb cunyes a la banda de les rodes, sota les taloneres</div><div style=""padding: 5px 0;""><b>B)</b> Amb tacs sota els ponts de roda de la banda elevada</div><div style=""padding: 5px 0;""><b>C)</b> Amb una cinquena falca a la part posterior, com en ordre de marxa</div><div style=""padding: 5px 0;""><b>D)</b> Amb cunyes a la banda del sostre, sota les taloneres</div></div></div>","<div style=""text-align: left; font-family: -apple-system, sans-serif;""><div style=""font-weight: bold; font-size: 16px; color: #10b981; margin-bottom: 8px;"">✓ Resposta Correcta: A</div><div style=""font-size: 14px; margin-bottom: 12px; padding: 10px; background: rgba(16,185,129,0.1); border-radius: 6px; border-left: 4px solid #10b981;"">A) Amb cunyes a la banda de les rodes, sota les taloneres</div><hr style=""border: 0; border-top: 1px solid #ddd; margin: 12px 0;""><div style=""font-size: 13px; color: #444; line-height: 1.4;""><b style=""color: #111;"">Explicació:</b> MAN.SVVH.000 v1.2026

4.1.2. Estabilització primària

La maniobra en bolcada lateral es pot completar amb cunyes a la banda de les rodes, sota les taloneres, vigilant els punts calents.</div></div>","T32_-_Accidents_de_mobilitat_viaria","racord_b94a8efb-d9f0-45c0-a46c-59b055aed3f5"
"<div style=""text-align: left; font-family: -apple-system, sans-serif;""><div style=""font-size: 11px; color: #888; margin-bottom: 6px;"">[T32 - Accidents de mobilitat viària] Pregunta 210</div><div style=""font-weight: bold; font-size: 16px; margin-bottom: 14px; line-height: 1.4;"">Indica quina de les següents afirmacions és INCORRECTA respecte dels atrapaments en un accident de trànsit:</div><div style=""font-size: 14px; line-height: 1.6;""><div style=""padding: 5px 0;""><b>A)</b> En un atrapament físic 1 les lesions poden obligar a crear més espai d’extracció</div><div style=""padding: 5px 0;""><b>B)</b> En un atrapament físic 2 hi ha atrapament estructural</div><div style=""padding: 5px 0;""><b>C)</b> En un atrapament mecànic la víctima pot estar il·lesa o presentar lesions molt lleus</div><div style=""padding: 5px 0;""><b>D)</b> En un atrapament físic 1 la víctima està estructuralment enganxada entre la ferralla</div></div></div>","<div style=""text-align: left; font-family: -apple-system, sans-serif;""><div style=""font-weight: bold; font-size: 16px; color: #10b981; margin-bottom: 8px;"">✓ Resposta Correcta: D</div><div style=""font-size: 14px; margin-bottom: 12px; padding: 10px; background: rgba(16,185,129,0.1); border-radius: 6px; border-left: 4px solid #10b981;"">D) En un atrapament físic 1 la víctima està estructuralment enganxada entre la ferralla</div><hr style=""border: 0; border-top: 1px solid #ddd; margin: 12px 0;""><div style=""font-size: 13px; color: #444; line-height: 1.4;""><b style=""color: #111;"">Explicació:</b> MAN.SVVH.000 v1.2026

3.2.4. Tipus d’atrapament

En l’atrapament físic 1 es considera que la víctima està atrapada per les seves pròpies lesions.</div></div>","T32_-_Accidents_de_mobilitat_viaria","racord_f7e8bbb4-a45c-4ec3-89d9-6a39283f3c7a"
"<div style=""text-align: left; font-family: -apple-system, sans-serif;""><div style=""font-size: 11px; color: #888; margin-bottom: 6px;"">[T32 - Accidents de mobilitat viària] Pregunta 211</div><div style=""font-weight: bold; font-size: 16px; margin-bottom: 14px; line-height: 1.4;"">En un turisme en bolcada lateral, on és preferible situar les falques de la banda del sostre?</div><div style=""font-size: 14px; line-height: 1.6;""><div style=""padding: 5px 0;""><b>A)</b> Sota els muntants, especialment el muntant B</div><div style=""padding: 5px 0;""><b>B)</b> Sota qualsevol punt del lateral superior, encara que no sigui estructural</div><div style=""padding: 5px 0;""><b>C)</b> Sota els muntants A i C, evitant el muntant B</div><div style=""padding: 5px 0;""><b>D)</b> Sota la zona central del sostre, repartint les falques simètricament</div></div></div>","<div style=""text-align: left; font-family: -apple-system, sans-serif;""><div style=""font-weight: bold; font-size: 16px; color: #10b981; margin-bottom: 8px;"">✓ Resposta Correcta: A</div><div style=""font-size: 14px; margin-bottom: 12px; padding: 10px; background: rgba(16,185,129,0.1); border-radius: 6px; border-left: 4px solid #10b981;"">A) Sota els muntants, especialment el muntant B</div><hr style=""border: 0; border-top: 1px solid #ddd; margin: 12px 0;""><div style=""font-size: 13px; color: #444; line-height: 1.4;""><b style=""color: #111;"">Explicació:</b> MAN.SVVH.000 v1.2026

4.1.2. Estabilització primària

En una bolcada lateral, les falques es col·loquen a la banda del sostre i, quan és possible, sota els muntants, especialment sota el muntant B.</div></div>","T32_-_Accidents_de_mobilitat_viaria","racord_85a79cb3-36d1-4538-8f80-8ca34a65fd09"
"<div style=""text-align: left; font-family: -apple-system, sans-serif;""><div style=""font-size: 11px; color: #888; margin-bottom: 6px;"">[T32 - Accidents de mobilitat viària] Pregunta 212</div><div style=""font-weight: bold; font-size: 16px; margin-bottom: 14px; line-height: 1.4;"">Quina funció té el bastidor d’un autobús?</div><div style=""font-size: 14px; line-height: 1.6;""><div style=""padding: 5px 0;""><b>A)</b> És la zona inferior destinada principalment a les bodegues</div><div style=""padding: 5px 0;""><b>B)</b> Forma l’estructura superior que preserva l’espai dels passatgers</div><div style=""padding: 5px 0;""><b>C)</b> Connecta el sostre amb les parets laterals de la superestructura</div><div style=""padding: 5px 0;""><b>D)</b> És l’esquelet inferior que integra sistemes mecànics</div></div></div>","<div style=""text-align: left; font-family: -apple-system, sans-serif;""><div style=""font-weight: bold; font-size: 16px; color: #10b981; margin-bottom: 8px;"">✓ Resposta Correcta: D</div><div style=""font-size: 14px; margin-bottom: 12px; padding: 10px; background: rgba(16,185,129,0.1); border-radius: 6px; border-left: 4px solid #10b981;"">D) És l’esquelet inferior que integra sistemes mecànics</div><hr style=""border: 0; border-top: 1px solid #ddd; margin: 12px 0;""><div style=""font-size: 13px; color: #444; line-height: 1.4;""><b style=""color: #111;"">Explicació:</b> MAN.SVVH.000 v1.2026

2.2.4. Disseny estructural: bastidor i superestructura

El bastidor és l’esquelet inferior on s’integren motor, suspensió i transmissió.</div></div>","T32_-_Accidents_de_mobilitat_viaria","racord_62cf2991-6a55-4f3a-a8f5-80f6b4622005"
"<div style=""text-align: left; font-family: -apple-system, sans-serif;""><div style=""font-size: 11px; color: #888; margin-bottom: 6px;"">[T32 - Accidents de mobilitat viària] Pregunta 213</div><div style=""font-weight: bold; font-size: 16px; margin-bottom: 14px; line-height: 1.4;"">Quan hi ha més d’un vehicle A, les comunicacions els diferencien:</div><div style=""font-size: 14px; line-height: 1.6;""><div style=""padding: 5px 0;""><b>A)</b> Afegint una referència al color o al model de cada vehicle A</div><div style=""padding: 5px 0;""><b>B)</b> Assignant números consecutius després de la lletra A</div><div style=""padding: 5px 0;""><b>C)</b> Afegint una referència al color o al model, només si són vehicles de la mateixa marca</div><div style=""padding: 5px 0;""><b>D)</b> Utilitzant la posició a la via com a únic criteri operatiu</div></div></div>","<div style=""text-align: left; font-family: -apple-system, sans-serif;""><div style=""font-weight: bold; font-size: 16px; color: #10b981; margin-bottom: 8px;"">✓ Resposta Correcta: A</div><div style=""font-size: 14px; margin-bottom: 12px; padding: 10px; background: rgba(16,185,129,0.1); border-radius: 6px; border-left: 4px solid #10b981;"">A) Afegint una referència al color o al model de cada vehicle A</div><hr style=""border: 0; border-top: 1px solid #ddd; margin: 12px 0;""><div style=""font-size: 13px; color: #444; line-height: 1.4;""><b style=""color: #111;"">Explicació:</b> MAN.SVVH.000 v1.2026

3.2.3. Denominació dels vehicles implicats en un accident

Quan hi ha més d’un vehicle A o més d’un vehicle B, s’hi afegeix una referència al color o al model per diferenciar-los.</div></div>","T32_-_Accidents_de_mobilitat_viaria","racord_94c91e93-5a5c-4b64-841f-261f49fb61b3"
"<div style=""text-align: left; font-family: -apple-system, sans-serif;""><div style=""font-size: 11px; color: #888; margin-bottom: 6px;"">[T32 - Accidents de mobilitat viària] Pregunta 214</div><div style=""font-weight: bold; font-size: 16px; margin-bottom: 14px; line-height: 1.4;"">L’estructura essencial d’un autobús o autocar està formada per:</div><div style=""font-size: 14px; line-height: 1.6;""><div style=""padding: 5px 0;""><b>A)</b> Superestructura i sistema pneumàtic</div><div style=""padding: 5px 0;""><b>B)</b> Bastidor i habitacle</div><div style=""padding: 5px 0;""><b>C)</b> Bastidor i eixos</div><div style=""padding: 5px 0;""><b>D)</b> Bastidor i superestructura</div></div></div>","<div style=""text-align: left; font-family: -apple-system, sans-serif;""><div style=""font-weight: bold; font-size: 16px; color: #10b981; margin-bottom: 8px;"">✓ Resposta Correcta: D</div><div style=""font-size: 14px; margin-bottom: 12px; padding: 10px; background: rgba(16,185,129,0.1); border-radius: 6px; border-left: 4px solid #10b981;"">D) Bastidor i superestructura</div><hr style=""border: 0; border-top: 1px solid #ddd; margin: 12px 0;""><div style=""font-size: 13px; color: #444; line-height: 1.4;""><b style=""color: #111;"">Explicació:</b> MAN.SVVH.000 v1.2026

2.2.4. Disseny estructural: bastidor i superestructura

Els autobusos i autocars estan formats essencialment per bastidor i superestructura.</div></div>","T32_-_Accidents_de_mobilitat_viaria","racord_e4755958-a02b-4978-b65c-8d454a599dae"
"<div style=""text-align: left; font-family: -apple-system, sans-serif;""><div style=""font-size: 11px; color: #888; margin-bottom: 6px;"">[T32 - Accidents de mobilitat viària] Pregunta 215</div><div style=""font-weight: bold; font-size: 16px; margin-bottom: 14px; line-height: 1.4;"">Quin efecte tenen les característiques dels camions sobre una intervenció?</div><div style=""font-size: 14px; line-height: 1.6;""><div style=""padding: 5px 0;""><b>A)</b> Condicionen principalment l’estabilització, però no la gravetat dels danys</div><div style=""padding: 5px 0;""><b>B)</b> Influeixen en els danys i en les maniobres de rescat i estabilització</div><div style=""padding: 5px 0;""><b>C)</b> Afecten les maniobres de rescat, però no la dinàmica de l’accident</div><div style=""padding: 5px 0;""><b>D)</b> Influeixen sobretot en els danys, però poc en l’estabilització</div></div></div>","<div style=""text-align: left; font-family: -apple-system, sans-serif;""><div style=""font-weight: bold; font-size: 16px; color: #10b981; margin-bottom: 8px;"">✓ Resposta Correcta: B</div><div style=""font-size: 14px; margin-bottom: 12px; padding: 10px; background: rgba(16,185,129,0.1); border-radius: 6px; border-left: 4px solid #10b981;"">B) Influeixen en els danys i en les maniobres de rescat i estabilització</div><hr style=""border: 0; border-top: 1px solid #ddd; margin: 12px 0;""><div style=""font-size: 13px; color: #444; line-height: 1.4;""><b style=""color: #111;"">Explicació:</b> MAN.SVVH.000 v1.2026

2.3. Coneixement dels camions i vehicles pesants

La massa, les dimensions i la complexitat mecànica influeixen en els danys i en les maniobres de rescat i estabilització.</div></div>","T32_-_Accidents_de_mobilitat_viaria","racord_2dd99b9d-ac55-481c-928e-930dd948d9c3"
"<div style=""text-align: left; font-family: -apple-system, sans-serif;""><div style=""font-size: 11px; color: #888; margin-bottom: 6px;"">[T32 - Accidents de mobilitat viària] Pregunta 216</div><div style=""font-weight: bold; font-size: 16px; margin-bottom: 14px; line-height: 1.4;"">En un accident de trànsit, on ha de romandre el personal aliè a la intervenció?</div><div style=""font-size: 14px; line-height: 1.6;""><div style=""padding: 5px 0;""><b>A)</b> A la zona tèbia només quan vagi equipat amb armilla d’alta visibilitat</div><div style=""padding: 5px 0;""><b>B)</b> A la zona tèbia</div><div style=""padding: 5px 0;""><b>C)</b> A la zona freda</div><div style=""padding: 5px 0;""><b>D)</b> A la zona verda</div></div></div>","<div style=""text-align: left; font-family: -apple-system, sans-serif;""><div style=""font-weight: bold; font-size: 16px; color: #10b981; margin-bottom: 8px;"">✓ Resposta Correcta: C</div><div style=""font-size: 14px; margin-bottom: 12px; padding: 10px; background: rgba(16,185,129,0.1); border-radius: 6px; border-left: 4px solid #10b981;"">C) A la zona freda</div><hr style=""border: 0; border-top: 1px solid #ddd; margin: 12px 0;""><div style=""font-size: 13px; color: #444; line-height: 1.4;""><b style=""color: #111;"">Explicació:</b> MAN.SVVH.000 v1.2026

5.1. Principis generals de seguretat — Organització de l’AGO

La zona freda és l’espai destinat al personal aliè a la intervenció.</div></div>","T32_-_Accidents_de_mobilitat_viaria","racord_1e728a39-5ca3-45bc-add2-244b0b20a28f"
"<div style=""text-align: left; font-family: -apple-system, sans-serif;""><div style=""font-size: 11px; color: #888; margin-bottom: 6px;"">[T32 - Accidents de mobilitat viària] Pregunta 217</div><div style=""font-weight: bold; font-size: 16px; margin-bottom: 14px; line-height: 1.4;"">Quin risc presenten els cables de catenària?</div><div style=""font-size: 14px; line-height: 1.6;""><div style=""padding: 5px 0;""><b>A)</b> Risc principalment mecànic per la caiguda del cable, no per la tensió</div><div style=""padding: 5px 0;""><b>B)</b> Risc limitat a les unitats connectades a la catenària en aquell moment</div><div style=""padding: 5px 0;""><b>C)</b> Risc mortal per alta tensió si es trenquen o cauen</div><div style=""padding: 5px 0;""><b>D)</b> Risc elèctric només si hi ha contacte directe amb el conductor</div></div></div>","<div style=""text-align: left; font-family: -apple-system, sans-serif;""><div style=""font-weight: bold; font-size: 16px; color: #10b981; margin-bottom: 8px;"">✓ Resposta Correcta: C</div><div style=""font-size: 14px; margin-bottom: 12px; padding: 10px; background: rgba(16,185,129,0.1); border-radius: 6px; border-left: 4px solid #10b981;"">C) Risc mortal per alta tensió si es trenquen o cauen</div><hr style=""border: 0; border-top: 1px solid #ddd; margin: 12px 0;""><div style=""font-size: 13px; color: #444; line-height: 1.4;""><b style=""color: #111;"">Explicació:</b> MAN.SVVH.000 v1.2026

2.4.3. Altres elements rellevants

Els cables de catenària treballen amb alta tensió i poden representar un risc mortal si es trenquen o cauen.</div></div>","T32_-_Accidents_de_mobilitat_viaria","racord_e299d174-c03a-455e-b42f-f0435cbe0eba"
"<div style=""text-align: left; font-family: -apple-system, sans-serif;""><div style=""font-size: 11px; color: #888; margin-bottom: 6px;"">[T32 - Accidents de mobilitat viària] Pregunta 218</div><div style=""font-weight: bold; font-size: 16px; margin-bottom: 14px; line-height: 1.4;"">Com viatgen els passatgers en els autocars?</div><div style=""font-size: 14px; line-height: 1.6;""><div style=""padding: 5px 0;""><b>A)</b> Asseguts i dempeus segons el recorregut</div><div style=""padding: 5px 0;""><b>B)</b> Asseguts</div><div style=""padding: 5px 0;""><b>C)</b> Asseguts només en recorreguts interurbans</div><div style=""padding: 5px 0;""><b>D)</b> Majoritàriament dempeus en trajectes curts</div></div></div>","<div style=""text-align: left; font-family: -apple-system, sans-serif;""><div style=""font-weight: bold; font-size: 16px; color: #10b981; margin-bottom: 8px;"">✓ Resposta Correcta: B</div><div style=""font-size: 14px; margin-bottom: 12px; padding: 10px; background: rgba(16,185,129,0.1); border-radius: 6px; border-left: 4px solid #10b981;"">B) Asseguts</div><hr style=""border: 0; border-top: 1px solid #ddd; margin: 12px 0;""><div style=""font-size: 13px; color: #444; line-height: 1.4;""><b style=""color: #111;"">Explicació:</b> MAN.SVVH.000 v1.2026

2.2.2. Tipologia i classificació dels autobusos

En els autocars, els passatgers viatgen asseguts.</div></div>","T32_-_Accidents_de_mobilitat_viaria","racord_3fdb4a08-ed72-4ec2-b72e-ca23b358bd80"
"<div style=""text-align: left; font-family: -apple-system, sans-serif;""><div style=""font-size: 11px; color: #888; margin-bottom: 6px;"">[T32 - Accidents de mobilitat viària] Pregunta 219</div><div style=""font-weight: bold; font-size: 16px; margin-bottom: 14px; line-height: 1.4;"">On se situen habitualment els dipòsits de combustible dels camions?</div><div style=""font-size: 14px; line-height: 1.6;""><div style=""padding: 5px 0;""><b>A)</b> Sota el compartiment motor, integrats a la cabina</div><div style=""padding: 5px 0;""><b>B)</b> Entre eixos</div><div style=""padding: 5px 0;""><b>C)</b> A la part posterior del xassís, darrere dels eixos</div><div style=""padding: 5px 0;""><b>D)</b> Darrere de la cabina, per davant del primer eix posterior</div></div></div>","<div style=""text-align: left; font-family: -apple-system, sans-serif;""><div style=""font-weight: bold; font-size: 16px; color: #10b981; margin-bottom: 8px;"">✓ Resposta Correcta: B</div><div style=""font-size: 14px; margin-bottom: 12px; padding: 10px; background: rgba(16,185,129,0.1); border-radius: 6px; border-left: 4px solid #10b981;"">B) Entre eixos</div><hr style=""border: 0; border-top: 1px solid #ddd; margin: 12px 0;""><div style=""font-size: 13px; color: #444; line-height: 1.4;""><b style=""color: #111;"">Explicació:</b> MAN.SVVH.000 v1.2026

2.3.4. Sistemes de càrrega i tipus de contenidor

Els dipòsits de combustible se situen normalment entre eixos i poden generar fuites importants.</div></div>","T32_-_Accidents_de_mobilitat_viaria","racord_a911a250-5f9b-44c5-a475-8035e28e3821"
"<div style=""text-align: left; font-family: -apple-system, sans-serif;""><div style=""font-size: 11px; color: #888; margin-bottom: 6px;"">[T32 - Accidents de mobilitat viària] Pregunta 220</div><div style=""font-weight: bold; font-size: 16px; margin-bottom: 14px; line-height: 1.4;"">Quin vehicle disposa de sistemes de refrigeració per a productes sensibles a la temperatura?</div><div style=""font-size: 14px; line-height: 1.6;""><div style=""padding: 5px 0;""><b>A)</b> Camió amb caixa isotèrmica sense refrigeració activa</div><div style=""padding: 5px 0;""><b>B)</b> Camió de caixa tancada convencional</div><div style=""padding: 5px 0;""><b>C)</b> Camió frigorífic</div><div style=""padding: 5px 0;""><b>D)</b> Camió cisterna amb aïllament tèrmic</div></div></div>","<div style=""text-align: left; font-family: -apple-system, sans-serif;""><div style=""font-weight: bold; font-size: 16px; color: #10b981; margin-bottom: 8px;"">✓ Resposta Correcta: C</div><div style=""font-size: 14px; margin-bottom: 12px; padding: 10px; background: rgba(16,185,129,0.1); border-radius: 6px; border-left: 4px solid #10b981;"">C) Camió frigorífic</div><hr style=""border: 0; border-top: 1px solid #ddd; margin: 12px 0;""><div style=""font-size: 13px; color: #444; line-height: 1.4;""><b style=""color: #111;"">Explicació:</b> MAN.SVVH.000 v1.2026

2.3.3. Sistemes de càrrega i tipus de contenidor

Els camions frigorífics disposen de refrigeració per transportar aliments o productes sensibles a la temperatura.</div></div>","T32_-_Accidents_de_mobilitat_viaria","racord_31301c47-e560-430a-9232-1acd47491302"
"<div style=""text-align: left; font-family: -apple-system, sans-serif;""><div style=""font-size: 11px; color: #888; margin-bottom: 6px;"">[T32 - Accidents de mobilitat viària] Pregunta 221</div><div style=""font-weight: bold; font-size: 16px; margin-bottom: 14px; line-height: 1.4;"">Si una porta d’un vehicle accidentat no s’obre mitjançant el pany, per on s’acostuma a iniciar el forçament?</div><div style=""font-size: 14px; line-height: 1.6;""><div style=""padding: 5px 0;""><b>A)</b> Per la zona de les frontisses, perquè ofereix més resistència i control</div><div style=""padding: 5px 0;""><b>B)</b> Pel centre de la porta, generant espai abans d’actuar sobre pany o frontisses</div><div style=""padding: 5px 0;""><b>C)</b> Pel marc superior de la porta, evitant deformar la zona del pany</div><div style=""padding: 5px 0;""><b>D)</b> Per la zona del pany</div></div></div>","<div style=""text-align: left; font-family: -apple-system, sans-serif;""><div style=""font-weight: bold; font-size: 16px; color: #10b981; margin-bottom: 8px;"">✓ Resposta Correcta: D</div><div style=""font-size: 14px; margin-bottom: 12px; padding: 10px; background: rgba(16,185,129,0.1); border-radius: 6px; border-left: 4px solid #10b981;"">D) Per la zona del pany</div><hr style=""border: 0; border-top: 1px solid #ddd; margin: 12px 0;""><div style=""font-size: 13px; color: #444; line-height: 1.4;""><b style=""color: #111;"">Explicació:</b> MAN.SVVH.000 v1.2026

4.2.2. Obertura de portes laterals i porta del darrere

Quan una porta no s’obre accionant el pany, es pot forçar habitualment per la zona del pany i, si és necessari, per la zona de les frontisses.</div></div>","T32_-_Accidents_de_mobilitat_viaria","racord_08f46bad-1108-4665-a1b2-109e609f825e"
"<div style=""text-align: left; font-family: -apple-system, sans-serif;""><div style=""font-size: 11px; color: #888; margin-bottom: 6px;"">[T32 - Accidents de mobilitat viària] Pregunta 222</div><div style=""font-weight: bold; font-size: 16px; margin-bottom: 14px; line-height: 1.4;"">Un accident de mobilitat pot causar danys ____.</div><div style=""font-size: 14px; line-height: 1.6;""><div style=""padding: 5px 0;""><b>A)</b> Materials, ambientals i/o personals</div><div style=""padding: 5px 0;""><b>B)</b> Materials, estructurals i/o personals</div><div style=""padding: 5px 0;""><b>C)</b> Personals, sanitaris i/o ambientals</div><div style=""padding: 5px 0;""><b>D)</b> Materials, ambientals i/o operatius</div></div></div>","<div style=""text-align: left; font-family: -apple-system, sans-serif;""><div style=""font-weight: bold; font-size: 16px; color: #10b981; margin-bottom: 8px;"">✓ Resposta Correcta: A</div><div style=""font-size: 14px; margin-bottom: 12px; padding: 10px; background: rgba(16,185,129,0.1); border-radius: 6px; border-left: 4px solid #10b981;"">A) Materials, ambientals i/o personals</div><hr style=""border: 0; border-top: 1px solid #ddd; margin: 12px 0;""><div style=""font-size: 13px; color: #444; line-height: 1.4;""><b style=""color: #111;"">Explicació:</b> MAN.SVVH.000 v1.2026

1.2. Els accidents de mobilitat viària

Un accident de mobilitat pot causar danys materials, ambientals i/o personals.</div></div>","T32_-_Accidents_de_mobilitat_viaria","racord_53fd2c74-1a9f-4ff5-aea5-8d243f311197"
"<div style=""text-align: left; font-family: -apple-system, sans-serif;""><div style=""font-size: 11px; color: #888; margin-bottom: 6px;"">[T32 - Accidents de mobilitat viària] Pregunta 223</div><div style=""font-weight: bold; font-size: 16px; margin-bottom: 14px; line-height: 1.4;"">Quina via sol ser preferent per a l’extracció d’una víctima d’un turisme?</div><div style=""font-size: 14px; line-height: 1.6;""><div style=""padding: 5px 0;""><b>A)</b> La porta lateral del costat menys afectat</div><div style=""padding: 5px 0;""><b>B)</b> La porta posterior</div><div style=""padding: 5px 0;""><b>C)</b> L’obertura superior després de retirar el sostre</div><div style=""padding: 5px 0;""><b>D)</b> El parabrisa davanter</div></div></div>","<div style=""text-align: left; font-family: -apple-system, sans-serif;""><div style=""font-weight: bold; font-size: 16px; color: #10b981; margin-bottom: 8px;"">✓ Resposta Correcta: B</div><div style=""font-size: 14px; margin-bottom: 12px; padding: 10px; background: rgba(16,185,129,0.1); border-radius: 6px; border-left: 4px solid #10b981;"">B) La porta posterior</div><hr style=""border: 0; border-top: 1px solid #ddd; margin: 12px 0;""><div style=""font-size: 13px; color: #444; line-height: 1.4;""><b style=""color: #111;"">Explicació:</b> MAN.SVVH.000 v1.2026

2.1.1. Parts dels vehicles

La porta posterior sol ser via preferent d’extracció.</div></div>","T32_-_Accidents_de_mobilitat_viaria","racord_18b6450f-dd01-474f-9688-859e6eb632e2"
"<div style=""text-align: left; font-family: -apple-system, sans-serif;""><div style=""font-size: 11px; color: #888; margin-bottom: 6px;"">[T32 - Accidents de mobilitat viària] Pregunta 224</div><div style=""font-weight: bold; font-size: 16px; margin-bottom: 14px; line-height: 1.4;"">En quin tipus de camió és habitual la configuració de 2 eixos 4x2?</div><div style=""font-size: 14px; line-height: 1.6;""><div style=""padding: 5px 0;""><b>A)</b> En vehicles de tonatge mitjà destinats al transport interurbà</div><div style=""padding: 5px 0;""><b>B)</b> En vehicles especials amb configuracions de múltiples eixos</div><div style=""padding: 5px 0;""><b>C)</b> En vehicles de menor tonatge</div><div style=""padding: 5px 0;""><b>D)</b> En vehicles pesants amb gran capacitat de càrrega</div></div></div>","<div style=""text-align: left; font-family: -apple-system, sans-serif;""><div style=""font-weight: bold; font-size: 16px; color: #10b981; margin-bottom: 8px;"">✓ Resposta Correcta: C</div><div style=""font-size: 14px; margin-bottom: 12px; padding: 10px; background: rgba(16,185,129,0.1); border-radius: 6px; border-left: 4px solid #10b981;"">C) En vehicles de menor tonatge</div><hr style=""border: 0; border-top: 1px solid #ddd; margin: 12px 0;""><div style=""font-size: 13px; color: #444; line-height: 1.4;""><b style=""color: #111;"">Explicació:</b> MAN.SVVH.000 v1.2026

2.3.2. Configuració dels eixos i capacitat

Els vehicles de 2 eixos, configuració 4x2, són habituals en vehicles de menor tonatge.</div></div>","T32_-_Accidents_de_mobilitat_viaria","racord_61a6e4cc-290a-4b02-ae89-c3e68e074868"
"<div style=""text-align: left; font-family: -apple-system, sans-serif;""><div style=""font-size: 11px; color: #888; margin-bottom: 6px;"">[T32 - Accidents de mobilitat viària] Pregunta 225</div><div style=""font-weight: bold; font-size: 16px; margin-bottom: 14px; line-height: 1.4;"">Abans i durant l’ús d’eines hidràuliques en una excarceració, quin criteri és correcte?</div><div style=""font-size: 14px; line-height: 1.6;""><div style=""padding: 5px 0;""><b>A)</b> Revisar l’eina abans de l’ús i limitar la comunicació al bomber que la manipula</div><div style=""padding: 5px 0;""><b>B)</b> Revisar les eines i mantenir comunicació constant entre els bombers</div><div style=""padding: 5px 0;""><b>C)</b> Revisar les eines i comunicar únicament l’inici i el final de cada maniobra</div><div style=""padding: 5px 0;""><b>D)</b> Mantenir comunicació constant, deixant la revisió de l’eina per al final si ha funcionat correctament</div></div></div>","<div style=""text-align: left; font-family: -apple-system, sans-serif;""><div style=""font-weight: bold; font-size: 16px; color: #10b981; margin-bottom: 8px;"">✓ Resposta Correcta: B</div><div style=""font-size: 14px; margin-bottom: 12px; padding: 10px; background: rgba(16,185,129,0.1); border-radius: 6px; border-left: 4px solid #10b981;"">B) Revisar les eines i mantenir comunicació constant entre els bombers</div><hr style=""border: 0; border-top: 1px solid #ddd; margin: 12px 0;""><div style=""font-size: 13px; color: #444; line-height: 1.4;""><b style=""color: #111;"">Explicació:</b> MAN.SVVH.000 v1.2026

5.2. Riscos específics i mesures preventives — Eines i equips de treball

Abans d’utilitzar les eines cal revisar-les i mantenir una comunicació constant entre els bombers.</div></div>","T32_-_Accidents_de_mobilitat_viaria","racord_d486a981-daeb-43f5-980e-761a0e018081"
"<div style=""text-align: left; font-family: -apple-system, sans-serif;""><div style=""font-size: 11px; color: #888; margin-bottom: 6px;"">[T32 - Accidents de mobilitat viària] Pregunta 226</div><div style=""font-weight: bold; font-size: 16px; margin-bottom: 14px; line-height: 1.4;"">Indica quina de les següents afirmacions és INCORRECTA per definir el pla d’actuació en un accident de trànsit:</div><div style=""font-size: 14px; line-height: 1.6;""><div style=""padding: 5px 0;""><b>A)</b> El color, la marca i la matrícula del vehicle s’han de ponderar conjuntament amb l’estat clínic per definir el pla d’actuació</div><div style=""padding: 5px 0;""><b>B)</b> L’estat clínic i els condicionants tècnics i ambientals s’han de considerar</div><div style=""padding: 5px 0;""><b>C)</b> El tipus d’atrapament forma part de la valoració</div><div style=""padding: 5px 0;""><b>D)</b> La biomecànica del sinistre s’ha de tenir en compte</div></div></div>","<div style=""text-align: left; font-family: -apple-system, sans-serif;""><div style=""font-weight: bold; font-size: 16px; color: #10b981; margin-bottom: 8px;"">✓ Resposta Correcta: A</div><div style=""font-size: 14px; margin-bottom: 12px; padding: 10px; background: rgba(16,185,129,0.1); border-radius: 6px; border-left: 4px solid #10b981;"">A) El color, la marca i la matrícula del vehicle s’han de ponderar conjuntament amb l’estat clínic per definir el pla d’actuació</div><hr style=""border: 0; border-top: 1px solid #ddd; margin: 12px 0;""><div style=""font-size: 13px; color: #444; line-height: 1.4;""><b style=""color: #111;"">Explicació:</b> MAN.SVVH.000 v1.2026

3.3. Valorar el Pla d’acció de la intervenció (PAI)

Per definir el pla d’actuació cal considerar la biomecànica, el tipus d’atrapament, l’estat clínic i els condicionants tècnics i ambientals.</div></div>","T32_-_Accidents_de_mobilitat_viaria","racord_a3c3fc53-0527-403b-a231-d7ef413e4d62"
"<div style=""text-align: left; font-family: -apple-system, sans-serif;""><div style=""font-size: 11px; color: #888; margin-bottom: 6px;"">[T32 - Accidents de mobilitat viària] Pregunta 227</div><div style=""font-weight: bold; font-size: 16px; margin-bottom: 14px; line-height: 1.4;"">Una víctima del seient davanter té les cames atrapades després d’un xoc frontal d’alta energia. Quina maniobra pot ampliar l’espai disponible?</div><div style=""font-size: 14px; line-height: 1.6;""><div style=""padding: 5px 0;""><b>A)</b> Desplaçament de volant i columna</div><div style=""padding: 5px 0;""><b>B)</b> Desmunt total de sostre</div><div style=""padding: 5px 0;""><b>C)</b> El desplaçament de davantal</div><div style=""padding: 5px 0;""><b>D)</b> Desplaçament del muntant B</div></div></div>","<div style=""text-align: left; font-family: -apple-system, sans-serif;""><div style=""font-weight: bold; font-size: 16px; color: #10b981; margin-bottom: 8px;"">✓ Resposta Correcta: C</div><div style=""font-size: 14px; margin-bottom: 12px; padding: 10px; background: rgba(16,185,129,0.1); border-radius: 6px; border-left: 4px solid #10b981;"">C) El desplaçament de davantal</div><hr style=""border: 0; border-top: 1px solid #ddd; margin: 12px 0;""><div style=""font-size: 13px; color: #444; line-height: 1.4;""><b style=""color: #111;"">Explicació:</b> MAN.SVVH.000 v1.2026

4.3. Maniobres d’excarceració — Desplaçament de davantal

El desplaçament de davantal amplia l’espai a la zona davantera quan hi ha atrapament físic tipus 2 de les extremitats inferiors, especialment en col·lisions frontals d’alta energia.</div></div>","T32_-_Accidents_de_mobilitat_viaria","racord_7aea20a3-e176-4093-a963-8b31ca0d6c04"
"<div style=""text-align: left; font-family: -apple-system, sans-serif;""><div style=""font-size: 11px; color: #888; margin-bottom: 6px;"">[T32 - Accidents de mobilitat viària] Pregunta 228</div><div style=""font-weight: bold; font-size: 16px; margin-bottom: 14px; line-height: 1.4;"">Quin mecanisme cervical pot aparèixer en un xoc lateral?</div><div style=""font-size: 14px; line-height: 1.6;""><div style=""padding: 5px 0;""><b>A)</b> Hiperextensió cervical</div><div style=""padding: 5px 0;""><b>B)</b> Torsió cervical pura sense component lateral</div><div style=""padding: 5px 0;""><b>C)</b> Fuetada lateral</div><div style=""padding: 5px 0;""><b>D)</b> Compressió axial amb flexió anterior</div></div></div>","<div style=""text-align: left; font-family: -apple-system, sans-serif;""><div style=""font-weight: bold; font-size: 16px; color: #10b981; margin-bottom: 8px;"">✓ Resposta Correcta: C</div><div style=""font-size: 14px; margin-bottom: 12px; padding: 10px; background: rgba(16,185,129,0.1); border-radius: 6px; border-left: 4px solid #10b981;"">C) Fuetada lateral</div><hr style=""border: 0; border-top: 1px solid #ddd; margin: 12px 0;""><div style=""font-size: 13px; color: #444; line-height: 1.4;""><b style=""color: #111;"">Explicació:</b> MAN.SVVH.000 v1.2026

3.2.1. Tipus d’impactes en accidents de mobilitat vi��ria

El xoc lateral pot provocar lesions de columna per fuetada lateral.</div></div>","T32_-_Accidents_de_mobilitat_viaria","racord_6122265d-0309-4e20-9496-b486a7ff0a14"
"<div style=""text-align: left; font-family: -apple-system, sans-serif;""><div style=""font-size: 11px; color: #888; margin-bottom: 6px;"">[T32 - Accidents de mobilitat viària] Pregunta 229</div><div style=""font-weight: bold; font-size: 16px; margin-bottom: 14px; line-height: 1.4;"">Quants accidents amb víctimes es van registrar a Catalunya l’any 2023?</div><div style=""font-size: 14px; line-height: 1.6;""><div style=""padding: 5px 0;""><b>A)</b> 54.992</div><div style=""padding: 5px 0;""><b>B)</b> 10.341</div><div style=""padding: 5px 0;""><b>C)</b> 13.159</div><div style=""padding: 5px 0;""><b>D)</b> 23.591</div></div></div>","<div style=""text-align: left; font-family: -apple-system, sans-serif;""><div style=""font-weight: bold; font-size: 16px; color: #10b981; margin-bottom: 8px;"">✓ Resposta Correcta: D</div><div style=""font-size: 14px; margin-bottom: 12px; padding: 10px; background: rgba(16,185,129,0.1); border-radius: 6px; border-left: 4px solid #10b981;"">D) 23.591</div><hr style=""border: 0; border-top: 1px solid #ddd; margin: 12px 0;""><div style=""font-size: 13px; color: #444; line-height: 1.4;""><b style=""color: #111;"">Explicació:</b> MAN.SVVH.000 v1.2026

1.1. Context de la mobilitat a Catalunya

L’any 2023 va tancar amb 23.591 accidents, una xifra lleugerament superior a la mitjana de la dècada.</div></div>","T32_-_Accidents_de_mobilitat_viaria","racord_c3703723-6ad8-49ed-9180-6d44a011fb90"
"<div style=""text-align: left; font-family: -apple-system, sans-serif;""><div style=""font-size: 11px; color: #888; margin-bottom: 6px;"">[T32 - Accidents de mobilitat viària] Pregunta 230</div><div style=""font-weight: bold; font-size: 16px; margin-bottom: 14px; line-height: 1.4;"">En accidents de trànsit, quants punts té l’estabilització mínima d’un vehicle en ordre de marxa?</div><div style=""font-size: 14px; line-height: 1.6;""><div style=""padding: 5px 0;""><b>A)</b> 4 punts</div><div style=""padding: 5px 0;""><b>B)</b> 3 punts més una falca posterior obligatòria</div><div style=""padding: 5px 0;""><b>C)</b> 3 punts</div><div style=""padding: 5px 0;""><b>D)</b> 5 punts</div></div></div>","<div style=""text-align: left; font-family: -apple-system, sans-serif;""><div style=""font-weight: bold; font-size: 16px; color: #10b981; margin-bottom: 8px;"">✓ Resposta Correcta: C</div><div style=""font-size: 14px; margin-bottom: 12px; padding: 10px; background: rgba(16,185,129,0.1); border-radius: 6px; border-left: 4px solid #10b981;"">C) 3 punts</div><hr style=""border: 0; border-top: 1px solid #ddd; margin: 12px 0;""><div style=""font-size: 13px; color: #444; line-height: 1.4;""><b style=""color: #111;"">Explicació:</b> MAN.SVVH.000 v1.2026

4.1.2. Estabilització primària

L’estabilització mínima en ordre de marxa disposa de tres punts i s’aplica habitualment a vehicles B sense víctimes a l’interior.</div></div>","T32_-_Accidents_de_mobilitat_viaria","racord_66a95dbe-0b88-4665-a1d0-fe5305501729"
"<div style=""text-align: left; font-family: -apple-system, sans-serif;""><div style=""font-size: 11px; color: #888; margin-bottom: 6px;"">[T32 - Accidents de mobilitat viària] Pregunta 231</div><div style=""font-weight: bold; font-size: 16px; margin-bottom: 14px; line-height: 1.4;"">Davant risc per vidres i xapes tallants, l’EPI adequat inclou:</div><div style=""font-size: 14px; line-height: 1.6;""><div style=""padding: 5px 0;""><b>A)</b> Guants antitall, protecció ocular i mascareta FFP2</div><div style=""padding: 5px 0;""><b>B)</b> Guants mecànics, pantalla facial i mascareta FFP3</div><div style=""padding: 5px 0;""><b>C)</b> Guants antitall, ulleres i protecció respiratòria només si es talla vidre laminat</div><div style=""padding: 5px 0;""><b>D)</b> Guants antitall, ulleres o pantalla facial i mascareta FFP3</div></div></div>","<div style=""text-align: left; font-family: -apple-system, sans-serif;""><div style=""font-weight: bold; font-size: 16px; color: #10b981; margin-bottom: 8px;"">✓ Resposta Correcta: D</div><div style=""font-size: 14px; margin-bottom: 12px; padding: 10px; background: rgba(16,185,129,0.1); border-radius: 6px; border-left: 4px solid #10b981;"">D) Guants antitall, ulleres o pantalla facial i mascareta FFP3</div><hr style=""border: 0; border-top: 1px solid #ddd; margin: 12px 0;""><div style=""font-size: 13px; color: #444; line-height: 1.4;""><b style=""color: #111;"">Explicació:</b> MAN.SVVH.000 v1.2026

5.2. Riscos específics i mesures preventives — Vidres, xapes i talls

Davant vidres i xapes es recomanen guants antitall, ulleres o pantalla facial i mascareta FFP3.</div></div>","T32_-_Accidents_de_mobilitat_viaria","racord_1346abb8-822c-4952-bcc1-f67c6641d030"
"<div style=""text-align: left; font-family: -apple-system, sans-serif;""><div style=""font-size: 11px; color: #888; margin-bottom: 6px;"">[T32 - Accidents de mobilitat viària] Pregunta 232</div><div style=""font-weight: bold; font-size: 16px; margin-bottom: 14px; line-height: 1.4;"">A quin tipus de seguretat pertanyen l’ABS i l’ESP?</div><div style=""font-size: 14px; line-height: 1.6;""><div style=""padding: 5px 0;""><b>A)</b> Un sistema mixt de seguretat activa i passiva</div><div style=""padding: 5px 0;""><b>B)</b> Seguretat primària o activa</div><div style=""padding: 5px 0;""><b>C)</b> Seguretat secundària o passiva</div><div style=""padding: 5px 0;""><b>D)</b> Seguretat terciària</div></div></div>","<div style=""text-align: left; font-family: -apple-system, sans-serif;""><div style=""font-weight: bold; font-size: 16px; color: #10b981; margin-bottom: 8px;"">✓ Resposta Correcta: B</div><div style=""font-size: 14px; margin-bottom: 12px; padding: 10px; background: rgba(16,185,129,0.1); border-radius: 6px; border-left: 4px solid #10b981;"">B) Seguretat primària o activa</div><hr style=""border: 0; border-top: 1px solid #ddd; margin: 12px 0;""><div style=""font-size: 13px; color: #444; line-height: 1.4;""><b style=""color: #111;"">Explicació:</b> MAN.SVVH.000 v1.2026

2.1.4. Seguretat dels vehicles

L’ABS i l’ESP són exemples de tecnologies de seguretat primària o activa.</div></div>","T32_-_Accidents_de_mobilitat_viaria","racord_c0405344-6e47-4cbc-86dc-16521478e3bb"
"<div style=""text-align: left; font-family: -apple-system, sans-serif;""><div style=""font-size: 11px; color: #888; margin-bottom: 6px;"">[T32 - Accidents de mobilitat viària] Pregunta 233</div><div style=""font-weight: bold; font-size: 16px; margin-bottom: 14px; line-height: 1.4;"">Un ocupant amb cinturó pateix un impacte a 50 km/h. Quina valoració és coherent?</div><div style=""font-size: 14px; line-height: 1.6;""><div style=""padding: 5px 0;""><b>A)</b> És d’alta energia només si també hi ha activació d’airbags</div><div style=""padding: 5px 0;""><b>B)</b> És d’alta energia a partir de 45 km/h exactes, però no si se supera lleument aquest valor</div><div style=""padding: 5px 0;""><b>C)</b> No és un indicador d’alta energia perquè el cinturó eleva el llindar per sobre de 50 km/h</div><div style=""padding: 5px 0;""><b>D)</b> És un indicador d’impacte d’alta energia</div></div></div>","<div style=""text-align: left; font-family: -apple-system, sans-serif;""><div style=""font-weight: bold; font-size: 16px; color: #10b981; margin-bottom: 8px;"">✓ Resposta Correcta: D</div><div style=""font-size: 14px; margin-bottom: 12px; padding: 10px; background: rgba(16,185,129,0.1); border-radius: 6px; border-left: 4px solid #10b981;"">D) És un indicador d’impacte d’alta energia</div><hr style=""border: 0; border-top: 1px solid #ddd; margin: 12px 0;""><div style=""font-size: 13px; color: #444; line-height: 1.4;""><b style=""color: #111;"">Explicació:</b> MAN.SVVH.000 v1.2026

3.2.6. Biomecànica de l’accident de trànsit

Es considera indicador d’impacte d’alta energia circular a més de 45 km/h amb cinturó o SRI.</div></div>","T32_-_Accidents_de_mobilitat_viaria","racord_3e9929c4-2e12-4994-86db-22f0885a3e9d"
"<div style=""text-align: left; font-family: -apple-system, sans-serif;""><div style=""font-size: 11px; color: #888; margin-bottom: 6px;"">[T32 - Accidents de mobilitat viària] Pregunta 234</div><div style=""font-weight: bold; font-size: 16px; margin-bottom: 14px; line-height: 1.4;"">A quin tipus de seguretat pertany el sistema eCall?</div><div style=""font-size: 14px; line-height: 1.6;""><div style=""padding: 5px 0;""><b>A)</b> Seguretat primària o activa</div><div style=""padding: 5px 0;""><b>B)</b> Seguretat secundària o passiva</div><div style=""padding: 5px 0;""><b>C)</b> Seguretat activa amb funció postaccident</div><div style=""padding: 5px 0;""><b>D)</b> Seguretat terciària</div></div></div>","<div style=""text-align: left; font-family: -apple-system, sans-serif;""><div style=""font-weight: bold; font-size: 16px; color: #10b981; margin-bottom: 8px;"">✓ Resposta Correcta: D</div><div style=""font-size: 14px; margin-bottom: 12px; padding: 10px; background: rgba(16,185,129,0.1); border-radius: 6px; border-left: 4px solid #10b981;"">D) Seguretat terciària</div><hr style=""border: 0; border-top: 1px solid #ddd; margin: 12px 0;""><div style=""font-size: 13px; color: #444; line-height: 1.4;""><b style=""color: #111;"">Explicació:</b> MAN.SVVH.000 v1.2026

2.1.4. Seguretat dels vehicles

El sistema automàtic de trucada d’emergència eCall és un exemple de seguretat terciària.</div></div>","T32_-_Accidents_de_mobilitat_viaria","racord_a6f6e114-dbab-463a-bdd9-5581417a333c"
"<div style=""text-align: left; font-family: -apple-system, sans-serif;""><div style=""font-size: 11px; color: #888; margin-bottom: 6px;"">[T32 - Accidents de mobilitat viària] Pregunta 235</div><div style=""font-weight: bold; font-size: 16px; margin-bottom: 14px; line-height: 1.4;"">Quina transformació ha experimentat la mobilitat a Catalunya durant les darreres dècades?</div><div style=""font-size: 14px; line-height: 1.6;""><div style=""padding: 5px 0;""><b>A)</b> Un augment sostingut del parc mòbil amb una concentració progressiva dels mitjans de transport en opcions convencionals</div><div style=""padding: 5px 0;""><b>B)</b> Un augment sostingut del parc mòbil combinat amb una diversificació progressiva dels mitjans de transport</div><div style=""padding: 5px 0;""><b>C)</b> Una reducció gradual del parc mòbil compensada per una major diversificació dels mitjans de transport</div><div style=""padding: 5px 0;""><b>D)</b> Una estabilització del parc mòbil acompanyada d’una diversificació progressiva dels mitjans de transport</div></div></div>","<div style=""text-align: left; font-family: -apple-system, sans-serif;""><div style=""font-weight: bold; font-size: 16px; color: #10b981; margin-bottom: 8px;"">✓ Resposta Correcta: B</div><div style=""font-size: 14px; margin-bottom: 12px; padding: 10px; background: rgba(16,185,129,0.1); border-radius: 6px; border-left: 4px solid #10b981;"">B) Un augment sostingut del parc mòbil combinat amb una diversificació progressiva dels mitjans de transport</div><hr style=""border: 0; border-top: 1px solid #ddd; margin: 12px 0;""><div style=""font-size: 13px; color: #444; line-height: 1.4;""><b style=""color: #111;"">Explicació:</b> MAN.SVVH.000 v1.2026

1.1. Context de la mobilitat a Catalunya

La mobilitat a Catalunya ha experimentat una gran transformació durant les darreres dècades, marcada per un augment constant del parc mòbil i una diversificació progressiva dels mitjans de transport.</div></div>","T32_-_Accidents_de_mobilitat_viaria","racord_39a53906-2d92-427c-a4cd-4c9b3bc4ba4b"
"<div style=""text-align: left; font-family: -apple-system, sans-serif;""><div style=""font-size: 11px; color: #888; margin-bottom: 6px;"">[T32 - Accidents de mobilitat viària] Pregunta 236</div><div style=""font-weight: bold; font-size: 16px; margin-bottom: 14px; line-height: 1.4;"">En un accident amb múltiples afectats i elevada tensió operativa, quin criteri s’ha de seguir?</div><div style=""font-size: 14px; line-height: 1.6;""><div style=""padding: 5px 0;""><b>A)</b> Les prioritats assistencials i les ordres del comandament</div><div style=""padding: 5px 0;""><b>B)</b> La rapidesa d’extracció, prioritzant les víctimes més accessibles</div><div style=""padding: 5px 0;""><b>C)</b> Les prioritats assistencials, adaptades a les preferències de cada equip actuant</div><div style=""padding: 5px 0;""><b>D)</b> Les ordres del comandament, encara que entrin en conflicte amb les prioritats assistencials</div></div></div>","<div style=""text-align: left; font-family: -apple-system, sans-serif;""><div style=""font-weight: bold; font-size: 16px; color: #10b981; margin-bottom: 8px;"">✓ Resposta Correcta: A</div><div style=""font-size: 14px; margin-bottom: 12px; padding: 10px; background: rgba(16,185,129,0.1); border-radius: 6px; border-left: 4px solid #10b981;"">A) Les prioritats assistencials i les ordres del comandament</div><hr style=""border: 0; border-top: 1px solid #ddd; margin: 12px 0;""><div style=""font-size: 13px; color: #444; line-height: 1.4;""><b style=""color: #111;"">Explicació:</b> MAN.SVVH.000 v1.2026

5.2. Riscos específics i mesures preventives — Comunicació i control emocional

En situacions tenses o amb múltiples afectats s’han de seguir les prioritats assistencials i les ordres del comandament.</div></div>","T32_-_Accidents_de_mobilitat_viaria","racord_80391809-b241-41a9-904c-1acd964fa434"
"<div style=""text-align: left; font-family: -apple-system, sans-serif;""><div style=""font-size: 11px; color: #888; margin-bottom: 6px;"">[T32 - Accidents de mobilitat viària] Pregunta 237</div><div style=""font-weight: bold; font-size: 16px; margin-bottom: 14px; line-height: 1.4;"">Quina característica operativa presenta el policarbonat durant un rescat?</div><div style=""font-size: 14px; line-height: 1.6;""><div style=""padding: 5px 0;""><b>A)</b> És molt resistent als impactes i difícil de trencar</div><div style=""padding: 5px 0;""><b>B)</b> Té molta resistència tèrmica, però poca resistència als impactes</div><div style=""padding: 5px 0;""><b>C)</b> És menys resistent als impactes que el vidre temperat, però no es fragmenta</div><div style=""padding: 5px 0;""><b>D)</b> És resistent als impactes, però es fragmenta fàcilment en petits trossos</div></div></div>","<div style=""text-align: left; font-family: -apple-system, sans-serif;""><div style=""font-weight: bold; font-size: 16px; color: #10b981; margin-bottom: 8px;"">✓ Resposta Correcta: A</div><div style=""font-size: 14px; margin-bottom: 12px; padding: 10px; background: rgba(16,185,129,0.1); border-radius: 6px; border-left: 4px solid #10b981;"">A) És molt resistent als impactes i difícil de trencar</div><hr style=""border: 0; border-top: 1px solid #ddd; margin: 12px 0;""><div style=""font-size: 13px; color: #444; line-height: 1.4;""><b style=""color: #111;"">Explicació:</b> MAN.SVVH.000 v1.2026

2.1.1. Parts dels vehicles

El policarbonat és un termoplàstic molt resistent als impactes i difícil de trencar durant el rescat.</div></div>","T32_-_Accidents_de_mobilitat_viaria","racord_f49ec127-41be-4ee8-b078-82e9a417ddb5"
"<div style=""text-align: left; font-family: -apple-system, sans-serif;""><div style=""font-size: 11px; color: #888; margin-bottom: 6px;"">[T32 - Accidents de mobilitat viària] Pregunta 238</div><div style=""font-weight: bold; font-size: 16px; margin-bottom: 14px; line-height: 1.4;"">Indica quina de les següents afirmacions és INCORRECTA respecte de l’alliberament d’emergència d'una víctima que ha patit un accident de trànsit:</div><div style=""font-size: 14px; line-height: 1.6;""><div style=""padding: 5px 0;""><b>A)</b> Pot estar indicat davant un incendi que no es pot controlar de manera immediata</div><div style=""padding: 5px 0;""><b>B)</b> Pot estar indicat davant una aturada cardíaca presenciada</div><div style=""padding: 5px 0;""><b>C)</b> És el cas extrem de l’alliberament immediat</div><div style=""padding: 5px 0;""><b>D)</b> L’alliberament d’emergència s’utilitza preferentment quan la víctima està estable però es vol reduir el temps d’extracció</div></div></div>","<div style=""text-align: left; font-family: -apple-system, sans-serif;""><div style=""font-weight: bold; font-size: 16px; color: #10b981; margin-bottom: 8px;"">✓ Resposta Correcta: D</div><div style=""font-size: 14px; margin-bottom: 12px; padding: 10px; background: rgba(16,185,129,0.1); border-radius: 6px; border-left: 4px solid #10b981;"">D) L’alliberament d’emergència s’utilitza preferentment quan la víctima està estable però es vol reduir el temps d’extracció</div><hr style=""border: 0; border-top: 1px solid #ddd; margin: 12px 0;""><div style=""font-size: 13px; color: #444; line-height: 1.4;""><b style=""color: #111;"">Explicació:</b> MAN.SVVH.000 v1.2026

3.2.5. Tipus d’alliberament de les víctimes

L’alliberament d’emergència és el cas extrem de l’alliberament immediat i s’aplica davant una aturada cardíaca presenciada o un incendi que no es pot controlar de forma immediata; si és possible, s’utilitza la maniobra de Rautek.</div></div>","T32_-_Accidents_de_mobilitat_viaria","racord_7d454ede-db6b-48ab-99e6-fe18ac8ba7b9"
"<div style=""text-align: left; font-family: -apple-system, sans-serif;""><div style=""font-size: 11px; color: #888; margin-bottom: 6px;"">[T32 - Accidents de mobilitat viària] Pregunta 239</div><div style=""font-weight: bold; font-size: 16px; margin-bottom: 14px; line-height: 1.4;"">Com s’ha d’adaptar l’EPI en una intervenció per accident de trànsit?</div><div style=""font-size: 14px; line-height: 1.6;""><div style=""padding: 5px 0;""><b>A)</b> A la zona de treball, mantenint el mateix EPI mentre no canviï el vehicle accidentat</div><div style=""padding: 5px 0;""><b>B)</b> Al risc principal de l’escenari, encara que la maniobra concreta requereixi protecció addicional</div><div style=""padding: 5px 0;""><b>C)</b> A la durada prevista de la intervenció i al nombre d’intervinents disponibles</div><div style=""padding: 5px 0;""><b>D)</b> A la situació i a la maniobra concreta que s’ha de realitzar</div></div></div>","<div style=""text-align: left; font-family: -apple-system, sans-serif;""><div style=""font-weight: bold; font-size: 16px; color: #10b981; margin-bottom: 8px;"">✓ Resposta Correcta: D</div><div style=""font-size: 14px; margin-bottom: 12px; padding: 10px; background: rgba(16,185,129,0.1); border-radius: 6px; border-left: 4px solid #10b981;"">D) A la situació i a la maniobra concreta que s’ha de realitzar</div><hr style=""border: 0; border-top: 1px solid #ddd; margin: 12px 0;""><div style=""font-size: 13px; color: #444; line-height: 1.4;""><b style=""color: #111;"">Explicació:</b> MAN.SVVH.000 v1.2026

5.1. Principis generals de seguretat — EPI

A la zona calenta cal utilitzar l’EPI d’intervenció corresponent i afegir elements específics segons la tasca, com casc, ulleres, mascareta o guants.</div></div>","T32_-_Accidents_de_mobilitat_viaria","racord_54945bd2-7db0-4bf0-987f-1a2660f05622"
"<div style=""text-align: left; font-family: -apple-system, sans-serif;""><div style=""font-size: 11px; color: #888; margin-bottom: 6px;"">[T32 - Accidents de mobilitat viària] Pregunta 240</div><div style=""font-weight: bold; font-size: 16px; margin-bottom: 14px; line-height: 1.4;"">En un accident de trànsit, abans d’iniciar maniobres, dos riscos directament relacionats amb el vehicle són:</div><div style=""font-size: 14px; line-height: 1.6;""><div style=""padding: 5px 0;""><b>A)</b> La deformació de la carrosseria i l’estat dels pneumàtics</div><div style=""padding: 5px 0;""><b>B)</b> La inestabilitat estructural i l’activació prèvia dels coixins de seguretat</div><div style=""padding: 5px 0;""><b>C)</b> Els coixins no activats i el nivell de combustible, sense valorar l’estabilitat</div><div style=""padding: 5px 0;""><b>D)</b> La inestabilitat estructural i els coixins de seguretat no activats</div></div></div>","<div style=""text-align: left; font-family: -apple-system, sans-serif;""><div style=""font-weight: bold; font-size: 16px; color: #10b981; margin-bottom: 8px;"">✓ Resposta Correcta: D</div><div style=""font-size: 14px; margin-bottom: 12px; padding: 10px; background: rgba(16,185,129,0.1); border-radius: 6px; border-left: 4px solid #10b981;"">D) La inestabilitat estructural i els coixins de seguretat no activats</div><hr style=""border: 0; border-top: 1px solid #ddd; margin: 12px 0;""><div style=""font-size: 13px; color: #444; line-height: 1.4;""><b style=""color: #111;"">Explicació:</b> MAN.SVVH.000 v1.2026

3.1. Anticipació i avaluació de riscos

Durant l’avaluació de riscos s’ha de comprovar la inestabilitat estructural dels vehicles implicats i la presència de coixins de seguretat no activats.</div></div>","T32_-_Accidents_de_mobilitat_viaria","racord_63cf33a2-40fb-4641-8b12-60825122b29f"
"<div style=""text-align: left; font-family: -apple-system, sans-serif;""><div style=""font-size: 11px; color: #888; margin-bottom: 6px;"">[T32 - Accidents de mobilitat viària] Pregunta 241</div><div style=""font-weight: bold; font-size: 16px; margin-bottom: 14px; line-height: 1.4;"">Com està format un vidre laminat?</div><div style=""font-size: 14px; line-height: 1.6;""><div style=""padding: 5px 0;""><b>A)</b> Per una capa de vidre i una de policarbonat unides amb resina</div><div style=""padding: 5px 0;""><b>B)</b> Per dues capes de vidre temperat unides per una làmina metàl·lica</div><div style=""padding: 5px 0;""><b>C)</b> Per dues capes de vidre unides per una làmina polimèrica</div><div style=""padding: 5px 0;""><b>D)</b> Per una sola capa de vidre tractada i recoberta per una làmina polimèrica</div></div></div>","<div style=""text-align: left; font-family: -apple-system, sans-serif;""><div style=""font-weight: bold; font-size: 16px; color: #10b981; margin-bottom: 8px;"">✓ Resposta Correcta: C</div><div style=""font-size: 14px; margin-bottom: 12px; padding: 10px; background: rgba(16,185,129,0.1); border-radius: 6px; border-left: 4px solid #10b981;"">C) Per dues capes de vidre unides per una làmina polimèrica</div><hr style=""border: 0; border-top: 1px solid #ddd; margin: 12px 0;""><div style=""font-size: 13px; color: #444; line-height: 1.4;""><b style=""color: #111;"">Explicació:</b> MAN.SVVH.000 v1.2026

2.1.1. Parts dels vehicles

Els vidres laminats estan formats per dues capes de vidre unides per una làmina polimèrica.</div></div>","T32_-_Accidents_de_mobilitat_viaria","racord_58537c44-9e2f-4049-a0ae-cf5288d94b9b"
"<div style=""text-align: left; font-family: -apple-system, sans-serif;""><div style=""font-size: 11px; color: #888; margin-bottom: 6px;"">[T32 - Accidents de mobilitat viària] Pregunta 242</div><div style=""font-weight: bold; font-size: 16px; margin-bottom: 14px; line-height: 1.4;"">Què s’ha de fer amb l’EPI dels intervinents durant la valoració inicial en una intervenció d'accident de trànsit?</div><div style=""font-size: 14px; line-height: 1.6;""><div style=""padding: 5px 0;""><b>A)</b> Adaptar-lo principalment al tipus de vehicle, més que als riscos de l’escenari</div><div style=""padding: 5px 0;""><b>B)</b> Mantenir l’EPI d’intervenció complet encara que la valoració descarti riscos específics</div><div style=""padding: 5px 0;""><b>C)</b> Adequar-lo als perills reals i potencials detectats</div><div style=""padding: 5px 0;""><b>D)</b> Adequar-lo als riscos reals detectats i completar-lo només si apareixen riscos nous</div></div></div>","<div style=""text-align: left; font-family: -apple-system, sans-serif;""><div style=""font-weight: bold; font-size: 16px; color: #10b981; margin-bottom: 8px;"">✓ Resposta Correcta: C</div><div style=""font-size: 14px; margin-bottom: 12px; padding: 10px; background: rgba(16,185,129,0.1); border-radius: 6px; border-left: 4px solid #10b981;"">C) Adequar-lo als perills reals i potencials detectats</div><hr style=""border: 0; border-top: 1px solid #ddd; margin: 12px 0;""><div style=""font-size: 13px; color: #444; line-height: 1.4;""><b style=""color: #111;"">Explicació:</b> MAN.SVVH.000 v1.2026

3.1. Anticipació i avaluació de riscos

El comandament ha de detectar els perills reals i potencials i adequar l’EPI dels intervinents.</div></div>","T32_-_Accidents_de_mobilitat_viaria","racord_eda78647-3205-4039-8fca-c78d59b4cd1a"
"<div style=""text-align: left; font-family: -apple-system, sans-serif;""><div style=""font-size: 11px; color: #888; margin-bottom: 6px;"">[T32 - Accidents de mobilitat viària] Pregunta 243</div><div style=""font-weight: bold; font-size: 16px; margin-bottom: 14px; line-height: 1.4;"">En la denominació dels vehicles implicats en un accident, què identifica un vehicle A?</div><div style=""font-size: 14px; line-height: 1.6;""><div style=""padding: 5px 0;""><b>A)</b> Un vehicle amb víctimes a l’interior</div><div style=""padding: 5px 0;""><b>B)</b> Un vehicle amb qualsevol persona relacionada amb l’accident, encara que ja sigui a l’exterior</div><div style=""padding: 5px 0;""><b>C)</b> El vehicle principal implicat, encara que no hi hagi ocupants</div><div style=""padding: 5px 0;""><b>D)</b> Un vehicle amb víctimes a l’interior que necessiten necessàriament excarceració</div></div></div>","<div style=""text-align: left; font-family: -apple-system, sans-serif;""><div style=""font-weight: bold; font-size: 16px; color: #10b981; margin-bottom: 8px;"">✓ Resposta Correcta: A</div><div style=""font-size: 14px; margin-bottom: 12px; padding: 10px; background: rgba(16,185,129,0.1); border-radius: 6px; border-left: 4px solid #10b981;"">A) Un vehicle amb víctimes a l’interior</div><hr style=""border: 0; border-top: 1px solid #ddd; margin: 12px 0;""><div style=""font-size: 13px; color: #444; line-height: 1.4;""><b style=""color: #111;"">Explicació:</b> MAN.SVVH.000 v1.2026

3.2.3. Denominació dels vehicles implicats en un accident

Vehicle A és aquell en què hi ha víctimes a l’interior.</div></div>","T32_-_Accidents_de_mobilitat_viaria","racord_caa34d44-b2d6-4804-946c-f1229c8d8b9a"
"<div style=""text-align: left; font-family: -apple-system, sans-serif;""><div style=""font-size: 11px; color: #888; margin-bottom: 6px;"">[T32 - Accidents de mobilitat viària] Pregunta 244</div><div style=""font-weight: bold; font-size: 16px; margin-bottom: 14px; line-height: 1.4;"">Com a vies alternatives d’accés o evacuació en un autobús es poden utilitzar:</div><div style=""font-size: 14px; line-height: 1.6;""><div style=""padding: 5px 0;""><b>A)</b> Parabrisa i compartiment motor</div><div style=""padding: 5px 0;""><b>B)</b> Claraboies i plataformes PMR</div><div style=""padding: 5px 0;""><b>C)</b> Finestres i portes de les bodegues</div><div style=""padding: 5px 0;""><b>D)</b> Finestres i claraboies</div></div></div>","<div style=""text-align: left; font-family: -apple-system, sans-serif;""><div style=""font-weight: bold; font-size: 16px; color: #10b981; margin-bottom: 8px;"">✓ Resposta Correcta: D</div><div style=""font-size: 14px; margin-bottom: 12px; padding: 10px; background: rgba(16,185,129,0.1); border-radius: 6px; border-left: 4px solid #10b981;"">D) Finestres i claraboies</div><hr style=""border: 0; border-top: 1px solid #ddd; margin: 12px 0;""><div style=""font-size: 13px; color: #444; line-height: 1.4;""><b style=""color: #111;"">Explicació:</b> MAN.SVVH.000 v1.2026

2.2.5. Espais interiors i accessos

En emergència, les finestres i claraboies poden utilitzar-se com a vies d’accés o evacuació.</div></div>","T32_-_Accidents_de_mobilitat_viaria","racord_83e86eeb-e2ed-4df7-9c72-09dcde752d71"
"<div style=""text-align: left; font-family: -apple-system, sans-serif;""><div style=""font-size: 11px; color: #888; margin-bottom: 6px;"">[T32 - Accidents de mobilitat viària] Pregunta 245</div><div style=""font-weight: bold; font-size: 16px; margin-bottom: 14px; line-height: 1.4;"">Quin sistema utilitza un camió amb bolquet per abocar la càrrega?</div><div style=""font-size: 14px; line-height: 1.6;""><div style=""padding: 5px 0;""><b>A)</b> Un sistema electromecànic</div><div style=""padding: 5px 0;""><b>B)</b> Un sistema hidràulic</div><div style=""padding: 5px 0;""><b>C)</b> Un sistema pneumàtic</div><div style=""padding: 5px 0;""><b>D)</b> Un sistema mecànic de cargol</div></div></div>","<div style=""text-align: left; font-family: -apple-system, sans-serif;""><div style=""font-weight: bold; font-size: 16px; color: #10b981; margin-bottom: 8px;"">✓ Resposta Correcta: B</div><div style=""font-size: 14px; margin-bottom: 12px; padding: 10px; background: rgba(16,185,129,0.1); border-radius: 6px; border-left: 4px solid #10b981;"">B) Un sistema hidràulic</div><hr style=""border: 0; border-top: 1px solid #ddd; margin: 12px 0;""><div style=""font-size: 13px; color: #444; line-height: 1.4;""><b style=""color: #111;"">Explicació:</b> MAN.SVVH.000 v1.2026

2.3.3. Sistemes de càrrega i tipus de contenidor

Els camions amb bolquet transporten àrids i disposen d’un sistema hidràulic per abocar la càrrega.</div></div>","T32_-_Accidents_de_mobilitat_viaria","racord_4e2a9f78-c357-49e7-9dcd-e355b31fa141"
"<div style=""text-align: left; font-family: -apple-system, sans-serif;""><div style=""font-size: 11px; color: #888; margin-bottom: 6px;"">[T32 - Accidents de mobilitat viària] Pregunta 246</div><div style=""font-weight: bold; font-size: 16px; margin-bottom: 14px; line-height: 1.4;"">Quins fluids poden generar risc biològic durant l’atenció a una víctima d’accident de trànsit?</div><div style=""font-size: 14px; line-height: 1.6;""><div style=""padding: 5px 0;""><b>A)</b> Sang, saliva i combustible en contacte amb la víctima</div><div style=""padding: 5px 0;""><b>B)</b> Sang, vòmits i secrecions</div><div style=""padding: 5px 0;""><b>C)</b> Sang i secrecions, mentre que els vòmits es consideren principalment un risc químic</div><div style=""padding: 5px 0;""><b>D)</b> Vòmits, secrecions i líquids del vehicle</div></div></div>","<div style=""text-align: left; font-family: -apple-system, sans-serif;""><div style=""font-weight: bold; font-size: 16px; color: #10b981; margin-bottom: 8px;"">✓ Resposta Correcta: B</div><div style=""font-size: 14px; margin-bottom: 12px; padding: 10px; background: rgba(16,185,129,0.1); border-radius: 6px; border-left: 4px solid #10b981;"">B) Sang, vòmits i secrecions</div><hr style=""border: 0; border-top: 1px solid #ddd; margin: 12px 0;""><div style=""font-size: 13px; color: #444; line-height: 1.4;""><b style=""color: #111;"">Explicació:</b> MAN.SVVH.000 v1.2026

5.2. Riscos específics i mesures preventives — Risc biològic

En l’atenció sanitària hi ha risc de contacte amb sang, vòmits i secrecions.</div></div>","T32_-_Accidents_de_mobilitat_viaria","racord_6fdab813-9b5e-40f9-94b4-932b93af4ad4"
"<div style=""text-align: left; font-family: -apple-system, sans-serif;""><div style=""font-size: 11px; color: #888; margin-bottom: 6px;"">[T32 - Accidents de mobilitat viària] Pregunta 247</div><div style=""font-weight: bold; font-size: 16px; margin-bottom: 14px; line-height: 1.4;"">Indica quina de les següents afirmacions és INCORRECTA davant una bolcada total:</div><div style=""font-size: 14px; line-height: 1.6;""><div style=""padding: 5px 0;""><b>A)</b> La recerca inicial ha de considerar la possible projecció de víctimes</div><div style=""padding: 5px 0;""><b>B)</b> La posició final del vehicle pot condicionar l’accés i la recerca de víctimes</div><div style=""padding: 5px 0;""><b>C)</b> En una bolcada total es pot descartar la presència de víctimes projectades si encara hi ha ocupants dins del vehicle</div><div style=""padding: 5px 0;""><b>D)</b> El vehicle queda habitualment sobre el sostre amb les rodes enlaire</div></div></div>","<div style=""text-align: left; font-family: -apple-system, sans-serif;""><div style=""font-weight: bold; font-size: 16px; color: #10b981; margin-bottom: 8px;"">✓ Resposta Correcta: C</div><div style=""font-size: 14px; margin-bottom: 12px; padding: 10px; background: rgba(16,185,129,0.1); border-radius: 6px; border-left: 4px solid #10b981;"">C) En una bolcada total es pot descartar la presència de víctimes projectades si encara hi ha ocupants dins del vehicle</div><hr style=""border: 0; border-top: 1px solid #ddd; margin: 12px 0;""><div style=""font-size: 13px; color: #444; line-height: 1.4;""><b style=""color: #111;"">Explicació:</b> MAN.SVVH.000 v1.2026

3.2.2. Posicions dels vehicles després d’un accident de mobilitat viària

En una bolcada total cal considerar la possibilitat que hi hagi víctimes projectades fora del vehicle.</div></div>","T32_-_Accidents_de_mobilitat_viaria","racord_63cbfe32-4c66-403f-9ef3-05eee5e945ed"
"<div style=""text-align: left; font-family: -apple-system, sans-serif;""><div style=""font-size: 11px; color: #888; margin-bottom: 6px;"">[T32 - Accidents de mobilitat viària] Pregunta 248</div><div style=""font-weight: bold; font-size: 16px; margin-bottom: 14px; line-height: 1.4;"">Quines dues parts formen un camió articulat o tràiler?</div><div style=""font-size: 14px; line-height: 1.6;""><div style=""padding: 5px 0;""><b>A)</b> Cabina i semiremolc integrats en una sola unitat</div><div style=""padding: 5px 0;""><b>B)</b> Cap tractor i semiremolc</div><div style=""padding: 5px 0;""><b>C)</b> Bastidor tractor i caixa fixa posterior</div><div style=""padding: 5px 0;""><b>D)</b> Cap tractor i remolc</div></div></div>","<div style=""text-align: left; font-family: -apple-system, sans-serif;""><div style=""font-weight: bold; font-size: 16px; color: #10b981; margin-bottom: 8px;"">✓ Resposta Correcta: B</div><div style=""font-size: 14px; margin-bottom: 12px; padding: 10px; background: rgba(16,185,129,0.1); border-radius: 6px; border-left: 4px solid #10b981;"">B) Cap tractor i semiremolc</div><hr style=""border: 0; border-top: 1px solid #ddd; margin: 12px 0;""><div style=""font-size: 13px; color: #444; line-height: 1.4;""><b style=""color: #111;"">Explicació:</b> MAN.SVVH.000 v1.2026

2.3.1. Tipus de camions segons l’estructura

El camió articulat consta del cap tractor i el semiremolc.</div></div>","T32_-_Accidents_de_mobilitat_viaria","racord_958c140e-2a07-4cdc-ac3a-82c84905f27f"
"<div style=""text-align: left; font-family: -apple-system, sans-serif;""><div style=""font-size: 11px; color: #888; margin-bottom: 6px;"">[T32 - Accidents de mobilitat viària] Pregunta 249</div><div style=""font-weight: bold; font-size: 16px; margin-bottom: 14px; line-height: 1.4;"">On es troben habitualment els accessos principals d’un autobús?</div><div style=""font-size: 14px; line-height: 1.6;""><div style=""padding: 5px 0;""><b>A)</b> A la banda dreta, oposada al conductor</div><div style=""padding: 5px 0;""><b>B)</b> A la banda esquerra, al mateix costat que el conductor</div><div style=""padding: 5px 0;""><b>C)</b> A banda i banda del vehicle de manera simètrica</div><div style=""padding: 5px 0;""><b>D)</b> A la banda dreta, habitualment darrere de l’eix posterior</div></div></div>","<div style=""text-align: left; font-family: -apple-system, sans-serif;""><div style=""font-weight: bold; font-size: 16px; color: #10b981; margin-bottom: 8px;"">✓ Resposta Correcta: A</div><div style=""font-size: 14px; margin-bottom: 12px; padding: 10px; background: rgba(16,185,129,0.1); border-radius: 6px; border-left: 4px solid #10b981;"">A) A la banda dreta, oposada al conductor</div><hr style=""border: 0; border-top: 1px solid #ddd; margin: 12px 0;""><div style=""font-size: 13px; color: #444; line-height: 1.4;""><b style=""color: #111;"">Explicació:</b> MAN.SVVH.000 v1.2026

2.2.5. Espais interiors i accessos

Els accessos habituals al vehicle se situen a la banda dreta, oposada al conductor.</div></div>","T32_-_Accidents_de_mobilitat_viaria","racord_d24c8fbe-c2bd-4865-8cea-ff9a212d14c5"
"<div style=""text-align: left; font-family: -apple-system, sans-serif;""><div style=""font-size: 11px; color: #888; margin-bottom: 6px;"">[T32 - Accidents de mobilitat viària] Pregunta 250</div><div style=""font-weight: bold; font-size: 16px; margin-bottom: 14px; line-height: 1.4;"">Què és el desplaçament longitudinal d’un vehicle?</div><div style=""font-size: 14px; line-height: 1.6;""><div style=""padding: 5px 0;""><b>A)</b> El moviment pivotant endavant i endarrere sense translació</div><div style=""padding: 5px 0;""><b>B)</b> El moviment pivotant lateral sense desplaçament longitudinal</div><div style=""padding: 5px 0;""><b>C)</b> El moviment a dreta o esquerra sobre un eix vertical</div><div style=""padding: 5px 0;""><b>D)</b> El moviment horitzontal endavant i endarrere en el sentit de la marxa</div></div></div>","<div style=""text-align: left; font-family: -apple-system, sans-serif;""><div style=""font-weight: bold; font-size: 16px; color: #10b981; margin-bottom: 8px;"">✓ Resposta Correcta: D</div><div style=""font-size: 14px; margin-bottom: 12px; padding: 10px; background: rgba(16,185,129,0.1); border-radius: 6px; border-left: 4px solid #10b981;"">D) El moviment horitzontal endavant i endarrere en el sentit de la marxa</div><hr style=""border: 0; border-top: 1px solid #ddd; margin: 12px 0;""><div style=""font-size: 13px; color: #444; line-height: 1.4;""><b style=""color: #111;"">Explicació:</b> MAN.SVVH.000 v1.2026

2.1.3. Moviments possibles d’un vehicle en ordre de marxa

El desplaçament longitudinal és el moviment horitzontal endavant i endarrere en el sentit de la marxa.</div></div>","T32_-_Accidents_de_mobilitat_viaria","racord_a9bf741d-149a-4c41-a610-0d2354c5186c"
"<div style=""text-align: left; font-family: -apple-system, sans-serif;""><div style=""font-size: 11px; color: #888; margin-bottom: 6px;"">[T32 - Accidents de mobilitat viària] Pregunta 251</div><div style=""font-weight: bold; font-size: 16px; margin-bottom: 14px; line-height: 1.4;"">En un accident de trànsit, quin tipus d’impacte acostuma a ser el més sever pel que fa a les conseqüències?</div><div style=""font-size: 14px; line-height: 1.6;""><div style=""padding: 5px 0;""><b>A)</b> El xoc lateral, perquè la intrusió afecta directament l’habitacle</div><div style=""padding: 5px 0;""><b>B)</b> El xoc posterior, pel mecanisme cervical de fuetada</div><div style=""padding: 5px 0;""><b>C)</b> El xoc frontal</div><div style=""padding: 5px 0;""><b>D)</b> La bolcada total, perquè sempre implica projecció d’ocupants</div></div></div>","<div style=""text-align: left; font-family: -apple-system, sans-serif;""><div style=""font-weight: bold; font-size: 16px; color: #10b981; margin-bottom: 8px;"">✓ Resposta Correcta: C</div><div style=""font-size: 14px; margin-bottom: 12px; padding: 10px; background: rgba(16,185,129,0.1); border-radius: 6px; border-left: 4px solid #10b981;"">C) El xoc frontal</div><hr style=""border: 0; border-top: 1px solid #ddd; margin: 12px 0;""><div style=""font-size: 13px; color: #444; line-height: 1.4;""><b style=""color: #111;"">Explicació:</b> MAN.SVVH.000 v1.2026

3.2.1. Tipus d’impactes en accidents de mobilitat viària

El xoc frontal acostuma a ser el més sever pel que fa a les conseqüències i pot produir lesions cranioencefàliques, a extremitats inferiors, tòrax, abdomen i columna.</div></div>","T32_-_Accidents_de_mobilitat_viaria","racord_e2b00f3f-2af6-4185-b095-2207a2bc0a5c"
"<div style=""text-align: left; font-family: -apple-system, sans-serif;""><div style=""font-size: 11px; color: #888; margin-bottom: 6px;"">[T32 - Accidents de mobilitat viària] Pregunta 252</div><div style=""font-weight: bold; font-size: 16px; margin-bottom: 14px; line-height: 1.4;"">On pot trobar-se el polsador d’aturada del motor d’un autobús?</div><div style=""font-size: 14px; line-height: 1.6;""><div style=""padding: 5px 0;""><b>A)</b> Al tauler o a la part posterior del vehicle</div><div style=""padding: 5px 0;""><b>B)</b> Al tauler o al sostre de l’habitacle</div><div style=""padding: 5px 0;""><b>C)</b> A la part posterior o al costat d’una porta d’emergència</div><div style=""padding: 5px 0;""><b>D)</b> Al tauler o dins del compartiment motor</div></div></div>","<div style=""text-align: left; font-family: -apple-system, sans-serif;""><div style=""font-weight: bold; font-size: 16px; color: #10b981; margin-bottom: 8px;"">✓ Resposta Correcta: A</div><div style=""font-size: 14px; margin-bottom: 12px; padding: 10px; background: rgba(16,185,129,0.1); border-radius: 6px; border-left: 4px solid #10b981;"">A) Al tauler o a la part posterior del vehicle</div><hr style=""border: 0; border-top: 1px solid #ddd; margin: 12px 0;""><div style=""font-size: 13px; color: #444; line-height: 1.4;""><b style=""color: #111;"">Explicació:</b> MAN.SVVH.000 v1.2026

2.2.7. Elements mecànics i circuits interns

Alguns autobusos disposen d’un polsador d’aturada del motor al tauler o a la part posterior.</div></div>","T32_-_Accidents_de_mobilitat_viaria","racord_2503ab34-3f8a-40d9-8f8b-b739c7e1f93a"
"<div style=""text-align: left; font-family: -apple-system, sans-serif;""><div style=""font-size: 11px; color: #888; margin-bottom: 6px;"">[T32 - Accidents de mobilitat viària] Pregunta 253</div><div style=""font-weight: bold; font-size: 16px; margin-bottom: 14px; line-height: 1.4;"">Com acostuma a ser la safata posterior d’un vehicle tipus berlina?</div><div style=""font-size: 14px; line-height: 1.6;""><div style=""padding: 5px 0;""><b>A)</b> De material compost i fixa</div><div style=""padding: 5px 0;""><b>B)</b> Metàl·lica i extraïble</div><div style=""padding: 5px 0;""><b>C)</b> De fibra i abatible</div><div style=""padding: 5px 0;""><b>D)</b> Metàl·lica i fixa</div></div></div>","<div style=""text-align: left; font-family: -apple-system, sans-serif;""><div style=""font-weight: bold; font-size: 16px; color: #10b981; margin-bottom: 8px;"">✓ Resposta Correcta: D</div><div style=""font-size: 14px; margin-bottom: 12px; padding: 10px; background: rgba(16,185,129,0.1); border-radius: 6px; border-left: 4px solid #10b981;"">D) Metàl·lica i fixa</div><hr style=""border: 0; border-top: 1px solid #ddd; margin: 12px 0;""><div style=""font-size: 13px; color: #444; line-height: 1.4;""><b style=""color: #111;"">Explicació:</b> MAN.SVVH.000 v1.2026

2.1.1. Parts dels vehicles

En una berlina sense porta posterior, la safata posterior sol ser metàl·lica i fixa.</div></div>","T32_-_Accidents_de_mobilitat_viaria","racord_c5d8303b-5837-4efe-b255-450ffbf29ae5"
"<div style=""text-align: left; font-family: -apple-system, sans-serif;""><div style=""font-size: 11px; color: #888; margin-bottom: 6px;"">[T32 - Accidents de mobilitat viària] Pregunta 254</div><div style=""font-weight: bold; font-size: 16px; margin-bottom: 14px; line-height: 1.4;"">Indica quina de les següents afirmacions és INCORRECTA respecte de l’àrea de relleu i SOS d'acord amb l'organització de l'AGO en un accident de trànsit:</div><div style=""font-size: 14px; line-height: 1.6;""><div style=""padding: 5px 0;""><b>A)</b> El personal SOS pot situar-se en aquesta àrea quan el servei ho requereix</div><div style=""padding: 5px 0;""><b>B)</b> A l’àrea de relleu i SOS s’ubica el personal sanitari que està atenent directament la víctima</div><div style=""padding: 5px 0;""><b>C)</b> L’àrea de relleu i SOS forma part de les àrees situades a la transició entre zona calenta i zona tèbia</div><div style=""padding: 5px 0;""><b>D)</b> A l’àrea de relleu i SOS s’hi pot ubicar el personal de relleu</div></div></div>","<div style=""text-align: left; font-family: -apple-system, sans-serif;""><div style=""font-weight: bold; font-size: 16px; color: #10b981; margin-bottom: 8px;"">✓ Resposta Correcta: B</div><div style=""font-size: 14px; margin-bottom: 12px; padding: 10px; background: rgba(16,185,129,0.1); border-radius: 6px; border-left: 4px solid #10b981;"">B) A l’àrea de relleu i SOS s’ubica el personal sanitari que està atenent directament la víctima</div><hr style=""border: 0; border-top: 1px solid #ddd; margin: 12px 0;""><div style=""font-size: 13px; color: #444; line-height: 1.4;""><b style=""color: #111;"">Explicació:</b> MAN.SVVH.000 v1.2026

5.1. Principis generals de seguretat — Organització de l’AGO

A l’àrea de relleu i SOS s’ubica el personal de relleu i el personal SOS quan el servei ho requereix.</div></div>","T32_-_Accidents_de_mobilitat_viaria","racord_64fddc25-a859-4d97-8406-26c9a0b9bce9"
"<div style=""text-align: left; font-family: -apple-system, sans-serif;""><div style=""font-size: 11px; color: #888; margin-bottom: 6px;"">[T32 - Accidents de mobilitat viària] Pregunta 255</div><div style=""font-weight: bold; font-size: 16px; margin-bottom: 14px; line-height: 1.4;"">Com està format un tren?</div><div style=""font-size: 14px; line-height: 1.6;""><div style=""padding: 5px 0;""><b>A)</b> Per una sola estructura contínua sense unitats diferenciades</div><div style=""padding: 5px 0;""><b>B)</b> Per unitats independents que no necessiten connexions entre si</div><div style=""padding: 5px 0;""><b>C)</b> Per locomotora i vagons, sense possibilitat d’unitats motoritzades integrades</div><div style=""padding: 5px 0;""><b>D)</b> Per un conjunt d’unitats interconnectades</div></div></div>","<div style=""text-align: left; font-family: -apple-system, sans-serif;""><div style=""font-weight: bold; font-size: 16px; color: #10b981; margin-bottom: 8px;"">✓ Resposta Correcta: D</div><div style=""font-size: 14px; margin-bottom: 12px; padding: 10px; background: rgba(16,185,129,0.1); border-radius: 6px; border-left: 4px solid #10b981;"">D) Per un conjunt d’unitats interconnectades</div><hr style=""border: 0; border-top: 1px solid #ddd; margin: 12px 0;""><div style=""font-size: 13px; color: #444; line-height: 1.4;""><b style=""color: #111;"">Explicació:</b> MAN.SVVH.000 v1.2026

2.4.2. Composició d’un tren

Tot tren està format per unitats interconnectades que poden variar segons el tipus de servei.</div></div>","T32_-_Accidents_de_mobilitat_viaria","racord_fc46d5ce-912b-4881-a805-c26ae458ed96"
"<div style=""text-align: left; font-family: -apple-system, sans-serif;""><div style=""font-size: 11px; color: #888; margin-bottom: 6px;"">[T32 - Accidents de mobilitat viària] Pregunta 256</div><div style=""font-weight: bold; font-size: 16px; margin-bottom: 14px; line-height: 1.4;"">Davant trànsit en moviment, una protecció adequada dels intervinents combina:</div><div style=""font-size: 14px; line-height: 1.6;""><div style=""padding: 5px 0;""><b>A)</b> Estacionament estratègic, delimitació de la zona calenta i armilla d’alta visibilitat</div><div style=""padding: 5px 0;""><b>B)</b> Senyalització avançada, vigilància del trànsit i estabilització completa dels vehicles</div><div style=""padding: 5px 0;""><b>C)</b> Estacionament estratègic, senyalització avançada i vigilància del trànsit</div><div style=""padding: 5px 0;""><b>D)</b> Vehicles de protecció, vigilància del trànsit i tancament de totes les vies d’accés</div></div></div>","<div style=""text-align: left; font-family: -apple-system, sans-serif;""><div style=""font-weight: bold; font-size: 16px; color: #10b981; margin-bottom: 8px;"">✓ Resposta Correcta: C</div><div style=""font-size: 14px; margin-bottom: 12px; padding: 10px; background: rgba(16,185,129,0.1); border-radius: 6px; border-left: 4px solid #10b981;"">C) Estacionament estratègic, senyalització avançada i vigilància del trànsit</div><hr style=""border: 0; border-top: 1px solid #ddd; margin: 12px 0;""><div style=""font-size: 13px; color: #444; line-height: 1.4;""><b style=""color: #111;"">Explicació:</b> MAN.SVVH.000 v1.2026

5.2. Riscos específics i mesures preventives — Accés a l’escenari

Per reduir el risc associat al trànsit s’han d’aplicar estacionament estratègic dels vehicles de servei, senyalització avançada i vigilància del trànsit.</div></div>","T32_-_Accidents_de_mobilitat_viaria","racord_4b7e5532-10a2-40ff-bb9d-68c8cade914c"
"<div style=""text-align: left; font-family: -apple-system, sans-serif;""><div style=""font-size: 11px; color: #888; margin-bottom: 6px;"">[T32 - Accidents de mobilitat viària] Pregunta 257</div><div style=""font-weight: bold; font-size: 16px; margin-bottom: 14px; line-height: 1.4;"">Què estudia la biomecànica de l’accident de trànsit?</div><div style=""font-size: 14px; line-height: 1.6;""><div style=""padding: 5px 0;""><b>A)</b> Els mecanismes lesius a partir de la medicina, sense considerar la física de l’impacte</div><div style=""padding: 5px 0;""><b>B)</b> La deformació estructural del vehicle a partir de principis exclusivament físics</div><div style=""padding: 5px 0;""><b>C)</b> Els mecanismes lesius a partir de la física i la medicina</div><div style=""padding: 5px 0;""><b>D)</b> La relació entre danys del vehicle i responsabilitat dels conductors</div></div></div>","<div style=""text-align: left; font-family: -apple-system, sans-serif;""><div style=""font-weight: bold; font-size: 16px; color: #10b981; margin-bottom: 8px;"">✓ Resposta Correcta: C</div><div style=""font-size: 14px; margin-bottom: 12px; padding: 10px; background: rgba(16,185,129,0.1); border-radius: 6px; border-left: 4px solid #10b981;"">C) Els mecanismes lesius a partir de la física i la medicina</div><hr style=""border: 0; border-top: 1px solid #ddd; margin: 12px 0;""><div style=""font-size: 13px; color: #444; line-height: 1.4;""><b style=""color: #111;"">Explicació:</b> MAN.SVVH.000 v1.2026

3.2.6. Biomecànica de l’accident de trànsit

La biomecànica estudia els mecanismes lesius d’un accident basant-se en la física i la medicina.</div></div>","T32_-_Accidents_de_mobilitat_viaria","racord_faa75c8f-da22-4ece-8316-c753904e0b49"
"<div style=""text-align: left; font-family: -apple-system, sans-serif;""><div style=""font-size: 11px; color: #888; margin-bottom: 6px;"">[T32 - Accidents de mobilitat viària] Pregunta 258</div><div style=""font-weight: bold; font-size: 16px; margin-bottom: 14px; line-height: 1.4;"">D'acord amb la composició d'un tren, què conté cada bogi?</div><div style=""font-size: 14px; line-height: 1.6;""><div style=""padding: 5px 0;""><b>A)</b> Dues rodes solidàries situades en eixos independents</div><div style=""padding: 5px 0;""><b>B)</b> Dues rodes solidàries que formen un eix</div><div style=""padding: 5px 0;""><b>C)</b> Quatre rodes solidàries que formen un únic eix</div><div style=""padding: 5px 0;""><b>D)</b> Dues rodes independents que formen un eix</div></div></div>","<div style=""text-align: left; font-family: -apple-system, sans-serif;""><div style=""font-weight: bold; font-size: 16px; color: #10b981; margin-bottom: 8px;"">✓ Resposta Correcta: B</div><div style=""font-size: 14px; margin-bottom: 12px; padding: 10px; background: rgba(16,185,129,0.1); border-radius: 6px; border-left: 4px solid #10b981;"">B) Dues rodes solidàries que formen un eix</div><hr style=""border: 0; border-top: 1px solid #ddd; margin: 12px 0;""><div style=""font-size: 13px; color: #444; line-height: 1.4;""><b style=""color: #111;"">Explicació:</b> MAN.SVVH.000 v1.2026

2.4.2. Composició d’un tren

Cada bogi conté dues rodes solidàries que formen un eix.</div></div>","T32_-_Accidents_de_mobilitat_viaria","racord_e7629bc7-965b-493a-af1c-48e5769cf62b"
"<div style=""text-align: left; font-family: -apple-system, sans-serif;""><div style=""font-size: 11px; color: #888; margin-bottom: 6px;"">[T32 - Accidents de mobilitat viària] Pregunta 259</div><div style=""font-weight: bold; font-size: 16px; margin-bottom: 14px; line-height: 1.4;"">Les maniobres de salvament i rescat s’executen:</div><div style=""font-size: 14px; line-height: 1.6;""><div style=""padding: 5px 0;""><b>A)</b> A la zona freda quan la intervenció no requereix eines hidràuliques</div><div style=""padding: 5px 0;""><b>B)</b> A la zona tèbia, perquè concentra els mitjans necessaris per al rescat</div><div style=""padding: 5px 0;""><b>C)</b> A la zona calenta</div><div style=""padding: 5px 0;""><b>D)</b> A la transició entre zona calenta i tèbia, juntament amb eines i ferralla</div></div></div>","<div style=""text-align: left; font-family: -apple-system, sans-serif;""><div style=""font-weight: bold; font-size: 16px; color: #10b981; margin-bottom: 8px;"">✓ Resposta Correcta: C</div><div style=""font-size: 14px; margin-bottom: 12px; padding: 10px; background: rgba(16,185,129,0.1); border-radius: 6px; border-left: 4px solid #10b981;"">C) A la zona calenta</div><hr style=""border: 0; border-top: 1px solid #ddd; margin: 12px 0;""><div style=""font-size: 13px; color: #444; line-height: 1.4;""><b style=""color: #111;"">Explicació:</b> MAN.SVVH.000 v1.2026

5.1. Principis generals de seguretat — Organització de l’AGO

La zona calenta és l’espai on s’executen les maniobres de salvament i rescat i és la zona que genera més risc.</div></div>","T32_-_Accidents_de_mobilitat_viaria","racord_4027afb5-b793-40fd-8fa1-e56e818b1c7c"
"<div style=""text-align: left; font-family: -apple-system, sans-serif;""><div style=""font-size: 11px; color: #888; margin-bottom: 6px;"">[T32 - Accidents de mobilitat viària] Pregunta 260</div><div style=""font-weight: bold; font-size: 16px; margin-bottom: 14px; line-height: 1.4;"">Quina finalitat té la seguretat terciària?</div><div style=""font-size: 14px; line-height: 1.6;""><div style=""padding: 5px 0;""><b>A)</b> Augmentar la rigidesa de la carrosseria per evitar qualsevol deformació</div><div style=""padding: 5px 0;""><b>B)</b> Mantenir el control del vehicle i evitar que es produeixi l’accident</div><div style=""padding: 5px 0;""><b>C)</b> Absorbir l’energia de l’impacte i protegir físicament els ocupants</div><div style=""padding: 5px 0;""><b>D)</b> Facilitar la resposta d’emergència i evitar danys addicionals</div></div></div>","<div style=""text-align: left; font-family: -apple-system, sans-serif;""><div style=""font-weight: bold; font-size: 16px; color: #10b981; margin-bottom: 8px;"">✓ Resposta Correcta: D</div><div style=""font-size: 14px; margin-bottom: 12px; padding: 10px; background: rgba(16,185,129,0.1); border-radius: 6px; border-left: 4px solid #10b981;"">D) Facilitar la resposta d’emergència i evitar danys addicionals</div><hr style=""border: 0; border-top: 1px solid #ddd; margin: 12px 0;""><div style=""font-size: 13px; color: #444; line-height: 1.4;""><b style=""color: #111;"">Explicació:</b> MAN.SVVH.000 v1.2026

2.1.4. Seguretat dels vehicles

La seguretat terciària facilita una resposta ràpida i eficaç dels serveis d’emergència i ajuda a evitar danys addicionals.</div></div>","T32_-_Accidents_de_mobilitat_viaria","racord_7c2f8e8f-8ad4-40b7-9d71-12d1999acd4e"
"<div style=""text-align: left; font-family: -apple-system, sans-serif;""><div style=""font-size: 11px; color: #888; margin-bottom: 6px;"">[T32 - Accidents de mobilitat viària] Pregunta 261</div><div style=""font-weight: bold; font-size: 16px; margin-bottom: 14px; line-height: 1.4;"">Com s’executa el desplaçament de sostre en un vehicle accidentat?</div><div style=""font-size: 14px; line-height: 1.6;""><div style=""padding: 5px 0;""><b>A)</b> Amb una acció horitzontal d’un pistó contra el sostre</div><div style=""padding: 5px 0;""><b>B)</b> Amb l’acció vertical d’un pistó hidràulic</div><div style=""padding: 5px 0;""><b>C)</b> Amb un separador aplicat entre sostre i talonera</div><div style=""padding: 5px 0;""><b>D)</b> Amb una tracció exterior mitjançant eslinga i tractel</div></div></div>","<div style=""text-align: left; font-family: -apple-system, sans-serif;""><div style=""font-weight: bold; font-size: 16px; color: #10b981; margin-bottom: 8px;"">✓ Resposta Correcta: B</div><div style=""font-size: 14px; margin-bottom: 12px; padding: 10px; background: rgba(16,185,129,0.1); border-radius: 6px; border-left: 4px solid #10b981;"">B) Amb l’acció vertical d’un pistó hidràulic</div><hr style=""border: 0; border-top: 1px solid #ddd; margin: 12px 0;""><div style=""font-size: 13px; color: #444; line-height: 1.4;""><b style=""color: #111;"">Explicació:</b> MAN.SVVH.000 v1.2026

4.3. Maniobres d’excarceració — Desplaçament de sostre

El desplaçament del sostre es fa retornant-lo cap a la posició original mitjançant l’acció vertical d’un pistó hidràulic.</div></div>","T32_-_Accidents_de_mobilitat_viaria","racord_9969e2ac-cdea-4255-80bb-52a0eb7d8401"
"<div style=""text-align: left; font-family: -apple-system, sans-serif;""><div style=""font-size: 11px; color: #888; margin-bottom: 6px;"">[T32 - Accidents de mobilitat viària] Pregunta 262</div><div style=""font-weight: bold; font-size: 16px; margin-bottom: 14px; line-height: 1.4;"">En la majoria de turismes, la seqüència habitual de muntants és:</div><div style=""font-size: 14px; line-height: 1.6;""><div style=""padding: 5px 0;""><b>A)</b> B, C i D</div><div style=""padding: 5px 0;""><b>B)</b> A, B, C i D</div><div style=""padding: 5px 0;""><b>C)</b> A, B i C</div><div style=""padding: 5px 0;""><b>D)</b> A, B i D</div></div></div>","<div style=""text-align: left; font-family: -apple-system, sans-serif;""><div style=""font-weight: bold; font-size: 16px; color: #10b981; margin-bottom: 8px;"">✓ Resposta Correcta: C</div><div style=""font-size: 14px; margin-bottom: 12px; padding: 10px; background: rgba(16,185,129,0.1); border-radius: 6px; border-left: 4px solid #10b981;"">C) A, B i C</div><hr style=""border: 0; border-top: 1px solid #ddd; margin: 12px 0;""><div style=""font-size: 13px; color: #444; line-height: 1.4;""><b style=""color: #111;"">Explicació:</b> MAN.SVVH.000 v1.2026

2.1.1. Parts dels vehicles

La majoria de turismes tenen muntants A, B i C.</div></div>","T32_-_Accidents_de_mobilitat_viaria","racord_30759242-3a50-4dc8-985a-4f773f3f186c"
"<div style=""text-align: left; font-family: -apple-system, sans-serif;""><div style=""font-size: 11px; color: #888; margin-bottom: 6px;"">[T32 - Accidents de mobilitat viària] Pregunta 263</div><div style=""font-weight: bold; font-size: 16px; margin-bottom: 14px; line-height: 1.4;"">En el rescat d’un turisme accidentat, quines vies s’han de valorar preferentment abans de crear obertures artificials?</div><div style=""font-size: 14px; line-height: 1.6;""><div style=""padding: 5px 0;""><b>A)</b> Les portes laterals i el parabrisa, perquè són les obertures més àmplies</div><div style=""padding: 5px 0;""><b>B)</b> Les portes laterals i la porta del darrere</div><div style=""padding: 5px 0;""><b>C)</b> Les portes laterals i el sostre, abans de valorar la porta posterior</div><div style=""padding: 5px 0;""><b>D)</b> La porta del darrere i el sostre, especialment en berlines</div></div></div>","<div style=""text-align: left; font-family: -apple-system, sans-serif;""><div style=""font-weight: bold; font-size: 16px; color: #10b981; margin-bottom: 8px;"">✓ Resposta Correcta: B</div><div style=""font-size: 14px; margin-bottom: 12px; padding: 10px; background: rgba(16,185,129,0.1); border-radius: 6px; border-left: 4px solid #10b981;"">B) Les portes laterals i la porta del darrere</div><hr style=""border: 0; border-top: 1px solid #ddd; margin: 12px 0;""><div style=""font-size: 13px; color: #444; line-height: 1.4;""><b style=""color: #111;"">Explicació:</b> MAN.SVVH.000 v1.2026

4.2.2. Obertura de portes laterals i porta del darrere

Les portes laterals i del darrere són punts naturals del vehicle i constitueixen vies preferents d’accés i sovint d’extracció.</div></div>","T32_-_Accidents_de_mobilitat_viaria","racord_472baa94-671f-4f1a-a352-f8084224024f"
"<div style=""text-align: left; font-family: -apple-system, sans-serif;""><div style=""font-size: 11px; color: #888; margin-bottom: 6px;"">[T32 - Accidents de mobilitat viària] Pregunta 264</div><div style=""font-weight: bold; font-size: 16px; margin-bottom: 14px; line-height: 1.4;"">En un vehicle accidentat que ha quedat sobre el sostre, quina disposició d’estabilització primària és adequada?</div><div style=""font-size: 14px; line-height: 1.6;""><div style=""padding: 5px 0;""><b>A)</b> Cunyes als travessers longitudinals i sota els muntants A</div><div style=""padding: 5px 0;""><b>B)</b> Tacs al centre del sostre i falques als muntants posteriors</div><div style=""padding: 5px 0;""><b>C)</b> Falques als para-xocs davanter i posterior i sota el muntant B</div><div style=""padding: 5px 0;""><b>D)</b> Cunyes sota el sostre i als ponts de roda, per repartir el pes</div></div></div>","<div style=""text-align: left; font-family: -apple-system, sans-serif;""><div style=""font-weight: bold; font-size: 16px; color: #10b981; margin-bottom: 8px;"">✓ Resposta Correcta: A</div><div style=""font-size: 14px; margin-bottom: 12px; padding: 10px; background: rgba(16,185,129,0.1); border-radius: 6px; border-left: 4px solid #10b981;"">A) Cunyes als travessers longitudinals i sota els muntants A</div><hr style=""border: 0; border-top: 1px solid #ddd; margin: 12px 0;""><div style=""font-size: 13px; color: #444; line-height: 1.4;""><b style=""color: #111;"">Explicació:</b> MAN.SVVH.000 v1.2026

4.1.2. Estabilització primària

En una bolcada total acostuma a ser suficient col·locar cunyes als travessers longitudinals, en el mateix sentit, i sota els muntants A, ja que el pes del vehicle ajuda a estabilitzar-lo.</div></div>","T32_-_Accidents_de_mobilitat_viaria","racord_989afa93-b97a-4231-a416-8461ef620194"
"<div style=""text-align: left; font-family: -apple-system, sans-serif;""><div style=""font-size: 11px; color: #888; margin-bottom: 6px;"">[T32 - Accidents de mobilitat viària] Pregunta 265</div><div style=""font-weight: bold; font-size: 16px; margin-bottom: 14px; line-height: 1.4;"">Quina situació pot presentar un tren descarrilat?</div><div style=""font-size: 14px; line-height: 1.6;""><div style=""padding: 5px 0;""><b>A)</b> Els bogis se separen necessàriament de la carrosseria quan hi ha descarrilament</div><div style=""padding: 5px 0;""><b>B)</b> El tren pot quedar desplaçat, però els vagons mantenen sempre la verticalitat</div><div style=""padding: 5px 0;""><b>C)</b> Pot quedar tombat o desplaçat amb els bogis encara adherits</div><div style=""padding: 5px 0;""><b>D)</b> Els vagons poden tombar, però els bogis queden sempre alineats amb la via</div></div></div>","<div style=""text-align: left; font-family: -apple-system, sans-serif;""><div style=""font-weight: bold; font-size: 16px; color: #10b981; margin-bottom: 8px;"">✓ Resposta Correcta: C</div><div style=""font-size: 14px; margin-bottom: 12px; padding: 10px; background: rgba(16,185,129,0.1); border-radius: 6px; border-left: 4px solid #10b981;"">C) Pot quedar tombat o desplaçat amb els bogis encara adherits</div><hr style=""border: 0; border-top: 1px solid #ddd; margin: 12px 0;""><div style=""font-size: 13px; color: #444; line-height: 1.4;""><b style=""color: #111;"">Explicació:</b> MAN.SVVH.000 v1.2026

2.4.2. Composició d’un tren

En un descarrilament, el tren pot quedar tombat o desplaçat amb els bogis encara adherits.</div></div>","T32_-_Accidents_de_mobilitat_viaria","racord_bde614a5-b331-4250-a687-7890b8aef359"
"<div style=""text-align: left; font-family: -apple-system, sans-serif;""><div style=""font-size: 11px; color: #888; margin-bottom: 6px;"">[T32 - Accidents de mobilitat viària] Pregunta 266</div><div style=""font-weight: bold; font-size: 16px; margin-bottom: 14px; line-height: 1.4;"">Quin criteri ha de guiar les decisions quan diverses maniobres d’extracció són tècnicament possibles?</div><div style=""font-size: 14px; line-height: 1.6;""><div style=""padding: 5px 0;""><b>A)</b> La via d’extracció que generi més espai, encara que impliqui més mobilització</div><div style=""padding: 5px 0;""><b>B)</b> El tipus d’atrapament per sobre de l’estat clínic i el benestar de la víctima</div><div style=""padding: 5px 0;""><b>C)</b> La maniobra tècnicament més senzilla per reduir el temps de treball dels equips</div><div style=""padding: 5px 0;""><b>D)</b> Les necessitats immediates i el benestar de la víctima</div></div></div>","<div style=""text-align: left; font-family: -apple-system, sans-serif;""><div style=""font-weight: bold; font-size: 16px; color: #10b981; margin-bottom: 8px;"">✓ Resposta Correcta: D</div><div style=""font-size: 14px; margin-bottom: 12px; padding: 10px; background: rgba(16,185,129,0.1); border-radius: 6px; border-left: 4px solid #10b981;"">D) Les necessitats immediates i el benestar de la víctima</div><hr style=""border: 0; border-top: 1px solid #ddd; margin: 12px 0;""><div style=""font-size: 13px; color: #444; line-height: 1.4;""><b style=""color: #111;"">Explicació:</b> MAN.SVVH.000 v1.2026

3.2.4. Tipus d’atrapament

Les necessitats immediates i el benestar de les víctimes són la primera prioritat durant el treball en accidents.</div></div>","T32_-_Accidents_de_mobilitat_viaria","racord_7c369a2d-5005-462a-a954-000945719d50"
"<div style=""text-align: left; font-family: -apple-system, sans-serif;""><div style=""font-size: 11px; color: #888; margin-bottom: 6px;"">[T32 - Accidents de mobilitat viària] Pregunta 267</div><div style=""font-weight: bold; font-size: 16px; margin-bottom: 14px; line-height: 1.4;"">En quin entorn són habituals els autobusos?</div><div style=""font-size: 14px; line-height: 1.6;""><div style=""padding: 5px 0;""><b>A)</b> En àmbits urbans i trajectes turístics de llarg recorregut</div><div style=""padding: 5px 0;""><b>B)</b> En àmbits urbans o interurbans de curt recorregut</div><div style=""padding: 5px 0;""><b>C)</b> Principalment en recorreguts interurbans de llarga distància</div><div style=""padding: 5px 0;""><b>D)</b> En àmbits urbans o interurbans de mitjà recorregut</div></div></div>","<div style=""text-align: left; font-family: -apple-system, sans-serif;""><div style=""font-weight: bold; font-size: 16px; color: #10b981; margin-bottom: 8px;"">✓ Resposta Correcta: B</div><div style=""font-size: 14px; margin-bottom: 12px; padding: 10px; background: rgba(16,185,129,0.1); border-radius: 6px; border-left: 4px solid #10b981;"">B) En àmbits urbans o interurbans de curt recorregut</div><hr style=""border: 0; border-top: 1px solid #ddd; margin: 12px 0;""><div style=""font-size: 13px; color: #444; line-height: 1.4;""><b style=""color: #111;"">Explicació:</b> MAN.SVVH.000 v1.2026

2.2.2. Tipologia i classificació dels autobusos

Els autobusos són habituals en àmbits urbans o interurbans de curt recorregut.</div></div>","T32_-_Accidents_de_mobilitat_viaria","racord_d10c9151-74d8-412a-a547-46c66b235e04"
"<div style=""text-align: left; font-family: -apple-system, sans-serif;""><div style=""font-size: 11px; color: #888; margin-bottom: 6px;"">[T32 - Accidents de mobilitat viària] Pregunta 268</div><div style=""font-weight: bold; font-size: 16px; margin-bottom: 14px; line-height: 1.4;"">Quin avantatge operatiu ofereix un desmunt lateral complet en un rescat viari?</div><div style=""font-size: 14px; line-height: 1.6;""><div style=""padding: 5px 0;""><b>A)</b> Crea un espai ampli però obliga a fer l’extracció exclusivament per un lateral</div><div style=""padding: 5px 0;""><b>B)</b> Permet accedir simultàniament a les places davanteres i posteriors</div><div style=""padding: 5px 0;""><b>C)</b> Elimina la necessitat de retirar altres elements si existeix atrapament físic tipus 2</div><div style=""padding: 5px 0;""><b>D)</b> Permet accedir a places davanteres o posteriors, però no simultàniament</div></div></div>","<div style=""text-align: left; font-family: -apple-system, sans-serif;""><div style=""font-weight: bold; font-size: 16px; color: #10b981; margin-bottom: 8px;"">✓ Resposta Correcta: B</div><div style=""font-size: 14px; margin-bottom: 12px; padding: 10px; background: rgba(16,185,129,0.1); border-radius: 6px; border-left: 4px solid #10b981;"">B) Permet accedir simultàniament a les places davanteres i posteriors</div><hr style=""border: 0; border-top: 1px solid #ddd; margin: 12px 0;""><div style=""font-size: 13px; color: #444; line-height: 1.4;""><b style=""color: #111;"">Explicació:</b> MAN.SVVH.000 v1.2026

4.2.3. Desmunts laterals

El desmunt lateral permet accedir alhora a places davanteres i posteriors i crea un espai obert de treball.</div></div>","T32_-_Accidents_de_mobilitat_viaria","racord_f44e63c3-6174-4184-945d-0094214da9bd"
"<div style=""text-align: left; font-family: -apple-system, sans-serif;""><div style=""font-size: 11px; color: #888; margin-bottom: 6px;"">[T32 - Accidents de mobilitat viària] Pregunta 269</div><div style=""font-weight: bold; font-size: 16px; margin-bottom: 14px; line-height: 1.4;"">Indica quina de les següents afirmacions és INCORRECTA sobre el desplaçament de volant i columna:</div><div style=""font-size: 14px; line-height: 1.6;""><div style=""padding: 5px 0;""><b>A)</b> És una maniobra relacionada amb intrusions frontals d’aquests elements</div><div style=""padding: 5px 0;""><b>B)</b> El desplaçament de volant i columna és especialment útil per alliberar les extremitats inferiors atrapades</div><div style=""padding: 5px 0;""><b>C)</b> Pot separar el volant i la columna del tors del conductor</div><div style=""padding: 5px 0;""><b>D)</b> No resol per si sola un atrapament de les extremitats inferiors</div></div></div>","<div style=""text-align: left; font-family: -apple-system, sans-serif;""><div style=""font-weight: bold; font-size: 16px; color: #10b981; margin-bottom: 8px;"">✓ Resposta Correcta: B</div><div style=""font-size: 14px; margin-bottom: 12px; padding: 10px; background: rgba(16,185,129,0.1); border-radius: 6px; border-left: 4px solid #10b981;"">B) El desplaçament de volant i columna és especialment útil per alliberar les extremitats inferiors atrapades</div><hr style=""border: 0; border-top: 1px solid #ddd; margin: 12px 0;""><div style=""font-size: 13px; color: #444; line-height: 1.4;""><b style=""color: #111;"">Explicació:</b> MAN.SVVH.000 v1.2026

4.3. Maniobres d’excarceració — Desplaçament de volant i columna de direcció

El desplaçament de volant i columna separa aquests elements del tors, però no resol atrapaments de les extremitats inferiors.</div></div>","T32_-_Accidents_de_mobilitat_viaria","racord_2867d8f4-1cd7-40b6-abd5-5e8b4261f709"
"<div style=""text-align: left; font-family: -apple-system, sans-serif;""><div style=""font-size: 11px; color: #888; margin-bottom: 6px;"">[T32 - Accidents de mobilitat viària] Pregunta 270</div><div style=""font-weight: bold; font-size: 16px; margin-bottom: 14px; line-height: 1.4;"">En una berlina amb el sostre col·lapsat, una obertura urgent per la lluna posterior es pot obtenir amb:</div><div style=""font-size: 14px; line-height: 1.6;""><div style=""padding: 5px 0;""><b>A)</b> El desmunt parcial posterior</div><div style=""padding: 5px 0;""><b>B)</b> L’elevació de sostre amb separador, o tenda</div><div style=""padding: 5px 0;""><b>C)</b> La llauna de sardines</div><div style=""padding: 5px 0;""><b>D)</b> El desplaçament vertical de sostre amb pistó</div></div></div>","<div style=""text-align: left; font-family: -apple-system, sans-serif;""><div style=""font-weight: bold; font-size: 16px; color: #10b981; margin-bottom: 8px;"">✓ Resposta Correcta: B</div><div style=""font-size: 14px; margin-bottom: 12px; padding: 10px; background: rgba(16,185,129,0.1); border-radius: 6px; border-left: 4px solid #10b981;"">B) L’elevació de sostre amb separador, o tenda</div><hr style=""border: 0; border-top: 1px solid #ddd; margin: 12px 0;""><div style=""font-size: 13px; color: #444; line-height: 1.4;""><b style=""color: #111;"">Explicació:</b> MAN.SVVH.000 v1.2026

4.4. Maniobres complementàries — Elevació de sostre amb separador (tenda)

L’elevació de sostre amb separador, o tenda, recupera espai en un sostre col·lapsat o crea una obertura d’extracció urgent, especialment en berlines a través del forat de la lluna posterior.</div></div>","T32_-_Accidents_de_mobilitat_viaria","racord_1fdb6180-987e-4ac0-aa7e-f945e4c69eb0"
"<div style=""text-align: left; font-family: -apple-system, sans-serif;""><div style=""font-size: 11px; color: #888; margin-bottom: 6px;"">[T32 - Accidents de mobilitat viària] Pregunta 271</div><div style=""font-weight: bold; font-size: 16px; margin-bottom: 14px; line-height: 1.4;"">En quins turismes es pot aplicar un desmunt lateral?</div><div style=""font-size: 14px; line-height: 1.6;""><div style=""padding: 5px 0;""><b>A)</b> En turismes de dues o quatre portes, adaptant la maniobra</div><div style=""padding: 5px 0;""><b>B)</b> En turismes de dues portes únicament si disposen de muntant B</div><div style=""padding: 5px 0;""><b>C)</b> Només en turismes de quatre portes, perquè necessiten més d’un muntant lateral</div><div style=""padding: 5px 0;""><b>D)</b> En qualsevol turisme, sempre amb la mateixa seqüència independentment de la configuració</div></div></div>","<div style=""text-align: left; font-family: -apple-system, sans-serif;""><div style=""font-weight: bold; font-size: 16px; color: #10b981; margin-bottom: 8px;"">✓ Resposta Correcta: A</div><div style=""font-size: 14px; margin-bottom: 12px; padding: 10px; background: rgba(16,185,129,0.1); border-radius: 6px; border-left: 4px solid #10b981;"">A) En turismes de dues o quatre portes, adaptant la maniobra</div><hr style=""border: 0; border-top: 1px solid #ddd; margin: 12px 0;""><div style=""font-size: 13px; color: #444; line-height: 1.4;""><b style=""color: #111;"">Explicació:</b> MAN.SVVH.000 v1.2026

4.2.3. Desmunts laterals

La maniobra es pot aplicar a turismes de dues o quatre portes i s’adapta a la configuració del vehicle.</div></div>","T32_-_Accidents_de_mobilitat_viaria","racord_77508e39-5f6b-4f19-8500-76fb1ccc64d0"
"<div style=""text-align: left; font-family: -apple-system, sans-serif;""><div style=""font-size: 11px; color: #888; margin-bottom: 6px;"">[T32 - Accidents de mobilitat viària] Pregunta 272</div><div style=""font-weight: bold; font-size: 16px; margin-bottom: 14px; line-height: 1.4;"">On es poden col·locar tacs i cunyes per neutralitzar els moviments d’un vehicle accidentat?</div><div style=""font-size: 14px; line-height: 1.6;""><div style=""padding: 5px 0;""><b>A)</b> Als muntants, les rodes o el xassís</div><div style=""padding: 5px 0;""><b>B)</b> Als muntants, les rodes o les taloneres exclusivament</div><div style=""padding: 5px 0;""><b>C)</b> Als muntants, el xassís o els para-xocs si ofereixen superfície suficient</div><div style=""padding: 5px 0;""><b>D)</b> Als travessers, les rodes o els punts de suspensió</div></div></div>","<div style=""text-align: left; font-family: -apple-system, sans-serif;""><div style=""font-weight: bold; font-size: 16px; color: #10b981; margin-bottom: 8px;"">✓ Resposta Correcta: A</div><div style=""font-size: 14px; margin-bottom: 12px; padding: 10px; background: rgba(16,185,129,0.1); border-radius: 6px; border-left: 4px solid #10b981;"">A) Als muntants, les rodes o el xassís</div><hr style=""border: 0; border-top: 1px solid #ddd; margin: 12px 0;""><div style=""font-size: 13px; color: #444; line-height: 1.4;""><b style=""color: #111;"">Explicació:</b> MAN.SVVH.000 v1.2026

4.1.2. Estabilització primària

La maniobra neutralitza els moviments possibles del vehicle col·locant tacs i cunyes en muntants, rodes o xassís.</div></div>","T32_-_Accidents_de_mobilitat_viaria","racord_de311aad-25e5-4adc-8481-865bd8405522"
"<div style=""text-align: left; font-family: -apple-system, sans-serif;""><div style=""font-size: 11px; color: #888; margin-bottom: 6px;"">[T32 - Accidents de mobilitat viària] Pregunta 273</div><div style=""font-weight: bold; font-size: 16px; margin-bottom: 14px; line-height: 1.4;"">La complexitat dels accidents amb camions està especialment condicionada per:</div><div style=""font-size: 14px; line-height: 1.6;""><div style=""padding: 5px 0;""><b>A)</b> El pes, la mida i la possible càrrega de substàncies perilloses</div><div style=""padding: 5px 0;""><b>B)</b> La mida, la menor maniobrabilitat i la presència de passatgers en diferents nivells</div><div style=""padding: 5px 0;""><b>C)</b> El pes, la velocitat màxima i la configuració del sistema de propulsió</div><div style=""padding: 5px 0;""><b>D)</b> El pes, la mida i el nombre habitualment elevat d’ocupants</div></div></div>","<div style=""text-align: left; font-family: -apple-system, sans-serif;""><div style=""font-weight: bold; font-size: 16px; color: #10b981; margin-bottom: 8px;"">✓ Resposta Correcta: A</div><div style=""font-size: 14px; margin-bottom: 12px; padding: 10px; background: rgba(16,185,129,0.1); border-radius: 6px; border-left: 4px solid #10b981;"">A) El pes, la mida i la possible càrrega de substàncies perilloses</div><hr style=""border: 0; border-top: 1px solid #ddd; margin: 12px 0;""><div style=""font-size: 13px; color: #444; line-height: 1.4;""><b style=""color: #111;"">Explicació:</b> MAN.SVVH.000 v1.2026

1.2. Els accidents de mobilitat viària

Els accidents amb camions es caracteritzen per la complexitat a causa del pes, la mida i la possible càrrega de substàncies perilloses.</div></div>","T32_-_Accidents_de_mobilitat_viaria","racord_5c3708ed-c4cd-46b5-898f-c5cdbd758699"
"<div style=""text-align: left; font-family: -apple-system, sans-serif;""><div style=""font-size: 11px; color: #888; margin-bottom: 6px;"">[T32 - Accidents de mobilitat viària] Pregunta 274</div><div style=""font-weight: bold; font-size: 16px; margin-bottom: 14px; line-height: 1.4;"">Com funcionen habitualment les plataformes PMR dels autobusos?</div><div style=""font-size: 14px; line-height: 1.6;""><div style=""padding: 5px 0;""><b>A)</b> Mitjançant mecanismes pneumàtics</div><div style=""padding: 5px 0;""><b>B)</b> Mitjançant mecanismes manuals assistits</div><div style=""padding: 5px 0;""><b>C)</b> Mitjançant mecanismes electromecànics</div><div style=""padding: 5px 0;""><b>D)</b> Mitjançant mecanismes hidràulics</div></div></div>","<div style=""text-align: left; font-family: -apple-system, sans-serif;""><div style=""font-weight: bold; font-size: 16px; color: #10b981; margin-bottom: 8px;"">✓ Resposta Correcta: D</div><div style=""font-size: 14px; margin-bottom: 12px; padding: 10px; background: rgba(16,185,129,0.1); border-radius: 6px; border-left: 4px solid #10b981;"">D) Mitjançant mecanismes hidràulics</div><hr style=""border: 0; border-top: 1px solid #ddd; margin: 12px 0;""><div style=""font-size: 13px; color: #444; line-height: 1.4;""><b style=""color: #111;"">Explicació:</b> MAN.SVVH.000 v1.2026

2.2.5. Espais interiors i accessos

Les plataformes PMR poden situar-se en portes laterals o posteriors i funcionen amb mecanismes hidràulics.</div></div>","T32_-_Accidents_de_mobilitat_viaria","racord_f15275b8-ac4d-4760-9edd-67733ef11fb2"
"<div style=""text-align: left; font-family: -apple-system, sans-serif;""><div style=""font-size: 11px; color: #888; margin-bottom: 6px;"">[T32 - Accidents de mobilitat viària] Pregunta 275</div><div style=""font-weight: bold; font-size: 16px; margin-bottom: 14px; line-height: 1.4;"">Quin problema poden generar alguns espais interiors d’un autocar?</div><div style=""font-size: 14px; line-height: 1.6;""><div style=""padding: 5px 0;""><b>A)</b> Pèrdua de pressió del sistema pneumàtic en qualsevol accident</div><div style=""padding: 5px 0;""><b>B)</b> Desconnexió automàtica dels mecanismes de tancament</div><div style=""padding: 5px 0;""><b>C)</b> Punts cecs i mecanismes o tancaments específics</div><div style=""padding: 5px 0;""><b>D)</b> Obstacles d’evacuació sense afectar la localització de víctimes</div></div></div>","<div style=""text-align: left; font-family: -apple-system, sans-serif;""><div style=""font-weight: bold; font-size: 16px; color: #10b981; margin-bottom: 8px;"">✓ Resposta Correcta: C</div><div style=""font-size: 14px; margin-bottom: 12px; padding: 10px; background: rgba(16,185,129,0.1); border-radius: 6px; border-left: 4px solid #10b981;"">C) Punts cecs i mecanismes o tancaments específics</div><hr style=""border: 0; border-top: 1px solid #ddd; margin: 12px 0;""><div style=""font-size: 13px; color: #444; line-height: 1.4;""><b style=""color: #111;"">Explicació:</b> MAN.SVVH.000 v1.2026

2.2.5. Espais interiors i accessos

Determinats espais interiors poden generar punts cecs o contenir mecanismes i tancaments específics.</div></div>","T32_-_Accidents_de_mobilitat_viaria","racord_f7c56b4b-c822-4967-9f43-da822c1f01e1"
"<div style=""text-align: left; font-family: -apple-system, sans-serif;""><div style=""font-size: 11px; color: #888; margin-bottom: 6px;"">[T32 - Accidents de mobilitat viària] Pregunta 276</div><div style=""font-weight: bold; font-size: 16px; margin-bottom: 14px; line-height: 1.4;"">En què consisteix la maniobra de sostre coneguda com a «llauna de sardines»?</div><div style=""font-size: 14px; line-height: 1.6;""><div style=""padding: 5px 0;""><b>A)</b> Fer un únic tall longitudinal i abatre el sostre cap a un lateral</div><div style=""padding: 5px 0;""><b>B)</b> Fer dos talls propers i paral·lels als travessers longitudinals i plegar el sostre</div><div style=""padding: 5px 0;""><b>C)</b> Fer dos talls transversals i plegar el sostre lateralment</div><div style=""padding: 5px 0;""><b>D)</b> Tallar tots els muntants i plegar el sostre sense separar-lo</div></div></div>","<div style=""text-align: left; font-family: -apple-system, sans-serif;""><div style=""font-weight: bold; font-size: 16px; color: #10b981; margin-bottom: 8px;"">✓ Resposta Correcta: B</div><div style=""font-size: 14px; margin-bottom: 12px; padding: 10px; background: rgba(16,185,129,0.1); border-radius: 6px; border-left: 4px solid #10b981;"">B) Fer dos talls propers i paral·lels als travessers longitudinals i plegar el sostre</div><hr style=""border: 0; border-top: 1px solid #ddd; margin: 12px 0;""><div style=""font-size: 13px; color: #444; line-height: 1.4;""><b style=""color: #111;"">Explicació:</b> MAN.SVVH.000 v1.2026

4.2.4. Desmunts de sostre — Serra de sabre

La maniobra coneguda com a «llauna de sardines» es basa en dos talls propers i paral·lels als travessers longitudinals del sostre, que després es plega cap a davant o darrere.</div></div>","T32_-_Accidents_de_mobilitat_viaria","racord_6070b467-73b6-4253-81b8-6168db9cf675"
"<div style=""text-align: left; font-family: -apple-system, sans-serif;""><div style=""font-size: 11px; color: #888; margin-bottom: 6px;"">[T32 - Accidents de mobilitat viària] Pregunta 277</div><div style=""font-weight: bold; font-size: 16px; margin-bottom: 14px; line-height: 1.4;"">En una col·lisió frontal, el volant i la columna de direcció comprimeixen el tors del conductor. Quina maniobra està indicada?</div><div style=""font-size: 14px; line-height: 1.6;""><div style=""padding: 5px 0;""><b>A)</b> Desplaçament del davantal, perquè amplia l’espai toràcic i allibera la columna</div><div style=""padding: 5px 0;""><b>B)</b> Tall de volant, perquè elimina la compressió sense moure la columna</div><div style=""padding: 5px 0;""><b>C)</b> Desplaçament del volant i de la columna de direcció</div><div style=""padding: 5px 0;""><b>D)</b> Desplaçament del muntant B, perquè recupera l’espai vital del conductor</div></div></div>","<div style=""text-align: left; font-family: -apple-system, sans-serif;""><div style=""font-weight: bold; font-size: 16px; color: #10b981; margin-bottom: 8px;"">✓ Resposta Correcta: C</div><div style=""font-size: 14px; margin-bottom: 12px; padding: 10px; background: rgba(16,185,129,0.1); border-radius: 6px; border-left: 4px solid #10b981;"">C) Desplaçament del volant i de la columna de direcció</div><hr style=""border: 0; border-top: 1px solid #ddd; margin: 12px 0;""><div style=""font-size: 13px; color: #444; line-height: 1.4;""><b style=""color: #111;"">Explicació:</b> MAN.SVVH.000 v1.2026

4.3. Maniobres d’excarceració — Desplaçament de volant i columna de direcció

El desplaçament de volant i columna allibera conductors en col·lisions frontals amb forta intrusió d’aquests elements dins l’habitacle.</div></div>","T32_-_Accidents_de_mobilitat_viaria","racord_c5d2f95d-60a3-4238-a9f0-6387050560b5"
"<div style=""text-align: left; font-family: -apple-system, sans-serif;""><div style=""font-size: 11px; color: #888; margin-bottom: 6px;"">[T32 - Accidents de mobilitat viària] Pregunta 278</div><div style=""font-weight: bold; font-size: 16px; margin-bottom: 14px; line-height: 1.4;"">Les dades d’accidentalitat a Catalunya posen de manifest la necessitat de:</div><div style=""font-size: 14px; line-height: 1.6;""><div style=""padding: 5px 0;""><b>A)</b> Mantenir la prevenció, però concentrar la vigilància en els períodes amb més accidentalitat</div><div style=""padding: 5px 0;""><b>B)</b> Prioritzar la vigilància operativa sobre les mesures preventives, atesa l’estabilitat de la sinistralitat</div><div style=""padding: 5px 0;""><b>C)</b> Mantenir la vigilància en seguretat viària i continuar treballant en la prevenció</div><div style=""padding: 5px 0;""><b>D)</b> Mantenir la vigilància en seguretat viària i reforçar principalment la resposta posterior als accidents</div></div></div>","<div style=""text-align: left; font-family: -apple-system, sans-serif;""><div style=""font-weight: bold; font-size: 16px; color: #10b981; margin-bottom: 8px;"">✓ Resposta Correcta: C</div><div style=""font-size: 14px; margin-bottom: 12px; padding: 10px; background: rgba(16,185,129,0.1); border-radius: 6px; border-left: 4px solid #10b981;"">C) Mantenir la vigilància en seguretat viària i continuar treballant en la prevenció</div><hr style=""border: 0; border-top: 1px solid #ddd; margin: 12px 0;""><div style=""font-size: 13px; color: #444; line-height: 1.4;""><b style=""color: #111;"">Explicació:</b> MAN.SVVH.000 v1.2026

1.1. Context de la mobilitat a Catalunya

Aquestes dades reflecteixen la importància de mantenir una vigilància constant en matèria de seguretat viària i de continuar treballant en la prevenció d’accidents.</div></div>","T32_-_Accidents_de_mobilitat_viaria","racord_f1854236-a7aa-4af2-85cd-0a86dfdaa78d"
"<div style=""text-align: left; font-family: -apple-system, sans-serif;""><div style=""font-size: 11px; color: #888; margin-bottom: 6px;"">[T32 - Accidents de mobilitat viària] Pregunta 279</div><div style=""font-weight: bold; font-size: 16px; margin-bottom: 14px; line-height: 1.4;"">La primera actuació de seguretat en arribar a un accident de trànsit és:</div><div style=""font-size: 14px; line-height: 1.6;""><div style=""padding: 5px 0;""><b>A)</b> Delimitar-lo físicament</div><div style=""padding: 5px 0;""><b>B)</b> Establir primer les zones calenta i tèbia i senyalitzar-les després de començar el rescat</div><div style=""padding: 5px 0;""><b>C)</b> Fer una valoració ràpida dels vehicles abans de delimitar físicament la zona</div><div style=""padding: 5px 0;""><b>D)</b> Situar els vehicles de servei i iniciar l’estabilització abans de tancar l’escenari</div></div></div>","<div style=""text-align: left; font-family: -apple-system, sans-serif;""><div style=""font-weight: bold; font-size: 16px; color: #10b981; margin-bottom: 8px;"">✓ Resposta Correcta: A</div><div style=""font-size: 14px; margin-bottom: 12px; padding: 10px; background: rgba(16,185,129,0.1); border-radius: 6px; border-left: 4px solid #10b981;"">A) Delimitar-lo físicament</div><hr style=""border: 0; border-top: 1px solid #ddd; margin: 12px 0;""><div style=""font-size: 13px; color: #444; line-height: 1.4;""><b style=""color: #111;"">Explicació:</b> MAN.SVVH.000 v1.2026

5.1. Principis generals de seguretat

La primera actuació ha de ser delimitar físicament l’escenari per protegir els intervinents i les víctimes.</div></div>","T32_-_Accidents_de_mobilitat_viaria","racord_5471e565-4887-4e24-aa00-e25554057e55"
"<div style=""text-align: left; font-family: -apple-system, sans-serif;""><div style=""font-size: 11px; color: #888; margin-bottom: 6px;"">[T32 - Accidents de mobilitat viària] Pregunta 280</div><div style=""font-weight: bold; font-size: 16px; margin-bottom: 14px; line-height: 1.4;"">Assenyala la situació que pot incorporar un risc afegit específic en un accident de mobilitat:</div><div style=""font-size: 14px; line-height: 1.6;""><div style=""padding: 5px 0;""><b>A)</b> La circulació de vehicles de gran capacitat en vies amb una elevada densitat de trànsit</div><div style=""padding: 5px 0;""><b>B)</b> La combinació de càrregues pesants amb sistemes de propulsió convencional</div><div style=""padding: 5px 0;""><b>C)</b> La presència simultània de diferents tipus de vehicles en un mateix sinistre</div><div style=""padding: 5px 0;""><b>D)</b> El transport de substàncies perilloses o l’ús de sistemes de propulsió no convencionals</div></div></div>","<div style=""text-align: left; font-family: -apple-system, sans-serif;""><div style=""font-weight: bold; font-size: 16px; color: #10b981; margin-bottom: 8px;"">✓ Resposta Correcta: D</div><div style=""font-size: 14px; margin-bottom: 12px; padding: 10px; background: rgba(16,185,129,0.1); border-radius: 6px; border-left: 4px solid #10b981;"">D) El transport de substàncies perilloses o l’ús de sistemes de propulsió no convencionals</div><hr style=""border: 0; border-top: 1px solid #ddd; margin: 12px 0;""><div style=""font-size: 13px; color: #444; line-height: 1.4;""><b style=""color: #111;"">Explicació:</b> MAN.SVVH.000 v1.2026

1.1. Context de la mobilitat a Catalunya

Hi ha risc afegit en cas de vehicles que transportin substàncies perilloses o utilitzin sistemes de propulsió no convencionals.</div></div>","T32_-_Accidents_de_mobilitat_viaria","racord_42d0d52d-0c4b-4928-b54d-caedb0053f69"
"<div style=""text-align: left; font-family: -apple-system, sans-serif;""><div style=""font-size: 11px; color: #888; margin-bottom: 6px;"">[T32 - Accidents de mobilitat viària] Pregunta 281</div><div style=""font-weight: bold; font-size: 16px; margin-bottom: 14px; line-height: 1.4;"">Quin risc pot presentar una estructura excessivament rígida?</div><div style=""font-size: 14px; line-height: 1.6;""><div style=""padding: 5px 0;""><b>A)</b> Pot augmentar riscos si no hi ha sistemes de retenció adequats</div><div style=""padding: 5px 0;""><b>B)</b> Pot augmentar la deformació de l’habitacle encara que hi hagi sistemes de retenció</div><div style=""padding: 5px 0;""><b>C)</b> Pot fer innecessaris els sistemes de retenció en impactes de baixa velocitat</div><div style=""padding: 5px 0;""><b>D)</b> Pot impedir la bolcada del vehicle però augmentar el risc frontal</div></div></div>","<div style=""text-align: left; font-family: -apple-system, sans-serif;""><div style=""font-weight: bold; font-size: 16px; color: #10b981; margin-bottom: 8px;"">✓ Resposta Correcta: A</div><div style=""font-size: 14px; margin-bottom: 12px; padding: 10px; background: rgba(16,185,129,0.1); border-radius: 6px; border-left: 4px solid #10b981;"">A) Pot augmentar riscos si no hi ha sistemes de retenció adequats</div><hr style=""border: 0; border-top: 1px solid #ddd; margin: 12px 0;""><div style=""font-size: 13px; color: #444; line-height: 1.4;""><b style=""color: #111;"">Explicació:</b> MAN.SVVH.000 v1.2026

2.2.4. Disseny estructural: bastidor i superestructura

Una estructura massa rígida pot comportar riscos en un accident si no hi ha sistemes de retenció adequats.</div></div>","T32_-_Accidents_de_mobilitat_viaria","racord_1d94f8c5-88da-41b5-9948-8a9ecd743757"
"<div style=""text-align: left; font-family: -apple-system, sans-serif;""><div style=""font-size: 11px; color: #888; margin-bottom: 6px;"">[T32 - Accidents de mobilitat viària] Pregunta 282</div><div style=""font-weight: bold; font-size: 16px; margin-bottom: 14px; line-height: 1.4;"">Quin tipus de camió protegeix la càrrega de les inclemències i transporta productes generals?</div><div style=""font-size: 14px; line-height: 1.6;""><div style=""padding: 5px 0;""><b>A)</b> Camió portacontenidors</div><div style=""padding: 5px 0;""><b>B)</b> Camió frigorífic</div><div style=""padding: 5px 0;""><b>C)</b> Camió de caixa tancada</div><div style=""padding: 5px 0;""><b>D)</b> Camió amb caixa isotèrmica</div></div></div>","<div style=""text-align: left; font-family: -apple-system, sans-serif;""><div style=""font-weight: bold; font-size: 16px; color: #10b981; margin-bottom: 8px;"">✓ Resposta Correcta: C</div><div style=""font-size: 14px; margin-bottom: 12px; padding: 10px; background: rgba(16,185,129,0.1); border-radius: 6px; border-left: 4px solid #10b981;"">C) Camió de caixa tancada</div><hr style=""border: 0; border-top: 1px solid #ddd; margin: 12px 0;""><div style=""font-size: 13px; color: #444; line-height: 1.4;""><b style=""color: #111;"">Explicació:</b> MAN.SVVH.000 v1.2026

2.3.3. Sistemes de càrrega i tipus de contenidor

Els camions de caixa tancada protegeixen la càrrega de les inclemències i transporten productes generals.</div></div>","T32_-_Accidents_de_mobilitat_viaria","racord_d7187336-3596-4852-87bc-f0efda34a138"
"<div style=""text-align: left; font-family: -apple-system, sans-serif;""><div style=""font-size: 11px; color: #888; margin-bottom: 6px;"">[T32 - Accidents de mobilitat viària] Pregunta 283</div><div style=""font-weight: bold; font-size: 16px; margin-bottom: 14px; line-height: 1.4;"">Des del punt de vista operatiu, els trens es caracteritzen per:</div><div style=""font-size: 14px; line-height: 1.6;""><div style=""padding: 5px 0;""><b>A)</b> Gran massa, energia cinètica moderada i infraestructura ferroviària específica</div><div style=""padding: 5px 0;""><b>B)</b> Massa moderada, elevada energia cinètica i circulació sobre vies rígides</div><div style=""padding: 5px 0;""><b>C)</b> Gran massa, elevada energia cinètica i capacitat de circular fora de la infraestructura guiada</div><div style=""padding: 5px 0;""><b>D)</b> Gran massa, elevada energia cinètica i infraestructura ferroviària específica</div></div></div>","<div style=""text-align: left; font-family: -apple-system, sans-serif;""><div style=""font-weight: bold; font-size: 16px; color: #10b981; margin-bottom: 8px;"">✓ Resposta Correcta: D</div><div style=""font-size: 14px; margin-bottom: 12px; padding: 10px; background: rgba(16,185,129,0.1); border-radius: 6px; border-left: 4px solid #10b981;"">D) Gran massa, elevada energia cinètica i infraestructura ferroviària específica</div><hr style=""border: 0; border-top: 1px solid #ddd; margin: 12px 0;""><div style=""font-size: 13px; color: #444; line-height: 1.4;""><b style=""color: #111;"">Explicació:</b> MAN.SVVH.000 v1.2026

2.4. Accidents ferroviaris

Els trens són mitjans de transport complexos, de gran massa i energia cinètica, que circulen sobre infraestructura ferroviària específica.</div></div>","T32_-_Accidents_de_mobilitat_viaria","racord_4a1efb2a-9d50-46bf-a432-9435bfdf48dc"
"<div style=""text-align: left; font-family: -apple-system, sans-serif;""><div style=""font-size: 11px; color: #888; margin-bottom: 6px;"">[T32 - Accidents de mobilitat viària] Pregunta 284</div><div style=""font-weight: bold; font-size: 16px; margin-bottom: 14px; line-height: 1.4;"">En un accident de trànsit, durant l'execució del Pla A, la víctima empitjora de manera sobtada i cal reduir el temps d’extracció. Quin pla s’ha d’activar?</div><div style=""font-size: 14px; line-height: 1.6;""><div style=""padding: 5px 0;""><b>A)</b> El Pla E (Pla d'Emergència)</div><div style=""padding: 5px 0;""><b>B)</b> Activar un alliberament d’emergència</div><div style=""padding: 5px 0;""><b>C)</b> El Pla B</div><div style=""padding: 5px 0;""><b>D)</b> El Pla A+</div></div></div>","<div style=""text-align: left; font-family: -apple-system, sans-serif;""><div style=""font-weight: bold; font-size: 16px; color: #10b981; margin-bottom: 8px;"">✓ Resposta Correcta: C</div><div style=""font-size: 14px; margin-bottom: 12px; padding: 10px; background: rgba(16,185,129,0.1); border-radius: 6px; border-left: 4px solid #10b981;"">C) El Pla B</div><hr style=""border: 0; border-top: 1px solid #ddd; margin: 12px 0;""><div style=""font-size: 13px; color: #444; line-height: 1.4;""><b style=""color: #111;"">Explicació:</b> MAN.SVVH.000 v1.2026

3.3. Valorar el Pla d’acció de la intervenció (PAI)

El Pla B es preveu en paral·lel al Pla A i s’activa si hi ha un agreujament sobtat o una situació sobrevinguda que obliga a reduir el temps d’extracció.</div></div>","T32_-_Accidents_de_mobilitat_viaria","racord_a27a4254-45a9-49b2-a00f-1a9a077dec6b"
"<div style=""text-align: left; font-family: -apple-system, sans-serif;""><div style=""font-size: 11px; color: #888; margin-bottom: 6px;"">[T32 - Accidents de mobilitat viària] Pregunta 285</div><div style=""font-weight: bold; font-size: 16px; margin-bottom: 14px; line-height: 1.4;"">Quina diferència operativa presenta un tren respecte d’un vehicle de carretera?</div><div style=""font-size: 14px; line-height: 1.6;""><div style=""padding: 5px 0;""><b>A)</b> Estructura modular, vies flexibles i capacitat de frenada molt limitada</div><div style=""padding: 5px 0;""><b>B)</b> Estructura unitària, vies rígides i una capacitat de frenada superior a la d’un vehicle de carretera</div><div style=""padding: 5px 0;""><b>C)</b> Estructura modular, vies rígides i capacitat de frenada molt limitada</div><div style=""padding: 5px 0;""><b>D)</b> Estructura modular, vies rígides i elevada capacitat de maniobra lateral</div></div></div>","<div style=""text-align: left; font-family: -apple-system, sans-serif;""><div style=""font-weight: bold; font-size: 16px; color: #10b981; margin-bottom: 8px;"">✓ Resposta Correcta: C</div><div style=""font-size: 14px; margin-bottom: 12px; padding: 10px; background: rgba(16,185,129,0.1); border-radius: 6px; border-left: 4px solid #10b981;"">C) Estructura modular, vies rígides i capacitat de frenada molt limitada</div><hr style=""border: 0; border-top: 1px solid #ddd; margin: 12px 0;""><div style=""font-size: 13px; color: #444; line-height: 1.4;""><b style=""color: #111;"">Explicació:</b> MAN.SVVH.000 v1.2026

2.4. Accidents ferroviaris

Els trens tenen estructura modular, circulen per vies rígides i presenten una capacitat de frenada molt limitada.</div></div>","T32_-_Accidents_de_mobilitat_viaria","racord_c1e2fa0c-964a-4d5b-8938-200d7b20698a"
"<div style=""text-align: left; font-family: -apple-system, sans-serif;""><div style=""font-size: 11px; color: #888; margin-bottom: 6px;"">[T32 - Accidents de mobilitat viària] Pregunta 286</div><div style=""font-weight: bold; font-size: 16px; margin-bottom: 14px; line-height: 1.4;"">Quina configuració pot arribar a tenir un camió amb remolc?</div><div style=""font-size: 14px; line-height: 1.6;""><div style=""padding: 5px 0;""><b>A)</b> Cap tractor, remolc i remolc addicional</div><div style=""padding: 5px 0;""><b>B)</b> Cap tractor i dos semiremolcs successius</div><div style=""padding: 5px 0;""><b>C)</b> Cabina, caixa fixa i remolc addicional</div><div style=""padding: 5px 0;""><b>D)</b> Cap tractor, semiremolc i remolc addicional</div></div></div>","<div style=""text-align: left; font-family: -apple-system, sans-serif;""><div style=""font-weight: bold; font-size: 16px; color: #10b981; margin-bottom: 8px;"">✓ Resposta Correcta: A</div><div style=""font-size: 14px; margin-bottom: 12px; padding: 10px; background: rgba(16,185,129,0.1); border-radius: 6px; border-left: 4px solid #10b981;"">A) Cap tractor, remolc i remolc addicional</div><hr style=""border: 0; border-top: 1px solid #ddd; margin: 12px 0;""><div style=""font-size: 13px; color: #444; line-height: 1.4;""><b style=""color: #111;"">Explicació:</b> MAN.SVVH.000 v1.2026

2.3.1. Tipus de camions segons l’estructura

El camió amb remolc pot tenir fins a tres elements: cap tractor, remolc i remolc addicional.</div></div>","T32_-_Accidents_de_mobilitat_viaria","racord_610a0fe5-514e-47e9-b65e-ac53ca0ff5b6"
"<div style=""text-align: left; font-family: -apple-system, sans-serif;""><div style=""font-size: 11px; color: #888; margin-bottom: 6px;"">[T32 - Accidents de mobilitat viària] Pregunta 287</div><div style=""font-weight: bold; font-size: 16px; margin-bottom: 14px; line-height: 1.4;"">Indica quina de les següents afirmacions és INCORRECTA quan es tallen elements pesants d’un camió o autobús:</div><div style=""font-size: 14px; line-height: 1.6;""><div style=""padding: 5px 0;""><b>A)</b> Cal preveure l’assegurament dels elements abans de tallar-los</div><div style=""padding: 5px 0;""><b>B)</b> El control de l’element tallat forma part de la seguretat de la maniobra</div><div style=""padding: 5px 0;""><b>C)</b> Els elements pesants s’han de deixar lliures durant el tall perquè caiguin fora de la zona de treball</div><div style=""padding: 5px 0;""><b>D)</b> En camions i autobusos alguns elements poden pesar més que en un turisme</div></div></div>","<div style=""text-align: left; font-family: -apple-system, sans-serif;""><div style=""font-weight: bold; font-size: 16px; color: #10b981; margin-bottom: 8px;"">✓ Resposta Correcta: C</div><div style=""font-size: 14px; margin-bottom: 12px; padding: 10px; background: rgba(16,185,129,0.1); border-radius: 6px; border-left: 4px solid #10b981;"">C) Els elements pesants s’han de deixar lliures durant el tall perquè caiguin fora de la zona de treball</div><hr style=""border: 0; border-top: 1px solid #ddd; margin: 12px 0;""><div style=""font-size: 13px; color: #444; line-height: 1.4;""><b style=""color: #111;"">Explicació:</b> MAN.SVVH.000 v1.2026

4.2.2. Obertura de portes laterals i porta del darrere

En camions i autobusos els elements poden tenir un pes superior al dels turismes i cal preveure l’assegurament previ dels elements que es tallaran.</div></div>","T32_-_Accidents_de_mobilitat_viaria","racord_9d491910-4eec-4bee-b2b0-4f3a04a98928"
"<div style=""text-align: left; font-family: -apple-system, sans-serif;""><div style=""font-size: 11px; color: #888; margin-bottom: 6px;"">[T32 - Accidents de mobilitat viària] Pregunta 288</div><div style=""font-weight: bold; font-size: 16px; margin-bottom: 14px; line-height: 1.4;"">Quan actua la seguretat terciària?</div><div style=""font-size: 14px; line-height: 1.6;""><div style=""padding: 5px 0;""><b>A)</b> Durant la conducció normal i fins al moment de l’impacte</div><div style=""padding: 5px 0;""><b>B)</b> Abans de l’accident, quan el conductor encara pot evitar-lo</div><div style=""padding: 5px 0;""><b>C)</b> Durant l’impacte, abans que finalitzi la fase de col·lisió</div><div style=""padding: 5px 0;""><b>D)</b> Després de l’accident</div></div></div>","<div style=""text-align: left; font-family: -apple-system, sans-serif;""><div style=""font-weight: bold; font-size: 16px; color: #10b981; margin-bottom: 8px;"">✓ Resposta Correcta: D</div><div style=""font-size: 14px; margin-bottom: 12px; padding: 10px; background: rgba(16,185,129,0.1); border-radius: 6px; border-left: 4px solid #10b981;"">D) Després de l’accident</div><hr style=""border: 0; border-top: 1px solid #ddd; margin: 12px 0;""><div style=""font-size: 13px; color: #444; line-height: 1.4;""><b style=""color: #111;"">Explicació:</b> MAN.SVVH.000 v1.2026

2.1.4. Seguretat dels vehicles

La seguretat terciària actua després de l’accident.</div></div>","T32_-_Accidents_de_mobilitat_viaria","racord_4a0c33f1-ce65-4810-ab5a-b8bb89e72fac"
"<div style=""text-align: left; font-family: -apple-system, sans-serif;""><div style=""font-size: 11px; color: #888; margin-bottom: 6px;"">[T32 - Accidents de mobilitat viària] Pregunta 289</div><div style=""font-weight: bold; font-size: 16px; margin-bottom: 14px; line-height: 1.4;"">Una víctima està inconscient dins d’un turisme inestable i el sanitari necessita accedir-hi amb urgència. Quina estabilització està indicada inicialment?</div><div style=""font-size: 14px; line-height: 1.6;""><div style=""padding: 5px 0;""><b>A)</b> L’estabilització secundària amb puntals, encara que retardi l’accés inicial</div><div style=""padding: 5px 0;""><b>B)</b> L’estabilització manual d’emergència</div><div style=""padding: 5px 0;""><b>C)</b> L’estabilització mínima de tres punts, perquè és la més ràpida de muntar</div><div style=""padding: 5px 0;""><b>D)</b> L’estabilització primària amb tacs i cunyes, completada abans de l’accés sanitari</div></div></div>","<div style=""text-align: left; font-family: -apple-system, sans-serif;""><div style=""font-weight: bold; font-size: 16px; color: #10b981; margin-bottom: 8px;"">✓ Resposta Correcta: B</div><div style=""font-size: 14px; margin-bottom: 12px; padding: 10px; background: rgba(16,185,129,0.1); border-radius: 6px; border-left: 4px solid #10b981;"">B) L’estabilització manual d’emergència</div><hr style=""border: 0; border-top: 1px solid #ddd; margin: 12px 0;""><div style=""font-size: 13px; color: #444; line-height: 1.4;""><b style=""color: #111;"">Explicació:</b> MAN.SVVH.000 v1.2026

4.1.1. Estabilització manual d’emergència

L’estabilització manual d’emergència té per objectiu controlar manualment la mobilitat del vehicle i s’aplica quan la víctima està inconscient i l’accés sanitari és urgent.</div></div>","T32_-_Accidents_de_mobilitat_viaria","racord_fed3640f-348b-4dbe-a04a-f027d06e3ac4"
"<div style=""text-align: left; font-family: -apple-system, sans-serif;""><div style=""font-size: 11px; color: #888; margin-bottom: 6px;"">[T32 - Accidents de mobilitat viària] Pregunta 290</div><div style=""font-weight: bold; font-size: 16px; margin-bottom: 14px; line-height: 1.4;"">Quin objectiu tècnic té un alliberament controlat d'una víctima que ha patit un accident de trànsit?</div><div style=""font-size: 14px; line-height: 1.6;""><div style=""padding: 5px 0;""><b>A)</b> Reduir el temps d’extracció amb el mínim nombre de maniobres</div><div style=""padding: 5px 0;""><b>B)</b> Prioritzar una extracció en bloc sense necessitat de crear espai addicional</div><div style=""padding: 5px 0;""><b>C)</b> Aconseguir un ampli espai d’extracció amb una maniobra de qualitat</div><div style=""padding: 5px 0;""><b>D)</b> Generar el màxim espai possible encara que augmenti la mobilització de la víctima</div></div></div>","<div style=""text-align: left; font-family: -apple-system, sans-serif;""><div style=""font-weight: bold; font-size: 16px; color: #10b981; margin-bottom: 8px;"">✓ Resposta Correcta: C</div><div style=""font-size: 14px; margin-bottom: 12px; padding: 10px; background: rgba(16,185,129,0.1); border-radius: 6px; border-left: 4px solid #10b981;"">C) Aconseguir un ampli espai d’extracció amb una maniobra de qualitat</div><hr style=""border: 0; border-top: 1px solid #ddd; margin: 12px 0;""><div style=""font-size: 13px; color: #444; line-height: 1.4;""><b style=""color: #111;"">Explicació:</b> MAN.SVVH.000 v1.2026

3.2.5. Tipus d’alliberament de les víctimes

L’alliberament controlat busca un ampli espai d’extracció i una gran qualitat de la maniobra.</div></div>","T32_-_Accidents_de_mobilitat_viaria","racord_1485d9ad-9ef5-491f-bbfd-d106e6cfa476"
"<div style=""text-align: left; font-family: -apple-system, sans-serif;""><div style=""font-size: 11px; color: #888; margin-bottom: 6px;"">[T32 - Accidents de mobilitat viària] Pregunta 291</div><div style=""font-weight: bold; font-size: 16px; margin-bottom: 14px; line-height: 1.4;"">Són mesures de seguretat terciària:</div><div style=""font-size: 14px; line-height: 1.6;""><div style=""padding: 5px 0;""><b>A)</b> eCall, sensors de fatiga i sistemes d’accés per al rescat</div><div style=""padding: 5px 0;""><b>B)</b> Facilitat d’accés per al rescat i identificació del tipus de vehicle</div><div style=""padding: 5px 0;""><b>C)</b> ABS, eCall i identificació del tipus de vehicle</div><div style=""padding: 5px 0;""><b>D)</b> Facilitat d’accés, cinturons i identificació del tipus de vehicle</div></div></div>","<div style=""text-align: left; font-family: -apple-system, sans-serif;""><div style=""font-weight: bold; font-size: 16px; color: #10b981; margin-bottom: 8px;"">✓ Resposta Correcta: B</div><div style=""font-size: 14px; margin-bottom: 12px; padding: 10px; background: rgba(16,185,129,0.1); border-radius: 6px; border-left: 4px solid #10b981;"">B) Facilitat d’accés per al rescat i identificació del tipus de vehicle</div><hr style=""border: 0; border-top: 1px solid #ddd; margin: 12px 0;""><div style=""font-size: 13px; color: #444; line-height: 1.4;""><b style=""color: #111;"">Explicació:</b> MAN.SVVH.000 v1.2026

2.1.4. Seguretat dels vehicles

La facilitat d’accés per als equips de rescat i la identificació del tipus de vehicle són exemples de seguretat terciària.</div></div>","T32_-_Accidents_de_mobilitat_viaria","racord_bb62a7f3-14c3-4de7-9265-d82b1f337ecd"
"<div style=""text-align: left; font-family: -apple-system, sans-serif;""><div style=""font-size: 11px; color: #888; margin-bottom: 6px;"">[T32 - Accidents de mobilitat viària] Pregunta 292</div><div style=""font-weight: bold; font-size: 16px; margin-bottom: 14px; line-height: 1.4;"">Per estabilitzar un vehicle accidentat es poden utilitzar, segons la posició i la massa:</div><div style=""font-size: 14px; line-height: 1.6;""><div style=""padding: 5px 0;""><b>A)</b> Tacs, coixins, separadors o eslingues</div><div style=""padding: 5px 0;""><b>B)</b> Cunyes, puntals, eslingues o coixins</div><div style=""padding: 5px 0;""><b>C)</b> Cunyes, puntals, eslingues o pistons hidràulics</div><div style=""padding: 5px 0;""><b>D)</b> Cunyes, puntals, tractels o cisalles</div></div></div>","<div style=""text-align: left; font-family: -apple-system, sans-serif;""><div style=""font-weight: bold; font-size: 16px; color: #10b981; margin-bottom: 8px;"">✓ Resposta Correcta: B</div><div style=""font-size: 14px; margin-bottom: 12px; padding: 10px; background: rgba(16,185,129,0.1); border-radius: 6px; border-left: 4px solid #10b981;"">B) Cunyes, puntals, eslingues o coixins</div><hr style=""border: 0; border-top: 1px solid #ddd; margin: 12px 0;""><div style=""font-size: 13px; color: #444; line-height: 1.4;""><b style=""color: #111;"">Explicació:</b> MAN.SVVH.000 v1.2026

5.1. Principis generals de seguretat — Estabilització

L’estabilització es pot realitzar amb cunyes, puntals, eslingues o coixins segons la posició i la massa del vehicle.</div></div>","T32_-_Accidents_de_mobilitat_viaria","racord_aa4a18b7-f11b-49be-86b3-d2bc1193ed46"
"<div style=""text-align: left; font-family: -apple-system, sans-serif;""><div style=""font-size: 11px; color: #888; margin-bottom: 6px;"">[T32 - Accidents de mobilitat viària] Pregunta 293</div><div style=""font-weight: bold; font-size: 16px; margin-bottom: 14px; line-height: 1.4;"">Indica quina de les següents afirmacions és INCORRECTA en treballs amb serra de sabre:</div><div style=""font-size: 14px; line-height: 1.6;""><div style=""padding: 5px 0;""><b>A)</b> La serra de sabre elimina la necessitat de protegir els cantells perquè produeix talls nets</div><div style=""padding: 5px 0;""><b>B)</b> Els cantells vius resultants s’han de protegir</div><div style=""padding: 5px 0;""><b>C)</b> La maniobra pot ser sorollosa</div><div style=""padding: 5px 0;""><b>D)</b> L’ús de serra de sabre pot generar vibracions</div></div></div>","<div style=""text-align: left; font-family: -apple-system, sans-serif;""><div style=""font-weight: bold; font-size: 16px; color: #10b981; margin-bottom: 8px;"">✓ Resposta Correcta: A</div><div style=""font-size: 14px; margin-bottom: 12px; padding: 10px; background: rgba(16,185,129,0.1); border-radius: 6px; border-left: 4px solid #10b981;"">A) La serra de sabre elimina la necessitat de protegir els cantells perquè produeix talls nets</div><hr style=""border: 0; border-top: 1px solid #ddd; margin: 12px 0;""><div style=""font-size: 13px; color: #444; line-height: 1.4;""><b style=""color: #111;"">Explicació:</b> MAN.SVVH.000 v1.2026

4.2.4. Desmunts de sostre — Serra de sabre

Les maniobres amb serra de sabre són sorolloses, poden generar moltes vibracions i deixen cantells vius que cal protegir.</div></div>","T32_-_Accidents_de_mobilitat_viaria","racord_532eaafc-5a35-4fd8-9b60-7c4a29b44712"
"<div style=""text-align: left; font-family: -apple-system, sans-serif;""><div style=""font-size: 11px; color: #888; margin-bottom: 6px;"">[T32 - Accidents de mobilitat viària] Pregunta 294</div><div style=""font-weight: bold; font-size: 16px; margin-bottom: 14px; line-height: 1.4;"">Quins elements conformen conjuntament l’habitacle estructural del vehicle?</div><div style=""font-size: 14px; line-height: 1.6;""><div style=""padding: 5px 0;""><b>A)</b> Els muntants i els parafangs</div><div style=""padding: 5px 0;""><b>B)</b> Els travessers i el sostre</div><div style=""padding: 5px 0;""><b>C)</b> Els travessers i els muntants</div><div style=""padding: 5px 0;""><b>D)</b> Els muntants i les portes</div></div></div>","<div style=""text-align: left; font-family: -apple-system, sans-serif;""><div style=""font-weight: bold; font-size: 16px; color: #10b981; margin-bottom: 8px;"">✓ Resposta Correcta: C</div><div style=""font-size: 14px; margin-bottom: 12px; padding: 10px; background: rgba(16,185,129,0.1); border-radius: 6px; border-left: 4px solid #10b981;"">C) Els travessers i els muntants</div><hr style=""border: 0; border-top: 1px solid #ddd; margin: 12px 0;""><div style=""font-size: 13px; color: #444; line-height: 1.4;""><b style=""color: #111;"">Explicació:</b> MAN.SVVH.000 v1.2026

2.1.1. Parts dels vehicles

Els travessers, juntament amb els muntants, conformen l’habitacle del vehicle.</div></div>","T32_-_Accidents_de_mobilitat_viaria","racord_948e5bda-4bf4-4efa-baee-d3936d1bbce5"
"<div style=""text-align: left; font-family: -apple-system, sans-serif;""><div style=""font-size: 11px; color: #888; margin-bottom: 6px;"">[T32 - Accidents de mobilitat viària] Pregunta 295</div><div style=""font-weight: bold; font-size: 16px; margin-bottom: 14px; line-height: 1.4;"">Per què un camió pot generar un impacte molt violent a velocitat moderada?</div><div style=""font-size: 14px; line-height: 1.6;""><div style=""padding: 5px 0;""><b>A)</b> Per la capacitat de càrrega, encara que el vehicle circuli buit</div><div style=""padding: 5px 0;""><b>B)</b> Per la seva gran massa i energia cinètica</div><div style=""padding: 5px 0;""><b>C)</b> Per l’elevada alçada del centre de gravetat, independentment de la massa</div><div style=""padding: 5px 0;""><b>D)</b> Per la pressió acumulada als circuits pneumàtics</div></div></div>","<div style=""text-align: left; font-family: -apple-system, sans-serif;""><div style=""font-weight: bold; font-size: 16px; color: #10b981; margin-bottom: 8px;"">✓ Resposta Correcta: B</div><div style=""font-size: 14px; margin-bottom: 12px; padding: 10px; background: rgba(16,185,129,0.1); border-radius: 6px; border-left: 4px solid #10b981;"">B) Per la seva gran massa i energia cinètica</div><hr style=""border: 0; border-top: 1px solid #ddd; margin: 12px 0;""><div style=""font-size: 13px; color: #444; line-height: 1.4;""><b style=""color: #111;"">Explicació:</b> MAN.SVVH.000 v1.2026

2.3.5. Riscos associats a la intervenció amb camions

La gran massa dels camions fa que fins i tot a velocitats moderades l’impacte pugui ser molt violent.</div></div>","T32_-_Accidents_de_mobilitat_viaria","racord_a443c25c-6767-42a9-aa4f-08d29f813236"
"<div style=""text-align: left; font-family: -apple-system, sans-serif;""><div style=""font-size: 11px; color: #888; margin-bottom: 6px;"">[T32 - Accidents de mobilitat viària] Pregunta 296</div><div style=""font-weight: bold; font-size: 16px; margin-bottom: 14px; line-height: 1.4;"">Després d’una intervenció en un accident de trànsit amb nens ferits o múltiples víctimes mortals, quin recurs pot ser adequat si hi ha afectació emocional dels intervinents?</div><div style=""font-size: 14px; line-height: 1.6;""><div style=""padding: 5px 0;""><b>A)</b> Demanar suport psicològic només quan l’afectació impedeixi continuar el torn</div><div style=""padding: 5px 0;""><b>B)</b> Demanar suport psicològic</div><div style=""padding: 5px 0;""><b>C)</b> Prioritzar el descans físic i ajornar la valoració emocional fins al final de la guàrdia</div><div style=""padding: 5px 0;""><b>D)</b> Valorar un relleu operatiu sense necessitat de suport psicològic si no hi ha símptomes immediats</div></div></div>","<div style=""text-align: left; font-family: -apple-system, sans-serif;""><div style=""font-weight: bold; font-size: 16px; color: #10b981; margin-bottom: 8px;"">✓ Resposta Correcta: B</div><div style=""font-size: 14px; margin-bottom: 12px; padding: 10px; background: rgba(16,185,129,0.1); border-radius: 6px; border-left: 4px solid #10b981;"">B) Demanar suport psicològic</div><hr style=""border: 0; border-top: 1px solid #ddd; margin: 12px 0;""><div style=""font-size: 13px; color: #444; line-height: 1.4;""><b style=""color: #111;"">Explicació:</b> MAN.SVVH.000 v1.2026

5.2. Riscos específics i mesures preventives — Comunicació i control emocional

En situacions d’alt impacte emocional cal actuar amb professionalitat i demanar suport psicològic si és necessari.</div></div>","T32_-_Accidents_de_mobilitat_viaria","racord_4c0a5e30-10b6-47d2-95ae-bad2cf8e4cb6"
"<div style=""text-align: left; font-family: -apple-system, sans-serif;""><div style=""font-size: 11px; color: #888; margin-bottom: 6px;"">[T32 - Accidents de mobilitat viària] Pregunta 297</div><div style=""font-weight: bold; font-size: 16px; margin-bottom: 14px; line-height: 1.4;"">Les maniobres d’excarceració són pròpies:</div><div style=""font-size: 14px; line-height: 1.6;""><div style=""padding: 5px 0;""><b>A)</b> En qualsevol atrapament en què la porta no s’obri de forma natural</div><div style=""padding: 5px 0;""><b>B)</b> En l’atrapament físic tipus 1 si les lesions obliguen a crear més espai</div><div style=""padding: 5px 0;""><b>C)</b> En l’atrapament mecànic quan la víctima està il·lesa</div><div style=""padding: 5px 0;""><b>D)</b> En l’atrapament físic tipus 2</div></div></div>","<div style=""text-align: left; font-family: -apple-system, sans-serif;""><div style=""font-weight: bold; font-size: 16px; color: #10b981; margin-bottom: 8px;"">✓ Resposta Correcta: D</div><div style=""font-size: 14px; margin-bottom: 12px; padding: 10px; background: rgba(16,185,129,0.1); border-radius: 6px; border-left: 4px solid #10b981;"">D) En l’atrapament físic tipus 2</div><hr style=""border: 0; border-top: 1px solid #ddd; margin: 12px 0;""><div style=""font-size: 13px; color: #444; line-height: 1.4;""><b style=""color: #111;"">Explicació:</b> MAN.SVVH.000 v1.2026

4.3. Maniobres d’excarceració

Les maniobres d’excarceració s’utilitzen per alliberar víctimes amb atrapament físic tipus 2 i es poden combinar segons la biomecànica del sinistre.</div></div>","T32_-_Accidents_de_mobilitat_viaria","racord_8f6a541a-6339-47b6-9297-eb5efc2788d7"
"<div style=""text-align: left; font-family: -apple-system, sans-serif;""><div style=""font-size: 11px; color: #888; margin-bottom: 6px;"">[T32 - Accidents de mobilitat viària] Pregunta 298</div><div style=""font-weight: bold; font-size: 16px; margin-bottom: 14px; line-height: 1.4;"">Per què és important conèixer el sistema de propulsió del vehicle?</div><div style=""font-size: 14px; line-height: 1.6;""><div style=""padding: 5px 0;""><b>A)</b> Per establir el sistema d’estabilització sense necessitat d’altres dades</div><div style=""padding: 5px 0;""><b>B)</b> Per garantir una actuació segura i efectiva</div><div style=""padding: 5px 0;""><b>C)</b> Per determinar la via d’extracció abans de valorar la posició del vehicle</div><div style=""padding: 5px 0;""><b>D)</b> Per decidir quins elements estructurals es poden tallar sense comprovacions addicionals</div></div></div>","<div style=""text-align: left; font-family: -apple-system, sans-serif;""><div style=""font-weight: bold; font-size: 16px; color: #10b981; margin-bottom: 8px;"">✓ Resposta Correcta: B</div><div style=""font-size: 14px; margin-bottom: 12px; padding: 10px; background: rgba(16,185,129,0.1); border-radius: 6px; border-left: 4px solid #10b981;"">B) Per garantir una actuació segura i efectiva</div><hr style=""border: 0; border-top: 1px solid #ddd; margin: 12px 0;""><div style=""font-size: 13px; color: #444; line-height: 1.4;""><b style=""color: #111;"">Explicació:</b> MAN.SVVH.000 v1.2026

2.1.2. Sistemes de propulsió

El coneixement dels sistemes de propulsió és fonamental per garantir una actuació segura i efectiva.</div></div>","T32_-_Accidents_de_mobilitat_viaria","racord_e9b6ebac-4907-4d79-b67c-532f62617f97"
"<div style=""text-align: left; font-family: -apple-system, sans-serif;""><div style=""font-size: 11px; color: #888; margin-bottom: 6px;"">[T32 - Accidents de mobilitat viària] Pregunta 299</div><div style=""font-weight: bold; font-size: 16px; margin-bottom: 14px; line-height: 1.4;"">Quina funció tenen els parafangs?</div><div style=""font-size: 14px; line-height: 1.6;""><div style=""padding: 5px 0;""><b>A)</b> Uneixen els muntants amb els travessers i tenen funció estructural</div><div style=""padding: 5px 0;""><b>B)</b> Conformen els ponts de les rodes i no són estructurals</div><div style=""padding: 5px 0;""><b>C)</b> Protegeixen lateralment l’habitacle i no són estructurals</div><div style=""padding: 5px 0;""><b>D)</b> Conformen els ponts de les rodes i tenen funció estructural</div></div></div>","<div style=""text-align: left; font-family: -apple-system, sans-serif;""><div style=""font-weight: bold; font-size: 16px; color: #10b981; margin-bottom: 8px;"">✓ Resposta Correcta: B</div><div style=""font-size: 14px; margin-bottom: 12px; padding: 10px; background: rgba(16,185,129,0.1); border-radius: 6px; border-left: 4px solid #10b981;"">B) Conformen els ponts de les rodes i no són estructurals</div><hr style=""border: 0; border-top: 1px solid #ddd; margin: 12px 0;""><div style=""font-size: 13px; color: #444; line-height: 1.4;""><b style=""color: #111;"">Explicació:</b> MAN.SVVH.000 v1.2026

2.1.1. Parts dels vehicles

Els parafangs són elements no estructurals que conformen els ponts de les rodes.</div></div>","T32_-_Accidents_de_mobilitat_viaria","racord_e2630019-e26b-497d-b27b-d54488dfd1db"
"<div style=""text-align: left; font-family: -apple-system, sans-serif;""><div style=""font-size: 11px; color: #888; margin-bottom: 6px;"">[T32 - Accidents de mobilitat viària] Pregunta 300</div><div style=""font-weight: bold; font-size: 16px; margin-bottom: 14px; line-height: 1.4;"">L’alliberament controlat d'una víctima que ha patit un accident de trànsit està indicat:</div><div style=""font-size: 14px; line-height: 1.6;""><div style=""padding: 5px 0;""><b>A)</b> Quan no hi ha atrapament estructural, encara que el temps sigui determinant</div><div style=""padding: 5px 0;""><b>B)</b> Quan no hi ha perill vital imminent i es prioritza evitar l’agreujament de les lesions</div><div style=""padding: 5px 0;""><b>C)</b> Quan hi ha risc vital però es disposa de temps per ampliar l’espai d’extracció</div><div style=""padding: 5px 0;""><b>D)</b> Quan la víctima està estable però es preveu un deteriorament clínic imminent</div></div></div>","<div style=""text-align: left; font-family: -apple-system, sans-serif;""><div style=""font-weight: bold; font-size: 16px; color: #10b981; margin-bottom: 8px;"">✓ Resposta Correcta: B</div><div style=""font-size: 14px; margin-bottom: 12px; padding: 10px; background: rgba(16,185,129,0.1); border-radius: 6px; border-left: 4px solid #10b981;"">B) Quan no hi ha perill vital imminent i es prioritza evitar l’agreujament de les lesions</div><hr style=""border: 0; border-top: 1px solid #ddd; margin: 12px 0;""><div style=""font-size: 13px; color: #444; line-height: 1.4;""><b style=""color: #111;"">Explicació:</b> MAN.SVVH.000 v1.2026

3.2.5. Tipus d’alliberament de les víctimes

En l’alliberament controlat la vida de la víctima no corre perill imminent i la prioritat és evitar l’agreujament de les lesions.</div></div>","T32_-_Accidents_de_mobilitat_viaria","racord_1c0d1a32-b959-420b-b373-a085a233be10"
"<div style=""text-align: left; font-family: -apple-system, sans-serif;""><div style=""font-size: 11px; color: #888; margin-bottom: 6px;"">[T32 - Accidents de mobilitat viària] Pregunta 301</div><div style=""font-weight: bold; font-size: 16px; margin-bottom: 14px; line-height: 1.4;"">En la estabilització secundària d'un vehicle accidentat es poden utilitzar:</div><div style=""font-size: 14px; line-height: 1.6;""><div style=""padding: 5px 0;""><b>A)</b> Puntals, eslingues, coixins pneumàtics i cunyes, però no pistons</div><div style=""padding: 5px 0;""><b>B)</b> Puntals, eslingues, coixins pneumàtics, pistons o tractels</div><div style=""padding: 5px 0;""><b>C)</b> Puntals, tacs, cisalles i eslingues</div><div style=""padding: 5px 0;""><b>D)</b> Pistons, tractels, separadors i coixins pneumàtics</div></div></div>","<div style=""text-align: left; font-family: -apple-system, sans-serif;""><div style=""font-weight: bold; font-size: 16px; color: #10b981; margin-bottom: 8px;"">✓ Resposta Correcta: B</div><div style=""font-size: 14px; margin-bottom: 12px; padding: 10px; background: rgba(16,185,129,0.1); border-radius: 6px; border-left: 4px solid #10b981;"">B) Puntals, eslingues, coixins pneumàtics, pistons o tractels</div><hr style=""border: 0; border-top: 1px solid #ddd; margin: 12px 0;""><div style=""font-size: 13px; color: #444; line-height: 1.4;""><b style=""color: #111;"">Explicació:</b> MAN.SVVH.000 v1.2026

4.1.3. Estabilització primària

L’estabilització secundària complementa la primària i pot incorporar puntals, eslingues, coixins pneumàtics, pistons o tractels.</div></div>","T32_-_Accidents_de_mobilitat_viaria","racord_4b51b482-7584-4ffd-b57f-801c6df33fa1"
"<div style=""text-align: left; font-family: -apple-system, sans-serif;""><div style=""font-size: 11px; color: #888; margin-bottom: 6px;"">[T32 - Accidents de mobilitat viària] Pregunta 302</div><div style=""font-weight: bold; font-size: 16px; margin-bottom: 14px; line-height: 1.4;"">Indica quina de les següents afirmacions és INCORRECTA respecte de les maniobres complementàries:</div><div style=""font-size: 14px; line-height: 1.6;""><div style=""padding: 5px 0;""><b>A)</b> El desplaçament de davantal i del muntant B són maniobres complementàries del mateix grup que el tall de pedals</div><div style=""padding: 5px 0;""><b>B)</b> El desplaçament o tall de pedals pot ser una maniobra complementària</div><div style=""padding: 5px 0;""><b>C)</b> El tall de volant pot utilitzar-se com a maniobra complementària</div><div style=""padding: 5px 0;""><b>D)</b> L’elevació de sostre amb separador pot formar part de les maniobres complementàries</div></div></div>","<div style=""text-align: left; font-family: -apple-system, sans-serif;""><div style=""font-weight: bold; font-size: 16px; color: #10b981; margin-bottom: 8px;"">✓ Resposta Correcta: A</div><div style=""font-size: 14px; margin-bottom: 12px; padding: 10px; background: rgba(16,185,129,0.1); border-radius: 6px; border-left: 4px solid #10b981;"">A) El desplaçament de davantal i del muntant B són maniobres complementàries del mateix grup que el tall de pedals</div><hr style=""border: 0; border-top: 1px solid #ddd; margin: 12px 0;""><div style=""font-size: 13px; color: #444; line-height: 1.4;""><b style=""color: #111;"">Explicació:</b> MAN.SVVH.000 v1.2026

4.4. Maniobres complementàries

Entre les maniobres complementàries hi ha el desplaçament o tall de pedals, el desplaçament o tall del seient, l’abatiment del seient, el tall de volant i l’elevació de sostre amb separador.</div></div>","T32_-_Accidents_de_mobilitat_viaria","racord_f83e6980-59df-4726-93b0-190899ba8acd"
"<div style=""text-align: left; font-family: -apple-system, sans-serif;""><div style=""font-size: 11px; color: #888; margin-bottom: 6px;"">[T32 - Accidents de mobilitat viària] Pregunta 303</div><div style=""font-weight: bold; font-size: 16px; margin-bottom: 14px; line-height: 1.4;"">La relació correcta entre mecanisme lesiu i lesió és:</div><div style=""font-size: 14px; line-height: 1.6;""><div style=""padding: 5px 0;""><b>A)</b> Torsió — fractura espiroide</div><div style=""padding: 5px 0;""><b>B)</b> Compressió — fractura espiroide</div><div style=""padding: 5px 0;""><b>C)</b> Flexió — luxació sense fractura</div><div style=""padding: 5px 0;""><b>D)</b> Tracció — fractura comminuta</div></div></div>","<div style=""text-align: left; font-family: -apple-system, sans-serif;""><div style=""font-weight: bold; font-size: 16px; color: #10b981; margin-bottom: 8px;"">✓ Resposta Correcta: A</div><div style=""font-size: 14px; margin-bottom: 12px; padding: 10px; background: rgba(16,185,129,0.1); border-radius: 6px; border-left: 4px solid #10b981;"">A) Torsió — fractura espiroide</div><hr style=""border: 0; border-top: 1px solid #ddd; margin: 12px 0;""><div style=""font-size: 13px; color: #444; line-height: 1.4;""><b style=""color: #111;"">Explicació:</b> MAN.SVVH.000 v1.2026

3.2.6. Biomecànica de l’accident de trànsit

La tracció tendeix a l’estirament i pot causar estrips i luxacions; la compressió tendeix a l’escurçament i pot causar fractures comminutes; la torsió produeix fractures espiroides.</div></div>","T32_-_Accidents_de_mobilitat_viaria","racord_4eee310e-7b6b-442d-a69c-7290869664de"
"<div style=""text-align: left; font-family: -apple-system, sans-serif;""><div style=""font-size: 11px; color: #888; margin-bottom: 6px;"">[T32 - Accidents de mobilitat viària] Pregunta 304</div><div style=""font-weight: bold; font-size: 16px; margin-bottom: 14px; line-height: 1.4;"">Indica quina de les següents afirmacions és INCORRECTA respecte de l’estabilització completa d'un vehicle accidentat:</div><div style=""font-size: 14px; line-height: 1.6;""><div style=""padding: 5px 0;""><b>A)</b> L’estabilització completa d’un vehicle en ordre de marxa utilitza cinc punts</div><div style=""padding: 5px 0;""><b>B)</b> La cinquena falca s’ha de recolzar sobre el para-xocs posterior perquè ofereix una superfície ampla</div><div style=""padding: 5px 0;""><b>C)</b> La cinquena falca se situa als baixos de la part posterior</div><div style=""padding: 5px 0;""><b>D)</b> Cal evitar recolzar la cinquena falca sobre elements tous</div></div></div>","<div style=""text-align: left; font-family: -apple-system, sans-serif;""><div style=""font-weight: bold; font-size: 16px; color: #10b981; margin-bottom: 8px;"">✓ Resposta Correcta: B</div><div style=""font-size: 14px; margin-bottom: 12px; padding: 10px; background: rgba(16,185,129,0.1); border-radius: 6px; border-left: 4px solid #10b981;"">B) La cinquena falca s’ha de recolzar sobre el para-xocs posterior perquè ofereix una superfície ampla</div><hr style=""border: 0; border-top: 1px solid #ddd; margin: 12px 0;""><div style=""font-size: 13px; color: #444; line-height: 1.4;""><b style=""color: #111;"">Explicació:</b> MAN.SVVH.000 v1.2026

4.1.2. Estabilització primària

La cinquena falca es col·loca als baixos de la part posterior i s’ha d’evitar recolzar-la sobre elements tous com els para-xocs.</div></div>","T32_-_Accidents_de_mobilitat_viaria","racord_c47c0f07-7802-46f4-89bd-38c17a4a361e"
"<div style=""text-align: left; font-family: -apple-system, sans-serif;""><div style=""font-size: 11px; color: #888; margin-bottom: 6px;"">[T32 - Accidents de mobilitat viària] Pregunta 305</div><div style=""font-weight: bold; font-size: 16px; margin-bottom: 14px; line-height: 1.4;"">Quins espais poden contenir els cotxes de viatgers?</div><div style=""font-size: 14px; line-height: 1.6;""><div style=""padding: 5px 0;""><b>A)</b> Seients, compartiments tècnics, plataformes de càrrega i passadissos</div><div style=""padding: 5px 0;""><b>B)</b> Seients, lavabos, cisternes auxiliars i passadissos</div><div style=""padding: 5px 0;""><b>C)</b> Seients, lavabos, compartiments tècnics i passadissos</div><div style=""padding: 5px 0;""><b>D)</b> Seients, bodegues inferiors, compartiments tècnics i passadissos</div></div></div>","<div style=""text-align: left; font-family: -apple-system, sans-serif;""><div style=""font-weight: bold; font-size: 16px; color: #10b981; margin-bottom: 8px;"">✓ Resposta Correcta: C</div><div style=""font-size: 14px; margin-bottom: 12px; padding: 10px; background: rgba(16,185,129,0.1); border-radius: 6px; border-left: 4px solid #10b981;"">C) Seients, lavabos, compartiments tècnics i passadissos</div><hr style=""border: 0; border-top: 1px solid #ddd; margin: 12px 0;""><div style=""font-size: 13px; color: #444; line-height: 1.4;""><b style=""color: #111;"">Explicació:</b> MAN.SVVH.000 v1.2026

2.4.2. Composició d’un tren

Els cotxes de viatgers poden tenir un o dos pisos i incloure seients, lavabos, compartiments tècnics i passadissos.</div></div>","T32_-_Accidents_de_mobilitat_viaria","racord_8be62183-ed93-4f87-b2eb-58406537e121"
"<div style=""text-align: left; font-family: -apple-system, sans-serif;""><div style=""font-size: 11px; color: #888; margin-bottom: 6px;"">[T32 - Accidents de mobilitat viària] Pregunta 306</div><div style=""font-weight: bold; font-size: 16px; margin-bottom: 14px; line-height: 1.4;"">Quina utilitat operativa té la biomecànica de l'accident de trànsit?</div><div style=""font-size: 14px; line-height: 1.6;""><div style=""padding: 5px 0;""><b>A)</b> Estimar la gravetat del vehicle accidentat més que les lesions dels ocupants</div><div style=""padding: 5px 0;""><b>B)</b> Preveure possibles lesions en funció del tipus d’impacte</div><div style=""padding: 5px 0;""><b>C)</b> Identificar amb certesa les lesions internes abans de la valoració sanitària</div><div style=""padding: 5px 0;""><b>D)</b> Determinar el tipus d’atrapament a partir de la deformació exterior</div></div></div>","<div style=""text-align: left; font-family: -apple-system, sans-serif;""><div style=""font-weight: bold; font-size: 16px; color: #10b981; margin-bottom: 8px;"">✓ Resposta Correcta: B</div><div style=""font-size: 14px; margin-bottom: 12px; padding: 10px; background: rgba(16,185,129,0.1); border-radius: 6px; border-left: 4px solid #10b981;"">B) Preveure possibles lesions en funció del tipus d’impacte</div><hr style=""border: 0; border-top: 1px solid #ddd; margin: 12px 0;""><div style=""font-size: 13px; color: #444; line-height: 1.4;""><b style=""color: #111;"">Explicació:</b> MAN.SVVH.000 v1.2026

3.2.6. Biomecànica de l’accident de trànsit

La biomecànica permet preveure possibles lesions de les víctimes en funció del tipus d’impacte.</div></div>","T32_-_Accidents_de_mobilitat_viaria","racord_0b48c2eb-16be-41cd-848f-f9871db600b3"
"<div style=""text-align: left; font-family: -apple-system, sans-serif;""><div style=""font-size: 11px; color: #888; margin-bottom: 6px;"">[T32 - Accidents de mobilitat viària] Pregunta 307</div><div style=""font-weight: bold; font-size: 16px; margin-bottom: 14px; line-height: 1.4;"">Quin any va registrar més accidentalitat dins del període 2014–2023?</div><div style=""font-size: 14px; line-height: 1.6;""><div style=""padding: 5px 0;""><b>A)</b> 2023</div><div style=""padding: 5px 0;""><b>B)</b> 2018</div><div style=""padding: 5px 0;""><b>C)</b> 2022</div><div style=""padding: 5px 0;""><b>D)</b> 2019</div></div></div>","<div style=""text-align: left; font-family: -apple-system, sans-serif;""><div style=""font-weight: bold; font-size: 16px; color: #10b981; margin-bottom: 8px;"">✓ Resposta Correcta: D</div><div style=""font-size: 14px; margin-bottom: 12px; padding: 10px; background: rgba(16,185,129,0.1); border-radius: 6px; border-left: 4px solid #10b981;"">D) 2019</div><hr style=""border: 0; border-top: 1px solid #ddd; margin: 12px 0;""><div style=""font-size: 13px; color: #444; line-height: 1.4;""><b style=""color: #111;"">Explicació:</b> MAN.SVVH.000 v1.2026

1.1. Context de la mobilitat a Catalunya

L’any amb més accidentalitat va ser el 2019, superant els 24.000 accidents amb víctimes.</div></div>","T32_-_Accidents_de_mobilitat_viaria","racord_10949627-acd2-4090-9dd1-81796bd23ed4"
"<div style=""text-align: left; font-family: -apple-system, sans-serif;""><div style=""font-size: 11px; color: #888; margin-bottom: 6px;"">[T32 - Accidents de mobilitat viària] Pregunta 308</div><div style=""font-weight: bold; font-size: 16px; margin-bottom: 14px; line-height: 1.4;"">El material contaminat utilitzat durant l’atenció sanitària en un accident de trànsit s’ha de:</div><div style=""font-size: 14px; line-height: 1.6;""><div style=""padding: 5px 0;""><b>A)</b> Eliminar-lo en bosses o contenidors designats</div><div style=""padding: 5px 0;""><b>B)</b> Descontaminar-lo sempre per reutilitzar-lo abans de valorar si és d’un sol ús</div><div style=""padding: 5px 0;""><b>C)</b> Separar-lo de les eines i mantenir-lo a la zona calenta fins al final</div><div style=""padding: 5px 0;""><b>D)</b> Eliminar-lo amb la ferralla si no conté objectes punxants</div></div></div>","<div style=""text-align: left; font-family: -apple-system, sans-serif;""><div style=""font-weight: bold; font-size: 16px; color: #10b981; margin-bottom: 8px;"">✓ Resposta Correcta: A</div><div style=""font-size: 14px; margin-bottom: 12px; padding: 10px; background: rgba(16,185,129,0.1); border-radius: 6px; border-left: 4px solid #10b981;"">A) Eliminar-lo en bosses o contenidors designats</div><hr style=""border: 0; border-top: 1px solid #ddd; margin: 12px 0;""><div style=""font-size: 13px; color: #444; line-height: 1.4;""><b style=""color: #111;"">Explicació:</b> MAN.SVVH.000 v1.2026

5.2. Riscos específics i mesures preventives — Risc biològic

El material utilitzat s’ha d’eliminar de forma segura en bosses o contenidors designats.</div></div>","T32_-_Accidents_de_mobilitat_viaria","racord_5cc4b122-a253-467d-8304-4c2781aca5db"
"<div style=""text-align: left; font-family: -apple-system, sans-serif;""><div style=""font-size: 11px; color: #888; margin-bottom: 6px;"">[T32 - Accidents de mobilitat viària] Pregunta 309</div><div style=""font-weight: bold; font-size: 16px; margin-bottom: 14px; line-height: 1.4;"">Quins dos aspectes són clau des de l’inici d’un accident ferroviari?</div><div style=""font-size: 14px; line-height: 1.6;""><div style=""padding: 5px 0;""><b>A)</b> L’estabilització dels vagons i l’evacuació immediata de la composició</div><div style=""padding: 5px 0;""><b>B)</b> La identificació del tipus de tren i el recompte inicial de víctimes</div><div style=""padding: 5px 0;""><b>C)</b> La comunicació amb l’operador ferroviari i la identificació de la locomotora</div><div style=""padding: 5px 0;""><b>D)</b> L’accés als vagons i la seguretat de la zona</div></div></div>","<div style=""text-align: left; font-family: -apple-system, sans-serif;""><div style=""font-weight: bold; font-size: 16px; color: #10b981; margin-bottom: 8px;"">✓ Resposta Correcta: D</div><div style=""font-size: 14px; margin-bottom: 12px; padding: 10px; background: rgba(16,185,129,0.1); border-radius: 6px; border-left: 4px solid #10b981;"">D) L’accés als vagons i la seguretat de la zona</div><hr style=""border: 0; border-top: 1px solid #ddd; margin: 12px 0;""><div style=""font-size: 13px; color: #444; line-height: 1.4;""><b style=""color: #111;"">Explicació:</b> MAN.SVVH.000 v1.2026

2.4.5. Consideracions operatives bàsiques

L’accés als vagons i la seguretat de la zona són elements clau des del primer moment.</div></div>","T32_-_Accidents_de_mobilitat_viaria","racord_0ef313f1-4b07-4961-ad84-405fb567e072"
"<div style=""text-align: left; font-family: -apple-system, sans-serif;""><div style=""font-size: 11px; color: #888; margin-bottom: 6px;"">[T32 - Accidents de mobilitat viària] Pregunta 310</div><div style=""font-weight: bold; font-size: 16px; margin-bottom: 14px; line-height: 1.4;"">Una coordinació segura entre serveis durant la gestió d'un accident de trànsit requereix:</div><div style=""font-size: 14px; line-height: 1.6;""><div style=""padding: 5px 0;""><b>A)</b> Establir responsabilitats flexibles que es puguin modificar sense comunicació prèvia</div><div style=""padding: 5px 0;""><b>B)</b> Compartir informació crítica, mantenint funcions duplicades quan accelerin l’actuació</div><div style=""padding: 5px 0;""><b>C)</b> Definir responsabilitats i compartir només la informació relativa a les víctimes</div><div style=""padding: 5px 0;""><b>D)</b> Definir responsabilitats i compartir informació crítica</div></div></div>","<div style=""text-align: left; font-family: -apple-system, sans-serif;""><div style=""font-weight: bold; font-size: 16px; color: #10b981; margin-bottom: 8px;"">✓ Resposta Correcta: D</div><div style=""font-size: 14px; margin-bottom: 12px; padding: 10px; background: rgba(16,185,129,0.1); border-radius: 6px; border-left: 4px solid #10b981;"">D) Definir responsabilitats i compartir informació crítica</div><hr style=""border: 0; border-top: 1px solid #ddd; margin: 12px 0;""><div style=""font-size: 13px; color: #444; line-height: 1.4;""><b style=""color: #111;"">Explicació:</b> MAN.SVVH.000 v1.2026

5.1. Principis generals de seguretat — Coordinació

Cal establir responsabilitats, compartir informació crítica sobre víctimes, riscos i accessos, i evitar duplicitats o conflictes d’actuació.</div></div>","T32_-_Accidents_de_mobilitat_viaria","racord_ac24ce07-8bc9-478e-9a69-55ee0733dc4e"
"<div style=""text-align: left; font-family: -apple-system, sans-serif;""><div style=""font-size: 11px; color: #888; margin-bottom: 6px;"">[T32 - Accidents de mobilitat viària] Pregunta 311</div><div style=""font-weight: bold; font-size: 16px; margin-bottom: 14px; line-height: 1.4;"">Quina configuració elèctrica és habitual en els camions?</div><div style=""font-size: 14px; line-height: 1.6;""><div style=""padding: 5px 0;""><b>A)</b> 24 V amb bateries dobles</div><div style=""padding: 5px 0;""><b>B)</b> 48 V amb bateries dobles</div><div style=""padding: 5px 0;""><b>C)</b> 12 V amb bateries dobles</div><div style=""padding: 5px 0;""><b>D)</b> 24 V amb una sola bateria</div></div></div>","<div style=""text-align: left; font-family: -apple-system, sans-serif;""><div style=""font-weight: bold; font-size: 16px; color: #10b981; margin-bottom: 8px;"">✓ Resposta Correcta: A</div><div style=""font-size: 14px; margin-bottom: 12px; padding: 10px; background: rgba(16,185,129,0.1); border-radius: 6px; border-left: 4px solid #10b981;"">A) 24 V amb bateries dobles</div><hr style=""border: 0; border-top: 1px solid #ddd; margin: 12px 0;""><div style=""font-size: 13px; color: #444; line-height: 1.4;""><b style=""color: #111;"">Explicació:</b> MAN.SVVH.000 v1.2026

2.3.4. Sistemes de càrrega i tipus de contenidor

El sistema elèctric del camió és sovint de 24 V i disposa de bateries dobles.</div></div>","T32_-_Accidents_de_mobilitat_viaria","racord_1f8ef6b6-24c5-4727-b9f7-0c52adc1c78c"
"<div style=""text-align: left; font-family: -apple-system, sans-serif;""><div style=""font-size: 11px; color: #888; margin-bottom: 6px;"">[T32 - Accidents de mobilitat viària] Pregunta 312</div><div style=""font-weight: bold; font-size: 16px; margin-bottom: 14px; line-height: 1.4;"">Quina precaució s’ha de tenir amb les plataformes PMR?</div><div style=""font-size: 14px; line-height: 1.6;""><div style=""padding: 5px 0;""><b>A)</b> Desactivar-les sempre abans d’estabilitzar el vehicle</div><div style=""padding: 5px 0;""><b>B)</b> Mantenir-les energitzades per evitar bloquejos durant l’extracció</div><div style=""padding: 5px 0;""><b>C)</b> Utilitzar-les com a via d’accés sense comprovar-ne l’estat</div><div style=""padding: 5px 0;""><b>D)</b> Conèixer-ne el funcionament i desactivar-les adequadament si cal</div></div></div>","<div style=""text-align: left; font-family: -apple-system, sans-serif;""><div style=""font-weight: bold; font-size: 16px; color: #10b981; margin-bottom: 8px;"">✓ Resposta Correcta: D</div><div style=""font-size: 14px; margin-bottom: 12px; padding: 10px; background: rgba(16,185,129,0.1); border-radius: 6px; border-left: 4px solid #10b981;"">D) Conèixer-ne el funcionament i desactivar-les adequadament si cal</div><hr style=""border: 0; border-top: 1px solid #ddd; margin: 12px 0;""><div style=""font-size: 13px; color: #444; line-height: 1.4;""><b style=""color: #111;"">Explicació:</b> MAN.SVVH.000 v1.2026

2.2.5. Espais interiors i accessos

Les plataformes PMR poden interferir en el rescat si no es coneix el funcionament o no es desactiven adequadament.</div></div>","T32_-_Accidents_de_mobilitat_viaria","racord_63539467-8ff9-49ce-ba30-c461f9c35478"
"<div style=""text-align: left; font-family: -apple-system, sans-serif;""><div style=""font-size: 11px; color: #888; margin-bottom: 6px;"">[T32 - Accidents de mobilitat viària] Pregunta 313</div><div style=""font-weight: bold; font-size: 16px; margin-bottom: 14px; line-height: 1.4;"">Quin risc principal es pretén evitar estabilitzant un vehicle abans de manipular-lo?</div><div style=""font-size: 14px; line-height: 1.6;""><div style=""padding: 5px 0;""><b>A)</b> Desplaçaments del vehicle que dificultin l’accés, sense que suposin un risc directe per als actuants</div><div style=""padding: 5px 0;""><b>B)</b> Moviments de la carrosseria que puguin activar sistemes de seguretat, però no provocar nous atrapaments</div><div style=""padding: 5px 0;""><b>C)</b> Moviments imprevistos que agreugin l’atrapament, principalment de la víctima però no dels intervinents</div><div style=""padding: 5px 0;""><b>D)</b> Moviments imprevistos que posin en perill víctimes o intervinents</div></div></div>","<div style=""text-align: left; font-family: -apple-system, sans-serif;""><div style=""font-weight: bold; font-size: 16px; color: #10b981; margin-bottom: 8px;"">✓ Resposta Correcta: D</div><div style=""font-size: 14px; margin-bottom: 12px; padding: 10px; background: rgba(16,185,129,0.1); border-radius: 6px; border-left: 4px solid #10b981;"">D) Moviments imprevistos que posin en perill víctimes o intervinents</div><hr style=""border: 0; border-top: 1px solid #ddd; margin: 12px 0;""><div style=""font-size: 13px; color: #444; line-height: 1.4;""><b style=""color: #111;"">Explicació:</b> MAN.SVVH.000 v1.2026

5.1. Principis generals de seguretat — Estabilització

L’estabilització evita moviments imprevistos que podrien posar en perill les víctimes atrapades o els bombers que treballen a prop.</div></div>","T32_-_Accidents_de_mobilitat_viaria","racord_6ed9eee9-5459-4638-a89e-c8e19cbc7655"
"<div style=""text-align: left; font-family: -apple-system, sans-serif;""><div style=""font-size: 11px; color: #888; margin-bottom: 6px;"">[T32 - Accidents de mobilitat viària] Pregunta 314</div><div style=""font-weight: bold; font-size: 16px; margin-bottom: 14px; line-height: 1.4;"">On s’han de centralitzar les eines de rescat que no s’estan utilitzant durant una intervenció viària?</div><div style=""font-size: 14px; line-height: 1.6;""><div style=""padding: 5px 0;""><b>A)</b> A l’àrea d’eines</div><div style=""padding: 5px 0;""><b>B)</b> A l’àrea de ferralla, separades dels elements retirats del vehicle</div><div style=""padding: 5px 0;""><b>C)</b> A la zona tèbia, distribuïdes al costat dels vehicles de servei</div><div style=""padding: 5px 0;""><b>D)</b> A l’àrea de relleu i SOS, per mantenir-les disponibles sense ocupar la zona calenta</div></div></div>","<div style=""text-align: left; font-family: -apple-system, sans-serif;""><div style=""font-weight: bold; font-size: 16px; color: #10b981; margin-bottom: 8px;"">✓ Resposta Correcta: A</div><div style=""font-size: 14px; margin-bottom: 12px; padding: 10px; background: rgba(16,185,129,0.1); border-radius: 6px; border-left: 4px solid #10b981;"">A) A l’àrea d’eines</div><hr style=""border: 0; border-top: 1px solid #ddd; margin: 12px 0;""><div style=""font-size: 13px; color: #444; line-height: 1.4;""><b style=""color: #111;"">Explicació:</b> MAN.SVVH.000 v1.2026

5.1. Principis generals de seguretat — Organització de l’AGO

A l’àrea d’eines es centralitzen les eines de rescat i els materials d’intervenció que no s’estan utilitzant.</div></div>","T32_-_Accidents_de_mobilitat_viaria","racord_f6569b92-0c86-4917-8dd3-c5af124acee7"
"<div style=""text-align: left; font-family: -apple-system, sans-serif;""><div style=""font-size: 11px; color: #888; margin-bottom: 6px;"">[T32 - Accidents de mobilitat viària] Pregunta 315</div><div style=""font-weight: bold; font-size: 16px; margin-bottom: 14px; line-height: 1.4;"">Es detecta una fuita de combustible en un vehicle inestable i amb risc d’ignició. Quin principi de seguretat s’ha d’aplicar?</div><div style=""font-size: 14px; line-height: 1.6;""><div style=""padding: 5px 0;""><b>A)</b> Prioritzar l’accés a la víctima i controlar la fuita si augmenta durant la maniobra</div><div style=""padding: 5px 0;""><b>B)</b> Detectar i controlar els perills abans que generin un incident secundari</div><div style=""padding: 5px 0;""><b>C)</b> Estabilitzar el vehicle i posposar la valoració de la fuita fins tenir preparada l’extracci��</div><div style=""padding: 5px 0;""><b>D)</b> Controlar primer el risc d’ignició i valorar la inestabilitat un cop iniciada l’excarceració</div></div></div>","<div style=""text-align: left; font-family: -apple-system, sans-serif;""><div style=""font-weight: bold; font-size: 16px; color: #10b981; margin-bottom: 8px;"">✓ Resposta Correcta: B</div><div style=""font-size: 14px; margin-bottom: 12px; padding: 10px; background: rgba(16,185,129,0.1); border-radius: 6px; border-left: 4px solid #10b981;"">B) Detectar i controlar els perills abans que generin un incident secundari</div><hr style=""border: 0; border-top: 1px solid #ddd; margin: 12px 0;""><div style=""font-size: 13px; color: #444; line-height: 1.4;""><b style=""color: #111;"">Explicació:</b> MAN.SVVH.000 v1.2026

5.1. Principis generals de seguretat — Gestió proactiva de perills

Els riscos poden evolucionar ràpidament: fuites, incendi, electrocució o inestabilitat estructural s’han de detectar i controlar abans que provoquin incidents secundaris.</div></div>","T32_-_Accidents_de_mobilitat_viaria","racord_bd7c26e7-f2d6-4f84-b1cd-48c3eb51a7d8"
"<div style=""text-align: left; font-family: -apple-system, sans-serif;""><div style=""font-size: 11px; color: #888; margin-bottom: 6px;"">[T32 - Accidents de mobilitat viària] Pregunta 316</div><div style=""font-weight: bold; font-size: 16px; margin-bottom: 14px; line-height: 1.4;"">Entre els elements de seguretat passiva trobem:</div><div style=""font-size: 14px; line-height: 1.6;""><div style=""padding: 5px 0;""><b>A)</b> Cinturons, zones deformables, reposacaps i eCall</div><div style=""padding: 5px 0;""><b>B)</b> Cinturons, airbags, reposacaps i control electrònic d’estabilitat</div><div style=""padding: 5px 0;""><b>C)</b> Cinturons, airbags, reposacaps i estructures deformables</div><div style=""padding: 5px 0;""><b>D)</b> Airbags, reposacaps, sensors de fatiga i seients infantils</div></div></div>","<div style=""text-align: left; font-family: -apple-system, sans-serif;""><div style=""font-weight: bold; font-size: 16px; color: #10b981; margin-bottom: 8px;"">✓ Resposta Correcta: C</div><div style=""font-size: 14px; margin-bottom: 12px; padding: 10px; background: rgba(16,185,129,0.1); border-radius: 6px; border-left: 4px solid #10b981;"">C) Cinturons, airbags, reposacaps i estructures deformables</div><hr style=""border: 0; border-top: 1px solid #ddd; margin: 12px 0;""><div style=""font-size: 13px; color: #444; line-height: 1.4;""><b style=""color: #111;"">Explicació:</b> MAN.SVVH.000 v1.2026

2.1.4. Seguretat dels vehicles

Els cinturons, airbags, reposacaps, estructures deformables i seients infantils són elements de seguretat passiva.</div></div>","T32_-_Accidents_de_mobilitat_viaria","racord_041ce6b5-ffc6-47b5-9141-567628fe82ff"
"<div style=""text-align: left; font-family: -apple-system, sans-serif;""><div style=""font-size: 11px; color: #888; margin-bottom: 6px;"">[T32 - Accidents de mobilitat viària] Pregunta 317</div><div style=""font-weight: bold; font-size: 16px; margin-bottom: 14px; line-height: 1.4;"">Quina actuació és adequada davant un possible risc químic en un camió?</div><div style=""font-size: 14px; line-height: 1.6;""><div style=""padding: 5px 0;""><b>A)</b> Determinar el risc només a partir del tipus de vehicle i de la forma de la cisterna</div><div style=""padding: 5px 0;""><b>B)</b> Localitzar primer el tall de combustible i identificar després la càrrega</div><div style=""padding: 5px 0;""><b>C)</b> Identificar pictogrames o consultar la documentació ADR</div><div style=""padding: 5px 0;""><b>D)</b> Obrir parcialment la càrrega per confirmar el producte abans d’actuar</div></div></div>","<div style=""text-align: left; font-family: -apple-system, sans-serif;""><div style=""font-weight: bold; font-size: 16px; color: #10b981; margin-bottom: 8px;"">✓ Resposta Correcta: C</div><div style=""font-size: 14px; margin-bottom: 12px; padding: 10px; background: rgba(16,185,129,0.1); border-radius: 6px; border-left: 4px solid #10b981;"">C) Identificar pictogrames o consultar la documentació ADR</div><hr style=""border: 0; border-top: 1px solid #ddd; margin: 12px 0;""><div style=""font-size: 13px; color: #444; line-height: 1.4;""><b style=""color: #111;"">Explicació:</b> MAN.SVVH.000 v1.2026

2.3.5. Riscos associats a la intervenció amb camions

Quan un camió transporta matèries perilloses cal identificar pictogrames o consultar documentació ADR.</div></div>","T32_-_Accidents_de_mobilitat_viaria","racord_8ef5e38d-5b5a-43d6-9207-67b5bf48db59"
"<div style=""text-align: left; font-family: -apple-system, sans-serif;""><div style=""font-size: 11px; color: #888; margin-bottom: 6px;"">[T32 - Accidents de mobilitat viària] Pregunta 318</div><div style=""font-weight: bold; font-size: 16px; margin-bottom: 14px; line-height: 1.4;"">Després d’un impacte lateral, el muntant B ha col·lapsat i atrapa les extremitats superiors d’una víctima. Quina maniobra és adequada?</div><div style=""font-size: 14px; line-height: 1.6;""><div style=""padding: 5px 0;""><b>A)</b> El desplaçament del davantal</div><div style=""padding: 5px 0;""><b>B)</b> El desplaçament del muntant B</div><div style=""padding: 5px 0;""><b>C)</b> El tall del volant</div><div style=""padding: 5px 0;""><b>D)</b> L’elevació del sostre</div></div></div>","<div style=""text-align: left; font-family: -apple-system, sans-serif;""><div style=""font-weight: bold; font-size: 16px; color: #10b981; margin-bottom: 8px;"">✓ Resposta Correcta: B</div><div style=""font-size: 14px; margin-bottom: 12px; padding: 10px; background: rgba(16,185,129,0.1); border-radius: 6px; border-left: 4px solid #10b981;"">B) El desplaçament del muntant B</div><hr style=""border: 0; border-top: 1px solid #ddd; margin: 12px 0;""><div style=""font-size: 13px; color: #444; line-height: 1.4;""><b style=""color: #111;"">Explicació:</b> MAN.SVVH.000 v1.2026

4.3. Maniobres d’excarceració — Desplaçament de muntant B

El desplaçament del muntant B busca recuperar l’espai vital després d’un impacte lateral amb col·lapse del muntant, especialment si hi ha atrapament físic tipus 2 de les extremitats superiors.</div></div>","T32_-_Accidents_de_mobilitat_viaria","racord_161195af-c47a-4828-8abb-9b3be000af77"
"<div style=""text-align: left; font-family: -apple-system, sans-serif;""><div style=""font-size: 11px; color: #888; margin-bottom: 6px;"">[T32 - Accidents de mobilitat viària] Pregunta 319</div><div style=""font-weight: bold; font-size: 16px; margin-bottom: 14px; line-height: 1.4;"">Quina funció general tenen les portes laterals i la porta posterior d'un vehicle?</div><div style=""font-size: 14px; line-height: 1.6;""><div style=""padding: 5px 0;""><b>A)</b> Servir de vies d’accés, sortida, càrrega i descàrrega</div><div style=""padding: 5px 0;""><b>B)</b> Servir d’accés i sortida, però no de càrrega i descàrrega</div><div style=""padding: 5px 0;""><b>C)</b> Servir principalment de càrrega i descàrrega, i només secundàriament d’accés</div><div style=""padding: 5px 0;""><b>D)</b> Servir d’accés, sortida i evacuació, però no de càrrega</div></div></div>","<div style=""text-align: left; font-family: -apple-system, sans-serif;""><div style=""font-weight: bold; font-size: 16px; color: #10b981; margin-bottom: 8px;"">✓ Resposta Correcta: A</div><div style=""font-size: 14px; margin-bottom: 12px; padding: 10px; background: rgba(16,185,129,0.1); border-radius: 6px; border-left: 4px solid #10b981;"">A) Servir de vies d’accés, sortida, càrrega i descàrrega</div><hr style=""border: 0; border-top: 1px solid #ddd; margin: 12px 0;""><div style=""font-size: 13px; color: #444; line-height: 1.4;""><b style=""color: #111;"">Explicació:</b> MAN.SVVH.000 v1.2026

2.1.1. Parts dels vehicles

Les portes laterals i la porta posterior són vies d’accés, sortida, càrrega i descàrrega al vehicle.</div></div>","T32_-_Accidents_de_mobilitat_viaria","racord_65065b9a-406d-4fcc-adda-fb0e3f4a445a"
"<div style=""text-align: left; font-family: -apple-system, sans-serif;""><div style=""font-size: 11px; color: #888; margin-bottom: 6px;"">[T32 - Accidents de mobilitat viària] Pregunta 320</div><div style=""font-weight: bold; font-size: 16px; margin-bottom: 14px; line-height: 1.4;"">Quina característica diferencia operativament els autobusos dels autocars?</div><div style=""font-size: 14px; line-height: 1.6;""><div style=""padding: 5px 0;""><b>A)</b> Estan pensats per a recorreguts llargs amb poques parades</div><div style=""padding: 5px 0;""><b>B)</b> Faciliten l’entrada i sortida ràpida, però tots els passatgers hi viatgen asseguts</div><div style=""padding: 5px 0;""><b>C)</b> Faciliten l’entrada i sortida ràpida i poden portar passatgers dempeus</div><div style=""padding: 5px 0;""><b>D)</b> Prioritzen la comoditat i disposen habitualment de bodegues inferiors</div></div></div>","<div style=""text-align: left; font-family: -apple-system, sans-serif;""><div style=""font-weight: bold; font-size: 16px; color: #10b981; margin-bottom: 8px;"">✓ Resposta Correcta: C</div><div style=""font-size: 14px; margin-bottom: 12px; padding: 10px; background: rgba(16,185,129,0.1); border-radius: 6px; border-left: 4px solid #10b981;"">C) Faciliten l’entrada i sortida ràpida i poden portar passatgers dempeus</div><hr style=""border: 0; border-top: 1px solid #ddd; margin: 12px 0;""><div style=""font-size: 13px; color: #444; line-height: 1.4;""><b style=""color: #111;"">Explicació:</b> MAN.SVVH.000 v1.2026

2.2.2. Tipologia i classificació dels autobusos

Els autobusos estan dissenyats per facilitar l’entrada i sortida ràpida de passatgers, molts dels quals poden viatjar dempeus.</div></div>","T32_-_Accidents_de_mobilitat_viaria","racord_8ca7472c-661c-4450-acb5-b865b49743a8"
"<div style=""text-align: left; font-family: -apple-system, sans-serif;""><div style=""font-size: 11px; color: #888; margin-bottom: 6px;"">[T32 - Accidents de mobilitat viària] Pregunta 321</div><div style=""font-weight: bold; font-size: 16px; margin-bottom: 14px; line-height: 1.4;"">Quin element pot complicar l’estabilització d’un tràiler?</div><div style=""font-size: 14px; line-height: 1.6;""><div style=""padding: 5px 0;""><b>A)</b> El suport posterior del semiremolc</div><div style=""padding: 5px 0;""><b>B)</b> El desplaçament longitudinal de la càrrega</div><div style=""padding: 5px 0;""><b>C)</b> L’articulació central</div><div style=""padding: 5px 0;""><b>D)</b> La concentració d’eixos a la part posterior</div></div></div>","<div style=""text-align: left; font-family: -apple-system, sans-serif;""><div style=""font-weight: bold; font-size: 16px; color: #10b981; margin-bottom: 8px;"">✓ Resposta Correcta: C</div><div style=""font-size: 14px; margin-bottom: 12px; padding: 10px; background: rgba(16,185,129,0.1); border-radius: 6px; border-left: 4px solid #10b981;"">C) L’articulació central</div><hr style=""border: 0; border-top: 1px solid #ddd; margin: 12px 0;""><div style=""font-size: 13px; color: #444; line-height: 1.4;""><b style=""color: #111;"">Explicació:</b> MAN.SVVH.000 v1.2026

2.3.1. Tipus de camions segons l’estructura

L’articulació central d’un tràiler pot complicar l’estabilització en cas d’accident.</div></div>","T32_-_Accidents_de_mobilitat_viaria","racord_45cc3314-ff3b-4e59-821b-3ef5773def08"
"<div style=""text-align: left; font-family: -apple-system, sans-serif;""><div style=""font-size: 11px; color: #888; margin-bottom: 6px;"">[T32 - Accidents de mobilitat viària] Pregunta 322</div><div style=""font-weight: bold; font-size: 16px; margin-bottom: 14px; line-height: 1.4;"">En quins vehicles destaca especialment el risc d’inestabilitat en una bolcada?</div><div style=""font-size: 14px; line-height: 1.6;""><div style=""padding: 5px 0;""><b>A)</b> En camions de caixa tancada i portacontenidors</div><div style=""padding: 5px 0;""><b>B)</b> En camions grua i bolquets</div><div style=""padding: 5px 0;""><b>C)</b> En camions rígids i frigorífics</div><div style=""padding: 5px 0;""><b>D)</b> En semiremolcs i cisternes</div></div></div>","<div style=""text-align: left; font-family: -apple-system, sans-serif;""><div style=""font-weight: bold; font-size: 16px; color: #10b981; margin-bottom: 8px;"">✓ Resposta Correcta: D</div><div style=""font-size: 14px; margin-bottom: 12px; padding: 10px; background: rgba(16,185,129,0.1); border-radius: 6px; border-left: 4px solid #10b981;"">D) En semiremolcs i cisternes</div><hr style=""border: 0; border-top: 1px solid #ddd; margin: 12px 0;""><div style=""font-size: 13px; color: #444; line-height: 1.4;""><b style=""color: #111;"">Explicació:</b> MAN.SVVH.000 v1.2026

2.3.5. Riscos associats a la intervenció amb camions

La inestabilitat en bolcades és especialment rellevant en semiremolcs i cisternes.</div></div>","T32_-_Accidents_de_mobilitat_viaria","racord_67782943-a301-4926-8d47-f428a7bc867b"
"<div style=""text-align: left; font-family: -apple-system, sans-serif;""><div style=""font-size: 11px; color: #888; margin-bottom: 6px;"">[T32 - Accidents de mobilitat viària] Pregunta 323</div><div style=""font-weight: bold; font-size: 16px; margin-bottom: 14px; line-height: 1.4;"">Una víctima amb possible lesió vertebral es troba dins d’un vehicle estable i no hi ha perill imminent. Quin criteri és més adequat?</div><div style=""font-size: 14px; line-height: 1.6;""><div style=""padding: 5px 0;""><b>A)</b> Mobilitzar-la el mínim possible, però prioritzar una extracció ràpida per evitar l’allargament del servei</div><div style=""padding: 5px 0;""><b>B)</b> Fer una extracció controlada només si existeix atrapament estructural</div><div style=""padding: 5px 0;""><b>C)</b> Mantenir-la dins del vehicle fins que desaparegui qualsevol sospita de lesió vertebral</div><div style=""padding: 5px 0;""><b>D)</b> Evitar mobilitzacions innecessàries i prioritzar una extracció de qualitat</div></div></div>","<div style=""text-align: left; font-family: -apple-system, sans-serif;""><div style=""font-weight: bold; font-size: 16px; color: #10b981; margin-bottom: 8px;"">✓ Resposta Correcta: D</div><div style=""font-size: 14px; margin-bottom: 12px; padding: 10px; background: rgba(16,185,129,0.1); border-radius: 6px; border-left: 4px solid #10b981;"">D) Evitar mobilitzacions innecessàries i prioritzar una extracció de qualitat</div><hr style=""border: 0; border-top: 1px solid #ddd; margin: 12px 0;""><div style=""font-size: 13px; color: #444; line-height: 1.4;""><b style=""color: #111;"">Explicació:</b> MAN.SVVH.000 v1.2026

3.2.4. Tipus d’atrapament

Quan les lesions ho permeten, cal evitar mobilitzacions innecessàries que puguin agreujar l’estat de la víctima.</div></div>","T32_-_Accidents_de_mobilitat_viaria","racord_0f77818d-816f-4f73-892d-706adfacda2e"
"<div style=""text-align: left; font-family: -apple-system, sans-serif;""><div style=""font-size: 11px; color: #888; margin-bottom: 6px;"">[T32 - Accidents de mobilitat viària] Pregunta 324</div><div style=""font-weight: bold; font-size: 16px; margin-bottom: 14px; line-height: 1.4;"">Què caracteritza un atrapament físic 2?</div><div style=""font-size: 14px; line-height: 1.6;""><div style=""padding: 5px 0;""><b>A)</b> La víctima necessita més espai per les lesions, però no està comprimida per l’estructura</div><div style=""padding: 5px 0;""><b>B)</b> La víctima està il·lesa o lleu i no pot sortir perquè una porta està deformada</div><div style=""padding: 5px 0;""><b>C)</b> La víctima està atrapada estructuralment entre la ferralla</div><div style=""padding: 5px 0;""><b>D)</b> La víctima està atrapada per les seves lesions sense contacte amb ferralla</div></div></div>","<div style=""text-align: left; font-family: -apple-system, sans-serif;""><div style=""font-weight: bold; font-size: 16px; color: #10b981; margin-bottom: 8px;"">✓ Resposta Correcta: C</div><div style=""font-size: 14px; margin-bottom: 12px; padding: 10px; background: rgba(16,185,129,0.1); border-radius: 6px; border-left: 4px solid #10b981;"">C) La víctima està atrapada estructuralment entre la ferralla</div><hr style=""border: 0; border-top: 1px solid #ddd; margin: 12px 0;""><div style=""font-size: 13px; color: #444; line-height: 1.4;""><b style=""color: #111;"">Explicació:</b> MAN.SVVH.000 v1.2026

3.2.4. Tipus d’atrapament

En l’atrapament físic 2 hi ha atrapament estructural i la víctima queda enganxada entre la ferralla.</div></div>","T32_-_Accidents_de_mobilitat_viaria","racord_a74b76ea-b2e6-4e65-97dc-92f14f2563cc"
"<div style=""text-align: left; font-family: -apple-system, sans-serif;""><div style=""font-size: 11px; color: #888; margin-bottom: 6px;"">[T32 - Accidents de mobilitat viària] Pregunta 325</div><div style=""font-weight: bold; font-size: 16px; margin-bottom: 14px; line-height: 1.4;"">Per quin motiu pot ser necessari tallar o retirar el sostre d'un cotxe durant un rescat?</div><div style=""font-size: 14px; line-height: 1.6;""><div style=""padding: 5px 0;""><b>A)</b> Per evitar haver de retirar els vidres laterals</div><div style=""padding: 5px 0;""><b>B)</b> Per permetre una extracció vertical de la víctima</div><div style=""padding: 5px 0;""><b>C)</b> Per obtenir un accés lateral ampli sense modificar els muntants</div><div style=""padding: 5px 0;""><b>D)</b> Per facilitar la desconnexió dels sistemes de retenció</div></div></div>","<div style=""text-align: left; font-family: -apple-system, sans-serif;""><div style=""font-weight: bold; font-size: 16px; color: #10b981; margin-bottom: 8px;"">✓ Resposta Correcta: B</div><div style=""font-size: 14px; margin-bottom: 12px; padding: 10px; background: rgba(16,185,129,0.1); border-radius: 6px; border-left: 4px solid #10b981;"">B) Per permetre una extracció vertical de la víctima</div><hr style=""border: 0; border-top: 1px solid #ddd; margin: 12px 0;""><div style=""font-size: 13px; color: #444; line-height: 1.4;""><b style=""color: #111;"">Explicació:</b> MAN.SVVH.000 v1.2026

2.1.1. Parts dels vehicles

En rescat, pot ser necessari tallar o retirar el sostre per permetre una extracció vertical.</div></div>","T32_-_Accidents_de_mobilitat_viaria","racord_36208d58-b448-4655-a320-c5cd5e1d37db"
"<div style=""text-align: left; font-family: -apple-system, sans-serif;""><div style=""font-size: 11px; color: #888; margin-bottom: 6px;"">[T32 - Accidents de mobilitat viària] Pregunta 326</div><div style=""font-weight: bold; font-size: 16px; margin-bottom: 14px; line-height: 1.4;"">En cas de bolcada, l’ECE R66 té com a objectiu:</div><div style=""font-size: 14px; line-height: 1.6;""><div style=""padding: 5px 0;""><b>A)</b> Limitar la deformació exterior de la carrosseria sense definir l’espai interior</div><div style=""padding: 5px 0;""><b>B)</b> La preservació d’un espai de supervivència lliure de deformacions internes</div><div style=""padding: 5px 0;""><b>C)</b> Garantir l’obertura de les portes després d’una bolcada</div><div style=""padding: 5px 0;""><b>D)</b> Evitar el desplaçament de la superestructura respecte del bastidor</div></div></div>","<div style=""text-align: left; font-family: -apple-system, sans-serif;""><div style=""font-weight: bold; font-size: 16px; color: #10b981; margin-bottom: 8px;"">✓ Resposta Correcta: B</div><div style=""font-size: 14px; margin-bottom: 12px; padding: 10px; background: rgba(16,185,129,0.1); border-radius: 6px; border-left: 4px solid #10b981;"">B) La preservació d’un espai de supervivència lliure de deformacions internes</div><hr style=""border: 0; border-top: 1px solid #ddd; margin: 12px 0;""><div style=""font-size: 13px; color: #444; line-height: 1.4;""><b style=""color: #111;"">Explicació:</b> MAN.SVVH.000 v1.2026

2.2.6. Seguretat estructural i normativa ECE R66

L’ECE R66 estableix criteris mínims per a la superestructura en cas de bolcada i preserva un espai de supervivència lliure de deformacions internes.</div></div>","T32_-_Accidents_de_mobilitat_viaria","racord_5c9d6116-e362-47f8-b09a-0d825387b6cf"
"<div style=""text-align: left; font-family: -apple-system, sans-serif;""><div style=""font-size: 11px; color: #888; margin-bottom: 6px;"">[T32 - Accidents de mobilitat viària] Pregunta 327</div><div style=""font-weight: bold; font-size: 16px; margin-bottom: 14px; line-height: 1.4;"">Quina és una funció essencial de la rigidesa de la superestructura?</div><div style=""font-size: 14px; line-height: 1.6;""><div style=""padding: 5px 0;""><b>A)</b> Absorbir tota l’energia de l’impacte mitjançant deformació progressiva</div><div style=""padding: 5px 0;""><b>B)</b> Garantir que les portes continuïn operatives després d’una bolcada</div><div style=""padding: 5px 0;""><b>C)</b> Evitar qualsevol moviment del vehicle després de l’impacte</div><div style=""padding: 5px 0;""><b>D)</b> Preservar l’espai vital dels ocupants en cas de bolcada</div></div></div>","<div style=""text-align: left; font-family: -apple-system, sans-serif;""><div style=""font-weight: bold; font-size: 16px; color: #10b981; margin-bottom: 8px;"">✓ Resposta Correcta: D</div><div style=""font-size: 14px; margin-bottom: 12px; padding: 10px; background: rgba(16,185,129,0.1); border-radius: 6px; border-left: 4px solid #10b981;"">D) Preservar l’espai vital dels ocupants en cas de bolcada</div><hr style=""border: 0; border-top: 1px solid #ddd; margin: 12px 0;""><div style=""font-size: 13px; color: #444; line-height: 1.4;""><b style=""color: #111;"">Explicació:</b> MAN.SVVH.000 v1.2026

2.2.4. Disseny estructural: bastidor i superestructura

La superestructura ha de ser rígida per resistir impactes i preservar l’espai vital en una bolcada.</div></div>","T32_-_Accidents_de_mobilitat_viaria","racord_88a126f1-32b3-430c-9601-b2f5051335f3"
"<div style=""text-align: left; font-family: -apple-system, sans-serif;""><div style=""font-size: 11px; color: #888; margin-bottom: 6px;"">[T32 - Accidents de mobilitat viària] Pregunta 328</div><div style=""font-weight: bold; font-size: 16px; margin-bottom: 14px; line-height: 1.4;"">En un autocar de llarg recorregut, poden condicionar la maniobra de rescat:</div><div style=""font-size: 14px; line-height: 1.6;""><div style=""padding: 5px 0;""><b>A)</b> Lavabo, plataforma PMR i compartiment motor</div><div style=""padding: 5px 0;""><b>B)</b> Lavabo, maleter i cabina de descans del conductor</div><div style=""padding: 5px 0;""><b>C)</b> Bodega, passadissos i zona de seients</div><div style=""padding: 5px 0;""><b>D)</b> Lavabo, dipòsit de combustible i cabina del conductor</div></div></div>","<div style=""text-align: left; font-family: -apple-system, sans-serif;""><div style=""font-weight: bold; font-size: 16px; color: #10b981; margin-bottom: 8px;"">✓ Resposta Correcta: B</div><div style=""font-size: 14px; margin-bottom: 12px; padding: 10px; background: rgba(16,185,129,0.1); border-radius: 6px; border-left: 4px solid #10b981;"">B) Lavabo, maleter i cabina de descans del conductor</div><hr style=""border: 0; border-top: 1px solid #ddd; margin: 12px 0;""><div style=""font-size: 13px; color: #444; line-height: 1.4;""><b style=""color: #111;"">Explicació:</b> MAN.SVVH.000 v1.2026

2.2.5. Espais interiors i accessos

Alguns autocars de llarg recorregut poden disposar de lavabo, maleter o cabina de descans del conductor.</div></div>","T32_-_Accidents_de_mobilitat_viaria","racord_2b2e359e-0167-40e1-98f6-7573a29d92c9"
"<div style=""text-align: left; font-family: -apple-system, sans-serif;""><div style=""font-size: 11px; color: #888; margin-bottom: 6px;"">[T32 - Accidents de mobilitat viària] Pregunta 329</div><div style=""font-weight: bold; font-size: 16px; margin-bottom: 14px; line-height: 1.4;"">Quina característica tenen els trens de mitjana i llarga distància?</div><div style=""font-size: 14px; line-height: 1.6;""><div style=""padding: 5px 0;""><b>A)</b> Connecten ciutats amb menys parades</div><div style=""padding: 5px 0;""><b>B)</b> Connecten principalment corredors de mercaderies amb poques parades</div><div style=""padding: 5px 0;""><b>C)</b> Connecten ciutats amb parades freqüents</div><div style=""padding: 5px 0;""><b>D)</b> Connecten nuclis propers i fan menys parades que els regionals</div></div></div>","<div style=""text-align: left; font-family: -apple-system, sans-serif;""><div style=""font-weight: bold; font-size: 16px; color: #10b981; margin-bottom: 8px;"">✓ Resposta Correcta: A</div><div style=""font-size: 14px; margin-bottom: 12px; padding: 10px; background: rgba(16,185,129,0.1); border-radius: 6px; border-left: 4px solid #10b981;"">A) Connecten ciutats amb menys parades</div><hr style=""border: 0; border-top: 1px solid #ddd; margin: 12px 0;""><div style=""font-size: 13px; color: #444; line-height: 1.4;""><b style=""color: #111;"">Explicació:</b> MAN.SVVH.000 v1.2026

2.4.1. Tipus de trens

Els trens de mitjana i llarga distància connecten ciutats i fan menys parades.</div></div>","T32_-_Accidents_de_mobilitat_viaria","racord_276a44ef-5352-41bf-8450-d124620643a2"
"<div style=""text-align: left; font-family: -apple-system, sans-serif;""><div style=""font-size: 11px; color: #888; margin-bottom: 6px;"">[T32 - Accidents de mobilitat viària] Pregunta 330</div><div style=""font-weight: bold; font-size: 16px; margin-bottom: 14px; line-height: 1.4;"">La tracció d’una locomotora pot ser:</div><div style=""font-size: 14px; line-height: 1.6;""><div style=""padding: 5px 0;""><b>A)</b> Electricitat per catenària o hidrogen com a configuracions generals</div><div style=""padding: 5px 0;""><b>B)</b> Electricitat per catenària o tercer rail, o gasoil</div><div style=""padding: 5px 0;""><b>C)</b> Electricitat per bateries o gasoil, sense captació exterior</div><div style=""padding: 5px 0;""><b>D)</b> Electricitat per catenària o tercer rail, o gasolina</div></div></div>","<div style=""text-align: left; font-family: -apple-system, sans-serif;""><div style=""font-weight: bold; font-size: 16px; color: #10b981; margin-bottom: 8px;"">✓ Resposta Correcta: B</div><div style=""font-size: 14px; margin-bottom: 12px; padding: 10px; background: rgba(16,185,129,0.1); border-radius: 6px; border-left: 4px solid #10b981;"">B) Electricitat per catenària o tercer rail, o gasoil</div><hr style=""border: 0; border-top: 1px solid #ddd; margin: 12px 0;""><div style=""font-size: 13px; color: #444; line-height: 1.4;""><b style=""color: #111;"">Explicació:</b> MAN.SVVH.000 v1.2026

2.4.2. Composició d’un tren

La tracció pot ser elèctrica, mitjançant catenària o tercer rail, o dièsel.</div></div>","T32_-_Accidents_de_mobilitat_viaria","racord_44852ba5-aa31-4e1b-b1e7-9884b9f6410e"
"<div style=""text-align: left; font-family: -apple-system, sans-serif;""><div style=""font-size: 11px; color: #888; margin-bottom: 6px;"">[T32 - Accidents de mobilitat viària] Pregunta 331</div><div style=""font-weight: bold; font-size: 16px; margin-bottom: 14px; line-height: 1.4;"">En arribar al lloc d’un accident de trànsit, quines actuacions inicials corresponen al comandament de Bombers?</div><div style=""font-size: 14px; line-height: 1.6;""><div style=""padding: 5px 0;""><b>A)</b> Corroborar la informació i iniciar l’abordatge mentre es coordina posteriorment amb els altres serveis</div><div style=""padding: 5px 0;""><b>B)</b> Coordinar-se amb els actuants i confirmar la informació, sense necessitat d’establir l’àrea general fins iniciar el rescat</div><div style=""padding: 5px 0;""><b>C)</b> Corroborar la informació, establir l’àrea d’operacions i coordinar-se amb els altres actuants</div><div style=""padding: 5px 0;""><b>D)</b> Establir l’àrea d’operacions i delegar la comprovació de la informació al servei sanitari</div></div></div>","<div style=""text-align: left; font-family: -apple-system, sans-serif;""><div style=""font-weight: bold; font-size: 16px; color: #10b981; margin-bottom: 8px;"">✓ Resposta Correcta: C</div><div style=""font-size: 14px; margin-bottom: 12px; padding: 10px; background: rgba(16,185,129,0.1); border-radius: 6px; border-left: 4px solid #10b981;"">C) Corroborar la informació, establir l’àrea d’operacions i coordinar-se amb els altres actuants</div><hr style=""border: 0; border-top: 1px solid #ddd; margin: 12px 0;""><div style=""font-size: 13px; color: #444; line-height: 1.4;""><b style=""color: #111;"">Explicació:</b> MAN.SVVH.000 v1.2026

3.1. Anticipació i avaluació de riscos

En arribar al lloc de l’accident, el comandament de Bombers ha de corroborar la informació rebuda, establir una àrea general d’operacions i coordinar-se amb els altres actuants.</div></div>","T32_-_Accidents_de_mobilitat_viaria","racord_3753d16f-b29f-4618-92f6-8013b9d7968e"
"<div style=""text-align: left; font-family: -apple-system, sans-serif;""><div style=""font-size: 11px; color: #888; margin-bottom: 6px;"">[T32 - Accidents de mobilitat viària] Pregunta 332</div><div style=""font-weight: bold; font-size: 16px; margin-bottom: 14px; line-height: 1.4;"">Quina limitació presenta l’assaig ECE R66?</div><div style=""font-size: 14px; line-height: 1.6;""><div style=""padding: 5px 0;""><b>A)</b> Es fa amb el vehicle carregat al màxim i no considera velocitats elevades</div><div style=""padding: 5px 0;""><b>B)</b> Es fa sense passatgers ni equipatge i no considera l’energia cinètica d’altes velocitats</div><div style=""padding: 5px 0;""><b>C)</b> Es fa sense passatgers però amb equipatge i considera l’energia cinètica d’altes velocitats</div><div style=""padding: 5px 0;""><b>D)</b> Es fa amb una càrrega equivalent als passatgers però sense equipatge</div></div></div>","<div style=""text-align: left; font-family: -apple-system, sans-serif;""><div style=""font-weight: bold; font-size: 16px; color: #10b981; margin-bottom: 8px;"">✓ Resposta Correcta: B</div><div style=""font-size: 14px; margin-bottom: 12px; padding: 10px; background: rgba(16,185,129,0.1); border-radius: 6px; border-left: 4px solid #10b981;"">B) Es fa sense passatgers ni equipatge i no considera l’energia cinètica d’altes velocitats</div><hr style=""border: 0; border-top: 1px solid #ddd; margin: 12px 0;""><div style=""font-size: 13px; color: #444; line-height: 1.4;""><b style=""color: #111;"">Explicació:</b> MAN.SVVH.000 v1.2026

2.2.6. Seguretat estructural i normativa ECE R66

L’assaig ECE R66 es realitza sense passatgers ni equipatge i no considera l’energia cinètica d’altes velocitats.</div></div>","T32_-_Accidents_de_mobilitat_viaria","racord_71b05b15-1bbb-4b66-8db1-e2afcb003e96"
"<div style=""text-align: left; font-family: -apple-system, sans-serif;""><div style=""font-size: 11px; color: #888; margin-bottom: 6px;"">[T32 - Accidents de mobilitat viària] Pregunta 333</div><div style=""font-weight: bold; font-size: 16px; margin-bottom: 14px; line-height: 1.4;"">Quina estabilització primària en ordre de marxa utilitza quatre punts?</div><div style=""font-size: 14px; line-height: 1.6;""><div style=""padding: 5px 0;""><b>A)</b> L’estabilització intermèdia</div><div style=""padding: 5px 0;""><b>B)</b> L’estabilització completa</div><div style=""padding: 5px 0;""><b>C)</b> L’estabilització mínima</div><div style=""padding: 5px 0;""><b>D)</b> L’estabilització secundària de quatre punts</div></div></div>","<div style=""text-align: left; font-family: -apple-system, sans-serif;""><div style=""font-weight: bold; font-size: 16px; color: #10b981; margin-bottom: 8px;"">✓ Resposta Correcta: A</div><div style=""font-size: 14px; margin-bottom: 12px; padding: 10px; background: rgba(16,185,129,0.1); border-radius: 6px; border-left: 4px solid #10b981;"">A) L’estabilització intermèdia</div><hr style=""border: 0; border-top: 1px solid #ddd; margin: 12px 0;""><div style=""font-size: 13px; color: #444; line-height: 1.4;""><b style=""color: #111;"">Explicació:</b> MAN.SVVH.000 v1.2026

4.1.2. Estabilització primària

L’estabilització intermèdia té quatre punts i és aplicable a vehicles A o B quan no es preveu una extracció posterior de víctimes.</div></div>","T32_-_Accidents_de_mobilitat_viaria","racord_e7bd16ef-ecff-468e-9a94-30991f187b26"
"<div style=""text-align: left; font-family: -apple-system, sans-serif;""><div style=""font-size: 11px; color: #888; margin-bottom: 6px;"">[T32 - Accidents de mobilitat viària] Pregunta 334</div><div style=""font-weight: bold; font-size: 16px; margin-bottom: 14px; line-height: 1.4;"">Amb qui ha de valorar el comandament de Bombers les possibilitats d��extracció de la víctima?</div><div style=""font-size: 14px; line-height: 1.6;""><div style=""padding: 5px 0;""><b>A)</b> Amb el responsable del servei sanitari</div><div style=""padding: 5px 0;""><b>B)</b> Amb el responsable sanitari únicament després de definir el pla tècnic</div><div style=""padding: 5px 0;""><b>C)</b> Amb el responsable policial, que determina la via d’extracció més segura</div><div style=""padding: 5px 0;""><b>D)</b> Amb el responsable sanitari només quan existeix atrapament físic tipus 2</div></div></div>","<div style=""text-align: left; font-family: -apple-system, sans-serif;""><div style=""font-weight: bold; font-size: 16px; color: #10b981; margin-bottom: 8px;"">✓ Resposta Correcta: A</div><div style=""font-size: 14px; margin-bottom: 12px; padding: 10px; background: rgba(16,185,129,0.1); border-radius: 6px; border-left: 4px solid #10b981;"">A) Amb el responsable del servei sanitari</div><hr style=""border: 0; border-top: 1px solid #ddd; margin: 12px 0;""><div style=""font-size: 13px; color: #444; line-height: 1.4;""><b style=""color: #111;"">Explicació:</b> MAN.SVVH.000 v1.2026

3.3. Valorar el Pla d’acció de la intervenció (PAI)

El comandament de Bombers s’ha de coordinar amb el responsable sanitari per valorar les possibilitats d’extracció.</div></div>","T32_-_Accidents_de_mobilitat_viaria","racord_35bb8bc6-1c4c-4601-9b29-3a7f4f311c1d"
"<div style=""text-align: left; font-family: -apple-system, sans-serif;""><div style=""font-size: 11px; color: #888; margin-bottom: 6px;"">[T32 - Accidents de mobilitat viària] Pregunta 335</div><div style=""font-weight: bold; font-size: 16px; margin-bottom: 14px; line-height: 1.4;"">Què passa habitualment amb els frens d’un tren quan es trenca una connexió?</div><div style=""font-size: 14px; line-height: 1.6;""><div style=""padding: 5px 0;""><b>A)</b> Queden alliberats per evitar bloquejos sobtats de les rodes</div><div style=""padding: 5px 0;""><b>B)</b> Actuen només sobre la locomotora fins que es restableix la connexió</div><div style=""padding: 5px 0;""><b>C)</b> S’activen automàticament</div><div style=""padding: 5px 0;""><b>D)</b> Necessiten una ordre manual exterior abans d’activar-se</div></div></div>","<div style=""text-align: left; font-family: -apple-system, sans-serif;""><div style=""font-weight: bold; font-size: 16px; color: #10b981; margin-bottom: 8px;"">✓ Resposta Correcta: C</div><div style=""font-size: 14px; margin-bottom: 12px; padding: 10px; background: rgba(16,185,129,0.1); border-radius: 6px; border-left: 4px solid #10b981;"">C) S’activen automàticament</div><hr style=""border: 0; border-top: 1px solid #ddd; margin: 12px 0;""><div style=""font-size: 13px; color: #444; line-height: 1.4;""><b style=""color: #111;"">Explicació:</b> MAN.SVVH.000 v1.2026

2.4.4. Sistemes de frenada i inèrcia

Quan es trenca una connexió o hi ha una emergència, els frens solen activar-se automàticament.</div></div>","T32_-_Accidents_de_mobilitat_viaria","racord_0ad7ee42-b504-403a-bc84-1e0a224feb6b"
"<div style=""text-align: left; font-family: -apple-system, sans-serif;""><div style=""font-size: 11px; color: #888; margin-bottom: 6px;"">[T32 - Accidents de mobilitat viària] Pregunta 336</div><div style=""font-weight: bold; font-size: 16px; margin-bottom: 14px; line-height: 1.4;"">L’energia cinètica d’un vehicle es calcula amb l’expressió:</div><div style=""font-size: 14px; line-height: 1.6;""><div style=""padding: 5px 0;""><b>A)</b> Ec = m × V²</div><div style=""padding: 5px 0;""><b>B)</b> Ec = ½ m × V</div><div style=""padding: 5px 0;""><b>C)</b> Ec = ½ m² × V</div><div style=""padding: 5px 0;""><b>D)</b> Ec = ½ m × V²</div></div></div>","<div style=""text-align: left; font-family: -apple-system, sans-serif;""><div style=""font-weight: bold; font-size: 16px; color: #10b981; margin-bottom: 8px;"">✓ Resposta Correcta: D</div><div style=""font-size: 14px; margin-bottom: 12px; padding: 10px; background: rgba(16,185,129,0.1); border-radius: 6px; border-left: 4px solid #10b981;"">D) Ec = ½ m × V²</div><hr style=""border: 0; border-top: 1px solid #ddd; margin: 12px 0;""><div style=""font-size: 13px; color: #444; line-height: 1.4;""><b style=""color: #111;"">Explicació:</b> MAN.SVVH.000 v1.2026

3.2.6. Biomecànica de l’accident de trànsit

L’energia cinètica és l’energia associada al moviment dels cossos i es representa com Ec = ½ m × V².</div></div>","T32_-_Accidents_de_mobilitat_viaria","racord_e488a3a3-79a0-49c1-800c-f9bb49b61a3d"
"<div style=""text-align: left; font-family: -apple-system, sans-serif;""><div style=""font-size: 11px; color: #888; margin-bottom: 6px;"">[T32 - Accidents de mobilitat viària] Pregunta 337</div><div style=""font-weight: bold; font-size: 16px; margin-bottom: 14px; line-height: 1.4;"">Quina opció inclou sistemes de seguretat ferroviària?</div><div style=""font-size: 14px; line-height: 1.6;""><div style=""padding: 5px 0;""><b>A)</b> Frens automàtics, control de velocitat i comunicació tren-terra</div><div style=""padding: 5px 0;""><b>B)</b> Control de velocitat, eCall i sensors de posició</div><div style=""padding: 5px 0;""><b>C)</b> Frens automàtics, ABS i comunicació tren-terra</div><div style=""padding: 5px 0;""><b>D)</b> Frens pneumàtics, ESP i comunicació tren-terra</div></div></div>","<div style=""text-align: left; font-family: -apple-system, sans-serif;""><div style=""font-weight: bold; font-size: 16px; color: #10b981; margin-bottom: 8px;"">✓ Resposta Correcta: A</div><div style=""font-size: 14px; margin-bottom: 12px; padding: 10px; background: rgba(16,185,129,0.1); border-radius: 6px; border-left: 4px solid #10b981;"">A) Frens automàtics, control de velocitat i comunicació tren-terra</div><hr style=""border: 0; border-top: 1px solid #ddd; margin: 12px 0;""><div style=""font-size: 13px; color: #444; line-height: 1.4;""><b style=""color: #111;"">Explicació:</b> MAN.SVVH.000 v1.2026

2.4.3. Altres elements rellevants

Els sistemes de seguretat ferroviària inclouen frens automàtics, control de velocitat i, en alguns casos, sensors de posició o comunicació tren-terra.</div></div>","T32_-_Accidents_de_mobilitat_viaria","racord_0288c1fa-0eb7-460c-9ab4-9b1913cb4e3a"
"<div style=""text-align: left; font-family: -apple-system, sans-serif;""><div style=""font-size: 11px; color: #888; margin-bottom: 6px;"">[T32 - Accidents de mobilitat viària] Pregunta 338</div><div style=""font-weight: bold; font-size: 16px; margin-bottom: 14px; line-height: 1.4;"">En quins vehicles és habitual trobar 4 o més eixos?</div><div style=""font-size: 14px; line-height: 1.6;""><div style=""padding: 5px 0;""><b>A)</b> En tràilers llargs o vehicles especials</div><div style=""padding: 5px 0;""><b>B)</b> En camions rígids de tonatge mitjà</div><div style=""padding: 5px 0;""><b>C)</b> En vehicles de repartiment urbà amb caixa tancada</div><div style=""padding: 5px 0;""><b>D)</b> En camions de dos eixos amb càrregues concentrades</div></div></div>","<div style=""text-align: left; font-family: -apple-system, sans-serif;""><div style=""font-weight: bold; font-size: 16px; color: #10b981; margin-bottom: 8px;"">✓ Resposta Correcta: A</div><div style=""font-size: 14px; margin-bottom: 12px; padding: 10px; background: rgba(16,185,129,0.1); border-radius: 6px; border-left: 4px solid #10b981;"">A) En tràilers llargs o vehicles especials</div><hr style=""border: 0; border-top: 1px solid #ddd; margin: 12px 0;""><div style=""font-size: 13px; color: #444; line-height: 1.4;""><b style=""color: #111;"">Explicació:</b> MAN.SVVH.000 v1.2026

2.3.2. Configuració dels eixos i capacitat

Els camions de 4 o més eixos apareixen en tràilers llargs o vehicles especials i poden arribar a 8x4 o superiors.</div></div>","T32_-_Accidents_de_mobilitat_viaria","racord_518632af-373a-4a6c-ac1f-7e3da890f0be"
"<div style=""text-align: left; font-family: -apple-system, sans-serif;""><div style=""font-size: 11px; color: #888; margin-bottom: 6px;"">[T32 - Accidents de mobilitat viària] Pregunta 339</div><div style=""font-weight: bold; font-size: 16px; margin-bottom: 14px; line-height: 1.4;"">On se situen habitualment les bodegues d’equipatge dels autocars?</div><div style=""font-size: 14px; line-height: 1.6;""><div style=""padding: 5px 0;""><b>A)</b> Al sostre, sobre la zona de passatgers</div><div style=""padding: 5px 0;""><b>B)</b> A la part inferior</div><div style=""padding: 5px 0;""><b>C)</b> Als laterals superiors de l’habitacle</div><div style=""padding: 5px 0;""><b>D)</b> A la part posterior, darrere de l’eix motriu</div></div></div>","<div style=""text-align: left; font-family: -apple-system, sans-serif;""><div style=""font-weight: bold; font-size: 16px; color: #10b981; margin-bottom: 8px;"">✓ Resposta Correcta: B</div><div style=""font-size: 14px; margin-bottom: 12px; padding: 10px; background: rgba(16,185,129,0.1); border-radius: 6px; border-left: 4px solid #10b981;"">B) A la part inferior</div><hr style=""border: 0; border-top: 1px solid #ddd; margin: 12px 0;""><div style=""font-size: 13px; color: #444; line-height: 1.4;""><b style=""color: #111;"">Explicació:</b> MAN.SVVH.000 v1.2026

2.2.2. Tipologia i classificació dels autobusos

Els autocars disposen habitualment de bodegues a la part inferior per transportar equipatge.</div></div>","T32_-_Accidents_de_mobilitat_viaria","racord_6c0f0922-7be0-4cf0-9060-671ad244a9fa"
"<div style=""text-align: left; font-family: -apple-system, sans-serif;""><div style=""font-size: 11px; color: #888; margin-bottom: 6px;"">[T32 - Accidents de mobilitat viària] Pregunta 340</div><div style=""font-weight: bold; font-size: 16px; margin-bottom: 14px; line-height: 1.4;"">Quina velocitat poden assolir els trens d’alta velocitat?</div><div style=""font-size: 14px; line-height: 1.6;""><div style=""padding: 5px 0;""><b>A)</b> Més de 350 km/h</div><div style=""padding: 5px 0;""><b>B)</b> Més de 250 km/h</div><div style=""padding: 5px 0;""><b>C)</b> Més de 300 km/h</div><div style=""padding: 5px 0;""><b>D)</b> Fins a 190 km/h</div></div></div>","<div style=""text-align: left; font-family: -apple-system, sans-serif;""><div style=""font-weight: bold; font-size: 16px; color: #10b981; margin-bottom: 8px;"">✓ Resposta Correcta: C</div><div style=""font-size: 14px; margin-bottom: 12px; padding: 10px; background: rgba(16,185,129,0.1); border-radius: 6px; border-left: 4px solid #10b981;"">C) Més de 300 km/h</div><hr style=""border: 0; border-top: 1px solid #ddd; margin: 12px 0;""><div style=""font-size: 13px; color: #444; line-height: 1.4;""><b style=""color: #111;"">Explicació:</b> MAN.SVVH.000 v1.2026

2.4.1. Tipus de trens

Els trens d’alta velocitat poden superar els 300 km/h i operen en infraestructures específiques.</div></div>","T32_-_Accidents_de_mobilitat_viaria","racord_616deee6-e6a7-4e44-929e-2e8bbd63b2d7"
"<div style=""text-align: left; font-family: -apple-system, sans-serif;""><div style=""font-size: 11px; color: #888; margin-bottom: 6px;"">[T32 - Accidents de mobilitat viària] Pregunta 341</div><div style=""font-weight: bold; font-size: 16px; margin-bottom: 14px; line-height: 1.4;"">En un autocar, poden condicionar la localització i l’evacuació:</div><div style=""font-size: 14px; line-height: 1.6;""><div style=""padding: 5px 0;""><b>A)</b> Bodegues, plataformes PMR i espais de descans del conductor</div><div style=""padding: 5px 0;""><b>B)</b> Plataformes PMR, passadissos i zones de seients</div><div style=""padding: 5px 0;""><b>C)</b> Bodegues, compartiment motor i sostre</div><div style=""padding: 5px 0;""><b>D)</b> Bodegues, lavabos i cabina del conductor</div></div></div>","<div style=""text-align: left; font-family: -apple-system, sans-serif;""><div style=""font-weight: bold; font-size: 16px; color: #10b981; margin-bottom: 8px;"">✓ Resposta Correcta: A</div><div style=""font-size: 14px; margin-bottom: 12px; padding: 10px; background: rgba(16,185,129,0.1); border-radius: 6px; border-left: 4px solid #10b981;"">A) Bodegues, plataformes PMR i espais de descans del conductor</div><hr style=""border: 0; border-top: 1px solid #ddd; margin: 12px 0;""><div style=""font-size: 13px; color: #444; line-height: 1.4;""><b style=""color: #111;"">Explicació:</b> MAN.SVVH.000 v1.2026

2.2.1. El paper dels vehicles col·lectius en els accidents de trànsit

Les bodegues d’equipatge, plataformes PMR i espais de descans del conductor poden condicionar la localització i evacuació.</div></div>","T32_-_Accidents_de_mobilitat_viaria","racord_597ec582-60b1-49b3-ae4b-54630393de3a"
"<div style=""text-align: left; font-family: -apple-system, sans-serif;""><div style=""font-size: 11px; color: #888; margin-bottom: 6px;"">[T32 - Accidents de mobilitat viària] Pregunta 342</div><div style=""font-weight: bold; font-size: 16px; margin-bottom: 14px; line-height: 1.4;"">Quin és l’objectiu de la seguretat secundària o passiva?</div><div style=""font-size: 14px; line-height: 1.6;""><div style=""padding: 5px 0;""><b>A)</b> Evitar que l’accident arribi a produir-se</div><div style=""padding: 5px 0;""><b>B)</b> Minimitzar les lesions després de l’accident</div><div style=""padding: 5px 0;""><b>C)</b> Facilitar la resposta dels serveis d’emergència després del sinistre</div><div style=""padding: 5px 0;""><b>D)</b> Reduir els riscos d’incendi o explosió després de l’accident</div></div></div>","<div style=""text-align: left; font-family: -apple-system, sans-serif;""><div style=""font-weight: bold; font-size: 16px; color: #10b981; margin-bottom: 8px;"">✓ Resposta Correcta: B</div><div style=""font-size: 14px; margin-bottom: 12px; padding: 10px; background: rgba(16,185,129,0.1); border-radius: 6px; border-left: 4px solid #10b981;"">B) Minimitzar les lesions després de l’accident</div><hr style=""border: 0; border-top: 1px solid #ddd; margin: 12px 0;""><div style=""font-size: 13px; color: #444; line-height: 1.4;""><b style=""color: #111;"">Explicació:</b> MAN.SVVH.000 v1.2026

2.1.4. Seguretat dels vehicles

La seguretat secundària o passiva minimitza les lesions un cop l’accident ja s’ha produït.</div></div>","T32_-_Accidents_de_mobilitat_viaria","racord_bf25782d-3ca8-4583-ae86-33fc88e8a534"
"<div style=""text-align: left; font-family: -apple-system, sans-serif;""><div style=""font-size: 11px; color: #888; margin-bottom: 6px;"">[T32 - Accidents de mobilitat viària] Pregunta 343</div><div style=""font-weight: bold; font-size: 16px; margin-bottom: 14px; line-height: 1.4;"">La longitud d’un autobús o autocar pot oscil·lar entre:</div><div style=""font-size: 14px; line-height: 1.6;""><div style=""padding: 5px 0;""><b>A)</b> Entre 12 i 18,75 metres</div><div style=""padding: 5px 0;""><b>B)</b> Entre 13,5 i 18 metres</div><div style=""padding: 5px 0;""><b>C)</b> Entre 14 i 18,75 metres</div><div style=""padding: 5px 0;""><b>D)</b> Entre 13,5 i 18,75 metres</div></div></div>","<div style=""text-align: left; font-family: -apple-system, sans-serif;""><div style=""font-weight: bold; font-size: 16px; color: #10b981; margin-bottom: 8px;"">✓ Resposta Correcta: D</div><div style=""font-size: 14px; margin-bottom: 12px; padding: 10px; background: rgba(16,185,129,0.1); border-radius: 6px; border-left: 4px solid #10b981;"">D) Entre 13,5 i 18,75 metres</div><hr style=""border: 0; border-top: 1px solid #ddd; margin: 12px 0;""><div style=""font-size: 13px; color: #444; line-height: 1.4;""><b style=""color: #111;"">Explicació:</b> MAN.SVVH.000 v1.2026

2.2.3. Dimensions i pesos

La longitud pot oscil·lar entre 13,5 i 18,75 metres segons els eixos o si el vehicle és articulat.</div></div>","T32_-_Accidents_de_mobilitat_viaria","racord_8e74e72c-cd5f-46ba-94e3-fa8f037ea549"
"<div style=""text-align: left; font-family: -apple-system, sans-serif;""><div style=""font-size: 11px; color: #888; margin-bottom: 6px;"">[T32 - Accidents de mobilitat viària] Pregunta 344</div><div style=""font-weight: bold; font-size: 16px; margin-bottom: 14px; line-height: 1.4;"">Durant una estabilització manual d’emergència d’un vehicle en bolcada lateral, quin criteri de seguretat és correcte?</div><div style=""font-size: 14px; line-height: 1.6;""><div style=""padding: 5px 0;""><b>A)</b> Evitar el desplaçament cap a la banda del sostre i vigilar els punts calents dels baixos</div><div style=""padding: 5px 0;""><b>B)</b> Evitar el desplaçament cap a la banda del sostre i treballar preferentment des dels baixos</div><div style=""padding: 5px 0;""><b>C)</b> Neutralitzar primer els amortidors, encara que el vehicle estigui sobre un lateral</div><div style=""padding: 5px 0;""><b>D)</b> Evitar el desplaçament cap a la banda de les rodes i vigilar els punts calents del sostre</div></div></div>","<div style=""text-align: left; font-family: -apple-system, sans-serif;""><div style=""font-weight: bold; font-size: 16px; color: #10b981; margin-bottom: 8px;"">✓ Resposta Correcta: A</div><div style=""font-size: 14px; margin-bottom: 12px; padding: 10px; background: rgba(16,185,129,0.1); border-radius: 6px; border-left: 4px solid #10b981;"">A) Evitar el desplaçament cap a la banda del sostre i vigilar els punts calents dels baixos</div><hr style=""border: 0; border-top: 1px solid #ddd; margin: 12px 0;""><div style=""font-size: 13px; color: #444; line-height: 1.4;""><b style=""color: #111;"">Explicació:</b> MAN.SVVH.000 v1.2026

4.1.1. Estabilització manual d’emergència

En una bolcada lateral s’ha d’evitar el desplaçament cap a la banda del sostre i cal estar alerta als punts calents dels baixos del vehicle.</div></div>","T32_-_Accidents_de_mobilitat_viaria","racord_4aa47b3a-af38-4d24-a97e-bb438b8f1e22"
"<div style=""text-align: left; font-family: -apple-system, sans-serif;""><div style=""font-size: 11px; color: #888; margin-bottom: 6px;"">[T32 - Accidents de mobilitat viària] Pregunta 345</div><div style=""font-weight: bold; font-size: 16px; margin-bottom: 14px; line-height: 1.4;"">Sobre quin eix es produeix la guinyada?</div><div style=""font-size: 14px; line-height: 1.6;""><div style=""padding: 5px 0;""><b>A)</b> Sobre un eix longitudinal imaginari que passa pel centre del vehicle</div><div style=""padding: 5px 0;""><b>B)</b> Sobre un eix transversal imaginari que passa pel centre del vehicle</div><div style=""padding: 5px 0;""><b>C)</b> Sobre un eix vertical imaginari que passa pel centre del vehicle</div><div style=""padding: 5px 0;""><b>D)</b> Sobre un eix vertical imaginari situat a la part davantera</div></div></div>","<div style=""text-align: left; font-family: -apple-system, sans-serif;""><div style=""font-weight: bold; font-size: 16px; color: #10b981; margin-bottom: 8px;"">✓ Resposta Correcta: C</div><div style=""font-size: 14px; margin-bottom: 12px; padding: 10px; background: rgba(16,185,129,0.1); border-radius: 6px; border-left: 4px solid #10b981;"">C) Sobre un eix vertical imaginari que passa pel centre del vehicle</div><hr style=""border: 0; border-top: 1px solid #ddd; margin: 12px 0;""><div style=""font-size: 13px; color: #444; line-height: 1.4;""><b style=""color: #111;"">Explicació:</b> MAN.SVVH.000 v1.2026

2.1.3. Moviments possibles d’un vehicle en ordre de marxa

La guinyada es produeix al voltant d’un eix vertical imaginari que travessa el centre del vehicle.</div></div>","T32_-_Accidents_de_mobilitat_viaria","racord_914329f3-3bb4-4651-99ef-5077d679cbcd"
"<div style=""text-align: left; font-family: -apple-system, sans-serif;""><div style=""font-size: 11px; color: #888; margin-bottom: 6px;"">[T32 - Accidents de mobilitat viària] Pregunta 346</div><div style=""font-weight: bold; font-size: 16px; margin-bottom: 14px; line-height: 1.4;"">En quin tipus de servei és habitual trobar camions rígids?</div><div style=""font-size: 14px; line-height: 1.6;""><div style=""padding: 5px 0;""><b>A)</b> Repartiment urbà o trajectes de mitjana distància</div><div style=""padding: 5px 0;""><b>B)</b> Trajectes exclusivament urbans de curta distància</div><div style=""padding: 5px 0;""><b>C)</b> Trajectes interurbans de llarga distància</div><div style=""padding: 5px 0;""><b>D)</b> Repartiment urbà i transport pesant de llarg recorregut</div></div></div>","<div style=""text-align: left; font-family: -apple-system, sans-serif;""><div style=""font-weight: bold; font-size: 16px; color: #10b981; margin-bottom: 8px;"">✓ Resposta Correcta: A</div><div style=""font-size: 14px; margin-bottom: 12px; padding: 10px; background: rgba(16,185,129,0.1); border-radius: 6px; border-left: 4px solid #10b981;"">A) Repartiment urbà o trajectes de mitjana distància</div><hr style=""border: 0; border-top: 1px solid #ddd; margin: 12px 0;""><div style=""font-size: 13px; color: #444; line-height: 1.4;""><b style=""color: #111;"">Explicació:</b> MAN.SVVH.000 v1.2026

2.3.1. Tipus de camions segons l’estructura

Els camions rígids són habituals en repartiment urbà o trajectes de mitjana distància.</div></div>","T32_-_Accidents_de_mobilitat_viaria","racord_943e1822-455b-4b1f-98f3-6952ba74c8f7"
"<div style=""text-align: left; font-family: -apple-system, sans-serif;""><div style=""font-size: 11px; color: #888; margin-bottom: 6px;"">[T32 - Accidents de mobilitat viària] Pregunta 347</div><div style=""font-weight: bold; font-size: 16px; margin-bottom: 14px; line-height: 1.4;"">Quina mesura preventiva millora la seguretat en l’ús de cisalles, separadors i altres eines de rescat?</div><div style=""font-size: 14px; line-height: 1.6;""><div style=""padding: 5px 0;""><b>A)</b> L’entrenament i la pràctica contínua</div><div style=""padding: 5px 0;""><b>B)</b> L’entrenament periòdic centrat només en les eines de tall</div><div style=""padding: 5px 0;""><b>C)</b> La revisió de les eines abans de cada ús, encara que substitueixi part de l’entrenament pràctic</div><div style=""padding: 5px 0;""><b>D)</b> La pràctica continuada, encara que les eines no es revisin abans de la maniobra</div></div></div>","<div style=""text-align: left; font-family: -apple-system, sans-serif;""><div style=""font-weight: bold; font-size: 16px; color: #10b981; margin-bottom: 8px;"">✓ Resposta Correcta: A</div><div style=""font-size: 14px; margin-bottom: 12px; padding: 10px; background: rgba(16,185,129,0.1); border-radius: 6px; border-left: 4px solid #10b981;"">A) L’entrenament i la pràctica contínua</div><hr style=""border: 0; border-top: 1px solid #ddd; margin: 12px 0;""><div style=""font-size: 13px; color: #444; line-height: 1.4;""><b style=""color: #111;"">Explicació:</b> MAN.SVVH.000 v1.2026

5.2. Riscos específics i mesures preventives — Eines i equips de treball

L’entrenament i la pràctica contínua redueixen el risc associat a la manipulació d’eines i equips de treball.</div></div>","T32_-_Accidents_de_mobilitat_viaria","racord_933f740c-58f2-41e5-aa3f-205fc2fc972f"
"<div style=""text-align: left; font-family: -apple-system, sans-serif;""><div style=""font-size: 11px; color: #888; margin-bottom: 6px;"">[T32 - Accidents de mobilitat viària] Pregunta 348</div><div style=""font-weight: bold; font-size: 16px; margin-bottom: 14px; line-height: 1.4;"">Entre els sistemes de seguretat activa trobem:</div><div style=""font-size: 14px; line-height: 1.6;""><div style=""padding: 5px 0;""><b>A)</b> Ajuda a l’estacionament, sensors de fatiga i llums automàtics</div><div style=""padding: 5px 0;""><b>B)</b> Ajuda a l’estacionament, sensors de fatiga i cinturons de seguretat</div><div style=""padding: 5px 0;""><b>C)</b> ABS, airbags i llums automàtics</div><div style=""padding: 5px 0;""><b>D)</b> ESP, eCall i sensors de fatiga</div></div></div>","<div style=""text-align: left; font-family: -apple-system, sans-serif;""><div style=""font-weight: bold; font-size: 16px; color: #10b981; margin-bottom: 8px;"">✓ Resposta Correcta: A</div><div style=""font-size: 14px; margin-bottom: 12px; padding: 10px; background: rgba(16,185,129,0.1); border-radius: 6px; border-left: 4px solid #10b981;"">A) Ajuda a l’estacionament, sensors de fatiga i llums automàtics</div><hr style=""border: 0; border-top: 1px solid #ddd; margin: 12px 0;""><div style=""font-size: 13px; color: #444; line-height: 1.4;""><b style=""color: #111;"">Explicació:</b> MAN.SVVH.000 v1.2026

2.1.4. Seguretat dels vehicles

L’ajuda a l’estacionament, els sensors de fatiga i els llums automàtics formen part de la seguretat activa.</div></div>","T32_-_Accidents_de_mobilitat_viaria","racord_260363b3-732d-4f01-b32c-ec49662aaacd"
"<div style=""text-align: left; font-family: -apple-system, sans-serif;""><div style=""font-size: 11px; color: #888; margin-bottom: 6px;"">[T32 - Accidents de mobilitat viària] Pregunta 349</div><div style=""font-weight: bold; font-size: 16px; margin-bottom: 14px; line-height: 1.4;"">Com generen electricitat els vehicles de pila de combustible d’hidrogen?</div><div style=""font-size: 14px; line-height: 1.6;""><div style=""padding: 5px 0;""><b>A)</b> Mitjançant la combustió directa d’hidrogen amb oxigen</div><div style=""padding: 5px 0;""><b>B)</b> Mitjançant l’electròlisi de l’aigua dins del vehicle</div><div style=""padding: 5px 0;""><b>C)</b> Mitjançant una reacció química entre hidrogen i nitrogen</div><div style=""padding: 5px 0;""><b>D)</b> Mitjançant una reacció química entre hidrogen i oxigen</div></div></div>","<div style=""text-align: left; font-family: -apple-system, sans-serif;""><div style=""font-weight: bold; font-size: 16px; color: #10b981; margin-bottom: 8px;"">✓ Resposta Correcta: D</div><div style=""font-size: 14px; margin-bottom: 12px; padding: 10px; background: rgba(16,185,129,0.1); border-radius: 6px; border-left: 4px solid #10b981;"">D) Mitjançant una reacció química entre hidrogen i oxigen</div><hr style=""border: 0; border-top: 1px solid #ddd; margin: 12px 0;""><div style=""font-size: 13px; color: #444; line-height: 1.4;""><b style=""color: #111;"">Explicació:</b> MAN.SVVH.000 v1.2026

2.1.2. Sistemes de propulsió

Els vehicles de pila de combustible d’hidrogen generen electricitat a partir d’una reacció química entre hidrogen i oxigen.</div></div>","T32_-_Accidents_de_mobilitat_viaria","racord_55c1be03-7f9e-4824-b39a-c5494678680d"
"<div style=""text-align: left; font-family: -apple-system, sans-serif;""><div style=""font-size: 11px; color: #888; margin-bottom: 6px;"">[T32 - Accidents de mobilitat viària] Pregunta 350</div><div style=""font-weight: bold; font-size: 16px; margin-bottom: 14px; line-height: 1.4;"">Quina definició correspon als travessers d’un vehicle?</div><div style=""font-size: 14px; line-height: 1.6;""><div style=""padding: 5px 0;""><b>A)</b> Elements estructurals horitzontals, longitudinals o transversals</div><div style=""padding: 5px 0;""><b>B)</b> Elements estructurals horitzontals exclusivament transversals</div><div style=""padding: 5px 0;""><b>C)</b> Elements estructurals horitzontals exclusivament longitudinals</div><div style=""padding: 5px 0;""><b>D)</b> Elements estructurals verticals, longitudinals o transversals</div></div></div>","<div style=""text-align: left; font-family: -apple-system, sans-serif;""><div style=""font-weight: bold; font-size: 16px; color: #10b981; margin-bottom: 8px;"">✓ Resposta Correcta: A</div><div style=""font-size: 14px; margin-bottom: 12px; padding: 10px; background: rgba(16,185,129,0.1); border-radius: 6px; border-left: 4px solid #10b981;"">A) Elements estructurals horitzontals, longitudinals o transversals</div><hr style=""border: 0; border-top: 1px solid #ddd; margin: 12px 0;""><div style=""font-size: 13px; color: #444; line-height: 1.4;""><b style=""color: #111;"">Explicació:</b> MAN.SVVH.000 v1.2026

2.1.1. Parts dels vehicles

Els travessers són elements estructurals horitzontals que poden ser longitudinals o transversals.</div></div>","T32_-_Accidents_de_mobilitat_viaria","racord_8cec7849-4c20-4403-8fa6-b19ff5939592"
"<div style=""text-align: left; font-family: -apple-system, sans-serif;""><div style=""font-size: 11px; color: #888; margin-bottom: 6px;"">[T32 - Accidents de mobilitat viària] Pregunta 351</div><div style=""font-weight: bold; font-size: 16px; margin-bottom: 14px; line-height: 1.4;"">Quina funció tenen els sistemes de seguretat activa?</div><div style=""font-size: 14px; line-height: 1.6;""><div style=""padding: 5px 0;""><b>A)</b> Facilitar la localització i l’accés dels equips d’emergència</div><div style=""padding: 5px 0;""><b>B)</b> Reduir els danys addicionals un cop el vehicle ha quedat immobilitzat</div><div style=""padding: 5px 0;""><b>C)</b> Protegir físicament els ocupants durant i després de l’impacte</div><div style=""padding: 5px 0;""><b>D)</b> Ajudar el conductor a mantenir el control i reaccionar davant imprevistos</div></div></div>","<div style=""text-align: left; font-family: -apple-system, sans-serif;""><div style=""font-weight: bold; font-size: 16px; color: #10b981; margin-bottom: 8px;"">✓ Resposta Correcta: D</div><div style=""font-size: 14px; margin-bottom: 12px; padding: 10px; background: rgba(16,185,129,0.1); border-radius: 6px; border-left: 4px solid #10b981;"">D) Ajudar el conductor a mantenir el control i reaccionar davant imprevistos</div><hr style=""border: 0; border-top: 1px solid #ddd; margin: 12px 0;""><div style=""font-size: 13px; color: #444; line-height: 1.4;""><b style=""color: #111;"">Explicació:</b> MAN.SVVH.000 v1.2026

2.1.4. Seguretat dels vehicles

Els sistemes de seguretat activa ajuden el conductor a mantenir el control del vehicle i a reaccionar davant situacions imprevistes.</div></div>","T32_-_Accidents_de_mobilitat_viaria","racord_fce9ffe9-66b8-4fcb-9671-a8f409601265"
"<div style=""text-align: left; font-family: -apple-system, sans-serif;""><div style=""font-size: 11px; color: #888; margin-bottom: 6px;"">[T32 - Accidents de mobilitat viària] Pregunta 352</div><div style=""font-weight: bold; font-size: 16px; margin-bottom: 14px; line-height: 1.4;"">Quins són els tres grans tipus de seguretat dels vehicles?</div><div style=""font-size: 14px; line-height: 1.6;""><div style=""padding: 5px 0;""><b>A)</b> Primària o activa, secundària o passiva i terciària</div><div style=""padding: 5px 0;""><b>B)</b> Primària o preventiva, secundària o activa i terciària</div><div style=""padding: 5px 0;""><b>C)</b> Preventiva, correctiva i terciària</div><div style=""padding: 5px 0;""><b>D)</b> Activa, passiva i estructural</div></div></div>","<div style=""text-align: left; font-family: -apple-system, sans-serif;""><div style=""font-weight: bold; font-size: 16px; color: #10b981; margin-bottom: 8px;"">✓ Resposta Correcta: A</div><div style=""font-size: 14px; margin-bottom: 12px; padding: 10px; background: rgba(16,185,129,0.1); border-radius: 6px; border-left: 4px solid #10b981;"">A) Primària o activa, secundària o passiva i terciària</div><hr style=""border: 0; border-top: 1px solid #ddd; margin: 12px 0;""><div style=""font-size: 13px; color: #444; line-height: 1.4;""><b style=""color: #111;"">Explicació:</b> MAN.SVVH.000 v1.2026

2.1.4. Seguretat dels vehicles

Els tres grans tipus són seguretat primària o activa, secundària o passiva i terciària.</div></div>","T32_-_Accidents_de_mobilitat_viaria","racord_a527ea0b-df91-4ab7-a1ba-b83f786f4e77"
"<div style=""text-align: left; font-family: -apple-system, sans-serif;""><div style=""font-size: 11px; color: #888; margin-bottom: 6px;"">[T32 - Accidents de mobilitat viària] Pregunta 353</div><div style=""font-weight: bold; font-size: 16px; margin-bottom: 14px; line-height: 1.4;"">Quins sistemes de propulsió es consideren no convencionals?</div><div style=""font-size: 14px; line-height: 1.6;""><div style=""padding: 5px 0;""><b>A)</b> Gas, hidrogen i combustibles de nova generació</div><div style=""padding: 5px 0;""><b>B)</b> Electricitat, hidrogen i combustibles sintètics</div><div style=""padding: 5px 0;""><b>C)</b> Gas, electricitat i biocombustibles</div><div style=""padding: 5px 0;""><b>D)</b> Gas, electricitat i hidrogen</div></div></div>","<div style=""text-align: left; font-family: -apple-system, sans-serif;""><div style=""font-weight: bold; font-size: 16px; color: #10b981; margin-bottom: 8px;"">✓ Resposta Correcta: D</div><div style=""font-size: 14px; margin-bottom: 12px; padding: 10px; background: rgba(16,185,129,0.1); border-radius: 6px; border-left: 4px solid #10b981;"">D) Gas, electricitat i hidrogen</div><hr style=""border: 0; border-top: 1px solid #ddd; margin: 12px 0;""><div style=""font-size: 13px; color: #444; line-height: 1.4;""><b style=""color: #111;"">Explicació:</b> MAN.SVVH.000 v1.2026

1.1. Context de la mobilitat a Catalunya

Es consideren sistemes de propulsió no convencionals, entre d’altres, el gas, l’electricitat o l’hidrogen.</div></div>","T32_-_Accidents_de_mobilitat_viaria","racord_46448cf5-395a-4f31-9e05-b46bbe8c5ea0"
"<div style=""text-align: left; font-family: -apple-system, sans-serif;""><div style=""font-size: 11px; color: #888; margin-bottom: 6px;"">[T32 - Accidents de mobilitat viària] Pregunta 354</div><div style=""font-weight: bold; font-size: 16px; margin-bottom: 14px; line-height: 1.4;"">Quina funció estructural tenen els muntants o columnes d’un vehicle?</div><div style=""font-size: 14px; line-height: 1.6;""><div style=""padding: 5px 0;""><b>A)</b> Unir el sostre amb la resta de la carrosseria</div><div style=""padding: 5px 0;""><b>B)</b> Unir les portes amb l’estructura lateral del vehicle</div><div style=""padding: 5px 0;""><b>C)</b> Unir els travessers longitudinals amb els transversals</div><div style=""padding: 5px 0;""><b>D)</b> Unir el sostre amb el bastidor inferior de la carrosseria</div></div></div>","<div style=""text-align: left; font-family: -apple-system, sans-serif;""><div style=""font-weight: bold; font-size: 16px; color: #10b981; margin-bottom: 8px;"">✓ Resposta Correcta: A</div><div style=""font-size: 14px; margin-bottom: 12px; padding: 10px; background: rgba(16,185,129,0.1); border-radius: 6px; border-left: 4px solid #10b981;"">A) Unir el sostre amb la resta de la carrosseria</div><hr style=""border: 0; border-top: 1px solid #ddd; margin: 12px 0;""><div style=""font-size: 13px; color: #444; line-height: 1.4;""><b style=""color: #111;"">Explicació:</b> MAN.SVVH.000 v1.2026

2.1.1. Parts dels vehicles

Els muntants o columnes són elements estructurals que uneixen el sostre amb la resta de la carrosseria.</div></div>","T32_-_Accidents_de_mobilitat_viaria","racord_4a5342a5-98fc-4cf9-acfa-c11a11a8f786"
"<div style=""text-align: left; font-family: -apple-system, sans-serif;""><div style=""font-size: 11px; color: #888; margin-bottom: 6px;"">[T32 - Accidents de mobilitat viària] Pregunta 355</div><div style=""font-weight: bold; font-size: 16px; margin-bottom: 14px; line-height: 1.4;"">Què transporten els camions portacontenidors?</div><div style=""font-size: 14px; line-height: 1.6;""><div style=""padding: 5px 0;""><b>A)</b> Caixes mòbils no normalitzades per a transport terrestre</div><div style=""padding: 5px 0;""><b>B)</b> Contenidors normalitzats de tipus marítim</div><div style=""padding: 5px 0;""><b>C)</b> Contenidors normalitzats d’ús exclusivament ferroviari</div><div style=""padding: 5px 0;""><b>D)</b> Dipòsits modulars destinats al transport de líquids</div></div></div>","<div style=""text-align: left; font-family: -apple-system, sans-serif;""><div style=""font-weight: bold; font-size: 16px; color: #10b981; margin-bottom: 8px;"">✓ Resposta Correcta: B</div><div style=""font-size: 14px; margin-bottom: 12px; padding: 10px; background: rgba(16,185,129,0.1); border-radius: 6px; border-left: 4px solid #10b981;"">B) Contenidors normalitzats de tipus marítim</div><hr style=""border: 0; border-top: 1px solid #ddd; margin: 12px 0;""><div style=""font-size: 13px; color: #444; line-height: 1.4;""><b style=""color: #111;"">Explicació:</b> MAN.SVVH.000 v1.2026

2.3.3. Sistemes de càrrega i tipus de contenidor

Els camions portacontenidors transporten contenidors normalitzats de tipus marítim.</div></div>","T32_-_Accidents_de_mobilitat_viaria","racord_c03e1497-4714-4a86-b69f-1af56a70e943"
"<div style=""text-align: left; font-family: -apple-system, sans-serif;""><div style=""font-size: 11px; color: #888; margin-bottom: 6px;"">[T32 - Accidents de mobilitat viària] Pregunta 356</div><div style=""font-weight: bold; font-size: 16px; margin-bottom: 14px; line-height: 1.4;"">Un turisme ha quedat recolzat sobre el lateral dret. Quin risc específic s’ha de tenir present?</div><div style=""font-size: 14px; line-height: 1.6;""><div style=""padding: 5px 0;""><b>A)</b> Que l’accés sigui més fàcil perquè un lateral queda completament exposat</div><div style=""padding: 5px 0;""><b>B)</b> Que el vehicle tingui menys risc de moviment que en ordre de marxa</div><div style=""padding: 5px 0;""><b>C)</b> Que hi pugui haver víctimes atrapades a la banda del sostre, però no sota el vehicle</div><div style=""padding: 5px 0;""><b>D)</b> Que hi pugui haver víctimes atrapades sota el vehicle</div></div></div>","<div style=""text-align: left; font-family: -apple-system, sans-serif;""><div style=""font-weight: bold; font-size: 16px; color: #10b981; margin-bottom: 8px;"">✓ Resposta Correcta: D</div><div style=""font-size: 14px; margin-bottom: 12px; padding: 10px; background: rgba(16,185,129,0.1); border-radius: 6px; border-left: 4px solid #10b981;"">D) Que hi pugui haver víctimes atrapades sota el vehicle</div><hr style=""border: 0; border-top: 1px solid #ddd; margin: 12px 0;""><div style=""font-size: 13px; color: #444; line-height: 1.4;""><b style=""color: #111;"">Explicació:</b> MAN.SVVH.000 v1.2026

3.2.2. Posicions dels vehicles després d’un accident de mobilitat viària

En una bolcada lateral el vehicle queda tombat sobre un costat, fet que pot dificultar l’accés, comprometre l’estabilitat i deixar víctimes atrapades sota el vehicle.</div></div>","T32_-_Accidents_de_mobilitat_viaria","racord_aeff74b7-bfef-4c9a-b91b-c081b8bf691c"
"<div style=""text-align: left; font-family: -apple-system, sans-serif;""><div style=""font-size: 11px; color: #888; margin-bottom: 6px;"">[T32 - Accidents de mobilitat viària] Pregunta 357</div><div style=""font-weight: bold; font-size: 16px; margin-bottom: 14px; line-height: 1.4;"">Quina opció correspon a moviments complexos que es poden produir en un accident?</div><div style=""font-size: 14px; line-height: 1.6;""><div style=""padding: 5px 0;""><b>A)</b> Guinyada i desplaçament longitudinal</div><div style=""padding: 5px 0;""><b>B)</b> Balanceig i capcineig</div><div style=""padding: 5px 0;""><b>C)</b> Bolcada lateral o total i precipitació</div><div style=""padding: 5px 0;""><b>D)</b> Capcineig i frenada brusca</div></div></div>","<div style=""text-align: left; font-family: -apple-system, sans-serif;""><div style=""font-weight: bold; font-size: 16px; color: #10b981; margin-bottom: 8px;"">✓ Resposta Correcta: C</div><div style=""font-size: 14px; margin-bottom: 12px; padding: 10px; background: rgba(16,185,129,0.1); border-radius: 6px; border-left: 4px solid #10b981;"">C) Bolcada lateral o total i precipitació</div><hr style=""border: 0; border-top: 1px solid #ddd; margin: 12px 0;""><div style=""font-size: 13px; color: #444; line-height: 1.4;""><b style=""color: #111;"">Explicació:</b> MAN.SVVH.000 v1.2026

2.1.3. Moviments possibles d’un vehicle en ordre de marxa

La bolcada lateral o total i la precipitació es consideren moviments complexos.</div></div>","T32_-_Accidents_de_mobilitat_viaria","racord_31064a07-03f7-4969-9f8d-63b2f0e3d69e"
"<div style=""text-align: left; font-family: -apple-system, sans-serif;""><div style=""font-size: 11px; color: #888; margin-bottom: 6px;"">[T32 - Accidents de mobilitat viària] Pregunta 358</div><div style=""font-weight: bold; font-size: 16px; margin-bottom: 14px; line-height: 1.4;"">On tenen una presència especialment important els camions?</div><div style=""font-size: 14px; line-height: 1.6;""><div style=""padding: 5px 0;""><b>A)</b> En vies ràpides i àrees logístiques</div><div style=""padding: 5px 0;""><b>B)</b> En àrees industrials i ports, amb presència limitada a la xarxa viària general</div><div style=""padding: 5px 0;""><b>C)</b> En vies urbanes i àrees logístiques, amb poca presència en vies ràpides</div><div style=""padding: 5px 0;""><b>D)</b> En vies ràpides i corredors interurbans, però no especialment en àrees logístiques</div></div></div>","<div style=""text-align: left; font-family: -apple-system, sans-serif;""><div style=""font-weight: bold; font-size: 16px; color: #10b981; margin-bottom: 8px;"">✓ Resposta Correcta: A</div><div style=""font-size: 14px; margin-bottom: 12px; padding: 10px; background: rgba(16,185,129,0.1); border-radius: 6px; border-left: 4px solid #10b981;"">A) En vies ràpides i àrees logístiques</div><hr style=""border: 0; border-top: 1px solid #ddd; margin: 12px 0;""><div style=""font-size: 13px; color: #444; line-height: 1.4;""><b style=""color: #111;"">Explicació:</b> MAN.SVVH.000 v1.2026

2.3. Coneixement dels camions i vehicles pesants

Els camions tenen una gran presència a la xarxa viària, especialment en vies ràpides i àrees logístiques.</div></div>","T32_-_Accidents_de_mobilitat_viaria","racord_0c9b7b74-39f2-4f2c-b0c4-de783b35e039"
"<div style=""text-align: left; font-family: -apple-system, sans-serif;""><div style=""font-size: 11px; color: #888; margin-bottom: 6px;"">[T32 - Accidents de mobilitat viària] Pregunta 359</div><div style=""font-weight: bold; font-size: 16px; margin-bottom: 14px; line-height: 1.4;"">En un tren accidentat, com a vies alternatives d’accés es poden valorar:</div><div style=""font-size: 14px; line-height: 1.6;""><div style=""padding: 5px 0;""><b>A)</b> Finestres d’emergència, interconnexions o tall amb eines especials</div><div style=""padding: 5px 0;""><b>B)</b> Bogis, interconnexions o tall de la superestructura inferior</div><div style=""padding: 5px 0;""><b>C)</b> Parabrises, portes de servei o obertures tècniques del sostre</div><div style=""padding: 5px 0;""><b>D)</b> Finestres, compartiments tècnics o accés des de la catenària</div></div></div>","<div style=""text-align: left; font-family: -apple-system, sans-serif;""><div style=""font-weight: bold; font-size: 16px; color: #10b981; margin-bottom: 8px;"">✓ Resposta Correcta: A</div><div style=""font-size: 14px; margin-bottom: 12px; padding: 10px; background: rgba(16,185,129,0.1); border-radius: 6px; border-left: 4px solid #10b981;"">A) Finestres d’emergència, interconnexions o tall amb eines especials</div><hr style=""border: 0; border-top: 1px solid #ddd; margin: 12px 0;""><div style=""font-size: 13px; color: #444; line-height: 1.4;""><b style=""color: #111;"">Explicació:</b> MAN.SVVH.000 v1.2026

2.4.5. Consideracions operatives bàsiques

Les finestres d’emergència, les interconnexions o el tall amb eines especials poden ser vies alternatives d’accés.</div></div>","T32_-_Accidents_de_mobilitat_viaria","racord_913cd2ef-6e30-4fc0-aa81-b70d527682e3"
"<div style=""text-align: left; font-family: -apple-system, sans-serif;""><div style=""font-size: 11px; color: #888; margin-bottom: 6px;"">[T32 - Accidents de mobilitat viària] Pregunta 360</div><div style=""font-weight: bold; font-size: 16px; margin-bottom: 14px; line-height: 1.4;"">Indica quina definició correspon al concepte de balanceig:</div><div style=""font-size: 14px; line-height: 1.6;""><div style=""padding: 5px 0;""><b>A)</b> Moviment lineal lateral de tota la carrosseria</div><div style=""padding: 5px 0;""><b>B)</b> Moviment pivotant endavant i endarrere sense desplaçament longitudinal</div><div style=""padding: 5px 0;""><b>C)</b> Moviment pivotant a dreta i esquerra sense desplaçament longitudinal</div><div style=""padding: 5px 0;""><b>D)</b> Moviment a dreta o esquerra sobre un eix vertical imaginari</div></div></div>","<div style=""text-align: left; font-family: -apple-system, sans-serif;""><div style=""font-weight: bold; font-size: 16px; color: #10b981; margin-bottom: 8px;"">✓ Resposta Correcta: C</div><div style=""font-size: 14px; margin-bottom: 12px; padding: 10px; background: rgba(16,185,129,0.1); border-radius: 6px; border-left: 4px solid #10b981;"">C) Moviment pivotant a dreta i esquerra sense desplaçament longitudinal</div><hr style=""border: 0; border-top: 1px solid #ddd; margin: 12px 0;""><div style=""font-size: 13px; color: #444; line-height: 1.4;""><b style=""color: #111;"">Explicació:</b> MAN.SVVH.000 v1.2026

2.1.3. Moviments possibles d’un vehicle en ordre de marxa

El balanceig és un moviment pivotant a dreta i esquerra sense desplaçament longitudinal.</div></div>","T32_-_Accidents_de_mobilitat_viaria","racord_a4c7a047-57a4-4b9e-bb3f-784725156167"
"<div style=""text-align: left; font-family: -apple-system, sans-serif;""><div style=""font-size: 11px; color: #888; margin-bottom: 6px;"">[T32 - Accidents de mobilitat viària] Pregunta 361</div><div style=""font-weight: bold; font-size: 16px; margin-bottom: 14px; line-height: 1.4;"">Indica quina de les següents afirmacions és INCORRECTA en la primera valoració de riscos en un accident de trànsit:</div><div style=""font-size: 14px; line-height: 1.6;""><div style=""padding: 5px 0;""><b>A)</b> Cal considerar punts calents i risc d’explosió</div><div style=""padding: 5px 0;""><b>B)</b> La primera valoració pot ajornar el risc elèctric fins després d’haver estabilitzat i accedit al vehicle</div><div style=""padding: 5px 0;""><b>C)</b> Les condicions ambientals formen part dels riscos que s’han de valorar</div><div style=""padding: 5px 0;""><b>D)</b> Cal valorar possibles fonts d’ignició</div></div></div>","<div style=""text-align: left; font-family: -apple-system, sans-serif;""><div style=""font-weight: bold; font-size: 16px; color: #10b981; margin-bottom: 8px;"">✓ Resposta Correcta: B</div><div style=""font-size: 14px; margin-bottom: 12px; padding: 10px; background: rgba(16,185,129,0.1); border-radius: 6px; border-left: 4px solid #10b981;"">B) La primera valoració pot ajornar el risc elèctric fins després d’haver estabilitzat i accedit al vehicle</div><hr style=""border: 0; border-top: 1px solid #ddd; margin: 12px 0;""><div style=""font-size: 13px; color: #444; line-height: 1.4;""><b style=""color: #111;"">Explicació:</b> MAN.SVVH.000 v1.2026

3.1. Anticipació i avaluació de riscos

També cal valorar fonts d’ignició, punts calents, risc d’explosió, risc elèctric i condicions ambientals.</div></div>","T32_-_Accidents_de_mobilitat_viaria","racord_0224a720-4ad1-478b-9ddf-da39a398fd5e"
"<div style=""text-align: left; font-family: -apple-system, sans-serif;""><div style=""font-size: 11px; color: #888; margin-bottom: 6px;"">[T32 - Accidents de mobilitat viària] Pregunta 362</div><div style=""font-weight: bold; font-size: 16px; margin-bottom: 14px; line-height: 1.4;"">Quin és l’objectiu de la seguretat primària o activa?</div><div style=""font-size: 14px; line-height: 1.6;""><div style=""padding: 5px 0;""><b>A)</b> Prevenir que es produeixi l’accident</div><div style=""padding: 5px 0;""><b>B)</b> Reduir les lesions un cop produït l’impacte</div><div style=""padding: 5px 0;""><b>C)</b> Preservar l’espai vital quan l’accident ja s’ha produït</div><div style=""padding: 5px 0;""><b>D)</b> Facilitar una resposta ràpida dels serveis d’emergència</div></div></div>","<div style=""text-align: left; font-family: -apple-system, sans-serif;""><div style=""font-weight: bold; font-size: 16px; color: #10b981; margin-bottom: 8px;"">✓ Resposta Correcta: A</div><div style=""font-size: 14px; margin-bottom: 12px; padding: 10px; background: rgba(16,185,129,0.1); border-radius: 6px; border-left: 4px solid #10b981;"">A) Prevenir que es produeixi l’accident</div><hr style=""border: 0; border-top: 1px solid #ddd; margin: 12px 0;""><div style=""font-size: 13px; color: #444; line-height: 1.4;""><b style=""color: #111;"">Explicació:</b> MAN.SVVH.000 v1.2026

2.1.4. Seguretat dels vehicles

La seguretat primària o activa té com a finalitat prevenir la possibilitat que es produeixi un accident.</div></div>","T32_-_Accidents_de_mobilitat_viaria","racord_47eaa27d-19ac-478a-ae5b-10c916796150"
"<div style=""text-align: left; font-family: -apple-system, sans-serif;""><div style=""font-size: 11px; color: #888; margin-bottom: 6px;"">[T32 - Accidents de mobilitat viària] Pregunta 363</div><div style=""font-weight: bold; font-size: 16px; margin-bottom: 14px; line-height: 1.4;"">Quina característica tenen els camions grua o ploma?</div><div style=""font-size: 14px; line-height: 1.6;""><div style=""padding: 5px 0;""><b>A)</b> No incorporen equips de manipulació i depenen sempre de maquinària externa</div><div style=""padding: 5px 0;""><b>B)</b> Incorporen equips propis només per a la descàrrega</div><div style=""padding: 5px 0;""><b>C)</b> Disposen d’un sistema d’elevació fix que requereix una grua externa per carregar</div><div style=""padding: 5px 0;""><b>D)</b> Incorporen equips propis de càrrega i descàrrega</div></div></div>","<div style=""text-align: left; font-family: -apple-system, sans-serif;""><div style=""font-weight: bold; font-size: 16px; color: #10b981; margin-bottom: 8px;"">✓ Resposta Correcta: D</div><div style=""font-size: 14px; margin-bottom: 12px; padding: 10px; background: rgba(16,185,129,0.1); border-radius: 6px; border-left: 4px solid #10b981;"">D) Incorporen equips propis de càrrega i descàrrega</div><hr style=""border: 0; border-top: 1px solid #ddd; margin: 12px 0;""><div style=""font-size: 13px; color: #444; line-height: 1.4;""><b style=""color: #111;"">Explicació:</b> MAN.SVVH.000 v1.2026

2.3.3. Sistemes de càrrega i tipus de contenidor

Els camions grua o ploma incorporen equips propis de càrrega i descàrrega, com grues articulades.</div></div>","T32_-_Accidents_de_mobilitat_viaria","racord_ea8cd000-b676-4c22-aa3a-9f435af9b6cf"
"<div style=""text-align: left; font-family: -apple-system, sans-serif;""><div style=""font-size: 11px; color: #888; margin-bottom: 6px;"">[T32 - Accidents de mobilitat viària] Pregunta 364</div><div style=""font-weight: bold; font-size: 16px; margin-bottom: 14px; line-height: 1.4;"">Què caracteritza un atrapament mecànic?</div><div style=""font-size: 14px; line-height: 1.6;""><div style=""padding: 5px 0;""><b>A)</b> La víctima està atrapada per les seves lesions encara que no hi hagi deformació d’accessos</div><div style=""padding: 5px 0;""><b>B)</b> La víctima necessita crear un gran espai d’extracció per evitar agreujar lesions</div><div style=""padding: 5px 0;""><b>C)</b> La víctima queda físicament comprimida per elements estructurals deformats</div><div style=""padding: 5px 0;""><b>D)</b> La víctima no pot sortir per la deformació del vehicle, tot i estar il·lesa o molt lleu</div></div></div>","<div style=""text-align: left; font-family: -apple-system, sans-serif;""><div style=""font-weight: bold; font-size: 16px; color: #10b981; margin-bottom: 8px;"">✓ Resposta Correcta: D</div><div style=""font-size: 14px; margin-bottom: 12px; padding: 10px; background: rgba(16,185,129,0.1); border-radius: 6px; border-left: 4px solid #10b981;"">D) La víctima no pot sortir per la deformació del vehicle, tot i estar il·lesa o molt lleu</div><hr style=""border: 0; border-top: 1px solid #ddd; margin: 12px 0;""><div style=""font-size: 13px; color: #444; line-height: 1.4;""><b style=""color: #111;"">Explicació:</b> MAN.SVVH.000 v1.2026

3.2.4. Tipus d’atrapament

En l’atrapament mecànic, la víctima està il·lesa o presenta lesions molt lleus, però no pot sortir per les deformacions de l’estructura i cal forçar un accés.</div></div>","T32_-_Accidents_de_mobilitat_viaria","racord_93d641b5-00cc-4f10-b9c5-7a8cc2f6a710"
"<div style=""text-align: left; font-family: -apple-system, sans-serif;""><div style=""font-size: 11px; color: #888; margin-bottom: 6px;"">[T32 - Accidents de mobilitat viària] Pregunta 365</div><div style=""font-weight: bold; font-size: 16px; margin-bottom: 14px; line-height: 1.4;"">Quina zona alternativa es pot treballar per obrir una porta deformada en un rescat viari?</div><div style=""font-size: 14px; line-height: 1.6;""><div style=""padding: 5px 0;""><b>A)</b> La zona inferior de la talonera</div><div style=""padding: 5px 0;""><b>B)</b> La zona del muntant B</div><div style=""padding: 5px 0;""><b>C)</b> El marc superior de la porta</div><div style=""padding: 5px 0;""><b>D)</b> La zona de les frontisses</div></div></div>","<div style=""text-align: left; font-family: -apple-system, sans-serif;""><div style=""font-weight: bold; font-size: 16px; color: #10b981; margin-bottom: 8px;"">✓ Resposta Correcta: D</div><div style=""font-size: 14px; margin-bottom: 12px; padding: 10px; background: rgba(16,185,129,0.1); border-radius: 6px; border-left: 4px solid #10b981;"">D) La zona de les frontisses</div><hr style=""border: 0; border-top: 1px solid #ddd; margin: 12px 0;""><div style=""font-size: 13px; color: #444; line-height: 1.4;""><b style=""color: #111;"">Explicació:</b> MAN.SVVH.000 v1.2026

4.2.2. Obertura de portes laterals i porta del darrere

Si l’actuació sobre el pany no és adequada, també es pot intervenir sobre la zona de les frontisses.</div></div>","T32_-_Accidents_de_mobilitat_viaria","racord_c3e4f6f7-f2ad-4799-ba49-a92fd01ca80b"
"<div style=""text-align: left; font-family: -apple-system, sans-serif;""><div style=""font-size: 11px; color: #888; margin-bottom: 6px;"">[T32 - Accidents de mobilitat viària] Pregunta 366</div><div style=""font-weight: bold; font-size: 16px; margin-bottom: 14px; line-height: 1.4;"">Què és el capó d'un vehicle?</div><div style=""font-size: 14px; line-height: 1.6;""><div style=""padding: 5px 0;""><b>A)</b> És un recobriment del compartiment motor amb funció estructural secundària</div><div style=""padding: 5px 0;""><b>B)</b> És un element de revestiment que forma part del sistema de retenció frontal</div><div style=""padding: 5px 0;""><b>C)</b> És un recobriment del compartiment motor i no és estructural</div><div style=""padding: 5px 0;""><b>D)</b> És un element estructural que transmet esforços entre els muntants davanters</div></div></div>","<div style=""text-align: left; font-family: -apple-system, sans-serif;""><div style=""font-weight: bold; font-size: 16px; color: #10b981; margin-bottom: 8px;"">✓ Resposta Correcta: C</div><div style=""font-size: 14px; margin-bottom: 12px; padding: 10px; background: rgba(16,185,129,0.1); border-radius: 6px; border-left: 4px solid #10b981;"">C) És un recobriment del compartiment motor i no és estructural</div><hr style=""border: 0; border-top: 1px solid #ddd; margin: 12px 0;""><div style=""font-size: 13px; color: #444; line-height: 1.4;""><b style=""color: #111;"">Explicació:</b> MAN.SVVH.000 v1.2026

2.1.1. Parts dels vehicles

El capó és un element de recobriment del compartiment motor i no és estructural.</div></div>","T32_-_Accidents_de_mobilitat_viaria","racord_b29dc8d3-5485-4dbe-8f16-4f6f43aeef65"
"<div style=""text-align: left; font-family: -apple-system, sans-serif;""><div style=""font-size: 11px; color: #888; margin-bottom: 6px;"">[T32 - Accidents de mobilitat viària] Pregunta 367</div><div style=""font-weight: bold; font-size: 16px; margin-bottom: 14px; line-height: 1.4;"">Quin risc presenta una càrrega desplaçada o comprimida dins d’un camió?</div><div style=""font-size: 14px; line-height: 1.6;""><div style=""padding: 5px 0;""><b>A)</b> Pot canviar el centre de gravetat, però no generar moviment propi</div><div style=""padding: 5px 0;""><b>B)</b> Només representa un risc rellevant si el vehicle es troba en pendent</div><div style=""padding: 5px 0;""><b>C)</b> La compressió tendeix a immobilitzar-la i redueix el risc per als intervinents</div><div style=""padding: 5px 0;""><b>D)</b> Pot alliberar-se o moure’s i posar en perill els intervinents</div></div></div>","<div style=""text-align: left; font-family: -apple-system, sans-serif;""><div style=""font-weight: bold; font-size: 16px; color: #10b981; margin-bottom: 8px;"">✓ Resposta Correcta: D</div><div style=""font-size: 14px; margin-bottom: 12px; padding: 10px; background: rgba(16,185,129,0.1); border-radius: 6px; border-left: 4px solid #10b981;"">D) Pot alliberar-se o moure’s i posar en perill els intervinents</div><hr style=""border: 0; border-top: 1px solid #ddd; margin: 12px 0;""><div style=""font-size: 13px; color: #444; line-height: 1.4;""><b style=""color: #111;"">Explicació:</b> MAN.SVVH.000 v1.2026

2.3.5. Riscos associats a la intervenció amb camions

La càrrega pot quedar desplaçada, comprimida o bolcada i representar un perill per al personal actuant.</div></div>","T32_-_Accidents_de_mobilitat_viaria","racord_770f1fdc-a14d-4cb2-b34a-a35ff9666cf1"
"<div style=""text-align: left; font-family: -apple-system, sans-serif;""><div style=""font-size: 11px; color: #888; margin-bottom: 6px;"">[T32 - Accidents de mobilitat viària] Pregunta 368</div><div style=""font-weight: bold; font-size: 16px; margin-bottom: 14px; line-height: 1.4;"">Quines configuracions poden presentar els vagons de càrrega?</div><div style=""font-size: 14px; line-height: 1.6;""><div style=""padding: 5px 0;""><b>A)</b> Oberts, tancats, cisternes o autoportants</div><div style=""padding: 5px 0;""><b>B)</b> Oberts, tancats, cisternes o especialitzats</div><div style=""padding: 5px 0;""><b>C)</b> Oberts, frigorífics, articulats o cisternes</div><div style=""padding: 5px 0;""><b>D)</b> Tancats, rígids, cisternes o portacontenidors</div></div></div>","<div style=""text-align: left; font-family: -apple-system, sans-serif;""><div style=""font-weight: bold; font-size: 16px; color: #10b981; margin-bottom: 8px;"">✓ Resposta Correcta: B</div><div style=""font-size: 14px; margin-bottom: 12px; padding: 10px; background: rgba(16,185,129,0.1); border-radius: 6px; border-left: 4px solid #10b981;"">B) Oberts, tancats, cisternes o especialitzats</div><hr style=""border: 0; border-top: 1px solid #ddd; margin: 12px 0;""><div style=""font-size: 13px; color: #444; line-height: 1.4;""><b style=""color: #111;"">Explicació:</b> MAN.SVVH.000 v1.2026

2.4.2. Composició d’un tren

Els vagons de càrrega poden ser oberts, tancats, cisternes o especialitzats segons el producte.</div></div>","T32_-_Accidents_de_mobilitat_viaria","racord_ed71e88e-3033-44c9-901c-7d571d9d11bd"
"<div style=""text-align: left; font-family: -apple-system, sans-serif;""><div style=""font-size: 11px; color: #888; margin-bottom: 6px;"">[T32 - Accidents de mobilitat viària] Pregunta 369</div><div style=""font-weight: bold; font-size: 16px; margin-bottom: 14px; line-height: 1.4;"">Quina relació entre capacitat i maniobrabilitat caracteritza el camió rígid?</div><div style=""font-size: 14px; line-height: 1.6;""><div style=""padding: 5px 0;""><b>A)</b> Menys capacitat de càrrega i més maniobrabilitat</div><div style=""padding: 5px 0;""><b>B)</b> Menys capacitat de càrrega i menys maniobrabilitat</div><div style=""padding: 5px 0;""><b>C)</b> Més capacitat de càrrega i menys maniobrabilitat</div><div style=""padding: 5px 0;""><b>D)</b> Més capacitat de càrrega i més maniobrabilitat</div></div></div>","<div style=""text-align: left; font-family: -apple-system, sans-serif;""><div style=""font-weight: bold; font-size: 16px; color: #10b981; margin-bottom: 8px;"">✓ Resposta Correcta: A</div><div style=""font-size: 14px; margin-bottom: 12px; padding: 10px; background: rgba(16,185,129,0.1); border-radius: 6px; border-left: 4px solid #10b981;"">A) Menys capacitat de càrrega i més maniobrabilitat</div><hr style=""border: 0; border-top: 1px solid #ddd; margin: 12px 0;""><div style=""font-size: 13px; color: #444; line-height: 1.4;""><b style=""color: #111;"">Explicació:</b> MAN.SVVH.000 v1.2026

2.3.1. Tipus de camions segons l’estructura

Els camions rígids tenen menys capacitat de càrrega però més maniobrabilitat.</div></div>","T32_-_Accidents_de_mobilitat_viaria","racord_82aeaa6a-6234-4802-bb42-f4f1ea7768ec"
"<div style=""text-align: left; font-family: -apple-system, sans-serif;""><div style=""font-size: 11px; color: #888; margin-bottom: 6px;"">[T32 - Accidents de mobilitat viària] Pregunta 370</div><div style=""font-weight: bold; font-size: 16px; margin-bottom: 14px; line-height: 1.4;"">Quin avantatge aporta el desmunt total de sostre en una extracció complexa?</div><div style=""font-size: 14px; line-height: 1.6;""><div style=""padding: 5px 0;""><b>A)</b> Evita altres maniobres d’excarceració perquè elimina qualsevol atrapament superior</div><div style=""padding: 5px 0;""><b>B)</b> Obre l’espai superior i millora el control durant l’extracció</div><div style=""padding: 5px 0;""><b>C)</b> Millora l’accés però redueix el control de la mobilització de la víctima</div><div style=""padding: 5px 0;""><b>D)</b> Obre l’espai superior, però augmenta el risc de moviments incontrolats del sostre</div></div></div>","<div style=""text-align: left; font-family: -apple-system, sans-serif;""><div style=""font-weight: bold; font-size: 16px; color: #10b981; margin-bottom: 8px;"">✓ Resposta Correcta: B</div><div style=""font-size: 14px; margin-bottom: 12px; padding: 10px; background: rgba(16,185,129,0.1); border-radius: 6px; border-left: 4px solid #10b981;"">B) Obre l’espai superior i millora el control durant l’extracció</div><hr style=""border: 0; border-top: 1px solid #ddd; margin: 12px 0;""><div style=""font-size: 13px; color: #444; line-height: 1.4;""><b style=""color: #111;"">Explicació:</b> MAN.SVVH.000 v1.2026

4.2.4. Desmunts de sostre — Desmunt total

El desmunt total obre completament l’espai superior, millora les condicions de treball i redueix el risc de moviments incontrolats durant l’extracció.</div></div>","T32_-_Accidents_de_mobilitat_viaria","racord_f1886372-d2e6-4b71-bf35-32612f673e63"
"<div style=""text-align: left; font-family: -apple-system, sans-serif;""><div style=""font-size: 11px; color: #888; margin-bottom: 6px;"">[T32 - Accidents de mobilitat viària] Pregunta 371</div><div style=""font-weight: bold; font-size: 16px; margin-bottom: 14px; line-height: 1.4;"">El circuit pneumàtic d’un camió controla habitualment:</div><div style=""font-size: 14px; line-height: 1.6;""><div style=""padding: 5px 0;""><b>A)</b> Frens i suspensió</div><div style=""padding: 5px 0;""><b>B)</b> Embragatge i direcció</div><div style=""padding: 5px 0;""><b>C)</b> Suspensió i transmissió</div><div style=""padding: 5px 0;""><b>D)</b> Frens i direcció</div></div></div>","<div style=""text-align: left; font-family: -apple-system, sans-serif;""><div style=""font-weight: bold; font-size: 16px; color: #10b981; margin-bottom: 8px;"">✓ Resposta Correcta: A</div><div style=""font-size: 14px; margin-bottom: 12px; padding: 10px; background: rgba(16,185,129,0.1); border-radius: 6px; border-left: 4px solid #10b981;"">A) Frens i suspensió</div><hr style=""border: 0; border-top: 1px solid #ddd; margin: 12px 0;""><div style=""font-size: 13px; color: #444; line-height: 1.4;""><b style=""color: #111;"">Explicació:</b> MAN.SVVH.000 v1.2026

2.3.4. Sistemes de càrrega i tipus de contenidor

El sistema pneumàtic controla els frens i la suspensió i pot afectar la mobilitat del vehicle si es trenca.</div></div>","T32_-_Accidents_de_mobilitat_viaria","racord_ca69d365-095a-454e-861f-2b11bea503cf"
"<div style=""text-align: left; font-family: -apple-system, sans-serif;""><div style=""font-size: 11px; color: #888; margin-bottom: 6px;"">[T32 - Accidents de mobilitat viària] Pregunta 372</div><div style=""font-weight: bold; font-size: 16px; margin-bottom: 14px; line-height: 1.4;"">Com es caracteritzen els trens de mercaderies?</div><div style=""font-size: 14px; line-height: 1.6;""><div style=""padding: 5px 0;""><b>A)</b> Són més lents i pesants i poden circular per corredors específics</div><div style=""padding: 5px 0;""><b>B)</b> Són més lents i pesants però circulen exclusivament de dia</div><div style=""padding: 5px 0;""><b>C)</b> Són més lents i lleugers i circulen principalment de nit</div><div style=""padding: 5px 0;""><b>D)</b> Són més ràpids i pesants i utilitzen corredors específics</div></div></div>","<div style=""text-align: left; font-family: -apple-system, sans-serif;""><div style=""font-weight: bold; font-size: 16px; color: #10b981; margin-bottom: 8px;"">✓ Resposta Correcta: A</div><div style=""font-size: 14px; margin-bottom: 12px; padding: 10px; background: rgba(16,185,129,0.1); border-radius: 6px; border-left: 4px solid #10b981;"">A) Són més lents i pesants i poden circular per corredors específics</div><hr style=""border: 0; border-top: 1px solid #ddd; margin: 12px 0;""><div style=""font-size: 13px; color: #444; line-height: 1.4;""><b style=""color: #111;"">Explicació:</b> MAN.SVVH.000 v1.2026

2.4.1. Tipus de trens

Els trens de mercaderies són més lents i pesants i poden circular de nit o en corredors específics.</div></div>","T32_-_Accidents_de_mobilitat_viaria","racord_52c76656-2190-4b41-a72a-b815a29b1e49"
"<div style=""text-align: left; font-family: -apple-system, sans-serif;""><div style=""font-size: 11px; color: #888; margin-bottom: 6px;"">[T32 - Accidents de mobilitat viària] Pregunta 373</div><div style=""font-weight: bold; font-size: 16px; margin-bottom: 14px; line-height: 1.4;"">A la transició entre la zona calenta i la zona tèbia d'un accident de trànsit es delimiten:</div><div style=""font-size: 14px; line-height: 1.6;""><div style=""padding: 5px 0;""><b>A)</b> Àrea d’eines, àrea sanitària i àrea de relleu i SOS</div><div style=""padding: 5px 0;""><b>B)</b> Àrea de ferralla, àrea de comandament i àrea d’eines</div><div style=""padding: 5px 0;""><b>C)</b> Àrea d’eines, àrea de ferralla i àrea d’estabilització</div><div style=""padding: 5px 0;""><b>D)</b> Àrea d’eines, àrea de ferralla i àrea de relleu i SOS</div></div></div>","<div style=""text-align: left; font-family: -apple-system, sans-serif;""><div style=""font-weight: bold; font-size: 16px; color: #10b981; margin-bottom: 8px;"">✓ Resposta Correcta: D</div><div style=""font-size: 14px; margin-bottom: 12px; padding: 10px; background: rgba(16,185,129,0.1); border-radius: 6px; border-left: 4px solid #10b981;"">D) Àrea d’eines, àrea de ferralla i àrea de relleu i SOS</div><hr style=""border: 0; border-top: 1px solid #ddd; margin: 12px 0;""><div style=""font-size: 13px; color: #444; line-height: 1.4;""><b style=""color: #111;"">Explicació:</b> MAN.SVVH.000 v1.2026

5.1. Principis generals de seguretat — Organització de l’AGO

A la transició entre la zona calenta i la zona tèbia es delimiten les àrees d’eines, ferralla i relleu i SOS.</div></div>","T32_-_Accidents_de_mobilitat_viaria","racord_df753e8b-a469-4d08-953e-a96d5ecc1fcd"
"<div style=""text-align: left; font-family: -apple-system, sans-serif;""><div style=""font-size: 11px; color: #888; margin-bottom: 6px;"">[T32 - Accidents de mobilitat viària] Pregunta 374</div><div style=""font-weight: bold; font-size: 16px; margin-bottom: 14px; line-height: 1.4;"">Quin escenari pot trobar un equip d’emergència en un accident d’autobús?</div><div style=""font-size: 14px; line-height: 1.6;""><div style=""padding: 5px 0;""><b>A)</b> Múltiples víctimes, espais reduïts i estructures no reforçades</div><div style=""padding: 5px 0;""><b>B)</b> Desenes de víctimes, espais reduïts i estructures reforçades o deformades</div><div style=""padding: 5px 0;""><b>C)</b> Múltiples víctimes, espais amplis i estructures deformades</div><div style=""padding: 5px 0;""><b>D)</b> Desenes de víctimes, espais reduïts i estructures lleugeres</div></div></div>","<div style=""text-align: left; font-family: -apple-system, sans-serif;""><div style=""font-weight: bold; font-size: 16px; color: #10b981; margin-bottom: 8px;"">✓ Resposta Correcta: B</div><div style=""font-size: 14px; margin-bottom: 12px; padding: 10px; background: rgba(16,185,129,0.1); border-radius: 6px; border-left: 4px solid #10b981;"">B) Desenes de víctimes, espais reduïts i estructures reforçades o deformades</div><hr style=""border: 0; border-top: 1px solid #ddd; margin: 12px 0;""><div style=""font-size: 13px; color: #444; line-height: 1.4;""><b style=""color: #111;"">Explicació:</b> MAN.SVVH.000 v1.2026

2.2.1. El paper dels vehicles col·lectius en els accidents de trànsit

Un accident d’autobús o autocar pot presentar desenes de víctimes potencials, espais reduïts i estructures reforçades o deformades.</div></div>","T32_-_Accidents_de_mobilitat_viaria","racord_7c97d2ba-f7e3-4a2e-a60c-0024adfada2f"
"<div style=""text-align: left; font-family: -apple-system, sans-serif;""><div style=""font-size: 11px; color: #888; margin-bottom: 6px;"">[T32 - Accidents de mobilitat viària] Pregunta 375</div><div style=""font-weight: bold; font-size: 16px; margin-bottom: 14px; line-height: 1.4;"">Amb quin element s’articula habitualment la porta posterior?</div><div style=""font-size: 14px; line-height: 1.6;""><div style=""padding: 5px 0;""><b>A)</b> Amb el travesser transversal inferior posterior</div><div style=""padding: 5px 0;""><b>B)</b> Amb el travesser longitudinal del sostre</div><div style=""padding: 5px 0;""><b>C)</b> Amb el travesser transversal posterior del sostre</div><div style=""padding: 5px 0;""><b>D)</b> Amb el muntant posterior de la carrosseria</div></div></div>","<div style=""text-align: left; font-family: -apple-system, sans-serif;""><div style=""font-weight: bold; font-size: 16px; color: #10b981; margin-bottom: 8px;"">✓ Resposta Correcta: C</div><div style=""font-size: 14px; margin-bottom: 12px; padding: 10px; background: rgba(16,185,129,0.1); border-radius: 6px; border-left: 4px solid #10b981;"">C) Amb el travesser transversal posterior del sostre</div><hr style=""border: 0; border-top: 1px solid #ddd; margin: 12px 0;""><div style=""font-size: 13px; color: #444; line-height: 1.4;""><b style=""color: #111;"">Explicació:</b> MAN.SVVH.000 v1.2026

2.1.1. Parts dels vehicles

En la porta posterior, les frontisses treballen horitzontalment i s’articulen amb el travesser transversal posterior del sostre.</div></div>","T32_-_Accidents_de_mobilitat_viaria","racord_07288162-c66e-4094-8800-29e86d555c9b"
"<div style=""text-align: left; font-family: -apple-system, sans-serif;""><div style=""font-size: 11px; color: #888; margin-bottom: 6px;"">[T32 - Accidents de mobilitat viària] Pregunta 376</div><div style=""font-weight: bold; font-size: 16px; margin-bottom: 14px; line-height: 1.4;"">Un vehicle elèctric accidentat ha afectat una instal·lació urbana. Quina actuació és adequada?</div><div style=""font-size: 14px; line-height: 1.6;""><div style=""padding: 5px 0;""><b>A)</b> Identificar l’alta tensió i coordinar-se amb tècnics, utilitzant guants antitall fins que es confirmi la desconnexió</div><div style=""padding: 5px 0;""><b>B)</b> Utilitzar guants aïllants i manipular la instal·lació externa si no hi ha cables visibles en tensió</div><div style=""padding: 5px 0;""><b>C)</b> Identificar els components del vehicle i esperar els tècnics abans d’aplicar qualsevol mesura de protecció</div><div style=""padding: 5px 0;""><b>D)</b> Identificar l’alta tensió, usar guants aïllants i coordinar-se amb tècnics de la companyia</div></div></div>","<div style=""text-align: left; font-family: -apple-system, sans-serif;""><div style=""font-weight: bold; font-size: 16px; color: #10b981; margin-bottom: 8px;"">✓ Resposta Correcta: D</div><div style=""font-size: 14px; margin-bottom: 12px; padding: 10px; background: rgba(16,185,129,0.1); border-radius: 6px; border-left: 4px solid #10b981;"">D) Identificar l’alta tensió, usar guants aïllants i coordinar-se amb tècnics de la companyia</div><hr style=""border: 0; border-top: 1px solid #ddd; margin: 12px 0;""><div style=""font-size: 13px; color: #444; line-height: 1.4;""><b style=""color: #111;"">Explicació:</b> MAN.SVVH.000 v1.2026

5.2. Riscos específics i mesures preventives — Risc elèctric

Davant risc elèctric cal identificar els components d’alta tensió, utilitzar guants aïllants i coordinar-se amb tècnics si hi ha instal·lacions externes afectades.</div></div>","T32_-_Accidents_de_mobilitat_viaria","racord_4ae55bc2-a220-4549-a36b-08422d841b34"
"<div style=""text-align: left; font-family: -apple-system, sans-serif;""><div style=""font-size: 11px; color: #888; margin-bottom: 6px;"">[T32 - Accidents de mobilitat viària] Pregunta 377</div><div style=""font-weight: bold; font-size: 16px; margin-bottom: 14px; line-height: 1.4;"">Quina mesura permet identificar precoçment una possible fuita en un accident de trànsit?</div><div style=""font-size: 14px; line-height: 1.6;""><div style=""padding: 5px 0;""><b>A)</b> La inspecció visual del vehicle després de desconnectar la bateria</div><div style=""padding: 5px 0;""><b>B)</b> La detecció d’olors i vapors un cop iniciades les maniobres d’abordatge</div><div style=""padding: 5px 0;""><b>C)</b> La inspecció visual i la detecció de fuites</div><div style=""padding: 5px 0;""><b>D)</b> La revisió del terra sota el vehicle després de completar l’estabilització</div></div></div>","<div style=""text-align: left; font-family: -apple-system, sans-serif;""><div style=""font-weight: bold; font-size: 16px; color: #10b981; margin-bottom: 8px;"">✓ Resposta Correcta: C</div><div style=""font-size: 14px; margin-bottom: 12px; padding: 10px; background: rgba(16,185,129,0.1); border-radius: 6px; border-left: 4px solid #10b981;"">C) La inspecció visual i la detecció de fuites</div><hr style=""border: 0; border-top: 1px solid #ddd; margin: 12px 0;""><div style=""font-size: 13px; color: #444; line-height: 1.4;""><b style=""color: #111;"">Explicació:</b> MAN.SVVH.000 v1.2026

5.2. Riscos específics i mesures preventives — Fuites i risc d’incendi

La inspecció visual i la detecció de fuites són mesures preventives davant el risc d’incendi i contaminació.</div></div>","T32_-_Accidents_de_mobilitat_viaria","racord_9477721b-8cf0-479d-a443-53ed1da5fca6"
"<div style=""text-align: left; font-family: -apple-system, sans-serif;""><div style=""font-size: 11px; color: #888; margin-bottom: 6px;"">[T32 - Accidents de mobilitat viària] Pregunta 378</div><div style=""font-weight: bold; font-size: 16px; margin-bottom: 14px; line-height: 1.4;"">Quins perills poden derivar de combustibles, olis o bateries en un vehicle accidentat?</div><div style=""font-size: 14px; line-height: 1.6;""><div style=""padding: 5px 0;""><b>A)</b> Incendis, explosions o contaminació química</div><div style=""padding: 5px 0;""><b>B)</b> Explosió, electrocució o contaminació química</div><div style=""padding: 5px 0;""><b>C)</b> Incendi o explosió, mentre que la contaminació química només s’associa a la c��rrega transportada</div><div style=""padding: 5px 0;""><b>D)</b> Incendi, contaminació química o risc biològic</div></div></div>","<div style=""text-align: left; font-family: -apple-system, sans-serif;""><div style=""font-weight: bold; font-size: 16px; color: #10b981; margin-bottom: 8px;"">✓ Resposta Correcta: A</div><div style=""font-size: 14px; margin-bottom: 12px; padding: 10px; background: rgba(16,185,129,0.1); border-radius: 6px; border-left: 4px solid #10b981;"">A) Incendis, explosions o contaminació química</div><hr style=""border: 0; border-top: 1px solid #ddd; margin: 12px 0;""><div style=""font-size: 13px; color: #444; line-height: 1.4;""><b style=""color: #111;"">Explicació:</b> MAN.SVVH.000 v1.2026

5.2. Riscos específics i mesures preventives — Fuites i risc d’incendi

Combustibles, olis o bateries poden provocar incendis, explosions o contaminació química.</div></div>","T32_-_Accidents_de_mobilitat_viaria","racord_3e3cfd48-924a-40c5-bf99-03c2ea30ec42"
"<div style=""text-align: left; font-family: -apple-system, sans-serif;""><div style=""font-size: 11px; color: #888; margin-bottom: 6px;"">[T32 - Accidents de mobilitat viària] Pregunta 379</div><div style=""font-weight: bold; font-size: 16px; margin-bottom: 14px; line-height: 1.4;"">En cas d’impacte o incendi, convé identificar especialment:</div><div style=""font-size: 14px; line-height: 1.6;""><div style=""padding: 5px 0;""><b>A)</b> Canonades de refrigeració, cables, calderins i sistema d’escapament</div><div style=""padding: 5px 0;""><b>B)</b> Canonades de refrigeració, cables, calderins i dipòsits d’aigua</div><div style=""padding: 5px 0;""><b>C)</b> Conductes de combustible, cables, frens i dipòsits de gasoil</div><div style=""padding: 5px 0;""><b>D)</b> Canonades de refrigeració, cables, calderins i dipòsits de gasoil</div></div></div>","<div style=""text-align: left; font-family: -apple-system, sans-serif;""><div style=""font-weight: bold; font-size: 16px; color: #10b981; margin-bottom: 8px;"">✓ Resposta Correcta: D</div><div style=""font-size: 14px; margin-bottom: 12px; padding: 10px; background: rgba(16,185,129,0.1); border-radius: 6px; border-left: 4px solid #10b981;"">D) Canonades de refrigeració, cables, calderins i dipòsits de gasoil</div><hr style=""border: 0; border-top: 1px solid #ddd; margin: 12px 0;""><div style=""font-size: 13px; color: #444; line-height: 1.4;""><b style=""color: #111;"">Explicació:</b> MAN.SVVH.000 v1.2026

2.2.7. Elements mecànics i circuits interns

Canonades de refrigeració, cables elèctrics, calderins i dipòsits de gasoil poden representar riscos en impacte o incendi.</div></div>","T32_-_Accidents_de_mobilitat_viaria","racord_191f548c-7d23-44f2-84dd-28a4f8355090"
"<div style=""text-align: left; font-family: -apple-system, sans-serif;""><div style=""font-size: 11px; color: #888; margin-bottom: 6px;"">[T32 - Accidents de mobilitat viària] Pregunta 380</div><div style=""font-weight: bold; font-size: 16px; margin-bottom: 14px; line-height: 1.4;"">Quin efecte pot tenir una deformació greu del xassís?</div><div style=""font-size: 14px; line-height: 1.6;""><div style=""padding: 5px 0;""><b>A)</b> Afectar la cabina sense comprometre els sistemes mecànics</div><div style=""padding: 5px 0;""><b>B)</b> Afectar el sistema de transmissió i els frens</div><div style=""padding: 5px 0;""><b>C)</b> Afectar el sistema elèctric i els dipòsits de combustible</div><div style=""padding: 5px 0;""><b>D)</b> Afectar principalment la direcció i la suspensió</div></div></div>","<div style=""text-align: left; font-family: -apple-system, sans-serif;""><div style=""font-weight: bold; font-size: 16px; color: #10b981; margin-bottom: 8px;"">✓ Resposta Correcta: B</div><div style=""font-size: 14px; margin-bottom: 12px; padding: 10px; background: rgba(16,185,129,0.1); border-radius: 6px; border-left: 4px solid #10b981;"">B) Afectar el sistema de transmissió i els frens</div><hr style=""border: 0; border-top: 1px solid #ddd; margin: 12px 0;""><div style=""font-size: 13px; color: #444; line-height: 1.4;""><b style=""color: #111;"">Explicació:</b> MAN.SVVH.000 v1.2026

2.3.4. Sistemes de càrrega i tipus de contenidor

El xassís és l’estructura principal del vehicle i una deformació greu pot afectar transmissió i frens.</div></div>","T32_-_Accidents_de_mobilitat_viaria","racord_da211860-5027-4fbd-b1e0-0e11e54e3338"
"<div style=""text-align: left; font-family: -apple-system, sans-serif;""><div style=""font-size: 11px; color: #888; margin-bottom: 6px;"">[T32 - Accidents de mobilitat viària] Pregunta 381</div><div style=""font-weight: bold; font-size: 16px; margin-bottom: 14px; line-height: 1.4;"">Entre els sistemes de propulsió alternativa trobem:</div><div style=""font-size: 14px; line-height: 1.6;""><div style=""padding: 5px 0;""><b>A)</b> Vehicles solars, aire comprimit, biocombustibles, etanol o biodièsel</div><div style=""padding: 5px 0;""><b>B)</b> Vehicles solars, aire comprimit, biocombustibles, etanol o gasolina</div><div style=""padding: 5px 0;""><b>C)</b> Electricitat, etanol, biodièsel, aire comprimit o gasoil</div><div style=""padding: 5px 0;""><b>D)</b> Vehicles solars, hidrogen, biocombustibles, GLP o gasoil</div></div></div>","<div style=""text-align: left; font-family: -apple-system, sans-serif;""><div style=""font-weight: bold; font-size: 16px; color: #10b981; margin-bottom: 8px;"">✓ Resposta Correcta: A</div><div style=""font-size: 14px; margin-bottom: 12px; padding: 10px; background: rgba(16,185,129,0.1); border-radius: 6px; border-left: 4px solid #10b981;"">A) Vehicles solars, aire comprimit, biocombustibles, etanol o biodièsel</div><hr style=""border: 0; border-top: 1px solid #ddd; margin: 12px 0;""><div style=""font-size: 13px; color: #444; line-height: 1.4;""><b style=""color: #111;"">Explicació:</b> MAN.SVVH.000 v1.2026

2.1.2. Sistemes de propulsió

Entre les propulsions alternatives hi ha vehicles solars, d’aire comprimit, biocombustibles, etanol o biodièsel.</div></div>","T32_-_Accidents_de_mobilitat_viaria","racord_8ec25ac2-f106-44fa-81d5-beb79253635e"
"<div style=""text-align: left; font-family: -apple-system, sans-serif;""><div style=""font-size: 11px; color: #888; margin-bottom: 6px;"">[T32 - Accidents de mobilitat viària] Pregunta 382</div><div style=""font-weight: bold; font-size: 16px; margin-bottom: 14px; line-height: 1.4;"">Des de quin any està en vigor la normativa ECE R66?</div><div style=""font-size: 14px; line-height: 1.6;""><div style=""padding: 5px 0;""><b>A)</b> 1996</div><div style=""padding: 5px 0;""><b>B)</b> 1992</div><div style=""padding: 5px 0;""><b>C)</b> 2000</div><div style=""padding: 5px 0;""><b>D)</b> 1994</div></div></div>","<div style=""text-align: left; font-family: -apple-system, sans-serif;""><div style=""font-weight: bold; font-size: 16px; color: #10b981; margin-bottom: 8px;"">✓ Resposta Correcta: D</div><div style=""font-size: 14px; margin-bottom: 12px; padding: 10px; background: rgba(16,185,129,0.1); border-radius: 6px; border-left: 4px solid #10b981;"">D) 1994</div><hr style=""border: 0; border-top: 1px solid #ddd; margin: 12px 0;""><div style=""font-size: 13px; color: #444; line-height: 1.4;""><b style=""color: #111;"">Explicació:</b> MAN.SVVH.000 v1.2026

2.2.6. Seguretat estructural i normativa ECE R66

La normativa ECE R66 està en vigor des de 1994.</div></div>","T32_-_Accidents_de_mobilitat_viaria","racord_c0d59151-4779-4cce-a4f5-2c74b3ec14f3"
"<div style=""text-align: left; font-family: -apple-system, sans-serif;""><div style=""font-size: 11px; color: #888; margin-bottom: 6px;"">[T32 - Accidents de mobilitat viària] Pregunta 383</div><div style=""font-weight: bold; font-size: 16px; margin-bottom: 14px; line-height: 1.4;"">Per què la velocitat d'un vehicle té una influència especialment important sobre l’energia d’un impacte?</div><div style=""font-size: 14px; line-height: 1.6;""><div style=""padding: 5px 0;""><b>A)</b> Perquè la velocitat s’aplica dues vegades només quan hi ha xoc frontal</div><div style=""padding: 5px 0;""><b>B)</b> Perquè la velocitat determina tota l’energia i la massa hi té un efecte negligible</div><div style=""padding: 5px 0;""><b>C)</b> Perquè la velocitat multiplica la massa abans de l’impacte</div><div style=""padding: 5px 0;""><b>D)</b> Perquè intervé elevada al quadrat</div></div></div>","<div style=""text-align: left; font-family: -apple-system, sans-serif;""><div style=""font-weight: bold; font-size: 16px; color: #10b981; margin-bottom: 8px;"">✓ Resposta Correcta: D</div><div style=""font-size: 14px; margin-bottom: 12px; padding: 10px; background: rgba(16,185,129,0.1); border-radius: 6px; border-left: 4px solid #10b981;"">D) Perquè intervé elevada al quadrat</div><hr style=""border: 0; border-top: 1px solid #ddd; margin: 12px 0;""><div style=""font-size: 13px; color: #444; line-height: 1.4;""><b style=""color: #111;"">Explicació:</b> MAN.SVVH.000 v1.2026

3.2.6. Biomecànica de l’accident de trànsit

En la fórmula de l’energia cinètica, la velocitat és el factor més determinant perquè està elevada al quadrat.</div></div>","T32_-_Accidents_de_mobilitat_viaria","racord_05e160d8-e9f9-4cc0-9296-7de04140a35b"
"<div style=""text-align: left; font-family: -apple-system, sans-serif;""><div style=""font-size: 11px; color: #888; margin-bottom: 6px;"">[T32 - Accidents de mobilitat viària] Pregunta 384</div><div style=""font-weight: bold; font-size: 16px; margin-bottom: 14px; line-height: 1.4;"">Respecte dels accidents amb turismes, indica l’afirmació CORRECTA:</div><div style=""font-size: 14px; line-height: 1.6;""><div style=""padding: 5px 0;""><b>A)</b> Són menys freqüents, solen implicar més víctimes però poden presentar excarceracions complexes</div><div style=""padding: 5px 0;""><b>B)</b> Són més freqüents, solen implicar més víctimes i poden presentar excarceracions complexes</div><div style=""padding: 5px 0;""><b>C)</b> Són menys freqüents, solen implicar menys víctimes i acostumen a presentar excarceracions senzilles</div><div style=""padding: 5px 0;""><b>D)</b> Són més freqüents, solen implicar menys víctimes i poden presentar situacions complexes d’excarceració</div></div></div>","<div style=""text-align: left; font-family: -apple-system, sans-serif;""><div style=""font-weight: bold; font-size: 16px; color: #10b981; margin-bottom: 8px;"">✓ Resposta Correcta: D</div><div style=""font-size: 14px; margin-bottom: 12px; padding: 10px; background: rgba(16,185,129,0.1); border-radius: 6px; border-left: 4px solid #10b981;"">D) Són més freqüents, solen implicar menys víctimes i poden presentar situacions complexes d’excarceració</div><hr style=""border: 0; border-top: 1px solid #ddd; margin: 12px 0;""><div style=""font-size: 13px; color: #444; line-height: 1.4;""><b style=""color: #111;"">Explicació:</b> MAN.SVVH.000 v1.2026

1.2. Els accidents de mobilitat viària

Els accidents amb turismes són habitualment més freqüents, solen implicar menys víctimes però poden presentar situacions complexes d'excarceració.</div></div>","T32_-_Accidents_de_mobilitat_viaria","racord_555d9997-6b26-4df7-828b-d1f72d522915"
"<div style=""text-align: left; font-family: -apple-system, sans-serif;""><div style=""font-size: 11px; color: #888; margin-bottom: 6px;"">[T32 - Accidents de mobilitat viària] Pregunta 385</div><div style=""font-weight: bold; font-size: 16px; margin-bottom: 14px; line-height: 1.4;"">On s’ubica l’habitacle de passatgers d’un autobús?</div><div style=""font-size: 14px; line-height: 1.6;""><div style=""padding: 5px 0;""><b>A)</b> A la superestructura</div><div style=""padding: 5px 0;""><b>B)</b> A la zona tècnica situada entre eixos</div><div style=""padding: 5px 0;""><b>C)</b> A l’estructura inferior destinada a les bodegues</div><div style=""padding: 5px 0;""><b>D)</b> Al bastidor inferior</div></div></div>","<div style=""text-align: left; font-family: -apple-system, sans-serif;""><div style=""font-weight: bold; font-size: 16px; color: #10b981; margin-bottom: 8px;"">✓ Resposta Correcta: A</div><div style=""font-size: 14px; margin-bottom: 12px; padding: 10px; background: rgba(16,185,129,0.1); border-radius: 6px; border-left: 4px solid #10b981;"">A) A la superestructura</div><hr style=""border: 0; border-top: 1px solid #ddd; margin: 12px 0;""><div style=""font-size: 13px; color: #444; line-height: 1.4;""><b style=""color: #111;"">Explicació:</b> MAN.SVVH.000 v1.2026

2.2.4. Disseny estructural: bastidor i superestructura

La superestructura és la part superior on s’ubica l’habitacle de passatgers.</div></div>","T32_-_Accidents_de_mobilitat_viaria","racord_bb988b0e-5430-4a79-942d-5ebc8857961e"
"<div style=""text-align: left; font-family: -apple-system, sans-serif;""><div style=""font-size: 11px; color: #888; margin-bottom: 6px;"">[T32 - Accidents de mobilitat viària] Pregunta 386</div><div style=""font-weight: bold; font-size: 16px; margin-bottom: 14px; line-height: 1.4;"">Indica quina de les següents afirmacions és INCORRECTA abans de gestionar un vidre:</div><div style=""font-size: 14px; line-height: 1.6;""><div style=""padding: 5px 0;""><b>A)</b> Cal identificar el tipus de vidre</div><div style=""padding: 5px 0;""><b>B)</b> La tècnica de retirada o trencament s’ha d’adaptar al tipus i a la fixació</div><div style=""padding: 5px 0;""><b>C)</b> Abans de gestionar un vidre n’hi ha prou amb saber si és davanter, lateral o posterior</div><div style=""padding: 5px 0;""><b>D)</b> Cal conèixer com està fixat el vidre</div></div></div>","<div style=""text-align: left; font-family: -apple-system, sans-serif;""><div style=""font-weight: bold; font-size: 16px; color: #10b981; margin-bottom: 8px;"">✓ Resposta Correcta: C</div><div style=""font-size: 14px; margin-bottom: 12px; padding: 10px; background: rgba(16,185,129,0.1); border-radius: 6px; border-left: 4px solid #10b981;"">C) Abans de gestionar un vidre n’hi ha prou amb saber si és davanter, lateral o posterior</div><hr style=""border: 0; border-top: 1px solid #ddd; margin: 12px 0;""><div style=""font-size: 13px; color: #444; line-height: 1.4;""><b style=""color: #111;"">Explicació:</b> MAN.SVVH.000 v1.2026

4.2.1. Gestió dels vidres

Abans de retirar o trencar un vidre cal identificar-ne el tipus i la fixació per aplicar la tècnica adequada.</div></div>","T32_-_Accidents_de_mobilitat_viaria","racord_e41210fe-f7ec-4aad-928b-bf8731cec614"
"<div style=""text-align: left; font-family: -apple-system, sans-serif;""><div style=""font-size: 11px; color: #888; margin-bottom: 6px;"">[T32 - Accidents de mobilitat viària] Pregunta 387</div><div style=""font-weight: bold; font-size: 16px; margin-bottom: 14px; line-height: 1.4;"">Indica quina de les següents afirmacions és INCORRECTA respecte de l’estabilització secundària:</div><div style=""font-size: 14px; line-height: 1.6;""><div style=""padding: 5px 0;""><b>A)</b> Els diferents elements poden unir-se solidàriament per augmentar l’estabilitat</div><div style=""padding: 5px 0;""><b>B)</b> L’estabilització secundària complementa la primària</div><div style=""padding: 5px 0;""><b>C)</b> En estabilitzacions complexes convé mantenir tots els elements independents perquè puguin treballar lliurement</div><div style=""padding: 5px 0;""><b>D)</b> Puntals, eslingues o tractels poden formar part d’una estabilització secundària</div></div></div>","<div style=""text-align: left; font-family: -apple-system, sans-serif;""><div style=""font-weight: bold; font-size: 16px; color: #10b981; margin-bottom: 8px;"">✓ Resposta Correcta: C</div><div style=""font-size: 14px; margin-bottom: 12px; padding: 10px; background: rgba(16,185,129,0.1); border-radius: 6px; border-left: 4px solid #10b981;"">C) En estabilitzacions complexes convé mantenir tots els elements independents perquè puguin treballar lliurement</div><hr style=""border: 0; border-top: 1px solid #ddd; margin: 12px 0;""><div style=""font-size: 13px; color: #444; line-height: 1.4;""><b style=""color: #111;"">Explicació:</b> MAN.SVVH.000 v1.2026

4.1.3. Estabilització primària

En estabilitzacions complexes és important unir solidàriament els diferents elements perquè el conjunt guanya estabilitat.</div></div>","T32_-_Accidents_de_mobilitat_viaria","racord_79706555-f42c-4dd4-b6be-1717f649c859"
"<div style=""text-align: left; font-family: -apple-system, sans-serif;""><div style=""font-size: 11px; color: #888; margin-bottom: 6px;"">[T32 - Accidents de mobilitat viària] Pregunta 388</div><div style=""font-weight: bold; font-size: 16px; margin-bottom: 14px; line-height: 1.4;"">El nombre d’eixos d’un camió influeix en:</div><div style=""font-size: 14px; line-height: 1.6;""><div style=""padding: 5px 0;""><b>A)</b> Distribució de càrrega, suspensió, dimensions i maniobrabilitat</div><div style=""padding: 5px 0;""><b>B)</b> Pes autoritzat, distribució de càrrega, tipus de tracció i carrosseria</div><div style=""padding: 5px 0;""><b>C)</b> Pes autoritzat, capacitat de frenada, estabilitat i maniobrabilitat</div><div style=""padding: 5px 0;""><b>D)</b> Pes autoritzat, distribució de càrrega, estabilitat i maniobrabilitat</div></div></div>","<div style=""text-align: left; font-family: -apple-system, sans-serif;""><div style=""font-weight: bold; font-size: 16px; color: #10b981; margin-bottom: 8px;"">✓ Resposta Correcta: D</div><div style=""font-size: 14px; margin-bottom: 12px; padding: 10px; background: rgba(16,185,129,0.1); border-radius: 6px; border-left: 4px solid #10b981;"">D) Pes autoritzat, distribució de càrrega, estabilitat i maniobrabilitat</div><hr style=""border: 0; border-top: 1px solid #ddd; margin: 12px 0;""><div style=""font-size: 13px; color: #444; line-height: 1.4;""><b style=""color: #111;"">Explicació:</b> MAN.SVVH.000 v1.2026

2.3.2. Configuració dels eixos i capacitat

El nombre d’eixos influeix en el pes total autoritzat, la distribució de càrrega, l’estabilitat i la maniobrabilitat.</div></div>","T32_-_Accidents_de_mobilitat_viaria","racord_86bdb11d-3293-46f1-96d0-bdd9f84f8964"
"<div style=""text-align: left; font-family: -apple-system, sans-serif;""><div style=""font-size: 11px; color: #888; margin-bottom: 6px;"">[T32 - Accidents de mobilitat viària] Pregunta 389</div><div style=""font-weight: bold; font-size: 16px; margin-bottom: 14px; line-height: 1.4;"">En un accident viari amb trànsit en moviment, quin element millora la visibilitat personal dels intervinents?</div><div style=""font-size: 14px; line-height: 1.6;""><div style=""padding: 5px 0;""><b>A)</b> L’armilla d’alta visibilitat combinada necessàriament amb il·luminació individual</div><div style=""padding: 5px 0;""><b>B)</b> L’armilla d’alta visibilitat</div><div style=""padding: 5px 0;""><b>C)</b> El casc amb elements reflectants, com a substitut de l’armilla en zona calenta</div><div style=""padding: 5px 0;""><b>D)</b> La jaqueta d’intervenció, sempre que incorpori bandes reflectants</div></div></div>","<div style=""text-align: left; font-family: -apple-system, sans-serif;""><div style=""font-weight: bold; font-size: 16px; color: #10b981; margin-bottom: 8px;"">✓ Resposta Correcta: B</div><div style=""font-size: 14px; margin-bottom: 12px; padding: 10px; background: rgba(16,185,129,0.1); border-radius: 6px; border-left: 4px solid #10b981;"">B) L’armilla d’alta visibilitat</div><hr style=""border: 0; border-top: 1px solid #ddd; margin: 12px 0;""><div style=""font-size: 13px; color: #444; line-height: 1.4;""><b style=""color: #111;"">Explicació:</b> MAN.SVVH.000 v1.2026

5.2. Riscos específics i mesures preventives — Accés a l’escenari

Les armilles d’alta visibilitat formen part de les mesures preventives davant el risc d’atropellament.</div></div>","T32_-_Accidents_de_mobilitat_viaria","racord_c74c6b47-7801-4e93-9fb2-6db9058656bc"
"<div style=""text-align: left; font-family: -apple-system, sans-serif;""><div style=""font-size: 11px; color: #888; margin-bottom: 6px;"">[T32 - Accidents de mobilitat viària] Pregunta 390</div><div style=""font-weight: bold; font-size: 16px; margin-bottom: 14px; line-height: 1.4;"">En un accident de trànsit, en quin vehicle és més habitual aplicar una estabilització mínima de tres punts?</div><div style=""font-size: 14px; line-height: 1.6;""><div style=""padding: 5px 0;""><b>A)</b> En un vehicle A o B sempre que no contingui atrapament físic</div><div style=""padding: 5px 0;""><b>B)</b> En un vehicle B únicament si està en bolcada lateral</div><div style=""padding: 5px 0;""><b>C)</b> En un vehicle B</div><div style=""padding: 5px 0;""><b>D)</b> En un vehicle A quan no es preveu extracció posterior</div></div></div>","<div style=""text-align: left; font-family: -apple-system, sans-serif;""><div style=""font-weight: bold; font-size: 16px; color: #10b981; margin-bottom: 8px;"">✓ Resposta Correcta: C</div><div style=""font-size: 14px; margin-bottom: 12px; padding: 10px; background: rgba(16,185,129,0.1); border-radius: 6px; border-left: 4px solid #10b981;"">C) En un vehicle B</div><hr style=""border: 0; border-top: 1px solid #ddd; margin: 12px 0;""><div style=""font-size: 13px; color: #444; line-height: 1.4;""><b style=""color: #111;"">Explicació:</b> MAN.SVVH.000 v1.2026

4.1.2. Estabilització primària

L’estabilització mínima de tres punts s’utilitza habitualment en vehicles B, que formen part de l’escenari però no contenen víctimes.</div></div>","T32_-_Accidents_de_mobilitat_viaria","racord_e0299cd0-1faa-49bc-ba5d-e85e415a94ec"
"<div style=""text-align: left; font-family: -apple-system, sans-serif;""><div style=""font-size: 11px; color: #888; margin-bottom: 6px;"">[T32 - Accidents de mobilitat viària] Pregunta 391</div><div style=""font-weight: bold; font-size: 16px; margin-bottom: 14px; line-height: 1.4;"">Es preveu extreure una víctima cap a la part posterior d’un turisme. Quin desmunt parcial de sostre pot ser especialment apropiat?</div><div style=""font-size: 14px; line-height: 1.6;""><div style=""padding: 5px 0;""><b>A)</b> El desmunt lateral del sostre</div><div style=""padding: 5px 0;""><b>B)</b> El desmunt total de sostre</div><div style=""padding: 5px 0;""><b>C)</b> El desmunt parcial posterior</div><div style=""padding: 5px 0;""><b>D)</b> El desmunt parcial anterior</div></div></div>","<div style=""text-align: left; font-family: -apple-system, sans-serif;""><div style=""font-weight: bold; font-size: 16px; color: #10b981; margin-bottom: 8px;"">✓ Resposta Correcta: D</div><div style=""font-size: 14px; margin-bottom: 12px; padding: 10px; background: rgba(16,185,129,0.1); border-radius: 6px; border-left: 4px solid #10b981;"">D) El desmunt parcial anterior</div><hr style=""border: 0; border-top: 1px solid #ddd; margin: 12px 0;""><div style=""font-size: 13px; color: #444; line-height: 1.4;""><b style=""color: #111;"">Explicació:</b> MAN.SVVH.000 v1.2026

4.2.4. Desmunts de sostre — Desmunt parcial

Es diferencien desmunt parcial posterior i desmunt parcial anterior; l’anterior és apropiat quan es preveu una extracció posterior de la víctima.</div></div>","T32_-_Accidents_de_mobilitat_viaria","racord_62c9fd90-faf8-4188-a316-2ce474975474"
"<div style=""text-align: left; font-family: -apple-system, sans-serif;""><div style=""font-size: 11px; color: #888; margin-bottom: 6px;"">[T32 - Accidents de mobilitat viària] Pregunta 392</div><div style=""font-weight: bold; font-size: 16px; margin-bottom: 14px; line-height: 1.4;"">En quin tipus de turisme és especialment freqüent trobar un muntant D?</div><div style=""font-size: 14px; line-height: 1.6;""><div style=""padding: 5px 0;""><b>A)</b> En cupès de dues portes</div><div style=""padding: 5px 0;""><b>B)</b> En turismes biplaça</div><div style=""padding: 5px 0;""><b>C)</b> En berlines de tres volums</div><div style=""padding: 5px 0;""><b>D)</b> En models familiars</div></div></div>","<div style=""text-align: left; font-family: -apple-system, sans-serif;""><div style=""font-weight: bold; font-size: 16px; color: #10b981; margin-bottom: 8px;"">✓ Resposta Correcta: D</div><div style=""font-size: 14px; margin-bottom: 12px; padding: 10px; background: rgba(16,185,129,0.1); border-radius: 6px; border-left: 4px solid #10b981;"">D) En models familiars</div><hr style=""border: 0; border-top: 1px solid #ddd; margin: 12px 0;""><div style=""font-size: 13px; color: #444; line-height: 1.4;""><b style=""color: #111;"">Explicació:</b> MAN.SVVH.000 v1.2026

2.1.1. Parts dels vehicles

Molts turismes, especialment els models familiars, disposen també de muntant D.</div></div>","T32_-_Accidents_de_mobilitat_viaria","racord_8e2e1008-95e8-49fe-a539-32a81950eb48"
"<div style=""text-align: left; font-family: -apple-system, sans-serif;""><div style=""font-size: 11px; color: #888; margin-bottom: 6px;"">[T32 - Accidents de mobilitat viària] Pregunta 393</div><div style=""font-weight: bold; font-size: 16px; margin-bottom: 14px; line-height: 1.4;"">Quina és l’alçada màxima general d’un autobús o autocar?</div><div style=""font-size: 14px; line-height: 1.6;""><div style=""padding: 5px 0;""><b>A)</b> 4,20 metres</div><div style=""padding: 5px 0;""><b>B)</b> 4 metres</div><div style=""padding: 5px 0;""><b>C)</b> 5 metres</div><div style=""padding: 5px 0;""><b>D)</b> 3,80 metres</div></div></div>","<div style=""text-align: left; font-family: -apple-system, sans-serif;""><div style=""font-weight: bold; font-size: 16px; color: #10b981; margin-bottom: 8px;"">✓ Resposta Correcta: B</div><div style=""font-size: 14px; margin-bottom: 12px; padding: 10px; background: rgba(16,185,129,0.1); border-radius: 6px; border-left: 4px solid #10b981;"">B) 4 metres</div><hr style=""border: 0; border-top: 1px solid #ddd; margin: 12px 0;""><div style=""font-size: 13px; color: #444; line-height: 1.4;""><b style=""color: #111;"">Explicació:</b> MAN.SVVH.000 v1.2026

2.2.3. Dimensions i pesos

La normativa estableix una alçada màxima general de 4 metres per als autobusos i autocars.</div></div>","T32_-_Accidents_de_mobilitat_viaria","racord_f64ccc99-f101-4f65-972d-05e2164c6b50"
"<div style=""text-align: left; font-family: -apple-system, sans-serif;""><div style=""font-size: 11px; color: #888; margin-bottom: 6px;"">[T32 - Accidents de mobilitat viària] Pregunta 394</div><div style=""font-weight: bold; font-size: 16px; margin-bottom: 14px; line-height: 1.4;"">En un accident de trànsit, quants punts té l’estabilització completa d’un turisme en ordre de marxa?</div><div style=""font-size: 14px; line-height: 1.6;""><div style=""padding: 5px 0;""><b>A)</b> 6 punts</div><div style=""padding: 5px 0;""><b>B)</b> 4 punts</div><div style=""padding: 5px 0;""><b>C)</b> 5 punts</div><div style=""padding: 5px 0;""><b>D)</b> 5 punts més dos punts secundaris obligatoris</div></div></div>","<div style=""text-align: left; font-family: -apple-system, sans-serif;""><div style=""font-weight: bold; font-size: 16px; color: #10b981; margin-bottom: 8px;"">✓ Resposta Correcta: C</div><div style=""font-size: 14px; margin-bottom: 12px; padding: 10px; background: rgba(16,185,129,0.1); border-radius: 6px; border-left: 4px solid #10b981;"">C) 5 punts</div><hr style=""border: 0; border-top: 1px solid #ddd; margin: 12px 0;""><div style=""font-size: 13px; color: #444; line-height: 1.4;""><b style=""color: #111;"">Explicació:</b> MAN.SVVH.000 v1.2026

4.1.2. Estabilització primària

L’estabilització completa té cinc punts i incorpora la cinquena falca a la part inferior posterior del vehicle.</div></div>","T32_-_Accidents_de_mobilitat_viaria","racord_b6c6919a-bbae-482c-b3a6-002a4124f873"
"<div style=""text-align: left; font-family: -apple-system, sans-serif;""><div style=""font-size: 11px; color: #888; margin-bottom: 6px;"">[T32 - Accidents de mobilitat viària] Pregunta 395</div><div style=""font-weight: bold; font-size: 16px; margin-bottom: 14px; line-height: 1.4;"">En un escenari amb diversos vehicles accidentats implicats, l’estabilització preferent correspon:</div><div style=""font-size: 14px; line-height: 1.6;""><div style=""padding: 5px 0;""><b>A)</b> El vehicle B més proper a la zona de treball, per evitar interferències</div><div style=""padding: 5px 0;""><b>B)</b> El vehicle que presenti més deformació, independentment de si conté víctimes</div><div style=""padding: 5px 0;""><b>C)</b> El vehicle de major massa, perquè condiciona més la seguretat global</div><div style=""padding: 5px 0;""><b>D)</b> El vehicle A</div></div></div>","<div style=""text-align: left; font-family: -apple-system, sans-serif;""><div style=""font-weight: bold; font-size: 16px; color: #10b981; margin-bottom: 8px;"">✓ Resposta Correcta: D</div><div style=""font-size: 14px; margin-bottom: 12px; padding: 10px; background: rgba(16,185,129,0.1); border-radius: 6px; border-left: 4px solid #10b981;"">D) El vehicle A</div><hr style=""border: 0; border-top: 1px solid #ddd; margin: 12px 0;""><div style=""font-size: 13px; color: #444; line-height: 1.4;""><b style=""color: #111;"">Explicació:</b> MAN.SVVH.000 v1.2026

4.1. Maniobres d’estabilització

L’estabilització dels vehicles A, que contenen víctimes, és preferent respecte de la dels vehicles B.</div></div>","T32_-_Accidents_de_mobilitat_viaria","racord_4a835667-821e-4658-be92-4bd262f36b6d"
"<div style=""text-align: left; font-family: -apple-system, sans-serif;""><div style=""font-size: 11px; color: #888; margin-bottom: 6px;"">[T32 - Accidents de mobilitat viària] Pregunta 396</div><div style=""font-weight: bold; font-size: 16px; margin-bottom: 14px; line-height: 1.4;"">Un turisme amb una víctima a l’interior requerirà una extracció posterior. Quina estabilització primària en ordre de marxa és recomanable?</div><div style=""font-size: 14px; line-height: 1.6;""><div style=""padding: 5px 0;""><b>A)</b> L’estabilització manual d’emergència mantenint quatre bombers fins al final del rescat</div><div style=""padding: 5px 0;""><b>B)</b> L’estabilització intermèdia, perquè permet una extracció posterior sense cinquena falca</div><div style=""padding: 5px 0;""><b>C)</b> L’estabilització completa</div><div style=""padding: 5px 0;""><b>D)</b> L’estabilització mínima si la víctima està estable</div></div></div>","<div style=""text-align: left; font-family: -apple-system, sans-serif;""><div style=""font-weight: bold; font-size: 16px; color: #10b981; margin-bottom: 8px;"">✓ Resposta Correcta: C</div><div style=""font-size: 14px; margin-bottom: 12px; padding: 10px; background: rgba(16,185,129,0.1); border-radius: 6px; border-left: 4px solid #10b981;"">C) L’estabilització completa</div><hr style=""border: 0; border-top: 1px solid #ddd; margin: 12px 0;""><div style=""font-size: 13px; color: #444; line-height: 1.4;""><b style=""color: #111;"">Explicació:</b> MAN.SVVH.000 v1.2026

4.1.2. Estabilització primària

L’estabilització completa és recomanable per a vehicles A quan es preveu una extracció posterior de la víctima.</div></div>","T32_-_Accidents_de_mobilitat_viaria","racord_6507d5ea-2834-4387-a983-a69573508bcf"
"<div style=""text-align: left; font-family: -apple-system, sans-serif;""><div style=""font-size: 11px; color: #888; margin-bottom: 6px;"">[T32 - Accidents de mobilitat viària] Pregunta 397</div><div style=""font-weight: bold; font-size: 16px; margin-bottom: 14px; line-height: 1.4;"">Indica quina definició correspon al concepte decapcineig:</div><div style=""font-size: 14px; line-height: 1.6;""><div style=""padding: 5px 0;""><b>A)</b> Moviment horitzontal endavant i endarrere en el sentit de la marxa</div><div style=""padding: 5px 0;""><b>B)</b> Moviment pivotant a dreta i esquerra sense desplaçament longitudinal</div><div style=""padding: 5px 0;""><b>C)</b> Moviment a dreta o esquerra sobre un eix vertical imaginari</div><div style=""padding: 5px 0;""><b>D)</b> Moviment pivotant endavant i endarrere sense desplaçament longitudinal</div></div></div>","<div style=""text-align: left; font-family: -apple-system, sans-serif;""><div style=""font-weight: bold; font-size: 16px; color: #10b981; margin-bottom: 8px;"">✓ Resposta Correcta: D</div><div style=""font-size: 14px; margin-bottom: 12px; padding: 10px; background: rgba(16,185,129,0.1); border-radius: 6px; border-left: 4px solid #10b981;"">D) Moviment pivotant endavant i endarrere sense desplaçament longitudinal</div><hr style=""border: 0; border-top: 1px solid #ddd; margin: 12px 0;""><div style=""font-size: 13px; color: #444; line-height: 1.4;""><b style=""color: #111;"">Explicació:</b> MAN.SVVH.000 v1.2026

2.1.3. Moviments possibles d’un vehicle en ordre de marxa

El capcineig és un moviment pivotant endavant i endarrere sense desplaçament longitudinal.</div></div>","T32_-_Accidents_de_mobilitat_viaria","racord_fc82a51f-ff73-48a1-813a-439847318c03"
"<div style=""text-align: left; font-family: -apple-system, sans-serif;""><div style=""font-size: 11px; color: #888; margin-bottom: 6px;"">[T32 - Accidents de mobilitat viària] Pregunta 398</div><div style=""font-weight: bold; font-size: 16px; margin-bottom: 14px; line-height: 1.4;"">Quina característica tenen els trens de rodalies i regionals?</div><div style=""font-size: 14px; line-height: 1.6;""><div style=""padding: 5px 0;""><b>A)</b> Parades freqüents i recorreguts curts o mitjans</div><div style=""padding: 5px 0;""><b>B)</b> Parades freqüents però exclusivament en trajectes urbans</div><div style=""padding: 5px 0;""><b>C)</b> Poques parades i recorreguts curts o mitjans</div><div style=""padding: 5px 0;""><b>D)</b> Parades freqüents i recorreguts mitjans o llargs</div></div></div>","<div style=""text-align: left; font-family: -apple-system, sans-serif;""><div style=""font-weight: bold; font-size: 16px; color: #10b981; margin-bottom: 8px;"">✓ Resposta Correcta: A</div><div style=""font-size: 14px; margin-bottom: 12px; padding: 10px; background: rgba(16,185,129,0.1); border-radius: 6px; border-left: 4px solid #10b981;"">A) Parades freqüents i recorreguts curts o mitjans</div><hr style=""border: 0; border-top: 1px solid #ddd; margin: 12px 0;""><div style=""font-size: 13px; color: #444; line-height: 1.4;""><b style=""color: #111;"">Explicació:</b> MAN.SVVH.000 v1.2026

2.4.1. Tipus de trens

Els trens de rodalies i regionals tenen parades freqüents i recorreguts curts o mitjans.</div></div>","T32_-_Accidents_de_mobilitat_viaria","racord_bd47dede-bfb1-47eb-af6f-f952d030b00a"
"<div style=""text-align: left; font-family: -apple-system, sans-serif;""><div style=""font-size: 11px; color: #888; margin-bottom: 6px;"">[T32 - Accidents de mobilitat viària] Pregunta 399</div><div style=""font-weight: bold; font-size: 16px; margin-bottom: 14px; line-height: 1.4;"">L’amplada màxima general d’autobusos i autocars és:</div><div style=""font-size: 14px; line-height: 1.6;""><div style=""padding: 5px 0;""><b>A)</b> 2,55 metres, amb 2,65 metres en casos especials</div><div style=""padding: 5px 0;""><b>B)</b> 2,60 metres, amb 2,65 metres en casos especials</div><div style=""padding: 5px 0;""><b>C)</b> 2,50 metres, amb 2,55 metres en casos especials</div><div style=""padding: 5px 0;""><b>D)</b> 2,55 metres, amb 2,60 metres en casos especials</div></div></div>","<div style=""text-align: left; font-family: -apple-system, sans-serif;""><div style=""font-weight: bold; font-size: 16px; color: #10b981; margin-bottom: 8px;"">✓ Resposta Correcta: D</div><div style=""font-size: 14px; margin-bottom: 12px; padding: 10px; background: rgba(16,185,129,0.1); border-radius: 6px; border-left: 4px solid #10b981;"">D) 2,55 metres, amb 2,60 metres en casos especials</div><hr style=""border: 0; border-top: 1px solid #ddd; margin: 12px 0;""><div style=""font-size: 13px; color: #444; line-height: 1.4;""><b style=""color: #111;"">Explicació:</b> MAN.SVVH.000 v1.2026

2.2.3. Dimensions i pesos

L’amplada general pot arribar a 2,55 metres i a 2,60 metres en casos especials.</div></div>","T32_-_Accidents_de_mobilitat_viaria","racord_be421a12-380e-4e53-a4b2-b75780681333"
"<div style=""text-align: left; font-family: -apple-system, sans-serif;""><div style=""font-size: 11px; color: #888; margin-bottom: 6px;"">[T32 - Accidents de mobilitat viària] Pregunta 400</div><div style=""font-weight: bold; font-size: 16px; margin-bottom: 14px; line-height: 1.4;"">Es detecta una fuita de combustible amb possibilitat d’ignició. Quina mesura preventiva és adequada?</div><div style=""font-size: 14px; line-height: 1.6;""><div style=""padding: 5px 0;""><b>A)</b> Preparar mitjans d’extinció únicament si la fuita arriba a inflamar-se</div><div style=""padding: 5px 0;""><b>B)</b> Desconnectar la bateria i retirar qualsevol mitjà d’extinció fins que s’identifiqui el combustible</div><div style=""padding: 5px 0;""><b>C)</b> Cobrir la fuita amb escuma abans de valorar-ne l’origen i l’estabilitat del vehicle</div><div style=""padding: 5px 0;""><b>D)</b> Preparar mitjans d’extinció com mànega, escuma o extintors</div></div></div>","<div style=""text-align: left; font-family: -apple-system, sans-serif;""><div style=""font-weight: bold; font-size: 16px; color: #10b981; margin-bottom: 8px;"">✓ Resposta Correcta: D</div><div style=""font-size: 14px; margin-bottom: 12px; padding: 10px; background: rgba(16,185,129,0.1); border-radius: 6px; border-left: 4px solid #10b981;"">D) Preparar mitjans d’extinció com mànega, escuma o extintors</div><hr style=""border: 0; border-top: 1px solid #ddd; margin: 12px 0;""><div style=""font-size: 13px; color: #444; line-height: 1.4;""><b style=""color: #111;"">Explicació:</b> MAN.SVVH.000 v1.2026

5.2. Riscos específics i mesures preventives — Fuites i risc d’incendi

Davant risc d’incendi es pot preparar una instal·lació preventiva amb mànega, escuma o extintors.</div></div>","T32_-_Accidents_de_mobilitat_viaria","racord_e3e0229f-8b19-415b-a89f-e531cae6dac0"
"<div style=""text-align: left; font-family: -apple-system, sans-serif;""><div style=""font-size: 11px; color: #888; margin-bottom: 6px;"">[T32 - Accidents de mobilitat viària] Pregunta 401</div><div style=""font-weight: bold; font-size: 16px; margin-bottom: 14px; line-height: 1.4;"">Quina definició correspon a un atropellament?</div><div style=""font-size: 14px; line-height: 1.6;""><div style=""padding: 5px 0;""><b>A)</b> Contacte violent entre dos vehicles amb afectació d’un ocupant vulnerable</div><div style=""padding: 5px 0;""><b>B)</b> Contacte més o menys violent d’un vehicle amb un vianant</div><div style=""padding: 5px 0;""><b>C)</b> Impacte d’un vehicle sobre una persona que es troba dins d’un altre vehicle</div><div style=""padding: 5px 0;""><b>D)</b> Contacte d’un vehicle amb un vianant o animal</div></div></div>","<div style=""text-align: left; font-family: -apple-system, sans-serif;""><div style=""font-weight: bold; font-size: 16px; color: #10b981; margin-bottom: 8px;"">✓ Resposta Correcta: B</div><div style=""font-size: 14px; margin-bottom: 12px; padding: 10px; background: rgba(16,185,129,0.1); border-radius: 6px; border-left: 4px solid #10b981;"">B) Contacte més o menys violent d’un vehicle amb un vianant</div><hr style=""border: 0; border-top: 1px solid #ddd; margin: 12px 0;""><div style=""font-size: 13px; color: #444; line-height: 1.4;""><b style=""color: #111;"">Explicació:</b> MAN.SVVH.000 v1.2026

3.2.1. Tipus d’impactes en accidents de mobilitat viària

L’atropellament és el contacte més o menys violent d’un vehicle amb un vianant.</div></div>","T32_-_Accidents_de_mobilitat_viaria","racord_98835398-663b-4199-b03e-f8214e47f213"
"<div style=""text-align: left; font-family: -apple-system, sans-serif;""><div style=""font-size: 11px; color: #888; margin-bottom: 6px;"">[T32 - Accidents de mobilitat viària] Pregunta 402</div><div style=""font-weight: bold; font-size: 16px; margin-bottom: 14px; line-height: 1.4;"">Indica quina de les següents afirmacions és INCORRECTA respecte dels elements d’estabilització d'un vehicle accidentat:</div><div style=""font-size: 14px; line-height: 1.6;""><div style=""padding: 5px 0;""><b>A)</b> La posició dels elements d’estabilització s’ha d’adaptar a l’escenari concret</div><div style=""padding: 5px 0;""><b>B)</b> Els elements d’estabilització no han de dificultar l’accés a la víctima</div><div style=""padding: 5px 0;""><b>C)</b> Els elements d’estabilització s’han de situar preferentment a les vies naturals d’accés per bloquejar moviments</div><div style=""padding: 5px 0;""><b>D)</b> La disposició dels elements ha de tenir en compte la posterior extracció</div></div></div>","<div style=""text-align: left; font-family: -apple-system, sans-serif;""><div style=""font-weight: bold; font-size: 16px; color: #10b981; margin-bottom: 8px;"">✓ Resposta Correcta: C</div><div style=""font-size: 14px; margin-bottom: 12px; padding: 10px; background: rgba(16,185,129,0.1); border-radius: 6px; border-left: 4px solid #10b981;"">C) Els elements d’estabilització s’han de situar preferentment a les vies naturals d’accés per bloquejar moviments</div><hr style=""border: 0; border-top: 1px solid #ddd; margin: 12px 0;""><div style=""font-size: 13px; color: #444; line-height: 1.4;""><b style=""color: #111;"">Explicació:</b> MAN.SVVH.000 v1.2026

4.1. Maniobres d’estabilització

Els elements d’estabilització s’han de disposar de manera que no dificultin l’accés ni la posterior extracció de les víctimes.</div></div>","T32_-_Accidents_de_mobilitat_viaria","racord_4e4c46ca-1806-47d5-a4af-04ad040b4541"
"<div style=""text-align: left; font-family: -apple-system, sans-serif;""><div style=""font-size: 11px; color: #888; margin-bottom: 6px;"">[T32 - Accidents de mobilitat viària] Pregunta 403</div><div style=""font-weight: bold; font-size: 16px; margin-bottom: 14px; line-height: 1.4;"">Quin efecte té la diversitat de vehicles sobre els serveis d’emergència?</div><div style=""font-size: 14px; line-height: 1.6;""><div style=""padding: 5px 0;""><b>A)</b> Incrementa la varietat i la complexitat de les tipologies d’accident a què han de respondre</div><div style=""padding: 5px 0;""><b>B)</b> Incrementa la varietat dels accidents, però tendeix a reduir-ne la complexitat tècnica</div><div style=""padding: 5px 0;""><b>C)</b> Augmenta la complexitat dels accidents, però en redueix la diversitat operativa</div><div style=""padding: 5px 0;""><b>D)</b> Modifica sobretot la freqüència dels serveis, sense afectar de manera rellevant la tipologia dels accidents</div></div></div>","<div style=""text-align: left; font-family: -apple-system, sans-serif;""><div style=""font-weight: bold; font-size: 16px; color: #10b981; margin-bottom: 8px;"">✓ Resposta Correcta: A</div><div style=""font-size: 14px; margin-bottom: 12px; padding: 10px; background: rgba(16,185,129,0.1); border-radius: 6px; border-left: 4px solid #10b981;"">A) Incrementa la varietat i la complexitat de les tipologies d’accident a què han de respondre</div><hr style=""border: 0; border-top: 1px solid #ddd; margin: 12px 0;""><div style=""font-size: 13px; color: #444; line-height: 1.4;""><b style=""color: #111;"">Explicació:</b> MAN.SVVH.000 v1.2026

1.1. Context de la mobilitat a Catalunya

Aquesta realitat fa que els serveis d’emergència, especialment el Cos de Bombers, s’enfrontin a una tipologia d’accidents cada cop més variada i complexa.</div></div>","T32_-_Accidents_de_mobilitat_viaria","racord_93e1c08d-888e-45f8-b786-17ea83d8af99"
"<div style=""text-align: left; font-family: -apple-system, sans-serif;""><div style=""font-size: 11px; color: #888; margin-bottom: 6px;"">[T32 - Accidents de mobilitat viària] Pregunta 404</div><div style=""font-weight: bold; font-size: 16px; margin-bottom: 14px; line-height: 1.4;"">En la denominació dels vehicles implicats en un accident, què identifica un vehicle B?</div><div style=""font-size: 14px; line-height: 1.6;""><div style=""padding: 5px 0;""><b>A)</b> Un vehicle amb víctimes a l’interior però sense lesions aparents</div><div style=""padding: 5px 0;""><b>B)</b> El vehicle secundari de l’accident, independentment de si hi ha ocupants</div><div style=""padding: 5px 0;""><b>C)</b> Un vehicle sense víctimes a l’interior</div><div style=""padding: 5px 0;""><b>D)</b> Un vehicle sense víctimes atrapades, encara que hi hagi ocupants a l’interior</div></div></div>","<div style=""text-align: left; font-family: -apple-system, sans-serif;""><div style=""font-weight: bold; font-size: 16px; color: #10b981; margin-bottom: 8px;"">✓ Resposta Correcta: C</div><div style=""font-size: 14px; margin-bottom: 12px; padding: 10px; background: rgba(16,185,129,0.1); border-radius: 6px; border-left: 4px solid #10b981;"">C) Un vehicle sense víctimes a l’interior</div><hr style=""border: 0; border-top: 1px solid #ddd; margin: 12px 0;""><div style=""font-size: 13px; color: #444; line-height: 1.4;""><b style=""color: #111;"">Explicació:</b> MAN.SVVH.000 v1.2026

3.2.3. Denominació dels vehicles implicats en un accident

Vehicle B és aquell en què no hi ha víctimes a l’interior.</div></div>","T32_-_Accidents_de_mobilitat_viaria","racord_9759ea3e-d21f-430e-bcd0-d2044d1a6d79"
"<div style=""text-align: left; font-family: -apple-system, sans-serif;""><div style=""font-size: 11px; color: #888; margin-bottom: 6px;"">[T32 - Accidents de mobilitat viària] Pregunta 405</div><div style=""font-weight: bold; font-size: 16px; margin-bottom: 14px; line-height: 1.4;"">Amb quins combustibles gasosos poden treballar els vehicles bivalents?</div><div style=""font-size: 14px; line-height: 1.6;""><div style=""padding: 5px 0;""><b>A)</b> GNC o hidrogen</div><div style=""padding: 5px 0;""><b>B)</b> GNC o GLP</div><div style=""padding: 5px 0;""><b>C)</b> GLP o hidrogen</div><div style=""padding: 5px 0;""><b>D)</b> GNC o biodièsel</div></div></div>","<div style=""text-align: left; font-family: -apple-system, sans-serif;""><div style=""font-weight: bold; font-size: 16px; color: #10b981; margin-bottom: 8px;"">✓ Resposta Correcta: B</div><div style=""font-size: 14px; margin-bottom: 12px; padding: 10px; background: rgba(16,185,129,0.1); border-radius: 6px; border-left: 4px solid #10b981;"">B) GNC o GLP</div><hr style=""border: 0; border-top: 1px solid #ddd; margin: 12px 0;""><div style=""font-size: 13px; color: #444; line-height: 1.4;""><b style=""color: #111;"">Explicació:</b> MAN.SVVH.000 v1.2026

2.1.2. Sistemes de propulsió

Els vehicles bivalents disposen d’un motor de combustió adaptat a treballar amb GNC o GLP.</div></div>","T32_-_Accidents_de_mobilitat_viaria","racord_19307752-546c-4cd0-a090-c3606c9fbc71"
"<div style=""text-align: left; font-family: -apple-system, sans-serif;""><div style=""font-size: 11px; color: #888; margin-bottom: 6px;"">[T32 - Accidents de mobilitat viària] Pregunta 406</div><div style=""font-weight: bold; font-size: 16px; margin-bottom: 14px; line-height: 1.4;"">Com ha de ser la comunicació amb la víctima i amb l’equip en una intervenció viària?</div><div style=""font-size: 14px; line-height: 1.6;""><div style=""padding: 5px 0;""><b>A)</b> Clara i mantinguda amb calma</div><div style=""padding: 5px 0;""><b>B)</b> Clara amb l’equip i tranquil·litzadora amb la víctima només després d’estabilitzar-la</div><div style=""padding: 5px 0;""><b>C)</b> Clara amb la víctima i breu amb l’equip per evitar saturar les comunicacions</div><div style=""padding: 5px 0;""><b>D)</b> Calmada amb la víctima i limitada al comandament pel que fa a l’equip</div></div></div>","<div style=""text-align: left; font-family: -apple-system, sans-serif;""><div style=""font-weight: bold; font-size: 16px; color: #10b981; margin-bottom: 8px;"">✓ Resposta Correcta: A</div><div style=""font-size: 14px; margin-bottom: 12px; padding: 10px; background: rgba(16,185,129,0.1); border-radius: 6px; border-left: 4px solid #10b981;"">A) Clara i mantinguda amb calma</div><hr style=""border: 0; border-top: 1px solid #ddd; margin: 12px 0;""><div style=""font-size: 13px; color: #444; line-height: 1.4;""><b style=""color: #111;"">Explicació:</b> MAN.SVVH.000 v1.2026

5.2. Riscos específics i mesures preventives — Comunicació i control emocional

Cal mantenir la calma i comunicar-se amb claredat amb la víctima i amb l’equip.</div></div>","T32_-_Accidents_de_mobilitat_viaria","racord_5cea8620-823f-4e06-8c6e-b153b62cf7af"
"<div style=""text-align: left; font-family: -apple-system, sans-serif;""><div style=""font-size: 11px; color: #888; margin-bottom: 6px;"">[T32 - Accidents de mobilitat viària] Pregunta 407</div><div style=""font-weight: bold; font-size: 16px; margin-bottom: 14px; line-height: 1.4;"">Per què pot ser útil retirar el sostre d’un vehicle accidentat?</div><div style=""font-size: 14px; line-height: 1.6;""><div style=""padding: 5px 0;""><b>A)</b> Per crear espai superior, encara que no millori la precisió de la mobilització</div><div style=""padding: 5px 0;""><b>B)</b> Per augmentar la rigidesa de l’habitacle abans de desplaçar la víctima</div><div style=""padding: 5px 0;""><b>C)</b> Per facilitar una extracció superior només quan el vehicle està en bolcada</div><div style=""padding: 5px 0;""><b>D)</b> Per crear espai superior i facilitar una mobilització i extracció més precisa</div></div></div>","<div style=""text-align: left; font-family: -apple-system, sans-serif;""><div style=""font-weight: bold; font-size: 16px; color: #10b981; margin-bottom: 8px;"">✓ Resposta Correcta: D</div><div style=""font-size: 14px; margin-bottom: 12px; padding: 10px; background: rgba(16,185,129,0.1); border-radius: 6px; border-left: 4px solid #10b981;"">D) Per crear espai superior i facilitar una mobilització i extracció més precisa</div><hr style=""border: 0; border-top: 1px solid #ddd; margin: 12px 0;""><div style=""font-size: 13px; color: #444; line-height: 1.4;""><b style=""color: #111;"">Explicació:</b> MAN.SVVH.000 v1.2026

4.2.4. Desmunts de sostre

El desmunt de sostre genera un espai superior útil per mobilitzar i extreure víctimes, i millora les condicions de treball dels intervinents.</div></div>","T32_-_Accidents_de_mobilitat_viaria","racord_092489aa-b256-45dc-abbc-2076b8f893cf"
"<div style=""text-align: left; font-family: -apple-system, sans-serif;""><div style=""font-size: 11px; color: #888; margin-bottom: 6px;"">[T32 - Accidents de mobilitat viària] Pregunta 408</div><div style=""font-weight: bold; font-size: 16px; margin-bottom: 14px; line-height: 1.4;"">Quin criteri permet classificar els trens?</div><div style=""font-size: 14px; line-height: 1.6;""><div style=""padding: 5px 0;""><b>A)</b> Segons el nombre d’unitats que formen la composició</div><div style=""padding: 5px 0;""><b>B)</b> Segons la font d’energia emprada per a la tracció</div><div style=""padding: 5px 0;""><b>C)</b> Segons la velocitat màxima de servei</div><div style=""padding: 5px 0;""><b>D)</b> Segons el tipus de servei que presten</div></div></div>","<div style=""text-align: left; font-family: -apple-system, sans-serif;""><div style=""font-weight: bold; font-size: 16px; color: #10b981; margin-bottom: 8px;"">✓ Resposta Correcta: D</div><div style=""font-size: 14px; margin-bottom: 12px; padding: 10px; background: rgba(16,185,129,0.1); border-radius: 6px; border-left: 4px solid #10b981;"">D) Segons el tipus de servei que presten</div><hr style=""border: 0; border-top: 1px solid #ddd; margin: 12px 0;""><div style=""font-size: 13px; color: #444; line-height: 1.4;""><b style=""color: #111;"">Explicació:</b> MAN.SVVH.000 v1.2026

2.4.1. Tipus de trens

Els trens es poden classificar segons el tipus de servei: transport de persones o de mercaderies.</div></div>","T32_-_Accidents_de_mobilitat_viaria","racord_4134c45a-da93-4ab6-8e1e-885c44fbe6eb"
"<div style=""text-align: left; font-family: -apple-system, sans-serif;""><div style=""font-size: 11px; color: #888; margin-bottom: 6px;"">[T32 - Accidents de mobilitat viària] Pregunta 409</div><div style=""font-weight: bold; font-size: 16px; margin-bottom: 14px; line-height: 1.4;"">Quina definició correspon a un accident de mobilitat?</div><div style=""font-size: 14px; line-height: 1.6;""><div style=""padding: 5px 0;""><b>A)</b> Incident amb un o més vehicles en moviment que causa danys personals o materials i requereix resposta d’emergència</div><div style=""padding: 5px 0;""><b>B)</b> Incident amb un o més vehicles, en moviment o aturats, que només es considera de mobilitat si hi ha víctimes personals</div><div style=""padding: 5px 0;""><b>C)</b> Incident amb un o més vehicles que causa danys materials, ambientals o personals, independentment que requereixi resposta d’emergència</div><div style=""padding: 5px 0;""><b>D)</b> Incident amb un o més vehicles, en moviment o aturats, que causa danys i requereix resposta dels serveis d’emergència</div></div></div>","<div style=""text-align: left; font-family: -apple-system, sans-serif;""><div style=""font-weight: bold; font-size: 16px; color: #10b981; margin-bottom: 8px;"">✓ Resposta Correcta: D</div><div style=""font-size: 14px; margin-bottom: 12px; padding: 10px; background: rgba(16,185,129,0.1); border-radius: 6px; border-left: 4px solid #10b981;"">D) Incident amb un o més vehicles, en moviment o aturats, que causa danys i requereix resposta dels serveis d’emergència</div><hr style=""border: 0; border-top: 1px solid #ddd; margin: 12px 0;""><div style=""font-size: 13px; color: #444; line-height: 1.4;""><b style=""color: #111;"">Explicació:</b> MAN.SVVH.000 v1.2026

1.2. Els accidents de mobilitat viària

Entenem per accident de mobilitat qualsevol incident que implica un o més vehicles en moviment o aturats, que causa danys materials, ambientals i/o personals i que requereix una resposta dels serveis d’emergència.</div></div>","T32_-_Accidents_de_mobilitat_viaria","racord_38d54920-f664-422f-b2c1-02775ad3ce46"
"<div style=""text-align: left; font-family: -apple-system, sans-serif;""><div style=""font-size: 11px; color: #888; margin-bottom: 6px;"">[T32 - Accidents de mobilitat viària] Pregunta 410</div><div style=""font-weight: bold; font-size: 16px; margin-bottom: 14px; line-height: 1.4;"">Davant la inestabilitat d’un vehicle accidentat es poden utilitzar:</div><div style=""font-size: 14px; line-height: 1.6;""><div style=""padding: 5px 0;""><b>A)</b> Cunyes, puntals i eslingues</div><div style=""padding: 5px 0;""><b>B)</b> Cunyes, puntals i coixins pneumàtics</div><div style=""padding: 5px 0;""><b>C)</b> Cunyes, eslingues i eines hidràuliques de tall</div><div style=""padding: 5px 0;""><b>D)</b> Puntals, tractels i separadors</div></div></div>","<div style=""text-align: left; font-family: -apple-system, sans-serif;""><div style=""font-weight: bold; font-size: 16px; color: #10b981; margin-bottom: 8px;"">✓ Resposta Correcta: A</div><div style=""font-size: 14px; margin-bottom: 12px; padding: 10px; background: rgba(16,185,129,0.1); border-radius: 6px; border-left: 4px solid #10b981;"">A) Cunyes, puntals i eslingues</div><hr style=""border: 0; border-top: 1px solid #ddd; margin: 12px 0;""><div style=""font-size: 13px; color: #444; line-height: 1.4;""><b style=""color: #111;"">Explicació:</b> MAN.SVVH.000 v1.2026

5.2. Riscos específics i mesures preventives — Inestabilitat del vehicle

Les cunyes, els puntals i les eslingues formen part dels recursos aplicables davant la inestabilitat d’un vehicle.</div></div>","T32_-_Accidents_de_mobilitat_viaria","racord_09b176bf-5b8e-4e33-964e-455889d352ad"
"<div style=""text-align: left; font-family: -apple-system, sans-serif;""><div style=""font-size: 11px; color: #888; margin-bottom: 6px;"">[T32 - Accidents de mobilitat viària] Pregunta 411</div><div style=""font-weight: bold; font-size: 16px; margin-bottom: 14px; line-height: 1.4;"">Els camions es caracteritzen especialment per:</div><div style=""font-size: 14px; line-height: 1.6;""><div style=""padding: 5px 0;""><b>A)</b> Gran massa, dimensions reduïdes i mecànica complexa</div><div style=""padding: 5px 0;""><b>B)</b> Gran massa, grans dimensions i complexitat mecànica</div><div style=""padding: 5px 0;""><b>C)</b> Gran massa, grans dimensions i mecànica relativament simple</div><div style=""padding: 5px 0;""><b>D)</b> Massa moderada, grans dimensions i mecànica complexa</div></div></div>","<div style=""text-align: left; font-family: -apple-system, sans-serif;""><div style=""font-weight: bold; font-size: 16px; color: #10b981; margin-bottom: 8px;"">✓ Resposta Correcta: B</div><div style=""font-size: 14px; margin-bottom: 12px; padding: 10px; background: rgba(16,185,129,0.1); border-radius: 6px; border-left: 4px solid #10b981;"">B) Gran massa, grans dimensions i complexitat mecànica</div><hr style=""border: 0; border-top: 1px solid #ddd; margin: 12px 0;""><div style=""font-size: 13px; color: #444; line-height: 1.4;""><b style=""color: #111;"">Explicació:</b> MAN.SVVH.000 v1.2026

2.3. Coneixement dels camions i vehicles pesants

Els camions es caracteritzen per gran massa, grans dimensions i complexitat mecànica.</div></div>","T32_-_Accidents_de_mobilitat_viaria","racord_df359a28-f32d-4e23-ac13-af1d1787c379"
"<div style=""text-align: left; font-family: -apple-system, sans-serif;""><div style=""font-size: 11px; color: #888; margin-bottom: 6px;"">[T32 - Accidents de mobilitat viària] Pregunta 412</div><div style=""font-weight: bold; font-size: 16px; margin-bottom: 14px; line-height: 1.4;"">Respecte de les configuracions del sostre d’un vehicle, indica l’opció CORRECTA:</div><div style=""font-size: 14px; line-height: 1.6;""><div style=""padding: 5px 0;""><b>A)</b> Retràctil, longitudinal, transversal o amb sostre solar</div><div style=""padding: 5px 0;""><b>B)</b> Rígid, panoràmic, laminat o temperat</div><div style=""padding: 5px 0;""><b>C)</b> Rígid, retràctil, panoràmic o descapotable integral</div><div style=""padding: 5px 0;""><b>D)</b> Rígid, retràctil, panoràmic o amb sostre solar</div></div></div>","<div style=""text-align: left; font-family: -apple-system, sans-serif;""><div style=""font-weight: bold; font-size: 16px; color: #10b981; margin-bottom: 8px;"">✓ Resposta Correcta: D</div><div style=""font-size: 14px; margin-bottom: 12px; padding: 10px; background: rgba(16,185,129,0.1); border-radius: 6px; border-left: 4px solid #10b981;"">D) Rígid, retràctil, panoràmic o amb sostre solar</div><hr style=""border: 0; border-top: 1px solid #ddd; margin: 12px 0;""><div style=""font-size: 13px; color: #444; line-height: 1.4;""><b style=""color: #111;"">Explicació:</b> MAN.SVVH.000 v1.2026

2.1.1. Parts dels vehicles

El sostre pot ser rígid, retràctil, panoràmic de vidre o incorporar sistemes de sostre solar.</div></div>","T32_-_Accidents_de_mobilitat_viaria","racord_b589d2c1-c144-4185-8e69-ab6413051b5d"
"<div style=""text-align: left; font-family: -apple-system, sans-serif;""><div style=""font-size: 11px; color: #888; margin-bottom: 6px;"">[T32 - Accidents de mobilitat viària] Pregunta 413</div><div style=""font-weight: bold; font-size: 16px; margin-bottom: 14px; line-height: 1.4;"">Quins materials s’han introduït per reforçar la rigidesa estructural dels autobusos?</div><div style=""font-size: 14px; line-height: 1.6;""><div style=""padding: 5px 0;""><b>A)</b> Acer convencional, fibres de vidre i nous polímers</div><div style=""padding: 5px 0;""><b>B)</b> Fibres de carboni, policarbonat i aliatges lleugers</div><div style=""padding: 5px 0;""><b>C)</b> Acer d’alta resistència, fibres de carboni i nous aliatges</div><div style=""padding: 5px 0;""><b>D)</b> Acer d’alta resistència, alumini i vidre laminat</div></div></div>","<div style=""text-align: left; font-family: -apple-system, sans-serif;""><div style=""font-weight: bold; font-size: 16px; color: #10b981; margin-bottom: 8px;"">✓ Resposta Correcta: C</div><div style=""font-size: 14px; margin-bottom: 12px; padding: 10px; background: rgba(16,185,129,0.1); border-radius: 6px; border-left: 4px solid #10b981;"">C) Acer d’alta resistència, fibres de carboni i nous aliatges</div><hr style=""border: 0; border-top: 1px solid #ddd; margin: 12px 0;""><div style=""font-size: 13px; color: #444; line-height: 1.4;""><b style=""color: #111;"">Explicació:</b> MAN.SVVH.000 v1.2026

2.2.6. Seguretat estructural i normativa ECE R66

Els fabricants utilitzen acer d’alta resistència, fibres de carboni i nous aliatges per reforçar la rigidesa estructural.</div></div>","T32_-_Accidents_de_mobilitat_viaria","racord_4e56378d-6ce4-46b8-8fa9-e249ee7aff18"
"<div style=""text-align: left; font-family: -apple-system, sans-serif;""><div style=""font-size: 11px; color: #888; margin-bottom: 6px;"">[T32 - Accidents de mobilitat viària] Pregunta 414</div><div style=""font-weight: bold; font-size: 16px; margin-bottom: 14px; line-height: 1.4;"">Indica quins elements poden provocar talls durant el desmuntatge d’un vehicle en les tasques d'excarceració:</div><div style=""font-size: 14px; line-height: 1.6;""><div style=""padding: 5px 0;""><b>A)</b> Vidres trencats, plàstics interiors i elements d’estabilització</div><div style=""padding: 5px 0;""><b>B)</b> Vidres trencats, vores de carrosseria i restes metàl·liques</div><div style=""padding: 5px 0;""><b>C)</b> Xapes deformades, eines hidràuliques i vidres intactes</div><div style=""padding: 5px 0;""><b>D)</b> Vidres laminats, vores protegides de carrosseria i restes metàl·liques</div></div></div>","<div style=""text-align: left; font-family: -apple-system, sans-serif;""><div style=""font-weight: bold; font-size: 16px; color: #10b981; margin-bottom: 8px;"">✓ Resposta Correcta: B</div><div style=""font-size: 14px; margin-bottom: 12px; padding: 10px; background: rgba(16,185,129,0.1); border-radius: 6px; border-left: 4px solid #10b981;"">B) Vidres trencats, vores de carrosseria i restes metàl·liques</div><hr style=""border: 0; border-top: 1px solid #ddd; margin: 12px 0;""><div style=""font-size: 13px; color: #444; line-height: 1.4;""><b style=""color: #111;"">Explicació:</b> MAN.SVVH.000 v1.2026

5.2. Riscos específics i mesures preventives — Vidres, xapes i talls

Durant l’obertura o el desmuntatge hi ha risc de tall amb vidres, vores de carrosseria i restes metàl·liques afilades.</div></div>","T32_-_Accidents_de_mobilitat_viaria","racord_3ae9b9e1-a3cc-4f66-b353-7137a8b2b862"
"<div style=""text-align: left; font-family: -apple-system, sans-serif;""><div style=""font-size: 11px; color: #888; margin-bottom: 6px;"">[T32 - Accidents de mobilitat viària] Pregunta 415</div><div style=""font-weight: bold; font-size: 16px; margin-bottom: 14px; line-height: 1.4;"">Indica quina de les següents afirmacions és INCORRECTA respecte de la valoració operativa en un primer moment davant un accident de trànsit:</div><div style=""font-size: 14px; line-height: 1.6;""><div style=""padding: 5px 0;""><b>A)</b> La valoració s’ha de coordinar entre els serveis presents</div><div style=""padding: 5px 0;""><b>B)</b> La valoració operativa ha de ser ràpida, individual i donar-se per tancada abans d’iniciar les maniobres</div><div style=""padding: 5px 0;""><b>C)</b> La valoració ha de mantenir-se de manera contínua</div><div style=""padding: 5px 0;""><b>D)</b> La valoració ha de ser objectiva</div></div></div>","<div style=""text-align: left; font-family: -apple-system, sans-serif;""><div style=""font-weight: bold; font-size: 16px; color: #10b981; margin-bottom: 8px;"">✓ Resposta Correcta: B</div><div style=""font-size: 14px; margin-bottom: 12px; padding: 10px; background: rgba(16,185,129,0.1); border-radius: 6px; border-left: 4px solid #10b981;"">B) La valoració operativa ha de ser ràpida, individual i donar-se per tancada abans d’iniciar les maniobres</div><hr style=""border: 0; border-top: 1px solid #ddd; margin: 12px 0;""><div style=""font-size: 13px; color: #444; line-height: 1.4;""><b style=""color: #111;"">Explicació:</b> MAN.SVVH.000 v1.2026

3. Valoració

La valoració ha de ser objectiva, contínua i coordinada entre tots els serveis presents.</div></div>","T32_-_Accidents_de_mobilitat_viaria","racord_32c7d40b-70ce-4a3c-a2a9-173d8872777c"
"<div style=""text-align: left; font-family: -apple-system, sans-serif;""><div style=""font-size: 11px; color: #888; margin-bottom: 6px;"">[T32 - Accidents de mobilitat viària] Pregunta 416</div><div style=""font-weight: bold; font-size: 16px; margin-bottom: 14px; line-height: 1.4;"">Entre les tipologies de tren trobem:</div><div style=""font-size: 14px; line-height: 1.6;""><div style=""padding: 5px 0;""><b>A)</b> Alta velocitat, mercaderies, interurbans i especials</div><div style=""padding: 5px 0;""><b>B)</b> Alta velocitat, mercaderies, metropolitans i regionals</div><div style=""padding: 5px 0;""><b>C)</b> Rodalies, regionals, logístics i tramviaris</div><div style=""padding: 5px 0;""><b>D)</b> Metropolitans, regionals, articulats i cisterna</div></div></div>","<div style=""text-align: left; font-family: -apple-system, sans-serif;""><div style=""font-weight: bold; font-size: 16px; color: #10b981; margin-bottom: 8px;"">✓ Resposta Correcta: B</div><div style=""font-size: 14px; margin-bottom: 12px; padding: 10px; background: rgba(16,185,129,0.1); border-radius: 6px; border-left: 4px solid #10b981;"">B) Alta velocitat, mercaderies, metropolitans i regionals</div><hr style=""border: 0; border-top: 1px solid #ddd; margin: 12px 0;""><div style=""font-size: 13px; color: #444; line-height: 1.4;""><b style=""color: #111;"">Explicació:</b> MAN.SVVH.000 v1.2026

2.4. Accidents ferroviaris

La diversitat ferroviària inclou trens d’alta velocitat, de mercaderies, metropolitans i regionals.</div></div>","T32_-_Accidents_de_mobilitat_viaria","racord_4a13466d-a6da-4b72-809b-60e43ff9afb8"
"<div style=""text-align: left; font-family: -apple-system, sans-serif;""><div style=""font-size: 11px; color: #888; margin-bottom: 6px;"">[T32 - Accidents de mobilitat viària] Pregunta 417</div><div style=""font-weight: bold; font-size: 16px; margin-bottom: 14px; line-height: 1.4;"">La xifra d’accidents amb víctimes del període 2014–2023 inclou:</div><div style=""font-size: 14px; line-height: 1.6;""><div style=""padding: 5px 0;""><b>A)</b> Els accidents interurbans amb ferits o morts i els urbans únicament quan hi hagués víctimes mortals</div><div style=""padding: 5px 0;""><b>B)</b> Els accidents urbans i interurbans en què hi va haver persones ferides o víctimes mortals</div><div style=""padding: 5px 0;""><b>C)</b> Els accidents urbans i interurbans amb víctimes, sempre que hi intervinguessin serveis d’emergència</div><div style=""padding: 5px 0;""><b>D)</b> Els accidents urbans i interurbans amb danys personals o materials, encara que no hi hagués víctimes</div></div></div>","<div style=""text-align: left; font-family: -apple-system, sans-serif;""><div style=""font-weight: bold; font-size: 16px; color: #10b981; margin-bottom: 8px;"">✓ Resposta Correcta: B</div><div style=""font-size: 14px; margin-bottom: 12px; padding: 10px; background: rgba(16,185,129,0.1); border-radius: 6px; border-left: 4px solid #10b981;"">B) Els accidents urbans i interurbans en què hi va haver persones ferides o víctimes mortals</div><hr style=""border: 0; border-top: 1px solid #ddd; margin: 12px 0;""><div style=""font-size: 13px; color: #444; line-height: 1.4;""><b style=""color: #111;"">Explicació:</b> MAN.SVVH.000 v1.2026

1.1. Context de la mobilitat a Catalunya

Aquesta xifra inclou tant els accidents de trànsit en zones urbanes com en vies interurbanes, sempre que hi hagi hagut persones ferides o víctimes mortals.</div></div>","T32_-_Accidents_de_mobilitat_viaria","racord_fdd81db3-b900-4fb4-8632-ec0c2c50837f"
"<div style=""text-align: left; font-family: -apple-system, sans-serif;""><div style=""font-size: 11px; color: #888; margin-bottom: 6px;"">[T32 - Accidents de mobilitat viària] Pregunta 418</div><div style=""font-weight: bold; font-size: 16px; margin-bottom: 14px; line-height: 1.4;"">Els anells rígids de la superestructura es disposen:</div><div style=""font-size: 14px; line-height: 1.6;""><div style=""padding: 5px 0;""><b>A)</b> Paral·lels a l’eix longitudinal del vehicle</div><div style=""padding: 5px 0;""><b>B)</b> Perpendiculars a l’eix del vehicle</div><div style=""padding: 5px 0;""><b>C)</b> En diagonal respecte de l’eix del vehicle</div><div style=""padding: 5px 0;""><b>D)</b> Perpendiculars al sostre però paral·lels a l’eix del vehicle</div></div></div>","<div style=""text-align: left; font-family: -apple-system, sans-serif;""><div style=""font-weight: bold; font-size: 16px; color: #10b981; margin-bottom: 8px;"">✓ Resposta Correcta: B</div><div style=""font-size: 14px; margin-bottom: 12px; padding: 10px; background: rgba(16,185,129,0.1); border-radius: 6px; border-left: 4px solid #10b981;"">B) Perpendiculars a l’eix del vehicle</div><hr style=""border: 0; border-top: 1px solid #ddd; margin: 12px 0;""><div style=""font-size: 13px; color: #444; line-height: 1.4;""><b style=""color: #111;"">Explicació:</b> MAN.SVVH.000 v1.2026

2.2.4. Disseny estructural: bastidor i superestructura

La superestructura es basa en perfils rectangulars, muntants i costelles, que formen anells rígids perpendiculars a l’eix del vehicle.</div></div>","T32_-_Accidents_de_mobilitat_viaria","racord_cf09e928-c35b-4fe8-b2f3-1bd0db6c7c12"
"<div style=""text-align: left; font-family: -apple-system, sans-serif;""><div style=""font-size: 11px; color: #888; margin-bottom: 6px;"">[T32 - Accidents de mobilitat viària] Pregunta 419</div><div style=""font-weight: bold; font-size: 16px; margin-bottom: 14px; line-height: 1.4;"">En un vehicle amb el sostre col·lapsat sobre la zona cranial de la víctima, quina maniobra d’excarceració permet recuperar l’espai de l’habitacle?</div><div style=""font-size: 14px; line-height: 1.6;""><div style=""padding: 5px 0;""><b>A)</b> El desplaçament del muntant B</div><div style=""padding: 5px 0;""><b>B)</b> El desplaçament de sostre</div><div style=""padding: 5px 0;""><b>C)</b> L’elevació de sostre amb separador</div><div style=""padding: 5px 0;""><b>D)</b> El desmunt total de sostre</div></div></div>","<div style=""text-align: left; font-family: -apple-system, sans-serif;""><div style=""font-weight: bold; font-size: 16px; color: #10b981; margin-bottom: 8px;"">✓ Resposta Correcta: B</div><div style=""font-size: 14px; margin-bottom: 12px; padding: 10px; background: rgba(16,185,129,0.1); border-radius: 6px; border-left: 4px solid #10b981;"">B) El desplaçament de sostre</div><hr style=""border: 0; border-top: 1px solid #ddd; margin: 12px 0;""><div style=""font-size: 13px; color: #444; line-height: 1.4;""><b style=""color: #111;"">Explicació:</b> MAN.SVVH.000 v1.2026

4.3. Maniobres d’excarceració — Desplaçament de sostre

El desplaçament de sostre recupera l’espai de l’habitacle quan el sostre ha col·lapsat i compromet la zona cranial d’una víctima amb atrapament físic tipus 2.</div></div>","T32_-_Accidents_de_mobilitat_viaria","racord_f0d2fe0b-bf3a-4b5e-a014-43eaa52c88da"
"<div style=""text-align: left; font-family: -apple-system, sans-serif;""><div style=""font-size: 11px; color: #888; margin-bottom: 6px;"">[T32 - Accidents de mobilitat viària] Pregunta 420</div><div style=""font-weight: bold; font-size: 16px; margin-bottom: 14px; line-height: 1.4;"">Què és una sortida de via?</div><div style=""font-size: 14px; line-height: 1.6;""><div style=""padding: 5px 0;""><b>A)</b> La sortida del vehicle de la calçada únicament quan hi ha bolcada</div><div style=""padding: 5px 0;""><b>B)</b> Qualsevol accident fora de la calçada, encara que el conductor hagi fet la maniobra voluntàriament</div><div style=""padding: 5px 0;""><b>C)</b> La pèrdua de control amb desplaçament lateral dins de la plataforma de la via</div><div style=""padding: 5px 0;""><b>D)</b> La sortida del vehicle de la plataforma de la via, amb bolcada o sense</div></div></div>","<div style=""text-align: left; font-family: -apple-system, sans-serif;""><div style=""font-weight: bold; font-size: 16px; color: #10b981; margin-bottom: 8px;"">✓ Resposta Correcta: D</div><div style=""font-size: 14px; margin-bottom: 12px; padding: 10px; background: rgba(16,185,129,0.1); border-radius: 6px; border-left: 4px solid #10b981;"">D) La sortida del vehicle de la plataforma de la via, amb bolcada o sense</div><hr style=""border: 0; border-top: 1px solid #ddd; margin: 12px 0;""><div style=""font-size: 13px; color: #444; line-height: 1.4;""><b style=""color: #111;"">Explicació:</b> MAN.SVVH.000 v1.2026

3.2.1. Tipus d’impactes en accidents de mobilitat viària

Una sortida de via es produeix quan el vehicle surt de la plataforma de la via per causes alienes a la voluntat del conductor, i pot ser amb bolcada o sense.</div></div>","T32_-_Accidents_de_mobilitat_viaria","racord_a9892524-b78c-4ed0-b9fc-03510080d30f"
"<div style=""text-align: left; font-family: -apple-system, sans-serif;""><div style=""font-size: 11px; color: #888; margin-bottom: 6px;"">[T32 - Accidents de mobilitat viària] Pregunta 421</div><div style=""font-weight: bold; font-size: 16px; margin-bottom: 14px; line-height: 1.4;"">En un accident de trànsit, per obtenir espais amplis de rescat, Bombers treballa habitualment sobre:</div><div style=""font-size: 14px; line-height: 1.6;""><div style=""padding: 5px 0;""><b>A)</b> Elements mecànics o de revestiment</div><div style=""padding: 5px 0;""><b>B)</b> Elements de revestiment o de propulsió</div><div style=""padding: 5px 0;""><b>C)</b> Elements estructurals o de revestiment</div><div style=""padding: 5px 0;""><b>D)</b> Elements estructurals o mecànics</div></div></div>","<div style=""text-align: left; font-family: -apple-system, sans-serif;""><div style=""font-weight: bold; font-size: 16px; color: #10b981; margin-bottom: 8px;"">✓ Resposta Correcta: C</div><div style=""font-size: 14px; margin-bottom: 12px; padding: 10px; background: rgba(16,185,129,0.1); border-radius: 6px; border-left: 4px solid #10b981;"">C) Elements estructurals o de revestiment</div><hr style=""border: 0; border-top: 1px solid #ddd; margin: 12px 0;""><div style=""font-size: 13px; color: #444; line-height: 1.4;""><b style=""color: #111;"">Explicació:</b> MAN.SVVH.000 v1.2026

2.1.1. Parts dels vehicles

Les parts dels vehicles sobre les quals Bombers treballa habitualment per obtenir espais amplis de rescat són elements estructurals o de revestiment.</div></div>","T32_-_Accidents_de_mobilitat_viaria","racord_2d8567f3-a8f0-41c1-8789-366e7f73f717"
"<div style=""text-align: left; font-family: -apple-system, sans-serif;""><div style=""font-size: 11px; color: #888; margin-bottom: 6px;"">[T32 - Accidents de mobilitat viària] Pregunta 422</div><div style=""font-weight: bold; font-size: 16px; margin-bottom: 14px; line-height: 1.4;"">Quan està indicada la maniobra d’abatiment de seient coneguda com a «catalana»?</div><div style=""font-size: 14px; line-height: 1.6;""><div style=""padding: 5px 0;""><b>A)</b> Quan el respatller es pot abatre convencionalment però es necessita més espai lateral</div><div style=""padding: 5px 0;""><b>B)</b> Quan les extremitats inferiors estan atrapades pels pedals</div><div style=""padding: 5px 0;""><b>C)</b> Quan el respatller no es pot abatre de manera convencional i cal crear espai</div><div style=""padding: 5px 0;""><b>D)</b> Quan el seient ha quedat desplaçat cap endavant i cal recuperar la seva posició</div></div></div>","<div style=""text-align: left; font-family: -apple-system, sans-serif;""><div style=""font-weight: bold; font-size: 16px; color: #10b981; margin-bottom: 8px;"">✓ Resposta Correcta: C</div><div style=""font-size: 14px; margin-bottom: 12px; padding: 10px; background: rgba(16,185,129,0.1); border-radius: 6px; border-left: 4px solid #10b981;"">C) Quan el respatller no es pot abatre de manera convencional i cal crear espai</div><hr style=""border: 0; border-top: 1px solid #ddd; margin: 12px 0;""><div style=""font-size: 13px; color: #444; line-height: 1.4;""><b style=""color: #111;"">Explicació:</b> MAN.SVVH.000 v1.2026

4.4. Maniobres complementàries — Abatiment de seient (catalana)

L’abatiment de seient, o catalana, crea espai a l’habitacle quan el respatller no es pot abatre de manera convencional, utilitzant cisalla o separador.</div></div>","T32_-_Accidents_de_mobilitat_viaria","racord_656a422f-e662-4492-b816-21ef8fb19d44"
"<div style=""text-align: left; font-family: -apple-system, sans-serif;""><div style=""font-size: 11px; color: #888; margin-bottom: 6px;"">[T32 - Accidents de mobilitat viària] Pregunta 423</div><div style=""font-weight: bold; font-size: 16px; margin-bottom: 14px; line-height: 1.4;"">A quin tipus de seguretat pertanyen les zones d’absorció d’impactes?</div><div style=""font-size: 14px; line-height: 1.6;""><div style=""padding: 5px 0;""><b>A)</b> A la seguretat terciària</div><div style=""padding: 5px 0;""><b>B)</b> A la seguretat secundària o passiva</div><div style=""padding: 5px 0;""><b>C)</b> A la seguretat primària o activa</div><div style=""padding: 5px 0;""><b>D)</b> A una categoria estructural independent de la seguretat passiva</div></div></div>","<div style=""text-align: left; font-family: -apple-system, sans-serif;""><div style=""font-weight: bold; font-size: 16px; color: #10b981; margin-bottom: 8px;"">✓ Resposta Correcta: B</div><div style=""font-size: 14px; margin-bottom: 12px; padding: 10px; background: rgba(16,185,129,0.1); border-radius: 6px; border-left: 4px solid #10b981;"">B) A la seguretat secundària o passiva</div><hr style=""border: 0; border-top: 1px solid #ddd; margin: 12px 0;""><div style=""font-size: 13px; color: #444; line-height: 1.4;""><b style=""color: #111;"">Explicació:</b> MAN.SVVH.000 v1.2026

2.1.4. Seguretat dels vehicles

Les zones d’absorció d’impactes són estructures deformables incloses en la seguretat passiva.</div></div>","T32_-_Accidents_de_mobilitat_viaria","racord_d941150e-c04d-4a95-aca4-3717f37d3681"
"<div style=""text-align: left; font-family: -apple-system, sans-serif;""><div style=""font-size: 11px; color: #888; margin-bottom: 6px;"">[T32 - Accidents de mobilitat viària] Pregunta 424</div><div style=""font-weight: bold; font-size: 16px; margin-bottom: 14px; line-height: 1.4;"">Quants bombers com a mínim han d’actuar sobre els ponts de roda en una estabilització manual d’emergència d’un vehicle en ordre de marxa?</div><div style=""font-size: 14px; line-height: 1.6;""><div style=""padding: 5px 0;""><b>A)</b> 4 bombers</div><div style=""padding: 5px 0;""><b>B)</b> 5 bombers</div><div style=""padding: 5px 0;""><b>C)</b> 3 bombers</div><div style=""padding: 5px 0;""><b>D)</b> 2 bombers per costat, sense un mínim total establert</div></div></div>","<div style=""text-align: left; font-family: -apple-system, sans-serif;""><div style=""font-weight: bold; font-size: 16px; color: #10b981; margin-bottom: 8px;"">✓ Resposta Correcta: A</div><div style=""font-size: 14px; margin-bottom: 12px; padding: 10px; background: rgba(16,185,129,0.1); border-radius: 6px; border-left: 4px solid #10b981;"">A) 4 bombers</div><hr style=""border: 0; border-top: 1px solid #ddd; margin: 12px 0;""><div style=""font-size: 13px; color: #444; line-height: 1.4;""><b style=""color: #111;"">Explicació:</b> MAN.SVVH.000 v1.2026

4.1.1. Estabilització manual d’emergència

En vehicles en ordre de marxa, l’estabilització manual d’emergència neutralitza els amortidors actuant sobre els ponts de roda amb un mínim de quatre bombers.</div></div>","T32_-_Accidents_de_mobilitat_viaria","racord_b145baa6-2220-4500-84d5-71abf7fc034e"
"<div style=""text-align: left; font-family: -apple-system, sans-serif;""><div style=""font-size: 11px; color: #888; margin-bottom: 6px;"">[T32 - Accidents de mobilitat viària] Pregunta 425</div><div style=""font-weight: bold; font-size: 16px; margin-bottom: 14px; line-height: 1.4;"">Una víctima té les cames comprimides entre el seient i el quadre de comandament deformats. Quina actuació serà necessària per alliberar-la?</div><div style=""font-size: 14px; line-height: 1.6;""><div style=""padding: 5px 0;""><b>A)</b> Aplicar una extracció immediata i confiar que la mobilització alliberi les extremitats</div><div style=""padding: 5px 0;""><b>B)</b> Desplaçar elements del vehicle</div><div style=""padding: 5px 0;""><b>C)</b> Crear espai al voltant de la víctima, evitant desplaçar els elements que la subjecten</div><div style=""padding: 5px 0;""><b>D)</b> Forçar únicament la via d’accés sense modificar els elements que comprimeixen les cames</div></div></div>","<div style=""text-align: left; font-family: -apple-system, sans-serif;""><div style=""font-weight: bold; font-size: 16px; color: #10b981; margin-bottom: 8px;"">✓ Resposta Correcta: B</div><div style=""font-size: 14px; margin-bottom: 12px; padding: 10px; background: rgba(16,185,129,0.1); border-radius: 6px; border-left: 4px solid #10b981;"">B) Desplaçar elements del vehicle</div><hr style=""border: 0; border-top: 1px solid #ddd; margin: 12px 0;""><div style=""font-size: 13px; color: #444; line-height: 1.4;""><b style=""color: #111;"">Explicació:</b> MAN.SVVH.000 v1.2026

3.2.4. Tipus d’atrapament

En l’atrapament físic 2 és imprescindible desplaçar elements del vehicle per alliberar la víctima.</div></div>","T32_-_Accidents_de_mobilitat_viaria","racord_8828f2a5-e969-4642-977f-e3f7f266f455"
"<div style=""text-align: left; font-family: -apple-system, sans-serif;""><div style=""font-size: 11px; color: #888; margin-bottom: 6px;"">[T32 - Accidents de mobilitat viària] Pregunta 426</div><div style=""font-weight: bold; font-size: 16px; margin-bottom: 14px; line-height: 1.4;"">En l’organització d’un accident de trànsit, on romanen els vehicles i mitjans necessaris per a l’actuació?</div><div style=""font-size: 14px; line-height: 1.6;""><div style=""padding: 5px 0;""><b>A)</b> A la transició entre zona calenta i zona tèbia, juntament amb el personal de relleu</div><div style=""padding: 5px 0;""><b>B)</b> A la zona freda, per mantenir-los fora de l’àrea de risc</div><div style=""padding: 5px 0;""><b>C)</b> A la zona calenta, si no interfereixen directament en les maniobres</div><div style=""padding: 5px 0;""><b>D)</b> A la zona tèbia</div></div></div>","<div style=""text-align: left; font-family: -apple-system, sans-serif;""><div style=""font-weight: bold; font-size: 16px; color: #10b981; margin-bottom: 8px;"">✓ Resposta Correcta: D</div><div style=""font-size: 14px; margin-bottom: 12px; padding: 10px; background: rgba(16,185,129,0.1); border-radius: 6px; border-left: 4px solid #10b981;"">D) A la zona tèbia</div><hr style=""border: 0; border-top: 1px solid #ddd; margin: 12px 0;""><div style=""font-size: 13px; color: #444; line-height: 1.4;""><b style=""color: #111;"">Explicació:</b> MAN.SVVH.000 v1.2026

5.1. Principis generals de seguretat — Organització de l’AGO

La zona tèbia és l’espai on romanen els vehicles i mitjans necessaris per a l’actuació.</div></div>","T32_-_Accidents_de_mobilitat_viaria","racord_3ee5c113-9ace-4995-acb8-554f2c145238"
"<div style=""text-align: left; font-family: -apple-system, sans-serif;""><div style=""font-size: 11px; color: #888; margin-bottom: 6px;"">[T32 - Accidents de mobilitat viària] Pregunta 427</div><div style=""font-weight: bold; font-size: 16px; margin-bottom: 14px; line-height: 1.4;"">En un desmunt lateral d’un turisme es retiren:</div><div style=""font-size: 14px; line-height: 1.6;""><div style=""padding: 5px 0;""><b>A)</b> Les portes, els vidres i el muntant B únicament</div><div style=""padding: 5px 0;""><b>B)</b> Els muntants i la talonera d’un lateral</div><div style=""padding: 5px 0;""><b>C)</b> Les portes i el sostre d’un lateral</div><div style=""padding: 5px 0;""><b>D)</b> Els muntants i les portes d’un lateral</div></div></div>","<div style=""text-align: left; font-family: -apple-system, sans-serif;""><div style=""font-weight: bold; font-size: 16px; color: #10b981; margin-bottom: 8px;"">✓ Resposta Correcta: D</div><div style=""font-size: 14px; margin-bottom: 12px; padding: 10px; background: rgba(16,185,129,0.1); border-radius: 6px; border-left: 4px solid #10b981;"">D) Els muntants i les portes d’un lateral</div><hr style=""border: 0; border-top: 1px solid #ddd; margin: 12px 0;""><div style=""font-size: 13px; color: #444; line-height: 1.4;""><b style=""color: #111;"">Explicació:</b> MAN.SVVH.000 v1.2026

4.2.3. Desmunts laterals

El desmunt lateral consisteix a retirar els muntants i les portes d’un dels costats del vehicle.</div></div>","T32_-_Accidents_de_mobilitat_viaria","racord_fa7797df-a453-440c-b1f3-7f53876ee0a5"
"<div style=""text-align: left; font-family: -apple-system, sans-serif;""><div style=""font-size: 11px; color: #888; margin-bottom: 6px;"">[T32 - Accidents de mobilitat viària] Pregunta 428</div><div style=""font-weight: bold; font-size: 16px; margin-bottom: 14px; line-height: 1.4;"">Quin avantatge ofereix una configuració autoportant?</div><div style=""font-size: 14px; line-height: 1.6;""><div style=""padding: 5px 0;""><b>A)</b> Permet separar fàcilment bastidor i superestructura en una reparació</div><div style=""padding: 5px 0;""><b>B)</b> Permet baixar el pis i optimitzar l’espai interior</div><div style=""padding: 5px 0;""><b>C)</b> Redueix la rigidesa global per afavorir la deformació de la carrosseria</div><div style=""padding: 5px 0;""><b>D)</b> Augmenta l’alçada del pis per protegir els sistemes mecànics</div></div></div>","<div style=""text-align: left; font-family: -apple-system, sans-serif;""><div style=""font-weight: bold; font-size: 16px; color: #10b981; margin-bottom: 8px;"">✓ Resposta Correcta: B</div><div style=""font-size: 14px; margin-bottom: 12px; padding: 10px; background: rgba(16,185,129,0.1); border-radius: 6px; border-left: 4px solid #10b981;"">B) Permet baixar el pis i optimitzar l’espai interior</div><hr style=""border: 0; border-top: 1px solid #ddd; margin: 12px 0;""><div style=""font-size: 13px; color: #444; line-height: 1.4;""><b style=""color: #111;"">Explicació:</b> MAN.SVVH.000 v1.2026

2.2.4. Disseny estructural: bastidor i superestructura

La configuració autoportant permet baixar el pis de l’habitacle i optimitzar l’espai interior.</div></div>","T32_-_Accidents_de_mobilitat_viaria","racord_4048859c-1b23-492f-a70a-07bce7029cbd"
"<div style=""text-align: left; font-family: -apple-system, sans-serif;""><div style=""font-size: 11px; color: #888; margin-bottom: 6px;"">[T32 - Accidents de mobilitat viària] Pregunta 429</div><div style=""font-weight: bold; font-size: 16px; margin-bottom: 14px; line-height: 1.4;"">Com treballen les frontisses de les portes laterals d'un vehicle?</div><div style=""font-size: 14px; line-height: 1.6;""><div style=""padding: 5px 0;""><b>A)</b> Verticalment i articulades amb els muntants</div><div style=""padding: 5px 0;""><b>B)</b> Horitzontalment i articulades amb els muntants</div><div style=""padding: 5px 0;""><b>C)</b> Verticalment i articulades amb els travessers</div><div style=""padding: 5px 0;""><b>D)</b> Horitzontalment i articulades amb el travesser posterior del sostre</div></div></div>","<div style=""text-align: left; font-family: -apple-system, sans-serif;""><div style=""font-weight: bold; font-size: 16px; color: #10b981; margin-bottom: 8px;"">✓ Resposta Correcta: A</div><div style=""font-size: 14px; margin-bottom: 12px; padding: 10px; background: rgba(16,185,129,0.1); border-radius: 6px; border-left: 4px solid #10b981;"">A) Verticalment i articulades amb els muntants</div><hr style=""border: 0; border-top: 1px solid #ddd; margin: 12px 0;""><div style=""font-size: 13px; color: #444; line-height: 1.4;""><b style=""color: #111;"">Explicació:</b> MAN.SVVH.000 v1.2026

2.1.1. Parts dels vehicles

En les portes laterals, les frontisses treballen verticalment i s’articulen amb els muntants.</div></div>","T32_-_Accidents_de_mobilitat_viaria","racord_4b8b556e-3bad-4e1c-bbca-83b00a8c5ec7"
"<div style=""text-align: left; font-family: -apple-system, sans-serif;""><div style=""font-size: 11px; color: #888; margin-bottom: 6px;"">[T32 - Accidents de mobilitat viària] Pregunta 430</div><div style=""font-weight: bold; font-size: 16px; margin-bottom: 14px; line-height: 1.4;"">En una col·lisió d'un turisme es detecta una fuita important de combustible sota el vehicle. Quina mesura de seguretat s’ha de preveure?</div><div style=""font-size: 14px; line-height: 1.6;""><div style=""padding: 5px 0;""><b>A)</b> Una línia d’autoprotecció només si la fuita ja presenta ignició</div><div style=""padding: 5px 0;""><b>B)</b> Una línia preventiva d’aigua després d’haver iniciat l’excarceració</div><div style=""padding: 5px 0;""><b>C)</b> Una línia d’autoprotecció si la fuita afecta directament la zona d’extracció, però no en altres casos</div><div style=""padding: 5px 0;""><b>D)</b> Una línia d’autoprotecció</div></div></div>","<div style=""text-align: left; font-family: -apple-system, sans-serif;""><div style=""font-weight: bold; font-size: 16px; color: #10b981; margin-bottom: 8px;"">✓ Resposta Correcta: D</div><div style=""font-size: 14px; margin-bottom: 12px; padding: 10px; background: rgba(16,185,129,0.1); border-radius: 6px; border-left: 4px solid #10b981;"">D) Una línia d’autoprotecció</div><hr style=""border: 0; border-top: 1px solid #ddd; margin: 12px 0;""><div style=""font-size: 13px; color: #444; line-height: 1.4;""><b style=""color: #111;"">Explicació:</b> MAN.SVVH.000 v1.2026

3.1. Anticipació i avaluació de riscos

Entre els riscos que cal detectar hi ha les fuites de combustible, oli, refrigerants o líquids perillosos, davant les quals es preveu una línia d’autoprotecció.</div></div>","T32_-_Accidents_de_mobilitat_viaria","racord_886a2ef5-1eb2-4751-8061-429511ec73c4"
"<div style=""text-align: left; font-family: -apple-system, sans-serif;""><div style=""font-size: 11px; color: #888; margin-bottom: 6px;"">[T32 - Accidents de mobilitat viària] Pregunta 431</div><div style=""font-weight: bold; font-size: 16px; margin-bottom: 14px; line-height: 1.4;"">Quina mesura redueix el risc de contacte amb cantells tallants després de retirar parts de la carrosseria?</div><div style=""font-size: 14px; line-height: 1.6;""><div style=""padding: 5px 0;""><b>A)</b> Cobrir únicament els cantells que quedin dins la via d’extracció</div><div style=""padding: 5px 0;""><b>B)</b> Col·locar proteccions toves als vidres i proteccions dures només a les eines</div><div style=""padding: 5px 0;""><b>C)</b> Col·locar proteccions toves i dures</div><div style=""padding: 5px 0;""><b>D)</b> Utilitzar proteccions dures als punts de tall i retirar les toves abans de mobilitzar la víctima</div></div></div>","<div style=""text-align: left; font-family: -apple-system, sans-serif;""><div style=""font-weight: bold; font-size: 16px; color: #10b981; margin-bottom: 8px;"">✓ Resposta Correcta: C</div><div style=""font-size: 14px; margin-bottom: 12px; padding: 10px; background: rgba(16,185,129,0.1); border-radius: 6px; border-left: 4px solid #10b981;"">C) Col·locar proteccions toves i dures</div><hr style=""border: 0; border-top: 1px solid #ddd; margin: 12px 0;""><div style=""font-size: 13px; color: #444; line-height: 1.4;""><b style=""color: #111;"">Explicació:</b> MAN.SVVH.000 v1.2026

5.2. Riscos específics i mesures preventives — Vidres, xapes i talls

Les proteccions toves i dures serveixen per controlar el risc associat a cantells, xapes i zones tallants.</div></div>","T32_-_Accidents_de_mobilitat_viaria","racord_65599709-40c8-43fd-b398-58adc81baf98"
"<div style=""text-align: left; font-family: -apple-system, sans-serif;""><div style=""font-size: 11px; color: #888; margin-bottom: 6px;"">[T32 - Accidents de mobilitat viària] Pregunta 432</div><div style=""font-weight: bold; font-size: 16px; margin-bottom: 14px; line-height: 1.4;"">Quines conseqüències pot provocar un moviment inesperat d’un vehicle accidentat inestable?</div><div style=""font-size: 14px; line-height: 1.6;""><div style=""padding: 5px 0;""><b>A)</b> Desplaçaments sobtats, atrapaments o caigudes</div><div style=""padding: 5px 0;""><b>B)</b> Desplaçaments sobtats i atrapaments, però no caigudes si el vehicle ja està immobilitzat parcialment</div><div style=""padding: 5px 0;""><b>C)</b> Atrapaments o caigudes únicament dels intervinents situats a la zona calenta</div><div style=""padding: 5px 0;""><b>D)</b> Desplaçaments de la càrrega sense moviment rellevant de l’estructura del vehicle</div></div></div>","<div style=""text-align: left; font-family: -apple-system, sans-serif;""><div style=""font-weight: bold; font-size: 16px; color: #10b981; margin-bottom: 8px;"">✓ Resposta Correcta: A</div><div style=""font-size: 14px; margin-bottom: 12px; padding: 10px; background: rgba(16,185,129,0.1); border-radius: 6px; border-left: 4px solid #10b981;"">A) Desplaçaments sobtats, atrapaments o caigudes</div><hr style=""border: 0; border-top: 1px solid #ddd; margin: 12px 0;""><div style=""font-size: 13px; color: #444; line-height: 1.4;""><b style=""color: #111;"">Explicació:</b> MAN.SVVH.000 v1.2026

5.2. Riscos específics i mesures preventives — Inestabilitat del vehicle

Els vehicles bolcats, encastats o en posicions inestables poden patir moviments sobtats que provoquin atrapaments o caigudes.</div></div>","T32_-_Accidents_de_mobilitat_viaria","racord_572d9b31-a365-461a-801a-87d951662383"
"<div style=""text-align: left; font-family: -apple-system, sans-serif;""><div style=""font-size: 11px; color: #888; margin-bottom: 6px;"">[T32 - Accidents de mobilitat viària] Pregunta 433</div><div style=""font-weight: bold; font-size: 16px; margin-bottom: 14px; line-height: 1.4;"">Quina relació entre capcineig i balanceig és correcta?</div><div style=""font-size: 14px; line-height: 1.6;""><div style=""padding: 5px 0;""><b>A)</b> Tots dos són rotacions al voltant d’un eix vertical</div><div style=""padding: 5px 0;""><b>B)</b> Tots dos són desplaçaments longitudinals amb diferent intensitat</div><div style=""padding: 5px 0;""><b>C)</b> El capcineig és endavant-endarrere i el balanceig dreta-esquerra</div><div style=""padding: 5px 0;""><b>D)</b> El capcineig és dreta-esquerra i el balanceig endavant-endarrere</div></div></div>","<div style=""text-align: left; font-family: -apple-system, sans-serif;""><div style=""font-weight: bold; font-size: 16px; color: #10b981; margin-bottom: 8px;"">✓ Resposta Correcta: C</div><div style=""font-size: 14px; margin-bottom: 12px; padding: 10px; background: rgba(16,185,129,0.1); border-radius: 6px; border-left: 4px solid #10b981;"">C) El capcineig és endavant-endarrere i el balanceig dreta-esquerra</div><hr style=""border: 0; border-top: 1px solid #ddd; margin: 12px 0;""><div style=""font-size: 13px; color: #444; line-height: 1.4;""><b style=""color: #111;"">Explicació:</b> MAN.SVVH.000 v1.2026

2.1.3. Moviments possibles d’un vehicle en ordre de marxa

El capcineig es produeix endavant i endarrere, mentre que el balanceig es produeix a dreta i esquerra.</div></div>","T32_-_Accidents_de_mobilitat_viaria","racord_fc273006-8e1c-403a-8b8f-178ae1eb7e23"
"<div style=""text-align: left; font-family: -apple-system, sans-serif;""><div style=""font-size: 11px; color: #888; margin-bottom: 6px;"">[T32 - Accidents de mobilitat viària] Pregunta 434</div><div style=""font-weight: bold; font-size: 16px; margin-bottom: 14px; line-height: 1.4;"">Com poden ser els sistemes d’obertura de les portes d’un tren?</div><div style=""font-size: 14px; line-height: 1.6;""><div style=""padding: 5px 0;""><b>A)</b> Automàtics des de cada porta o manuals sense mecanisme d’emergència</div><div style=""padding: 5px 0;""><b>B)</b> Automàtics des de cabina o manuals amb mecanismes d’emergència</div><div style=""padding: 5px 0;""><b>C)</b> Sempre automàtics i controlats des de la cabina</div><div style=""padding: 5px 0;""><b>D)</b> Manuals des de l’exterior o pneumàtics des del bogi</div></div></div>","<div style=""text-align: left; font-family: -apple-system, sans-serif;""><div style=""font-weight: bold; font-size: 16px; color: #10b981; margin-bottom: 8px;"">✓ Resposta Correcta: B</div><div style=""font-size: 14px; margin-bottom: 12px; padding: 10px; background: rgba(16,185,129,0.1); border-radius: 6px; border-left: 4px solid #10b981;"">B) Automàtics des de cabina o manuals amb mecanismes d’emergència</div><hr style=""border: 0; border-top: 1px solid #ddd; margin: 12px 0;""><div style=""font-size: 13px; color: #444; line-height: 1.4;""><b style=""color: #111;"">Explicació:</b> MAN.SVVH.000 v1.2026

2.4.5. Consideracions operatives bàsiques

Les portes dels trens poden ser automàtiques i controlades des de la cabina o manuals amb mecanismes d’emergència.</div></div>","T32_-_Accidents_de_mobilitat_viaria","racord_85e54a0c-6519-4b42-8075-f5454303ab66"
"<div style=""text-align: left; font-family: -apple-system, sans-serif;""><div style=""font-size: 11px; color: #888; margin-bottom: 6px;"">[T32 - Accidents de mobilitat viària] Pregunta 435</div><div style=""font-weight: bold; font-size: 16px; margin-bottom: 14px; line-height: 1.4;"">En trencar-se un vidre laminat:</div><div style=""font-size: 14px; line-height: 1.6;""><div style=""padding: 5px 0;""><b>A)</b> Els fragments queden units principalment al marc de la carrosseria</div><div style=""padding: 5px 0;""><b>B)</b> Queden adherits a la làmina intermèdia</div><div style=""padding: 5px 0;""><b>C)</b> Es fragmenta en petits trossos que se separen completament</div><div style=""padding: 5px 0;""><b>D)</b> Les dues capes se separen i generen fragments grans independents</div></div></div>","<div style=""text-align: left; font-family: -apple-system, sans-serif;""><div style=""font-weight: bold; font-size: 16px; color: #10b981; margin-bottom: 8px;"">✓ Resposta Correcta: B</div><div style=""font-size: 14px; margin-bottom: 12px; padding: 10px; background: rgba(16,185,129,0.1); border-radius: 6px; border-left: 4px solid #10b981;"">B) Queden adherits a la làmina intermèdia</div><hr style=""border: 0; border-top: 1px solid #ddd; margin: 12px 0;""><div style=""font-size: 13px; color: #444; line-height: 1.4;""><b style=""color: #111;"">Explicació:</b> MAN.SVVH.000 v1.2026

2.1.1. Parts dels vehicles

Quan un vidre laminat es trenca, els fragments queden adherits i se’n redueix el risc de lesions.</div></div>","T32_-_Accidents_de_mobilitat_viaria","racord_1513679b-a502-471c-8755-fd209cd0c9ae"
"<div style=""text-align: left; font-family: -apple-system, sans-serif;""><div style=""font-size: 11px; color: #888; margin-bottom: 6px;"">[T32 - Accidents de mobilitat viària] Pregunta 436</div><div style=""font-weight: bold; font-size: 16px; margin-bottom: 14px; line-height: 1.4;"">Quin efecte pot tenir el sistema de propulsió sobre una intervenció?</div><div style=""font-size: 14px; line-height: 1.6;""><div style=""padding: 5px 0;""><b>A)</b> Defineix el nivell de seguretat passiva de la carrosseria</div><div style=""padding: 5px 0;""><b>B)</b> Pot modificar únicament les necessitats d’estabilització</div><div style=""padding: 5px 0;""><b>C)</b> Determina per si sol la via d’extracció més adequada</div><div style=""padding: 5px 0;""><b>D)</b> Pot modificar les condicions de risc</div></div></div>","<div style=""text-align: left; font-family: -apple-system, sans-serif;""><div style=""font-weight: bold; font-size: 16px; color: #10b981; margin-bottom: 8px;"">✓ Resposta Correcta: D</div><div style=""font-size: 14px; margin-bottom: 12px; padding: 10px; background: rgba(16,185,129,0.1); border-radius: 6px; border-left: 4px solid #10b981;"">D) Pot modificar les condicions de risc</div><hr style=""border: 0; border-top: 1px solid #ddd; margin: 12px 0;""><div style=""font-size: 13px; color: #444; line-height: 1.4;""><b style=""color: #111;"">Explicació:</b> MAN.SVVH.000 v1.2026

2.1.2. Sistemes de propulsió

Cada sistema de propulsió presenta característiques pròpies que poden influir en les condicions de risc.</div></div>","T32_-_Accidents_de_mobilitat_viaria","racord_e8add0d8-8b26-46a2-9a96-69b89578387a"
"<div style=""text-align: left; font-family: -apple-system, sans-serif;""><div style=""font-size: 11px; color: #888; margin-bottom: 6px;"">[T32 - Accidents de mobilitat viària] Pregunta 437</div><div style=""font-weight: bold; font-size: 16px; margin-bottom: 14px; line-height: 1.4;"">Quan es considera que un vehicle accidentat està en ordre de marxa?</div><div style=""font-size: 14px; line-height: 1.6;""><div style=""padding: 5px 0;""><b>A)</b> Quan queda aturat sobre les quatre rodes</div><div style=""padding: 5px 0;""><b>B)</b> Quan queda aturat sobre les quatre rodes i manté la direcció original</div><div style=""padding: 5px 0;""><b>C)</b> Quan queda recolzat sobre quatre punts encara que dues rodes no toquin terra</div><div style=""padding: 5px 0;""><b>D)</b> Quan pot circular pels seus propis mitjans després de l’accident</div></div></div>","<div style=""text-align: left; font-family: -apple-system, sans-serif;""><div style=""font-weight: bold; font-size: 16px; color: #10b981; margin-bottom: 8px;"">✓ Resposta Correcta: A</div><div style=""font-size: 14px; margin-bottom: 12px; padding: 10px; background: rgba(16,185,129,0.1); border-radius: 6px; border-left: 4px solid #10b981;"">A) Quan queda aturat sobre les quatre rodes</div><hr style=""border: 0; border-top: 1px solid #ddd; margin: 12px 0;""><div style=""font-size: 13px; color: #444; line-height: 1.4;""><b style=""color: #111;"">Explicació:</b> MAN.SVVH.000 v1.2026

3.2.2. Posicions dels vehicles després d��un accident de mobilitat viària

Un vehicle en ordre de marxa és aquell que queda aturat sobre les quatre rodes.</div></div>","T32_-_Accidents_de_mobilitat_viaria","racord_3697e825-9fdd-40c3-bd79-59974f8aef1d"
"<div style=""text-align: left; font-family: -apple-system, sans-serif;""><div style=""font-size: 11px; color: #888; margin-bottom: 6px;"">[T32 - Accidents de mobilitat viària] Pregunta 438</div><div style=""font-weight: bold; font-size: 16px; margin-bottom: 14px; line-height: 1.4;"">La gran distància de frenada d’un tren es deu principalment a:</div><div style=""font-size: 14px; line-height: 1.6;""><div style=""padding: 5px 0;""><b>A)</b> A l’adherència limitada roda-rail, independentment de la massa</div><div style=""padding: 5px 0;""><b>B)</b> Al retard dels sistemes de frenada entre la locomotora i els vagons</div><div style=""padding: 5px 0;""><b>C)</b> A la longitud de la composició, encara que la massa total sigui reduïda</div><div style=""padding: 5px 0;""><b>D)</b> Per la seva gran massa i inèrcia</div></div></div>","<div style=""text-align: left; font-family: -apple-system, sans-serif;""><div style=""font-weight: bold; font-size: 16px; color: #10b981; margin-bottom: 8px;"">✓ Resposta Correcta: D</div><div style=""font-size: 14px; margin-bottom: 12px; padding: 10px; background: rgba(16,185,129,0.1); border-radius: 6px; border-left: 4px solid #10b981;"">D) Per la seva gran massa i inèrcia</div><hr style=""border: 0; border-top: 1px solid #ddd; margin: 12px 0;""><div style=""font-size: 13px; color: #444; line-height: 1.4;""><b style=""color: #111;"">Explicació:</b> MAN.SVVH.000 v1.2026

2.4.4. Sistemes de frenada i inèrcia

La gran massa i inèrcia dels trens fan que la distància de frenada sigui molt superior a la d’un vehicle de carretera.</div></div>","T32_-_Accidents_de_mobilitat_viaria","racord_a73f406a-4c6f-443d-b588-6785ac3b4efd"
"<div style=""text-align: left; font-family: -apple-system, sans-serif;""><div style=""font-size: 11px; color: #888; margin-bottom: 6px;"">[T32 - Accidents de mobilitat viària] Pregunta 439</div><div style=""font-weight: bold; font-size: 16px; margin-bottom: 14px; line-height: 1.4;"">Quin objectiu té un desmunt lateral en un accident de trànsit?</div><div style=""font-size: 14px; line-height: 1.6;""><div style=""padding: 5px 0;""><b>A)</b> Crear una gran via d’accés lateral per mobilitzar i extreure víctimes</div><div style=""padding: 5px 0;""><b>B)</b> Crear una via lateral limitada a les places davanteres</div><div style=""padding: 5px 0;""><b>C)</b> Retirar portes sense afectar els muntants per mantenir la rigidesa</div><div style=""padding: 5px 0;""><b>D)</b> Crear espai lateral principalment per a l’accés sanitari, no per a l’extracció</div></div></div>","<div style=""text-align: left; font-family: -apple-system, sans-serif;""><div style=""font-weight: bold; font-size: 16px; color: #10b981; margin-bottom: 8px;"">✓ Resposta Correcta: A</div><div style=""font-size: 14px; margin-bottom: 12px; padding: 10px; background: rgba(16,185,129,0.1); border-radius: 6px; border-left: 4px solid #10b981;"">A) Crear una gran via d’accés lateral per mobilitzar i extreure víctimes</div><hr style=""border: 0; border-top: 1px solid #ddd; margin: 12px 0;""><div style=""font-size: 13px; color: #444; line-height: 1.4;""><b style=""color: #111;"">Explicació:</b> MAN.SVVH.000 v1.2026

4.2.3. Desmunts laterals

El desmunt lateral crea una gran via d’accés per facilitar la mobilització i l’extracció des de qualsevol seient.</div></div>","T32_-_Accidents_de_mobilitat_viaria","racord_463f07e5-5db9-43ae-a478-ad55d2f99ecc"
"<div style=""text-align: left; font-family: -apple-system, sans-serif;""><div style=""font-size: 11px; color: #888; margin-bottom: 6px;"">[T32 - Accidents de mobilitat viària] Pregunta 440</div><div style=""font-weight: bold; font-size: 16px; margin-bottom: 14px; line-height: 1.4;"">Quin risc específic presenten els circuits d’alta tensió d’un vehicle híbrid o elèctric accidentat?</div><div style=""font-size: 14px; line-height: 1.6;""><div style=""padding: 5px 0;""><b>A)</b> Electrocució, encara que el circuit d’alta tensió no presenti danys visibles</div><div style=""padding: 5px 0;""><b>B)</b> Electrocució</div><div style=""padding: 5px 0;""><b>C)</b> Risc elèctric exclusivament si el vehicle continua en ordre de marxa</div><div style=""padding: 5px 0;""><b>D)</b> Electrocució i arc elèctric només quan la bateria està físicament deformada</div></div></div>","<div style=""text-align: left; font-family: -apple-system, sans-serif;""><div style=""font-weight: bold; font-size: 16px; color: #10b981; margin-bottom: 8px;"">✓ Resposta Correcta: B</div><div style=""font-size: 14px; margin-bottom: 12px; padding: 10px; background: rgba(16,185,129,0.1); border-radius: 6px; border-left: 4px solid #10b981;"">B) Electrocució</div><hr style=""border: 0; border-top: 1px solid #ddd; margin: 12px 0;""><div style=""font-size: 13px; color: #444; line-height: 1.4;""><b style=""color: #111;"">Explicació:</b> MAN.SVVH.000 v1.2026

5.2. Riscos específics i mesures preventives — Risc elèctric

Els vehicles híbrids i elèctrics poden incorporar circuits d’alta tensió capaços de provocar electrocució si es manipulen incorrectament.</div></div>","T32_-_Accidents_de_mobilitat_viaria","racord_02e9826e-2364-4a93-bf56-e71c96c1c3e3"
"<div style=""text-align: left; font-family: -apple-system, sans-serif;""><div style=""font-size: 11px; color: #888; margin-bottom: 6px;"">[T32 - Accidents de mobilitat viària] Pregunta 441</div><div style=""font-weight: bold; font-size: 16px; margin-bottom: 14px; line-height: 1.4;"">Indica quina de les següents afirmacions és INCORRECTA respecte de la senyalització de l’escenari en un accident de trànsit:</div><div style=""font-size: 14px; line-height: 1.6;""><div style=""padding: 5px 0;""><b>A)</b> Els vehicles de protecció poden formar part de la senyalització de la zona de treball</div><div style=""padding: 5px 0;""><b>B)</b> La senyalització visual de l’escenari s’ha de fer només amb cons i balises, sense utilitzar vehicles de protecció</div><div style=""padding: 5px 0;""><b>C)</b> Els cons i les balises poden formar part de la senyalització visual de la zona de treball</div><div style=""padding: 5px 0;""><b>D)</b> Els llums rotatius poden utilitzar-se per reforçar la visibilitat de l’escenari</div></div></div>","<div style=""text-align: left; font-family: -apple-system, sans-serif;""><div style=""font-weight: bold; font-size: 16px; color: #10b981; margin-bottom: 8px;"">✓ Resposta Correcta: B</div><div style=""font-size: 14px; margin-bottom: 12px; padding: 10px; background: rgba(16,185,129,0.1); border-radius: 6px; border-left: 4px solid #10b981;"">B) La senyalització visual de l’escenari s’ha de fer només amb cons i balises, sense utilitzar vehicles de protecció</div><hr style=""border: 0; border-top: 1px solid #ddd; margin: 12px 0;""><div style=""font-size: 13px; color: #444; line-height: 1.4;""><b style=""color: #111;"">Explicació:</b> MAN.SVVH.000 v1.2026

5.1. Principis generals de seguretat

La zona de treball s’ha de senyalitzar visualment amb cons, balises, llums rotatives o vehicles de protecció.</div></div>","T32_-_Accidents_de_mobilitat_viaria","racord_dae5897a-57bf-4cba-9b1f-2f5b74d5124e"
"<div style=""text-align: left; font-family: -apple-system, sans-serif;""><div style=""font-size: 11px; color: #888; margin-bottom: 6px;"">[T32 - Accidents de mobilitat viària] Pregunta 442</div><div style=""font-weight: bold; font-size: 16px; margin-bottom: 14px; line-height: 1.4;"">La finalitat d’un enfocament general i operatiu dels accidents de mobilitat és:</div><div style=""font-size: 14px; line-height: 1.6;""><div style=""padding: 5px 0;""><b>A)</b> Establir criteris específics de rescat i excarceració per a cada tipus de vehicle</div><div style=""padding: 5px 0;""><b>B)</b> Delimitar les competències dels serveis d’emergència que intervenen en els accidents de mobilitat</div><div style=""padding: 5px 0;""><b>C)</b> Definir un procediment operatiu únic i vinculant per a qualsevol accident de mobilitat</div><div style=""padding: 5px 0;""><b>D)</b> Oferir una visió general i operativa dels aspectes essencials que intervenen en els accidents de mobilitat</div></div></div>","<div style=""text-align: left; font-family: -apple-system, sans-serif;""><div style=""font-weight: bold; font-size: 16px; color: #10b981; margin-bottom: 8px;"">✓ Resposta Correcta: D</div><div style=""font-size: 14px; margin-bottom: 12px; padding: 10px; background: rgba(16,185,129,0.1); border-radius: 6px; border-left: 4px solid #10b981;"">D) Oferir una visió general i operativa dels aspectes essencials que intervenen en els accidents de mobilitat</div><hr style=""border: 0; border-top: 1px solid #ddd; margin: 12px 0;""><div style=""font-size: 13px; color: #444; line-height: 1.4;""><b style=""color: #111;"">Explicació:</b> MAN.SVVH.000 v1.2026

1.1. Context de la mobilitat a Catalunya

Aquest manual té com a finalitat oferir una visió general i operativa sobre els aspectes essencials que intervenen en els accidents de mobilitat.</div></div>","T32_-_Accidents_de_mobilitat_viaria","racord_14e1ec48-ab9d-4552-b7e2-c74025e39ccb"
"<div style=""text-align: left; font-family: -apple-system, sans-serif;""><div style=""font-size: 11px; color: #888; margin-bottom: 6px;"">[T32 - Accidents de mobilitat viària] Pregunta 443</div><div style=""font-weight: bold; font-size: 16px; margin-bottom: 14px; line-height: 1.4;"">Un ocupant sense cinturó pateix un impacte a 35 km/h. Com s’ha de considerar des del punt de vista de l’energia de l’impacte?</div><div style=""font-size: 14px; line-height: 1.6;""><div style=""padding: 5px 0;""><b>A)</b> Com un indicador d’impacte d’alta energia</div><div style=""padding: 5px 0;""><b>B)</b> Com un impacte d’alta energia únicament si hi ha expulsió de l’ocupant</div><div style=""padding: 5px 0;""><b>C)</b> Com un impacte d’alta energia només si hi ha deformacions evidents</div><div style=""padding: 5px 0;""><b>D)</b> Com un impacte no necessàriament d’alta energia, perquè el llindar sense cinturó és 45 km/h</div></div></div>","<div style=""text-align: left; font-family: -apple-system, sans-serif;""><div style=""font-weight: bold; font-size: 16px; color: #10b981; margin-bottom: 8px;"">✓ Resposta Correcta: A</div><div style=""font-size: 14px; margin-bottom: 12px; padding: 10px; background: rgba(16,185,129,0.1); border-radius: 6px; border-left: 4px solid #10b981;"">A) Com un indicador d’impacte d’alta energia</div><hr style=""border: 0; border-top: 1px solid #ddd; margin: 12px 0;""><div style=""font-size: 13px; color: #444; line-height: 1.4;""><b style=""color: #111;"">Explicació:</b> MAN.SVVH.000 v1.2026

3.2.6. Biomecànica de l’accident de trànsit

Es considera indicador d’impacte d’alta energia circular a més de 30 km/h sense cinturó o SRI, o a més de 45 km/h amb cinturó o SRI.</div></div>","T32_-_Accidents_de_mobilitat_viaria","racord_a9cf8052-48d1-4b92-b55d-f4b9c1680902"
"<div style=""text-align: left; font-family: -apple-system, sans-serif;""><div style=""font-size: 11px; color: #888; margin-bottom: 6px;"">[T32 - Accidents de mobilitat viària] Pregunta 444</div><div style=""font-weight: bold; font-size: 16px; margin-bottom: 14px; line-height: 1.4;"">Les intervencions del Cos de Bombers en accidents de mobilitat han de tendir a ser:</div><div style=""font-size: 14px; line-height: 1.6;""><div style=""padding: 5px 0;""><b>A)</b> Més segures, ràpides, especialitzades i coordinades</div><div style=""padding: 5px 0;""><b>B)</b> Més segures, de qualitat, eficients i coordinades</div><div style=""padding: 5px 0;""><b>C)</b> Més segures, eficients, autònomes i coordinades</div><div style=""padding: 5px 0;""><b>D)</b> Més eficients, de qualitat, descentralitzades i independents</div></div></div>","<div style=""text-align: left; font-family: -apple-system, sans-serif;""><div style=""font-weight: bold; font-size: 16px; color: #10b981; margin-bottom: 8px;"">✓ Resposta Correcta: B</div><div style=""font-size: 14px; margin-bottom: 12px; padding: 10px; background: rgba(16,185,129,0.1); border-radius: 6px; border-left: 4px solid #10b981;"">B) Més segures, de qualitat, eficients i coordinades</div><hr style=""border: 0; border-top: 1px solid #ddd; margin: 12px 0;""><div style=""font-size: 13px; color: #444; line-height: 1.4;""><b style=""color: #111;"">Explicació:</b> MAN.SVVH.000 v1.2026

1.1. Context de la mobilitat a Catalunya

Es promou que les intervencions del Cos de Bombers en accidents de mobilitat siguin actuacions més segures, de qualitat, eficients i coordinades.</div></div>","T32_-_Accidents_de_mobilitat_viaria","racord_056dd7fd-8691-4a7b-a9ad-0bf8d631548a"
"<div style=""text-align: left; font-family: -apple-system, sans-serif;""><div style=""font-size: 11px; color: #888; margin-bottom: 6px;"">[T32 - Accidents de mobilitat viària] Pregunta 445</div><div style=""font-weight: bold; font-size: 16px; margin-bottom: 14px; line-height: 1.4;"">Quin factor organitzatiu és essencial quan en un accident de trànsit intervenen Bombers, SEM, policia i serveis viaris?</div><div style=""font-size: 14px; line-height: 1.6;""><div style=""padding: 5px 0;""><b>A)</b> Una direcció única de totes les tasques per part del primer servei que arriba</div><div style=""padding: 5px 0;""><b>B)</b> Una distribució de funcions per serveis sense necessitat de compartir informació operativa</div><div style=""padding: 5px 0;""><b>C)</b> Una comunicació i coordinació efectives entre els serveis</div><div style=""padding: 5px 0;""><b>D)</b> Una coordinació inicial entre serveis, mantenint després actuacions independents</div></div></div>","<div style=""text-align: left; font-family: -apple-system, sans-serif;""><div style=""font-weight: bold; font-size: 16px; color: #10b981; margin-bottom: 8px;"">✓ Resposta Correcta: C</div><div style=""font-size: 14px; margin-bottom: 12px; padding: 10px; background: rgba(16,185,129,0.1); border-radius: 6px; border-left: 4px solid #10b981;"">C) Una comunicació i coordinació efectives entre els serveis</div><hr style=""border: 0; border-top: 1px solid #ddd; margin: 12px 0;""><div style=""font-size: 13px; color: #444; line-height: 1.4;""><b style=""color: #111;"">Explicació:</b> MAN.SVVH.000 v1.2026

5.1. Principis generals de seguretat — Coordinació

La seguretat depèn d’una bona comunicació i coordinació amb Mossos d’Esquadra, SEM, policies locals i serveis viaris.</div></div>","T32_-_Accidents_de_mobilitat_viaria","racord_f983b1a6-5358-4c67-9aa5-01e236092dd4"
"<div style=""text-align: left; font-family: -apple-system, sans-serif;""><div style=""font-size: 11px; color: #888; margin-bottom: 6px;"">[T32 - Accidents de mobilitat viària] Pregunta 446</div><div style=""font-weight: bold; font-size: 16px; margin-bottom: 14px; line-height: 1.4;"">Quin risc destaca en els camions cisterna?</div><div style=""font-size: 14px; line-height: 1.6;""><div style=""padding: 5px 0;""><b>A)</b> La forma tancada impedeix fuites mentre el vehicle manté pressió</div><div style=""padding: 5px 0;""><b>B)</b> El risc químic només apareix si la cisterna ha bolcat</div><div style=""padding: 5px 0;""><b>C)</b> El contingut pot ser inflamable, tòxic o corrosiu</div><div style=""padding: 5px 0;""><b>D)</b> La càrrega pot desplaçar-se lliurement perquè és sempre sòlida</div></div></div>","<div style=""text-align: left; font-family: -apple-system, sans-serif;""><div style=""font-weight: bold; font-size: 16px; color: #10b981; margin-bottom: 8px;"">✓ Resposta Correcta: C</div><div style=""font-size: 14px; margin-bottom: 12px; padding: 10px; background: rgba(16,185,129,0.1); border-radius: 6px; border-left: 4px solid #10b981;"">C) El contingut pot ser inflamable, tòxic o corrosiu</div><hr style=""border: 0; border-top: 1px solid #ddd; margin: 12px 0;""><div style=""font-size: 13px; color: #444; line-height: 1.4;""><b style=""color: #111;"">Explicació:</b> MAN.SVVH.000 v1.2026

2.3.3. Sistemes de càrrega i tipus de contenidor

Els camions cisterna transporten líquids o gasos i poden ser molt perillosos si el contingut és inflamable, tòxic o corrosiu.</div></div>","T32_-_Accidents_de_mobilitat_viaria","racord_6566d09a-967f-423c-a53b-b0c0794c390f"
"<div style=""text-align: left; font-family: -apple-system, sans-serif;""><div style=""font-size: 11px; color: #888; margin-bottom: 6px;"">[T32 - Accidents de mobilitat viària] Pregunta 447</div><div style=""font-weight: bold; font-size: 16px; margin-bottom: 14px; line-height: 1.4;"">Quins riscos es redueixen amb una correcta delimitació i senyalització de l’escenari viari?</div><div style=""font-size: 14px; line-height: 1.6;""><div style=""padding: 5px 0;""><b>A)</b> Atropellaments, interferències amb el trànsit i moviments imprevistos dels vehicles</div><div style=""padding: 5px 0;""><b>B)</b> Interferències amb el trànsit, intrusions incontrolades i risc elèctric</div><div style=""padding: 5px 0;""><b>C)</b> Atropellaments, intrusions incontrolades i lesions per eines de rescat</div><div style=""padding: 5px 0;""><b>D)</b> Atropellaments, interferències amb el trànsit i intrusions incontrolades</div></div></div>","<div style=""text-align: left; font-family: -apple-system, sans-serif;""><div style=""font-weight: bold; font-size: 16px; color: #10b981; margin-bottom: 8px;"">✓ Resposta Correcta: D</div><div style=""font-size: 14px; margin-bottom: 12px; padding: 10px; background: rgba(16,185,129,0.1); border-radius: 6px; border-left: 4px solid #10b981;"">D) Atropellaments, interferències amb el trànsit i intrusions incontrolades</div><hr style=""border: 0; border-top: 1px solid #ddd; margin: 12px 0;""><div style=""font-size: 13px; color: #444; line-height: 1.4;""><b style=""color: #111;"">Explicació:</b> MAN.SVVH.000 v1.2026

5.1. Principis generals de seguretat

La delimitació i la senyalització de l’escenari redueixen el risc d’atropellaments, interferències amb el trànsit i intrusions incontrolades.</div></div>","T32_-_Accidents_de_mobilitat_viaria","racord_318e34f3-e2b0-4534-8367-385395110a41"
"<div style=""text-align: left; font-family: -apple-system, sans-serif;""><div style=""font-size: 11px; color: #888; margin-bottom: 6px;"">[T32 - Accidents de mobilitat viària] Pregunta 448</div><div style=""font-weight: bold; font-size: 16px; margin-bottom: 14px; line-height: 1.4;"">On s’utilitzen habitualment els vidres temperats en un vehicle?</div><div style=""font-size: 14px; line-height: 1.6;""><div style=""padding: 5px 0;""><b>A)</b> En el parabrisa i en la lluna posterior</div><div style=""padding: 5px 0;""><b>B)</b> En el parabrisa i en les finestretes davanteres</div><div style=""padding: 5px 0;""><b>C)</b> Principalment en sostres panoràmics i llunes fixes</div><div style=""padding: 5px 0;""><b>D)</b> En finestretes i llunes posteriors</div></div></div>","<div style=""text-align: left; font-family: -apple-system, sans-serif;""><div style=""font-weight: bold; font-size: 16px; color: #10b981; margin-bottom: 8px;"">✓ Resposta Correcta: D</div><div style=""font-size: 14px; margin-bottom: 12px; padding: 10px; background: rgba(16,185,129,0.1); border-radius: 6px; border-left: 4px solid #10b981;"">D) En finestretes i llunes posteriors</div><hr style=""border: 0; border-top: 1px solid #ddd; margin: 12px 0;""><div style=""font-size: 13px; color: #444; line-height: 1.4;""><b style=""color: #111;"">Explicació:</b> MAN.SVVH.000 v1.2026

2.1.1. Parts dels vehicles

Els vidres temperats es fragmenten en múltiples trossos petits i es fan servir en finestretes i llunes posteriors.</div></div>","T32_-_Accidents_de_mobilitat_viaria","racord_1e7184b4-28b3-45e4-9209-8925ec95df8d"
"<div style=""text-align: left; font-family: -apple-system, sans-serif;""><div style=""font-size: 11px; color: #888; margin-bottom: 6px;"">[T32 - Accidents de mobilitat viària] Pregunta 449</div><div style=""font-weight: bold; font-size: 16px; margin-bottom: 14px; line-height: 1.4;"">Balanceig i capcineig comparteixen que:</div><div style=""font-size: 14px; line-height: 1.6;""><div style=""padding: 5px 0;""><b>A)</b> Són moviments pivotants sense desplaçament longitudinal</div><div style=""padding: 5px 0;""><b>B)</b> Són moviments lineals sense canvi d’orientació</div><div style=""padding: 5px 0;""><b>C)</b> Es produeixen sobre el mateix eix vertical</div><div style=""padding: 5px 0;""><b>D)</b> Impliquen alhora desplaçament longitudinal i rotació</div></div></div>","<div style=""text-align: left; font-family: -apple-system, sans-serif;""><div style=""font-weight: bold; font-size: 16px; color: #10b981; margin-bottom: 8px;"">✓ Resposta Correcta: A</div><div style=""font-size: 14px; margin-bottom: 12px; padding: 10px; background: rgba(16,185,129,0.1); border-radius: 6px; border-left: 4px solid #10b981;"">A) Són moviments pivotants sense desplaçament longitudinal</div><hr style=""border: 0; border-top: 1px solid #ddd; margin: 12px 0;""><div style=""font-size: 13px; color: #444; line-height: 1.4;""><b style=""color: #111;"">Explicació:</b> MAN.SVVH.000 v1.2026

2.1.3. Moviments possibles d’un vehicle en ordre de marxa

El balanceig i el capcineig són moviments pivotants sense desplaçament longitudinal.</div></div>","T32_-_Accidents_de_mobilitat_viaria","racord_89173ef9-4bbb-4124-abc7-d7e9a20ec34a"
"<div style=""text-align: left; font-family: -apple-system, sans-serif;""><div style=""font-size: 11px; color: #888; margin-bottom: 6px;"">[T32 - Accidents de mobilitat viària] Pregunta 450</div><div style=""font-weight: bold; font-size: 16px; margin-bottom: 14px; line-height: 1.4;"">Quina definició correspon al sostre d’un vehicle?</div><div style=""font-size: 14px; line-height: 1.6;""><div style=""padding: 5px 0;""><b>A)</b> Element superior de revestiment que tanca l’habitacle sense funció estructural</div><div style=""padding: 5px 0;""><b>B)</b> Element estructural superior destinat principalment a rigiditzar el compartiment motor</div><div style=""padding: 5px 0;""><b>C)</b> Element estructural superior que tanca l’habitacle i connecta amb els muntants</div><div style=""padding: 5px 0;""><b>D)</b> Element estructural superior que tanca l’habitacle i connecta principalment amb els travessers</div></div></div>","<div style=""text-align: left; font-family: -apple-system, sans-serif;""><div style=""font-weight: bold; font-size: 16px; color: #10b981; margin-bottom: 8px;"">✓ Resposta Correcta: C</div><div style=""font-size: 14px; margin-bottom: 12px; padding: 10px; background: rgba(16,185,129,0.1); border-radius: 6px; border-left: 4px solid #10b981;"">C) Element estructural superior que tanca l’habitacle i connecta amb els muntants</div><hr style=""border: 0; border-top: 1px solid #ddd; margin: 12px 0;""><div style=""font-size: 13px; color: #444; line-height: 1.4;""><b style=""color: #111;"">Explicació:</b> MAN.SVVH.000 v1.2026

2.1.1. Parts dels vehicles

El sostre és l’element estructural superior que tanca l’habitacle pel damunt i connecta amb els muntants.</div></div>","T32_-_Accidents_de_mobilitat_viaria","racord_fe2a73d5-4c5d-4a62-ae4f-293f60ea3486"
"<div style=""text-align: left; font-family: -apple-system, sans-serif;""><div style=""font-size: 11px; color: #888; margin-bottom: 6px;"">[T32 - Accidents de mobilitat viària] Pregunta 451</div><div style=""font-weight: bold; font-size: 16px; margin-bottom: 14px; line-height: 1.4;"">Quin és l’objectiu general de les maniobres d’abordatge en accidents de trànsit?</div><div style=""font-size: 14px; line-height: 1.6;""><div style=""padding: 5px 0;""><b>A)</b> Accedir a la víctima i crear espai de treball</div><div style=""padding: 5px 0;""><b>B)</b> Estabilitzar el vehicle de manera definitiva abans de qualsevol accés</div><div style=""padding: 5px 0;""><b>C)</b> Crear una única via d’extracció abans de valorar l’estat clínic</div><div style=""padding: 5px 0;""><b>D)</b> Accedir a la víctima mantenint intacta l’estructura del vehicle</div></div></div>","<div style=""text-align: left; font-family: -apple-system, sans-serif;""><div style=""font-weight: bold; font-size: 16px; color: #10b981; margin-bottom: 8px;"">✓ Resposta Correcta: A</div><div style=""font-size: 14px; margin-bottom: 12px; padding: 10px; background: rgba(16,185,129,0.1); border-radius: 6px; border-left: 4px solid #10b981;"">A) Accedir a la víctima i crear espai de treball</div><hr style=""border: 0; border-top: 1px solid #ddd; margin: 12px 0;""><div style=""font-size: 13px; color: #444; line-height: 1.4;""><b style=""color: #111;"">Explicació:</b> MAN.SVVH.000 v1.2026

4.2. Maniobres d’abordatge

Les maniobres d’abordatge tenen com a objectiu accedir a la víctima i crear espai per al rescat.</div></div>","T32_-_Accidents_de_mobilitat_viaria","racord_6ae98b94-175f-49dd-838c-1af398a9fc53"
"<div style=""text-align: left; font-family: -apple-system, sans-serif;""><div style=""font-size: 11px; color: #888; margin-bottom: 6px;"">[T32 - Accidents de mobilitat viària] Pregunta 452</div><div style=""font-weight: bold; font-size: 16px; margin-bottom: 14px; line-height: 1.4;"">Quina característica pot presentar la cabina d’un camió?</div><div style=""font-size: 14px; line-height: 1.6;""><div style=""padding: 5px 0;""><b>A)</b> Pot ser rígida o basculant i disposar de llits de descans</div><div style=""padding: 5px 0;""><b>B)</b> Sempre és rígida i pot incorporar llits de descans</div><div style=""padding: 5px 0;""><b>C)</b> Pot ser rígida o basculant, però no incorpora espais de descans</div><div style=""padding: 5px 0;""><b>D)</b> Pot ser articulada respecte del xassís i disposar de llits de descans</div></div></div>","<div style=""text-align: left; font-family: -apple-system, sans-serif;""><div style=""font-weight: bold; font-size: 16px; color: #10b981; margin-bottom: 8px;"">✓ Resposta Correcta: A</div><div style=""font-size: 14px; margin-bottom: 12px; padding: 10px; background: rgba(16,185,129,0.1); border-radius: 6px; border-left: 4px solid #10b981;"">A) Pot ser rígida o basculant i disposar de llits de descans</div><hr style=""border: 0; border-top: 1px solid #ddd; margin: 12px 0;""><div style=""font-size: 13px; color: #444; line-height: 1.4;""><b style=""color: #111;"">Explicació:</b> MAN.SVVH.000 v1.2026

2.3.4. Sistemes de càrrega i tipus de contenidor

La cabina d’un camió pot ser rígida o basculant i pot incorporar llits de descans.</div></div>","T32_-_Accidents_de_mobilitat_viaria","racord_551b7cb1-688b-4376-b208-df26643afd14"
"<div style=""text-align: left; font-family: -apple-system, sans-serif;""><div style=""font-size: 11px; color: #888; margin-bottom: 6px;"">[T32 - Accidents de mobilitat viària] Pregunta 453</div><div style=""font-weight: bold; font-size: 16px; margin-bottom: 14px; line-height: 1.4;"">Quina característica defineix la seguretat passiva?</div><div style=""font-size: 14px; line-height: 1.6;""><div style=""padding: 5px 0;""><b>A)</b> Redueix l’impacte sobre els ocupants un cop produït el sinistre</div><div style=""padding: 5px 0;""><b>B)</b> Redueix els danys addicionals posteriors al rescat</div><div style=""padding: 5px 0;""><b>C)</b> Facilita l’accés i la identificació del vehicle després del sinistre</div><div style=""padding: 5px 0;""><b>D)</b> Redueix la probabilitat d’accident mitjançant sistemes de control</div></div></div>","<div style=""text-align: left; font-family: -apple-system, sans-serif;""><div style=""font-weight: bold; font-size: 16px; color: #10b981; margin-bottom: 8px;"">✓ Resposta Correcta: A</div><div style=""font-size: 14px; margin-bottom: 12px; padding: 10px; background: rgba(16,185,129,0.1); border-radius: 6px; border-left: 4px solid #10b981;"">A) Redueix l’impacte sobre els ocupants un cop produït el sinistre</div><hr style=""border: 0; border-top: 1px solid #ddd; margin: 12px 0;""><div style=""font-size: 13px; color: #444; line-height: 1.4;""><b style=""color: #111;"">Explicació:</b> MAN.SVVH.000 v1.2026

2.1.4. Seguretat dels vehicles

La seguretat passiva no evita el sinistre, però redueix l’impacte sobre els ocupants mitjançant protecció física.</div></div>","T32_-_Accidents_de_mobilitat_viaria","racord_3e9aff4a-2e86-4363-b42b-91923f435f2f"
"<div style=""text-align: left; font-family: -apple-system, sans-serif;""><div style=""font-size: 11px; color: #888; margin-bottom: 6px;"">[T32 - Accidents de mobilitat viària] Pregunta 454</div><div style=""font-weight: bold; font-size: 16px; margin-bottom: 14px; line-height: 1.4;"">Quins motors combina un vehicle híbrid?</div><div style=""font-size: 14px; line-height: 1.6;""><div style=""padding: 5px 0;""><b>A)</b> Un motor elèctric i una pila de combustible</div><div style=""padding: 5px 0;""><b>B)</b> Un motor de combustió i un motor elèctric</div><div style=""padding: 5px 0;""><b>C)</b> Un motor de combustió i un motor de gas</div><div style=""padding: 5px 0;""><b>D)</b> Dos motors elèctrics alimentats per sistemes independents</div></div></div>","<div style=""text-align: left; font-family: -apple-system, sans-serif;""><div style=""font-weight: bold; font-size: 16px; color: #10b981; margin-bottom: 8px;"">✓ Resposta Correcta: B</div><div style=""font-size: 14px; margin-bottom: 12px; padding: 10px; background: rgba(16,185,129,0.1); border-radius: 6px; border-left: 4px solid #10b981;"">B) Un motor de combustió i un motor elèctric</div><hr style=""border: 0; border-top: 1px solid #ddd; margin: 12px 0;""><div style=""font-size: 13px; color: #444; line-height: 1.4;""><b style=""color: #111;"">Explicació:</b> MAN.SVVH.000 v1.2026

2.1.2. Sistemes de propulsió

Els vehicles híbrids combinen un motor de combustió i un motor elèctric.</div></div>","T32_-_Accidents_de_mobilitat_viaria","racord_c15526d1-c48e-4a15-808b-39e5b38c1a37"
"<div style=""text-align: left; font-family: -apple-system, sans-serif;""><div style=""font-size: 11px; color: #888; margin-bottom: 6px;"">[T32 - Accidents de mobilitat viària] Pregunta 455</div><div style=""font-weight: bold; font-size: 16px; margin-bottom: 14px; line-height: 1.4;"">Per què és recomanable afegir estabilització secundària en una bolcada lateral?</div><div style=""font-size: 14px; line-height: 1.6;""><div style=""padding: 5px 0;""><b>A)</b> Perquè l’estabilització primària només controla els moviments longitudinals</div><div style=""padding: 5px 0;""><b>B)</b> Perquè la bolcada lateral elimina el suport del xassís sobre el terra</div><div style=""padding: 5px 0;""><b>C)</b> Perquè les cunyes no poden utilitzar-se en un vehicle tombat</div><div style=""padding: 5px 0;""><b>D)</b> Perquè és una posició molt inestable</div></div></div>","<div style=""text-align: left; font-family: -apple-system, sans-serif;""><div style=""font-weight: bold; font-size: 16px; color: #10b981; margin-bottom: 8px;"">✓ Resposta Correcta: D</div><div style=""font-size: 14px; margin-bottom: 12px; padding: 10px; background: rgba(16,185,129,0.1); border-radius: 6px; border-left: 4px solid #10b981;"">D) Perquè és una posició molt inestable</div><hr style=""border: 0; border-top: 1px solid #ddd; margin: 12px 0;""><div style=""font-size: 13px; color: #444; line-height: 1.4;""><b style=""color: #111;"">Explicació:</b> MAN.SVVH.000 v1.2026

4.1.2. Estabilització primària

La bolcada lateral és una posició molt inestable i, quan és possible, es recomana completar-la amb estabilització secundària.</div></div>","T32_-_Accidents_de_mobilitat_viaria","racord_92f8fccd-bb16-4100-b3d3-a5719d04a65f"
"<div style=""text-align: left; font-family: -apple-system, sans-serif;""><div style=""font-size: 11px; color: #888; margin-bottom: 6px;"">[T32 - Accidents de mobilitat viària] Pregunta 456</div><div style=""font-weight: bold; font-size: 16px; margin-bottom: 14px; line-height: 1.4;"">Les interconnexions entre vagons inclouen:</div><div style=""font-size: 14px; line-height: 1.6;""><div style=""padding: 5px 0;""><b>A)</b> Passadissos i connexions físiques, de fluids o elèctriques</div><div style=""padding: 5px 0;""><b>B)</b> Connexions mecàniques i de fluids, sense continuïtat elèctrica entre vagons</div><div style=""padding: 5px 0;""><b>C)</b> Passadissos i connexions físiques i elèctriques, però no de fluids</div><div style=""padding: 5px 0;""><b>D)</b> Passadissos i connexions elèctriques, però sense unions físiques entre unitats</div></div></div>","<div style=""text-align: left; font-family: -apple-system, sans-serif;""><div style=""font-weight: bold; font-size: 16px; color: #10b981; margin-bottom: 8px;"">✓ Resposta Correcta: A</div><div style=""font-size: 14px; margin-bottom: 12px; padding: 10px; background: rgba(16,185,129,0.1); border-radius: 6px; border-left: 4px solid #10b981;"">A) Passadissos i connexions físiques, de fluids o elèctriques</div><hr style=""border: 0; border-top: 1px solid #ddd; margin: 12px 0;""><div style=""font-size: 13px; color: #444; line-height: 1.4;""><b style=""color: #111;"">Explicació:</b> MAN.SVVH.000 v1.2026

2.4.3. Altres elements rellevants

Les interconnexions inclouen passadissos i connexions entre vagons, tant físiques com de fluids o electricitat.</div></div>","T32_-_Accidents_de_mobilitat_viaria","racord_75c0cf83-7ec7-4c01-848a-1df43c599297"
"<div style=""text-align: left; font-family: -apple-system, sans-serif;""><div style=""font-size: 11px; color: #888; margin-bottom: 6px;"">[T32 - Accidents de mobilitat viària] Pregunta 457</div><div style=""font-weight: bold; font-size: 16px; margin-bottom: 14px; line-height: 1.4;"">Després d’un xoc frontal d’alta energia entre dos vehicles, quin patró lesiu és coherent amb el mecanisme de l’accident?</div><div style=""font-size: 14px; line-height: 1.6;""><div style=""padding: 5px 0;""><b>A)</b> Lesions a extremitats inferiors i columna, sense una relació clara amb tòrax o abdomen</div><div style=""padding: 5px 0;""><b>B)</b> Lesions a pelvis i tòrax, però sense afectació cranioencefàlica si hi ha cinturó</div><div style=""padding: 5px 0;""><b>C)</b> Lesions predominants a columna cervical i extremitats superiors, amb poca afectació toracoabdominal</div><div style=""padding: 5px 0;""><b>D)</b> Lesions a extremitats inferiors, tòrax, abdomen, columna i traumatisme cranioencefàlic</div></div></div>","<div style=""text-align: left; font-family: -apple-system, sans-serif;""><div style=""font-weight: bold; font-size: 16px; color: #10b981; margin-bottom: 8px;"">✓ Resposta Correcta: D</div><div style=""font-size: 14px; margin-bottom: 12px; padding: 10px; background: rgba(16,185,129,0.1); border-radius: 6px; border-left: 4px solid #10b981;"">D) Lesions a extremitats inferiors, tòrax, abdomen, columna i traumatisme cranioencefàlic</div><hr style=""border: 0; border-top: 1px solid #ddd; margin: 12px 0;""><div style=""font-size: 13px; color: #444; line-height: 1.4;""><b style=""color: #111;"">Explicació:</b> MAN.SVVH.000 v1.2026

3.2.1. Tipus d’impactes en accidents de mobilitat viària

En el xoc frontal poden aparèixer lesions a extremitats inferiors, tòrax, abdomen, columna i traumatisme cranioencefàlic.</div></div>","T32_-_Accidents_de_mobilitat_viaria","racord_6870edb6-e393-4931-a840-7ccff34517f2"
"<div style=""text-align: left; font-family: -apple-system, sans-serif;""><div style=""font-size: 11px; color: #888; margin-bottom: 6px;"">[T32 - Accidents de mobilitat viària] Pregunta 458</div><div style=""font-weight: bold; font-size: 16px; margin-bottom: 14px; line-height: 1.4;"">Els sistemes de frenada ferroviària poden ser:</div><div style=""font-size: 14px; line-height: 1.6;""><div style=""padding: 5px 0;""><b>A)</b> Pneumàtics o electromagnètics</div><div style=""padding: 5px 0;""><b>B)</b> Mecànics o electromagnètics</div><div style=""padding: 5px 0;""><b>C)</b> Hidràulics o electromagnètics</div><div style=""padding: 5px 0;""><b>D)</b> Pneumàtics o hidràulics</div></div></div>","<div style=""text-align: left; font-family: -apple-system, sans-serif;""><div style=""font-weight: bold; font-size: 16px; color: #10b981; margin-bottom: 8px;"">✓ Resposta Correcta: A</div><div style=""font-size: 14px; margin-bottom: 12px; padding: 10px; background: rgba(16,185,129,0.1); border-radius: 6px; border-left: 4px solid #10b981;"">A) Pneumàtics o electromagnètics</div><hr style=""border: 0; border-top: 1px solid #ddd; margin: 12px 0;""><div style=""font-size: 13px; color: #444; line-height: 1.4;""><b style=""color: #111;"">Explicació:</b> MAN.SVVH.000 v1.2026

2.4.4. Sistemes de frenada i inèrcia

Els trens utilitzen sistemes de frenada pneumàtica o electromagnètica que actuen sobre cada vagó.</div></div>","T32_-_Accidents_de_mobilitat_viaria","racord_5ed98aef-80d7-4f4c-b565-0771a20cc102"
"<div style=""text-align: left; font-family: -apple-system, sans-serif;""><div style=""font-size: 11px; color: #888; margin-bottom: 6px;"">[T32 - Accidents de mobilitat viària] Pregunta 459</div><div style=""font-weight: bold; font-size: 16px; margin-bottom: 14px; line-height: 1.4;"">Quin mecanisme lesiu es basa en una força perpendicular a l’eix longitudinal i pot produir fractures transversals?</div><div style=""font-size: 14px; line-height: 1.6;""><div style=""padding: 5px 0;""><b>A)</b> La tracció</div><div style=""padding: 5px 0;""><b>B)</b> La compressió</div><div style=""padding: 5px 0;""><b>C)</b> La flexió</div><div style=""padding: 5px 0;""><b>D)</b> La torsió</div></div></div>","<div style=""text-align: left; font-family: -apple-system, sans-serif;""><div style=""font-weight: bold; font-size: 16px; color: #10b981; margin-bottom: 8px;"">✓ Resposta Correcta: C</div><div style=""font-size: 14px; margin-bottom: 12px; padding: 10px; background: rgba(16,185,129,0.1); border-radius: 6px; border-left: 4px solid #10b981;"">C) La flexió</div><hr style=""border: 0; border-top: 1px solid #ddd; margin: 12px 0;""><div style=""font-size: 13px; color: #444; line-height: 1.4;""><b style=""color: #111;"">Explicació:</b> MAN.SVVH.000 v1.2026

3.2.6. Biomecànica de l’accident de trànsit

La flexió aplica una força perpendicular a l’eix longitudinal i produeix fractures transversals; l’extensió és el moviment contrari i pot causar fractures transversals i luxacions.</div></div>","T32_-_Accidents_de_mobilitat_viaria","racord_6083d038-8f61-4918-a233-58a50da12472"
"<div style=""text-align: left; font-family: -apple-system, sans-serif;""><div style=""font-size: 11px; color: #888; margin-bottom: 6px;"">[T32 - Accidents de mobilitat viària] Pregunta 460</div><div style=""font-weight: bold; font-size: 16px; margin-bottom: 14px; line-height: 1.4;"">En quin escenari és especialment útil un desmunt total de sostre?</div><div style=""font-size: 14px; line-height: 1.6;""><div style=""padding: 5px 0;""><b>A)</b> Principalment en vehicles B per facilitar-ne la retirada de la via</div><div style=""padding: 5px 0;""><b>B)</b> Quan cal una via ràpida encara que la víctima pugui sortir pels seus mitjans</div><div style=""padding: 5px 0;""><b>C)</b> En vehicles sense atrapament quan es necessita millorar la visibilitat</div><div style=""padding: 5px 0;""><b>D)</b> En atrapaments complexos o quan es requereix una extracció en bloc</div></div></div>","<div style=""text-align: left; font-family: -apple-system, sans-serif;""><div style=""font-weight: bold; font-size: 16px; color: #10b981; margin-bottom: 8px;"">✓ Resposta Correcta: D</div><div style=""font-size: 14px; margin-bottom: 12px; padding: 10px; background: rgba(16,185,129,0.1); border-radius: 6px; border-left: 4px solid #10b981;"">D) En atrapaments complexos o quan es requereix una extracció en bloc</div><hr style=""border: 0; border-top: 1px solid #ddd; margin: 12px 0;""><div style=""font-size: 13px; color: #444; line-height: 1.4;""><b style=""color: #111;"">Explicació:</b> MAN.SVVH.000 v1.2026

4.2.4. Desmunts de sostre — Desmunt total

La retirada completa del sostre és especialment útil en atrapaments complexos o quan es necessita una extracció en bloc.</div></div>","T32_-_Accidents_de_mobilitat_viaria","racord_25a4a98b-7d9c-4ff4-b57f-9d1974d9a5ac"
"<div style=""text-align: left; font-family: -apple-system, sans-serif;""><div style=""font-size: 11px; color: #888; margin-bottom: 6px;"">[T32 - Accidents de mobilitat viària] Pregunta 461</div><div style=""font-weight: bold; font-size: 16px; margin-bottom: 14px; line-height: 1.4;"">A que ens referim quan parlem de la guinyada d'un vehicle?</div><div style=""font-size: 14px; line-height: 1.6;""><div style=""padding: 5px 0;""><b>A)</b> Moviment horitzontal lineal a dreta i esquerra sense rotació</div><div style=""padding: 5px 0;""><b>B)</b> Moviment endavant i endarrere sobre un eix transversal imaginari</div><div style=""padding: 5px 0;""><b>C)</b> Moviment lateral sobre un eix longitudinal imaginari</div><div style=""padding: 5px 0;""><b>D)</b> Moviment a dreta o esquerra sobre un eix vertical imaginari</div></div></div>","<div style=""text-align: left; font-family: -apple-system, sans-serif;""><div style=""font-weight: bold; font-size: 16px; color: #10b981; margin-bottom: 8px;"">✓ Resposta Correcta: D</div><div style=""font-size: 14px; margin-bottom: 12px; padding: 10px; background: rgba(16,185,129,0.1); border-radius: 6px; border-left: 4px solid #10b981;"">D) Moviment a dreta o esquerra sobre un eix vertical imaginari</div><hr style=""border: 0; border-top: 1px solid #ddd; margin: 12px 0;""><div style=""font-size: 13px; color: #444; line-height: 1.4;""><b style=""color: #111;"">Explicació:</b> MAN.SVVH.000 v1.2026

2.1.3. Moviments possibles d’un vehicle en ordre de marxa

La guinyada és el moviment a dreta o esquerra sobre un eix vertical imaginari que passa pel centre del vehicle.</div></div>","T32_-_Accidents_de_mobilitat_viaria","racord_30d19455-7f9e-4e1d-b49c-0e23b8a88a97"
"<div style=""text-align: left; font-family: -apple-system, sans-serif;""><div style=""font-size: 11px; color: #888; margin-bottom: 6px;"">[T32 - Accidents de mobilitat viària] Pregunta 462</div><div style=""font-weight: bold; font-size: 16px; margin-bottom: 14px; line-height: 1.4;"">Quin efecte pot tenir la pluja intensa o la calor extrema sobre els bombers que treballen en una excarceració?</div><div style=""font-size: 14px; line-height: 1.6;""><div style=""padding: 5px 0;""><b>A)</b> Reduir la concentració i augmentar la fatiga, però millorar l’adherència al terreny</div><div style=""padding: 5px 0;""><b>B)</b> Dificultar la comunicació i la visibilitat, sense modificar el risc de relliscada</div><div style=""padding: 5px 0;""><b>C)</b> Afavorir relliscades, reduir la concentració o dificultar la comunicació</div><div style=""padding: 5px 0;""><b>D)</b> Afavorir relliscades i dificultar la comunicació, però sense afectar la concentració</div></div></div>","<div style=""text-align: left; font-family: -apple-system, sans-serif;""><div style=""font-weight: bold; font-size: 16px; color: #10b981; margin-bottom: 8px;"">✓ Resposta Correcta: C</div><div style=""font-size: 14px; margin-bottom: 12px; padding: 10px; background: rgba(16,185,129,0.1); border-radius: 6px; border-left: 4px solid #10b981;"">C) Afavorir relliscades, reduir la concentració o dificultar la comunicació</div><hr style=""border: 0; border-top: 1px solid #ddd; margin: 12px 0;""><div style=""font-size: 13px; color: #444; line-height: 1.4;""><b style=""color: #111;"">Explicació:</b> MAN.SVVH.000 v1.2026

5.2. Riscos específics i mesures preventives — Factors ambientals

Els factors ambientals poden afavorir relliscades, reduir la concentració o dificultar la comunicació.</div></div>","T32_-_Accidents_de_mobilitat_viaria","racord_8ac7bdcb-d195-4c2a-be37-0ab9242e4871"
"<div style=""text-align: left; font-family: -apple-system, sans-serif;""><div style=""font-size: 11px; color: #888; margin-bottom: 6px;"">[T32 - Accidents de mobilitat viària] Pregunta 463</div><div style=""font-weight: bold; font-size: 16px; margin-bottom: 14px; line-height: 1.4;"">Com s’ha de plantejar tècnicament un alliberament immediat d'una víctima que ha patit un accident de trànsit?</div><div style=""font-size: 14px; line-height: 1.6;""><div style=""padding: 5px 0;""><b>A)</b> Amb les maniobres imprescindibles, però només després d’eliminar tot risc potencial de l’escenari</div><div style=""padding: 5px 0;""><b>B)</b> Amb una única maniobra d’extracció directa, encara que no hi hagi espai suficient</div><div style=""padding: 5px 0;""><b>C)</b> Amb les maniobres imprescindibles per obtenir un espai d’extracció suficient</div><div style=""padding: 5px 0;""><b>D)</b> Amb una gran generació d’espais per garantir la millor qualitat possible</div></div></div>","<div style=""text-align: left; font-family: -apple-system, sans-serif;""><div style=""font-weight: bold; font-size: 16px; color: #10b981; margin-bottom: 8px;"">✓ Resposta Correcta: C</div><div style=""font-size: 14px; margin-bottom: 12px; padding: 10px; background: rgba(16,185,129,0.1); border-radius: 6px; border-left: 4px solid #10b981;"">C) Amb les maniobres imprescindibles per obtenir un espai d’extracció suficient</div><hr style=""border: 0; border-top: 1px solid #ddd; margin: 12px 0;""><div style=""font-size: 13px; color: #444; line-height: 1.4;""><b style=""color: #111;"">Explicació:</b> MAN.SVVH.000 v1.2026

3.2.5. Tipus d’alliberament de les víctimes

L’alliberament immediat es basa en executar les mínimes maniobres necessàries per aconseguir un espai d’extracció suficient.</div></div>","T32_-_Accidents_de_mobilitat_viaria","racord_ff38b7a5-699f-4ce0-8c5d-0fc666ce9de2"
"<div style=""text-align: left; font-family: -apple-system, sans-serif;""><div style=""font-size: 11px; color: #888; margin-bottom: 6px;"">[T32 - Accidents de mobilitat viària] Pregunta 464</div><div style=""font-weight: bold; font-size: 16px; margin-bottom: 14px; line-height: 1.4;"">Durant una excarceració s’han retirat portes, vidres i part del sostre. On s’han de dipositar aquests elements?</div><div style=""font-size: 14px; line-height: 1.6;""><div style=""padding: 5px 0;""><b>A)</b> A la zona tèbia, al costat del vehicle de rescat que ha aportat les eines</div><div style=""padding: 5px 0;""><b>B)</b> A l’àrea d’eines, separats de les eines que encara no s’utilitzen</div><div style=""padding: 5px 0;""><b>C)</b> A l’àrea de ferralla</div><div style=""padding: 5px 0;""><b>D)</b> A la transició entre zona calenta i tèbia, però fora de qualsevol àrea específica</div></div></div>","<div style=""text-align: left; font-family: -apple-system, sans-serif;""><div style=""font-weight: bold; font-size: 16px; color: #10b981; margin-bottom: 8px;"">✓ Resposta Correcta: C</div><div style=""font-size: 14px; margin-bottom: 12px; padding: 10px; background: rgba(16,185,129,0.1); border-radius: 6px; border-left: 4px solid #10b981;"">C) A l’àrea de ferralla</div><hr style=""border: 0; border-top: 1px solid #ddd; margin: 12px 0;""><div style=""font-size: 13px; color: #444; line-height: 1.4;""><b style=""color: #111;"">Explicació:</b> MAN.SVVH.000 v1.2026

5.1. Principis generals de seguretat — Organització de l’AGO

A l’àrea de ferralla es dipositen els elements retirats del vehicle accidentat, com sostres, portes o vidres.</div></div>","T32_-_Accidents_de_mobilitat_viaria","racord_2a4e73df-5412-466e-bbb7-eb8b2ee41ba6"
"<div style=""text-align: left; font-family: -apple-system, sans-serif;""><div style=""font-size: 11px; color: #888; margin-bottom: 6px;"">[T32 - Accidents de mobilitat viària] Pregunta 465</div><div style=""font-weight: bold; font-size: 16px; margin-bottom: 14px; line-height: 1.4;"">En què es basa el motor de combustió interna?</div><div style=""font-size: 14px; line-height: 1.6;""><div style=""padding: 5px 0;""><b>A)</b> En la combustió de gas natural o hidrogen dins del motor</div><div style=""padding: 5px 0;""><b>B)</b> En la combustió de gasolina o gasoil</div><div style=""padding: 5px 0;""><b>C)</b> En una reacció electroquímica que produeix electricitat</div><div style=""padding: 5px 0;""><b>D)</b> En l’energia emmagatzemada en bateries d’alt voltatge</div></div></div>","<div style=""text-align: left; font-family: -apple-system, sans-serif;""><div style=""font-weight: bold; font-size: 16px; color: #10b981; margin-bottom: 8px;"">✓ Resposta Correcta: B</div><div style=""font-size: 14px; margin-bottom: 12px; padding: 10px; background: rgba(16,185,129,0.1); border-radius: 6px; border-left: 4px solid #10b981;"">B) En la combustió de gasolina o gasoil</div><hr style=""border: 0; border-top: 1px solid #ddd; margin: 12px 0;""><div style=""font-size: 13px; color: #444; line-height: 1.4;""><b style=""color: #111;"">Explicació:</b> MAN.SVVH.000 v1.2026

2.1.2. Sistemes de propulsió

El motor de combustió interna es basa en la combustió de carburants fòssils com gasolina o gasoil.</div></div>","T32_-_Accidents_de_mobilitat_viaria","racord_17c5fb14-9567-47e5-8271-8d7e6ca5bd18"
"<div style=""text-align: left; font-family: -apple-system, sans-serif;""><div style=""font-size: 11px; color: #888; margin-bottom: 6px;"">[T32 - Accidents de mobilitat viària] Pregunta 466</div><div style=""font-weight: bold; font-size: 16px; margin-bottom: 14px; line-height: 1.4;"">Quin exemple correspon a seguretat terciària?</div><div style=""font-size: 14px; line-height: 1.6;""><div style=""padding: 5px 0;""><b>A)</b> Zones deformables que absorbeixen energia durant l’impacte</div><div style=""padding: 5px 0;""><b>B)</b> Sistemes de frenada automàtica abans de la col·lisió</div><div style=""padding: 5px 0;""><b>C)</b> Dispositius de retenció que protegeixen físicament l’ocupant</div><div style=""padding: 5px 0;""><b>D)</b> Dissenys que redueixen riscos d’incendi o explosió després de l’accident</div></div></div>","<div style=""text-align: left; font-family: -apple-system, sans-serif;""><div style=""font-weight: bold; font-size: 16px; color: #10b981; margin-bottom: 8px;"">✓ Resposta Correcta: D</div><div style=""font-size: 14px; margin-bottom: 12px; padding: 10px; background: rgba(16,185,129,0.1); border-radius: 6px; border-left: 4px solid #10b981;"">D) Dissenys que redueixen riscos d’incendi o explosió després de l’accident</div><hr style=""border: 0; border-top: 1px solid #ddd; margin: 12px 0;""><div style=""font-size: 13px; color: #444; line-height: 1.4;""><b style=""color: #111;"">Explicació:</b> MAN.SVVH.000 v1.2026

2.1.4. Seguretat dels vehicles

Els dissenys que redueixen els riscos d’incendi o explosió després de l’accident s’inclouen en la seguretat terciària.</div></div>","T32_-_Accidents_de_mobilitat_viaria","racord_750fdc0c-839f-48ff-83a9-fb99e28f8a84"
"<div style=""text-align: left; font-family: -apple-system, sans-serif;""><div style=""font-size: 11px; color: #888; margin-bottom: 6px;"">[T32 - Accidents de mobilitat viària] Pregunta 467</div><div style=""font-weight: bold; font-size: 16px; margin-bottom: 14px; line-height: 1.4;"">Com acostumen a estar fixades les butaques d’un autocar?</div><div style=""font-size: 14px; line-height: 1.6;""><div style=""padding: 5px 0;""><b>A)</b> Només al terra, mitjançant cargols estructurals</div><div style=""padding: 5px 0;""><b>B)</b> Als laterals mitjançant rails, sense fixació al terra</div><div style=""padding: 5px 0;""><b>C)</b> Amb cargols als laterals i al terra</div><div style=""padding: 5px 0;""><b>D)</b> Al terra i al sostre mitjançant punts d’ancoratge</div></div></div>","<div style=""text-align: left; font-family: -apple-system, sans-serif;""><div style=""font-weight: bold; font-size: 16px; color: #10b981; margin-bottom: 8px;"">✓ Resposta Correcta: C</div><div style=""font-size: 14px; margin-bottom: 12px; padding: 10px; background: rgba(16,185,129,0.1); border-radius: 6px; border-left: 4px solid #10b981;"">C) Amb cargols als laterals i al terra</div><hr style=""border: 0; border-top: 1px solid #ddd; margin: 12px 0;""><div style=""font-size: 13px; color: #444; line-height: 1.4;""><b style=""color: #111;"">Explicació:</b> MAN.SVVH.000 v1.2026

2.2.7. Elements mecànics i circuits interns

Les butaques acostumen a estar fixades amb cargols als laterals i al terra i poden tenir cinturons de dos o tres punts.</div></div>","T32_-_Accidents_de_mobilitat_viaria","racord_a2117b73-760d-4b12-a4ed-339996b26e7f"
"<div style=""text-align: left; font-family: -apple-system, sans-serif;""><div style=""font-size: 11px; color: #888; margin-bottom: 6px;"">[T32 - Accidents de mobilitat viària] Pregunta 468</div><div style=""font-weight: bold; font-size: 16px; margin-bottom: 14px; line-height: 1.4;"">Indica quina de les següents afirmacions és INCORRECTA com a indicador d’impacte d’alta energia:</div><div style=""font-size: 14px; line-height: 1.6;""><div style=""padding: 5px 0;""><b>A)</b> Una precipitació d’1 metre sense deformacions és, per si sola, un indicador d’impacte d’alta energia</div><div style=""padding: 5px 0;""><b>B)</b> Un desplaçament del vehicle superior a 7 metres pot ser un indicador d’alta energia</div><div style=""padding: 5px 0;""><b>C)</b> Una precipitació superior a 3 metres és compatible amb alta energia</div><div style=""padding: 5px 0;""><b>D)</b> L’expulsió d’una víctima a l’exterior és un indicador d’alta energia</div></div></div>","<div style=""text-align: left; font-family: -apple-system, sans-serif;""><div style=""font-weight: bold; font-size: 16px; color: #10b981; margin-bottom: 8px;"">✓ Resposta Correcta: A</div><div style=""font-size: 14px; margin-bottom: 12px; padding: 10px; background: rgba(16,185,129,0.1); border-radius: 6px; border-left: 4px solid #10b981;"">A) Una precipitació d’1 metre sense deformacions és, per si sola, un indicador d’impacte d’alta energia</div><hr style=""border: 0; border-top: 1px solid #ddd; margin: 12px 0;""><div style=""font-size: 13px; color: #444; line-height: 1.4;""><b style=""color: #111;"">Explicació:</b> MAN.SVVH.000 v1.2026

3.2.6. Biomecànica de l’accident de trànsit

Una precipitació de més de 3 metres i l’expulsió de víctimes a l’exterior són indicadors d’impacte d’alta energia.</div></div>","T32_-_Accidents_de_mobilitat_viaria","racord_f4c975bb-4292-46d4-9b6d-43174c64fd1a"
"<div style=""text-align: left; font-family: -apple-system, sans-serif;""><div style=""font-size: 11px; color: #888; margin-bottom: 6px;"">[T32 - Accidents de mobilitat viària] Pregunta 469</div><div style=""font-weight: bold; font-size: 16px; margin-bottom: 14px; line-height: 1.4;"">On pot situar-se la locomotora o unitat de tracció?</div><div style=""font-size: 14px; line-height: 1.6;""><div style=""padding: 5px 0;""><b>A)</b> Exclusivament al centre del tren per repartir millor els esforços</div><div style=""padding: 5px 0;""><b>B)</b> Sempre als dos extrems de la composició</div><div style=""padding: 5px 0;""><b>C)</b> Sota els bogis de les unitats motoritzades</div><div style=""padding: 5px 0;""><b>D)</b> En un extrem o integrada dins unitats motoritzades</div></div></div>","<div style=""text-align: left; font-family: -apple-system, sans-serif;""><div style=""font-weight: bold; font-size: 16px; color: #10b981; margin-bottom: 8px;"">✓ Resposta Correcta: D</div><div style=""font-size: 14px; margin-bottom: 12px; padding: 10px; background: rgba(16,185,129,0.1); border-radius: 6px; border-left: 4px solid #10b981;"">D) En un extrem o integrada dins unitats motoritzades</div><hr style=""border: 0; border-top: 1px solid #ddd; margin: 12px 0;""><div style=""font-size: 13px; color: #444; line-height: 1.4;""><b style=""color: #111;"">Explicació:</b> MAN.SVVH.000 v1.2026

2.4.2. Composició d’un tren

La locomotora pot estar en un extrem o integrada dins les unitats motoritzades dels trens moderns.</div></div>","T32_-_Accidents_de_mobilitat_viaria","racord_8061ad8c-e1fd-49cb-9f40-6658cb9ad35b"
"<div style=""text-align: left; font-family: -apple-system, sans-serif;""><div style=""font-size: 11px; color: #888; margin-bottom: 6px;"">[T32 - Accidents de mobilitat viària] Pregunta 470</div><div style=""font-weight: bold; font-size: 16px; margin-bottom: 14px; line-height: 1.4;"">Una víctima presenta atrapament físic tipus 2 a la zona davantera i el seu estat obliga a guanyar espai amb rapidesa. Si no hi ha temps per completar el davantal, quina maniobra es pot valorar?</div><div style=""font-size: 14px; line-height: 1.6;""><div style=""padding: 5px 0;""><b>A)</b> El desplaçament de davantal parcial</div><div style=""padding: 5px 0;""><b>B)</b> El tall de volant</div><div style=""padding: 5px 0;""><b>C)</b> L’abatiment de seient</div><div style=""padding: 5px 0;""><b>D)</b> El desplaçament o tall del seient</div></div></div>","<div style=""text-align: left; font-family: -apple-system, sans-serif;""><div style=""font-weight: bold; font-size: 16px; color: #10b981; margin-bottom: 8px;"">✓ Resposta Correcta: D</div><div style=""font-size: 14px; margin-bottom: 12px; padding: 10px; background: rgba(16,185,129,0.1); border-radius: 6px; border-left: 4px solid #10b981;"">D) El desplaçament o tall del seient</div><hr style=""border: 0; border-top: 1px solid #ddd; margin: 12px 0;""><div style=""font-size: 13px; color: #444; line-height: 1.4;""><b style=""color: #111;"">Explicació:</b> MAN.SVVH.000 v1.2026

4.4. Maniobres complementàries — Desplaçament o tall del seient

La maniobra sobre el seient amplia ràpidament l’espai a la zona davantera en atrapaments físics tipus 2 quan no hi ha temps per completar un desplaçament de davantal.</div></div>","T32_-_Accidents_de_mobilitat_viaria","racord_f6443e17-5648-42f0-8f97-dc10551a46ec"
"<div style=""text-align: left; font-family: -apple-system, sans-serif;""><div style=""font-size: 11px; color: #888; margin-bottom: 6px;"">[T32 - Accidents de mobilitat viària] Pregunta 471</div><div style=""font-weight: bold; font-size: 16px; margin-bottom: 14px; line-height: 1.4;"">Les puntes del separador no entren a la zona del pany d’una porta deformada. Quina ha de ser la primera actuació?</div><div style=""font-size: 14px; line-height: 1.6;""><div style=""padding: 5px 0;""><b>A)</b> Introduir una eina de tall entre porta i muntant per obrir un punt de treball</div><div style=""padding: 5px 0;""><b>B)</b> Tallar la zona del pany per generar immediatament un punt d’entrada</div><div style=""padding: 5px 0;""><b>C)</b> Treballar sobre les frontisses abans de crear espai al pany</div><div style=""padding: 5px 0;""><b>D)</b> Crear un espai suficient per poder introduir-les</div></div></div>","<div style=""text-align: left; font-family: -apple-system, sans-serif;""><div style=""font-weight: bold; font-size: 16px; color: #10b981; margin-bottom: 8px;"">✓ Resposta Correcta: D</div><div style=""font-size: 14px; margin-bottom: 12px; padding: 10px; background: rgba(16,185,129,0.1); border-radius: 6px; border-left: 4px solid #10b981;"">D) Crear un espai suficient per poder introduir-les</div><hr style=""border: 0; border-top: 1px solid #ddd; margin: 12px 0;""><div style=""font-size: 13px; color: #444; line-height: 1.4;""><b style=""color: #111;"">Explicació:</b> MAN.SVVH.000 v1.2026

4.2.2. Obertura de portes laterals i porta del darrere

Quan no hi ha espai suficient per introduir les puntes del separador, la primera acció s’ha d’orientar a crear aquest espai.</div></div>","T32_-_Accidents_de_mobilitat_viaria","racord_897cc9d3-9969-479b-bb51-c0af7ed85250"
"<div style=""text-align: left; font-family: -apple-system, sans-serif;""><div style=""font-size: 11px; color: #888; margin-bottom: 6px;"">[T32 - Accidents de mobilitat viària] Pregunta 472</div><div style=""font-weight: bold; font-size: 16px; margin-bottom: 14px; line-height: 1.4;"">Entre 2014 i 2023, la mitjana anual d’accidents amb víctimes a Catalunya va ser d’aproximadament ____.</div><div style=""font-size: 14px; line-height: 1.6;""><div style=""padding: 5px 0;""><b>A)</b> Uns 55.000 accidents amb víctimes</div><div style=""padding: 5px 0;""><b>B)</b> Uns 30.000 accidents amb víctimes</div><div style=""padding: 5px 0;""><b>C)</b> Uns 11.000 accidents amb víctimes</div><div style=""padding: 5px 0;""><b>D)</b> Uns 22.000 accidents amb víctimes</div></div></div>","<div style=""text-align: left; font-family: -apple-system, sans-serif;""><div style=""font-weight: bold; font-size: 16px; color: #10b981; margin-bottom: 8px;"">✓ Resposta Correcta: D</div><div style=""font-size: 14px; margin-bottom: 12px; padding: 10px; background: rgba(16,185,129,0.1); border-radius: 6px; border-left: 4px solid #10b981;"">D) Uns 22.000 accidents amb víctimes</div><hr style=""border: 0; border-top: 1px solid #ddd; margin: 12px 0;""><div style=""font-size: 13px; color: #444; line-height: 1.4;""><b style=""color: #111;"">Explicació:</b> MAN.SVVH.000 v1.2026

1.1. Context de la mobilitat a Catalunya

En els darrers deu anys (2014–2023), Catalunya ha registrat una mitjana d’uns 22.000 accidents amb víctimes cada any.</div></div>","T32_-_Accidents_de_mobilitat_viaria","racord_9178a7ef-c7fe-41f2-a729-0bd41eba5e4e"
"<div style=""text-align: left; font-family: -apple-system, sans-serif;""><div style=""font-size: 11px; color: #888; margin-bottom: 6px;"">[T32 - Accidents de mobilitat viària] Pregunta 473</div><div style=""font-weight: bold; font-size: 16px; margin-bottom: 14px; line-height: 1.4;"">Com s’alimenta el motor d’un vehicle elèctric?</div><div style=""font-size: 14px; line-height: 1.6;""><div style=""padding: 5px 0;""><b>A)</b> Amb bateries de baixa tensió auxiliars</div><div style=""padding: 5px 0;""><b>B)</b> Amb un motor tèrmic que alimenta directament el motor elèctric</div><div style=""padding: 5px 0;""><b>C)</b> Amb electricitat generada exclusivament per una pila de combustible</div><div style=""padding: 5px 0;""><b>D)</b> Amb bateries d’alt voltatge</div></div></div>","<div style=""text-align: left; font-family: -apple-system, sans-serif;""><div style=""font-weight: bold; font-size: 16px; color: #10b981; margin-bottom: 8px;"">✓ Resposta Correcta: D</div><div style=""font-size: 14px; margin-bottom: 12px; padding: 10px; background: rgba(16,185,129,0.1); border-radius: 6px; border-left: 4px solid #10b981;"">D) Amb bateries d’alt voltatge</div><hr style=""border: 0; border-top: 1px solid #ddd; margin: 12px 0;""><div style=""font-size: 13px; color: #444; line-height: 1.4;""><b style=""color: #111;"">Explicació:</b> MAN.SVVH.000 v1.2026

2.1.2. Sistemes de propulsió

Els vehicles elèctrics utilitzen un motor elèctric alimentat per bateries d’alt voltatge.</div></div>","T32_-_Accidents_de_mobilitat_viaria","racord_1cdf718c-771b-4dfa-8d5c-b0d8536d47e5"
"<div style=""text-align: left; font-family: -apple-system, sans-serif;""><div style=""font-size: 11px; color: #888; margin-bottom: 6px;"">[T32 - Accidents de mobilitat viària] Pregunta 474</div><div style=""font-weight: bold; font-size: 16px; margin-bottom: 14px; line-height: 1.4;"">Quina característica presenta la ubicació de les bateries en autobusos i autocars?</div><div style=""font-size: 14px; line-height: 1.6;""><div style=""padding: 5px 0;""><b>A)</b> Habitualment se situa a la part posterior, independentment del model</div><div style=""padding: 5px 0;""><b>B)</b> Pot variar segons la configuració del model</div><div style=""padding: 5px 0;""><b>C)</b> Sempre es troba a la part davantera, prop del conductor</div><div style=""padding: 5px 0;""><b>D)</b> Se situa necessàriament a la zona inferior central per protegir-la</div></div></div>","<div style=""text-align: left; font-family: -apple-system, sans-serif;""><div style=""font-weight: bold; font-size: 16px; color: #10b981; margin-bottom: 8px;"">✓ Resposta Correcta: B</div><div style=""font-size: 14px; margin-bottom: 12px; padding: 10px; background: rgba(16,185,129,0.1); border-radius: 6px; border-left: 4px solid #10b981;"">B) Pot variar segons la configuració del model</div><hr style=""border: 0; border-top: 1px solid #ddd; margin: 12px 0;""><div style=""font-size: 13px; color: #444; line-height: 1.4;""><b style=""color: #111;"">Explicació:</b> MAN.SVVH.000 v1.2026

2.2.7. Elements mecànics i circuits interns

La posició de les bateries pot variar segons la configuració del model.</div></div>","T32_-_Accidents_de_mobilitat_viaria","racord_e0071fad-ffc5-4e75-b151-e44ed488328e"
"<div style=""text-align: left; font-family: -apple-system, sans-serif;""><div style=""font-size: 11px; color: #888; margin-bottom: 6px;"">[T32 - Accidents de mobilitat viària] Pregunta 475</div><div style=""font-weight: bold; font-size: 16px; margin-bottom: 14px; line-height: 1.4;"">En accidents amb autobusos, camions o trens, què s’ha de valorar quan les maniobres exigeixen treballar en alçada?</div><div style=""font-size: 14px; line-height: 1.6;""><div style=""padding: 5px 0;""><b>A)</b> Escales manuals com a primera opció, deixant l’AEA per a maniobres d’extracció</div><div style=""padding: 5px 0;""><b>B)</b> AEA exclusivament en trens, i plataformes en camions i autobusos</div><div style=""padding: 5px 0;""><b>C)</b> Plataformes de treball o AEA només quan el vehicle està en ordre de marxa</div><div style=""padding: 5px 0;""><b>D)</b> L’ús de plataformes de treball o AEA</div></div></div>","<div style=""text-align: left; font-family: -apple-system, sans-serif;""><div style=""font-weight: bold; font-size: 16px; color: #10b981; margin-bottom: 8px;"">✓ Resposta Correcta: D</div><div style=""font-size: 14px; margin-bottom: 12px; padding: 10px; background: rgba(16,185,129,0.1); border-radius: 6px; border-left: 4px solid #10b981;"">D) L’ús de plataformes de treball o AEA</div><hr style=""border: 0; border-top: 1px solid #ddd; margin: 12px 0;""><div style=""font-size: 13px; color: #444; line-height: 1.4;""><b style=""color: #111;"">Explicació:</b> MAN.SVVH.000 v1.2026

4.3. Maniobres d’excarceració

En accidents d’autocar, autobús, camió, trens i ferrocarrils cal valorar plataformes de treball o AEA per treballar en alçada.</div></div>","T32_-_Accidents_de_mobilitat_viaria","racord_81a42186-d5c5-4a7d-8648-cf7a22dabc37"
"<div style=""text-align: left; font-family: -apple-system, sans-serif;""><div style=""font-size: 11px; color: #888; margin-bottom: 6px;"">[T32 - Accidents de mobilitat viària] Pregunta 476</div><div style=""font-weight: bold; font-size: 16px; margin-bottom: 14px; line-height: 1.4;"">Què caracteritza una configuració autoportant d’autobús?</div><div style=""font-size: 14px; line-height: 1.6;""><div style=""padding: 5px 0;""><b>A)</b> Tot el vehicle forma una sola peça estructural</div><div style=""padding: 5px 0;""><b>B)</b> El bastidor suporta tota la càrrega i la superestructura només tanca l’habitacle</div><div style=""padding: 5px 0;""><b>C)</b> La superestructura suporta l’habitacle però no participa en la resistència global</div><div style=""padding: 5px 0;""><b>D)</b> Bastidor i superestructura formen dues estructures independents unides mecànicament</div></div></div>","<div style=""text-align: left; font-family: -apple-system, sans-serif;""><div style=""font-weight: bold; font-size: 16px; color: #10b981; margin-bottom: 8px;"">✓ Resposta Correcta: A</div><div style=""font-size: 14px; margin-bottom: 12px; padding: 10px; background: rgba(16,185,129,0.1); border-radius: 6px; border-left: 4px solid #10b981;"">A) Tot el vehicle forma una sola peça estructural</div><hr style=""border: 0; border-top: 1px solid #ddd; margin: 12px 0;""><div style=""font-size: 13px; color: #444; line-height: 1.4;""><b style=""color: #111;"">Explicació:</b> MAN.SVVH.000 v1.2026

2.2.4. Disseny estructural: bastidor i superestructura

En una configuració autoportant, tot el vehicle forma una sola peça estructural.</div></div>","T32_-_Accidents_de_mobilitat_viaria","racord_be1bbceb-bc1e-4eb0-83df-9273c8c72708"
"<div style=""text-align: left; font-family: -apple-system, sans-serif;""><div style=""font-size: 11px; color: #888; margin-bottom: 6px;"">[T32 - Accidents de mobilitat viària] Pregunta 477</div><div style=""font-weight: bold; font-size: 16px; margin-bottom: 14px; line-height: 1.4;"">Quin risc destaca durant l’accés i el treball en una carretera amb trànsit encara actiu?</div><div style=""font-size: 14px; line-height: 1.6;""><div style=""padding: 5px 0;""><b>A)</b> Atropellament o impacte per altres vehicles</div><div style=""padding: 5px 0;""><b>B)</b> Atropellament per trànsit únicament durant l’arribada dels primers vehicles de servei</div><div style=""padding: 5px 0;""><b>C)</b> Impacte d’altres vehicles, especialment a la zona freda però no dins la zona operativa delimitada</div><div style=""padding: 5px 0;""><b>D)</b> Impacte o atropellament principalment quan la intervenció es fa en vies interurbanes</div></div></div>","<div style=""text-align: left; font-family: -apple-system, sans-serif;""><div style=""font-weight: bold; font-size: 16px; color: #10b981; margin-bottom: 8px;"">✓ Resposta Correcta: A</div><div style=""font-size: 14px; margin-bottom: 12px; padding: 10px; background: rgba(16,185,129,0.1); border-radius: 6px; border-left: 4px solid #10b981;"">A) Atropellament o impacte per altres vehicles</div><hr style=""border: 0; border-top: 1px solid #ddd; margin: 12px 0;""><div style=""font-size: 13px; color: #444; line-height: 1.4;""><b style=""color: #111;"">Explicació:</b> MAN.SVVH.000 v1.2026

5.2. Riscos específics i mesures preventives — Accés a l’escenari

En carreteres actives o entorns amb trànsit en moviment, els bombers poden patir atropellaments o impactes d’altres vehicles.</div></div>","T32_-_Accidents_de_mobilitat_viaria","racord_25720585-d471-4cc6-9b35-c2992853b72c"
"<div style=""text-align: left; font-family: -apple-system, sans-serif;""><div style=""font-size: 11px; color: #888; margin-bottom: 6px;"">[T32 - Accidents de mobilitat viària] Pregunta 478</div><div style=""font-weight: bold; font-size: 16px; margin-bottom: 14px; line-height: 1.4;"">Quan és prioritari el Pla A en un accident de trànsit?</div><div style=""font-size: 14px; line-height: 1.6;""><div style=""padding: 5px 0;""><b>A)</b> Quan existeix un risc ambiental sobrevingut encara que la víctima estigui estable</div><div style=""padding: 5px 0;""><b>B)</b> Quan la víctima està estable però el temps és determinant per l’evolució clínica</div><div style=""padding: 5px 0;""><b>C)</b> Quan es necessita reduir les maniobres al mínim des del primer moment</div><div style=""padding: 5px 0;""><b>D)</b> Quan la víctima està estable i hi ha temps per fer una extracció tècnicament segura</div></div></div>","<div style=""text-align: left; font-family: -apple-system, sans-serif;""><div style=""font-weight: bold; font-size: 16px; color: #10b981; margin-bottom: 8px;"">✓ Resposta Correcta: D</div><div style=""font-size: 14px; margin-bottom: 12px; padding: 10px; background: rgba(16,185,129,0.1); border-radius: 6px; border-left: 4px solid #10b981;"">D) Quan la víctima està estable i hi ha temps per fer una extracció tècnicament segura</div><hr style=""border: 0; border-top: 1px solid #ddd; margin: 12px 0;""><div style=""font-size: 13px; color: #444; line-height: 1.4;""><b style=""color: #111;"">Explicació:</b> MAN.SVVH.000 v1.2026

3.3. Valorar el Pla d’acció de la intervenció (PAI)

El Pla A és prioritari quan la víctima està estable i hi ha temps i condicions per fer una extracció segura i respectuosa amb la situació clínica.</div></div>","T32_-_Accidents_de_mobilitat_viaria","racord_c91b05cb-6755-4c89-9240-cd402d339712"
"<div style=""text-align: left; font-family: -apple-system, sans-serif;""><div style=""font-size: 11px; color: #888; margin-bottom: 6px;"">[T32 - Accidents de mobilitat viària] Pregunta 479</div><div style=""font-weight: bold; font-size: 16px; margin-bottom: 14px; line-height: 1.4;"">Quina finalitat té la gestió dels vidres durant el rescat en un accident de trànsit?</div><div style=""font-size: 14px; line-height: 1.6;""><div style=""padding: 5px 0;""><b>A)</b> Reduir la rigidesa de la carrosseria abans d’iniciar el desmunt lateral</div><div style=""padding: 5px 0;""><b>B)</b> Facilitar l’accés inicial, però no preparar vies d’extracció</div><div style=""padding: 5px 0;""><b>C)</b> Facilitar l’accés inicial o preparar una via d’extracció segura</div><div style=""padding: 5px 0;""><b>D)</b> Crear una via d’extracció només quan no hi ha portes disponibles</div></div></div>","<div style=""text-align: left; font-family: -apple-system, sans-serif;""><div style=""font-weight: bold; font-size: 16px; color: #10b981; margin-bottom: 8px;"">✓ Resposta Correcta: C</div><div style=""font-size: 14px; margin-bottom: 12px; padding: 10px; background: rgba(16,185,129,0.1); border-radius: 6px; border-left: 4px solid #10b981;"">C) Facilitar l’accés inicial o preparar una via d’extracció segura</div><hr style=""border: 0; border-top: 1px solid #ddd; margin: 12px 0;""><div style=""font-size: 13px; color: #444; line-height: 1.4;""><b style=""color: #111;"">Explicació:</b> MAN.SVVH.000 v1.2026

4.2.1. Gestió dels vidres

La gestió dels vidres facilita l’accés inicial dels equips o sanitaris i pot preparar una futura via segura d’extracció.</div></div>","T32_-_Accidents_de_mobilitat_viaria","racord_bbaa7c13-cf8c-4f35-ad3a-de9676536a92"
"<div style=""text-align: left; font-family: -apple-system, sans-serif;""><div style=""font-size: 11px; color: #888; margin-bottom: 6px;"">[T32 - Accidents de mobilitat viària] Pregunta 480</div><div style=""font-weight: bold; font-size: 16px; margin-bottom: 14px; line-height: 1.4;"">Quin vidre pot considerar-se especialment part estructural del vehicle?</div><div style=""font-size: 14px; line-height: 1.6;""><div style=""padding: 5px 0;""><b>A)</b> La lluna posterior</div><div style=""padding: 5px 0;""><b>B)</b> La finestreta lateral davantera</div><div style=""padding: 5px 0;""><b>C)</b> El parabrisa</div><div style=""padding: 5px 0;""><b>D)</b> El vidre panoràmic del sostre</div></div></div>","<div style=""text-align: left; font-family: -apple-system, sans-serif;""><div style=""font-weight: bold; font-size: 16px; color: #10b981; margin-bottom: 8px;"">✓ Resposta Correcta: C</div><div style=""font-size: 14px; margin-bottom: 12px; padding: 10px; background: rgba(16,185,129,0.1); border-radius: 6px; border-left: 4px solid #10b981;"">C) El parabrisa</div><hr style=""border: 0; border-top: 1px solid #ddd; margin: 12px 0;""><div style=""font-size: 13px; color: #444; line-height: 1.4;""><b style=""color: #111;"">Explicació:</b> MAN.SVVH.000 v1.2026

2.1.1. Parts dels vehicles

Els vidres tanquen l’habitacle i permeten la visibilitat; especialment el parabrisa pot considerar-se part estructural del vehicle.</div></div>","T32_-_Accidents_de_mobilitat_viaria","racord_b3f17d3b-2e84-4603-a8a2-1d1d93ace8de"
"<div style=""text-align: left; font-family: -apple-system, sans-serif;""><div style=""font-size: 11px; color: #888; margin-bottom: 6px;"">[T32 - Accidents de mobilitat viària] Pregunta 481</div><div style=""font-weight: bold; font-size: 16px; margin-bottom: 14px; line-height: 1.4;"">Una víctima que s'ha accidentat amb el seu turisme presenta un deteriorament clínic greu i el temps d’extracció és determinant. Quin tipus d’alliberament correspon?</div><div style=""font-size: 14px; line-height: 1.6;""><div style=""padding: 5px 0;""><b>A)</b> Alliberament mecànic, perquè hi ha un atrapament associat</div><div style=""padding: 5px 0;""><b>B)</b> Alliberament immediat</div><div style=""padding: 5px 0;""><b>C)</b> Alliberament controlat, perquè l’estat clínic greu obliga a minimitzar moviments</div><div style=""padding: 5px 0;""><b>D)</b> Alliberament d’emergència, sempre que no hi hagi incendi ni aturada cardíaca</div></div></div>","<div style=""text-align: left; font-family: -apple-system, sans-serif;""><div style=""font-weight: bold; font-size: 16px; color: #10b981; margin-bottom: 8px;"">✓ Resposta Correcta: B</div><div style=""font-size: 14px; margin-bottom: 12px; padding: 10px; background: rgba(16,185,129,0.1); border-radius: 6px; border-left: 4px solid #10b981;"">B) Alliberament immediat</div><hr style=""border: 0; border-top: 1px solid #ddd; margin: 12px 0;""><div style=""font-size: 13px; color: #444; line-height: 1.4;""><b style=""color: #111;"">Explicació:</b> MAN.SVVH.000 v1.2026

3.2.5. Tipus d’alliberament de les víctimes

En l’alliberament immediat la vida de la víctima corre perill imminent i el factor temps passa a ser determinant.</div></div>","T32_-_Accidents_de_mobilitat_viaria","racord_a80b04c8-47c6-4a91-93fa-3dea97541c2f"
"<div style=""text-align: left; font-family: -apple-system, sans-serif;""><div style=""font-size: 11px; color: #888; margin-bottom: 6px;"">[T32 - Accidents de mobilitat viària] Pregunta 482</div><div style=""font-weight: bold; font-size: 16px; margin-bottom: 14px; line-height: 1.4;"">Quins sistemes poden interferir en les tasques de rescat d’un autobús?</div><div style=""font-size: 14px; line-height: 1.6;""><div style=""padding: 5px 0;""><b>A)</b> Sistemes pneumàtics o de climatització actius</div><div style=""padding: 5px 0;""><b>B)</b> Sistemes hidràulics o elèctrics actius</div><div style=""padding: 5px 0;""><b>C)</b> Sistemes mecànics o pneumàtics actius</div><div style=""padding: 5px 0;""><b>D)</b> Sistemes mecànics o elèctrics actius</div></div></div>","<div style=""text-align: left; font-family: -apple-system, sans-serif;""><div style=""font-weight: bold; font-size: 16px; color: #10b981; margin-bottom: 8px;"">✓ Resposta Correcta: C</div><div style=""font-size: 14px; margin-bottom: 12px; padding: 10px; background: rgba(16,185,129,0.1); border-radius: 6px; border-left: 4px solid #10b981;"">C) Sistemes mecànics o pneumàtics actius</div><hr style=""border: 0; border-top: 1px solid #ddd; margin: 12px 0;""><div style=""font-size: 13px; color: #444; line-height: 1.4;""><b style=""color: #111;"">Explicació:</b> MAN.SVVH.000 v1.2026

2.2.1. El paper dels vehicles col·lectius en els accidents de trànsit

Els sistemes mecànics o pneumàtics actius poden interferir en les tasques de rescat.</div></div>","T32_-_Accidents_de_mobilitat_viaria","racord_63c0d400-6494-4cd5-aaea-a333c9e1416a"
"<div style=""text-align: left; font-family: -apple-system, sans-serif;""><div style=""font-size: 11px; color: #888; margin-bottom: 6px;"">[T32 - Accidents de mobilitat viària] Pregunta 483</div><div style=""font-weight: bold; font-size: 16px; margin-bottom: 14px; line-height: 1.4;"">Quina funció té la valoració en un accident de mobilitat viària?</div><div style=""font-size: 14px; line-height: 1.6;""><div style=""padding: 5px 0;""><b>A)</b> Garantir la seguretat, determinar recursos i adaptar les maniobres a l’escenari</div><div style=""padding: 5px 0;""><b>B)</b> Garantir la seguretat i establir recursos, però sense modificar les maniobres un cop iniciades</div><div style=""padding: 5px 0;""><b>C)</b> Adaptar les maniobres a l’escenari i determinar recursos, principalment després de l’accés a les víctimes</div><div style=""padding: 5px 0;""><b>D)</b> Determinar els recursos i adaptar les maniobres, deixant la seguretat global per a la fase de zonificació</div></div></div>","<div style=""text-align: left; font-family: -apple-system, sans-serif;""><div style=""font-weight: bold; font-size: 16px; color: #10b981; margin-bottom: 8px;"">✓ Resposta Correcta: A</div><div style=""font-size: 14px; margin-bottom: 12px; padding: 10px; background: rgba(16,185,129,0.1); border-radius: 6px; border-left: 4px solid #10b981;"">A) Garantir la seguretat, determinar recursos i adaptar les maniobres a l’escenari</div><hr style=""border: 0; border-top: 1px solid #ddd; margin: 12px 0;""><div style=""font-size: 13px; color: #444; line-height: 1.4;""><b style=""color: #111;"">Explicació:</b> MAN.SVVH.000 v1.2026

3. Va+2:28loració

La valoració és la fase prèvia i inicial de qualsevol intervenció en accidents de mobilitat. Una bona valoració operativa permet garantir la seguretat dels equips, determinar els recursos necessaris i adaptar les maniobres de rescat a les condicions reals de l’escenari.</div></div>","T32_-_Accidents_de_mobilitat_viaria","racord_4ba3d0b4-7bf4-434d-a7cd-c0f79cc3875d"
"<div style=""text-align: left; font-family: -apple-system, sans-serif;""><div style=""font-size: 11px; color: #888; margin-bottom: 6px;"">[T32 - Accidents de mobilitat viària] Pregunta 484</div><div style=""font-weight: bold; font-size: 16px; margin-bottom: 14px; line-height: 1.4;"">Quina funció tenen les maniobres complementàries en un accident de trànsit?</div><div style=""font-size: 14px; line-height: 1.6;""><div style=""padding: 5px 0;""><b>A)</b> Reduir el nombre de maniobres principals encara que no augmentin l’espai</div><div style=""padding: 5px 0;""><b>B)</b> Substituir les maniobres principals quan aquestes no són possibles</div><div style=""padding: 5px 0;""><b>C)</b> Generar exclusivament espai interior, sense modificar l’exterior</div><div style=""padding: 5px 0;""><b>D)</b> Ajudar a generar espai interior o exterior addicional</div></div></div>","<div style=""text-align: left; font-family: -apple-system, sans-serif;""><div style=""font-weight: bold; font-size: 16px; color: #10b981; margin-bottom: 8px;"">✓ Resposta Correcta: D</div><div style=""font-size: 14px; margin-bottom: 12px; padding: 10px; background: rgba(16,185,129,0.1); border-radius: 6px; border-left: 4px solid #10b981;"">D) Ajudar a generar espai interior o exterior addicional</div><hr style=""border: 0; border-top: 1px solid #ddd; margin: 12px 0;""><div style=""font-size: 13px; color: #444; line-height: 1.4;""><b style=""color: #111;"">Explicació:</b> MAN.SVVH.000 v1.2026

4.4. Maniobres complementàries

Les maniobres complementàries contribueixen a aconseguir espai interior o exterior addicional durant el rescat.</div></div>","T32_-_Accidents_de_mobilitat_viaria","racord_df356561-f357-4958-87d2-25ac296e04d8"
"<div style=""text-align: left; font-family: -apple-system, sans-serif;""><div style=""font-size: 11px; color: #888; margin-bottom: 6px;"">[T32 - Accidents de mobilitat viària] Pregunta 485</div><div style=""font-weight: bold; font-size: 16px; margin-bottom: 14px; line-height: 1.4;"">Quin risc comporta l’ús inadequat d’eines de rescat de gran força en un accident de trànsit?</div><div style=""font-size: 14px; line-height: 1.6;""><div style=""padding: 5px 0;""><b>A)</b> Lesions per contacte, atrapament o projeccions, especialment si l’eina treballa prop de la víctima</div><div style=""padding: 5px 0;""><b>B)</b> Lesions per contacte principalment per fallada de l’eina, no per una manipulació incorrecta</div><div style=""padding: 5px 0;""><b>C)</b> Lesions per projeccions només quan s’utilitzen eines de tall, no separadors o coixins</div><div style=""padding: 5px 0;""><b>D)</b> Lesions per contacte o projeccions</div></div></div>","<div style=""text-align: left; font-family: -apple-system, sans-serif;""><div style=""font-weight: bold; font-size: 16px; color: #10b981; margin-bottom: 8px;"">✓ Resposta Correcta: D</div><div style=""font-size: 14px; margin-bottom: 12px; padding: 10px; background: rgba(16,185,129,0.1); border-radius: 6px; border-left: 4px solid #10b981;"">D) Lesions per contacte o projeccions</div><hr style=""border: 0; border-top: 1px solid #ddd; margin: 12px 0;""><div style=""font-size: 13px; color: #444; line-height: 1.4;""><b style=""color: #111;"">Explicació:</b> MAN.SVVH.000 v1.2026

5.2. Riscos específics i mesures preventives — Eines i equips de treball

Cisalles, separadors, coixins pneumàtics i talladores tenen gran força i poden provocar lesions per contacte o projeccions si s’utilitzen sense control.</div></div>","T32_-_Accidents_de_mobilitat_viaria","racord_f538f421-5e05-4f3c-b350-68de615abc2c"
"<div style=""text-align: left; font-family: -apple-system, sans-serif;""><div style=""font-size: 11px; color: #888; margin-bottom: 6px;"">[T32 - Accidents de mobilitat viària] Pregunta 486</div><div style=""font-weight: bold; font-size: 16px; margin-bottom: 14px; line-height: 1.4;"">Quines condicions ambientals poden dificultar una intervenció per accident de trànsit?</div><div style=""font-size: 14px; line-height: 1.6;""><div style=""padding: 5px 0;""><b>A)</b> Pluja, vent, calor intensa o poca visibilitat, però no el fred si l’EPI és adequat</div><div style=""padding: 5px 0;""><b>B)</b> Fred, vent i calor intensa, mentre que la pluja només augmenta el risc viari</div><div style=""padding: 5px 0;""><b>C)</b> Pluja, fred i poca visibilitat; el vent i la calor afecten sobretot el trànsit</div><div style=""padding: 5px 0;""><b>D)</b> Pluja, fred, vent, calor intensa o poca visibilitat</div></div></div>","<div style=""text-align: left; font-family: -apple-system, sans-serif;""><div style=""font-weight: bold; font-size: 16px; color: #10b981; margin-bottom: 8px;"">✓ Resposta Correcta: D</div><div style=""font-size: 14px; margin-bottom: 12px; padding: 10px; background: rgba(16,185,129,0.1); border-radius: 6px; border-left: 4px solid #10b981;"">D) Pluja, fred, vent, calor intensa o poca visibilitat</div><hr style=""border: 0; border-top: 1px solid #ddd; margin: 12px 0;""><div style=""font-size: 13px; color: #444; line-height: 1.4;""><b style=""color: #111;"">Explicació:</b> MAN.SVVH.000 v1.2026

5.2. Riscos específics i mesures preventives — Factors ambientals

La pluja, el fred, el vent, la calor intensa o la poca visibilitat poden empitjorar les condicions de treball.</div></div>","T32_-_Accidents_de_mobilitat_viaria","racord_7b1f84ee-2db8-4425-96cc-55f6d4493e92"
"<div style=""text-align: left; font-family: -apple-system, sans-serif;""><div style=""font-size: 11px; color: #888; margin-bottom: 6px;"">[T32 - Accidents de mobilitat viària] Pregunta 487</div><div style=""font-weight: bold; font-size: 16px; margin-bottom: 14px; line-height: 1.4;"">Per què una fuita pot ser especialment rellevant en un vehicle pesant accidentat?</div><div style=""font-size: 14px; line-height: 1.6;""><div style=""padding: 5px 0;""><b>A)</b> Pel volum de fluids o pel tipus de càrrega transportada</div><div style=""padding: 5px 0;""><b>B)</b> Pel tipus de càrrega, però no pel volum de fluids del vehicle</div><div style=""padding: 5px 0;""><b>C)</b> Pel gran volum de fluids, independentment del tipus de càrrega</div><div style=""padding: 5px 0;""><b>D)</b> Per la major pressió dels circuits, encara que no hi hagi fuita de fluids o càrrega perillosa</div></div></div>","<div style=""text-align: left; font-family: -apple-system, sans-serif;""><div style=""font-weight: bold; font-size: 16px; color: #10b981; margin-bottom: 8px;"">✓ Resposta Correcta: A</div><div style=""font-size: 14px; margin-bottom: 12px; padding: 10px; background: rgba(16,185,129,0.1); border-radius: 6px; border-left: 4px solid #10b981;"">A) Pel volum de fluids o pel tipus de càrrega transportada</div><hr style=""border: 0; border-top: 1px solid #ddd; margin: 12px 0;""><div style=""font-size: 13px; color: #444; line-height: 1.4;""><b style=""color: #111;"">Explicació:</b> MAN.SVVH.000 v1.2026

5.2. Riscos específics i mesures preventives — Fuites i risc d’incendi

En vehicles pesants, el volum de fluids o el tipus de càrrega pot incrementar el perill associat a fuites i incendi.</div></div>","T32_-_Accidents_de_mobilitat_viaria","racord_806265b8-8ec7-4da5-a081-9a0e85ed4151"
"<div style=""text-align: left; font-family: -apple-system, sans-serif;""><div style=""font-size: 11px; color: #888; margin-bottom: 6px;"">[T32 - Accidents de mobilitat viària] Pregunta 488</div><div style=""font-weight: bold; font-size: 16px; margin-bottom: 14px; line-height: 1.4;"">Quina prioritat s’ha de garantir abans d’iniciar qualsevol maniobra en un accident de trànsit?</div><div style=""font-size: 14px; line-height: 1.6;""><div style=""padding: 5px 0;""><b>A)</b> La seguretat de les víctimes i l’accés sanitari, abans d’assegurar completament l’escenari</div><div style=""padding: 5px 0;""><b>B)</b> La seguretat de l’escenari i dels equips intervinents</div><div style=""padding: 5px 0;""><b>C)</b> L’estabilització immediata dels vehicles A, encara que l’escenari no estigui protegit</div><div style=""padding: 5px 0;""><b>D)</b> La delimitació de la zona calenta, deixant la resta de la zonificació per a una fase posterior</div></div></div>","<div style=""text-align: left; font-family: -apple-system, sans-serif;""><div style=""font-weight: bold; font-size: 16px; color: #10b981; margin-bottom: 8px;"">✓ Resposta Correcta: B</div><div style=""font-size: 14px; margin-bottom: 12px; padding: 10px; background: rgba(16,185,129,0.1); border-radius: 6px; border-left: 4px solid #10b981;"">B) La seguretat de l’escenari i dels equips intervinents</div><hr style=""border: 0; border-top: 1px solid #ddd; margin: 12px 0;""><div style=""font-size: 13px; color: #444; line-height: 1.4;""><b style=""color: #111;"">Explicació:</b> MAN.SVVH.000 v1.2026

5.1. Principis generals de seguretat

Abans de començar cap maniobra en un accident de trànsit és imprescindible garantir la seguretat de l’escenari i dels equips intervinents.</div></div>","T32_-_Accidents_de_mobilitat_viaria","racord_898e6df6-eed7-42ee-9818-f15e43835584"
"<div style=""text-align: left; font-family: -apple-system, sans-serif;""><div style=""font-size: 11px; color: #888; margin-bottom: 6px;"">[T32 - Accidents de mobilitat viària] Pregunta 489</div><div style=""font-weight: bold; font-size: 16px; margin-bottom: 14px; line-height: 1.4;"">D'acord amb els tipus d'impactes en accidents de mobilitat viària, en un xoc lateral, les lesions tendeixen a concentrar-se:</div><div style=""font-size: 14px; line-height: 1.6;""><div style=""padding: 5px 0;""><b>A)</b> De manera simètrica als dos costats de l’ocupant</div><div style=""padding: 5px 0;""><b>B)</b> Al costat oposat a l’impacte per l’efecte de la inèrcia</div><div style=""padding: 5px 0;""><b>C)</b> Al costat de l’impacte</div><div style=""padding: 5px 0;""><b>D)</b> Principalment a la columna cervical, independentment del costat de l’impacte</div></div></div>","<div style=""text-align: left; font-family: -apple-system, sans-serif;""><div style=""font-weight: bold; font-size: 16px; color: #10b981; margin-bottom: 8px;"">✓ Resposta Correcta: C</div><div style=""font-size: 14px; margin-bottom: 12px; padding: 10px; background: rgba(16,185,129,0.1); border-radius: 6px; border-left: 4px solid #10b981;"">C) Al costat de l’impacte</div><hr style=""border: 0; border-top: 1px solid #ddd; margin: 12px 0;""><div style=""font-size: 13px; color: #444; line-height: 1.4;""><b style=""color: #111;"">Explicació:</b> MAN.SVVH.000 v1.2026

3.2.1. Tipus d’impactes en accidents de mobilitat viària

En un xoc lateral, les lesions es focalitzen al costat de l’impacte i poden afectar extremitats, pelvis, cap, tòrax, abdomen i columna.</div></div>","T32_-_Accidents_de_mobilitat_viaria","racord_7e3a8ae4-cd93-4ba8-8057-cca5b021fa53"
"<div style=""text-align: left; font-family: -apple-system, sans-serif;""><div style=""font-size: 11px; color: #888; margin-bottom: 6px;"">[T32 - Accidents de mobilitat viària] Pregunta 490</div><div style=""font-weight: bold; font-size: 16px; margin-bottom: 14px; line-height: 1.4;"">En un impacte posterior, el mecanisme cervical característic és:</div><div style=""font-size: 14px; line-height: 1.6;""><div style=""padding: 5px 0;""><b>A)</b> Torsió cervical seguida d’hiperextensió</div><div style=""padding: 5px 0;""><b>B)</b> Hiperextensió seguida d’hiperflexió</div><div style=""padding: 5px 0;""><b>C)</b> Compressió axial seguida d’hiperflexió</div><div style=""padding: 5px 0;""><b>D)</b> Flexió lateral seguida d’extensió</div></div></div>","<div style=""text-align: left; font-family: -apple-system, sans-serif;""><div style=""font-weight: bold; font-size: 16px; color: #10b981; margin-bottom: 8px;"">✓ Resposta Correcta: B</div><div style=""font-size: 14px; margin-bottom: 12px; padding: 10px; background: rgba(16,185,129,0.1); border-radius: 6px; border-left: 4px solid #10b981;"">B) Hiperextensió seguida d’hiperflexió</div><hr style=""border: 0; border-top: 1px solid #ddd; margin: 12px 0;""><div style=""font-size: 13px; color: #444; line-height: 1.4;""><b style=""color: #111;"">Explicació:</b> MAN.SVVH.000 v1.2026

3.2.1. Tipus d’impactes en accidents de mobilitat viària

En el xoc posterior són característiques les lesions de columna cervical per fuetada, amb hiperextensió seguida d’hiperflexió.</div></div>","T32_-_Accidents_de_mobilitat_viaria","racord_b2a4d493-a942-44bf-bab5-94a4e05c58a6"
"<div style=""text-align: left; font-family: -apple-system, sans-serif;""><div style=""font-size: 11px; color: #888; margin-bottom: 6px;"">[T32 - Accidents de mobilitat viària] Pregunta 491</div><div style=""font-weight: bold; font-size: 16px; margin-bottom: 14px; line-height: 1.4;"">Quin objectiu té el tall de volant en una excarceració d’un accident de trànsit?</div><div style=""font-size: 14px; line-height: 1.6;""><div style=""padding: 5px 0;""><b>A)</b> Generar espai a la zona del conductor i evitar interferències durant la mobilització</div><div style=""padding: 5px 0;""><b>B)</b> Recuperar l’espai de les extremitats inferiors sense modificar el davantal</div><div style=""padding: 5px 0;""><b>C)</b> Eliminar el volant només quan impedeix tallar el muntant A</div><div style=""padding: 5px 0;""><b>D)</b> Alliberar el tors del conductor quan la columna de direcció l’està comprimint</div></div></div>","<div style=""text-align: left; font-family: -apple-system, sans-serif;""><div style=""font-weight: bold; font-size: 16px; color: #10b981; margin-bottom: 8px;"">✓ Resposta Correcta: A</div><div style=""font-size: 14px; margin-bottom: 12px; padding: 10px; background: rgba(16,185,129,0.1); border-radius: 6px; border-left: 4px solid #10b981;"">A) Generar espai a la zona del conductor i evitar interferències durant la mobilització</div><hr style=""border: 0; border-top: 1px solid #ddd; margin: 12px 0;""><div style=""font-size: 13px; color: #444; line-height: 1.4;""><b style=""color: #111;"">Explicació:</b> MAN.SVVH.000 v1.2026

4.4. Maniobres complementàries — Tall de volant

El tall de volant genera espai addicional a la zona del conductor i evita interferències amb els peus durant la mobilització.</div></div>","T32_-_Accidents_de_mobilitat_viaria","racord_098b92c9-9222-43c4-baa0-cddd0892ec87"
"<div style=""text-align: left; font-family: -apple-system, sans-serif;""><div style=""font-size: 11px; color: #888; margin-bottom: 6px;"">[T32 - Accidents de mobilitat viària] Pregunta 492</div><div style=""font-weight: bold; font-size: 16px; margin-bottom: 14px; line-height: 1.4;"">Quina característica tècnica defineix el Pla A en un actuació d'un accident de trànsit?</div><div style=""font-size: 14px; line-height: 1.6;""><div style=""padding: 5px 0;""><b>A)</b> Una extracció de qualitat centrada a reduir l’espai de treball per limitar moviments</div><div style=""padding: 5px 0;""><b>B)</b> Una maniobra progressiva que evita retirar muntants o seients per conservar la rigidesa</div><div style=""padding: 5px 0;""><b>C)</b> Una maniobra estructurada i progressiva amb gran generació d’espais</div><div style=""padding: 5px 0;""><b>D)</b> Una maniobra estructurada amb les mínimes modificacions possibles del vehicle</div></div></div>","<div style=""text-align: left; font-family: -apple-system, sans-serif;""><div style=""font-weight: bold; font-size: 16px; color: #10b981; margin-bottom: 8px;"">✓ Resposta Correcta: C</div><div style=""font-size: 14px; margin-bottom: 12px; padding: 10px; background: rgba(16,185,129,0.1); border-radius: 6px; border-left: 4px solid #10b981;"">C) Una maniobra estructurada i progressiva amb gran generació d’espais</div><hr style=""border: 0; border-top: 1px solid #ddd; margin: 12px 0;""><div style=""font-size: 13px; color: #444; line-height: 1.4;""><b style=""color: #111;"">Explicació:</b> MAN.SVVH.000 v1.2026

3.3. Valorar el Pla d’acció de la intervenció (PAI)

El Pla A implica una maniobra estructurada i progressiva amb gran generació d’espais mitjançant obertura de portes, retirada de muntants, sostres o seients.</div></div>","T32_-_Accidents_de_mobilitat_viaria","racord_89d53085-667f-4a34-915a-be87e770d353"
"<div style=""text-align: left; font-family: -apple-system, sans-serif;""><div style=""font-size: 11px; color: #888; margin-bottom: 6px;"">[T32 - Accidents de mobilitat viària] Pregunta 493</div><div style=""font-weight: bold; font-size: 16px; margin-bottom: 14px; line-height: 1.4;"">Els vehicles híbrids es poden classificar, de manera general, en:</div><div style=""font-size: 14px; line-height: 1.6;""><div style=""padding: 5px 0;""><b>A)</b> Endollables i elèctrics purs</div><div style=""padding: 5px 0;""><b>B)</b> Endollables i no endollables</div><div style=""padding: 5px 0;""><b>C)</b> Endollables i bivalents</div><div style=""padding: 5px 0;""><b>D)</b> No endollables i de pila de combustible</div></div></div>","<div style=""text-align: left; font-family: -apple-system, sans-serif;""><div style=""font-weight: bold; font-size: 16px; color: #10b981; margin-bottom: 8px;"">✓ Resposta Correcta: B</div><div style=""font-size: 14px; margin-bottom: 12px; padding: 10px; background: rgba(16,185,129,0.1); border-radius: 6px; border-left: 4px solid #10b981;"">B) Endollables i no endollables</div><hr style=""border: 0; border-top: 1px solid #ddd; margin: 12px 0;""><div style=""font-size: 13px; color: #444; line-height: 1.4;""><b style=""color: #111;"">Explicació:</b> MAN.SVVH.000 v1.2026

2.1.2. Sistemes de propulsió

Els vehicles híbrids poden ser endollables o no endollables.</div></div>","T32_-_Accidents_de_mobilitat_viaria","racord_3db1d55a-287c-4bd2-8d2d-ff51deb862f6"
"<div style=""text-align: left; font-family: -apple-system, sans-serif;""><div style=""font-size: 11px; color: #888; margin-bottom: 6px;"">[T32 - Accidents de mobilitat viària] Pregunta 494</div><div style=""font-weight: bold; font-size: 16px; margin-bottom: 14px; line-height: 1.4;"">En un accident de trànsit, què s’entén per estabilització del vehicle?</div><div style=""font-size: 14px; line-height: 1.6;""><div style=""padding: 5px 0;""><b>A)</b> Immobilitzar-lo en una posició que faciliti l’extracció, encara que no coincideixi amb la posició d’arribada</div><div style=""padding: 5px 0;""><b>B)</b> Reduir-ne els moviments principals, sense necessitat d’impedir qualsevol moviment residual</div><div style=""padding: 5px 0;""><b>C)</b> Retornar-lo a una posició estable sempre que no es mobilitzi directament la víctima</div><div style=""padding: 5px 0;""><b>D)</b> Immobilitzar-lo en la posició en què es troba a l’arribada dels equips</div></div></div>","<div style=""text-align: left; font-family: -apple-system, sans-serif;""><div style=""font-weight: bold; font-size: 16px; color: #10b981; margin-bottom: 8px;"">✓ Resposta Correcta: D</div><div style=""font-size: 14px; margin-bottom: 12px; padding: 10px; background: rgba(16,185,129,0.1); border-radius: 6px; border-left: 4px solid #10b981;"">D) Immobilitzar-lo en la posició en què es troba a l’arribada dels equips</div><hr style=""border: 0; border-top: 1px solid #ddd; margin: 12px 0;""><div style=""font-size: 13px; color: #444; line-height: 1.4;""><b style=""color: #111;"">Explicació:</b> MAN.SVVH.000 v1.2026

4.1. Maniobres d’estabilització

L’estabilització consisteix a immobilitzar el vehicle en la posició en què es troba a l’arribada dels equips per evitar l’agreujament de les lesions i els riscos per al personal.</div></div>","T32_-_Accidents_de_mobilitat_viaria","racord_d525f206-1132-4476-9721-43db6c82a03c"
"<div style=""text-align: left; font-family: -apple-system, sans-serif;""><div style=""font-size: 11px; color: #888; margin-bottom: 6px;"">[T32 - Accidents de mobilitat viària] Pregunta 495</div><div style=""font-weight: bold; font-size: 16px; margin-bottom: 14px; line-height: 1.4;"">Els trens de mercaderies poden transportar:</div><div style=""font-size: 14px; line-height: 1.6;""><div style=""padding: 5px 0;""><b>A)</b> Contenidors, passatgers i vehicles de mobilitat personal</div><div style=""padding: 5px 0;""><b>B)</b> Contenidors, mercaderies a granel i passatgers</div><div style=""padding: 5px 0;""><b>C)</b> Contenidors, mercaderies a granel i productes perillosos</div><div style=""padding: 5px 0;""><b>D)</b> Mercaderies a granel, productes perillosos i equipatge de viatgers</div></div></div>","<div style=""text-align: left; font-family: -apple-system, sans-serif;""><div style=""font-weight: bold; font-size: 16px; color: #10b981; margin-bottom: 8px;"">✓ Resposta Correcta: C</div><div style=""font-size: 14px; margin-bottom: 12px; padding: 10px; background: rgba(16,185,129,0.1); border-radius: 6px; border-left: 4px solid #10b981;"">C) Contenidors, mercaderies a granel i productes perillosos</div><hr style=""border: 0; border-top: 1px solid #ddd; margin: 12px 0;""><div style=""font-size: 13px; color: #444; line-height: 1.4;""><b style=""color: #111;"">Explicació:</b> MAN.SVVH.000 v1.2026

2.4.1. Tipus de trens

Els trens de mercaderies poden transportar contenidors, mercaderies a granel i productes perillosos.</div></div>","T32_-_Accidents_de_mobilitat_viaria","racord_c117451a-cf71-4bff-924b-7cbc1eea0925"
"<div style=""text-align: left; font-family: -apple-system, sans-serif;""><div style=""font-size: 11px; color: #888; margin-bottom: 6px;"">[T32 - Accidents de mobilitat viària] Pregunta 496</div><div style=""font-weight: bold; font-size: 16px; margin-bottom: 14px; line-height: 1.4;"">Un camió accidentat està inclinat i la càrrega s’ha desplaçat. Quina actuació preventiva és prioritària abans de manipular-lo?</div><div style=""font-size: 14px; line-height: 1.6;""><div style=""padding: 5px 0;""><b>A)</b> Controlar la càrrega i començar l’accés, completant l’estabilització quan s’hagin identificat els punts de treball</div><div style=""padding: 5px 0;""><b>B)</b> Estabilitzar l’estructura del vehicle i retirar després la càrrega abans de valorar-ne el desplaçament</div><div style=""padding: 5px 0;""><b>C)</b> Estabilitzar-lo i controlar prèviament la càrrega i l’estructura</div><div style=""padding: 5px 0;""><b>D)</b> Assegurar primer la càrrega i iniciar la manipulació mentre es completa l’estabilització</div></div></div>","<div style=""text-align: left; font-family: -apple-system, sans-serif;""><div style=""font-weight: bold; font-size: 16px; color: #10b981; margin-bottom: 8px;"">✓ Resposta Correcta: C</div><div style=""font-size: 14px; margin-bottom: 12px; padding: 10px; background: rgba(16,185,129,0.1); border-radius: 6px; border-left: 4px solid #10b981;"">C) Estabilitzar-lo i controlar prèviament la càrrega i l’estructura</div><hr style=""border: 0; border-top: 1px solid #ddd; margin: 12px 0;""><div style=""font-size: 13px; color: #444; line-height: 1.4;""><b style=""color: #111;"">Explicació:</b> MAN.SVVH.000 v1.2026

5.2. Riscos específics i mesures preventives — Inestabilitat del vehicle

Davant la inestabilitat s’ha d’aplicar estabilització primària i secundària i controlar la càrrega i l’estructura abans de manipular.</div></div>","T32_-_Accidents_de_mobilitat_viaria","racord_811075bc-9125-4031-8383-4fb2aa2c65af"
"<div style=""text-align: left; font-family: -apple-system, sans-serif;""><div style=""font-size: 11px; color: #888; margin-bottom: 6px;"">[T32 - Accidents de mobilitat viària] Pregunta 497</div><div style=""font-weight: bold; font-size: 16px; margin-bottom: 14px; line-height: 1.4;"">Sobre quin punt es pot recolzar el pistó durant un desplaçament del muntant B?</div><div style=""font-size: 14px; line-height: 1.6;""><div style=""padding: 5px 0;""><b>A)</b> Sobre el muntant A oposat, la talonera contrària o el túnel central</div><div style=""padding: 5px 0;""><b>B)</b> Sobre el muntant B oposat, el para-xocs o el túnel central</div><div style=""padding: 5px 0;""><b>C)</b> Sobre qualsevol element rígid del costat contrari, inclòs el marc del parabrisa</div><div style=""padding: 5px 0;""><b>D)</b> Sobre el muntant B oposat, la talonera contrària o el túnel central</div></div></div>","<div style=""text-align: left; font-family: -apple-system, sans-serif;""><div style=""font-weight: bold; font-size: 16px; color: #10b981; margin-bottom: 8px;"">✓ Resposta Correcta: D</div><div style=""font-size: 14px; margin-bottom: 12px; padding: 10px; background: rgba(16,185,129,0.1); border-radius: 6px; border-left: 4px solid #10b981;"">D) Sobre el muntant B oposat, la talonera contrària o el túnel central</div><hr style=""border: 0; border-top: 1px solid #ddd; margin: 12px 0;""><div style=""font-size: 13px; color: #444; line-height: 1.4;""><b style=""color: #111;"">Explicació:</b> MAN.SVVH.000 v1.2026

4.3. Maniobres d’excarceració — Desplaçament de muntant B

Per empènyer el muntant B amb un pistó hidràulic, el suport s’ha de fer sobre punts sòlids, com el muntant B oposat, la talonera contrària o el túnel central.</div></div>","T32_-_Accidents_de_mobilitat_viaria","racord_1e9aec86-d381-4eb7-82b4-0524812887ce"
"<div style=""text-align: left; font-family: -apple-system, sans-serif;""><div style=""font-size: 11px; color: #888; margin-bottom: 6px;"">[T32 - Accidents de mobilitat viària] Pregunta 498</div><div style=""font-weight: bold; font-size: 16px; margin-bottom: 14px; line-height: 1.4;"">Indica quina de les següents afirmacions és INCORRECTA sobre el desmunt parcial de sostre:</div><div style=""font-size: 14px; line-height: 1.6;""><div style=""padding: 5px 0;""><b>A)</b> Pot reduir el risc de moviments incontrolats del mateix sostre</div><div style=""padding: 5px 0;""><b>B)</b> El desmunt parcial pot ser més ràpid que el total</div><div style=""padding: 5px 0;""><b>C)</b> El desmunt parcial sempre genera més espai superior que el desmunt total</div><div style=""padding: 5px 0;""><b>D)</b> Pot adaptar-se a la direcció prevista d’extracció</div></div></div>","<div style=""text-align: left; font-family: -apple-system, sans-serif;""><div style=""font-weight: bold; font-size: 16px; color: #10b981; margin-bottom: 8px;"">✓ Resposta Correcta: C</div><div style=""font-size: 14px; margin-bottom: 12px; padding: 10px; background: rgba(16,185,129,0.1); border-radius: 6px; border-left: 4px solid #10b981;"">C) El desmunt parcial sempre genera més espai superior que el desmunt total</div><hr style=""border: 0; border-top: 1px solid #ddd; margin: 12px 0;""><div style=""font-size: 13px; color: #444; line-height: 1.4;""><b style=""color: #111;"">Explicació:</b> MAN.SVVH.000 v1.2026

4.2.4. Desmunts de sostre — Desmunt parcial

El desmunt parcial retira una part del sostre i pot resultar més ràpid que el total, amb menys risc de moviments incontrolats del propi sostre.</div></div>","T32_-_Accidents_de_mobilitat_viaria","racord_17caf29e-b12f-47bb-9139-b4f1af73c6a7"
"<div style=""text-align: left; font-family: -apple-system, sans-serif;""><div style=""font-size: 11px; color: #888; margin-bottom: 6px;"">[T32 - Accidents de mobilitat viària] Pregunta 499</div><div style=""font-weight: bold; font-size: 16px; margin-bottom: 14px; line-height: 1.4;"">Per a quin tipus de recorreguts estan concebuts els autocars?</div><div style=""font-size: 14px; line-height: 1.6;""><div style=""padding: 5px 0;""><b>A)</b> Recorreguts mitjans o llargs</div><div style=""padding: 5px 0;""><b>B)</b> Recorreguts exclusivament de llarga distància</div><div style=""padding: 5px 0;""><b>C)</b> Recorreguts principalment urbans</div><div style=""padding: 5px 0;""><b>D)</b> Recorreguts curts o mitjans</div></div></div>","<div style=""text-align: left; font-family: -apple-system, sans-serif;""><div style=""font-weight: bold; font-size: 16px; color: #10b981; margin-bottom: 8px;"">✓ Resposta Correcta: A</div><div style=""font-size: 14px; margin-bottom: 12px; padding: 10px; background: rgba(16,185,129,0.1); border-radius: 6px; border-left: 4px solid #10b981;"">A) Recorreguts mitjans o llargs</div><hr style=""border: 0; border-top: 1px solid #ddd; margin: 12px 0;""><div style=""font-size: 13px; color: #444; line-height: 1.4;""><b style=""color: #111;"">Explicació:</b> MAN.SVVH.000 v1.2026

2.2.2. Tipologia i classificació dels autobusos

Els autocars estan concebuts per a recorreguts mitjans o llargs i prioritzen la comoditat i seguretat dels passatgers.</div></div>","T32_-_Accidents_de_mobilitat_viaria","racord_5098c219-2ec6-4e2b-9574-a9afd6306501"
"<div style=""text-align: left; font-family: -apple-system, sans-serif;""><div style=""font-size: 11px; color: #888; margin-bottom: 6px;"">[T32 - Accidents de mobilitat viària] Pregunta 500</div><div style=""font-weight: bold; font-size: 16px; margin-bottom: 14px; line-height: 1.4;"">Quina situació és un indicador d’impacte d’alta energia?</div><div style=""font-size: 14px; line-height: 1.6;""><div style=""padding: 5px 0;""><b>A)</b> Que hi hagi deformacions evidents sense necessitat de cap altre indicador</div><div style=""padding: 5px 0;""><b>B)</b> Que el vehicle s’hagi desplaçat 7 metres exactes, encara que no hi hagi altres signes</div><div style=""padding: 5px 0;""><b>C)</b> Que el vehicle s’hagi desplaçat més de 5 metres des del punt d’impacte</div><div style=""padding: 5px 0;""><b>D)</b> Que el vehicle s’hagi desplaçat més de 7 metres des del punt d’impacte</div></div></div>","<div style=""text-align: left; font-family: -apple-system, sans-serif;""><div style=""font-weight: bold; font-size: 16px; color: #10b981; margin-bottom: 8px;"">✓ Resposta Correcta: D</div><div style=""font-size: 14px; margin-bottom: 12px; padding: 10px; background: rgba(16,185,129,0.1); border-radius: 6px; border-left: 4px solid #10b981;"">D) Que el vehicle s’hagi desplaçat més de 7 metres des del punt d’impacte</div><hr style=""border: 0; border-top: 1px solid #ddd; margin: 12px 0;""><div style=""font-size: 13px; color: #444; line-height: 1.4;""><b style=""color: #111;"">Explicació:</b> MAN.SVVH.000 v1.2026

3.2.6. Biomecànica de l’accident de trànsit

Entre els indicadors d’alta energia hi ha un desplaçament del vehicle superior a 7 metres des del lloc de l’impacte, deformacions evidents, activació d’airbags i bolcada.</div></div>","T32_-_Accidents_de_mobilitat_viaria","racord_a67dd1cd-b895-4bb9-bb6b-a2dca7293006"
"<div style=""text-align: left; font-family: -apple-system, sans-serif;""><div style=""font-size: 11px; color: #888; margin-bottom: 6px;"">[T32 - Accidents de mobilitat viària] Pregunta 501</div><div style=""font-weight: bold; font-size: 16px; margin-bottom: 14px; line-height: 1.4;"">La denominació dels muntants d’un vehicle segueix aquest criteri:</div><div style=""font-size: 14px; line-height: 1.6;""><div style=""padding: 5px 0;""><b>A)</b> Per ordre alfabètic des de la part davantera i en el sentit de la marxa</div><div style=""padding: 5px 0;""><b>B)</b> Per ordre alfabètic des de la part davantera i en sentit contrari a la marxa</div><div style=""padding: 5px 0;""><b>C)</b> Per ordre alfabètic des de la part posterior i en sentit contrari a la marxa</div><div style=""padding: 5px 0;""><b>D)</b> Per ordre numèric des de la part davantera i en el sentit de la marxa</div></div></div>","<div style=""text-align: left; font-family: -apple-system, sans-serif;""><div style=""font-weight: bold; font-size: 16px; color: #10b981; margin-bottom: 8px;"">✓ Resposta Correcta: A</div><div style=""font-size: 14px; margin-bottom: 12px; padding: 10px; background: rgba(16,185,129,0.1); border-radius: 6px; border-left: 4px solid #10b981;"">A) Per ordre alfabètic des de la part davantera i en el sentit de la marxa</div><hr style=""border: 0; border-top: 1px solid #ddd; margin: 12px 0;""><div style=""font-size: 13px; color: #444; line-height: 1.4;""><b style=""color: #111;"">Explicació:</b> MAN.SVVH.000 v1.2026

2.1.1. Parts dels vehicles

Els muntants es denominen per ordre alfabètic a partir de la part davantera del vehicle i en el sentit de la marxa.</div></div>","T32_-_Accidents_de_mobilitat_viaria","racord_b183dbd6-8e76-4784-8f51-db7d0a9601a6"
"<div style=""text-align: left; font-family: -apple-system, sans-serif;""><div style=""font-size: 11px; color: #888; margin-bottom: 6px;"">[T32 - Accidents de mobilitat viària] Pregunta 502</div><div style=""font-weight: bold; font-size: 16px; margin-bottom: 14px; line-height: 1.4;"">Per què poden quedar inutilitzades les portes d’un tren accidentat?</div><div style=""font-size: 14px; line-height: 1.6;""><div style=""padding: 5px 0;""><b>A)</b> Per bloquejos mecànics, baixa tensió auxiliar o inclinació del vagó</div><div style=""padding: 5px 0;""><b>B)</b> Per deformacions, pèrdua de pressió pneumàtica o fallades elèctriques</div><div style=""padding: 5px 0;""><b>C)</b> Per deformacions, fallades elèctriques o bloquejos mecànics</div><div style=""padding: 5px 0;""><b>D)</b> Per fallades elèctriques, trencament de catenària o manca de tracció</div></div></div>","<div style=""text-align: left; font-family: -apple-system, sans-serif;""><div style=""font-weight: bold; font-size: 16px; color: #10b981; margin-bottom: 8px;"">✓ Resposta Correcta: C</div><div style=""font-size: 14px; margin-bottom: 12px; padding: 10px; background: rgba(16,185,129,0.1); border-radius: 6px; border-left: 4px solid #10b981;"">C) Per deformacions, fallades elèctriques o bloquejos mecànics</div><hr style=""border: 0; border-top: 1px solid #ddd; margin: 12px 0;""><div style=""font-size: 13px; color: #444; line-height: 1.4;""><b style=""color: #111;"">Explicació:</b> MAN.SVVH.000 v1.2026

2.4.5. Consideracions operatives bàsiques

En un accident, les portes poden quedar inutilitzades per deformacions, fallades elèctriques o bloquejos mecànics.</div></div>","T32_-_Accidents_de_mobilitat_viaria","racord_f1f83b4a-004e-4a40-8f7e-ff3e0ebfb7c5"
"<div style=""text-align: left; font-family: -apple-system, sans-serif;""><div style=""font-size: 11px; color: #888; margin-bottom: 6px;"">[T32 - Accidents de mobilitat viària] Pregunta 503</div><div style=""font-weight: bold; font-size: 16px; margin-bottom: 14px; line-height: 1.4;"">A banda del propi vehicle, quina situació pot generar risc elèctric en un accident de trànsit?</div><div style=""font-size: 14px; line-height: 1.6;""><div style=""padding: 5px 0;""><b>A)</b> L’afectació de línies aèries o instal·lacions urbanes</div><div style=""padding: 5px 0;""><b>B)</b> La presència de línies aèries només quan el vehicle és híbrid o elèctric</div><div style=""padding: 5px 0;""><b>C)</b> Qualsevol instal·lació urbana afectada, però només després de començar a manipular el vehicle</div><div style=""padding: 5px 0;""><b>D)</b> L’afectació de línies aèries, però no d’instal·lacions urbanes soterrades</div></div></div>","<div style=""text-align: left; font-family: -apple-system, sans-serif;""><div style=""font-weight: bold; font-size: 16px; color: #10b981; margin-bottom: 8px;"">✓ Resposta Correcta: A</div><div style=""font-size: 14px; margin-bottom: 12px; padding: 10px; background: rgba(16,185,129,0.1); border-radius: 6px; border-left: 4px solid #10b981;"">A) L’afectació de línies aèries o instal·lacions urbanes</div><hr style=""border: 0; border-top: 1px solid #ddd; margin: 12px 0;""><div style=""font-size: 13px; color: #444; line-height: 1.4;""><b style=""color: #111;"">Explicació:</b> MAN.SVVH.000 v1.2026

5.2. Riscos específics i mesures preventives — Risc elèctric

També hi pot haver perill elèctric quan l’accident afecta línies aèries o instal·lacions urbanes.</div></div>","T32_-_Accidents_de_mobilitat_viaria","racord_59a6c675-893a-4755-b914-faf9b7ad943f"
"<div style=""text-align: left; font-family: -apple-system, sans-serif;""><div style=""font-size: 11px; color: #888; margin-bottom: 6px;"">[T32 - Accidents de mobilitat viària] Pregunta 504</div><div style=""font-weight: bold; font-size: 16px; margin-bottom: 14px; line-height: 1.4;"">Els peus d’una víctima han quedat atrapats pels pedals deformats. Quin criteri s’ha d’aplicar?</div><div style=""font-size: 14px; line-height: 1.6;""><div style=""padding: 5px 0;""><b>A)</b> Actuar primer sobre el seient i valorar els pedals només després de mobilitzar la víctima</div><div style=""padding: 5px 0;""><b>B)</b> Intentar desplaçar els pedals i evitar-ne el tall si és possible</div><div style=""padding: 5px 0;""><b>C)</b> Tallar els pedals si estan deformats, perquè desplaçar-los pot augmentar el risc</div><div style=""padding: 5px 0;""><b>D)</b> Desplaçar o tallar els pedals segons l’accés, sense preferència per evitar el tall</div></div></div>","<div style=""text-align: left; font-family: -apple-system, sans-serif;""><div style=""font-weight: bold; font-size: 16px; color: #10b981; margin-bottom: 8px;"">✓ Resposta Correcta: B</div><div style=""font-size: 14px; margin-bottom: 12px; padding: 10px; background: rgba(16,185,129,0.1); border-radius: 6px; border-left: 4px solid #10b981;"">B) Intentar desplaçar els pedals i evitar-ne el tall si és possible</div><hr style=""border: 0; border-top: 1px solid #ddd; margin: 12px 0;""><div style=""font-size: 13px; color: #444; line-height: 1.4;""><b style=""color: #111;"">Explicació:</b> MAN.SVVH.000 v1.2026

4.4. Maniobres complementàries — Desplaçament o tall de pedals

La maniobra sobre els pedals busca alliberar els peus atrapats per la seva deformació i, quan és possible, evitar el tall per reduir riscos addicionals.</div></div>","T32_-_Accidents_de_mobilitat_viaria","racord_102e5c16-2f51-477e-a638-ea2ad6c926d3"
"<div style=""text-align: left; font-family: -apple-system, sans-serif;""><div style=""font-size: 11px; color: #888; margin-bottom: 6px;"">[T32 - Accidents de mobilitat viària] Pregunta 505</div><div style=""font-weight: bold; font-size: 16px; margin-bottom: 14px; line-height: 1.4;"">Quina definició correspon a un atrapament físic 1?</div><div style=""font-size: 14px; line-height: 1.6;""><div style=""padding: 5px 0;""><b>A)</b> La víctima està enganxada a la ferralla, però les lesions són lleus</div><div style=""padding: 5px 0;""><b>B)</b> Hi ha deformació estructural lleu, però la víctima no està comprimida</div><div style=""padding: 5px 0;""><b>C)</b> No hi ha atrapament estructural, però les lesions exigeixen crear més espai per al rescat</div><div style=""padding: 5px 0;""><b>D)</b> No hi ha atrapament estructural i la víctima pot sortir, però es crea espai només per comoditat</div></div></div>","<div style=""text-align: left; font-family: -apple-system, sans-serif;""><div style=""font-weight: bold; font-size: 16px; color: #10b981; margin-bottom: 8px;"">✓ Resposta Correcta: C</div><div style=""font-size: 14px; margin-bottom: 12px; padding: 10px; background: rgba(16,185,129,0.1); border-radius: 6px; border-left: 4px solid #10b981;"">C) No hi ha atrapament estructural, però les lesions exigeixen crear més espai per al rescat</div><hr style=""border: 0; border-top: 1px solid #ddd; margin: 12px 0;""><div style=""font-size: 13px; color: #444; line-height: 1.4;""><b style=""color: #111;"">Explicació:</b> MAN.SVVH.000 v1.2026

3.2.4. Tipus d’atrapament

En l’atrapament físic 1 no hi ha atrapament estructural, però les lesions obliguen a crear un espai més gran per evitar-ne l’agreujament.</div></div>","T32_-_Accidents_de_mobilitat_viaria","racord_5e5d21db-76c9-41bc-a583-b2b524e200ed"
"<div style=""text-align: left; font-family: -apple-system, sans-serif;""><div style=""font-size: 11px; color: #888; margin-bottom: 6px;"">[T32 - Accidents de mobilitat viària] Pregunta 506</div><div style=""font-weight: bold; font-size: 16px; margin-bottom: 14px; line-height: 1.4;"">La classificació de la seguretat del vehicle en activa, passiva i terciària es fa segons:</div><div style=""font-size: 14px; line-height: 1.6;""><div style=""padding: 5px 0;""><b>A)</b> Segons si actua sobre el conductor, l’ocupant o els equips d’emergència</div><div style=""padding: 5px 0;""><b>B)</b> Segons el moment en què actua</div><div style=""padding: 5px 0;""><b>C)</b> Segons la funció principal que exerceix cada sistema</div><div style=""padding: 5px 0;""><b>D)</b> Segons la gravetat de l’accident en què intervé</div></div></div>","<div style=""text-align: left; font-family: -apple-system, sans-serif;""><div style=""font-weight: bold; font-size: 16px; color: #10b981; margin-bottom: 8px;"">✓ Resposta Correcta: B</div><div style=""font-size: 14px; margin-bottom: 12px; padding: 10px; background: rgba(16,185,129,0.1); border-radius: 6px; border-left: 4px solid #10b981;"">B) Segons el moment en què actua</div><hr style=""border: 0; border-top: 1px solid #ddd; margin: 12px 0;""><div style=""font-size: 13px; color: #444; line-height: 1.4;""><b style=""color: #111;"">Explicació:</b> MAN.SVVH.000 v1.2026

2.1.4. Seguretat dels vehicles

La seguretat dels vehicles es classifica segons el moment en què actua per protegir els ocupants o evitar danys.</div></div>","T32_-_Accidents_de_mobilitat_viaria","racord_fe6e816d-788b-4c13-98d3-cdc201e827f4"
"<div style=""text-align: left; font-family: -apple-system, sans-serif;""><div style=""font-size: 11px; color: #888; margin-bottom: 6px;"">[T32 - Accidents de mobilitat viària] Pregunta 507</div><div style=""font-weight: bold; font-size: 16px; margin-bottom: 14px; line-height: 1.4;"">Quina mesura és adequada davant el risc biològic en l’atenció a una víctima que ha patit un accident de trànsit?</div><div style=""font-size: 14px; line-height: 1.6;""><div style=""padding: 5px 0;""><b>A)</b> Utilitzar guants i evitar punxades o contacte amb ferides obertes</div><div style=""padding: 5px 0;""><b>B)</b> Utilitzar guants dobles en tot moment i manipular els punxants amb cura sense necessitat de contenidor</div><div style=""padding: 5px 0;""><b>C)</b> Evitar el contacte amb ferides obertes, encara que els guants es poden reutilitzar si no estan trencats</div><div style=""padding: 5px 0;""><b>D)</b> Utilitzar guants i evitar punxades, retirant-los només si cal més sensibilitat en una maniobra fina</div></div></div>","<div style=""text-align: left; font-family: -apple-system, sans-serif;""><div style=""font-weight: bold; font-size: 16px; color: #10b981; margin-bottom: 8px;"">✓ Resposta Correcta: A</div><div style=""font-size: 14px; margin-bottom: 12px; padding: 10px; background: rgba(16,185,129,0.1); border-radius: 6px; border-left: 4px solid #10b981;"">A) Utilitzar guants i evitar punxades o contacte amb ferides obertes</div><hr style=""border: 0; border-top: 1px solid #ddd; margin: 12px 0;""><div style=""font-size: 13px; color: #444; line-height: 1.4;""><b style=""color: #111;"">Explicació:</b> MAN.SVVH.000 v1.2026

5.2. Riscos específics i mesures preventives — Risc biològic

S’han d’utilitzar guants quan hi hagi contacte amb una víctima o amb el seu entorn i cal evitar punxades o contacte amb ferides obertes.</div></div>","T32_-_Accidents_de_mobilitat_viaria","racord_adb1bdea-c857-459f-ab96-63120a864346"
"<div style=""text-align: left; font-family: -apple-system, sans-serif;""><div style=""font-size: 11px; color: #888; margin-bottom: 6px;"">[T32 - Accidents de mobilitat viària] Pregunta 508</div><div style=""font-weight: bold; font-size: 16px; margin-bottom: 14px; line-height: 1.4;"">Indica quina de les següents afirmacions és INCORRECTA respecte de l’autoprotecció individual:</div><div style=""font-size: 14px; line-height: 1.6;""><div style=""padding: 5px 0;""><b>A)</b> La revisió periòdica de l’EPI pot delegar-se completament en un altre membre de l’equip</div><div style=""padding: 5px 0;""><b>B)</b> Revisar l’EPI de manera periòdica forma part de les responsabilitats de cada bomber</div><div style=""padding: 5px 0;""><b>C)</b> L’EPI s’ha d’adaptar als riscos i a la maniobra concreta</div><div style=""padding: 5px 0;""><b>D)</b> Portar correctament l’EPI forma part de l’autoprotecció individual</div></div></div>","<div style=""text-align: left; font-family: -apple-system, sans-serif;""><div style=""font-weight: bold; font-size: 16px; color: #10b981; margin-bottom: 8px;"">✓ Resposta Correcta: A</div><div style=""font-size: 14px; margin-bottom: 12px; padding: 10px; background: rgba(16,185,129,0.1); border-radius: 6px; border-left: 4px solid #10b981;"">A) La revisió periòdica de l’EPI pot delegar-se completament en un altre membre de l’equip</div><hr style=""border: 0; border-top: 1px solid #ddd; margin: 12px 0;""><div style=""font-size: 13px; color: #444; line-height: 1.4;""><b style=""color: #111;"">Explicació:</b> MAN.SVVH.000 v1.2026

5.1. Principis generals de seguretat — EPI

Portar correctament els EPI i revisar-los sovint forma part de l’autoprotecció de cada bomber.</div></div>","T32_-_Accidents_de_mobilitat_viaria","racord_40e2366d-d2a7-4146-9f6b-79ee75266f1f"
"<div style=""text-align: left; font-family: -apple-system, sans-serif;""><div style=""font-size: 11px; color: #888; margin-bottom: 6px;"">[T32 - Accidents de mobilitat viària] Pregunta 509</div><div style=""font-weight: bold; font-size: 16px; margin-bottom: 14px; line-height: 1.4;"">En accidents amb autobusos, autocars i altres vehicles col·lectius, indica l’afirmació CORRECTA:</div><div style=""font-size: 14px; line-height: 1.6;""><div style=""padding: 5px 0;""><b>A)</b> Solen implicar menys víctimes que els turismes, però requereixen una extracció més ràpida</div><div style=""padding: 5px 0;""><b>B)</b> Poden implicar múltiples víctimes, però la major capacitat d’accés sol reduir la necessitat de coordinació operativa</div><div style=""padding: 5px 0;""><b>C)</b> Poden implicar múltiples víctimes i exigir una gestió ràpida i precisa de l’atenció, la mobilització i l’extracció</div><div style=""padding: 5px 0;""><b>D)</b> La seva principal complexitat deriva de la càrrega de substàncies perilloses, més que del nombre d’ocupants</div></div></div>","<div style=""text-align: left; font-family: -apple-system, sans-serif;""><div style=""font-weight: bold; font-size: 16px; color: #10b981; margin-bottom: 8px;"">✓ Resposta Correcta: C</div><div style=""font-size: 14px; margin-bottom: 12px; padding: 10px; background: rgba(16,185,129,0.1); border-radius: 6px; border-left: 4px solid #10b981;"">C) Poden implicar múltiples víctimes i exigir una gestió ràpida i precisa de l’atenció, la mobilització i l’extracció</div><hr style=""border: 0; border-top: 1px solid #ddd; margin: 12px 0;""><div style=""font-size: 13px; color: #444; line-height: 1.4;""><b style=""color: #111;"">Explicació:</b> MAN.SVVH.000 v1.2026

1.2. Els accidents de mobilitat viària

Els accidents amb autobusos, autocars i altres vehicles col·lectius poden involucrar múltiples víctimes, exigint una gestió ràpida i precisa en l’atenció sanitària, la mobilització i l’extracció.</div></div>","T32_-_Accidents_de_mobilitat_viaria","racord_32e54a41-f18a-471b-a557-ff95d864c6ae"
"<div style=""text-align: left; font-family: -apple-system, sans-serif;""><div style=""font-size: 11px; color: #888; margin-bottom: 6px;"">[T32 - Accidents de mobilitat viària] Pregunta 510</div><div style=""font-weight: bold; font-size: 16px; margin-bottom: 14px; line-height: 1.4;"">Un vehicle ha quedat tombat sobre un costat i es necessita crear una gran obertura pel sostre. Quina maniobra d’abordatge és adequada?</div><div style=""font-size: 14px; line-height: 1.6;""><div style=""padding: 5px 0;""><b>A)</b> Un desmunt total de sostre, independentment de la posició lateral</div><div style=""padding: 5px 0;""><b>B)</b> Un desmunt lateral de sostre</div><div style=""padding: 5px 0;""><b>C)</b> Un desmunt parcial anterior orientat cap a la banda superior</div><div style=""padding: 5px 0;""><b>D)</b> Un desplaçament vertical de sostre amb pistó</div></div></div>","<div style=""text-align: left; font-family: -apple-system, sans-serif;""><div style=""font-weight: bold; font-size: 16px; color: #10b981; margin-bottom: 8px;"">✓ Resposta Correcta: B</div><div style=""font-size: 14px; margin-bottom: 12px; padding: 10px; background: rgba(16,185,129,0.1); border-radius: 6px; border-left: 4px solid #10b981;"">B) Un desmunt lateral de sostre</div><hr style=""border: 0; border-top: 1px solid #ddd; margin: 12px 0;""><div style=""font-size: 13px; color: #444; line-height: 1.4;""><b style=""color: #111;"">Explicació:</b> MAN.SVVH.000 v1.2026

4.2.4. Desmunts de sostre — Desmunt lateral

En una bolcada lateral, el desmunt lateral de sostre permet accedir i extreure víctimes pel sostre; es pot abatre cap al terra amb eines hidràuliques o tallar amb serra per sota del travesser longitudinal.</div></div>","T32_-_Accidents_de_mobilitat_viaria","racord_349e9d98-7124-4906-a896-04398f4c6435"
"<div style=""text-align: left; font-family: -apple-system, sans-serif;""><div style=""font-size: 11px; color: #888; margin-bottom: 6px;"">[T32 - Accidents de mobilitat viària] Pregunta 511</div><div style=""font-weight: bold; font-size: 16px; margin-bottom: 14px; line-height: 1.4;"">Què condiciona en gran mesura les maniobres de rescat que s’han d’efectuar en un accident de trànsit?</div><div style=""font-size: 14px; line-height: 1.6;""><div style=""padding: 5px 0;""><b>A)</b> El tipus d’alliberament que necessita la víctima</div><div style=""padding: 5px 0;""><b>B)</b> La posició final del vehicle com a criteri principal</div><div style=""padding: 5px 0;""><b>C)</b> La biomecànica de l’impacte, independentment de l’atrapament existent</div><div style=""padding: 5px 0;""><b>D)</b> El tipus de vehicle i el material disponible, per davant de les necessitats de la víctima</div></div></div>","<div style=""text-align: left; font-family: -apple-system, sans-serif;""><div style=""font-weight: bold; font-size: 16px; color: #10b981; margin-bottom: 8px;"">✓ Resposta Correcta: A</div><div style=""font-size: 14px; margin-bottom: 12px; padding: 10px; background: rgba(16,185,129,0.1); border-radius: 6px; border-left: 4px solid #10b981;"">A) El tipus d’alliberament que necessita la víctima</div><hr style=""border: 0; border-top: 1px solid #ddd; margin: 12px 0;""><div style=""font-size: 13px; color: #444; line-height: 1.4;""><b style=""color: #111;"">Explicació:</b> MAN.SVVH.000 v1.2026

3.2.5. Tipus d’alliberament de les víctimes

El tipus d’alliberament necessari ha de determinar en gran mesura les maniobres que cal efectuar.</div></div>","T32_-_Accidents_de_mobilitat_viaria","racord_8cd0faa0-8f00-4642-8e70-224055e2ff83"
"<div style=""text-align: left; font-family: -apple-system, sans-serif;""><div style=""font-size: 11px; color: #888; margin-bottom: 6px;"">[T32 - Accidents de mobilitat viària] Pregunta 512</div><div style=""font-weight: bold; font-size: 16px; margin-bottom: 14px; line-height: 1.4;"">En un rescat viari, què caracteritza un desmunt total de sostre?</div><div style=""font-size: 14px; line-height: 1.6;""><div style=""padding: 5px 0;""><b>A)</b> L’abatiment complet del sostre sense separar-lo del vehicle</div><div style=""padding: 5px 0;""><b>B)</b> La retirada de la part anterior del sostre mantenint-ne la zona posterior</div><div style=""padding: 5px 0;""><b>C)</b> La retirada completa del sostre del vehicle</div><div style=""padding: 5px 0;""><b>D)</b> El tall de tots els muntants sense retirar físicament el sostre</div></div></div>","<div style=""text-align: left; font-family: -apple-system, sans-serif;""><div style=""font-weight: bold; font-size: 16px; color: #10b981; margin-bottom: 8px;"">✓ Resposta Correcta: C</div><div style=""font-size: 14px; margin-bottom: 12px; padding: 10px; background: rgba(16,185,129,0.1); border-radius: 6px; border-left: 4px solid #10b981;"">C) La retirada completa del sostre del vehicle</div><hr style=""border: 0; border-top: 1px solid #ddd; margin: 12px 0;""><div style=""font-size: 13px; color: #444; line-height: 1.4;""><b style=""color: #111;"">Explicació:</b> MAN.SVVH.000 v1.2026

4.2.4. Desmunts de sostre — Desmunt total

El desmunt total de sostre retira completament el sostre per facilitar la mobilització i l’extracció de víctimes atrapades.</div></div>","T32_-_Accidents_de_mobilitat_viaria","racord_9e589e1e-b856-4b6e-b2e5-0a7ab9bf66d7"
"<div style=""text-align: left; font-family: -apple-system, sans-serif;""><div style=""font-size: 11px; color: #888; margin-bottom: 6px;"">[T32 - Accidents de mobilitat viària] Pregunta 513</div><div style=""font-weight: bold; font-size: 16px; margin-bottom: 14px; line-height: 1.4;"">Quin factor pot determinar que calgui combinar diverses maniobres d’excarceració en un accident de trànsit?</div><div style=""font-size: 14px; line-height: 1.6;""><div style=""padding: 5px 0;""><b>A)</b> El tipus de sistema de propulsió, per sobre del mecanisme lesiu</div><div style=""padding: 5px 0;""><b>B)</b> La biomecànica del sinistre</div><div style=""padding: 5px 0;""><b>C)</b> El nombre de víctimes com a criteri principal per combinar maniobres</div><div style=""padding: 5px 0;""><b>D)</b> La posició final del vehicle, independentment del tipus d’impacte</div></div></div>","<div style=""text-align: left; font-family: -apple-system, sans-serif;""><div style=""font-weight: bold; font-size: 16px; color: #10b981; margin-bottom: 8px;"">✓ Resposta Correcta: B</div><div style=""font-size: 14px; margin-bottom: 12px; padding: 10px; background: rgba(16,185,129,0.1); border-radius: 6px; border-left: 4px solid #10b981;"">B) La biomecànica del sinistre</div><hr style=""border: 0; border-top: 1px solid #ddd; margin: 12px 0;""><div style=""font-size: 13px; color: #444; line-height: 1.4;""><b style=""color: #111;"">Explicació:</b> MAN.SVVH.000 v1.2026

4.3. Maniobres d’excarceració

La biomecànica del sinistre pot fer necessari combinar diverses maniobres d’excarceració.</div></div>","T32_-_Accidents_de_mobilitat_viaria","racord_6e31581e-3e82-493a-ad24-4d05480bb1a4"
"<div style=""text-align: left; font-family: -apple-system, sans-serif;""><div style=""font-size: 11px; color: #888; margin-bottom: 6px;"">[T32 - Accidents de mobilitat viària] Pregunta 514</div><div style=""font-weight: bold; font-size: 16px; margin-bottom: 14px; line-height: 1.4;"">Per què són rellevants operativament les dimensions i el pes d’un autobús?</div><div style=""font-size: 14px; line-height: 1.6;""><div style=""padding: 5px 0;""><b>A)</b> Perquè condicionen estabilització, accessos inferiors i moviments no desitjats</div><div style=""padding: 5px 0;""><b>B)</b> Perquè condicionen l’estabilització, els accessos inferiors i la ubicació dels sistemes de propulsió</div><div style=""padding: 5px 0;""><b>C)</b> Perquè determinen l’estabilització, el nombre de vies d’evacuació i la rigidesa estructural</div><div style=""padding: 5px 0;""><b>D)</b> Perquè condicionen els moviments no desitjats, la visibilitat i el tipus de combustible</div></div></div>","<div style=""text-align: left; font-family: -apple-system, sans-serif;""><div style=""font-weight: bold; font-size: 16px; color: #10b981; margin-bottom: 8px;"">✓ Resposta Correcta: A</div><div style=""font-size: 14px; margin-bottom: 12px; padding: 10px; background: rgba(16,185,129,0.1); border-radius: 6px; border-left: 4px solid #10b981;"">A) Perquè condicionen estabilització, accessos inferiors i moviments no desitjats</div><hr style=""border: 0; border-top: 1px solid #ddd; margin: 12px 0;""><div style=""font-size: 13px; color: #444; line-height: 1.4;""><b style=""color: #111;"">Explicació:</b> MAN.SVVH.000 v1.2026

2.2.3. Dimensions i pesos

Les dimensions i el pes influeixen en l’estabilització, l’accés a zones inferiors i la previsió de moviments no desitjats.</div></div>","T32_-_Accidents_de_mobilitat_viaria","racord_620c6d0c-6a59-4e91-a1f4-f2668cd234b3"
"<div style=""text-align: left; font-family: -apple-system, sans-serif;""><div style=""font-size: 11px; color: #888; margin-bottom: 6px;"">[T32 - Accidents de mobilitat viària] Pregunta 515</div><div style=""font-weight: bold; font-size: 16px; margin-bottom: 14px; line-height: 1.4;"">Amb quins mitjans es pot efectuar de manera controlada un desplaçament de davantal?</div><div style=""font-size: 14px; line-height: 1.6;""><div style=""padding: 5px 0;""><b>A)</b> Amb puntals o tractels mecànics</div><div style=""padding: 5px 0;""><b>B)</b> Amb separadors o cisalles hidràuliques</div><div style=""padding: 5px 0;""><b>C)</b> Amb pistons o eines hidràuliques</div><div style=""padding: 5px 0;""><b>D)</b> Amb tacs i coixins pneumàtics exclusivament</div></div></div>","<div style=""text-align: left; font-family: -apple-system, sans-serif;""><div style=""font-weight: bold; font-size: 16px; color: #10b981; margin-bottom: 8px;"">✓ Resposta Correcta: C</div><div style=""font-size: 14px; margin-bottom: 12px; padding: 10px; background: rgba(16,185,129,0.1); border-radius: 6px; border-left: 4px solid #10b981;"">C) Amb pistons o eines hidràuliques</div><hr style=""border: 0; border-top: 1px solid #ddd; margin: 12px 0;""><div style=""font-size: 13px; color: #444; line-height: 1.4;""><b style=""color: #111;"">Explicació:</b> MAN.SVVH.000 v1.2026

4.3. Maniobres d’excarceració — Desplaçament de davantal

El davantal es desplaça de forma controlada amb pistons o eines hidràuliques per generar espai d’extracció.</div></div>","T32_-_Accidents_de_mobilitat_viaria","racord_2111dbbb-39a3-40a9-91f4-57fd739f89b7"
"<div style=""text-align: left; font-family: -apple-system, sans-serif;""><div style=""font-size: 11px; color: #888; margin-bottom: 6px;"">[T32 - Accidents de mobilitat viària] Pregunta 516</div><div style=""font-weight: bold; font-size: 16px; margin-bottom: 14px; line-height: 1.4;"">Quina característica poden presentar els camions amb més eixos?</div><div style=""font-size: 14px; line-height: 1.6;""><div style=""padding: 5px 0;""><b>A)</b> Suspensió més complexa i sistemes d’elevació d’eixos</div><div style=""padding: 5px 0;""><b>B)</b> Suspensions més complexes, però sense possibilitat d’elevació d’eixos</div><div style=""padding: 5px 0;""><b>C)</b> Suspensions pneumàtiques obligatòries i eixos sempre fixes</div><div style=""padding: 5px 0;""><b>D)</b> Suspensions més simples i sistemes d’elevació d’eixos</div></div></div>","<div style=""text-align: left; font-family: -apple-system, sans-serif;""><div style=""font-weight: bold; font-size: 16px; color: #10b981; margin-bottom: 8px;"">✓ Resposta Correcta: A</div><div style=""font-size: 14px; margin-bottom: 12px; padding: 10px; background: rgba(16,185,129,0.1); border-radius: 6px; border-left: 4px solid #10b981;"">A) Suspensió més complexa i sistemes d’elevació d’eixos</div><hr style=""border: 0; border-top: 1px solid #ddd; margin: 12px 0;""><div style=""font-size: 13px; color: #444; line-height: 1.4;""><b style=""color: #111;"">Explicació:</b> MAN.SVVH.000 v1.2026

2.3.2. Configuració dels eixos i capacitat

Els camions amb més eixos solen tenir suspensions més complexes i poden incorporar elevació d’eixos.</div></div>","T32_-_Accidents_de_mobilitat_viaria","racord_c085e63d-e91c-4e11-ae73-a397bef59207"
"<div style=""text-align: left; font-family: -apple-system, sans-serif;""><div style=""font-size: 11px; color: #888; margin-bottom: 6px;"">[T32 - Accidents de mobilitat viària] Pregunta 517</div><div style=""font-weight: bold; font-size: 16px; margin-bottom: 14px; line-height: 1.4;"">En camions de 3 eixos són habituals les configuracions:</div><div style=""font-size: 14px; line-height: 1.6;""><div style=""padding: 5px 0;""><b>A)</b> 6x2 o 6x4</div><div style=""padding: 5px 0;""><b>B)</b> 4x2 o 6x4</div><div style=""padding: 5px 0;""><b>C)</b> 6x4 o 8x4</div><div style=""padding: 5px 0;""><b>D)</b> 6x2 o 6x6</div></div></div>","<div style=""text-align: left; font-family: -apple-system, sans-serif;""><div style=""font-weight: bold; font-size: 16px; color: #10b981; margin-bottom: 8px;"">✓ Resposta Correcta: A</div><div style=""font-size: 14px; margin-bottom: 12px; padding: 10px; background: rgba(16,185,129,0.1); border-radius: 6px; border-left: 4px solid #10b981;"">A) 6x2 o 6x4</div><hr style=""border: 0; border-top: 1px solid #ddd; margin: 12px 0;""><div style=""font-size: 13px; color: #444; line-height: 1.4;""><b style=""color: #111;"">Explicació:</b> MAN.SVVH.000 v1.2026

2.3.2. Configuració dels eixos i capacitat

Els camions de 3 eixos poden tenir configuracions 6x2 o 6x4 i són comuns en transports mitjans i pesants.</div></div>","T32_-_Accidents_de_mobilitat_viaria","racord_4863d0e5-7f8c-4989-81a4-d947321a3a26"
"<div style=""text-align: left; font-family: -apple-system, sans-serif;""><div style=""font-size: 11px; color: #888; margin-bottom: 6px;"">[T32 - Accidents de mobilitat viària] Pregunta 518</div><div style=""font-weight: bold; font-size: 16px; margin-bottom: 14px; line-height: 1.4;"">Després d’atendre una víctima portant guants, quina mesura d’higiene s’ha de mantenir?</div><div style=""font-size: 14px; line-height: 1.6;""><div style=""padding: 5px 0;""><b>A)</b> Fer higiene de mans</div><div style=""padding: 5px 0;""><b>B)</b> Canviar els guants i fer higiene de mans al final de totes les atencions del servei</div><div style=""padding: 5px 0;""><b>C)</b> Fer higiene de mans després de la intervenció només quan hi hagi contacte directe amb sang</div><div style=""padding: 5px 0;""><b>D)</b> Fer higiene de mans només si els guants s’han trencat o contaminat visiblement</div></div></div>","<div style=""text-align: left; font-family: -apple-system, sans-serif;""><div style=""font-weight: bold; font-size: 16px; color: #10b981; margin-bottom: 8px;"">✓ Resposta Correcta: A</div><div style=""font-size: 14px; margin-bottom: 12px; padding: 10px; background: rgba(16,185,129,0.1); border-radius: 6px; border-left: 4px solid #10b981;"">A) Fer higiene de mans</div><hr style=""border: 0; border-top: 1px solid #ddd; margin: 12px 0;""><div style=""font-size: 13px; color: #444; line-height: 1.4;""><b style=""color: #111;"">Explicació:</b> MAN.SVVH.000 v1.2026

5.2. Riscos específics i mesures preventives — Risc biològic

La higiene de mans s’ha de fer després de cada intervenció encara que s’hagin utilitzat guants.</div></div>","T32_-_Accidents_de_mobilitat_viaria","racord_9e2e393d-4144-4152-989e-8f4be7694b77"
"<div style=""text-align: left; font-family: -apple-system, sans-serif;""><div style=""font-size: 11px; color: #888; margin-bottom: 6px;"">[T32 - Accidents de mobilitat viària] Pregunta 519</div><div style=""font-weight: bold; font-size: 16px; margin-bottom: 14px; line-height: 1.4;"">Segons el sistema de càrrega d’un camió, poden aparèixer riscos com:</div><div style=""font-size: 14px; line-height: 1.6;""><div style=""padding: 5px 0;""><b>A)</b> Fugues de productes, pèrdua de pressió dels pneumàtics i bloqueig de portes</div><div style=""padding: 5px 0;""><b>B)</b> Fugues, energia cinètica alliberada i càrregues desplaçades</div><div style=""padding: 5px 0;""><b>C)</b> Sobreescalfament, descàrrega elèctrica i càrregues desplaçades</div><div style=""padding: 5px 0;""><b>D)</b> Fugues de productes, energia potencial acumulada i càrregues estabilitzades</div></div></div>","<div style=""text-align: left; font-family: -apple-system, sans-serif;""><div style=""font-weight: bold; font-size: 16px; color: #10b981; margin-bottom: 8px;"">✓ Resposta Correcta: B</div><div style=""font-size: 14px; margin-bottom: 12px; padding: 10px; background: rgba(16,185,129,0.1); border-radius: 6px; border-left: 4px solid #10b981;"">B) Fugues, energia cinètica alliberada i càrregues desplaçades</div><hr style=""border: 0; border-top: 1px solid #ddd; margin: 12px 0;""><div style=""font-size: 13px; color: #444; line-height: 1.4;""><b style=""color: #111;"">Explicació:</b> MAN.SVVH.000 v1.2026

2.3.3. Sistemes de càrrega i tipus de contenidor

Els sistemes de càrrega poden condicionar riscos com fugues de productes, alliberament d’energia cinètica o càrregues desplaçades.</div></div>","T32_-_Accidents_de_mobilitat_viaria","racord_2674f947-98a2-4e9d-9818-44cb9db46bbd"
"<div style=""text-align: left; font-family: -apple-system, sans-serif;""><div style=""font-size: 11px; color: #888; margin-bottom: 6px;"">[T32 - Accidents de mobilitat viària] Pregunta 520</div><div style=""font-weight: bold; font-size: 16px; margin-bottom: 14px; line-height: 1.4;"">En relació amb la seguretat operativa en accidents de mobilitat, indica l’objectiu CORRECTE:</div><div style=""font-size: 14px; line-height: 1.6;""><div style=""padding: 5px 0;""><b>A)</b> Fomentar la cultura de la seguretat operativa tant en la prevenció com durant l’actuació directa</div><div style=""padding: 5px 0;""><b>B)</b> Orientar la prevenció a reduir els accidents i reservar la seguretat operativa a les maniobres tècniques</div><div style=""padding: 5px 0;""><b>C)</b> Integrar la seguretat operativa principalment durant l’actuació directa, un cop produït l’accident</div><div style=""padding: 5px 0;""><b>D)</b> Uniformitzar les maniobres d’intervenció per reduir el temps de resposta, prioritzant l’eficiència operativa</div></div></div>","<div style=""text-align: left; font-family: -apple-system, sans-serif;""><div style=""font-weight: bold; font-size: 16px; color: #10b981; margin-bottom: 8px;"">✓ Resposta Correcta: A</div><div style=""font-size: 14px; margin-bottom: 12px; padding: 10px; background: rgba(16,185,129,0.1); border-radius: 6px; border-left: 4px solid #10b981;"">A) Fomentar la cultura de la seguretat operativa tant en la prevenció com durant l’actuació directa</div><hr style=""border: 0; border-top: 1px solid #ddd; margin: 12px 0;""><div style=""font-size: 13px; color: #444; line-height: 1.4;""><b style=""color: #111;"">Explicació:</b> MAN.SVVH.000 v1.2026

1.1. Context de la mobilitat a Catalunya

El manual té l’objectiu de fomentar la cultura de la seguretat operativa, tant en la prevenció com durant l’actuació directa.</div></div>","T32_-_Accidents_de_mobilitat_viaria","racord_a318aaee-e3d3-4e14-8636-06fc536e49e0"
"<div style=""text-align: left; font-family: -apple-system, sans-serif;""><div style=""font-size: 11px; color: #888; margin-bottom: 6px;"">[T32 - Accidents de mobilitat viària] Pregunta 521</div><div style=""font-weight: bold; font-size: 16px; margin-bottom: 14px; line-height: 1.4;"">L’estabilització primària d’un vehicle es caracteritza per l’ús de:</div><div style=""font-size: 14px; line-height: 1.6;""><div style=""padding: 5px 0;""><b>A)</b> Tacs, eslingues i coixins</div><div style=""padding: 5px 0;""><b>B)</b> Tacs i cunyes</div><div style=""padding: 5px 0;""><b>C)</b> Tacs, cunyes i puntals</div><div style=""padding: 5px 0;""><b>D)</b> Cunyes, puntals i tractels</div></div></div>","<div style=""text-align: left; font-family: -apple-system, sans-serif;""><div style=""font-weight: bold; font-size: 16px; color: #10b981; margin-bottom: 8px;"">✓ Resposta Correcta: B</div><div style=""font-size: 14px; margin-bottom: 12px; padding: 10px; background: rgba(16,185,129,0.1); border-radius: 6px; border-left: 4px solid #10b981;"">B) Tacs i cunyes</div><hr style=""border: 0; border-top: 1px solid #ddd; margin: 12px 0;""><div style=""font-size: 13px; color: #444; line-height: 1.4;""><b style=""color: #111;"">Explicació:</b> MAN.SVVH.000 v1.2026

4.1.2. Estabilització primària

L’estabilització primària estableix un nivell d’estabilització mecànica amb tacs i cunyes.</div></div>","T32_-_Accidents_de_mobilitat_viaria","racord_1c84b8ae-e9d9-48b4-aea4-27f057054296"
"<div style=""text-align: left; font-family: -apple-system, sans-serif;""><div style=""font-size: 11px; color: #888; margin-bottom: 6px;"">[T32 - Accidents de mobilitat viària] Pregunta 522</div><div style=""font-weight: bold; font-size: 16px; margin-bottom: 14px; line-height: 1.4;"">Quina diferència bàsica hi ha entre un vehicle bivalent i un vehicle elèctric?</div><div style=""font-size: 14px; line-height: 1.6;""><div style=""padding: 5px 0;""><b>A)</b> El bivalent combina un motor tèrmic i un d’elèctric, mentre que l���elèctric només utilitza bateries</div><div style=""padding: 5px 0;""><b>B)</b> El bivalent utilitza una pila de combustible i l’elèctric un motor de combustió assistit</div><div style=""padding: 5px 0;""><b>C)</b> El bivalent utilitza gas en un motor elèctric i l’elèctric funciona amb bateries d’alt voltatge</div><div style=""padding: 5px 0;""><b>D)</b> El bivalent usa combustió adaptada a gas i l’elèctric usa bateries d’alt voltatge</div></div></div>","<div style=""text-align: left; font-family: -apple-system, sans-serif;""><div style=""font-weight: bold; font-size: 16px; color: #10b981; margin-bottom: 8px;"">✓ Resposta Correcta: D</div><div style=""font-size: 14px; margin-bottom: 12px; padding: 10px; background: rgba(16,185,129,0.1); border-radius: 6px; border-left: 4px solid #10b981;"">D) El bivalent usa combustió adaptada a gas i l’elèctric usa bateries d’alt voltatge</div><hr style=""border: 0; border-top: 1px solid #ddd; margin: 12px 0;""><div style=""font-size: 13px; color: #444; line-height: 1.4;""><b style=""color: #111;"">Explicació:</b> MAN.SVVH.000 v1.2026

2.1.2. Sistemes de propulsió

Els vehicles bivalents utilitzen un motor de combustió adaptat, mentre que els elèctrics treballen amb bateries d’alt voltatge.</div></div>","T32_-_Accidents_de_mobilitat_viaria","racord_4b9746e3-77b0-4abd-9b3d-2823c300706b"
"<div style=""text-align: left; font-family: -apple-system, sans-serif;""><div style=""font-size: 11px; color: #888; margin-bottom: 6px;"">[T32 - Accidents de mobilitat viària] Pregunta 523</div><div style=""font-weight: bold; font-size: 16px; margin-bottom: 14px; line-height: 1.4;"">Indica quina de les següents afirmacions és INCORRECTA respecte de les bateries d’un vehicle accidentat:</div><div style=""font-size: 14px; line-height: 1.6;""><div style=""padding: 5px 0;""><b>A)</b> La decisió sobre la desconnexió s’ha d’integrar dins les mesures de seguretat de l’escenari</div><div style=""padding: 5px 0;""><b>B)</b> La bateria pot estar relacionada amb riscos que cal controlar durant la intervenció</div><div style=""padding: 5px 0;""><b>C)</b> La desconnexió de la bateria s’ha de fer quan les condicions ho permeten</div><div style=""padding: 5px 0;""><b>D)</b> La mesura preventiva general consisteix a retirar físicament la bateria del vehicle sempre que sigui accessible</div></div></div>","<div style=""text-align: left; font-family: -apple-system, sans-serif;""><div style=""font-weight: bold; font-size: 16px; color: #10b981; margin-bottom: 8px;"">✓ Resposta Correcta: D</div><div style=""font-size: 14px; margin-bottom: 12px; padding: 10px; background: rgba(16,185,129,0.1); border-radius: 6px; border-left: 4px solid #10b981;"">D) La mesura preventiva general consisteix a retirar físicament la bateria del vehicle sempre que sigui accessible</div><hr style=""border: 0; border-top: 1px solid #ddd; margin: 12px 0;""><div style=""font-size: 13px; color: #444; line-height: 1.4;""><b style=""color: #111;"">Explicació:</b> MAN.SVVH.000 v1.2026

5.2. Riscos específics i mesures preventives — Fuites i risc d’incendi

La desconnexió de bateries s’ha de fer quan sigui possible com a mesura preventiva davant determinats riscos.</div></div>","T32_-_Accidents_de_mobilitat_viaria","racord_3848bd72-496a-4108-8b84-2aa6b084b80b"
"<div style=""text-align: left; font-family: -apple-system, sans-serif;""><div style=""font-size: 11px; color: #888; margin-bottom: 6px;"">[T32 - Accidents de mobilitat viària] Pregunta 524</div><div style=""font-weight: bold; font-size: 16px; margin-bottom: 14px; line-height: 1.4;"">Quina posició defineix una bolcada total d'un vehicle?</div><div style=""font-size: 14px; line-height: 1.6;""><div style=""padding: 5px 0;""><b>A)</b> Vehicle sobre el sostre amb les quatre rodes enlaire</div><div style=""padding: 5px 0;""><b>B)</b> Vehicle sobre el sostre encara que una roda mantingui contacte amb el terra</div><div style=""padding: 5px 0;""><b>C)</b> Vehicle invertit amb part del sostre i dues rodes recolzades</div><div style=""padding: 5px 0;""><b>D)</b> Vehicle sobre un lateral amb les quatre rodes sense contacte amb el terra</div></div></div>","<div style=""text-align: left; font-family: -apple-system, sans-serif;""><div style=""font-weight: bold; font-size: 16px; color: #10b981; margin-bottom: 8px;"">✓ Resposta Correcta: A</div><div style=""font-size: 14px; margin-bottom: 12px; padding: 10px; background: rgba(16,185,129,0.1); border-radius: 6px; border-left: 4px solid #10b981;"">A) Vehicle sobre el sostre amb les quatre rodes enlaire</div><hr style=""border: 0; border-top: 1px solid #ddd; margin: 12px 0;""><div style=""font-size: 13px; color: #444; line-height: 1.4;""><b style=""color: #111;"">Explicació:</b> MAN.SVVH.000 v1.2026

3.2.2. Posicions dels vehicles després d’un accident de mobilitat viària

En una bolcada total el vehicle queda aturat sobre el sostre, amb les quatre rodes enlaire.</div></div>","T32_-_Accidents_de_mobilitat_viaria","racord_9386a81d-25f3-4487-ab75-b322fd14abc4"
"<div style=""text-align: left; font-family: -apple-system, sans-serif;""><div style=""font-size: 11px; color: #888; margin-bottom: 6px;"">[T32 - Accidents de mobilitat viària] Pregunta 525</div><div style=""font-weight: bold; font-size: 16px; margin-bottom: 14px; line-height: 1.4;"">En un accident de trànsit, entre les maniobres pròpies de l’abordatge trobem:</div><div style=""font-size: 14px; line-height: 1.6;""><div style=""padding: 5px 0;""><b>A)</b> Gestió de vidres, desplaçament de volant i desmunt de sostre</div><div style=""padding: 5px 0;""><b>B)</b> Gestió de vidres, obertura de portes, desmunt lateral i desmunt de sostre</div><div style=""padding: 5px 0;""><b>C)</b> Obertura de portes, desplaçament de davantal i gestió de vidres</div><div style=""padding: 5px 0;""><b>D)</b> Gestió de vidres, tall de pedals, desmunt lateral i desmunt de sostre</div></div></div>","<div style=""text-align: left; font-family: -apple-system, sans-serif;""><div style=""font-weight: bold; font-size: 16px; color: #10b981; margin-bottom: 8px;"">✓ Resposta Correcta: B</div><div style=""font-size: 14px; margin-bottom: 12px; padding: 10px; background: rgba(16,185,129,0.1); border-radius: 6px; border-left: 4px solid #10b981;"">B) Gestió de vidres, obertura de portes, desmunt lateral i desmunt de sostre</div><hr style=""border: 0; border-top: 1px solid #ddd; margin: 12px 0;""><div style=""font-size: 13px; color: #444; line-height: 1.4;""><b style=""color: #111;"">Explicació:</b> MAN.SVVH.000 v1.2026

4.2. Maniobres d’abordatge

Entre les maniobres habituals d’abordatge hi ha la gestió dels vidres, l’obertura de portes, els desmunts laterals i els desmunts de sostre.</div></div>","T32_-_Accidents_de_mobilitat_viaria","racord_f4129aff-4851-4be6-b9f5-dbecc9fd5760"
"<div style=""text-align: left; font-family: -apple-system, sans-serif;""><div style=""font-size: 11px; color: #888; margin-bottom: 6px;"">[T32 - Accidents de mobilitat viària] Pregunta 526</div><div style=""font-weight: bold; font-size: 16px; margin-bottom: 14px; line-height: 1.4;"">D'acord amb la composició d'un tren, quina funció tenen els bogis?</div><div style=""font-size: 14px; line-height: 1.6;""><div style=""padding: 5px 0;""><b>A)</b> Suportar el vehicle i permetre-li girar</div><div style=""padding: 5px 0;""><b>B)</b> Guiar el vehicle sobre la via sense suportar-ne el pes principal</div><div style=""padding: 5px 0;""><b>C)</b> Suportar el vehicle i actuar exclusivament com a sistema de frenada</div><div style=""padding: 5px 0;""><b>D)</b> Suportar el vehicle i absorbir els impactes sense permetre girs</div></div></div>","<div style=""text-align: left; font-family: -apple-system, sans-serif;""><div style=""font-weight: bold; font-size: 16px; color: #10b981; margin-bottom: 8px;"">✓ Resposta Correcta: A</div><div style=""font-size: 14px; margin-bottom: 12px; padding: 10px; background: rgba(16,185,129,0.1); border-radius: 6px; border-left: 4px solid #10b981;"">A) Suportar el vehicle i permetre-li girar</div><hr style=""border: 0; border-top: 1px solid #ddd; margin: 12px 0;""><div style=""font-size: 13px; color: #444; line-height: 1.4;""><b style=""color: #111;"">Explicació:</b> MAN.SVVH.000 v1.2026

2.4.2. Composició d’un tren

Sota cada cotxe hi ha un o dos bogis que suporten el vehicle i li permeten girar.</div></div>","T32_-_Accidents_de_mobilitat_viaria","racord_a3ac08ab-1619-4884-a8a1-72dbeb05755b"