"Front","Back","Tag","ID"
"<div style=""text-align: left; font-family: -apple-system, sans-serif;""><div style=""font-size: 11px; color: #888; margin-bottom: 6px;"">[T33 - Intervenció bàsica en rescat urbà] Pregunta 1</div><div style=""font-weight: bold; font-size: 16px; margin-bottom: 14px; line-height: 1.4;"">Quina limitació operativa té un ascensor hidràulic durant una maniobra de rescat sense funcionament de la bomba?</div><div style=""font-size: 14px; line-height: 1.6;""><div style=""padding: 5px 0;""><b>A)</b> No es pot estabilitzar la cabina a una planta inferior.</div><div style=""padding: 5px 0;""><b>B)</b> No es pot elevar la cabina.</div><div style=""padding: 5px 0;""><b>C)</b> No es pot fer descendir la cabina manualment.</div><div style=""padding: 5px 0;""><b>D)</b> No es pot accionar la vàlvula de descàrrega.</div></div></div>","<div style=""text-align: left; font-family: -apple-system, sans-serif;""><div style=""font-weight: bold; font-size: 16px; color: #10b981; margin-bottom: 8px;"">✓ Resposta Correcta: B</div><div style=""font-size: 14px; margin-bottom: 12px; padding: 10px; background: rgba(16,185,129,0.1); border-radius: 6px; border-left: 4px solid #10b981;"">B) No es pot elevar la cabina.</div><hr style=""border: 0; border-top: 1px solid #ddd; margin: 12px 0;""><div style=""font-size: 13px; color: #444; line-height: 1.4;""><b style=""color: #111;"">Explicació:</b> L’ascens requereix pressió generada activament per la bomba; sense aquesta, la maniobra prevista és de descens.</div></div>","T33_-_Intervencio_basica_en_rescat_urba","21241"
"<div style=""text-align: left; font-family: -apple-system, sans-serif;""><div style=""font-size: 11px; color: #888; margin-bottom: 6px;"">[T33 - Intervenció bàsica en rescat urbà] Pregunta 2</div><div style=""font-weight: bold; font-size: 16px; margin-bottom: 14px; line-height: 1.4;"">Quina modalitat de gruatge lleuger de l’AEA s’associa específicament a un salvament urgent?</div><div style=""font-size: 14px; line-height: 1.6;""><div style=""padding: 5px 0;""><b>A)</b> El gruatge complex com a modalitat de rescat.</div><div style=""padding: 5px 0;""><b>B)</b> El salvament urgent amb triangle de rescat.</div><div style=""padding: 5px 0;""><b>C)</b> El gruatge simple com a modalitat de rescat.</div><div style=""padding: 5px 0;""><b>D)</b> El punt fix com a configuració de gruatge.</div></div></div>","<div style=""text-align: left; font-family: -apple-system, sans-serif;""><div style=""font-weight: bold; font-size: 16px; color: #10b981; margin-bottom: 8px;"">✓ Resposta Correcta: B</div><div style=""font-size: 14px; margin-bottom: 12px; padding: 10px; background: rgba(16,185,129,0.1); border-radius: 6px; border-left: 4px solid #10b981;"">B) El salvament urgent amb triangle de rescat.</div><hr style=""border: 0; border-top: 1px solid #ddd; margin: 12px 0;""><div style=""font-size: 13px; color: #444; line-height: 1.4;""><b style=""color: #111;"">Explicació:</b> Entre les modalitats de gruatge lleuger de l’AEA hi ha el salvament urgent amb triangle de rescat, diferenciat del gruatge simple, complex i del punt fix.</div></div>","T33_-_Intervencio_basica_en_rescat_urba","21173"
"<div style=""text-align: left; font-family: -apple-system, sans-serif;""><div style=""font-size: 11px; color: #888; margin-bottom: 6px;"">[T33 - Intervenció bàsica en rescat urbà] Pregunta 3</div><div style=""font-weight: bold; font-size: 16px; margin-bottom: 14px; line-height: 1.4;"">Quin és el nombre mínim de punts d’ancoratge d’un SAS?</div><div style=""font-size: 14px; line-height: 1.6;""><div style=""padding: 5px 0;""><b>A)</b> Dos punts d’ancoratge.</div><div style=""padding: 5px 0;""><b>B)</b> Tres punts d’ancoratge.</div><div style=""padding: 5px 0;""><b>C)</b> Quatre punts d’ancoratge.</div><div style=""padding: 5px 0;""><b>D)</b> Un punt d’ancoratge.</div></div></div>","<div style=""text-align: left; font-family: -apple-system, sans-serif;""><div style=""font-weight: bold; font-size: 16px; color: #10b981; margin-bottom: 8px;"">✓ Resposta Correcta: A</div><div style=""font-size: 14px; margin-bottom: 12px; padding: 10px; background: rgba(16,185,129,0.1); border-radius: 6px; border-left: 4px solid #10b981;"">A) Dos punts d’ancoratge.</div><hr style=""border: 0; border-top: 1px solid #ddd; margin: 12px 0;""><div style=""font-size: 13px; color: #444; line-height: 1.4;""><b style=""color: #111;"">Explicació:</b> El sistema es defineix a partir d’un mínim de dos punts, de manera que hi hagi redundància.</div></div>","T33_-_Intervencio_basica_en_rescat_urba","21150"
"<div style=""text-align: left; font-family: -apple-system, sans-serif;""><div style=""font-size: 11px; color: #888; margin-bottom: 6px;"">[T33 - Intervenció bàsica en rescat urbà] Pregunta 4</div><div style=""font-weight: bold; font-size: 16px; margin-bottom: 14px; line-height: 1.4;"">Com transmeten el moviment els cables d’acer d’un ascensor d’adherència?</div><div style=""font-size: 14px; line-height: 1.6;""><div style=""padding: 5px 0;""><b>A)</b> Per adherència amb la politja, connectant el moviment entre cabina i contrapès.</div><div style=""padding: 5px 0;""><b>B)</b> Per tracció directa del motor sobre la cabina sense contacte amb cap politja.</div><div style=""padding: 5px 0;""><b>C)</b> Per pressió hidràulica dins d’un cilindre connectat a la cabina.</div><div style=""padding: 5px 0;""><b>D)</b> Per engranatge amb les guies laterals que dirigeixen el recorregut vertical.</div></div></div>","<div style=""text-align: left; font-family: -apple-system, sans-serif;""><div style=""font-weight: bold; font-size: 16px; color: #10b981; margin-bottom: 8px;"">✓ Resposta Correcta: A</div><div style=""font-size: 14px; margin-bottom: 12px; padding: 10px; background: rgba(16,185,129,0.1); border-radius: 6px; border-left: 4px solid #10b981;"">A) Per adherència amb la politja, connectant el moviment entre cabina i contrapès.</div><hr style=""border: 0; border-top: 1px solid #ddd; margin: 12px 0;""><div style=""font-size: 13px; color: #444; line-height: 1.4;""><b style=""color: #111;"">Explicació:</b> Els cables passen per la politja i transmeten el moviment gràcies a l’adherència, no per una tracció directa del motor sobre la cabina.</div></div>","T33_-_Intervencio_basica_en_rescat_urba","21215"
"<div style=""text-align: left; font-family: -apple-system, sans-serif;""><div style=""font-size: 11px; color: #888; margin-bottom: 6px;"">[T33 - Intervenció bàsica en rescat urbà] Pregunta 5</div><div style=""font-weight: bold; font-size: 16px; margin-bottom: 14px; line-height: 1.4;"">Quina funció té el fre de seguretat integrat en un ascensor sense cambra de màquines?</div><div style=""font-size: 14px; line-height: 1.6;""><div style=""padding: 5px 0;""><b>A)</b> Mantenir la cabina aturada quan s’activa una condició de seguretat, però no quan falta subministrament elèctric.</div><div style=""padding: 5px 0;""><b>B)</b> Equilibrar el pes de la cabina i reduir l’esforç del motor gearless.</div><div style=""padding: 5px 0;""><b>C)</b> Regular la velocitat de la cabina durant el servei normal substituint el limitador.</div><div style=""padding: 5px 0;""><b>D)</b> Mantenir la cabina aturada quan no hi ha subministrament elèctric o s’activa una condició de seguretat.</div></div></div>","<div style=""text-align: left; font-family: -apple-system, sans-serif;""><div style=""font-weight: bold; font-size: 16px; color: #10b981; margin-bottom: 8px;"">✓ Resposta Correcta: D</div><div style=""font-size: 14px; margin-bottom: 12px; padding: 10px; background: rgba(16,185,129,0.1); border-radius: 6px; border-left: 4px solid #10b981;"">D) Mantenir la cabina aturada quan no hi ha subministrament elèctric o s’activa una condició de seguretat.</div><hr style=""border: 0; border-top: 1px solid #ddd; margin: 12px 0;""><div style=""font-size: 13px; color: #444; line-height: 1.4;""><b style=""color: #111;"">Explicació:</b> El fre integrat actua com a element de frenada automàtica associat al motor.</div></div>","T33_-_Intervencio_basica_en_rescat_urba","21231"
"<div style=""text-align: left; font-family: -apple-system, sans-serif;""><div style=""font-size: 11px; color: #888; margin-bottom: 6px;"">[T33 - Intervenció bàsica en rescat urbà] Pregunta 6</div><div style=""font-weight: bold; font-size: 16px; margin-bottom: 14px; line-height: 1.4;"">Què s’ha de fer amb les zones de perill un cop valorats els riscos?</div><div style=""font-size: 14px; line-height: 1.6;""><div style=""padding: 5px 0;""><b>A)</b> Delimitar les zones amb risc de caiguda i deixar sense marcar altres zones de perill detectades.</div><div style=""padding: 5px 0;""><b>B)</b> Delimitar les zones amb dany estructural i deixar les zones de caiguda indicades principalment mitjançant punts d’ancoratge.</div><div style=""padding: 5px 0;""><b>C)</b> Senyalitzar els punts d’ancoratge i utilitzar-los com a límit de la zona de perill sense delimitar-ne el perímetre.</div><div style=""padding: 5px 0;""><b>D)</b> Delimitar-les clarament, especialment quan hi ha risc de caiguda.</div></div></div>","<div style=""text-align: left; font-family: -apple-system, sans-serif;""><div style=""font-weight: bold; font-size: 16px; color: #10b981; margin-bottom: 8px;"">✓ Resposta Correcta: D</div><div style=""font-size: 14px; margin-bottom: 12px; padding: 10px; background: rgba(16,185,129,0.1); border-radius: 6px; border-left: 4px solid #10b981;"">D) Delimitar-les clarament, especialment quan hi ha risc de caiguda.</div><hr style=""border: 0; border-top: 1px solid #ddd; margin: 12px 0;""><div style=""font-size: 13px; color: #444; line-height: 1.4;""><b style=""color: #111;"">Explicació:</b> La delimitació permet que tot l’equip identifiqui fins on es pot accedir amb seguretat.</div></div>","T33_-_Intervencio_basica_en_rescat_urba","21194"
"<div style=""text-align: left; font-family: -apple-system, sans-serif;""><div style=""font-size: 11px; color: #888; margin-bottom: 6px;"">[T33 - Intervenció bàsica en rescat urbà] Pregunta 7</div><div style=""font-weight: bold; font-size: 16px; margin-bottom: 14px; line-height: 1.4;"">Quines modalitats de gruatge lleuger amb AEA es poden utilitzar en aquests rescats?</div><div style=""font-size: 14px; line-height: 1.6;""><div style=""padding: 5px 0;""><b>A)</b> Gruatge lineal, gruatge triangulat, SAS de vehicle o SAS amb bomber.</div><div style=""padding: 5px 0;""><b>B)</b> Gruatge principal, gruatge secundari, MGO simple o polispast de corda.</div><div style=""padding: 5px 0;""><b>C)</b> Gruatge simple, gruatge complex, punt fix o salvament urgent amb triangle de rescat.</div><div style=""padding: 5px 0;""><b>D)</b> Gruatge estàtic, gruatge dinàmic, retenció ventral o ascens per corda fixa.</div></div></div>","<div style=""text-align: left; font-family: -apple-system, sans-serif;""><div style=""font-weight: bold; font-size: 16px; color: #10b981; margin-bottom: 8px;"">✓ Resposta Correcta: C</div><div style=""font-size: 14px; margin-bottom: 12px; padding: 10px; background: rgba(16,185,129,0.1); border-radius: 6px; border-left: 4px solid #10b981;"">C) Gruatge simple, gruatge complex, punt fix o salvament urgent amb triangle de rescat.</div><hr style=""border: 0; border-top: 1px solid #ddd; margin: 12px 0;""><div style=""font-size: 13px; color: #444; line-height: 1.4;""><b style=""color: #111;"">Explicació:</b> Les quatre modalitats indicades cobreixen diferents configuracions de gruatge lleuger amb l’autoescala.</div></div>","T33_-_Intervencio_basica_en_rescat_urba","21176"
"<div style=""text-align: left; font-family: -apple-system, sans-serif;""><div style=""font-size: 11px; color: #888; margin-bottom: 6px;"">[T33 - Intervenció bàsica en rescat urbà] Pregunta 8</div><div style=""font-weight: bold; font-size: 16px; margin-bottom: 14px; line-height: 1.4;"">Quina funció té una politja simple?</div><div style=""font-size: 14px; line-height: 1.6;""><div style=""padding: 5px 0;""><b>A)</b> Evitar el retrocés de la corda.</div><div style=""padding: 5px 0;""><b>B)</b> Repartir la càrrega entre diversos punts d’ancoratge.</div><div style=""padding: 5px 0;""><b>C)</b> Redirigir el moviment de la corda.</div><div style=""padding: 5px 0;""><b>D)</b> Multiplicar la força aplicada a la corda.</div></div></div>","<div style=""text-align: left; font-family: -apple-system, sans-serif;""><div style=""font-weight: bold; font-size: 16px; color: #10b981; margin-bottom: 8px;"">✓ Resposta Correcta: C</div><div style=""font-size: 14px; margin-bottom: 12px; padding: 10px; background: rgba(16,185,129,0.1); border-radius: 6px; border-left: 4px solid #10b981;"">C) Redirigir el moviment de la corda.</div><hr style=""border: 0; border-top: 1px solid #ddd; margin: 12px 0;""><div style=""font-size: 13px; color: #444; line-height: 1.4;""><b style=""color: #111;"">Explicació:</b> La politja simple s’utilitza principalment per canviar la direcció del moviment de la corda.</div></div>","T33_-_Intervencio_basica_en_rescat_urba","21143"
"<div style=""text-align: left; font-family: -apple-system, sans-serif;""><div style=""font-size: 11px; color: #888; margin-bottom: 6px;"">[T33 - Intervenció bàsica en rescat urbà] Pregunta 9</div><div style=""font-weight: bold; font-size: 16px; margin-bottom: 14px; line-height: 1.4;"">Quins mitjans poden emprar-se en intervencions de rescat urbà en alçada?</div><div style=""font-size: 14px; line-height: 1.6;""><div style=""padding: 5px 0;""><b>A)</b> Mitjans manuals i cordes, deixant els vehicles especials fora de les opcions habituals d’intervenció en alçada.</div><div style=""padding: 5px 0;""><b>B)</b> Mitjans manuals, cordes o vehicles especials com l’AEA.</div><div style=""padding: 5px 0;""><b>C)</b> Vehicles especials i sistemes d’ascensor, sense tècniques manuals.</div><div style=""padding: 5px 0;""><b>D)</b> Mitjans manuals i aparells elevadors interiors, sense vehicles especials.</div></div></div>","<div style=""text-align: left; font-family: -apple-system, sans-serif;""><div style=""font-weight: bold; font-size: 16px; color: #10b981; margin-bottom: 8px;"">✓ Resposta Correcta: B</div><div style=""font-size: 14px; margin-bottom: 12px; padding: 10px; background: rgba(16,185,129,0.1); border-radius: 6px; border-left: 4px solid #10b981;"">B) Mitjans manuals, cordes o vehicles especials com l’AEA.</div><hr style=""border: 0; border-top: 1px solid #ddd; margin: 12px 0;""><div style=""font-size: 13px; color: #444; line-height: 1.4;""><b style=""color: #111;"">Explicació:</b> Les maniobres en alçada poden resoldre’s amb mitjans manuals, cordes o vehicles especials com l’autoescala.</div></div>","T33_-_Intervencio_basica_en_rescat_urba","21116"
"<div style=""text-align: left; font-family: -apple-system, sans-serif;""><div style=""font-size: 11px; color: #888; margin-bottom: 6px;"">[T33 - Intervenció bàsica en rescat urbà] Pregunta 10</div><div style=""font-weight: bold; font-size: 16px; margin-bottom: 14px; line-height: 1.4;"">Quin criteri general ha de guiar l’elecció de l’accés en un rescat urbà?</div><div style=""font-size: 14px; line-height: 1.6;""><div style=""padding: 5px 0;""><b>A)</b> Buscar l’accés més fàcil, segur i ràpid, evitant accions innecessàriament destructives i valorant el risc-benefici.</div><div style=""padding: 5px 0;""><b>B)</b> Buscar l’accés menys destructiu, encara que impliqui més temps i una exposició superior dels intervinents.</div><div style=""padding: 5px 0;""><b>C)</b> Escollir l’accés més directe, acceptant una exposició superior si redueix la durada de la maniobra.</div><div style=""padding: 5px 0;""><b>D)</b> Buscar l’accés més ràpid i segur, admetent actuacions destructives si escurcen el temps d’arribada.</div></div></div>","<div style=""text-align: left; font-family: -apple-system, sans-serif;""><div style=""font-weight: bold; font-size: 16px; color: #10b981; margin-bottom: 8px;"">✓ Resposta Correcta: A</div><div style=""font-size: 14px; margin-bottom: 12px; padding: 10px; background: rgba(16,185,129,0.1); border-radius: 6px; border-left: 4px solid #10b981;"">A) Buscar l’accés més fàcil, segur i ràpid, evitant accions innecessàriament destructives i valorant el risc-benefici.</div><hr style=""border: 0; border-top: 1px solid #ddd; margin: 12px 0;""><div style=""font-size: 13px; color: #444; line-height: 1.4;""><b style=""color: #111;"">Explicació:</b> La decisió d’accés ha de combinar simplicitat, seguretat i rapidesa, amb una valoració constant del risc-benefici.</div></div>","T33_-_Intervencio_basica_en_rescat_urba","21120"
"<div style=""text-align: left; font-family: -apple-system, sans-serif;""><div style=""font-size: 11px; color: #888; margin-bottom: 6px;"">[T33 - Intervenció bàsica en rescat urbà] Pregunta 11</div><div style=""font-weight: bold; font-size: 16px; margin-bottom: 14px; line-height: 1.4;"">Què caracteritza les intervencions en alçada dins del rescat urbà?</div><div style=""font-size: 14px; line-height: 1.6;""><div style=""padding: 5px 0;""><b>A)</b> Inclouen principalment persones bloquejades en aparells elevadors avariats o aturats entre pisos.</div><div style=""padding: 5px 0;""><b>B)</b> Inclouen maniobres sobre cobertes, façanes, patis interiors o altres elements elevats, amb risc de caiguda i accés difícil.</div><div style=""padding: 5px 0;""><b>C)</b> Inclouen atrapaments lleus sota mobiliari o en espais confinats de petites dimensions.</div><div style=""padding: 5px 0;""><b>D)</b> Inclouen actuacions en entorns construïts sense desnivell ni risc de caiguda per als intervinents.</div></div></div>","<div style=""text-align: left; font-family: -apple-system, sans-serif;""><div style=""font-weight: bold; font-size: 16px; color: #10b981; margin-bottom: 8px;"">✓ Resposta Correcta: B</div><div style=""font-size: 14px; margin-bottom: 12px; padding: 10px; background: rgba(16,185,129,0.1); border-radius: 6px; border-left: 4px solid #10b981;"">B) Inclouen maniobres sobre cobertes, façanes, patis interiors o altres elements elevats, amb risc de caiguda i accés difícil.</div><hr style=""border: 0; border-top: 1px solid #ddd; margin: 12px 0;""><div style=""font-size: 13px; color: #444; line-height: 1.4;""><b style=""color: #111;"">Explicació:</b> Les intervencions en alçada es vinculen a elements elevats i exigeixen tècniques precises perquè hi ha risc de caiguda i dificultat d’accés.</div></div>","T33_-_Intervencio_basica_en_rescat_urba","21115"
"<div style=""text-align: left; font-family: -apple-system, sans-serif;""><div style=""font-size: 11px; color: #888; margin-bottom: 6px;"">[T33 - Intervenció bàsica en rescat urbà] Pregunta 12</div><div style=""font-weight: bold; font-size: 16px; margin-bottom: 14px; line-height: 1.4;"">Quin element permet controlar la velocitat en una maniobra de ràpel?</div><div style=""font-size: 14px; line-height: 1.6;""><div style=""padding: 5px 0;""><b>A)</b> Un dispositiu autoblocant que impedeix el retrocés de la corda.</div><div style=""padding: 5px 0;""><b>B)</b> Una politja simple.</div><div style=""padding: 5px 0;""><b>C)</b> Un dispositiu de frenada.</div><div style=""padding: 5px 0;""><b>D)</b> Un bloquejador de puny.</div></div></div>","<div style=""text-align: left; font-family: -apple-system, sans-serif;""><div style=""font-weight: bold; font-size: 16px; color: #10b981; margin-bottom: 8px;"">✓ Resposta Correcta: C</div><div style=""font-size: 14px; margin-bottom: 12px; padding: 10px; background: rgba(16,185,129,0.1); border-radius: 6px; border-left: 4px solid #10b981;"">C) Un dispositiu de frenada.</div><hr style=""border: 0; border-top: 1px solid #ddd; margin: 12px 0;""><div style=""font-size: 13px; color: #444; line-height: 1.4;""><b style=""color: #111;"">Explicació:</b> El dispositiu de frenada regula el lliscament de la corda i, per tant, la velocitat de descens.</div></div>","T33_-_Intervencio_basica_en_rescat_urba","21160"
"<div style=""text-align: left; font-family: -apple-system, sans-serif;""><div style=""font-size: 11px; color: #888; margin-bottom: 6px;"">[T33 - Intervenció bàsica en rescat urbà] Pregunta 13</div><div style=""font-weight: bold; font-size: 16px; margin-bottom: 14px; line-height: 1.4;"">Quina valoració inicial s’ha de fer abans d’una intervenció en alçada?</div><div style=""font-size: 14px; line-height: 1.6;""><div style=""padding: 5px 0;""><b>A)</b> Identificar els punts amb risc de caiguda i analitzar l’estabilitat dels ancoratges disponibles en lloc de la de l’espai.</div><div style=""padding: 5px 0;""><b>B)</b> Analitzar els elements de corda disponibles i deixar l’estabilitat estructural per després de seleccionar el sistema.</div><div style=""padding: 5px 0;""><b>C)</b> Escollir primer el sistema de progressió i completar l’avaluació dels riscos un cop iniciada la maniobra.</div><div style=""padding: 5px 0;""><b>D)</b> Identificar punts amb perill de caiguda a diferent nivell i analitzar l’estabilitat estructural de l’espai.</div></div></div>","<div style=""text-align: left; font-family: -apple-system, sans-serif;""><div style=""font-weight: bold; font-size: 16px; color: #10b981; margin-bottom: 8px;"">✓ Resposta Correcta: D</div><div style=""font-size: 14px; margin-bottom: 12px; padding: 10px; background: rgba(16,185,129,0.1); border-radius: 6px; border-left: 4px solid #10b981;"">D) Identificar punts amb perill de caiguda a diferent nivell i analitzar l’estabilitat estructural de l’espai.</div><hr style=""border: 0; border-top: 1px solid #ddd; margin: 12px 0;""><div style=""font-size: 13px; color: #444; line-height: 1.4;""><b style=""color: #111;"">Explicació:</b> L’avaluació inicial ha d’identificar tant els punts de caiguda com l’estabilitat de l’entorn on es treballarà.</div></div>","T33_-_Intervencio_basica_en_rescat_urba","21193"
"<div style=""text-align: left; font-family: -apple-system, sans-serif;""><div style=""font-size: 11px; color: #888; margin-bottom: 6px;"">[T33 - Intervenció bàsica en rescat urbà] Pregunta 14</div><div style=""font-weight: bold; font-size: 16px; margin-bottom: 14px; line-height: 1.4;"">Quin efecte busca una maniobra de retenció sobre l’operador?</div><div style=""font-size: 14px; line-height: 1.6;""><div style=""padding: 5px 0;""><b>A)</b> Evitar l’entrada involuntària a l’àrea de perill, però mantenint l’operador en suspensió durant la maniobra.</div><div style=""padding: 5px 0;""><b>B)</b> Facilitar-li una caiguda controlada perquè el sistema dinàmic absorbeixi l’impacte.</div><div style=""padding: 5px 0;""><b>C)</b> Permetre-li entrar a la zona de caiguda i aturar la caiguda un cop iniciada.</div><div style=""padding: 5px 0;""><b>D)</b> Evitar l’entrada involuntària a l’àrea de perill i protegir-lo davant un desequilibri o moviment sobtat.</div></div></div>","<div style=""text-align: left; font-family: -apple-system, sans-serif;""><div style=""font-weight: bold; font-size: 16px; color: #10b981; margin-bottom: 8px;"">✓ Resposta Correcta: D</div><div style=""font-size: 14px; margin-bottom: 12px; padding: 10px; background: rgba(16,185,129,0.1); border-radius: 6px; border-left: 4px solid #10b981;"">D) Evitar l’entrada involuntària a l’àrea de perill i protegir-lo davant un desequilibri o moviment sobtat.</div><hr style=""border: 0; border-top: 1px solid #ddd; margin: 12px 0;""><div style=""font-size: 13px; color: #444; line-height: 1.4;""><b style=""color: #111;"">Explicació:</b> La retenció limita l’espai accessible perquè l’operador no arribi involuntàriament a la zona de caiguda.</div></div>","T33_-_Intervencio_basica_en_rescat_urba","21155"
"<div style=""text-align: left; font-family: -apple-system, sans-serif;""><div style=""font-size: 11px; color: #888; margin-bottom: 6px;"">[T33 - Intervenció bàsica en rescat urbà] Pregunta 15</div><div style=""font-weight: bold; font-size: 16px; margin-bottom: 14px; line-height: 1.4;"">Quina funció compleix el contrapès en un ascensor electromecànic d’adherència?</div><div style=""font-size: 14px; line-height: 1.6;""><div style=""padding: 5px 0;""><b>A)</b> Equilibrar el pes de la cabina i reduir l’esforç del motor.</div><div style=""padding: 5px 0;""><b>B)</b> Governar les parades, les portes i el posicionament de la cabina.</div><div style=""padding: 5px 0;""><b>C)</b> Bloquejar la cabina quan desapareix el subministrament elèctric.</div><div style=""padding: 5px 0;""><b>D)</b> Equilibrar el pes de la cabina, però sense reduir l’esforç que ha de fer el motor.</div></div></div>","<div style=""text-align: left; font-family: -apple-system, sans-serif;""><div style=""font-weight: bold; font-size: 16px; color: #10b981; margin-bottom: 8px;"">✓ Resposta Correcta: A</div><div style=""font-size: 14px; margin-bottom: 12px; padding: 10px; background: rgba(16,185,129,0.1); border-radius: 6px; border-left: 4px solid #10b981;"">A) Equilibrar el pes de la cabina i reduir l’esforç del motor.</div><hr style=""border: 0; border-top: 1px solid #ddd; margin: 12px 0;""><div style=""font-size: 13px; color: #444; line-height: 1.4;""><b style=""color: #111;"">Explicació:</b> El contrapès compensa part de la càrrega que ha de vèncer el motor i es mou en sentit oposat a la cabina.</div></div>","T33_-_Intervencio_basica_en_rescat_urba","21213"
"<div style=""text-align: left; font-family: -apple-system, sans-serif;""><div style=""font-size: 11px; color: #888; margin-bottom: 6px;"">[T33 - Intervenció bàsica en rescat urbà] Pregunta 16</div><div style=""font-weight: bold; font-size: 16px; margin-bottom: 14px; line-height: 1.4;"">Com es desenvolupa la progressió tipus escalada?</div><div style=""font-size: 14px; line-height: 1.6;""><div style=""padding: 5px 0;""><b>A)</b> Es progressa amb les mans per estructures o edificacions i l’intervinent s’assegura amb corda des de la planta baixa o des de plantes intermèdies.</div><div style=""padding: 5px 0;""><b>B)</b> Es descendeix per una corda amb un dispositiu de frenada i una segona línia de seguretat.</div><div style=""padding: 5px 0;""><b>C)</b> Progressar amb les mans per l’estructura i assegurar-se amb corda des de la planta baixa, sense possibilitat d’assegurament des de plantes intermèdies.</div><div style=""padding: 5px 0;""><b>D)</b> Es puja per una corda fixa mitjançant bloquejadors, pedal i arnès, sense utilitzar l’estructura amb les mans.</div></div></div>","<div style=""text-align: left; font-family: -apple-system, sans-serif;""><div style=""font-weight: bold; font-size: 16px; color: #10b981; margin-bottom: 8px;"">✓ Resposta Correcta: A</div><div style=""font-size: 14px; margin-bottom: 12px; padding: 10px; background: rgba(16,185,129,0.1); border-radius: 6px; border-left: 4px solid #10b981;"">A) Es progressa amb les mans per estructures o edificacions i l’intervinent s’assegura amb corda des de la planta baixa o des de plantes intermèdies.</div><hr style=""border: 0; border-top: 1px solid #ddd; margin: 12px 0;""><div style=""font-size: 13px; color: #444; line-height: 1.4;""><b style=""color: #111;"">Explicació:</b> L’escalada assegurada combina la progressió manual per l’estructura amb una corda que protegeix l’intervinent des d’un nivell inferior.</div></div>","T33_-_Intervencio_basica_en_rescat_urba","21157"
"<div style=""text-align: left; font-family: -apple-system, sans-serif;""><div style=""font-size: 11px; color: #888; margin-bottom: 6px;"">[T33 - Intervenció bàsica en rescat urbà] Pregunta 17</div><div style=""font-weight: bold; font-size: 16px; margin-bottom: 14px; line-height: 1.4;"">Quan és especialment útil la progressió tipus escalada?</div><div style=""font-size: 14px; line-height: 1.6;""><div style=""padding: 5px 0;""><b>A)</b> Quan es disposa d’un punt fiable superior per muntar directament un ràpel.</div><div style=""padding: 5px 0;""><b>B)</b> Quan no és possible instal·lar una corda des de dalt.</div><div style=""padding: 5px 0;""><b>C)</b> Quan es pot accedir a la víctima amb la cistella de l’autoescala sense progressió manual.</div><div style=""padding: 5px 0;""><b>D)</b> Quan hi ha una corda fixa instal·lada i es vol sortir d’una zona fonda.</div></div></div>","<div style=""text-align: left; font-family: -apple-system, sans-serif;""><div style=""font-weight: bold; font-size: 16px; color: #10b981; margin-bottom: 8px;"">✓ Resposta Correcta: B</div><div style=""font-size: 14px; margin-bottom: 12px; padding: 10px; background: rgba(16,185,129,0.1); border-radius: 6px; border-left: 4px solid #10b981;"">B) Quan no és possible instal·lar una corda des de dalt.</div><hr style=""border: 0; border-top: 1px solid #ddd; margin: 12px 0;""><div style=""font-size: 13px; color: #444; line-height: 1.4;""><b style=""color: #111;"">Explicació:</b> Aquesta maniobra resol l’accés vertical quan no es pot preparar el sistema de corda des de la part superior.</div></div>","T33_-_Intervencio_basica_en_rescat_urba","21158"
"<div style=""text-align: left; font-family: -apple-system, sans-serif;""><div style=""font-size: 11px; color: #888; margin-bottom: 6px;"">[T33 - Intervenció bàsica en rescat urbà] Pregunta 18</div><div style=""font-weight: bold; font-size: 16px; margin-bottom: 14px; line-height: 1.4;"">Què implica un rescat en ascensor?</div><div style=""font-size: 14px; line-height: 1.6;""><div style=""padding: 5px 0;""><b>A)</b> Localitzar i extreure persones bloquejades dins d’ascensors avariats o aturats entre pisos.</div><div style=""padding: 5px 0;""><b>B)</b> Localitzar i estabilitzar persones bloquejades dins de l’ascensor, deixant l’extracció per al servei de manteniment.</div><div style=""padding: 5px 0;""><b>C)</b> Alliberar persones atrapades sota mobiliari o en espais confinats lleus.</div><div style=""padding: 5px 0;""><b>D)</b> Accedir a persones situades en cobertes mitjançant cordes o vehicles especials.</div></div></div>","<div style=""text-align: left; font-family: -apple-system, sans-serif;""><div style=""font-weight: bold; font-size: 16px; color: #10b981; margin-bottom: 8px;"">✓ Resposta Correcta: A</div><div style=""font-size: 14px; margin-bottom: 12px; padding: 10px; background: rgba(16,185,129,0.1); border-radius: 6px; border-left: 4px solid #10b981;"">A) Localitzar i extreure persones bloquejades dins d’ascensors avariats o aturats entre pisos.</div><hr style=""border: 0; border-top: 1px solid #ddd; margin: 12px 0;""><div style=""font-size: 13px; color: #444; line-height: 1.4;""><b style=""color: #111;"">Explicació:</b> El rescat en ascensor se centra en persones bloquejades dins de l’aparell per avaria o aturada entre plantes.</div></div>","T33_-_Intervencio_basica_en_rescat_urba","21117"
"<div style=""text-align: left; font-family: -apple-system, sans-serif;""><div style=""font-size: 11px; color: #888; margin-bottom: 6px;"">[T33 - Intervenció bàsica en rescat urbà] Pregunta 19</div><div style=""font-weight: bold; font-size: 16px; margin-bottom: 14px; line-height: 1.4;"">Quina actuació s’ha de fer abans de desbloquejar el fre motor en el rescat d’un ascensor electromecànic d’adherència?</div><div style=""font-size: 14px; line-height: 1.6;""><div style=""padding: 5px 0;""><b>A)</b> Tallar el subministrament elèctric.</div><div style=""padding: 5px 0;""><b>B)</b> Fer coincidir la cabina amb una planta transitable.</div><div style=""padding: 5px 0;""><b>C)</b> Obrir manualment les portes de la cabina.</div><div style=""padding: 5px 0;""><b>D)</b> Girar el volant de maniobra.</div></div></div>","<div style=""text-align: left; font-family: -apple-system, sans-serif;""><div style=""font-weight: bold; font-size: 16px; color: #10b981; margin-bottom: 8px;"">✓ Resposta Correcta: A</div><div style=""font-size: 14px; margin-bottom: 12px; padding: 10px; background: rgba(16,185,129,0.1); border-radius: 6px; border-left: 4px solid #10b981;"">A) Tallar el subministrament elèctric.</div><hr style=""border: 0; border-top: 1px solid #ddd; margin: 12px 0;""><div style=""font-size: 13px; color: #444; line-height: 1.4;""><b style=""color: #111;"">Explicació:</b> La maniobra manual s’ha de realitzar amb l’alimentació elèctrica tallada per evitar posades en marxa inesperades.</div></div>","T33_-_Intervencio_basica_en_rescat_urba","21234"
"<div style=""text-align: left; font-family: -apple-system, sans-serif;""><div style=""font-size: 11px; color: #888; margin-bottom: 6px;"">[T33 - Intervenció bàsica en rescat urbà] Pregunta 20</div><div style=""font-weight: bold; font-size: 16px; margin-bottom: 14px; line-height: 1.4;"">Quin tipus de motor és habitual en els ascensors sense cambra de màquines?</div><div style=""font-size: 14px; line-height: 1.6;""><div style=""padding: 5px 0;""><b>A)</b> Un motor de tracció directa instal·lat al contrapès.</div><div style=""padding: 5px 0;""><b>B)</b> Un motor d’adherència de tipus gearless.</div><div style=""padding: 5px 0;""><b>C)</b> Un motor d’adherència amb reductor obligatori.</div><div style=""padding: 5px 0;""><b>D)</b> Un motor hidràulic amb reductor i bomba d’oli.</div></div></div>","<div style=""text-align: left; font-family: -apple-system, sans-serif;""><div style=""font-weight: bold; font-size: 16px; color: #10b981; margin-bottom: 8px;"">✓ Resposta Correcta: B</div><div style=""font-size: 14px; margin-bottom: 12px; padding: 10px; background: rgba(16,185,129,0.1); border-radius: 6px; border-left: 4px solid #10b981;"">B) Un motor d’adherència de tipus gearless.</div><hr style=""border: 0; border-top: 1px solid #ddd; margin: 12px 0;""><div style=""font-size: 13px; color: #444; line-height: 1.4;""><b style=""color: #111;"">Explicació:</b> La configuració compacta utilitza habitualment motors gearless, sense reductor.</div></div>","T33_-_Intervencio_basica_en_rescat_urba","21227"
"<div style=""text-align: left; font-family: -apple-system, sans-serif;""><div style=""font-size: 11px; color: #888; margin-bottom: 6px;"">[T33 - Intervenció bàsica en rescat urbà] Pregunta 21</div><div style=""font-weight: bold; font-size: 16px; margin-bottom: 14px; line-height: 1.4;"">Quin element de compensació del pes no requereix un ascensor hidràulic?</div><div style=""font-size: 14px; line-height: 1.6;""><div style=""padding: 5px 0;""><b>A)</b> Una bomba hidràulica.</div><div style=""padding: 5px 0;""><b>B)</b> Un pistó.</div><div style=""padding: 5px 0;""><b>C)</b> Un circuit d’oli a pressió.</div><div style=""padding: 5px 0;""><b>D)</b> Un contrapès.</div></div></div>","<div style=""text-align: left; font-family: -apple-system, sans-serif;""><div style=""font-weight: bold; font-size: 16px; color: #10b981; margin-bottom: 8px;"">✓ Resposta Correcta: D</div><div style=""font-size: 14px; margin-bottom: 12px; padding: 10px; background: rgba(16,185,129,0.1); border-radius: 6px; border-left: 4px solid #10b981;"">D) Un contrapès.</div><hr style=""border: 0; border-top: 1px solid #ddd; margin: 12px 0;""><div style=""font-size: 13px; color: #444; line-height: 1.4;""><b style=""color: #111;"">Explicació:</b> L’ascensor hidràulic desplaça la cabina mitjançant un pistó impulsat per oli a pressió i no necessita contrapès.</div></div>","T33_-_Intervencio_basica_en_rescat_urba","21222"
"<div style=""text-align: left; font-family: -apple-system, sans-serif;""><div style=""font-size: 11px; color: #888; margin-bottom: 6px;"">[T33 - Intervenció bàsica en rescat urbà] Pregunta 22</div><div style=""font-weight: bold; font-size: 16px; margin-bottom: 14px; line-height: 1.4;"">Quina actuació defineix millor un rescat urbà?</div><div style=""font-size: 14px; line-height: 1.6;""><div style=""padding: 5px 0;""><b>A)</b> Localitzar, accedir i estabilitzar persones atrapades en un entorn construït, deixant l’evacuació fora de la definició de rescat urbà.</div><div style=""padding: 5px 0;""><b>B)</b> Localitzar, accedir, estabilitzar i evacuar persones atrapades o amb dificultat dins d’un entorn construït quan necessiten assistència externa.</div><div style=""padding: 5px 0;""><b>C)</b> Accedir a persones en edificis i limitar-se a estabilitzar l’entorn sense intervenir sobre la seva evacuació.</div><div style=""padding: 5px 0;""><b>D)</b> Evacuar persones d’un entorn construït quan la incidència es pot resoldre sense assistència tècnica externa.</div></div></div>","<div style=""text-align: left; font-family: -apple-system, sans-serif;""><div style=""font-weight: bold; font-size: 16px; color: #10b981; margin-bottom: 8px;"">✓ Resposta Correcta: B</div><div style=""font-size: 14px; margin-bottom: 12px; padding: 10px; background: rgba(16,185,129,0.1); border-radius: 6px; border-left: 4px solid #10b981;"">B) Localitzar, accedir, estabilitzar i evacuar persones atrapades o amb dificultat dins d’un entorn construït quan necessiten assistència externa.</div><hr style=""border: 0; border-top: 1px solid #ddd; margin: 12px 0;""><div style=""font-size: 13px; color: #444; line-height: 1.4;""><b style=""color: #111;"">Explicació:</b> El rescat urbà combina localització, accés, estabilització i evacuació dins d’un entorn construït quan la persona no pot resoldre la situació sense ajuda externa.</div></div>","T33_-_Intervencio_basica_en_rescat_urba","21111"
"<div style=""text-align: left; font-family: -apple-system, sans-serif;""><div style=""font-size: 11px; color: #888; margin-bottom: 6px;"">[T33 - Intervenció bàsica en rescat urbà] Pregunta 23</div><div style=""font-weight: bold; font-size: 16px; margin-bottom: 14px; line-height: 1.4;"">Quins passos de seguretat precedeixen l’accionament de la vàlvula de descàrrega d’un ascensor hidràulic?</div><div style=""font-size: 14px; line-height: 1.6;""><div style=""padding: 5px 0;""><b>A)</b> Localitzar el motor hidràulic, comprovar que l’ascensor està fora de servei i tallar la tensió des del quadre de comandament.</div><div style=""padding: 5px 0;""><b>B)</b> Activar la bomba, obrir les portes de planta i desbloquejar el fre de la politja d’adherència.</div><div style=""padding: 5px 0;""><b>C)</b> Connectar el motor, comprovar el contrapès i deixar alimentat el quadre de maniobres.</div><div style=""padding: 5px 0;""><b>D)</b> Localitzar la cambra de màquines superior, girar el volant i obrir el limitador de velocitat.</div></div></div>","<div style=""text-align: left; font-family: -apple-system, sans-serif;""><div style=""font-weight: bold; font-size: 16px; color: #10b981; margin-bottom: 8px;"">✓ Resposta Correcta: A</div><div style=""font-size: 14px; margin-bottom: 12px; padding: 10px; background: rgba(16,185,129,0.1); border-radius: 6px; border-left: 4px solid #10b981;"">A) Localitzar el motor hidràulic, comprovar que l’ascensor està fora de servei i tallar la tensió des del quadre de comandament.</div><hr style=""border: 0; border-top: 1px solid #ddd; margin: 12px 0;""><div style=""font-size: 13px; color: #444; line-height: 1.4;""><b style=""color: #111;"">Explicació:</b> La maniobra hidràulica s’inicia amb la instal·lació fora de servei i el subministrament elèctric tallat.</div></div>","T33_-_Intervencio_basica_en_rescat_urba","21240"
"<div style=""text-align: left; font-family: -apple-system, sans-serif;""><div style=""font-size: 11px; color: #888; margin-bottom: 6px;"">[T33 - Intervenció bàsica en rescat urbà] Pregunta 24</div><div style=""font-weight: bold; font-size: 16px; margin-bottom: 14px; line-height: 1.4;"">Com s’han de prendre les decisions durant una intervenció de rescat en alçada?</div><div style=""font-size: 14px; line-height: 1.6;""><div style=""padding: 5px 0;""><b>A)</b> Amb prudència i d’acord amb el context de la intervenció.</div><div style=""padding: 5px 0;""><b>B)</b> Prioritzant la rapidesa encara que es perdi marge de seguretat operativa.</div><div style=""padding: 5px 0;""><b>C)</b> Prendre decisions prudents d’acord amb el context, mantenint una configuració operativa prefixada.</div><div style=""padding: 5px 0;""><b>D)</b> Amb un criteri fix independent de les condicions de l’entorn i de la maniobra.</div></div></div>","<div style=""text-align: left; font-family: -apple-system, sans-serif;""><div style=""font-weight: bold; font-size: 16px; color: #10b981; margin-bottom: 8px;"">✓ Resposta Correcta: A</div><div style=""font-size: 14px; margin-bottom: 12px; padding: 10px; background: rgba(16,185,129,0.1); border-radius: 6px; border-left: 4px solid #10b981;"">A) Amb prudència i d’acord amb el context de la intervenció.</div><hr style=""border: 0; border-top: 1px solid #ddd; margin: 12px 0;""><div style=""font-size: 13px; color: #444; line-height: 1.4;""><b style=""color: #111;"">Explicació:</b> La presa de decisions ha d’adaptar-se al context i mantenir un criteri prudent de seguretat.</div></div>","T33_-_Intervencio_basica_en_rescat_urba","21185"
"<div style=""text-align: left; font-family: -apple-system, sans-serif;""><div style=""font-size: 11px; color: #888; margin-bottom: 6px;"">[T33 - Intervenció bàsica en rescat urbà] Pregunta 25</div><div style=""font-weight: bold; font-size: 16px; margin-bottom: 14px; line-height: 1.4;"">Quina funció tenen els ancoratges en una maniobra de treball o rescat en alçada?</div><div style=""font-size: 14px; line-height: 1.6;""><div style=""padding: 5px 0;""><b>A)</b> Augmentar l’elasticitat de les cordes per absorbir els impactes de caiguda.</div><div style=""padding: 5px 0;""><b>B)</b> Suportar les càrregues del sistema de cordes, però sense intervenir en la seguretat global de la maniobra.</div><div style=""padding: 5px 0;""><b>C)</b> Redirigir el moviment de la corda sense assumir càrregues del sistema.</div><div style=""padding: 5px 0;""><b>D)</b> Suportar les càrregues generades pels sistemes de cordes i garantir la seguretat de l’operació.</div></div></div>","<div style=""text-align: left; font-family: -apple-system, sans-serif;""><div style=""font-weight: bold; font-size: 16px; color: #10b981; margin-bottom: 8px;"">✓ Resposta Correcta: D</div><div style=""font-size: 14px; margin-bottom: 12px; padding: 10px; background: rgba(16,185,129,0.1); border-radius: 6px; border-left: 4px solid #10b981;"">D) Suportar les càrregues generades pels sistemes de cordes i garantir la seguretat de l’operació.</div><hr style=""border: 0; border-top: 1px solid #ddd; margin: 12px 0;""><div style=""font-size: 13px; color: #444; line-height: 1.4;""><b style=""color: #111;"">Explicació:</b> L’ancoratge és el punt que rep les càrregues del sistema i ha d’oferir una base segura per a la maniobra.</div></div>","T33_-_Intervencio_basica_en_rescat_urba","21145"
"<div style=""text-align: left; font-family: -apple-system, sans-serif;""><div style=""font-size: 11px; color: #888; margin-bottom: 6px;"">[T33 - Intervenció bàsica en rescat urbà] Pregunta 26</div><div style=""font-weight: bold; font-size: 16px; margin-bottom: 14px; line-height: 1.4;"">Quin és l’objectiu principal del ràpel en rescat en alçada?</div><div style=""font-size: 14px; line-height: 1.6;""><div style=""padding: 5px 0;""><b>A)</b> Permetre el descens controlat de rescatadors i l’evacuació de víctimes.</div><div style=""padding: 5px 0;""><b>B)</b> Permetre la progressió vertical ascendent mitjançant bloquejadors i pedal.</div><div style=""padding: 5px 0;""><b>C)</b> Elevar càrregues o víctimes amb un sistema de politges compost.</div><div style=""padding: 5px 0;""><b>D)</b> Permetre el descens controlat del rescatador, però no l’evacuació de víctimes.</div></div></div>","<div style=""text-align: left; font-family: -apple-system, sans-serif;""><div style=""font-weight: bold; font-size: 16px; color: #10b981; margin-bottom: 8px;"">✓ Resposta Correcta: A</div><div style=""font-size: 14px; margin-bottom: 12px; padding: 10px; background: rgba(16,185,129,0.1); border-radius: 6px; border-left: 4px solid #10b981;"">A) Permetre el descens controlat de rescatadors i l’evacuació de víctimes.</div><hr style=""border: 0; border-top: 1px solid #ddd; margin: 12px 0;""><div style=""font-size: 13px; color: #444; line-height: 1.4;""><b style=""color: #111;"">Explicació:</b> El ràpel és una tècnica de descens controlat que també pot integrar l’evacuació de víctimes.</div></div>","T33_-_Intervencio_basica_en_rescat_urba","21159"
"<div style=""text-align: left; font-family: -apple-system, sans-serif;""><div style=""font-size: 11px; color: #888; margin-bottom: 6px;"">[T33 - Intervenció bàsica en rescat urbà] Pregunta 27</div><div style=""font-weight: bold; font-size: 16px; margin-bottom: 14px; line-height: 1.4;"">Com s’aplica la prevenció de riscos laborals als serveis d’emergència quan hi ha una catàstrofe o un risc vital imminent?</div><div style=""font-size: 14px; line-height: 1.6;""><div style=""padding: 5px 0;""><b>A)</b> Fer prevaldre la necessitat operativa en les intervencions en alçada encara que no hi hagi una situació excepcional.</div><div style=""padding: 5px 0;""><b>B)</b> La necessitat operativa pot prevaldre sobre alguns requeriments preventius, mentre que sense risc vital imminent s’han d’aplicar tots els aspectes de seguretat.</div><div style=""padding: 5px 0;""><b>C)</b> Permetre que la necessitat operativa prevalgui també en urgències que no comporten catàstrofe ni risc vital imminent.</div><div style=""padding: 5px 0;""><b>D)</b> Aplicar els requeriments preventius a les tasques administratives i reduir-los en les actuacions operatives ordinàries.</div></div></div>","<div style=""text-align: left; font-family: -apple-system, sans-serif;""><div style=""font-weight: bold; font-size: 16px; color: #10b981; margin-bottom: 8px;"">✓ Resposta Correcta: B</div><div style=""font-size: 14px; margin-bottom: 12px; padding: 10px; background: rgba(16,185,129,0.1); border-radius: 6px; border-left: 4px solid #10b981;"">B) La necessitat operativa pot prevaldre sobre alguns requeriments preventius, mentre que sense risc vital imminent s’han d’aplicar tots els aspectes de seguretat.</div><hr style=""border: 0; border-top: 1px solid #ddd; margin: 12px 0;""><div style=""font-size: 13px; color: #444; line-height: 1.4;""><b style=""color: #111;"">Explicació:</b> L’excepció es vincula a situacions de catàstrofe o risc vital imminent; fora d’aquests supòsits, la seguretat s’ha d’aplicar plenament.</div></div>","T33_-_Intervencio_basica_en_rescat_urba","21125"
"<div style=""text-align: left; font-family: -apple-system, sans-serif;""><div style=""font-size: 11px; color: #888; margin-bottom: 6px;"">[T33 - Intervenció bàsica en rescat urbà] Pregunta 28</div><div style=""font-weight: bold; font-size: 16px; margin-bottom: 14px; line-height: 1.4;"">Quina coordinació és necessària durant el rescat en un ascensor electromecànic d’adherència?</div><div style=""font-size: 14px; line-height: 1.6;""><div style=""padding: 5px 0;""><b>A)</b> Entre els efectius que actuen a la cambra de màquines i els que mantenen contacte amb les víctimes.</div><div style=""padding: 5px 0;""><b>B)</b> Entre el personal de cabina i els responsables de l’edifici, sense comunicació amb la cambra de màquines.</div><div style=""padding: 5px 0;""><b>C)</b> Entre els efectius que manipulen el contrapès i els que obren les portes de totes les plantes.</div><div style=""padding: 5px 0;""><b>D)</b> Entre el personal del fossat i l’empresa de manteniment, sense comunicació amb els ocupants.</div></div></div>","<div style=""text-align: left; font-family: -apple-system, sans-serif;""><div style=""font-weight: bold; font-size: 16px; color: #10b981; margin-bottom: 8px;"">✓ Resposta Correcta: A</div><div style=""font-size: 14px; margin-bottom: 12px; padding: 10px; background: rgba(16,185,129,0.1); border-radius: 6px; border-left: 4px solid #10b981;"">A) Entre els efectius que actuen a la cambra de màquines i els que mantenen contacte amb les víctimes.</div><hr style=""border: 0; border-top: 1px solid #ddd; margin: 12px 0;""><div style=""font-size: 13px; color: #444; line-height: 1.4;""><b style=""color: #111;"">Explicació:</b> La maniobra i l’evacuació han d’estar coordinades perquè el moviment de la cabina i la situació de les víctimes evolucionin de manera segura.</div></div>","T33_-_Intervencio_basica_en_rescat_urba","21237"
"<div style=""text-align: left; font-family: -apple-system, sans-serif;""><div style=""font-size: 11px; color: #888; margin-bottom: 6px;"">[T33 - Intervenció bàsica en rescat urbà] Pregunta 29</div><div style=""font-weight: bold; font-size: 16px; margin-bottom: 14px; line-height: 1.4;"">En quin tipus d’entorn es desenvolupa el rescat urbà?</div><div style=""font-size: 14px; line-height: 1.6;""><div style=""padding: 5px 0;""><b>A)</b> En edificacions i infraestructures urbanes, però no en espais confinats dins d’un entorn construït.</div><div style=""padding: 5px 0;""><b>B)</b> En zones forestals on l’únic condicionant és l’accessibilitat del terreny.</div><div style=""padding: 5px 0;""><b>C)</b> En edificacions, espais confinats o elements d’infraestructura urbana.</div><div style=""padding: 5px 0;""><b>D)</b> En espais oberts naturals sense elements construïts ni infraestructures.</div></div></div>","<div style=""text-align: left; font-family: -apple-system, sans-serif;""><div style=""font-weight: bold; font-size: 16px; color: #10b981; margin-bottom: 8px;"">✓ Resposta Correcta: C</div><div style=""font-size: 14px; margin-bottom: 12px; padding: 10px; background: rgba(16,185,129,0.1); border-radius: 6px; border-left: 4px solid #10b981;"">C) En edificacions, espais confinats o elements d’infraestructura urbana.</div><hr style=""border: 0; border-top: 1px solid #ddd; margin: 12px 0;""><div style=""font-size: 13px; color: #444; line-height: 1.4;""><b style=""color: #111;"">Explicació:</b> El rescat urbà se situa dins d’entorns construïts, com edificacions, espais confinats o infraestructures urbanes.</div></div>","T33_-_Intervencio_basica_en_rescat_urba","21113"
"<div style=""text-align: left; font-family: -apple-system, sans-serif;""><div style=""font-size: 11px; color: #888; margin-bottom: 6px;"">[T33 - Intervenció bàsica en rescat urbà] Pregunta 30</div><div style=""font-weight: bold; font-size: 16px; margin-bottom: 14px; line-height: 1.4;"">Quina situació relacionada amb els ocupants pot motivar una intervenció en un ascensor bloquejat?</div><div style=""font-size: 14px; line-height: 1.6;""><div style=""padding: 5px 0;""><b>A)</b> Una molèstia acústica produïda pel motor sense persones atrapades.</div><div style=""padding: 5px 0;""><b>B)</b> Una crisi d’angoixa sense afectació física que no modifiqui la prioritat de la intervenció.</div><div style=""padding: 5px 0;""><b>C)</b> Una crisi d’angoixa o una situació de risc mèdic.</div><div style=""padding: 5px 0;""><b>D)</b> Una espera prolongada a la planta sense haver accedit a la cabina.</div></div></div>","<div style=""text-align: left; font-family: -apple-system, sans-serif;""><div style=""font-weight: bold; font-size: 16px; color: #10b981; margin-bottom: 8px;"">✓ Resposta Correcta: C</div><div style=""font-size: 14px; margin-bottom: 12px; padding: 10px; background: rgba(16,185,129,0.1); border-radius: 6px; border-left: 4px solid #10b981;"">C) Una crisi d’angoixa o una situació de risc mèdic.</div><hr style=""border: 0; border-top: 1px solid #ddd; margin: 12px 0;""><div style=""font-size: 13px; color: #444; line-height: 1.4;""><b style=""color: #111;"">Explicació:</b> L’estat físic i emocional dels ocupants pot convertir un bloqueig en una situació que requereixi intervenció urgent.</div></div>","T33_-_Intervencio_basica_en_rescat_urba","21207"
"<div style=""text-align: left; font-family: -apple-system, sans-serif;""><div style=""font-size: 11px; color: #888; margin-bottom: 6px;"">[T33 - Intervenció bàsica en rescat urbà] Pregunta 31</div><div style=""font-weight: bold; font-size: 16px; margin-bottom: 14px; line-height: 1.4;"">Quin criteri s’ha de mantenir mentre es progressa amb un sistema MGO?</div><div style=""font-size: 14px; line-height: 1.6;""><div style=""padding: 5px 0;""><b>A)</b> Mantenir un punt d’ancoratge de l’MGO connectat durant la progressió.</div><div style=""padding: 5px 0;""><b>B)</b> Mantenir els dos mosquetons lliures quan calgui superar un element de l’estructura.</div><div style=""padding: 5px 0;""><b>C)</b> Desconnectar els dos mosquetons alhora abans de passar al punt d’ancoratge següent.</div><div style=""padding: 5px 0;""><b>D)</b> Substituir temporalment els dos mosquetons per una única corda secundària sense punt fix.</div></div></div>","<div style=""text-align: left; font-family: -apple-system, sans-serif;""><div style=""font-weight: bold; font-size: 16px; color: #10b981; margin-bottom: 8px;"">✓ Resposta Correcta: A</div><div style=""font-size: 14px; margin-bottom: 12px; padding: 10px; background: rgba(16,185,129,0.1); border-radius: 6px; border-left: 4px solid #10b981;"">A) Mantenir un punt d’ancoratge de l’MGO connectat durant la progressió.</div><hr style=""border: 0; border-top: 1px solid #ddd; margin: 12px 0;""><div style=""font-size: 13px; color: #444; line-height: 1.4;""><b style=""color: #111;"">Explicació:</b> La progressió es fa successivament de manera que la connexió al sistema no es perdi durant el desplaçament.</div></div>","T33_-_Intervencio_basica_en_rescat_urba","21167"
"<div style=""text-align: left; font-family: -apple-system, sans-serif;""><div style=""font-size: 11px; color: #888; margin-bottom: 6px;"">[T33 - Intervenció bàsica en rescat urbà] Pregunta 32</div><div style=""font-weight: bold; font-size: 16px; margin-bottom: 14px; line-height: 1.4;"">Quin element s’ha de localitzar en iniciar el rescat en un ascensor sense cambra de màquines?</div><div style=""font-size: 14px; line-height: 1.6;""><div style=""padding: 5px 0;""><b>A)</b> El volant manual del motor.</div><div style=""padding: 5px 0;""><b>B)</b> L’armari de control electrònic.</div><div style=""padding: 5px 0;""><b>C)</b> La central hidràulica de planta baixa.</div><div style=""padding: 5px 0;""><b>D)</b> La cambra de màquines superior.</div></div></div>","<div style=""text-align: left; font-family: -apple-system, sans-serif;""><div style=""font-weight: bold; font-size: 16px; color: #10b981; margin-bottom: 8px;"">✓ Resposta Correcta: B</div><div style=""font-size: 14px; margin-bottom: 12px; padding: 10px; background: rgba(16,185,129,0.1); border-radius: 6px; border-left: 4px solid #10b981;"">B) L’armari de control electrònic.</div><hr style=""border: 0; border-top: 1px solid #ddd; margin: 12px 0;""><div style=""font-size: 13px; color: #444; line-height: 1.4;""><b style=""color: #111;"">Explicació:</b> En aquests sistemes, els comandaments de rescat es concentren en l’armari de control accessible.</div></div>","T33_-_Intervencio_basica_en_rescat_urba","21242"
"<div style=""text-align: left; font-family: -apple-system, sans-serif;""><div style=""font-size: 11px; color: #888; margin-bottom: 6px;"">[T33 - Intervenció bàsica en rescat urbà] Pregunta 33</div><div style=""font-weight: bold; font-size: 16px; margin-bottom: 14px; line-height: 1.4;"">Quin risc pretén evitar l’assegurament de la víctima amb llitera o triangle de salvament?</div><div style=""font-size: 14px; line-height: 1.6;""><div style=""padding: 5px 0;""><b>A)</b> La pèrdua de velocitat durant un descens per ràpel.</div><div style=""padding: 5px 0;""><b>B)</b> El retrocés d’una càrrega en un sistema de politges.</div><div style=""padding: 5px 0;""><b>C)</b> Les caigudes accidentals durant la intervenció.</div><div style=""padding: 5px 0;""><b>D)</b> La impossibilitat de connectar un MGO a perfils de grans dimensions.</div></div></div>","<div style=""text-align: left; font-family: -apple-system, sans-serif;""><div style=""font-weight: bold; font-size: 16px; color: #10b981; margin-bottom: 8px;"">✓ Resposta Correcta: C</div><div style=""font-size: 14px; margin-bottom: 12px; padding: 10px; background: rgba(16,185,129,0.1); border-radius: 6px; border-left: 4px solid #10b981;"">C) Les caigudes accidentals durant la intervenció.</div><hr style=""border: 0; border-top: 1px solid #ddd; margin: 12px 0;""><div style=""font-size: 13px; color: #444; line-height: 1.4;""><b style=""color: #111;"">Explicació:</b> La finalitat és impedir que la víctima pugui caure accidentalment mentre es desenvolupa el rescat.</div></div>","T33_-_Intervencio_basica_en_rescat_urba","21170"
"<div style=""text-align: left; font-family: -apple-system, sans-serif;""><div style=""font-size: 11px; color: #888; margin-bottom: 6px;"">[T33 - Intervenció bàsica en rescat urbà] Pregunta 34</div><div style=""font-weight: bold; font-size: 16px; margin-bottom: 14px; line-height: 1.4;"">Com s’assegura la víctima en una maniobra amb llitera o triangle de salvament?</div><div style=""font-size: 14px; line-height: 1.6;""><div style=""padding: 5px 0;""><b>A)</b> Mitjançant cordes, arnesos i sistemes d’unió segurs connectats a una línia d’assegurament amb llitera o amb un rescatador.</div><div style=""padding: 5px 0;""><b>B)</b> Mitjançant una única corda de retenció connectada a l’anella ventral sense línia d’assegurament.</div><div style=""padding: 5px 0;""><b>C)</b> Mitjançant una corda dinàmica sense arnès ni sistema d’unió per facilitar el moviment de la víctima.</div><div style=""padding: 5px 0;""><b>D)</b> Mitjançant dos mosquetons MGO connectats directament a l’estructura perquè la víctima progressi de manera autònoma.</div></div></div>","<div style=""text-align: left; font-family: -apple-system, sans-serif;""><div style=""font-weight: bold; font-size: 16px; color: #10b981; margin-bottom: 8px;"">✓ Resposta Correcta: A</div><div style=""font-size: 14px; margin-bottom: 12px; padding: 10px; background: rgba(16,185,129,0.1); border-radius: 6px; border-left: 4px solid #10b981;"">A) Mitjançant cordes, arnesos i sistemes d’unió segurs connectats a una línia d’assegurament amb llitera o amb un rescatador.</div><hr style=""border: 0; border-top: 1px solid #ddd; margin: 12px 0;""><div style=""font-size: 13px; color: #444; line-height: 1.4;""><b style=""color: #111;"">Explicació:</b> La víctima queda integrada en un sistema d’unió segur i connectada a una línia d’assegurament durant tota la maniobra.</div></div>","T33_-_Intervencio_basica_en_rescat_urba","21169"
"<div style=""text-align: left; font-family: -apple-system, sans-serif;""><div style=""font-size: 11px; color: #888; margin-bottom: 6px;"">[T33 - Intervenció bàsica en rescat urbà] Pregunta 35</div><div style=""font-weight: bold; font-size: 16px; margin-bottom: 14px; line-height: 1.4;"">Quina és la funció general dels nusos en rescat en alçada?</div><div style=""font-size: 14px; line-height: 1.6;""><div style=""padding: 5px 0;""><b>A)</b> Multiplicar la força aplicada per elevar una càrrega mitjançant avantatge mecànic.</div><div style=""padding: 5px 0;""><b>B)</b> Permetre una connexió segura entre cordes i mosquetons, però no amb altres equips del sistema.</div><div style=""padding: 5px 0;""><b>C)</b> Absorbir l’impacte d’una caiguda mitjançant l’elasticitat del sistema de cordes.</div><div style=""padding: 5px 0;""><b>D)</b> Permetre una connexió segura entre cordes, mosquetons i altres equips.</div></div></div>","<div style=""text-align: left; font-family: -apple-system, sans-serif;""><div style=""font-weight: bold; font-size: 16px; color: #10b981; margin-bottom: 8px;"">✓ Resposta Correcta: D</div><div style=""font-size: 14px; margin-bottom: 12px; padding: 10px; background: rgba(16,185,129,0.1); border-radius: 6px; border-left: 4px solid #10b981;"">D) Permetre una connexió segura entre cordes, mosquetons i altres equips.</div><hr style=""border: 0; border-top: 1px solid #ddd; margin: 12px 0;""><div style=""font-size: 13px; color: #444; line-height: 1.4;""><b style=""color: #111;"">Explicació:</b> Els nusos serveixen per unir de manera segura els diferents elements del sistema de cordes.</div></div>","T33_-_Intervencio_basica_en_rescat_urba","21136"
"<div style=""text-align: left; font-family: -apple-system, sans-serif;""><div style=""font-size: 11px; color: #888; margin-bottom: 6px;"">[T33 - Intervenció bàsica en rescat urbà] Pregunta 36</div><div style=""font-weight: bold; font-size: 16px; margin-bottom: 14px; line-height: 1.4;"">Quina funció té la politja d’adherència?</div><div style=""font-size: 14px; line-height: 1.6;""><div style=""padding: 5px 0;""><b>A)</b> Governar electrònicament les portes, les parades i el posicionament de la cabina.</div><div style=""padding: 5px 0;""><b>B)</b> Equilibrar el pes de la cabina mitjançant un moviment oposat al contrapès.</div><div style=""padding: 5px 0;""><b>C)</b> Guiar els cables mitjançant les seves ranures i transmetre el moviment del motor al desplaçament vertical.</div><div style=""padding: 5px 0;""><b>D)</b> Actuar sobre el fre de seguretat quan la cabina supera una velocitat admissible.</div></div></div>","<div style=""text-align: left; font-family: -apple-system, sans-serif;""><div style=""font-weight: bold; font-size: 16px; color: #10b981; margin-bottom: 8px;"">✓ Resposta Correcta: C</div><div style=""font-size: 14px; margin-bottom: 12px; padding: 10px; background: rgba(16,185,129,0.1); border-radius: 6px; border-left: 4px solid #10b981;"">C) Guiar els cables mitjançant les seves ranures i transmetre el moviment del motor al desplaçament vertical.</div><hr style=""border: 0; border-top: 1px solid #ddd; margin: 12px 0;""><div style=""font-size: 13px; color: #444; line-height: 1.4;""><b style=""color: #111;"">Explicació:</b> La politja és accionada pel motor i les seves ranures permeten transmetre el moviment als cables.</div></div>","T33_-_Intervencio_basica_en_rescat_urba","21216"
"<div style=""text-align: left; font-family: -apple-system, sans-serif;""><div style=""font-size: 11px; color: #888; margin-bottom: 6px;"">[T33 - Intervenció bàsica en rescat urbà] Pregunta 37</div><div style=""font-weight: bold; font-size: 16px; margin-bottom: 14px; line-height: 1.4;"">Quantes funcions de seguretat s’han d’activar com a mínim abans del rescat en ascensor?</div><div style=""font-size: 14px; line-height: 1.6;""><div style=""padding: 5px 0;""><b>A)</b> Quatre funcions de seguretat.</div><div style=""padding: 5px 0;""><b>B)</b> Dues funcions de seguretat.</div><div style=""padding: 5px 0;""><b>C)</b> Tres funcions de seguretat.</div><div style=""padding: 5px 0;""><b>D)</b> Una funció de seguretat.</div></div></div>","<div style=""text-align: left; font-family: -apple-system, sans-serif;""><div style=""font-weight: bold; font-size: 16px; color: #10b981; margin-bottom: 8px;"">✓ Resposta Correcta: B</div><div style=""font-size: 14px; margin-bottom: 12px; padding: 10px; background: rgba(16,185,129,0.1); border-radius: 6px; border-left: 4px solid #10b981;"">B) Dues funcions de seguretat.</div><hr style=""border: 0; border-top: 1px solid #ddd; margin: 12px 0;""><div style=""font-size: 13px; color: #444; line-height: 1.4;""><b style=""color: #111;"">Explicació:</b> La pauta estableix activar com a mínim dues de les funcions de seguretat disponibles abans de continuar.</div></div>","T33_-_Intervencio_basica_en_rescat_urba","21250"
"<div style=""text-align: left; font-family: -apple-system, sans-serif;""><div style=""font-size: 11px; color: #888; margin-bottom: 6px;"">[T33 - Intervenció bàsica en rescat urbà] Pregunta 38</div><div style=""font-weight: bold; font-size: 16px; margin-bottom: 14px; line-height: 1.4;"">Quina funció té un sistema de suspensió?</div><div style=""font-size: 14px; line-height: 1.6;""><div style=""padding: 5px 0;""><b>A)</b> Reduir l’esforç necessari per moure l’usuari mitjançant un avantatge mecànic.</div><div style=""padding: 5px 0;""><b>B)</b> Subjectar l’usuari en suspensió i actuar alhora com a sistema anticaigudes.</div><div style=""padding: 5px 0;""><b>C)</b> Impedir que l’usuari entri en una zona amb risc de caiguda sense arribar a suspendre’l.</div><div style=""padding: 5px 0;""><b>D)</b> Subjectar l’usuari i permetre-li posicionar-se en suspensió.</div></div></div>","<div style=""text-align: left; font-family: -apple-system, sans-serif;""><div style=""font-weight: bold; font-size: 16px; color: #10b981; margin-bottom: 8px;"">✓ Resposta Correcta: D</div><div style=""font-size: 14px; margin-bottom: 12px; padding: 10px; background: rgba(16,185,129,0.1); border-radius: 6px; border-left: 4px solid #10b981;"">D) Subjectar l’usuari i permetre-li posicionar-se en suspensió.</div><hr style=""border: 0; border-top: 1px solid #ddd; margin: 12px 0;""><div style=""font-size: 13px; color: #444; line-height: 1.4;""><b style=""color: #111;"">Explicació:</b> El sistema de suspensió sosté l’usuari en una posició penjada per poder treballar o progressar.</div></div>","T33_-_Intervencio_basica_en_rescat_urba","21189"
"<div style=""text-align: left; font-family: -apple-system, sans-serif;""><div style=""font-size: 11px; color: #888; margin-bottom: 6px;"">[T33 - Intervenció bàsica en rescat urbà] Pregunta 39</div><div style=""font-weight: bold; font-size: 16px; margin-bottom: 14px; line-height: 1.4;"">Quina exigència estableix el Reial decret 486/1997 davant un risc de caiguda des de més de dos metres d’alçada?</div><div style=""font-size: 14px; line-height: 1.6;""><div style=""padding: 5px 0;""><b>A)</b> Protegir la zona mitjançant baranes, passarel·les o altres sistemes de protecció col·lectiva.</div><div style=""padding: 5px 0;""><b>B)</b> Substituir les proteccions col·lectives per un sistema MGO de dos mosquetons de gran obertura.</div><div style=""padding: 5px 0;""><b>C)</b> Utilitzar una corda dinàmica simple com a sistema principal de retenció de l’usuari.</div><div style=""padding: 5px 0;""><b>D)</b> Protegir la zona amb sistemes de protecció col·lectiva quan el risc de caiguda sigui des d’una alçada igual o superior a dos metres.</div></div></div>","<div style=""text-align: left; font-family: -apple-system, sans-serif;""><div style=""font-weight: bold; font-size: 16px; color: #10b981; margin-bottom: 8px;"">✓ Resposta Correcta: A</div><div style=""font-size: 14px; margin-bottom: 12px; padding: 10px; background: rgba(16,185,129,0.1); border-radius: 6px; border-left: 4px solid #10b981;"">A) Protegir la zona mitjançant baranes, passarel·les o altres sistemes de protecció col·lectiva.</div><hr style=""border: 0; border-top: 1px solid #ddd; margin: 12px 0;""><div style=""font-size: 13px; color: #444; line-height: 1.4;""><b style=""color: #111;"">Explicació:</b> El RD 486/1997 exigeix protegir les zones amb aquest risc de caiguda mitjançant solucions de protecció col·lectiva.</div></div>","T33_-_Intervencio_basica_en_rescat_urba","21126"
"<div style=""text-align: left; font-family: -apple-system, sans-serif;""><div style=""font-size: 11px; color: #888; margin-bottom: 6px;"">[T33 - Intervenció bàsica en rescat urbà] Pregunta 40</div><div style=""font-weight: bold; font-size: 16px; margin-bottom: 14px; line-height: 1.4;"">Com es realitza la maniobra de ràpel del bomber descrita?</div><div style=""font-size: 14px; line-height: 1.6;""><div style=""padding: 5px 0;""><b>A)</b> Es despenja un bomber utilitzant un altre bomber com a punt fix mitjançant cordes.</div><div style=""padding: 5px 0;""><b>B)</b> Es desplaça un bomber per una estructura amb dos mosquetons MGO connectats successivament.</div><div style=""padding: 5px 0;""><b>C)</b> Es despenja un bomber des d’un SAS de dos punts instal·lat en un element estructural fix.</div><div style=""padding: 5px 0;""><b>D)</b> Es fa pujar un bomber per una corda fixa utilitzant bloquejadors, pedal i arnès.</div></div></div>","<div style=""text-align: left; font-family: -apple-system, sans-serif;""><div style=""font-weight: bold; font-size: 16px; color: #10b981; margin-bottom: 8px;"">✓ Resposta Correcta: A</div><div style=""font-size: 14px; margin-bottom: 12px; padding: 10px; background: rgba(16,185,129,0.1); border-radius: 6px; border-left: 4px solid #10b981;"">A) Es despenja un bomber utilitzant un altre bomber com a punt fix mitjançant cordes.</div><hr style=""border: 0; border-top: 1px solid #ddd; margin: 12px 0;""><div style=""font-size: 13px; color: #444; line-height: 1.4;""><b style=""color: #111;"">Explicació:</b> La particularitat és que un altre bomber assumeix la funció de punt fix del sistema de cordes.</div></div>","T33_-_Intervencio_basica_en_rescat_urba","21181"
"<div style=""text-align: left; font-family: -apple-system, sans-serif;""><div style=""font-size: 11px; color: #888; margin-bottom: 6px;"">[T33 - Intervenció bàsica en rescat urbà] Pregunta 41</div><div style=""font-weight: bold; font-size: 16px; margin-bottom: 14px; line-height: 1.4;"">Quin principi de funcionament utilitza un ascensor hidràulic per desplaçar la cabina?</div><div style=""font-size: 14px; line-height: 1.6;""><div style=""padding: 5px 0;""><b>A)</b> El moviment d’un contrapès que arrossega la cabina directament per les guies.</div><div style=""padding: 5px 0;""><b>B)</b> La força d’un pistó impulsat per oli a pressió.</div><div style=""padding: 5px 0;""><b>C)</b> Utilitzar la pressió d’oli sobre un pistó per moure la cabina, però amb l’ajuda necessària d’un contrapès.</div><div style=""padding: 5px 0;""><b>D)</b> L’adherència entre cables d’acer i una politja accionada per un motor.</div></div></div>","<div style=""text-align: left; font-family: -apple-system, sans-serif;""><div style=""font-weight: bold; font-size: 16px; color: #10b981; margin-bottom: 8px;"">✓ Resposta Correcta: B</div><div style=""font-size: 14px; margin-bottom: 12px; padding: 10px; background: rgba(16,185,129,0.1); border-radius: 6px; border-left: 4px solid #10b981;"">B) La força d’un pistó impulsat per oli a pressió.</div><hr style=""border: 0; border-top: 1px solid #ddd; margin: 12px 0;""><div style=""font-size: 13px; color: #444; line-height: 1.4;""><b style=""color: #111;"">Explicació:</b> L’ascensor hidràulic eleva la cabina mitjançant la pressió de l’oli sobre un pistó.</div></div>","T33_-_Intervencio_basica_en_rescat_urba","21221"
"<div style=""text-align: left; font-family: -apple-system, sans-serif;""><div style=""font-size: 11px; color: #888; margin-bottom: 6px;"">[T33 - Intervenció bàsica en rescat urbà] Pregunta 42</div><div style=""font-weight: bold; font-size: 16px; margin-bottom: 14px; line-height: 1.4;"">Què defineix un sistema d’ancoratge de seguretat (SAS)?</div><div style=""font-size: 14px; line-height: 1.6;""><div style=""padding: 5px 0;""><b>A)</b> Un sistema per instal·lar cordes format per un mínim de dos punts d’ancoratge que ofereixin garantia, redundància i fiabilitat.</div><div style=""padding: 5px 0;""><b>B)</b> Un sistema per instal·lar cordes format per dos punts d’ancoratge, sense que la redundància sigui un criteri essencial.</div><div style=""padding: 5px 0;""><b>C)</b> Un sistema de politges format per dos punts mòbils destinat a reduir la força d’elevació.</div><div style=""padding: 5px 0;""><b>D)</b> Un sistema anticaigudes connectat a l’anella de l’arnès sense necessitat de punts d’ancoratge independents.</div></div></div>","<div style=""text-align: left; font-family: -apple-system, sans-serif;""><div style=""font-weight: bold; font-size: 16px; color: #10b981; margin-bottom: 8px;"">✓ Resposta Correcta: A</div><div style=""font-size: 14px; margin-bottom: 12px; padding: 10px; background: rgba(16,185,129,0.1); border-radius: 6px; border-left: 4px solid #10b981;"">A) Un sistema per instal·lar cordes format per un mínim de dos punts d’ancoratge que ofereixin garantia, redundància i fiabilitat.</div><hr style=""border: 0; border-top: 1px solid #ddd; margin: 12px 0;""><div style=""font-size: 13px; color: #444; line-height: 1.4;""><b style=""color: #111;"">Explicació:</b> El SAS busca redundància i fiabilitat mitjançant, com a mínim, dos punts d’ancoratge.</div></div>","T33_-_Intervencio_basica_en_rescat_urba","21149"
"<div style=""text-align: left; font-family: -apple-system, sans-serif;""><div style=""font-size: 11px; color: #888; margin-bottom: 6px;"">[T33 - Intervenció bàsica en rescat urbà] Pregunta 43</div><div style=""font-weight: bold; font-size: 16px; margin-bottom: 14px; line-height: 1.4;"">Quins requisits operatius destaquen en els rescats en ascensors?</div><div style=""font-size: 14px; line-height: 1.6;""><div style=""padding: 5px 0;""><b>A)</b> Coneixement tècnic de l’aparell, maniobres de desbloqueig segures i comunicació puntual amb la víctima abans de l’extracció.</div><div style=""padding: 5px 0;""><b>B)</b> Ús prioritari d’escales manuals, nusos autoblocants i sistemes de retenció.</div><div style=""padding: 5px 0;""><b>C)</b> Coneixement de tècniques d’escalada, progressió amb MGO i ús de polispasts.</div><div style=""padding: 5px 0;""><b>D)</b> Coneixement tècnic de l’aparell, maniobres de desbloqueig segures i comunicació constant amb la víctima.</div></div></div>","<div style=""text-align: left; font-family: -apple-system, sans-serif;""><div style=""font-weight: bold; font-size: 16px; color: #10b981; margin-bottom: 8px;"">✓ Resposta Correcta: D</div><div style=""font-size: 14px; margin-bottom: 12px; padding: 10px; background: rgba(16,185,129,0.1); border-radius: 6px; border-left: 4px solid #10b981;"">D) Coneixement tècnic de l’aparell, maniobres de desbloqueig segures i comunicació constant amb la víctima.</div><hr style=""border: 0; border-top: 1px solid #ddd; margin: 12px 0;""><div style=""font-size: 13px; color: #444; line-height: 1.4;""><b style=""color: #111;"">Explicació:</b> El rescat en ascensors exigeix coneixement del funcionament, desbloqueig segur i contacte continu amb la persona atrapada.</div></div>","T33_-_Intervencio_basica_en_rescat_urba","21118"
"<div style=""text-align: left; font-family: -apple-system, sans-serif;""><div style=""font-size: 11px; color: #888; margin-bottom: 6px;"">[T33 - Intervenció bàsica en rescat urbà] Pregunta 44</div><div style=""font-weight: bold; font-size: 16px; margin-bottom: 14px; line-height: 1.4;"">Com facilita un polispast l’evacuació d’una víctima façana amunt?</div><div style=""font-size: 14px; line-height: 1.6;""><div style=""padding: 5px 0;""><b>A)</b> Augmentant la velocitat de descens mitjançant un dispositiu de frenada.</div><div style=""padding: 5px 0;""><b>B)</b> Substituint els punts d’ancoratge per un únic connector de gran obertura.</div><div style=""padding: 5px 0;""><b>C)</b> Multiplicant la força aplicada, però sense modificar l’esforç de tracció necessari.</div><div style=""padding: 5px 0;""><b>D)</b> Multiplicant la força aplicada i facilitant la tracció.</div></div></div>","<div style=""text-align: left; font-family: -apple-system, sans-serif;""><div style=""font-weight: bold; font-size: 16px; color: #10b981; margin-bottom: 8px;"">✓ Resposta Correcta: D</div><div style=""font-size: 14px; margin-bottom: 12px; padding: 10px; background: rgba(16,185,129,0.1); border-radius: 6px; border-left: 4px solid #10b981;"">D) Multiplicant la força aplicada i facilitant la tracció.</div><hr style=""border: 0; border-top: 1px solid #ddd; margin: 12px 0;""><div style=""font-size: 13px; color: #444; line-height: 1.4;""><b style=""color: #111;"">Explicació:</b> L’avantatge mecànic permet aplicar menys esforç per generar la tracció necessària en una elevació.</div></div>","T33_-_Intervencio_basica_en_rescat_urba","21172"
"<div style=""text-align: left; font-family: -apple-system, sans-serif;""><div style=""font-size: 11px; color: #888; margin-bottom: 6px;"">[T33 - Intervenció bàsica en rescat urbà] Pregunta 45</div><div style=""font-weight: bold; font-size: 16px; margin-bottom: 14px; line-height: 1.4;"">Quina funció té el nus de vuit resseguit o per sinus?</div><div style=""font-size: 14px; line-height: 1.6;""><div style=""padding: 5px 0;""><b>A)</b> Assegurar l’ancoratge de la corda a l’arnès, però no a un punt fix.</div><div style=""padding: 5px 0;""><b>B)</b> Assegurar l’ancoratge de la corda a l’arnès o a un punt fix.</div><div style=""padding: 5px 0;""><b>C)</b> Formar una connexió provisional ràpida i ajustable al voltant d’un element d’ancoratge.</div><div style=""padding: 5px 0;""><b>D)</b> Fer de topall al final de la corda perquè no passi a través d’un descensor o d’una politja.</div></div></div>","<div style=""text-align: left; font-family: -apple-system, sans-serif;""><div style=""font-weight: bold; font-size: 16px; color: #10b981; margin-bottom: 8px;"">✓ Resposta Correcta: B</div><div style=""font-size: 14px; margin-bottom: 12px; padding: 10px; background: rgba(16,185,129,0.1); border-radius: 6px; border-left: 4px solid #10b981;"">B) Assegurar l’ancoratge de la corda a l’arnès o a un punt fix.</div><hr style=""border: 0; border-top: 1px solid #ddd; margin: 12px 0;""><div style=""font-size: 13px; color: #444; line-height: 1.4;""><b style=""color: #111;"">Explicació:</b> El vuit resseguit permet fixar la corda a l’arnès o a un punt d’ancoratge.</div></div>","T33_-_Intervencio_basica_en_rescat_urba","21138"
"<div style=""text-align: left; font-family: -apple-system, sans-serif;""><div style=""font-size: 11px; color: #888; margin-bottom: 6px;"">[T33 - Intervenció bàsica en rescat urbà] Pregunta 46</div><div style=""font-weight: bold; font-size: 16px; margin-bottom: 14px; line-height: 1.4;"">Quan es preveu la maniobra de ràpel del bomber?</div><div style=""font-size: 14px; line-height: 1.6;""><div style=""padding: 5px 0;""><b>A)</b> Quan hi ha un punt superior fiable i es vol preparar un descens ordinari amb doble línia de corda.</div><div style=""padding: 5px 0;""><b>B)</b> Quan es vol reduir l’esforç d’elevar una víctima mitjançant un sistema de politges.</div><div style=""padding: 5px 0;""><b>C)</b> Quan no hi ha un punt fiable per fer un ancoratge fix i existeix una situació de risc vital imminent per a una persona.</div><div style=""padding: 5px 0;""><b>D)</b> Quan no hi ha un punt fiable d’ancoratge fix, encara que no existeixi risc vital imminent per a la víctima.</div></div></div>","<div style=""text-align: left; font-family: -apple-system, sans-serif;""><div style=""font-weight: bold; font-size: 16px; color: #10b981; margin-bottom: 8px;"">✓ Resposta Correcta: C</div><div style=""font-size: 14px; margin-bottom: 12px; padding: 10px; background: rgba(16,185,129,0.1); border-radius: 6px; border-left: 4px solid #10b981;"">C) Quan no hi ha un punt fiable per fer un ancoratge fix i existeix una situació de risc vital imminent per a una persona.</div><hr style=""border: 0; border-top: 1px solid #ddd; margin: 12px 0;""><div style=""font-size: 13px; color: #444; line-height: 1.4;""><b style=""color: #111;"">Explicació:</b> Aquesta és una maniobra excepcional associada a l’absència d’un ancoratge fix fiable i a una urgència vital.</div></div>","T33_-_Intervencio_basica_en_rescat_urba","21180"
"<div style=""text-align: left; font-family: -apple-system, sans-serif;""><div style=""font-size: 11px; color: #888; margin-bottom: 6px;"">[T33 - Intervenció bàsica en rescat urbà] Pregunta 47</div><div style=""font-weight: bold; font-size: 16px; margin-bottom: 14px; line-height: 1.4;"">Quin és l’objectiu de la progressió amb sistema MGO?</div><div style=""font-size: 14px; line-height: 1.6;""><div style=""padding: 5px 0;""><b>A)</b> Permetre la progressió vertical autònoma per estructures metàl·liques, escales, bastides, balcons o línies de vida industrials.</div><div style=""padding: 5px 0;""><b>B)</b> Permetre el descens per corda amb control de velocitat mitjançant un dispositiu de frenada.</div><div style=""padding: 5px 0;""><b>C)</b> Permetre la retenció de l’usuari dins d’un espai de treball sense progressió vertical.</div><div style=""padding: 5px 0;""><b>D)</b> Permetre l’elevació de càrregues mitjançant politges fixes i mòbils.</div></div></div>","<div style=""text-align: left; font-family: -apple-system, sans-serif;""><div style=""font-weight: bold; font-size: 16px; color: #10b981; margin-bottom: 8px;"">✓ Resposta Correcta: A</div><div style=""font-size: 14px; margin-bottom: 12px; padding: 10px; background: rgba(16,185,129,0.1); border-radius: 6px; border-left: 4px solid #10b981;"">A) Permetre la progressió vertical autònoma per estructures metàl·liques, escales, bastides, balcons o línies de vida industrials.</div><hr style=""border: 0; border-top: 1px solid #ddd; margin: 12px 0;""><div style=""font-size: 13px; color: #444; line-height: 1.4;""><b style=""color: #111;"">Explicació:</b> El sistema MGO està pensat per assegurar una progressió vertical autònoma sobre elements estructurals de grans dimensions.</div></div>","T33_-_Intervencio_basica_en_rescat_urba","21164"
"<div style=""text-align: left; font-family: -apple-system, sans-serif;""><div style=""font-size: 11px; color: #888; margin-bottom: 6px;"">[T33 - Intervenció bàsica en rescat urbà] Pregunta 48</div><div style=""font-weight: bold; font-size: 16px; margin-bottom: 14px; line-height: 1.4;"">Dins dels ascensors electromecànics d’adherència, quines dues configuracions de recorregut es diferencien?</div><div style=""font-size: 14px; line-height: 1.6;""><div style=""padding: 5px 0;""><b>A)</b> Ascensors verticals i ascensors inclinats o funiculars.</div><div style=""padding: 5px 0;""><b>B)</b> Ascensors directes i ascensors indirectes.</div><div style=""padding: 5px 0;""><b>C)</b> Ascensors amb reductor i ascensors hidràulics.</div><div style=""padding: 5px 0;""><b>D)</b> Ascensors amb cambra i ascensors amb pistó lateral.</div></div></div>","<div style=""text-align: left; font-family: -apple-system, sans-serif;""><div style=""font-weight: bold; font-size: 16px; color: #10b981; margin-bottom: 8px;"">✓ Resposta Correcta: A</div><div style=""font-size: 14px; margin-bottom: 12px; padding: 10px; background: rgba(16,185,129,0.1); border-radius: 6px; border-left: 4px solid #10b981;"">A) Ascensors verticals i ascensors inclinats o funiculars.</div><hr style=""border: 0; border-top: 1px solid #ddd; margin: 12px 0;""><div style=""font-size: 13px; color: #444; line-height: 1.4;""><b style=""color: #111;"">Explicació:</b> Els electromecànics d’adherència poden treballar en recorregut vertical o en un pla inclinat.</div></div>","T33_-_Intervencio_basica_en_rescat_urba","21209"
"<div style=""text-align: left; font-family: -apple-system, sans-serif;""><div style=""font-size: 11px; color: #888; margin-bottom: 6px;"">[T33 - Intervenció bàsica en rescat urbà] Pregunta 49</div><div style=""font-weight: bold; font-size: 16px; margin-bottom: 14px; line-height: 1.4;"">Quines característiques afavoreixen l’ús d’ascensors sense cambra de màquines en edificis nous?</div><div style=""font-size: 14px; line-height: 1.6;""><div style=""padding: 5px 0;""><b>A)</b> Major necessitat d’espai tècnic, més manteniment i motor amb reductor.</div><div style=""padding: 5px 0;""><b>B)</b> Eficiència energètica i integració compacta, però amb una necessitat de manteniment superior als sistemes tradicionals.</div><div style=""padding: 5px 0;""><b>C)</b> Eficiència energètica, menor manteniment i integració compacta.</div><div style=""padding: 5px 0;""><b>D)</b> Dependència d’una cambra superior, contrapès més gran i baixa integració.</div></div></div>","<div style=""text-align: left; font-family: -apple-system, sans-serif;""><div style=""font-weight: bold; font-size: 16px; color: #10b981; margin-bottom: 8px;"">✓ Resposta Correcta: C</div><div style=""font-size: 14px; margin-bottom: 12px; padding: 10px; background: rgba(16,185,129,0.1); border-radius: 6px; border-left: 4px solid #10b981;"">C) Eficiència energètica, menor manteniment i integració compacta.</div><hr style=""border: 0; border-top: 1px solid #ddd; margin: 12px 0;""><div style=""font-size: 13px; color: #444; line-height: 1.4;""><b style=""color: #111;"">Explicació:</b> El disseny compacte i l’ús de motors moderns els fan habituals en habitatges i oficines de nova construcció.</div></div>","T33_-_Intervencio_basica_en_rescat_urba","21229"
"<div style=""text-align: left; font-family: -apple-system, sans-serif;""><div style=""font-size: 11px; color: #888; margin-bottom: 6px;"">[T33 - Intervenció bàsica en rescat urbà] Pregunta 50</div><div style=""font-weight: bold; font-size: 16px; margin-bottom: 14px; line-height: 1.4;"">Quina característica defineix les cordes estàtiques en rescat en alçada?</div><div style=""font-size: 14px; line-height: 1.6;""><div style=""padding: 5px 0;""><b>A)</b> Tenen una elasticitat elevada que facilita la progressió vertical per estructures metàl·liques.</div><div style=""padding: 5px 0;""><b>B)</b> Tenen molt poca elasticitat i són indicades per a maniobres de rescat, descens i ascens controlat.</div><div style=""padding: 5px 0;""><b>C)</b> Tenen poca elasticitat, però s’utilitzen principalment en situacions on es preveu una caiguda.</div><div style=""padding: 5px 0;""><b>D)</b> Tenen una gran capacitat d’allargament i s’utilitzen principalment quan es preveu una caiguda.</div></div></div>","<div style=""text-align: left; font-family: -apple-system, sans-serif;""><div style=""font-weight: bold; font-size: 16px; color: #10b981; margin-bottom: 8px;"">✓ Resposta Correcta: B</div><div style=""font-size: 14px; margin-bottom: 12px; padding: 10px; background: rgba(16,185,129,0.1); border-radius: 6px; border-left: 4px solid #10b981;"">B) Tenen molt poca elasticitat i són indicades per a maniobres de rescat, descens i ascens controlat.</div><hr style=""border: 0; border-top: 1px solid #ddd; margin: 12px 0;""><div style=""font-size: 13px; color: #444; line-height: 1.4;""><b style=""color: #111;"">Explicació:</b> La baixa elasticitat afavoreix el control en ascensos, descensos i altres maniobres de rescat.</div></div>","T33_-_Intervencio_basica_en_rescat_urba","21132"
"<div style=""text-align: left; font-family: -apple-system, sans-serif;""><div style=""font-size: 11px; color: #888; margin-bottom: 6px;"">[T33 - Intervenció bàsica en rescat urbà] Pregunta 51</div><div style=""font-weight: bold; font-size: 16px; margin-bottom: 14px; line-height: 1.4;"">Quan es poden utilitzar les claus específiques per al desbloqueig manual de portes d’ascensor?</div><div style=""font-size: 14px; line-height: 1.6;""><div style=""padding: 5px 0;""><b>A)</b> Quan la cabina es troba propera a la planta, encara que no s’hagi confirmat exactament la seva posició.</div><div style=""padding: 5px 0;""><b>B)</b> Quan la cabina es troba a la planta corresponent o molt propera.</div><div style=""padding: 5px 0;""><b>C)</b> Quan no s’ha pogut determinar la posició de la cabina però la porta de planta és accessible.</div><div style=""padding: 5px 0;""><b>D)</b> Quan el motor continua alimentat i la cabina està preparada per reiniciar la marxa.</div></div></div>","<div style=""text-align: left; font-family: -apple-system, sans-serif;""><div style=""font-weight: bold; font-size: 16px; color: #10b981; margin-bottom: 8px;"">✓ Resposta Correcta: B</div><div style=""font-size: 14px; margin-bottom: 12px; padding: 10px; background: rgba(16,185,129,0.1); border-radius: 6px; border-left: 4px solid #10b981;"">B) Quan la cabina es troba a la planta corresponent o molt propera.</div><hr style=""border: 0; border-top: 1px solid #ddd; margin: 12px 0;""><div style=""font-size: 13px; color: #444; line-height: 1.4;""><b style=""color: #111;"">Explicació:</b> L’obertura manual de la porta només és segura quan la cabina és present o pràcticament alineada amb la planta.</div></div>","T33_-_Intervencio_basica_en_rescat_urba","21253"
"<div style=""text-align: left; font-family: -apple-system, sans-serif;""><div style=""font-size: 11px; color: #888; margin-bottom: 6px;"">[T33 - Intervenció bàsica en rescat urbà] Pregunta 52</div><div style=""font-weight: bold; font-size: 16px; margin-bottom: 14px; line-height: 1.4;"">Quin és l’objectiu de la progressió tipus escalada en rescat en alçada?</div><div style=""font-size: 14px; line-height: 1.6;""><div style=""padding: 5px 0;""><b>A)</b> Mantenir un intervinent dins d’una zona segura sense arribar a l’àrea de caiguda.</div><div style=""padding: 5px 0;""><b>B)</b> Permetre el descens controlat mitjançant un dispositiu de frenada.</div><div style=""padding: 5px 0;""><b>C)</b> Elevar una víctima mitjançant un sistema de politges amb avantatge mecànic.</div><div style=""padding: 5px 0;""><b>D)</b> Permetre la progressió vertical mitjançant tècniques d’escalada assegurada.</div></div></div>","<div style=""text-align: left; font-family: -apple-system, sans-serif;""><div style=""font-weight: bold; font-size: 16px; color: #10b981; margin-bottom: 8px;"">✓ Resposta Correcta: D</div><div style=""font-size: 14px; margin-bottom: 12px; padding: 10px; background: rgba(16,185,129,0.1); border-radius: 6px; border-left: 4px solid #10b981;"">D) Permetre la progressió vertical mitjançant tècniques d’escalada assegurada.</div><hr style=""border: 0; border-top: 1px solid #ddd; margin: 12px 0;""><div style=""font-size: 13px; color: #444; line-height: 1.4;""><b style=""color: #111;"">Explicació:</b> La maniobra permet avançar verticalment sobre l’estructura mantenint un sistema d’assegurament.</div></div>","T33_-_Intervencio_basica_en_rescat_urba","21156"
"<div style=""text-align: left; font-family: -apple-system, sans-serif;""><div style=""font-size: 11px; color: #888; margin-bottom: 6px;"">[T33 - Intervenció bàsica en rescat urbà] Pregunta 53</div><div style=""font-weight: bold; font-size: 16px; margin-bottom: 14px; line-height: 1.4;"">Quin criteri de comunicació forma part de la seguretat operativa en el rescat en alçada?</div><div style=""font-size: 14px; line-height: 1.6;""><div style=""padding: 5px 0;""><b>A)</b> Mantenir una comunicació constant durant la maniobra.</div><div style=""padding: 5px 0;""><b>B)</b> Reservar les comunicacions per a canvis de comandament i no per a la maniobra.</div><div style=""padding: 5px 0;""><b>C)</b> Concentrar les comunicacions en el moment inicial i evitar-les durant l’execució.</div><div style=""padding: 5px 0;""><b>D)</b> Mantenir comunicació a l’inici i al final de la maniobra, reduint-la durant l’execució.</div></div></div>","<div style=""text-align: left; font-family: -apple-system, sans-serif;""><div style=""font-weight: bold; font-size: 16px; color: #10b981; margin-bottom: 8px;"">✓ Resposta Correcta: A</div><div style=""font-size: 14px; margin-bottom: 12px; padding: 10px; background: rgba(16,185,129,0.1); border-radius: 6px; border-left: 4px solid #10b981;"">A) Mantenir una comunicació constant durant la maniobra.</div><hr style=""border: 0; border-top: 1px solid #ddd; margin: 12px 0;""><div style=""font-size: 13px; color: #444; line-height: 1.4;""><b style=""color: #111;"">Explicació:</b> La comunicació continuada permet coordinar l’equip i adaptar les decisions a l’evolució de la maniobra.</div></div>","T33_-_Intervencio_basica_en_rescat_urba","21184"
"<div style=""text-align: left; font-family: -apple-system, sans-serif;""><div style=""font-size: 11px; color: #888; margin-bottom: 6px;"">[T33 - Intervenció bàsica en rescat urbà] Pregunta 54</div><div style=""font-weight: bold; font-size: 16px; margin-bottom: 14px; line-height: 1.4;"">Quines funcions generals compleixen les politges en sistemes d’elevació i rescat?</div><div style=""font-size: 14px; line-height: 1.6;""><div style=""padding: 5px 0;""><b>A)</b> Multiplicar la força i redirigir la càrrega.</div><div style=""padding: 5px 0;""><b>B)</b> Redirigir la càrrega i evitar-ne el retrocés, sense aportar avantatge mecànic.</div><div style=""padding: 5px 0;""><b>C)</b> Delimitar una zona de treball per impedir l’entrada a l’àrea de caiguda.</div><div style=""padding: 5px 0;""><b>D)</b> Absorbir l’impacte d’una caiguda i limitar la força de xoc.</div></div></div>","<div style=""text-align: left; font-family: -apple-system, sans-serif;""><div style=""font-weight: bold; font-size: 16px; color: #10b981; margin-bottom: 8px;"">✓ Resposta Correcta: A</div><div style=""font-size: 14px; margin-bottom: 12px; padding: 10px; background: rgba(16,185,129,0.1); border-radius: 6px; border-left: 4px solid #10b981;"">A) Multiplicar la força i redirigir la càrrega.</div><hr style=""border: 0; border-top: 1px solid #ddd; margin: 12px 0;""><div style=""font-size: 13px; color: #444; line-height: 1.4;""><b style=""color: #111;"">Explicació:</b> Les politges aporten avantatge mecànic i permeten modificar la direcció de treball de la corda.</div></div>","T33_-_Intervencio_basica_en_rescat_urba","21142"
"<div style=""text-align: left; font-family: -apple-system, sans-serif;""><div style=""font-size: 11px; color: #888; margin-bottom: 6px;"">[T33 - Intervenció bàsica en rescat urbà] Pregunta 55</div><div style=""font-weight: bold; font-size: 16px; margin-bottom: 14px; line-height: 1.4;"">Quina és una causa freqüent d’intervenció dels serveis d’emergència en ascensors?</div><div style=""font-size: 14px; line-height: 1.6;""><div style=""padding: 5px 0;""><b>A)</b> Una fallada estructural de la façana sense afectació de l’ascensor.</div><div style=""padding: 5px 0;""><b>B)</b> Una avaria elèctrica o mecànica de l’ascensor.</div><div style=""padding: 5px 0;""><b>C)</b> Una incidència exclusiva de ventilació del vestíbul de planta.</div><div style=""padding: 5px 0;""><b>D)</b> Una avaria d’una instal·lació d’aigua aliena al funcionament de l’ascensor.</div></div></div>","<div style=""text-align: left; font-family: -apple-system, sans-serif;""><div style=""font-weight: bold; font-size: 16px; color: #10b981; margin-bottom: 8px;"">✓ Resposta Correcta: B</div><div style=""font-size: 14px; margin-bottom: 12px; padding: 10px; background: rgba(16,185,129,0.1); border-radius: 6px; border-left: 4px solid #10b981;"">B) Una avaria elèctrica o mecànica de l’ascensor.</div><hr style=""border: 0; border-top: 1px solid #ddd; margin: 12px 0;""><div style=""font-size: 13px; color: #444; line-height: 1.4;""><b style=""color: #111;"">Explicació:</b> Les avaries elèctriques o mecàniques formen part de les causes habituals que poden deixar usuaris bloquejats.</div></div>","T33_-_Intervencio_basica_en_rescat_urba","21205"
"<div style=""text-align: left; font-family: -apple-system, sans-serif;""><div style=""font-size: 11px; color: #888; margin-bottom: 6px;"">[T33 - Intervenció bàsica en rescat urbà] Pregunta 56</div><div style=""font-weight: bold; font-size: 16px; margin-bottom: 14px; line-height: 1.4;"">Quin sistema s’utilitza per facilitar el rescat en un ascensor sense cambra de màquines?</div><div style=""font-size: 14px; line-height: 1.6;""><div style=""padding: 5px 0;""><b>A)</b> El gir manual del volant situat a la cambra de màquines.</div><div style=""padding: 5px 0;""><b>B)</b> La descàrrega manual d’oli mitjançant una vàlvula hidràulica.</div><div style=""padding: 5px 0;""><b>C)</b> El desbloqueig automàtic des del sistema de control.</div><div style=""padding: 5px 0;""><b>D)</b> El desbloqueig automàtic, mantenint el subministrament elèctric connectat durant la maniobra.</div></div></div>","<div style=""text-align: left; font-family: -apple-system, sans-serif;""><div style=""font-weight: bold; font-size: 16px; color: #10b981; margin-bottom: 8px;"">✓ Resposta Correcta: C</div><div style=""font-size: 14px; margin-bottom: 12px; padding: 10px; background: rgba(16,185,129,0.1); border-radius: 6px; border-left: 4px solid #10b981;"">C) El desbloqueig automàtic des del sistema de control.</div><hr style=""border: 0; border-top: 1px solid #ddd; margin: 12px 0;""><div style=""font-size: 13px; color: #444; line-height: 1.4;""><b style=""color: #111;"">Explicació:</b> Aquests ascensors disposen de solucions de control específiques que permeten el desbloqueig sense una sala de màquines tradicional.</div></div>","T33_-_Intervencio_basica_en_rescat_urba","21244"
"<div style=""text-align: left; font-family: -apple-system, sans-serif;""><div style=""font-size: 11px; color: #888; margin-bottom: 6px;"">[T33 - Intervenció bàsica en rescat urbà] Pregunta 57</div><div style=""font-weight: bold; font-size: 16px; margin-bottom: 14px; line-height: 1.4;"">Quina diferència funcional hi ha entre cordes principals i cordes secundàries?</div><div style=""font-size: 14px; line-height: 1.6;""><div style=""padding: 5px 0;""><b>A)</b> Destinar les cordes principals als ascensos i les secundàries als descensos controlats.</div><div style=""padding: 5px 0;""><b>B)</b> Fer que les cordes principals absorbeixin caigudes i que les secundàries substitueixin els punts d’ancoratge.</div><div style=""padding: 5px 0;""><b>C)</b> Utilitzar les cordes principals com a línia de vida i les secundàries per a suspensió i tracció.</div><div style=""padding: 5px 0;""><b>D)</b> Les principals són de suspensió i tracció; les secundàries són de seguretat o línia de vida en sistemes redundants.</div></div></div>","<div style=""text-align: left; font-family: -apple-system, sans-serif;""><div style=""font-weight: bold; font-size: 16px; color: #10b981; margin-bottom: 8px;"">✓ Resposta Correcta: D</div><div style=""font-size: 14px; margin-bottom: 12px; padding: 10px; background: rgba(16,185,129,0.1); border-radius: 6px; border-left: 4px solid #10b981;"">D) Les principals són de suspensió i tracció; les secundàries són de seguretat o línia de vida en sistemes redundants.</div><hr style=""border: 0; border-top: 1px solid #ddd; margin: 12px 0;""><div style=""font-size: 13px; color: #444; line-height: 1.4;""><b style=""color: #111;"">Explicació:</b> La classificació diferencia la funció de treball de la corda principal de la funció de seguretat de la secundària.</div></div>","T33_-_Intervencio_basica_en_rescat_urba","21135"
"<div style=""text-align: left; font-family: -apple-system, sans-serif;""><div style=""font-size: 11px; color: #888; margin-bottom: 6px;"">[T33 - Intervenció bàsica en rescat urbà] Pregunta 58</div><div style=""font-weight: bold; font-size: 16px; margin-bottom: 14px; line-height: 1.4;"">Què s’ha de fer si es detecta una anomalia en un EPI o en el material de la maniobra?</div><div style=""font-size: 14px; line-height: 1.6;""><div style=""padding: 5px 0;""><b>A)</b> Continuar l’actuació i registrar l’anomalia durant la revisió final del material.</div><div style=""padding: 5px 0;""><b>B)</b> Mantenir l’element en ús si la incidència es compensa amb una segona línia de seguretat.</div><div style=""padding: 5px 0;""><b>C)</b> Retirar l’element afectat i comunicar la incidència quan finalitzi la maniobra.</div><div style=""padding: 5px 0;""><b>D)</b> Comunicar immediatament l’anomalia detectada.</div></div></div>","<div style=""text-align: left; font-family: -apple-system, sans-serif;""><div style=""font-weight: bold; font-size: 16px; color: #10b981; margin-bottom: 8px;"">✓ Resposta Correcta: D</div><div style=""font-size: 14px; margin-bottom: 12px; padding: 10px; background: rgba(16,185,129,0.1); border-radius: 6px; border-left: 4px solid #10b981;"">D) Comunicar immediatament l’anomalia detectada.</div><hr style=""border: 0; border-top: 1px solid #ddd; margin: 12px 0;""><div style=""font-size: 13px; color: #444; line-height: 1.4;""><b style=""color: #111;"">Explicació:</b> Una anomalia pot comprometre la seguretat i s’ha de comunicar en el mateix moment que es detecta.</div></div>","T33_-_Intervencio_basica_en_rescat_urba","21196"
"<div style=""text-align: left; font-family: -apple-system, sans-serif;""><div style=""font-size: 11px; color: #888; margin-bottom: 6px;"">[T33 - Intervenció bàsica en rescat urbà] Pregunta 59</div><div style=""font-weight: bold; font-size: 16px; margin-bottom: 14px; line-height: 1.4;"">Quina incidència pot provocar una intervenció de rescat en ascensor encara que l’equip no presenti una avaria mecànica?</div><div style=""font-size: 14px; line-height: 1.6;""><div style=""padding: 5px 0;""><b>A)</b> Un tall del subministrament elèctric.</div><div style=""padding: 5px 0;""><b>B)</b> Una fallada de l’enllumenat d’emergència del carrer.</div><div style=""padding: 5px 0;""><b>C)</b> Una pèrdua parcial del subministrament elèctric que permeti mantenir operativa la cabina.</div><div style=""padding: 5px 0;""><b>D)</b> Una reducció de la pressió de la xarxa d’aigua de l’edifici.</div></div></div>","<div style=""text-align: left; font-family: -apple-system, sans-serif;""><div style=""font-weight: bold; font-size: 16px; color: #10b981; margin-bottom: 8px;"">✓ Resposta Correcta: A</div><div style=""font-size: 14px; margin-bottom: 12px; padding: 10px; background: rgba(16,185,129,0.1); border-radius: 6px; border-left: 4px solid #10b981;"">A) Un tall del subministrament elèctric.</div><hr style=""border: 0; border-top: 1px solid #ddd; margin: 12px 0;""><div style=""font-size: 13px; color: #444; line-height: 1.4;""><b style=""color: #111;"">Explicació:</b> La pèrdua de subministrament elèctric pot immobilitzar la cabina i requerir una actuació de rescat.</div></div>","T33_-_Intervencio_basica_en_rescat_urba","21206"
"<div style=""text-align: left; font-family: -apple-system, sans-serif;""><div style=""font-size: 11px; color: #888; margin-bottom: 6px;"">[T33 - Intervenció bàsica en rescat urbà] Pregunta 60</div><div style=""font-weight: bold; font-size: 16px; margin-bottom: 14px; line-height: 1.4;"">Què s’ha de determinar abans de començar una maniobra de rescat en un ascensor?</div><div style=""font-size: 14px; line-height: 1.6;""><div style=""padding: 5px 0;""><b>A)</b> La planta de destinació habitual de la cabina per escollir la maniobra tècnica.</div><div style=""padding: 5px 0;""><b>B)</b> El tipus d’ascensor per adaptar la fase final d’evacuació, mantenint sense canvis la resta del procediment.</div><div style=""padding: 5px 0;""><b>C)</b> L’antiguitat de l’edifici per determinar quin procediment de rescat s’ha d’aplicar.</div><div style=""padding: 5px 0;""><b>D)</b> El tipus d’ascensor per adaptar-hi el procediment d’actuació.</div></div></div>","<div style=""text-align: left; font-family: -apple-system, sans-serif;""><div style=""font-weight: bold; font-size: 16px; color: #10b981; margin-bottom: 8px;"">✓ Resposta Correcta: D</div><div style=""font-size: 14px; margin-bottom: 12px; padding: 10px; background: rgba(16,185,129,0.1); border-radius: 6px; border-left: 4px solid #10b981;"">D) El tipus d’ascensor per adaptar-hi el procediment d’actuació.</div><hr style=""border: 0; border-top: 1px solid #ddd; margin: 12px 0;""><div style=""font-size: 13px; color: #444; line-height: 1.4;""><b style=""color: #111;"">Explicació:</b> Identificar si l’ascensor és electromecànic, hidràulic o sense cambra de màquines condiciona la maniobra adequada.</div></div>","T33_-_Intervencio_basica_en_rescat_urba","21245"
"<div style=""text-align: left; font-family: -apple-system, sans-serif;""><div style=""font-size: 11px; color: #888; margin-bottom: 6px;"">[T33 - Intervenció bàsica en rescat urbà] Pregunta 61</div><div style=""font-weight: bold; font-size: 16px; margin-bottom: 14px; line-height: 1.4;"">Quins elements de seguretat formen part del sistema de ràpel descrit?</div><div style=""font-size: 14px; line-height: 1.6;""><div style=""padding: 5px 0;""><b>A)</b> Un únic punt d’ancoratge, una corda principal i un sistema de retenció ventral.</div><div style=""padding: 5px 0;""><b>B)</b> Una politja fixa, una politja mòbil i un nus de topall com a únic sistema de seguretat.</div><div style=""padding: 5px 0;""><b>C)</b> Punts d’ancoratge sòlids, una línia principal i una segona corda com a línia de seguretat o anticaigudes.</div><div style=""padding: 5px 0;""><b>D)</b> Dos mosquetons MGO, una corda dinàmica i un bloquejador de puny.</div></div></div>","<div style=""text-align: left; font-family: -apple-system, sans-serif;""><div style=""font-weight: bold; font-size: 16px; color: #10b981; margin-bottom: 8px;"">✓ Resposta Correcta: C</div><div style=""font-size: 14px; margin-bottom: 12px; padding: 10px; background: rgba(16,185,129,0.1); border-radius: 6px; border-left: 4px solid #10b981;"">C) Punts d’ancoratge sòlids, una línia principal i una segona corda com a línia de seguretat o anticaigudes.</div><hr style=""border: 0; border-top: 1px solid #ddd; margin: 12px 0;""><div style=""font-size: 13px; color: #444; line-height: 1.4;""><b style=""color: #111;"">Explicació:</b> La redundància del sistema es basa en una línia principal i una segona corda de seguretat, totes dues sostingudes per ancoratges sòlids.</div></div>","T33_-_Intervencio_basica_en_rescat_urba","21161"
"<div style=""text-align: left; font-family: -apple-system, sans-serif;""><div style=""font-size: 11px; color: #888; margin-bottom: 6px;"">[T33 - Intervenció bàsica en rescat urbà] Pregunta 62</div><div style=""font-weight: bold; font-size: 16px; margin-bottom: 14px; line-height: 1.4;"">Quina diferència d’ús hi ha entre l’escala de ganxos i l’escala colissa?</div><div style=""font-size: 14px; line-height: 1.6;""><div style=""padding: 5px 0;""><b>A)</b> L’escala de ganxos està dissenyada per recolzar-la i l’escala colissa per penjar-se.</div><div style=""padding: 5px 0;""><b>B)</b> L’escala de ganxos està dissenyada per penjar-se i l’escala colissa per recolzar-la.</div><div style=""padding: 5px 0;""><b>C)</b> Totes dues estan dissenyades per recolzar-se a façana i no utilitzen cap sistema de penjament.</div><div style=""padding: 5px 0;""><b>D)</b> Totes dues estan dissenyades per quedar suspeses d’un punt d’ancoratge superior.</div></div></div>","<div style=""text-align: left; font-family: -apple-system, sans-serif;""><div style=""font-weight: bold; font-size: 16px; color: #10b981; margin-bottom: 8px;"">✓ Resposta Correcta: B</div><div style=""font-size: 14px; margin-bottom: 12px; padding: 10px; background: rgba(16,185,129,0.1); border-radius: 6px; border-left: 4px solid #10b981;"">B) L’escala de ganxos està dissenyada per penjar-se i l’escala colissa per recolzar-la.</div><hr style=""border: 0; border-top: 1px solid #ddd; margin: 12px 0;""><div style=""font-size: 13px; color: #444; line-height: 1.4;""><b style=""color: #111;"">Explicació:</b> La diferència funcional és el mode de suport: penjada en la de ganxos i recolzada en la colissa.</div></div>","T33_-_Intervencio_basica_en_rescat_urba","21178"
"<div style=""text-align: left; font-family: -apple-system, sans-serif;""><div style=""font-size: 11px; color: #888; margin-bottom: 6px;"">[T33 - Intervenció bàsica en rescat urbà] Pregunta 63</div><div style=""font-weight: bold; font-size: 16px; margin-bottom: 14px; line-height: 1.4;"">Quina característica diferencia un ascensor inclinat o funicular d’un ascensor vertical?</div><div style=""font-size: 14px; line-height: 1.6;""><div style=""padding: 5px 0;""><b>A)</b> El motor se situa dins del fossat i transmet el moviment per oli a pressió.</div><div style=""padding: 5px 0;""><b>B)</b> La cabina es desplaça en un pla inclinat mentre el contrapès manté un recorregut vertical.</div><div style=""padding: 5px 0;""><b>C)</b> La cabina es mou per un pistó vertical i no utilitza contrapès.</div><div style=""padding: 5px 0;""><b>D)</b> La cabina i el contrapès es desplacen en un pla inclinat.</div></div></div>","<div style=""text-align: left; font-family: -apple-system, sans-serif;""><div style=""font-weight: bold; font-size: 16px; color: #10b981; margin-bottom: 8px;"">✓ Resposta Correcta: D</div><div style=""font-size: 14px; margin-bottom: 12px; padding: 10px; background: rgba(16,185,129,0.1); border-radius: 6px; border-left: 4px solid #10b981;"">D) La cabina i el contrapès es desplacen en un pla inclinat.</div><hr style=""border: 0; border-top: 1px solid #ddd; margin: 12px 0;""><div style=""font-size: 13px; color: #444; line-height: 1.4;""><b style=""color: #111;"">Explicació:</b> En un funicular, el recorregut de la cabina i del contrapès segueix un pla inclinat, no estrictament vertical.</div></div>","T33_-_Intervencio_basica_en_rescat_urba","21210"
"<div style=""text-align: left; font-family: -apple-system, sans-serif;""><div style=""font-size: 11px; color: #888; margin-bottom: 6px;"">[T33 - Intervenció bàsica en rescat urbà] Pregunta 64</div><div style=""font-weight: bold; font-size: 16px; margin-bottom: 14px; line-height: 1.4;"">Com es considera la maniobra de ràpel del bomber?</div><div style=""font-size: 14px; line-height: 1.6;""><div style=""padding: 5px 0;""><b>A)</b> Una maniobra crítica que pot improvisar-se si l’equip coneix les tècniques generals de ràpel.</div><div style=""padding: 5px 0;""><b>B)</b> Una maniobra crítica que cal conèixer i practicar.</div><div style=""padding: 5px 0;""><b>C)</b> Una maniobra bàsica de progressió que substitueix l’ascens per corda fixa.</div><div style=""padding: 5px 0;""><b>D)</b> Una maniobra mecànica destinada principalment a reduir l’esforç d’elevació.</div></div></div>","<div style=""text-align: left; font-family: -apple-system, sans-serif;""><div style=""font-weight: bold; font-size: 16px; color: #10b981; margin-bottom: 8px;"">✓ Resposta Correcta: B</div><div style=""font-size: 14px; margin-bottom: 12px; padding: 10px; background: rgba(16,185,129,0.1); border-radius: 6px; border-left: 4px solid #10b981;"">B) Una maniobra crítica que cal conèixer i practicar.</div><hr style=""border: 0; border-top: 1px solid #ddd; margin: 12px 0;""><div style=""font-size: 13px; color: #444; line-height: 1.4;""><b style=""color: #111;"">Explicació:</b> La maniobra té un caràcter crític per la situació en què s’utilitza i per la configuració de l’assegurament.</div></div>","T33_-_Intervencio_basica_en_rescat_urba","21182"
"<div style=""text-align: left; font-family: -apple-system, sans-serif;""><div style=""font-size: 11px; color: #888; margin-bottom: 6px;"">[T33 - Intervenció bàsica en rescat urbà] Pregunta 65</div><div style=""font-weight: bold; font-size: 16px; margin-bottom: 14px; line-height: 1.4;"">Quines situacions formen part d’altres tipus de salvament urbà?</div><div style=""font-size: 14px; line-height: 1.6;""><div style=""padding: 5px 0;""><b>A)</b> Progressions verticals per estructures metàl·liques amb sistemes específics d’assegurament.</div><div style=""padding: 5px 0;""><b>B)</b> Persones aturades entre pisos dins d’un ascensor i maniobres de desbloqueig de l’aparell.</div><div style=""padding: 5px 0;""><b>C)</b> Atrapaments sota mobiliari, caigudes en patis o pous i rescats de persones bloquejades en ascensors entre pisos.</div><div style=""padding: 5px 0;""><b>D)</b> Atrapaments sota mobiliari, caigudes en patis o pous i atrapaments lleus en espais confinats.</div></div></div>","<div style=""text-align: left; font-family: -apple-system, sans-serif;""><div style=""font-weight: bold; font-size: 16px; color: #10b981; margin-bottom: 8px;"">✓ Resposta Correcta: D</div><div style=""font-size: 14px; margin-bottom: 12px; padding: 10px; background: rgba(16,185,129,0.1); border-radius: 6px; border-left: 4px solid #10b981;"">D) Atrapaments sota mobiliari, caigudes en patis o pous i atrapaments lleus en espais confinats.</div><hr style=""border: 0; border-top: 1px solid #ddd; margin: 12px 0;""><div style=""font-size: 13px; color: #444; line-height: 1.4;""><b style=""color: #111;"">Explicació:</b> Aquesta tipologia agrupa situacions urbanes que requereixen alliberament tècnic però no encaixen en els dos grans blocs d’alçada o ascensors.</div></div>","T33_-_Intervencio_basica_en_rescat_urba","21119"
"<div style=""text-align: left; font-family: -apple-system, sans-serif;""><div style=""font-size: 11px; color: #888; margin-bottom: 6px;"">[T33 - Intervenció bàsica en rescat urbà] Pregunta 66</div><div style=""font-weight: bold; font-size: 16px; margin-bottom: 14px; line-height: 1.4;"">En quin tipus d’edificis són habituals els ascensors hidràulics?</div><div style=""font-size: 14px; line-height: 1.6;""><div style=""padding: 5px 0;""><b>A)</b> En edificis de gran alçada on es requereixen velocitats de desplaçament elevades.</div><div style=""padding: 5px 0;""><b>B)</b> En edificis de poca alçada quan es disposa d’un gran espai tècnic superior.</div><div style=""padding: 5px 0;""><b>C)</b> En edificis de poca alçada o amb limitacions d’espai.</div><div style=""padding: 5px 0;""><b>D)</b> En edificis on el motor i la bomba han d’ubicar-se a la part superior del forat.</div></div></div>","<div style=""text-align: left; font-family: -apple-system, sans-serif;""><div style=""font-weight: bold; font-size: 16px; color: #10b981; margin-bottom: 8px;"">✓ Resposta Correcta: C</div><div style=""font-size: 14px; margin-bottom: 12px; padding: 10px; background: rgba(16,185,129,0.1); border-radius: 6px; border-left: 4px solid #10b981;"">C) En edificis de poca alçada o amb limitacions d’espai.</div><hr style=""border: 0; border-top: 1px solid #ddd; margin: 12px 0;""><div style=""font-size: 13px; color: #444; line-height: 1.4;""><b style=""color: #111;"">Explicació:</b> Per la seva arquitectura, els sistemes hidràulics són habituals en recorreguts més curts i espais condicionats.</div></div>","T33_-_Intervencio_basica_en_rescat_urba","21225"
"<div style=""text-align: left; font-family: -apple-system, sans-serif;""><div style=""font-size: 11px; color: #888; margin-bottom: 6px;"">[T33 - Intervenció bàsica en rescat urbà] Pregunta 67</div><div style=""font-weight: bold; font-size: 16px; margin-bottom: 14px; line-height: 1.4;"">Quina característica tenen els mosquetons del sistema MGO?</div><div style=""font-size: 14px; line-height: 1.6;""><div style=""padding: 5px 0;""><b>A)</b> Són dos connectors autoblocants destinats principalment a muntar sistemes de politges.</div><div style=""padding: 5px 0;""><b>B)</b> Són dos mosquetons de gran obertura que permeten una connexió ràpida i segura a elements de grans dimensions.</div><div style=""padding: 5px 0;""><b>C)</b> Són dos bloquejadors de corda que substitueixen el pedal en l’ascens per corda fixa.</div><div style=""padding: 5px 0;""><b>D)</b> Dos mosquetons de gran obertura destinats a elements de grans dimensions, però concebuts per mantenir tots dos connectors simultàniament al mateix punt.</div></div></div>","<div style=""text-align: left; font-family: -apple-system, sans-serif;""><div style=""font-weight: bold; font-size: 16px; color: #10b981; margin-bottom: 8px;"">✓ Resposta Correcta: B</div><div style=""font-size: 14px; margin-bottom: 12px; padding: 10px; background: rgba(16,185,129,0.1); border-radius: 6px; border-left: 4px solid #10b981;"">B) Són dos mosquetons de gran obertura que permeten una connexió ràpida i segura a elements de grans dimensions.</div><hr style=""border: 0; border-top: 1px solid #ddd; margin: 12px 0;""><div style=""font-size: 13px; color: #444; line-height: 1.4;""><b style=""color: #111;"">Explicació:</b> La gran obertura permet connectar-se a barres, perfils, passamans i altres elements estructurals grans.</div></div>","T33_-_Intervencio_basica_en_rescat_urba","21165"
"<div style=""text-align: left; font-family: -apple-system, sans-serif;""><div style=""font-size: 11px; color: #888; margin-bottom: 6px;"">[T33 - Intervenció bàsica en rescat urbà] Pregunta 68</div><div style=""font-weight: bold; font-size: 16px; margin-bottom: 14px; line-height: 1.4;"">Quin és l’objectiu de la maniobra de rescat en un ascensor electromecànic d’adherència?</div><div style=""font-size: 14px; line-height: 1.6;""><div style=""padding: 5px 0;""><b>A)</b> Fer descendir la cabina hidràulica mitjançant la vàlvula de descàrrega manual.</div><div style=""padding: 5px 0;""><b>B)</b> Desplaçar de manera controlada la cabina fins a una planta segura per facilitar l’evacuació.</div><div style=""padding: 5px 0;""><b>C)</b> Elevar la cabina mitjançant la bomba hidràulica fins a la planta superior.</div><div style=""padding: 5px 0;""><b>D)</b> Activar el desbloqueig automàtic des de l’armari de control sense accedir a la màquina.</div></div></div>","<div style=""text-align: left; font-family: -apple-system, sans-serif;""><div style=""font-weight: bold; font-size: 16px; color: #10b981; margin-bottom: 8px;"">✓ Resposta Correcta: B</div><div style=""font-size: 14px; margin-bottom: 12px; padding: 10px; background: rgba(16,185,129,0.1); border-radius: 6px; border-left: 4px solid #10b981;"">B) Desplaçar de manera controlada la cabina fins a una planta segura per facilitar l’evacuació.</div><hr style=""border: 0; border-top: 1px solid #ddd; margin: 12px 0;""><div style=""font-size: 13px; color: #444; line-height: 1.4;""><b style=""color: #111;"">Explicació:</b> La maniobra busca portar la cabina a un nivell transitable i segur abans d’evacuar els ocupants.</div></div>","T33_-_Intervencio_basica_en_rescat_urba","21233"
"<div style=""text-align: left; font-family: -apple-system, sans-serif;""><div style=""font-size: 11px; color: #888; margin-bottom: 6px;"">[T33 - Intervenció bàsica en rescat urbà] Pregunta 69</div><div style=""font-weight: bold; font-size: 16px; margin-bottom: 14px; line-height: 1.4;"">On s’ancora el sistema en una maniobra amb elements de retenció?</div><div style=""font-size: 14px; line-height: 1.6;""><div style=""padding: 5px 0;""><b>A)</b> A una corda secundària de seguretat sense connexió directa amb l’arnès.</div><div style=""padding: 5px 0;""><b>B)</b> A l’anella A anticaigudes de l’arnès integral com a únic punt de suspensió.</div><div style=""padding: 5px 0;""><b>C)</b> Al mosquetó MGO que queda lliure durant la progressió per l’estructura.</div><div style=""padding: 5px 0;""><b>D)</b> A l’anella ventral de subjecció o retenció de l’arnès integrat al sobrepantaló.</div></div></div>","<div style=""text-align: left; font-family: -apple-system, sans-serif;""><div style=""font-weight: bold; font-size: 16px; color: #10b981; margin-bottom: 8px;"">✓ Resposta Correcta: D</div><div style=""font-size: 14px; margin-bottom: 12px; padding: 10px; background: rgba(16,185,129,0.1); border-radius: 6px; border-left: 4px solid #10b981;"">D) A l’anella ventral de subjecció o retenció de l’arnès integrat al sobrepantaló.</div><hr style=""border: 0; border-top: 1px solid #ddd; margin: 12px 0;""><div style=""font-size: 13px; color: #444; line-height: 1.4;""><b style=""color: #111;"">Explicació:</b> La maniobra de retenció utilitza l’anella ventral prevista per a subjecció o retenció.</div></div>","T33_-_Intervencio_basica_en_rescat_urba","21154"
"<div style=""text-align: left; font-family: -apple-system, sans-serif;""><div style=""font-size: 11px; color: #888; margin-bottom: 6px;"">[T33 - Intervenció bàsica en rescat urbà] Pregunta 70</div><div style=""font-weight: bold; font-size: 16px; margin-bottom: 14px; line-height: 1.4;"">Quin és l’objectiu d’un sistema de politges o polispast en rescat?</div><div style=""font-size: 14px; line-height: 1.6;""><div style=""padding: 5px 0;""><b>A)</b> Permetre la progressió vertical per una estructura mitjançant dos punts MGO.</div><div style=""padding: 5px 0;""><b>B)</b> Reduir l’esforç necessari per moure càrregues com persones, material o lliteres.</div><div style=""padding: 5px 0;""><b>C)</b> Reduir l’esforç necessari per moure persones o lliteres, però no càrregues de material.</div><div style=""padding: 5px 0;""><b>D)</b> Augmentar l’elasticitat de la corda per absorbir una possible caiguda de la càrrega.</div></div></div>","<div style=""text-align: left; font-family: -apple-system, sans-serif;""><div style=""font-weight: bold; font-size: 16px; color: #10b981; margin-bottom: 8px;"">✓ Resposta Correcta: B</div><div style=""font-size: 14px; margin-bottom: 12px; padding: 10px; background: rgba(16,185,129,0.1); border-radius: 6px; border-left: 4px solid #10b981;"">B) Reduir l’esforç necessari per moure càrregues com persones, material o lliteres.</div><hr style=""border: 0; border-top: 1px solid #ddd; margin: 12px 0;""><div style=""font-size: 13px; color: #444; line-height: 1.4;""><b style=""color: #111;"">Explicació:</b> El polispast proporciona avantatge mecànic i redueix la força que cal aplicar sobre la càrrega.</div></div>","T33_-_Intervencio_basica_en_rescat_urba","21171"
"<div style=""text-align: left; font-family: -apple-system, sans-serif;""><div style=""font-size: 11px; color: #888; margin-bottom: 6px;"">[T33 - Intervenció bàsica en rescat urbà] Pregunta 71</div><div style=""font-weight: bold; font-size: 16px; margin-bottom: 14px; line-height: 1.4;"">Quin conjunt recull les tres accions que poden garantir la desconnexió del subministrament elèctric al motor?</div><div style=""font-size: 14px; line-height: 1.6;""><div style=""padding: 5px 0;""><b>A)</b> Obrir una porta de planta, prémer l’emergència del fossat i actuar sobre el fre motor.</div><div style=""padding: 5px 0;""><b>B)</b> Obrir la porta de la cabina, accionar el limitador de velocitat i desbloquejar el fre motor.</div><div style=""padding: 5px 0;""><b>C)</b> Obrir una porta de qualsevol planta, prémer l’emergència del fossat i prémer l’aturada d’emergència sobre la cabina.</div><div style=""padding: 5px 0;""><b>D)</b> Obrir l’armari de control, prémer el polsador de planta i desconnectar els cables d’acer.</div></div></div>","<div style=""text-align: left; font-family: -apple-system, sans-serif;""><div style=""font-weight: bold; font-size: 16px; color: #10b981; margin-bottom: 8px;"">✓ Resposta Correcta: C</div><div style=""font-size: 14px; margin-bottom: 12px; padding: 10px; background: rgba(16,185,129,0.1); border-radius: 6px; border-left: 4px solid #10b981;"">C) Obrir una porta de qualsevol planta, prémer l’emergència del fossat i prémer l’aturada d’emergència sobre la cabina.</div><hr style=""border: 0; border-top: 1px solid #ddd; margin: 12px 0;""><div style=""font-size: 13px; color: #444; line-height: 1.4;""><b style=""color: #111;"">Explicació:</b> Aquestes tres actuacions formen part de les sèries de seguretat que interrompen la maniobra motor.</div></div>","T33_-_Intervencio_basica_en_rescat_urba","21249"
"<div style=""text-align: left; font-family: -apple-system, sans-serif;""><div style=""font-size: 11px; color: #888; margin-bottom: 6px;"">[T33 - Intervenció bàsica en rescat urbà] Pregunta 72</div><div style=""font-weight: bold; font-size: 16px; margin-bottom: 14px; line-height: 1.4;"">Des d’on s’ha de tallar la tensió de l’ascensor abans de la maniobra?</div><div style=""font-size: 14px; line-height: 1.6;""><div style=""padding: 5px 0;""><b>A)</b> Des del limitador de velocitat situat al forat de l’ascensor.</div><div style=""padding: 5px 0;""><b>B)</b> Des del quadre de maniobres, mantenint alimentat l’armari elèctric corresponent.</div><div style=""padding: 5px 0;""><b>C)</b> Des del quadre de maniobres o des de l’armari elèctric corresponent.</div><div style=""padding: 5px 0;""><b>D)</b> Des de la botonera interior de la cabina mantenint alimentat el motor.</div></div></div>","<div style=""text-align: left; font-family: -apple-system, sans-serif;""><div style=""font-weight: bold; font-size: 16px; color: #10b981; margin-bottom: 8px;"">✓ Resposta Correcta: C</div><div style=""font-size: 14px; margin-bottom: 12px; padding: 10px; background: rgba(16,185,129,0.1); border-radius: 6px; border-left: 4px solid #10b981;"">C) Des del quadre de maniobres o des de l’armari elèctric corresponent.</div><hr style=""border: 0; border-top: 1px solid #ddd; margin: 12px 0;""><div style=""font-size: 13px; color: #444; line-height: 1.4;""><b style=""color: #111;"">Explicació:</b> La desconnexió s’ha de fer sobre els elements de comandament elèctric que garanteixen l’aturada del sistema.</div></div>","T33_-_Intervencio_basica_en_rescat_urba","21248"
"<div style=""text-align: left; font-family: -apple-system, sans-serif;""><div style=""font-size: 11px; color: #888; margin-bottom: 6px;"">[T33 - Intervenció bàsica en rescat urbà] Pregunta 73</div><div style=""font-weight: bold; font-size: 16px; margin-bottom: 14px; line-height: 1.4;"">Quina funció té la Llei 31/1995 de prevenció de riscos laborals en el treball en alçada?</div><div style=""font-size: 14px; line-height: 1.6;""><div style=""padding: 5px 0;""><b>A)</b> Establir l’obligació de protegir les zones amb risc de caiguda des de més de dos metres mitjançant proteccions col·lectives.</div><div style=""padding: 5px 0;""><b>B)</b> Constitueix la base legal de la seguretat laboral, defineix principis preventius i obliga les administracions a protegir la salut i la seguretat dels treballadors.</div><div style=""padding: 5px 0;""><b>C)</b> Regular les condicions d’ús d’escales, bastides, línies de vida i sistemes anticaigudes en treballs temporals en alçada.</div><div style=""padding: 5px 0;""><b>D)</b> Definir les condicions d’ús dels equips individuals i col·lectius específics dels treballs temporals en alçada.</div></div></div>","<div style=""text-align: left; font-family: -apple-system, sans-serif;""><div style=""font-weight: bold; font-size: 16px; color: #10b981; margin-bottom: 8px;"">✓ Resposta Correcta: B</div><div style=""font-size: 14px; margin-bottom: 12px; padding: 10px; background: rgba(16,185,129,0.1); border-radius: 6px; border-left: 4px solid #10b981;"">B) Constitueix la base legal de la seguretat laboral, defineix principis preventius i obliga les administracions a protegir la salut i la seguretat dels treballadors.</div><hr style=""border: 0; border-top: 1px solid #ddd; margin: 12px 0;""><div style=""font-size: 13px; color: #444; line-height: 1.4;""><b style=""color: #111;"">Explicació:</b> La Llei 31/1995 és el marc general preventiu i fixa els principis i deures de protecció de la seguretat i la salut.</div></div>","T33_-_Intervencio_basica_en_rescat_urba","21124"
"<div style=""text-align: left; font-family: -apple-system, sans-serif;""><div style=""font-size: 11px; color: #888; margin-bottom: 6px;"">[T33 - Intervenció bàsica en rescat urbà] Pregunta 74</div><div style=""font-weight: bold; font-size: 16px; margin-bottom: 14px; line-height: 1.4;"">Quina actuació elèctrica forma part de la maniobra de rescat en un ascensor sense cambra de màquines?</div><div style=""font-size: 14px; line-height: 1.6;""><div style=""padding: 5px 0;""><b>A)</b> Mantenir alimentat el quadre mentre s’utilitza el desbloqueig automàtic.</div><div style=""padding: 5px 0;""><b>B)</b> Rearmar el sistema elèctric abans d’actuar sobre el desbloqueig.</div><div style=""padding: 5px 0;""><b>C)</b> Tallar el subministrament elèctric abans d’utilitzar el desbloqueig automàtic.</div><div style=""padding: 5px 0;""><b>D)</b> Desconnectar el limitador de velocitat i mantenir alimentat el motor.</div></div></div>","<div style=""text-align: left; font-family: -apple-system, sans-serif;""><div style=""font-weight: bold; font-size: 16px; color: #10b981; margin-bottom: 8px;"">✓ Resposta Correcta: C</div><div style=""font-size: 14px; margin-bottom: 12px; padding: 10px; background: rgba(16,185,129,0.1); border-radius: 6px; border-left: 4px solid #10b981;"">C) Tallar el subministrament elèctric abans d’utilitzar el desbloqueig automàtic.</div><hr style=""border: 0; border-top: 1px solid #ddd; margin: 12px 0;""><div style=""font-size: 13px; color: #444; line-height: 1.4;""><b style=""color: #111;"">Explicació:</b> El tall de tensió és un pas previ de seguretat abans d’utilitzar el sistema de desbloqueig.</div></div>","T33_-_Intervencio_basica_en_rescat_urba","21243"
"<div style=""text-align: left; font-family: -apple-system, sans-serif;""><div style=""font-size: 11px; color: #888; margin-bottom: 6px;"">[T33 - Intervenció bàsica en rescat urbà] Pregunta 75</div><div style=""font-weight: bold; font-size: 16px; margin-bottom: 14px; line-height: 1.4;"">Quines dues modalitats de SAS poden aprofitar directament un recurs operatiu com a part de l’ancoratge?</div><div style=""font-size: 14px; line-height: 1.6;""><div style=""padding: 5px 0;""><b>A)</b> SAS triangulat i SAS de corda.</div><div style=""padding: 5px 0;""><b>B)</b> SAS simple i SAS en línia.</div><div style=""padding: 5px 0;""><b>C)</b> SAS en línia i SAS triangulat.</div><div style=""padding: 5px 0;""><b>D)</b> SAS utilitzant un vehicle i SAS amb bomber.</div></div></div>","<div style=""text-align: left; font-family: -apple-system, sans-serif;""><div style=""font-weight: bold; font-size: 16px; color: #10b981; margin-bottom: 8px;"">✓ Resposta Correcta: D</div><div style=""font-size: 14px; margin-bottom: 12px; padding: 10px; background: rgba(16,185,129,0.1); border-radius: 6px; border-left: 4px solid #10b981;"">D) SAS utilitzant un vehicle i SAS amb bomber.</div><hr style=""border: 0; border-top: 1px solid #ddd; margin: 12px 0;""><div style=""font-size: 13px; color: #444; line-height: 1.4;""><b style=""color: #111;"">Explicació:</b> Entre les modalitats previstes hi ha configuracions que utilitzen el vehicle o un bomber com a part del sistema.</div></div>","T33_-_Intervencio_basica_en_rescat_urba","21152"
"<div style=""text-align: left; font-family: -apple-system, sans-serif;""><div style=""font-size: 11px; color: #888; margin-bottom: 6px;"">[T33 - Intervenció bàsica en rescat urbà] Pregunta 76</div><div style=""font-weight: bold; font-size: 16px; margin-bottom: 14px; line-height: 1.4;"">Quina relació hi ha entre el limitador de velocitat i el fre de seguretat?</div><div style=""font-size: 14px; line-height: 1.6;""><div style=""padding: 5px 0;""><b>A)</b> El limitador detecta una velocitat excessiva o una caiguda i actua sobre el fre de seguretat.</div><div style=""padding: 5px 0;""><b>B)</b> El fre detecta la velocitat excessiva i ordena al limitador que augmenti l’adherència de la politja.</div><div style=""padding: 5px 0;""><b>C)</b> El limitador controla les portes i activa el fre quan una porta de planta queda oberta.</div><div style=""padding: 5px 0;""><b>D)</b> El fre regula la velocitat de servei i el limitador substitueix el contrapès en cas d’avaria.</div></div></div>","<div style=""text-align: left; font-family: -apple-system, sans-serif;""><div style=""font-weight: bold; font-size: 16px; color: #10b981; margin-bottom: 8px;"">✓ Resposta Correcta: A</div><div style=""font-size: 14px; margin-bottom: 12px; padding: 10px; background: rgba(16,185,129,0.1); border-radius: 6px; border-left: 4px solid #10b981;"">A) El limitador detecta una velocitat excessiva o una caiguda i actua sobre el fre de seguretat.</div><hr style=""border: 0; border-top: 1px solid #ddd; margin: 12px 0;""><div style=""font-size: 13px; color: #444; line-height: 1.4;""><b style=""color: #111;"">Explicació:</b> El limitador és l’element de detecció que pot desencadenar l’actuació del sistema de frenada de seguretat.</div></div>","T33_-_Intervencio_basica_en_rescat_urba","21219"
"<div style=""text-align: left; font-family: -apple-system, sans-serif;""><div style=""font-size: 11px; color: #888; margin-bottom: 6px;"">[T33 - Intervenció bàsica en rescat urbà] Pregunta 77</div><div style=""font-weight: bold; font-size: 16px; margin-bottom: 14px; line-height: 1.4;"">Quins elements fixos d’un edifici poden servir com a ancoratges de fortuna en entorns urbans?</div><div style=""font-size: 14px; line-height: 1.6;""><div style=""padding: 5px 0;""><b>A)</b> Pilars, bigues, xemeneies, baranes metàl·liques o suports d’instal·lacions.</div><div style=""padding: 5px 0;""><b>B)</b> Escales manuals, politges, descensors o bloquejadors personals.</div><div style=""padding: 5px 0;""><b>C)</b> Pilars, bigues, xemeneies i baranes metàl·liques, però no suports d’instal·lacions.</div><div style=""padding: 5px 0;""><b>D)</b> Cordes dinàmiques, nusos de vuit, pedals o sistemes anticaigudes.</div></div></div>","<div style=""text-align: left; font-family: -apple-system, sans-serif;""><div style=""font-weight: bold; font-size: 16px; color: #10b981; margin-bottom: 8px;"">✓ Resposta Correcta: A</div><div style=""font-size: 14px; margin-bottom: 12px; padding: 10px; background: rgba(16,185,129,0.1); border-radius: 6px; border-left: 4px solid #10b981;"">A) Pilars, bigues, xemeneies, baranes metàl·liques o suports d’instal·lacions.</div><hr style=""border: 0; border-top: 1px solid #ddd; margin: 12px 0;""><div style=""font-size: 13px; color: #444; line-height: 1.4;""><b style=""color: #111;"">Explicació:</b> Els ancoratges de fortuna poden aprofitar elements fixos i resistents de l’edificació, que cal valorar abans de carregar.</div></div>","T33_-_Intervencio_basica_en_rescat_urba","21146"
"<div style=""text-align: left; font-family: -apple-system, sans-serif;""><div style=""font-size: 11px; color: #888; margin-bottom: 6px;"">[T33 - Intervenció bàsica en rescat urbà] Pregunta 78</div><div style=""font-weight: bold; font-size: 16px; margin-bottom: 14px; line-height: 1.4;"">On pot instal·lar-se el quadre de maniobres d’un ascensor sense cambra de màquines?</div><div style=""font-size: 14px; line-height: 1.6;""><div style=""padding: 5px 0;""><b>A)</b> En un armari metàl·lic a la planta superior o en una ubicació tècnica accessible.</div><div style=""padding: 5px 0;""><b>B)</b> Dins del contrapès, perquè es desplaci al mateix temps que la cabina.</div><div style=""padding: 5px 0;""><b>C)</b> En un armari de control a la planta superior, però no en altres ubicacions tècniques accessibles.</div><div style=""padding: 5px 0;""><b>D)</b> Al fons del pistó, dins del cilindre hidràulic de la instal·lació.</div></div></div>","<div style=""text-align: left; font-family: -apple-system, sans-serif;""><div style=""font-weight: bold; font-size: 16px; color: #10b981; margin-bottom: 8px;"">✓ Resposta Correcta: A</div><div style=""font-size: 14px; margin-bottom: 12px; padding: 10px; background: rgba(16,185,129,0.1); border-radius: 6px; border-left: 4px solid #10b981;"">A) En un armari metàl·lic a la planta superior o en una ubicació tècnica accessible.</div><hr style=""border: 0; border-top: 1px solid #ddd; margin: 12px 0;""><div style=""font-size: 13px; color: #444; line-height: 1.4;""><b style=""color: #111;"">Explicació:</b> En absència de sala de màquines, el control s’ubica en un armari o punt tècnic accessible.</div></div>","T33_-_Intervencio_basica_en_rescat_urba","21232"
"<div style=""text-align: left; font-family: -apple-system, sans-serif;""><div style=""font-size: 11px; color: #888; margin-bottom: 6px;"">[T33 - Intervenció bàsica en rescat urbà] Pregunta 79</div><div style=""font-weight: bold; font-size: 16px; margin-bottom: 14px; line-height: 1.4;"">Per què s’ha de verificar la posició exacta de la cabina dins del forat abans d’accedir-hi?</div><div style=""font-size: 14px; line-height: 1.6;""><div style=""padding: 5px 0;""><b>A)</b> Per decidir si la cabina és accessible des d’una planta, sense valorar l’accés des de dalt o per l’escala de manteniment.</div><div style=""padding: 5px 0;""><b>B)</b> Per confirmar si el contrapès es pot utilitzar com a únic sistema de bloqueig de la cabina.</div><div style=""padding: 5px 0;""><b>C)</b> Per decidir si és accessible des d’una planta o si cal accedir-hi des de dalt o per l’escala de manteniment.</div><div style=""padding: 5px 0;""><b>D)</b> Per decidir si cal substituir els cables d’acer abans de començar l’evacuació.</div></div></div>","<div style=""text-align: left; font-family: -apple-system, sans-serif;""><div style=""font-weight: bold; font-size: 16px; color: #10b981; margin-bottom: 8px;"">✓ Resposta Correcta: C</div><div style=""font-size: 14px; margin-bottom: 12px; padding: 10px; background: rgba(16,185,129,0.1); border-radius: 6px; border-left: 4px solid #10b981;"">C) Per decidir si és accessible des d’una planta o si cal accedir-hi des de dalt o per l’escala de manteniment.</div><hr style=""border: 0; border-top: 1px solid #ddd; margin: 12px 0;""><div style=""font-size: 13px; color: #444; line-height: 1.4;""><b style=""color: #111;"">Explicació:</b> La posició real de la cabina condiciona la via segura d’accés i d’extracció dels ocupants.</div></div>","T33_-_Intervencio_basica_en_rescat_urba","21252"
"<div style=""text-align: left; font-family: -apple-system, sans-serif;""><div style=""font-size: 11px; color: #888; margin-bottom: 6px;"">[T33 - Intervenció bàsica en rescat urbà] Pregunta 80</div><div style=""font-weight: bold; font-size: 16px; margin-bottom: 14px; line-height: 1.4;"">Què s’ha de fer després de tallar la tensió de l’ascensor per evitar intervencions externes?</div><div style=""font-size: 14px; line-height: 1.6;""><div style=""padding: 5px 0;""><b>A)</b> Bloquejar l’accés a l’armari de comandament, deixant la senyalització per al final de la maniobra.</div><div style=""padding: 5px 0;""><b>B)</b> Reconnectar temporalment el quadre perquè els indicadors de planta continuïn funcionant.</div><div style=""padding: 5px 0;""><b>C)</b> Deixar el comandament sense senyalització i limitar el bloqueig a les portes de la cabina.</div><div style=""padding: 5px 0;""><b>D)</b> Bloquejar l’accés a l’armari de comandament i senyalitzar clarament la situació de rescat.</div></div></div>","<div style=""text-align: left; font-family: -apple-system, sans-serif;""><div style=""font-weight: bold; font-size: 16px; color: #10b981; margin-bottom: 8px;"">✓ Resposta Correcta: D</div><div style=""font-size: 14px; margin-bottom: 12px; padding: 10px; background: rgba(16,185,129,0.1); border-radius: 6px; border-left: 4px solid #10b981;"">D) Bloquejar l’accés a l’armari de comandament i senyalitzar clarament la situació de rescat.</div><hr style=""border: 0; border-top: 1px solid #ddd; margin: 12px 0;""><div style=""font-size: 13px; color: #444; line-height: 1.4;""><b style=""color: #111;"">Explicació:</b> El bloqueig i la senyalització eviten que tercers manipulin el sistema mentre els equips estan treballant.</div></div>","T33_-_Intervencio_basica_en_rescat_urba","21251"
"<div style=""text-align: left; font-family: -apple-system, sans-serif;""><div style=""font-size: 11px; color: #888; margin-bottom: 6px;"">[T33 - Intervenció bàsica en rescat urbà] Pregunta 81</div><div style=""font-weight: bold; font-size: 16px; margin-bottom: 14px; line-height: 1.4;"">Quin és l’objectiu d’una maniobra amb elements de retenció?</div><div style=""font-size: 14px; line-height: 1.6;""><div style=""padding: 5px 0;""><b>A)</b> Permetre la progressió vertical autònoma per estructures metàl·liques amb sistema MGO.</div><div style=""padding: 5px 0;""><b>B)</b> Reduir l’esforç necessari per elevar càrregues mitjançant avantatge mecànic.</div><div style=""padding: 5px 0;""><b>C)</b> Garantir la seguretat dels intervinents quan hi ha risc de caiguda a diferent nivell.</div><div style=""padding: 5px 0;""><b>D)</b> Garantir la seguretat de l’intervinent limitant l’accés a la zona de caiguda, però permetent que el sistema aturi una eventual caiguda.</div></div></div>","<div style=""text-align: left; font-family: -apple-system, sans-serif;""><div style=""font-weight: bold; font-size: 16px; color: #10b981; margin-bottom: 8px;"">✓ Resposta Correcta: C</div><div style=""font-size: 14px; margin-bottom: 12px; padding: 10px; background: rgba(16,185,129,0.1); border-radius: 6px; border-left: 4px solid #10b981;"">C) Garantir la seguretat dels intervinents quan hi ha risc de caiguda a diferent nivell.</div><hr style=""border: 0; border-top: 1px solid #ddd; margin: 12px 0;""><div style=""font-size: 13px; color: #444; line-height: 1.4;""><b style=""color: #111;"">Explicació:</b> La retenció protegeix l’intervinent quan existeix risc d’accedir o caure a un nivell inferior.</div></div>","T33_-_Intervencio_basica_en_rescat_urba","21153"
"<div style=""text-align: left; font-family: -apple-system, sans-serif;""><div style=""font-size: 11px; color: #888; margin-bottom: 6px;"">[T33 - Intervenció bàsica en rescat urbà] Pregunta 82</div><div style=""font-weight: bold; font-size: 16px; margin-bottom: 14px; line-height: 1.4;"">Quins elements reforça el marc normatiu per garantir un rescat en alçada segur i efectiu?</div><div style=""font-size: 14px; line-height: 1.6;""><div style=""padding: 5px 0;""><b>A)</b> Formació específica i equips certificats, deixant la planificació prèvia com una mesura opcional.</div><div style=""padding: 5px 0;""><b>B)</b> Formació específica, equips certificats i planificació prèvia de l’actuació.</div><div style=""padding: 5px 0;""><b>C)</b> Ús prioritari de mesures individuals i eliminació de la planificació quan l’accés sigui urgent.</div><div style=""padding: 5px 0;""><b>D)</b> Reducció de la formació, ús d’equips provisionals i decisió de la maniobra un cop iniciada.</div></div></div>","<div style=""text-align: left; font-family: -apple-system, sans-serif;""><div style=""font-weight: bold; font-size: 16px; color: #10b981; margin-bottom: 8px;"">✓ Resposta Correcta: B</div><div style=""font-size: 14px; margin-bottom: 12px; padding: 10px; background: rgba(16,185,129,0.1); border-radius: 6px; border-left: 4px solid #10b981;"">B) Formació específica, equips certificats i planificació prèvia de l’actuació.</div><hr style=""border: 0; border-top: 1px solid #ddd; margin: 12px 0;""><div style=""font-size: 13px; color: #444; line-height: 1.4;""><b style=""color: #111;"">Explicació:</b> La seguretat operativa es reforça amb preparació, material certificat i planificació abans d’iniciar l’actuació.</div></div>","T33_-_Intervencio_basica_en_rescat_urba","21130"
"<div style=""text-align: left; font-family: -apple-system, sans-serif;""><div style=""font-size: 11px; color: #888; margin-bottom: 6px;"">[T33 - Intervenció bàsica en rescat urbà] Pregunta 83</div><div style=""font-weight: bold; font-size: 16px; margin-bottom: 14px; line-height: 1.4;"">Per a què serveix conèixer les característiques bàsiques dels diferents tipus d’ascensors abans d’un rescat?</div><div style=""font-size: 14px; line-height: 1.6;""><div style=""padding: 5px 0;""><b>A)</b> Identificar l’arquitectura de l’equip i triar una maniobra, sense valorar els riscos específics del sistema.</div><div style=""padding: 5px 0;""><b>B)</b> Per identificar l’arquitectura de l’equip, reconèixer riscos i triar la maniobra adequada.</div><div style=""padding: 5px 0;""><b>C)</b> Reconèixer els riscos de l’equip, però aplicar el mateix procediment amb independència del tipus d’ascensor.</div><div style=""padding: 5px 0;""><b>D)</b> Identificar el tipus i l’arquitectura de l’equip, deixant la selecció de la maniobra desvinculada d’aquestes dades.</div></div></div>","<div style=""text-align: left; font-family: -apple-system, sans-serif;""><div style=""font-weight: bold; font-size: 16px; color: #10b981; margin-bottom: 8px;"">✓ Resposta Correcta: B</div><div style=""font-size: 14px; margin-bottom: 12px; padding: 10px; background: rgba(16,185,129,0.1); border-radius: 6px; border-left: 4px solid #10b981;"">B) Per identificar l’arquitectura de l’equip, reconèixer riscos i triar la maniobra adequada.</div><hr style=""border: 0; border-top: 1px solid #ddd; margin: 12px 0;""><div style=""font-size: 13px; color: #444; line-height: 1.4;""><b style=""color: #111;"">Explicació:</b> Conèixer les característiques del sistema permet identificar-ne l’arquitectura, anticipar riscos i escollir la maniobra de rescat més adequada.</div></div>","T33_-_Intervencio_basica_en_rescat_urba","21211"
"<div style=""text-align: left; font-family: -apple-system, sans-serif;""><div style=""font-size: 11px; color: #888; margin-bottom: 6px;"">[T33 - Intervenció bàsica en rescat urbà] Pregunta 84</div><div style=""font-weight: bold; font-size: 16px; margin-bottom: 14px; line-height: 1.4;"">Què fa un sistema anticaigudes davant una caiguda lliure?</div><div style=""font-size: 14px; line-height: 1.6;""><div style=""padding: 5px 0;""><b>A)</b> Manté l’usuari en suspensió sense que es produeixi cap desplaçament vertical durant la maniobra.</div><div style=""padding: 5px 0;""><b>B)</b> No impedeix que s’iniciï, però l’atura limitant la força de xoc; per això cal preveure l’alçada lliure necessària.</div><div style=""padding: 5px 0;""><b>C)</b> Redueix la força necessària per recuperar l’usuari mitjançant un sistema de politges fix i mòbil.</div><div style=""padding: 5px 0;""><b>D)</b> Aturar la caiguda lliure i limitar la força de xoc, sense necessitat de preveure una alçada lliure específica.</div></div></div>","<div style=""text-align: left; font-family: -apple-system, sans-serif;""><div style=""font-weight: bold; font-size: 16px; color: #10b981; margin-bottom: 8px;"">✓ Resposta Correcta: B</div><div style=""font-size: 14px; margin-bottom: 12px; padding: 10px; background: rgba(16,185,129,0.1); border-radius: 6px; border-left: 4px solid #10b981;"">B) No impedeix que s’iniciï, però l’atura limitant la força de xoc; per això cal preveure l’alçada lliure necessària.</div><hr style=""border: 0; border-top: 1px solid #ddd; margin: 12px 0;""><div style=""font-size: 13px; color: #444; line-height: 1.4;""><b style=""color: #111;"">Explicació:</b> L’anticaigudes actua després de l’inici de la caiguda i necessita espai lliure suficient per poder aturar-la amb seguretat.</div></div>","T33_-_Intervencio_basica_en_rescat_urba","21192"
"<div style=""text-align: left; font-family: -apple-system, sans-serif;""><div style=""font-size: 11px; color: #888; margin-bottom: 6px;"">[T33 - Intervenció bàsica en rescat urbà] Pregunta 85</div><div style=""font-weight: bold; font-size: 16px; margin-bottom: 14px; line-height: 1.4;"">Per a què es pot utilitzar l’AEA durant un rescat en alçada?</div><div style=""font-size: 14px; line-height: 1.6;""><div style=""padding: 5px 0;""><b>A)</b> Per accedir a persones en alçada, però no per executar-ne directament el rescat.</div><div style=""padding: 5px 0;""><b>B)</b> Per progressar per l’interior d’un pou mitjançant bloquejadors i pedal.</div><div style=""padding: 5px 0;""><b>C)</b> Per accedir o fer el rescat de persones.</div><div style=""padding: 5px 0;""><b>D)</b> Per crear una línia secundària de seguretat en maniobres de ràpel.</div></div></div>","<div style=""text-align: left; font-family: -apple-system, sans-serif;""><div style=""font-weight: bold; font-size: 16px; color: #10b981; margin-bottom: 8px;"">✓ Resposta Correcta: C</div><div style=""font-size: 14px; margin-bottom: 12px; padding: 10px; background: rgba(16,185,129,0.1); border-radius: 6px; border-left: 4px solid #10b981;"">C) Per accedir o fer el rescat de persones.</div><hr style=""border: 0; border-top: 1px solid #ddd; margin: 12px 0;""><div style=""font-size: 13px; color: #444; line-height: 1.4;""><b style=""color: #111;"">Explicació:</b> L’AEA pot proporcionar l’accés i també actuar directament com a mitjà de rescat.</div></div>","T33_-_Intervencio_basica_en_rescat_urba","21174"
"<div style=""text-align: left; font-family: -apple-system, sans-serif;""><div style=""font-size: 11px; color: #888; margin-bottom: 6px;"">[T33 - Intervenció bàsica en rescat urbà] Pregunta 86</div><div style=""font-weight: bold; font-size: 16px; margin-bottom: 14px; line-height: 1.4;"">Quina verificació s’ha de fer abans d’utilitzar un ancoratge de fortuna?</div><div style=""font-size: 14px; line-height: 1.6;""><div style=""padding: 5px 0;""><b>A)</b> Inspeccionar-lo visualment, verificar-ne la resistència i reforçar-lo si cal.</div><div style=""padding: 5px 0;""><b>B)</b> Inspeccionar-lo visualment i verificar-ne la resistència, però mantenir-lo sense reforç encara que presenti dubtes.</div><div style=""padding: 5px 0;""><b>C)</b> Valorar la posició i l’accessibilitat de l’ancoratge, deixant la comprovació de resistència per després de carregar-lo.</div><div style=""padding: 5px 0;""><b>D)</b> Comprovar l’estat aparent de l’element i donar per suficient la seva solidesa sense verificar-ne la resistència.</div></div></div>","<div style=""text-align: left; font-family: -apple-system, sans-serif;""><div style=""font-weight: bold; font-size: 16px; color: #10b981; margin-bottom: 8px;"">✓ Resposta Correcta: A</div><div style=""font-size: 14px; margin-bottom: 12px; padding: 10px; background: rgba(16,185,129,0.1); border-radius: 6px; border-left: 4px solid #10b981;"">A) Inspeccionar-lo visualment, verificar-ne la resistència i reforçar-lo si cal.</div><hr style=""border: 0; border-top: 1px solid #ddd; margin: 12px 0;""><div style=""font-size: 13px; color: #444; line-height: 1.4;""><b style=""color: #111;"">Explicació:</b> La seguretat de l’ancoratge exigeix valorar-ne l’estat i la resistència abans de sotmetre’l a càrrega.</div></div>","T33_-_Intervencio_basica_en_rescat_urba","21147"
"<div style=""text-align: left; font-family: -apple-system, sans-serif;""><div style=""font-size: 11px; color: #888; margin-bottom: 6px;"">[T33 - Intervenció bàsica en rescat urbà] Pregunta 87</div><div style=""font-weight: bold; font-size: 16px; margin-bottom: 14px; line-height: 1.4;"">Quina funció diferencia les cordes dinàmiques de les estàtiques?</div><div style=""font-size: 14px; line-height: 1.6;""><div style=""padding: 5px 0;""><b>A)</b> Serveixen principalment per redirigir càrregues en sistemes de politges i no per a progressió de persones.</div><div style=""padding: 5px 0;""><b>B)</b> Funcionen com a cordes de seguretat exclusives de sistemes redundants sense absorbir impactes.</div><div style=""padding: 5px 0;""><b>C)</b> Poden absorbir impactes i s’utilitzen principalment en escalada o en situacions on pot haver-hi caiguda.</div><div style=""padding: 5px 0;""><b>D)</b> Redueixen al mínim l’elasticitat per facilitar descensos i ascensos controlats de rescat.</div></div></div>","<div style=""text-align: left; font-family: -apple-system, sans-serif;""><div style=""font-weight: bold; font-size: 16px; color: #10b981; margin-bottom: 8px;"">✓ Resposta Correcta: C</div><div style=""font-size: 14px; margin-bottom: 12px; padding: 10px; background: rgba(16,185,129,0.1); border-radius: 6px; border-left: 4px solid #10b981;"">C) Poden absorbir impactes i s’utilitzen principalment en escalada o en situacions on pot haver-hi caiguda.</div><hr style=""border: 0; border-top: 1px solid #ddd; margin: 12px 0;""><div style=""font-size: 13px; color: #444; line-height: 1.4;""><b style=""color: #111;"">Explicació:</b> La capacitat d’absorció d’impactes és el tret funcional que fa adequada la corda dinàmica quan pot produir-se una caiguda.</div></div>","T33_-_Intervencio_basica_en_rescat_urba","21133"
"<div style=""text-align: left; font-family: -apple-system, sans-serif;""><div style=""font-size: 11px; color: #888; margin-bottom: 6px;"">[T33 - Intervenció bàsica en rescat urbà] Pregunta 88</div><div style=""font-weight: bold; font-size: 16px; margin-bottom: 14px; line-height: 1.4;"">Què regula el Reial decret 1215/1997, modificat pel RD 2177/2004, en relació amb el treball en alçada?</div><div style=""font-size: 14px; line-height: 1.6;""><div style=""padding: 5px 0;""><b>A)</b> Regular les condicions d’ús dels equips de treball en alçada, però no establir criteris sobre EPI ni sistemes col·lectius.</div><div style=""padding: 5px 0;""><b>B)</b> Les condicions d’ús d’equips com escales, bastides, línies de vida i sistemes anticaigudes, així com l’ús d’EPI i sistemes col·lectius.</div><div style=""padding: 5px 0;""><b>C)</b> Les modalitats de sistemes d’ancoratge de seguretat i la distribució dels punts d’ancoratge.</div><div style=""padding: 5px 0;""><b>D)</b> La classificació de cordes en semiestàtiques i dinàmiques i la seva homologació per a rescats.</div></div></div>","<div style=""text-align: left; font-family: -apple-system, sans-serif;""><div style=""font-weight: bold; font-size: 16px; color: #10b981; margin-bottom: 8px;"">✓ Resposta Correcta: B</div><div style=""font-size: 14px; margin-bottom: 12px; padding: 10px; background: rgba(16,185,129,0.1); border-radius: 6px; border-left: 4px solid #10b981;"">B) Les condicions d’ús d’equips com escales, bastides, línies de vida i sistemes anticaigudes, així com l’ús d’EPI i sistemes col·lectius.</div><hr style=""border: 0; border-top: 1px solid #ddd; margin: 12px 0;""><div style=""font-size: 13px; color: #444; line-height: 1.4;""><b style=""color: #111;"">Explicació:</b> Aquesta regulació concreta quan i com es poden utilitzar equips de treball en alçada i les mesures de protecció associades.</div></div>","T33_-_Intervencio_basica_en_rescat_urba","21128"
"<div style=""text-align: left; font-family: -apple-system, sans-serif;""><div style=""font-size: 11px; color: #888; margin-bottom: 6px;"">[T33 - Intervenció bàsica en rescat urbà] Pregunta 89</div><div style=""font-weight: bold; font-size: 16px; margin-bottom: 14px; line-height: 1.4;"">Quina funció comparteixen els nusos Prusik i Machard?</div><div style=""font-size: 14px; line-height: 1.6;""><div style=""padding: 5px 0;""><b>A)</b> Són nusos d’ancoratge destinats a fixar la corda directament a l’arnès integral.</div><div style=""padding: 5px 0;""><b>B)</b> Són nusos ajustables destinats principalment a ancoratges provisionals sobre estructures.</div><div style=""padding: 5px 0;""><b>C)</b> Són nusos autoblocants utilitzats com a sistemes de seguretat en descensos o ascensos.</div><div style=""padding: 5px 0;""><b>D)</b> Són nusos de topall utilitzats per impedir la sortida de la corda dels dispositius.</div></div></div>","<div style=""text-align: left; font-family: -apple-system, sans-serif;""><div style=""font-weight: bold; font-size: 16px; color: #10b981; margin-bottom: 8px;"">✓ Resposta Correcta: C</div><div style=""font-size: 14px; margin-bottom: 12px; padding: 10px; background: rgba(16,185,129,0.1); border-radius: 6px; border-left: 4px solid #10b981;"">C) Són nusos autoblocants utilitzats com a sistemes de seguretat en descensos o ascensos.</div><hr style=""border: 0; border-top: 1px solid #ddd; margin: 12px 0;""><div style=""font-size: 13px; color: #444; line-height: 1.4;""><b style=""color: #111;"">Explicació:</b> Prusik i Machard pertanyen al grup dels nusos autoblocants i poden donar seguretat durant la progressió per corda.</div></div>","T33_-_Intervencio_basica_en_rescat_urba","21140"
"<div style=""text-align: left; font-family: -apple-system, sans-serif;""><div style=""font-size: 11px; color: #888; margin-bottom: 6px;"">[T33 - Intervenció bàsica en rescat urbà] Pregunta 90</div><div style=""font-weight: bold; font-size: 16px; margin-bottom: 14px; line-height: 1.4;"">Quina funció té un sistema de retenció?</div><div style=""font-size: 14px; line-height: 1.6;""><div style=""padding: 5px 0;""><b>A)</b> Delimitar l’espai de treball i aturar la caiguda si l’usuari arriba accidentalment a la zona de risc.</div><div style=""padding: 5px 0;""><b>B)</b> Aturar una caiguda lliure un cop iniciada i limitar la força de xoc.</div><div style=""padding: 5px 0;""><b>C)</b> Delimitar l’espai de treball per impedir que l’usuari entri en una zona amb risc de caiguda.</div><div style=""padding: 5px 0;""><b>D)</b> Multiplicar la força aplicada per elevar l’usuari o una víctima.</div></div></div>","<div style=""text-align: left; font-family: -apple-system, sans-serif;""><div style=""font-weight: bold; font-size: 16px; color: #10b981; margin-bottom: 8px;"">✓ Resposta Correcta: C</div><div style=""font-size: 14px; margin-bottom: 12px; padding: 10px; background: rgba(16,185,129,0.1); border-radius: 6px; border-left: 4px solid #10b981;"">C) Delimitar l’espai de treball per impedir que l’usuari entri en una zona amb risc de caiguda.</div><hr style=""border: 0; border-top: 1px solid #ddd; margin: 12px 0;""><div style=""font-size: 13px; color: #444; line-height: 1.4;""><b style=""color: #111;"">Explicació:</b> La retenció actua abans de la caiguda perquè impedeix físicament arribar a la zona de risc.</div></div>","T33_-_Intervencio_basica_en_rescat_urba","21187"
"<div style=""text-align: left; font-family: -apple-system, sans-serif;""><div style=""font-size: 11px; color: #888; margin-bottom: 6px;"">[T33 - Intervenció bàsica en rescat urbà] Pregunta 91</div><div style=""font-weight: bold; font-size: 16px; margin-bottom: 14px; line-height: 1.4;"">Quines són les tres tipologies principals d’ascensors descrites per funcionament i estructura tècnica?</div><div style=""font-size: 14px; line-height: 1.6;""><div style=""padding: 5px 0;""><b>A)</b> Hidràulics, de politja simple i de tracció directa.</div><div style=""padding: 5px 0;""><b>B)</b> Electromecànics de tambor, pneumàtics i de cremallera.</div><div style=""padding: 5px 0;""><b>C)</b> Electromecànics d’adherència, hidràulics i sense cambra de màquines.</div><div style=""padding: 5px 0;""><b>D)</b> Verticals, inclinats i de plataforma com a úniques categories principals.</div></div></div>","<div style=""text-align: left; font-family: -apple-system, sans-serif;""><div style=""font-weight: bold; font-size: 16px; color: #10b981; margin-bottom: 8px;"">✓ Resposta Correcta: C</div><div style=""font-size: 14px; margin-bottom: 12px; padding: 10px; background: rgba(16,185,129,0.1); border-radius: 6px; border-left: 4px solid #10b981;"">C) Electromecànics d’adherència, hidràulics i sense cambra de màquines.</div><hr style=""border: 0; border-top: 1px solid #ddd; margin: 12px 0;""><div style=""font-size: 13px; color: #444; line-height: 1.4;""><b style=""color: #111;"">Explicació:</b> La classificació principal diferencia ascensors electromecànics d’adherència, hidràulics i sistemes sense cambra de màquines.</div></div>","T33_-_Intervencio_basica_en_rescat_urba","21208"
"<div style=""text-align: left; font-family: -apple-system, sans-serif;""><div style=""font-size: 11px; color: #888; margin-bottom: 6px;"">[T33 - Intervenció bàsica en rescat urbà] Pregunta 92</div><div style=""font-weight: bold; font-size: 16px; margin-bottom: 14px; line-height: 1.4;"">Què caracteritza un sistema de politja compost o polispast?</div><div style=""font-size: 14px; line-height: 1.6;""><div style=""padding: 5px 0;""><b>A)</b> Redirigir la corda amb una politja fixa sense disminuir l’esforç necessari per elevar la càrrega.</div><div style=""padding: 5px 0;""><b>B)</b> Reduir la força necessària mitjançant una combinació formada per politges fixes que no incorpora politges mòbils.</div><div style=""padding: 5px 0;""><b>C)</b> Redueix la força necessària per elevar una càrrega o una persona mitjançant combinacions de politges fixes i mòbils.</div><div style=""padding: 5px 0;""><b>D)</b> Bloquejar el retrocés de la càrrega mitjançant una politja autoblocant sense obtenir avantatge mecànic.</div></div></div>","<div style=""text-align: left; font-family: -apple-system, sans-serif;""><div style=""font-weight: bold; font-size: 16px; color: #10b981; margin-bottom: 8px;"">✓ Resposta Correcta: C</div><div style=""font-size: 14px; margin-bottom: 12px; padding: 10px; background: rgba(16,185,129,0.1); border-radius: 6px; border-left: 4px solid #10b981;"">C) Redueix la força necessària per elevar una càrrega o una persona mitjançant combinacions de politges fixes i mòbils.</div><hr style=""border: 0; border-top: 1px solid #ddd; margin: 12px 0;""><div style=""font-size: 13px; color: #444; line-height: 1.4;""><b style=""color: #111;"">Explicació:</b> El polispast combina politges per obtenir avantatge mecànic i disminuir l’esforç necessari.</div></div>","T33_-_Intervencio_basica_en_rescat_urba","21144"
"<div style=""text-align: left; font-family: -apple-system, sans-serif;""><div style=""font-size: 11px; color: #888; margin-bottom: 6px;"">[T33 - Intervenció bàsica en rescat urbà] Pregunta 93</div><div style=""font-weight: bold; font-size: 16px; margin-bottom: 14px; line-height: 1.4;"">Què s’ha de comprovar del material i dels EPI abans d’entrar en acció?</div><div style=""font-size: 14px; line-height: 1.6;""><div style=""padding: 5px 0;""><b>A)</b> Que els EPI siguin accessibles, encara que no s’hagi verificat el seu funcionament abans de la maniobra.</div><div style=""padding: 5px 0;""><b>B)</b> Que el material individual i col·lectiu estigui revisat i que els EPI estiguin ben col·locats i funcionin correctament.</div><div style=""padding: 5px 0;""><b>C)</b> Que l’arnès estigui col·locat, sense necessitat de comprovar mosquetons, cordes o descensors.</div><div style=""padding: 5px 0;""><b>D)</b> Que els equips col·lectius estiguin instal·lats, encara que no s’hagi revisat el material individual.</div></div></div>","<div style=""text-align: left; font-family: -apple-system, sans-serif;""><div style=""font-weight: bold; font-size: 16px; color: #10b981; margin-bottom: 8px;"">✓ Resposta Correcta: B</div><div style=""font-size: 14px; margin-bottom: 12px; padding: 10px; background: rgba(16,185,129,0.1); border-radius: 6px; border-left: 4px solid #10b981;"">B) Que el material individual i col·lectiu estigui revisat i que els EPI estiguin ben col·locats i funcionin correctament.</div><hr style=""border: 0; border-top: 1px solid #ddd; margin: 12px 0;""><div style=""font-size: 13px; color: #444; line-height: 1.4;""><b style=""color: #111;"">Explicació:</b> La revisió prèvia inclou tant el material col·lectiu com l’equip individual i la seva correcta col·locació.</div></div>","T33_-_Intervencio_basica_en_rescat_urba","21195"
"<div style=""text-align: left; font-family: -apple-system, sans-serif;""><div style=""font-size: 11px; color: #888; margin-bottom: 6px;"">[T33 - Intervenció bàsica en rescat urbà] Pregunta 94</div><div style=""font-weight: bold; font-size: 16px; margin-bottom: 14px; line-height: 1.4;"">Quin conjunt correspon a modalitats de SAS?</div><div style=""font-size: 14px; line-height: 1.6;""><div style=""padding: 5px 0;""><b>A)</b> SAS de vuit, ballestrinca, Prusik, Machard, simple i resseguit.</div><div style=""padding: 5px 0;""><b>B)</b> SAS simple, en línia, triangulat, de corda, utilitzant un vehicle i amb bomber.</div><div style=""padding: 5px 0;""><b>C)</b> SAS de politja, polispast, MGO, ràpel, ascens i retenció.</div><div style=""padding: 5px 0;""><b>D)</b> SAS fix, mòbil, dinàmic, autoblocant, de suspensió i anticaigudes.</div></div></div>","<div style=""text-align: left; font-family: -apple-system, sans-serif;""><div style=""font-weight: bold; font-size: 16px; color: #10b981; margin-bottom: 8px;"">✓ Resposta Correcta: B</div><div style=""font-size: 14px; margin-bottom: 12px; padding: 10px; background: rgba(16,185,129,0.1); border-radius: 6px; border-left: 4px solid #10b981;"">B) SAS simple, en línia, triangulat, de corda, utilitzant un vehicle i amb bomber.</div><hr style=""border: 0; border-top: 1px solid #ddd; margin: 12px 0;""><div style=""font-size: 13px; color: #444; line-height: 1.4;""><b style=""color: #111;"">Explicació:</b> Les modalitats indicades inclouen configuracions simples, en línia, triangulades i opcions que aprofiten corda, vehicle o bomber.</div></div>","T33_-_Intervencio_basica_en_rescat_urba","21151"
"<div style=""text-align: left; font-family: -apple-system, sans-serif;""><div style=""font-size: 11px; color: #888; margin-bottom: 6px;"">[T33 - Intervenció bàsica en rescat urbà] Pregunta 95</div><div style=""font-weight: bold; font-size: 16px; margin-bottom: 14px; line-height: 1.4;"">Quins elements externs a l’edificació poden utilitzar-se com a ancoratge de fortuna?</div><div style=""font-size: 14px; line-height: 1.6;""><div style=""padding: 5px 0;""><b>A)</b> Arbres o elements fixos de l’edificació, però no el vehicle de bombers.</div><div style=""padding: 5px 0;""><b>B)</b> Politges autoblocants o bloquejadors de progressió.</div><div style=""padding: 5px 0;""><b>C)</b> Escales de ganxos o escales colisses recolzades.</div><div style=""padding: 5px 0;""><b>D)</b> Arbres o el mateix vehicle de bombers.</div></div></div>","<div style=""text-align: left; font-family: -apple-system, sans-serif;""><div style=""font-weight: bold; font-size: 16px; color: #10b981; margin-bottom: 8px;"">✓ Resposta Correcta: D</div><div style=""font-size: 14px; margin-bottom: 12px; padding: 10px; background: rgba(16,185,129,0.1); border-radius: 6px; border-left: 4px solid #10b981;"">D) Arbres o el mateix vehicle de bombers.</div><hr style=""border: 0; border-top: 1px solid #ddd; margin: 12px 0;""><div style=""font-size: 13px; color: #444; line-height: 1.4;""><b style=""color: #111;"">Explicació:</b> A més d’elements fixos de l’edificació, es poden aprofitar arbres o el vehicle de bombers com a ancoratges de fortuna.</div></div>","T33_-_Intervencio_basica_en_rescat_urba","21148"
"<div style=""text-align: left; font-family: -apple-system, sans-serif;""><div style=""font-size: 11px; color: #888; margin-bottom: 6px;"">[T33 - Intervenció bàsica en rescat urbà] Pregunta 96</div><div style=""font-weight: bold; font-size: 16px; margin-bottom: 14px; line-height: 1.4;"">Quina protecció s’ha de mantenir quan es treballa en una posició exposada?</div><div style=""font-size: 14px; line-height: 1.6;""><div style=""padding: 5px 0;""><b>A)</b> Cal estar ancorat i, en maniobres amb cordes, disposar de dos sistemes independents: un de sosteniment i un d’anticaigudes.</div><div style=""padding: 5px 0;""><b>B)</b> Cal utilitzar un sistema de retenció com a única protecció encara que l’usuari treballi en suspensió.</div><div style=""padding: 5px 0;""><b>C)</b> N’hi ha prou amb un únic sistema de sosteniment si la corda principal està connectada a un punt fix.</div><div style=""padding: 5px 0;""><b>D)</b> Estar ancorat i, en maniobres amb cordes, utilitzar un sistema de sosteniment amb una segona connexió dependent del mateix sistema.</div></div></div>","<div style=""text-align: left; font-family: -apple-system, sans-serif;""><div style=""font-weight: bold; font-size: 16px; color: #10b981; margin-bottom: 8px;"">✓ Resposta Correcta: A</div><div style=""font-size: 14px; margin-bottom: 12px; padding: 10px; background: rgba(16,185,129,0.1); border-radius: 6px; border-left: 4px solid #10b981;"">A) Cal estar ancorat i, en maniobres amb cordes, disposar de dos sistemes independents: un de sosteniment i un d’anticaigudes.</div><hr style=""border: 0; border-top: 1px solid #ddd; margin: 12px 0;""><div style=""font-size: 13px; color: #444; line-height: 1.4;""><b style=""color: #111;"">Explicació:</b> La doble protecció aporta redundància davant la fallada d’un dels sistemes durant una maniobra amb cordes.</div></div>","T33_-_Intervencio_basica_en_rescat_urba","21197"
"<div style=""text-align: left; font-family: -apple-system, sans-serif;""><div style=""font-size: 11px; color: #888; margin-bottom: 6px;"">[T33 - Intervenció bàsica en rescat urbà] Pregunta 97</div><div style=""font-weight: bold; font-size: 16px; margin-bottom: 14px; line-height: 1.4;"">Quin és l’objectiu de la maniobra de rescat en un ascensor hidràulic avariat o sense corrent?</div><div style=""font-size: 14px; line-height: 1.6;""><div style=""padding: 5px 0;""><b>A)</b> Fer descendir la cabina de manera segura per facilitar l’evacuació.</div><div style=""padding: 5px 0;""><b>B)</b> Elevar la cabina manualment fins a una planta segura sense posar en funcionament la bomba.</div><div style=""padding: 5px 0;""><b>C)</b> Desplaçar la cabina girant manualment el volant del motor després d’alliberar-ne el fre.</div><div style=""padding: 5px 0;""><b>D)</b> Fer descendir la cabina de manera segura en cas de tall elèctric, però no quan la incidència és una avaria del sistema.</div></div></div>","<div style=""text-align: left; font-family: -apple-system, sans-serif;""><div style=""font-weight: bold; font-size: 16px; color: #10b981; margin-bottom: 8px;"">✓ Resposta Correcta: A</div><div style=""font-size: 14px; margin-bottom: 12px; padding: 10px; background: rgba(16,185,129,0.1); border-radius: 6px; border-left: 4px solid #10b981;"">A) Fer descendir la cabina de manera segura per facilitar l’evacuació.</div><hr style=""border: 0; border-top: 1px solid #ddd; margin: 12px 0;""><div style=""font-size: 13px; color: #444; line-height: 1.4;""><b style=""color: #111;"">Explicació:</b> En un hidràulic, la maniobra prevista aprofita un descens controlat de la cabina.</div></div>","T33_-_Intervencio_basica_en_rescat_urba","21238"
"<div style=""text-align: left; font-family: -apple-system, sans-serif;""><div style=""font-size: 11px; color: #888; margin-bottom: 6px;"">[T33 - Intervenció bàsica en rescat urbà] Pregunta 98</div><div style=""font-weight: bold; font-size: 16px; margin-bottom: 14px; line-height: 1.4;"">Quin principi final ha de guiar cada acció de seguretat en una intervenció en alçada?</div><div style=""font-size: 14px; line-height: 1.6;""><div style=""padding: 5px 0;""><b>A)</b> Prioritzar la protecció de la víctima i reduir la redundància dels intervinents per agilitzar el salvament.</div><div style=""padding: 5px 0;""><b>B)</b> Garantir una línia de vida per als intervinents i incorporar la protecció de la víctima durant la fase d’extracció.</div><div style=""padding: 5px 0;""><b>C)</b> Garantir que hi hagi una línia de vida que protegeixi tant els intervinents com les víctimes.</div><div style=""padding: 5px 0;""><b>D)</b> Concentrar la protecció en els intervinents i incorporar la víctima al sistema de seguretat quan comenci l’evacuació.</div></div></div>","<div style=""text-align: left; font-family: -apple-system, sans-serif;""><div style=""font-weight: bold; font-size: 16px; color: #10b981; margin-bottom: 8px;"">✓ Resposta Correcta: C</div><div style=""font-size: 14px; margin-bottom: 12px; padding: 10px; background: rgba(16,185,129,0.1); border-radius: 6px; border-left: 4px solid #10b981;"">C) Garantir que hi hagi una línia de vida que protegeixi tant els intervinents com les víctimes.</div><hr style=""border: 0; border-top: 1px solid #ddd; margin: 12px 0;""><div style=""font-size: 13px; color: #444; line-height: 1.4;""><b style=""color: #111;"">Explicació:</b> La planificació ha d’assegurar una protecció contínua per a totes les persones exposades durant la intervenció.</div></div>","T33_-_Intervencio_basica_en_rescat_urba","21204"
"<div style=""text-align: left; font-family: -apple-system, sans-serif;""><div style=""font-size: 11px; color: #888; margin-bottom: 6px;"">[T33 - Intervenció bàsica en rescat urbà] Pregunta 99</div><div style=""font-weight: bold; font-size: 16px; margin-bottom: 14px; line-height: 1.4;"">Quins exemples corresponen a proteccions col·lectives davant el risc de caiguda en alçada?</div><div style=""font-size: 14px; line-height: 1.6;""><div style=""padding: 5px 0;""><b>A)</b> Baranes, passarel·les o altres proteccions col·lectives.</div><div style=""padding: 5px 0;""><b>B)</b> Passarel·les, arnesos i dispositius anticaigudes individuals.</div><div style=""padding: 5px 0;""><b>C)</b> Baranes, arnesos i sistemes individuals de connexió.</div><div style=""padding: 5px 0;""><b>D)</b> Baranes, mosquetons i línies personals d’assegurament.</div></div></div>","<div style=""text-align: left; font-family: -apple-system, sans-serif;""><div style=""font-weight: bold; font-size: 16px; color: #10b981; margin-bottom: 8px;"">✓ Resposta Correcta: A</div><div style=""font-size: 14px; margin-bottom: 12px; padding: 10px; background: rgba(16,185,129,0.1); border-radius: 6px; border-left: 4px solid #10b981;"">A) Baranes, passarel·les o altres proteccions col·lectives.</div><hr style=""border: 0; border-top: 1px solid #ddd; margin: 12px 0;""><div style=""font-size: 13px; color: #444; line-height: 1.4;""><b style=""color: #111;"">Explicació:</b> Les baranes i les passarel·les són exemples de mesures que protegeixen col·lectivament una zona de risc.</div></div>","T33_-_Intervencio_basica_en_rescat_urba","21127"
"<div style=""text-align: left; font-family: -apple-system, sans-serif;""><div style=""font-size: 11px; color: #888; margin-bottom: 6px;"">[T33 - Intervenció bàsica en rescat urbà] Pregunta 100</div><div style=""font-weight: bold; font-size: 16px; margin-bottom: 14px; line-height: 1.4;"">Quin és l’objectiu operatiu d’una intervenció en alçada?</div><div style=""font-size: 14px; line-height: 1.6;""><div style=""padding: 5px 0;""><b>A)</b> Aconseguir el salvament de forma segura, eficaç i adaptada a cada situació.</div><div style=""padding: 5px 0;""><b>B)</b> Minimitzar l’ús de mesures de seguretat quan la maniobra sigui tècnicament senzilla.</div><div style=""padding: 5px 0;""><b>C)</b> Aconseguir el salvament de forma segura i eficaç aplicant el mateix esquema operatiu a situacions equivalents.</div><div style=""padding: 5px 0;""><b>D)</b> Prioritzar la rapidesa de la maniobra per damunt de l’adaptació al context operatiu.</div></div></div>","<div style=""text-align: left; font-family: -apple-system, sans-serif;""><div style=""font-weight: bold; font-size: 16px; color: #10b981; margin-bottom: 8px;"">✓ Resposta Correcta: A</div><div style=""font-size: 14px; margin-bottom: 12px; padding: 10px; background: rgba(16,185,129,0.1); border-radius: 6px; border-left: 4px solid #10b981;"">A) Aconseguir el salvament de forma segura, eficaç i adaptada a cada situació.</div><hr style=""border: 0; border-top: 1px solid #ddd; margin: 12px 0;""><div style=""font-size: 13px; color: #444; line-height: 1.4;""><b style=""color: #111;"">Explicació:</b> L’objectiu combina seguretat, eficàcia i adaptació a les condicions concretes de l’actuació.</div></div>","T33_-_Intervencio_basica_en_rescat_urba","21122"
"<div style=""text-align: left; font-family: -apple-system, sans-serif;""><div style=""font-size: 11px; color: #888; margin-bottom: 6px;"">[T33 - Intervenció bàsica en rescat urbà] Pregunta 101</div><div style=""font-weight: bold; font-size: 16px; margin-bottom: 14px; line-height: 1.4;"">Quina actuació permet el descens controlat de la cabina d’un ascensor hidràulic durant el rescat?</div><div style=""font-size: 14px; line-height: 1.6;""><div style=""padding: 5px 0;""><b>A)</b> Accionar la vàlvula de descàrrega manual perquè la cabina baixi lentament.</div><div style=""padding: 5px 0;""><b>B)</b> Desconnectar els cables d’acer perquè el contrapès faci baixar la cabina.</div><div style=""padding: 5px 0;""><b>C)</b> Desbloquejar el fre motor i girar el volant de la màquina d’adherència.</div><div style=""padding: 5px 0;""><b>D)</b> Obrir la porta de planta perquè el sistema de seguretat alliberi automàticament el pistó.</div></div></div>","<div style=""text-align: left; font-family: -apple-system, sans-serif;""><div style=""font-weight: bold; font-size: 16px; color: #10b981; margin-bottom: 8px;"">✓ Resposta Correcta: A</div><div style=""font-size: 14px; margin-bottom: 12px; padding: 10px; background: rgba(16,185,129,0.1); border-radius: 6px; border-left: 4px solid #10b981;"">A) Accionar la vàlvula de descàrrega manual perquè la cabina baixi lentament.</div><hr style=""border: 0; border-top: 1px solid #ddd; margin: 12px 0;""><div style=""font-size: 13px; color: #444; line-height: 1.4;""><b style=""color: #111;"">Explicació:</b> La vàlvula de descàrrega permet alliberar el circuit hidràulic de manera controlada i provocar el descens.</div></div>","T33_-_Intervencio_basica_en_rescat_urba","21239"
"<div style=""text-align: left; font-family: -apple-system, sans-serif;""><div style=""font-size: 11px; color: #888; margin-bottom: 6px;"">[T33 - Intervenció bàsica en rescat urbà] Pregunta 102</div><div style=""font-weight: bold; font-size: 16px; margin-bottom: 14px; line-height: 1.4;"">Quants punts d’assegurament exigeix la progressió amb sistema MGO?</div><div style=""font-size: 14px; line-height: 1.6;""><div style=""padding: 5px 0;""><b>A)</b> Tres punts d’assegurament.</div><div style=""padding: 5px 0;""><b>B)</b> Quatre punts d’assegurament.</div><div style=""padding: 5px 0;""><b>C)</b> Un únic punt d’assegurament.</div><div style=""padding: 5px 0;""><b>D)</b> Dos punts d’assegurament.</div></div></div>","<div style=""text-align: left; font-family: -apple-system, sans-serif;""><div style=""font-weight: bold; font-size: 16px; color: #10b981; margin-bottom: 8px;"">✓ Resposta Correcta: D</div><div style=""font-size: 14px; margin-bottom: 12px; padding: 10px; background: rgba(16,185,129,0.1); border-radius: 6px; border-left: 4px solid #10b981;"">D) Dos punts d’assegurament.</div><hr style=""border: 0; border-top: 1px solid #ddd; margin: 12px 0;""><div style=""font-size: 13px; color: #444; line-height: 1.4;""><b style=""color: #111;"">Explicació:</b> La maniobra manté la redundància mitjançant dos punts d’assegurament.</div></div>","T33_-_Intervencio_basica_en_rescat_urba","21166"
"<div style=""text-align: left; font-family: -apple-system, sans-serif;""><div style=""font-size: 11px; color: #888; margin-bottom: 6px;"">[T33 - Intervenció bàsica en rescat urbà] Pregunta 103</div><div style=""font-weight: bold; font-size: 16px; margin-bottom: 14px; line-height: 1.4;"">Quina actuació de seguretat s’ha de fer abans de cada maniobra de rescat en alçada?</div><div style=""font-size: 14px; line-height: 1.6;""><div style=""padding: 5px 0;""><b>A)</b> Comprovar el material després d’haver instal·lat i carregat els punts d’ancoratge.</div><div style=""padding: 5px 0;""><b>B)</b> Limitar la revisió prèvia als EPI que utilitzarà cada bomber durant la maniobra.</div><div style=""padding: 5px 0;""><b>C)</b> Revisar abans de la maniobra el material que s’utilitzarà.</div><div style=""padding: 5px 0;""><b>D)</b> Revisar el material principal abans de la maniobra i completar la comprovació amb el sistema ja muntat.</div></div></div>","<div style=""text-align: left; font-family: -apple-system, sans-serif;""><div style=""font-weight: bold; font-size: 16px; color: #10b981; margin-bottom: 8px;"">✓ Resposta Correcta: C</div><div style=""font-size: 14px; margin-bottom: 12px; padding: 10px; background: rgba(16,185,129,0.1); border-radius: 6px; border-left: 4px solid #10b981;"">C) Revisar abans de la maniobra el material que s’utilitzarà.</div><hr style=""border: 0; border-top: 1px solid #ddd; margin: 12px 0;""><div style=""font-size: 13px; color: #444; line-height: 1.4;""><b style=""color: #111;"">Explicació:</b> La revisió prèvia del material redueix el risc d’iniciar una maniobra amb un equip defectuós o inadequat.</div></div>","T33_-_Intervencio_basica_en_rescat_urba","21183"
"<div style=""text-align: left; font-family: -apple-system, sans-serif;""><div style=""font-size: 11px; color: #888; margin-bottom: 6px;"">[T33 - Intervenció bàsica en rescat urbà] Pregunta 104</div><div style=""font-weight: bold; font-size: 16px; margin-bottom: 14px; line-height: 1.4;"">Per a què s’utilitza el nus de vuit simple?</div><div style=""font-size: 14px; line-height: 1.6;""><div style=""padding: 5px 0;""><b>A)</b> Utilitzar-lo com a nus autoblocant de seguretat en maniobres de descens o ascens.</div><div style=""padding: 5px 0;""><b>B)</b> Utilitzar-lo per assegurar la corda a l’arnès o a un punt fix mitjançant un vuit resseguit.</div><div style=""padding: 5px 0;""><b>C)</b> Utilitzar-lo com a nus de topall en un descensor, però no quan la corda passa per una politja.</div><div style=""padding: 5px 0;""><b>D)</b> Com a nus de topall per evitar que la corda s’escapi d’un dispositiu, com un descensor o una politja.</div></div></div>","<div style=""text-align: left; font-family: -apple-system, sans-serif;""><div style=""font-weight: bold; font-size: 16px; color: #10b981; margin-bottom: 8px;"">✓ Resposta Correcta: D</div><div style=""font-size: 14px; margin-bottom: 12px; padding: 10px; background: rgba(16,185,129,0.1); border-radius: 6px; border-left: 4px solid #10b981;"">D) Com a nus de topall per evitar que la corda s’escapi d’un dispositiu, com un descensor o una politja.</div><hr style=""border: 0; border-top: 1px solid #ddd; margin: 12px 0;""><div style=""font-size: 13px; color: #444; line-height: 1.4;""><b style=""color: #111;"">Explicació:</b> El vuit simple actua com a topall i evita la sortida accidental de la corda d’un dispositiu.</div></div>","T33_-_Intervencio_basica_en_rescat_urba","21137"
"<div style=""text-align: left; font-family: -apple-system, sans-serif;""><div style=""font-size: 11px; color: #888; margin-bottom: 6px;"">[T33 - Intervenció bàsica en rescat urbà] Pregunta 105</div><div style=""font-weight: bold; font-size: 16px; margin-bottom: 14px; line-height: 1.4;"">Com es genera el moviment en un ascensor electromecànic d’adherència?</div><div style=""font-size: 14px; line-height: 1.6;""><div style=""padding: 5px 0;""><b>A)</b> Un motor elèctric acciona una politja que transmet el moviment als cables d’acer.</div><div style=""padding: 5px 0;""><b>B)</b> Una bomba impulsa oli a pressió dins d’un cilindre que mou directament la cabina.</div><div style=""padding: 5px 0;""><b>C)</b> Un motor lineal desplaça la cabina sense politja ni cables de suspensió.</div><div style=""padding: 5px 0;""><b>D)</b> Un contrapès motoritzat arrossega directament la cabina a través de les guies.</div></div></div>","<div style=""text-align: left; font-family: -apple-system, sans-serif;""><div style=""font-weight: bold; font-size: 16px; color: #10b981; margin-bottom: 8px;"">✓ Resposta Correcta: A</div><div style=""font-size: 14px; margin-bottom: 12px; padding: 10px; background: rgba(16,185,129,0.1); border-radius: 6px; border-left: 4px solid #10b981;"">A) Un motor elèctric acciona una politja que transmet el moviment als cables d’acer.</div><hr style=""border: 0; border-top: 1px solid #ddd; margin: 12px 0;""><div style=""font-size: 13px; color: #444; line-height: 1.4;""><b style=""color: #111;"">Explicació:</b> El principi de funcionament es basa en un motor elèctric, una politja d’adherència i cables d’acer.</div></div>","T33_-_Intervencio_basica_en_rescat_urba","21212"
"<div style=""text-align: left; font-family: -apple-system, sans-serif;""><div style=""font-size: 11px; color: #888; margin-bottom: 6px;"">[T33 - Intervenció bàsica en rescat urbà] Pregunta 106</div><div style=""font-weight: bold; font-size: 16px; margin-bottom: 14px; line-height: 1.4;"">Quina pauta combina correctament la comunicació amb les víctimes i la finalització del rescat?</div><div style=""font-size: 14px; line-height: 1.6;""><div style=""padding: 5px 0;""><b>A)</b> Mantenir contacte verbal fins a l’obertura de portes i tornar l’ascensor al servei si la cabina queda ben alineada.</div><div style=""padding: 5px 0;""><b>B)</b> Reduir la comunicació durant la maniobra per evitar angoixa i reactivar l’ascensor després de comprovar-ne les portes.</div><div style=""padding: 5px 0;""><b>C)</b> Mantenir contacte verbal abans del moviment i retornar l’ascensor al servei immediatament després de l’extracció.</div><div style=""padding: 5px 0;""><b>D)</b> Mantenir contacte verbal per valorar i tranquil·litzar les persones, extreure-les quan la cabina sigui segura i deixar l’ascensor fora de servei fins a la revisió de manteniment.</div></div></div>","<div style=""text-align: left; font-family: -apple-system, sans-serif;""><div style=""font-weight: bold; font-size: 16px; color: #10b981; margin-bottom: 8px;"">✓ Resposta Correcta: D</div><div style=""font-size: 14px; margin-bottom: 12px; padding: 10px; background: rgba(16,185,129,0.1); border-radius: 6px; border-left: 4px solid #10b981;"">D) Mantenir contacte verbal per valorar i tranquil·litzar les persones, extreure-les quan la cabina sigui segura i deixar l’ascensor fora de servei fins a la revisió de manteniment.</div><hr style=""border: 0; border-top: 1px solid #ddd; margin: 12px 0;""><div style=""font-size: 13px; color: #444; line-height: 1.4;""><b style=""color: #111;"">Explicació:</b> La seguretat inclou comunicació contínua amb els ocupants, extracció amb la cabina en posició segura i posada fora de servei fins a revisió tècnica.</div></div>","T33_-_Intervencio_basica_en_rescat_urba","21254"
"<div style=""text-align: left; font-family: -apple-system, sans-serif;""><div style=""font-size: 11px; color: #888; margin-bottom: 6px;"">[T33 - Intervenció bàsica en rescat urbà] Pregunta 107</div><div style=""font-weight: bold; font-size: 16px; margin-bottom: 14px; line-height: 1.4;"">Com es pot rescatar una víctima immobilitzada en llitera amb una AEA?</div><div style=""font-size: 14px; line-height: 1.6;""><div style=""padding: 5px 0;""><b>A)</b> Accedint a la cistella amb la llitera o utilitzant el mode de gruatge lleuger de l’AEA.</div><div style=""padding: 5px 0;""><b>B)</b> Utilitzant la llitera com a punt fix per muntar un sistema d’ancoratge de seguretat.</div><div style=""padding: 5px 0;""><b>C)</b> Fent progressar la víctima per l’escala amb dos mosquetons MGO de gran obertura.</div><div style=""padding: 5px 0;""><b>D)</b> Introduint la llitera a la cistella de l’AEA, sense recórrer al mode de gruatge lleuger.</div></div></div>","<div style=""text-align: left; font-family: -apple-system, sans-serif;""><div style=""font-weight: bold; font-size: 16px; color: #10b981; margin-bottom: 8px;"">✓ Resposta Correcta: A</div><div style=""font-size: 14px; margin-bottom: 12px; padding: 10px; background: rgba(16,185,129,0.1); border-radius: 6px; border-left: 4px solid #10b981;"">A) Accedint a la cistella amb la llitera o utilitzant el mode de gruatge lleuger de l’AEA.</div><hr style=""border: 0; border-top: 1px solid #ddd; margin: 12px 0;""><div style=""font-size: 13px; color: #444; line-height: 1.4;""><b style=""color: #111;"">Explicació:</b> L’AEA permet combinar el transport en cistella amb maniobres de gruatge lleuger de la llitera.</div></div>","T33_-_Intervencio_basica_en_rescat_urba","21175"
"<div style=""text-align: left; font-family: -apple-system, sans-serif;""><div style=""font-size: 11px; color: #888; margin-bottom: 6px;"">[T33 - Intervenció bàsica en rescat urbà] Pregunta 108</div><div style=""font-weight: bold; font-size: 16px; margin-bottom: 14px; line-height: 1.4;"">Quines mesures s’han d’aplicar en una maniobra de càrrega o d’accés a plataforma amb AEA?</div><div style=""font-size: 14px; line-height: 1.6;""><div style=""padding: 5px 0;""><b>A)</b> Mantenir el motor en marxa i connectar l’anticaigudes a un únic punt baix per facilitar el moviment entre plataformes.</div><div style=""padding: 5px 0;""><b>B)</b> Aturar el motor i, si el pas entre l’estructura fixa i la cistella no és completament segur, muntar un sistema anticaigudes, preferentment redundant i amb un punt d’ancoratge elevat.</div><div style=""padding: 5px 0;""><b>C)</b> Aturar el motor i muntar un sistema anticaigudes quan el pas sigui insegur, utilitzant un únic punt d’ancoratge baix.</div><div style=""padding: 5px 0;""><b>D)</b> Aturar el motor i prescindir del sistema anticaigudes si la cistella queda situada a la mateixa alçada que la plataforma.</div></div></div>","<div style=""text-align: left; font-family: -apple-system, sans-serif;""><div style=""font-weight: bold; font-size: 16px; color: #10b981; margin-bottom: 8px;"">✓ Resposta Correcta: B</div><div style=""font-size: 14px; margin-bottom: 12px; padding: 10px; background: rgba(16,185,129,0.1); border-radius: 6px; border-left: 4px solid #10b981;"">B) Aturar el motor i, si el pas entre l’estructura fixa i la cistella no és completament segur, muntar un sistema anticaigudes, preferentment redundant i amb un punt d’ancoratge elevat.</div><hr style=""border: 0; border-top: 1px solid #ddd; margin: 12px 0;""><div style=""font-size: 13px; color: #444; line-height: 1.4;""><b style=""color: #111;"">Explicació:</b> El pas entre estructura i cistella pot generar un buit de caiguda; per això cal immobilitzar l’AEA i reforçar la protecció quan el pas no és segur.</div></div>","T33_-_Intervencio_basica_en_rescat_urba","21203"
"<div style=""text-align: left; font-family: -apple-system, sans-serif;""><div style=""font-size: 11px; color: #888; margin-bottom: 6px;"">[T33 - Intervenció bàsica en rescat urbà] Pregunta 109</div><div style=""font-weight: bold; font-size: 16px; margin-bottom: 14px; line-height: 1.4;"">Com s’han de gestionar les comunicacions durant una maniobra amb AEA?</div><div style=""font-size: 14px; line-height: 1.6;""><div style=""padding: 5px 0;""><b>A)</b> Cal limitar les comunicacions a l’inici de la maniobra i evitar-les mentre es mou la cistella o l’escala.</div><div style=""padding: 5px 0;""><b>B)</b> Cal fer una comunicació prèvia, no executar l’acció fins confirmar-ne la recepció i utilitzar l’emissora o l’intercomunicador de l’AEA.</div><div style=""padding: 5px 0;""><b>C)</b> Fer una comunicació prèvia i iniciar l’acció quan el missatge s’hagi emès, sense esperar confirmació de recepció.</div><div style=""padding: 5px 0;""><b>D)</b> Cal iniciar l’acció després d’emetre el missatge, encara que l’altra part no n’hagi confirmat la recepció.</div></div></div>","<div style=""text-align: left; font-family: -apple-system, sans-serif;""><div style=""font-weight: bold; font-size: 16px; color: #10b981; margin-bottom: 8px;"">✓ Resposta Correcta: B</div><div style=""font-size: 14px; margin-bottom: 12px; padding: 10px; background: rgba(16,185,129,0.1); border-radius: 6px; border-left: 4px solid #10b981;"">B) Cal fer una comunicació prèvia, no executar l’acció fins confirmar-ne la recepció i utilitzar l’emissora o l’intercomunicador de l’AEA.</div><hr style=""border: 0; border-top: 1px solid #ddd; margin: 12px 0;""><div style=""font-size: 13px; color: #444; line-height: 1.4;""><b style=""color: #111;"">Explicació:</b> La confirmació de recepció evita executar moviments sense que totes les parts hagin entès la maniobra.</div></div>","T33_-_Intervencio_basica_en_rescat_urba","21200"
"<div style=""text-align: left; font-family: -apple-system, sans-serif;""><div style=""font-size: 11px; color: #888; margin-bottom: 6px;"">[T33 - Intervenció bàsica en rescat urbà] Pregunta 110</div><div style=""font-weight: bold; font-size: 16px; margin-bottom: 14px; line-height: 1.4;"">En quina situació és habitual l’ascens per corda fixa?</div><div style=""font-size: 14px; line-height: 1.6;""><div style=""padding: 5px 0;""><b>A)</b> Per progressar per una estructura metàl·lica mitjançant dos mosquetons MGO.</div><div style=""padding: 5px 0;""><b>B)</b> Per elevar una víctima des d’una cota inferior mitjançant un polispast.</div><div style=""padding: 5px 0;""><b>C)</b> Per baixar a una zona fonda mitjançant un dispositiu de frenada.</div><div style=""padding: 5px 0;""><b>D)</b> Per sortir d’una zona fonda mitjançant una corda prèviament instal·lada.</div></div></div>","<div style=""text-align: left; font-family: -apple-system, sans-serif;""><div style=""font-weight: bold; font-size: 16px; color: #10b981; margin-bottom: 8px;"">✓ Resposta Correcta: D</div><div style=""font-size: 14px; margin-bottom: 12px; padding: 10px; background: rgba(16,185,129,0.1); border-radius: 6px; border-left: 4px solid #10b981;"">D) Per sortir d’una zona fonda mitjançant una corda prèviament instal·lada.</div><hr style=""border: 0; border-top: 1px solid #ddd; margin: 12px 0;""><div style=""font-size: 13px; color: #444; line-height: 1.4;""><b style=""color: #111;"">Explicació:</b> L’ascens per corda fixa és especialment útil quan cal remuntar des d’un punt situat a una cota inferior.</div></div>","T33_-_Intervencio_basica_en_rescat_urba","21163"
"<div style=""text-align: left; font-family: -apple-system, sans-serif;""><div style=""font-size: 11px; color: #888; margin-bottom: 6px;"">[T33 - Intervenció bàsica en rescat urbà] Pregunta 111</div><div style=""font-weight: bold; font-size: 16px; margin-bottom: 14px; line-height: 1.4;"">Com són les cordes utilitzades en el treball en alçada?</div><div style=""font-size: 14px; line-height: 1.6;""><div style=""padding: 5px 0;""><b>A)</b> Cordes metàl·liques rígides destinades a substituir els punts d’ancoratge de l’estructura.</div><div style=""padding: 5px 0;""><b>B)</b> Cordes de tipus tècnic fabricades amb materials sintètics, però sense exigir-ne una alta resistència.</div><div style=""padding: 5px 0;""><b>C)</b> Cordes d’ús general fabricades principalment amb fibres naturals de baixa elasticitat.</div><div style=""padding: 5px 0;""><b>D)</b> Cordes de tipus tècnic fabricades amb materials sintètics d’alta resistència.</div></div></div>","<div style=""text-align: left; font-family: -apple-system, sans-serif;""><div style=""font-weight: bold; font-size: 16px; color: #10b981; margin-bottom: 8px;"">✓ Resposta Correcta: D</div><div style=""font-size: 14px; margin-bottom: 12px; padding: 10px; background: rgba(16,185,129,0.1); border-radius: 6px; border-left: 4px solid #10b981;"">D) Cordes de tipus tècnic fabricades amb materials sintètics d’alta resistència.</div><hr style=""border: 0; border-top: 1px solid #ddd; margin: 12px 0;""><div style=""font-size: 13px; color: #444; line-height: 1.4;""><b style=""color: #111;"">Explicació:</b> Les cordes de treball en alçada són equips tècnics i utilitzen materials sintètics d’alta resistència.</div></div>","T33_-_Intervencio_basica_en_rescat_urba","21131"
"<div style=""text-align: left; font-family: -apple-system, sans-serif;""><div style=""font-size: 11px; color: #888; margin-bottom: 6px;"">[T33 - Intervenció bàsica en rescat urbà] Pregunta 112</div><div style=""font-weight: bold; font-size: 16px; margin-bottom: 14px; line-height: 1.4;"">Quina descripció delimita correctament l’abast d’un sistema de retenció?</div><div style=""font-size: 14px; line-height: 1.6;""><div style=""padding: 5px 0;""><b>A)</b> Impedeix arribar a la zona de risc i, si es produeix una caiguda, també n’atura el moviment.</div><div style=""padding: 5px 0;""><b>B)</b> Impedeix arribar a la zona de risc, però no està pensat per aturar una caiguda ni mantenir l’usuari en suspensió.</div><div style=""padding: 5px 0;""><b>C)</b> Atura una caiguda lliure i manté després l’usuari posicionat en suspensió.</div><div style=""padding: 5px 0;""><b>D)</b> Permet treballar en suspensió i delimita alhora l’espai de treball accessible per a l’usuari.</div></div></div>","<div style=""text-align: left; font-family: -apple-system, sans-serif;""><div style=""font-weight: bold; font-size: 16px; color: #10b981; margin-bottom: 8px;"">✓ Resposta Correcta: B</div><div style=""font-size: 14px; margin-bottom: 12px; padding: 10px; background: rgba(16,185,129,0.1); border-radius: 6px; border-left: 4px solid #10b981;"">B) Impedeix arribar a la zona de risc, però no està pensat per aturar una caiguda ni mantenir l’usuari en suspensió.</div><hr style=""border: 0; border-top: 1px solid #ddd; margin: 12px 0;""><div style=""font-size: 13px; color: #444; line-height: 1.4;""><b style=""color: #111;"">Explicació:</b> La retenció limita l’espai accessible perquè l’usuari no arribi a la zona de caiguda; no substitueix ni un sistema de suspensió ni un sistema anticaigudes.</div></div>","T33_-_Intervencio_basica_en_rescat_urba","21188"
"<div style=""text-align: left; font-family: -apple-system, sans-serif;""><div style=""font-size: 11px; color: #888; margin-bottom: 6px;"">[T33 - Intervenció bàsica en rescat urbà] Pregunta 113</div><div style=""font-weight: bold; font-size: 16px; margin-bottom: 14px; line-height: 1.4;"">En quin escenari són especialment útils les escales colissa o de ganxos?</div><div style=""font-size: 14px; line-height: 1.6;""><div style=""padding: 5px 0;""><b>A)</b> En estructures metàl·liques on la progressió es fa successivament amb dos mosquetons MGO.</div><div style=""padding: 5px 0;""><b>B)</b> En espais estrets, patis interiors o façanes sense possibilitat d’accés amb autoescala.</div><div style=""padding: 5px 0;""><b>C)</b> En espais estrets o patis interiors encara que l’autoescala hi pugui accedir amb garanties.</div><div style=""padding: 5px 0;""><b>D)</b> En rescats de façana on es vol reduir l’esforç d’elevació mitjançant un polispast.</div></div></div>","<div style=""text-align: left; font-family: -apple-system, sans-serif;""><div style=""font-weight: bold; font-size: 16px; color: #10b981; margin-bottom: 8px;"">✓ Resposta Correcta: B</div><div style=""font-size: 14px; margin-bottom: 12px; padding: 10px; background: rgba(16,185,129,0.1); border-radius: 6px; border-left: 4px solid #10b981;"">B) En espais estrets, patis interiors o façanes sense possibilitat d’accés amb autoescala.</div><hr style=""border: 0; border-top: 1px solid #ddd; margin: 12px 0;""><div style=""font-size: 13px; color: #444; line-height: 1.4;""><b style=""color: #111;"">Explicació:</b> Aquestes escales aporten una via d’accés manual quan l’AEA no pot arribar adequadament a la zona.</div></div>","T33_-_Intervencio_basica_en_rescat_urba","21179"
"<div style=""text-align: left; font-family: -apple-system, sans-serif;""><div style=""font-size: 11px; color: #888; margin-bottom: 6px;"">[T33 - Intervenció bàsica en rescat urbà] Pregunta 114</div><div style=""font-weight: bold; font-size: 16px; margin-bottom: 14px; line-height: 1.4;"">Quan es considera que hi ha un treball temporal en alçada?</div><div style=""font-size: 14px; line-height: 1.6;""><div style=""padding: 5px 0;""><b>A)</b> Quan el treball es duu a terme a una alçada superior a dos metres i comporta risc de caiguda.</div><div style=""padding: 5px 0;""><b>B)</b> Quan el treball es duu a terme exactament a dos metres encara que no hi hagi risc de caiguda.</div><div style=""padding: 5px 0;""><b>C)</b> Quan l’operador queda en suspensió, encara que la tasca es faci a menys d’un metre del terra.</div><div style=""padding: 5px 0;""><b>D)</b> Quan la maniobra utilitza cordes o bastides, independentment de l’alçada i del risc existent.</div></div></div>","<div style=""text-align: left; font-family: -apple-system, sans-serif;""><div style=""font-weight: bold; font-size: 16px; color: #10b981; margin-bottom: 8px;"">✓ Resposta Correcta: A</div><div style=""font-size: 14px; margin-bottom: 12px; padding: 10px; background: rgba(16,185,129,0.1); border-radius: 6px; border-left: 4px solid #10b981;"">A) Quan el treball es duu a terme a una alçada superior a dos metres i comporta risc de caiguda.</div><hr style=""border: 0; border-top: 1px solid #ddd; margin: 12px 0;""><div style=""font-size: 13px; color: #444; line-height: 1.4;""><b style=""color: #111;"">Explicació:</b> La definició combina dos elements: una alçada superior a dos metres i l’existència de risc de caiguda.</div></div>","T33_-_Intervencio_basica_en_rescat_urba","21129"
"<div style=""text-align: left; font-family: -apple-system, sans-serif;""><div style=""font-size: 11px; color: #888; margin-bottom: 6px;"">[T33 - Intervenció bàsica en rescat urbà] Pregunta 115</div><div style=""font-weight: bold; font-size: 16px; margin-bottom: 14px; line-height: 1.4;"">Quina mesura s’ha d’aplicar al final d’una corda de treball?</div><div style=""font-size: 14px; line-height: 1.6;""><div style=""padding: 5px 0;""><b>A)</b> Fer un nus abans del final de la corda.</div><div style=""padding: 5px 0;""><b>B)</b> Connectar el final de la corda al sistema de suspensió.</div><div style=""padding: 5px 0;""><b>C)</b> Deixar una longitud lliure suficient després del dispositiu.</div><div style=""padding: 5px 0;""><b>D)</b> Col·locar un bloquejador abans del final de la corda.</div></div></div>","<div style=""text-align: left; font-family: -apple-system, sans-serif;""><div style=""font-weight: bold; font-size: 16px; color: #10b981; margin-bottom: 8px;"">✓ Resposta Correcta: A</div><div style=""font-size: 14px; margin-bottom: 12px; padding: 10px; background: rgba(16,185,129,0.1); border-radius: 6px; border-left: 4px solid #10b981;"">A) Fer un nus abans del final de la corda.</div><hr style=""border: 0; border-top: 1px solid #ddd; margin: 12px 0;""><div style=""font-size: 13px; color: #444; line-height: 1.4;""><b style=""color: #111;"">Explicació:</b> El nus final actua com a mesura de seguretat per evitar que la corda pugui sortir accidentalment del sistema.</div></div>","T33_-_Intervencio_basica_en_rescat_urba","21198"
"<div style=""text-align: left; font-family: -apple-system, sans-serif;""><div style=""font-size: 11px; color: #888; margin-bottom: 6px;"">[T33 - Intervenció bàsica en rescat urbà] Pregunta 116</div><div style=""font-weight: bold; font-size: 16px; margin-bottom: 14px; line-height: 1.4;"">Quina funció tenen les guies en un ascensor d’adherència?</div><div style=""font-size: 14px; line-height: 1.6;""><div style=""padding: 5px 0;""><b>A)</b> Transmetre el moviment de la politja cap a la cabina i el contrapès.</div><div style=""padding: 5px 0;""><b>B)</b> Marcar el recorregut de la cabina i del contrapès i estabilitzar-ne el moviment.</div><div style=""padding: 5px 0;""><b>C)</b> Equilibrar la càrrega de la cabina per disminuir l’esforç del motor.</div><div style=""padding: 5px 0;""><b>D)</b> Activar el fre de seguretat quan es detecta una velocitat excessiva.</div></div></div>","<div style=""text-align: left; font-family: -apple-system, sans-serif;""><div style=""font-weight: bold; font-size: 16px; color: #10b981; margin-bottom: 8px;"">✓ Resposta Correcta: B</div><div style=""font-size: 14px; margin-bottom: 12px; padding: 10px; background: rgba(16,185,129,0.1); border-radius: 6px; border-left: 4px solid #10b981;"">B) Marcar el recorregut de la cabina i del contrapès i estabilitzar-ne el moviment.</div><hr style=""border: 0; border-top: 1px solid #ddd; margin: 12px 0;""><div style=""font-size: 13px; color: #444; line-height: 1.4;""><b style=""color: #111;"">Explicació:</b> Les guies són rails metàl·lics que defineixen i estabilitzen el desplaçament de cabina i contrapès.</div></div>","T33_-_Intervencio_basica_en_rescat_urba","21214"
"<div style=""text-align: left; font-family: -apple-system, sans-serif;""><div style=""font-size: 11px; color: #888; margin-bottom: 6px;"">[T33 - Intervenció bàsica en rescat urbà] Pregunta 117</div><div style=""font-weight: bold; font-size: 16px; margin-bottom: 14px; line-height: 1.4;"">Quina protecció ha d’acompanyar un sistema de suspensió?</div><div style=""font-size: 14px; line-height: 1.6;""><div style=""padding: 5px 0;""><b>A)</b> Un segon sistema de suspensió.</div><div style=""padding: 5px 0;""><b>B)</b> Un sistema de politges de seguretat.</div><div style=""padding: 5px 0;""><b>C)</b> Un sistema anticaigudes.</div><div style=""padding: 5px 0;""><b>D)</b> Un sistema de retenció independent.</div></div></div>","<div style=""text-align: left; font-family: -apple-system, sans-serif;""><div style=""font-weight: bold; font-size: 16px; color: #10b981; margin-bottom: 8px;"">✓ Resposta Correcta: C</div><div style=""font-size: 14px; margin-bottom: 12px; padding: 10px; background: rgba(16,185,129,0.1); border-radius: 6px; border-left: 4px solid #10b981;"">C) Un sistema anticaigudes.</div><hr style=""border: 0; border-top: 1px solid #ddd; margin: 12px 0;""><div style=""font-size: 13px; color: #444; line-height: 1.4;""><b style=""color: #111;"">Explicació:</b> La suspensió s’ha de complementar amb un sistema anticaigudes que actuï de manera independent.</div></div>","T33_-_Intervencio_basica_en_rescat_urba","21190"
"<div style=""text-align: left; font-family: -apple-system, sans-serif;""><div style=""font-size: 11px; color: #888; margin-bottom: 6px;"">[T33 - Intervenció bàsica en rescat urbà] Pregunta 118</div><div style=""font-weight: bold; font-size: 16px; margin-bottom: 14px; line-height: 1.4;"">Com es configura el sistema anticaigudes respecte del sistema de progressió o suspensió?</div><div style=""font-size: 14px; line-height: 1.6;""><div style=""padding: 5px 0;""><b>A)</b> Un sistema independent connectat a l’anella ventral de l’arnès integral.</div><div style=""padding: 5px 0;""><b>B)</b> S’integra al polispast i es connecta al punt mòbil que suporta la càrrega.</div><div style=""padding: 5px 0;""><b>C)</b> Forma part del mateix sistema i es connecta a l’anella ventral de retenció.</div><div style=""padding: 5px 0;""><b>D)</b> És independent i es connecta a l’anella A anticaigudes de l’arnès integral.</div></div></div>","<div style=""text-align: left; font-family: -apple-system, sans-serif;""><div style=""font-weight: bold; font-size: 16px; color: #10b981; margin-bottom: 8px;"">✓ Resposta Correcta: D</div><div style=""font-size: 14px; margin-bottom: 12px; padding: 10px; background: rgba(16,185,129,0.1); border-radius: 6px; border-left: 4px solid #10b981;"">D) És independent i es connecta a l’anella A anticaigudes de l’arnès integral.</div><hr style=""border: 0; border-top: 1px solid #ddd; margin: 12px 0;""><div style=""font-size: 13px; color: #444; line-height: 1.4;""><b style=""color: #111;"">Explicació:</b> La independència del sistema i la connexió a l’anella A permeten que l’anticaigudes actuï com a protecció específica davant una caiguda.</div></div>","T33_-_Intervencio_basica_en_rescat_urba","21191"
"<div style=""text-align: left; font-family: -apple-system, sans-serif;""><div style=""font-size: 11px; color: #888; margin-bottom: 6px;"">[T33 - Intervenció bàsica en rescat urbà] Pregunta 119</div><div style=""font-weight: bold; font-size: 16px; margin-bottom: 14px; line-height: 1.4;"">Quins elements s’han de revisar en la comprovació prèvia de l’estat de l’ascensor?</div><div style=""font-size: 14px; line-height: 1.6;""><div style=""padding: 5px 0;""><b>A)</b> Fossat, contrapès i motor, sense inspeccionar portes, cabina ni mecanismes de bloqueig.</div><div style=""padding: 5px 0;""><b>B)</b> Portes i bloqueigs, cabina, guies i cables, i possibles deformacions.</div><div style=""padding: 5px 0;""><b>C)</b> Portes i bloqueigs, cabina i guies, deixant els cables fora de la comprovació prèvia.</div><div style=""padding: 5px 0;""><b>D)</b> Portes, botoneres i il·luminació de cabina, sense revisar guies, cables ni possibles deformacions.</div></div></div>","<div style=""text-align: left; font-family: -apple-system, sans-serif;""><div style=""font-weight: bold; font-size: 16px; color: #10b981; margin-bottom: 8px;"">✓ Resposta Correcta: B</div><div style=""font-size: 14px; margin-bottom: 12px; padding: 10px; background: rgba(16,185,129,0.1); border-radius: 6px; border-left: 4px solid #10b981;"">B) Portes i bloqueigs, cabina, guies i cables, i possibles deformacions.</div><hr style=""border: 0; border-top: 1px solid #ddd; margin: 12px 0;""><div style=""font-size: 13px; color: #444; line-height: 1.4;""><b style=""color: #111;"">Explicació:</b> La inspecció ha d’abastar els principals elements mecànics i d’accés que poden condicionar la seguretat del rescat.</div></div>","T33_-_Intervencio_basica_en_rescat_urba","21246"
"<div style=""text-align: left; font-family: -apple-system, sans-serif;""><div style=""font-size: 11px; color: #888; margin-bottom: 6px;"">[T33 - Intervenció bàsica en rescat urbà] Pregunta 120</div><div style=""font-weight: bold; font-size: 16px; margin-bottom: 14px; line-height: 1.4;"">Quina funció té el bomber situat al control principal de la torreta de l’AEA?</div><div style=""font-size: 14px; line-height: 1.6;""><div style=""padding: 5px 0;""><b>A)</b> Supervisar el moviment de la cistella sense assumir funcions de seguretat sobre les persones que hi ha a l’interior.</div><div style=""padding: 5px 0;""><b>B)</b> Garantir la seguretat de la cistella, però deixar el control de l’autoescala als ocupants de la plataforma de la plataforma.</div><div style=""padding: 5px 0;""><b>C)</b> Garantir la seguretat de les persones de la cistella i poder assumir el control de l’autoescala si cal.</div><div style=""padding: 5px 0;""><b>D)</b> Gestionar les eines i les comunicacions de la cistella, deixant el comandament de l’AEA a un altre punt de control.</div></div></div>","<div style=""text-align: left; font-family: -apple-system, sans-serif;""><div style=""font-weight: bold; font-size: 16px; color: #10b981; margin-bottom: 8px;"">✓ Resposta Correcta: C</div><div style=""font-size: 14px; margin-bottom: 12px; padding: 10px; background: rgba(16,185,129,0.1); border-radius: 6px; border-left: 4px solid #10b981;"">C) Garantir la seguretat de les persones de la cistella i poder assumir el control de l’autoescala si cal.</div><hr style=""border: 0; border-top: 1px solid #ddd; margin: 12px 0;""><div style=""font-size: 13px; color: #444; line-height: 1.4;""><b style=""color: #111;"">Explicació:</b> El control principal ha d’estar atès per un bomber que pugui supervisar i intervenir sobre el funcionament de l’autoescala.</div></div>","T33_-_Intervencio_basica_en_rescat_urba","21199"
"<div style=""text-align: left; font-family: -apple-system, sans-serif;""><div style=""font-size: 11px; color: #888; margin-bottom: 6px;"">[T33 - Intervenció bàsica en rescat urbà] Pregunta 121</div><div style=""font-weight: bold; font-size: 16px; margin-bottom: 14px; line-height: 1.4;"">On se situa habitualment el motor d’un ascensor sense cambra de màquines?</div><div style=""font-size: 14px; line-height: 1.6;""><div style=""padding: 5px 0;""><b>A)</b> Dins de la cabina, integrat a la botonera de maniobra.</div><div style=""padding: 5px 0;""><b>B)</b> Dins del mateix forat, però habitualment a la part inferior del recorregut.</div><div style=""padding: 5px 0;""><b>C)</b> Dins del mateix forat de l’ascensor, generalment a la part superior.</div><div style=""padding: 5px 0;""><b>D)</b> En una sala hidràulica de planta baixa al costat del dipòsit d’oli.</div></div></div>","<div style=""text-align: left; font-family: -apple-system, sans-serif;""><div style=""font-weight: bold; font-size: 16px; color: #10b981; margin-bottom: 8px;"">✓ Resposta Correcta: C</div><div style=""font-size: 14px; margin-bottom: 12px; padding: 10px; background: rgba(16,185,129,0.1); border-radius: 6px; border-left: 4px solid #10b981;"">C) Dins del mateix forat de l’ascensor, generalment a la part superior.</div><hr style=""border: 0; border-top: 1px solid #ddd; margin: 12px 0;""><div style=""font-size: 13px; color: #444; line-height: 1.4;""><b style=""color: #111;"">Explicació:</b> Aquests sistemes integren la màquina dins del recinte de l’ascensor i eliminen una sala tècnica específica.</div></div>","T33_-_Intervencio_basica_en_rescat_urba","21226"
"<div style=""text-align: left; font-family: -apple-system, sans-serif;""><div style=""font-size: 11px; color: #888; margin-bottom: 6px;"">[T33 - Intervenció bàsica en rescat urbà] Pregunta 122</div><div style=""font-weight: bold; font-size: 16px; margin-bottom: 14px; line-height: 1.4;"">Què inclou una intervenció en alçada en rescat urbà?</div><div style=""font-size: 14px; line-height: 1.6;""><div style=""padding: 5px 0;""><b>A)</b> Alliberar persones atrapades en espais confinats sense necessitat de progressió vertical.</div><div style=""padding: 5px 0;""><b>B)</b> Accedir, estabilitzar o evacuar persones situades en llocs elevats amb risc de caiguda per a víctimes o bombers.</div><div style=""padding: 5px 0;""><b>C)</b> Accedir i estabilitzar persones en llocs elevats, sense incloure l’evacuació dins de la intervenció en alçada.</div><div style=""padding: 5px 0;""><b>D)</b> Localitzar persones en ascensors aturats entre pisos sense exposició a desnivells.</div></div></div>","<div style=""text-align: left; font-family: -apple-system, sans-serif;""><div style=""font-weight: bold; font-size: 16px; color: #10b981; margin-bottom: 8px;"">✓ Resposta Correcta: B</div><div style=""font-size: 14px; margin-bottom: 12px; padding: 10px; background: rgba(16,185,129,0.1); border-radius: 6px; border-left: 4px solid #10b981;"">B) Accedir, estabilitzar o evacuar persones situades en llocs elevats amb risc de caiguda per a víctimes o bombers.</div><hr style=""border: 0; border-top: 1px solid #ddd; margin: 12px 0;""><div style=""font-size: 13px; color: #444; line-height: 1.4;""><b style=""color: #111;"">Explicació:</b> Les intervencions en alçada es defineixen per l’accés a llocs elevats i el risc de caiguda associat a la maniobra.</div></div>","T33_-_Intervencio_basica_en_rescat_urba","21121"
"<div style=""text-align: left; font-family: -apple-system, sans-serif;""><div style=""font-size: 11px; color: #888; margin-bottom: 6px;"">[T33 - Intervenció bàsica en rescat urbà] Pregunta 123</div><div style=""font-weight: bold; font-size: 16px; margin-bottom: 14px; line-height: 1.4;"">Quin és l’objectiu de l’assegurament de la víctima amb llitera o triangle de salvament?</div><div style=""font-size: 14px; line-height: 1.6;""><div style=""padding: 5px 0;""><b>A)</b> Permetre la progressió autònoma de la víctima sobre estructures mitjançant dos mosquetons MGO.</div><div style=""padding: 5px 0;""><b>B)</b> Mantenir la víctima dins d’una zona de retenció sense necessitat de sistemes independents.</div><div style=""padding: 5px 0;""><b>C)</b> Garantir la seguretat en rescats verticals fixant el sistema a dos punts que poden dependre del mateix ancoratge.</div><div style=""padding: 5px 0;""><b>D)</b> Garantir la màxima seguretat en rescats verticals fixant el sistema a dos punts independents.</div></div></div>","<div style=""text-align: left; font-family: -apple-system, sans-serif;""><div style=""font-weight: bold; font-size: 16px; color: #10b981; margin-bottom: 8px;"">✓ Resposta Correcta: D</div><div style=""font-size: 14px; margin-bottom: 12px; padding: 10px; background: rgba(16,185,129,0.1); border-radius: 6px; border-left: 4px solid #10b981;"">D) Garantir la màxima seguretat en rescats verticals fixant el sistema a dos punts independents.</div><hr style=""border: 0; border-top: 1px solid #ddd; margin: 12px 0;""><div style=""font-size: 13px; color: #444; line-height: 1.4;""><b style=""color: #111;"">Explicació:</b> La seguretat del rescat vertical es reforça mitjançant dos punts independents d’assegurament.</div></div>","T33_-_Intervencio_basica_en_rescat_urba","21168"
"<div style=""text-align: left; font-family: -apple-system, sans-serif;""><div style=""font-size: 11px; color: #888; margin-bottom: 6px;"">[T33 - Intervenció bàsica en rescat urbà] Pregunta 124</div><div style=""font-weight: bold; font-size: 16px; margin-bottom: 14px; line-height: 1.4;"">Quina característica defineix el motor gearless d’un ascensor sense cambra de màquines?</div><div style=""font-size: 14px; line-height: 1.6;""><div style=""padding: 5px 0;""><b>A)</b> És un motor integrat al contrapès que transmet el moviment directament a les guies.</div><div style=""padding: 5px 0;""><b>B)</b> És un motor amb reductor instal·lat a la planta baixa al costat d’una bomba hidràulica.</div><div style=""padding: 5px 0;""><b>C)</b> És un motor exterior al recinte que necessita una cambra de màquines independent.</div><div style=""padding: 5px 0;""><b>D)</b> És compacte, silenciós, sense reductor i habitualment instal·lat a la part superior del forat.</div></div></div>","<div style=""text-align: left; font-family: -apple-system, sans-serif;""><div style=""font-weight: bold; font-size: 16px; color: #10b981; margin-bottom: 8px;"">✓ Resposta Correcta: D</div><div style=""font-size: 14px; margin-bottom: 12px; padding: 10px; background: rgba(16,185,129,0.1); border-radius: 6px; border-left: 4px solid #10b981;"">D) És compacte, silenciós, sense reductor i habitualment instal·lat a la part superior del forat.</div><hr style=""border: 0; border-top: 1px solid #ddd; margin: 12px 0;""><div style=""font-size: 13px; color: #444; line-height: 1.4;""><b style=""color: #111;"">Explicació:</b> El motor gearless combina absència de reductor amb una instal·lació compacta dins del recinte de l’ascensor.</div></div>","T33_-_Intervencio_basica_en_rescat_urba","21230"
"<div style=""text-align: left; font-family: -apple-system, sans-serif;""><div style=""font-size: 11px; color: #888; margin-bottom: 6px;"">[T33 - Intervenció bàsica en rescat urbà] Pregunta 125</div><div style=""font-weight: bold; font-size: 16px; margin-bottom: 14px; line-height: 1.4;"">Quina característica de la víctima és pròpia del concepte de rescat urbà?</div><div style=""font-size: 14px; line-height: 1.6;""><div style=""padding: 5px 0;""><b>A)</b> No pot resoldre la situació compromesa sense assistència externa.</div><div style=""padding: 5px 0;""><b>B)</b> Pot resoldre la situació amb autonomia parcial, però requereix ajuda externa per completar l’evacuació.</div><div style=""padding: 5px 0;""><b>C)</b> No presenta cap dificultat funcional, però es troba en un entorn construït.</div><div style=""padding: 5px 0;""><b>D)</b> Pot abandonar la situació per si mateixa, però necessita orientació preventiva.</div></div></div>","<div style=""text-align: left; font-family: -apple-system, sans-serif;""><div style=""font-weight: bold; font-size: 16px; color: #10b981; margin-bottom: 8px;"">✓ Resposta Correcta: A</div><div style=""font-size: 14px; margin-bottom: 12px; padding: 10px; background: rgba(16,185,129,0.1); border-radius: 6px; border-left: 4px solid #10b981;"">A) No pot resoldre la situació compromesa sense assistència externa.</div><hr style=""border: 0; border-top: 1px solid #ddd; margin: 12px 0;""><div style=""font-size: 13px; color: #444; line-height: 1.4;""><b style=""color: #111;"">Explicació:</b> La necessitat d’assistència externa és un element definitori del rescat urbà.</div></div>","T33_-_Intervencio_basica_en_rescat_urba","21112"
"<div style=""text-align: left; font-family: -apple-system, sans-serif;""><div style=""font-size: 11px; color: #888; margin-bottom: 6px;"">[T33 - Intervenció bàsica en rescat urbà] Pregunta 126</div><div style=""font-weight: bold; font-size: 16px; margin-bottom: 14px; line-height: 1.4;"">Quina funció té el fre de seguretat d’un ascensor electromecànic d’adherència?</div><div style=""font-size: 14px; line-height: 1.6;""><div style=""padding: 5px 0;""><b>A)</b> Bloquejar el moviment de la cabina quan no hi ha energia o en cas d’avaria.</div><div style=""padding: 5px 0;""><b>B)</b> Bloquejar la cabina en cas d’avaria, però permetre el moviment quan desapareix el subministrament elèctric.</div><div style=""padding: 5px 0;""><b>C)</b> Equilibrar el pes de la cabina i disminuir la càrrega sobre la politja.</div><div style=""padding: 5px 0;""><b>D)</b> Regular la velocitat nominal del motor durant el funcionament ordinari.</div></div></div>","<div style=""text-align: left; font-family: -apple-system, sans-serif;""><div style=""font-weight: bold; font-size: 16px; color: #10b981; margin-bottom: 8px;"">✓ Resposta Correcta: A</div><div style=""font-size: 14px; margin-bottom: 12px; padding: 10px; background: rgba(16,185,129,0.1); border-radius: 6px; border-left: 4px solid #10b981;"">A) Bloquejar el moviment de la cabina quan no hi ha energia o en cas d’avaria.</div><hr style=""border: 0; border-top: 1px solid #ddd; margin: 12px 0;""><div style=""font-size: 13px; color: #444; line-height: 1.4;""><b style=""color: #111;"">Explicació:</b> El fre manté la cabina immobilitzada quan el sistema no està alimentat o quan es produeix una condició d’avaria.</div></div>","T33_-_Intervencio_basica_en_rescat_urba","21218"
"<div style=""text-align: left; font-family: -apple-system, sans-serif;""><div style=""font-size: 11px; color: #888; margin-bottom: 6px;"">[T33 - Intervenció bàsica en rescat urbà] Pregunta 127</div><div style=""font-weight: bold; font-size: 16px; margin-bottom: 14px; line-height: 1.4;"">Com s’han de transportar les eines quan es treballa amb l’AEA?</div><div style=""font-size: 14px; line-height: 1.6;""><div style=""padding: 5px 0;""><b>A)</b> Portar les eines en bosses penjades durant tota la maniobra, sense opció de recollir-les un cop a la cistella.</div><div style=""padding: 5px 0;""><b>B)</b> En bosses penjades o recollint-les un cop s’ha arribat a la cistella.</div><div style=""padding: 5px 0;""><b>C)</b> A les mans durant el desplaçament pels trams per evitar que les bosses interfereixin.</div><div style=""padding: 5px 0;""><b>D)</b> Fixades directament als mosquetons MGO que asseguren la progressió del bomber.</div></div></div>","<div style=""text-align: left; font-family: -apple-system, sans-serif;""><div style=""font-weight: bold; font-size: 16px; color: #10b981; margin-bottom: 8px;"">✓ Resposta Correcta: B</div><div style=""font-size: 14px; margin-bottom: 12px; padding: 10px; background: rgba(16,185,129,0.1); border-radius: 6px; border-left: 4px solid #10b981;"">B) En bosses penjades o recollint-les un cop s’ha arribat a la cistella.</div><hr style=""border: 0; border-top: 1px solid #ddd; margin: 12px 0;""><div style=""font-size: 13px; color: #444; line-height: 1.4;""><b style=""color: #111;"">Explicació:</b> El transport de les eines no ha de comprometre les mans lliures ni interferir amb el sistema d’assegurament.</div></div>","T33_-_Intervencio_basica_en_rescat_urba","21202"
"<div style=""text-align: left; font-family: -apple-system, sans-serif;""><div style=""font-size: 11px; color: #888; margin-bottom: 6px;"">[T33 - Intervenció bàsica en rescat urbà] Pregunta 128</div><div style=""font-weight: bold; font-size: 16px; margin-bottom: 14px; line-height: 1.4;"">Quin avantatge arquitectònic ofereix un ascensor sense cambra de màquines?</div><div style=""font-size: 14px; line-height: 1.6;""><div style=""padding: 5px 0;""><b>A)</b> Estalvia espai i elimina la necessitat d’una sala tècnica específica.</div><div style=""padding: 5px 0;""><b>B)</b> Estalviar espai traslladant la cambra de màquines a una zona tècnica més petita de la planta superior.</div><div style=""padding: 5px 0;""><b>C)</b> Permet prescindir del contrapès i del sistema de frenada.</div><div style=""padding: 5px 0;""><b>D)</b> Elimina la necessitat de guies i cables dins del forat.</div></div></div>","<div style=""text-align: left; font-family: -apple-system, sans-serif;""><div style=""font-weight: bold; font-size: 16px; color: #10b981; margin-bottom: 8px;"">✓ Resposta Correcta: A</div><div style=""font-size: 14px; margin-bottom: 12px; padding: 10px; background: rgba(16,185,129,0.1); border-radius: 6px; border-left: 4px solid #10b981;"">A) Estalvia espai i elimina la necessitat d’una sala tècnica específica.</div><hr style=""border: 0; border-top: 1px solid #ddd; margin: 12px 0;""><div style=""font-size: 13px; color: #444; line-height: 1.4;""><b style=""color: #111;"">Explicació:</b> La integració dels equips al recinte permet reduir espais tècnics independents.</div></div>","T33_-_Intervencio_basica_en_rescat_urba","21228"
"<div style=""text-align: left; font-family: -apple-system, sans-serif;""><div style=""font-size: 11px; color: #888; margin-bottom: 6px;"">[T33 - Intervenció bàsica en rescat urbà] Pregunta 129</div><div style=""font-weight: bold; font-size: 16px; margin-bottom: 14px; line-height: 1.4;"">Com s’ha de moure un bomber pels trams de l’AEA?</div><div style=""font-size: 14px; line-height: 1.6;""><div style=""padding: 5px 0;""><b>A)</b> Amb el motor aturat, desconnectant els dos mosquetons MGO cada vegada que supera un tram.</div><div style=""padding: 5px 0;""><b>B)</b> Amb el motor en marxa, assegurat amb una única corda de retenció i portant les eines a les mans.</div><div style=""padding: 5px 0;""><b>C)</b> Amb el motor en marxa, utilitzant la barana com a únic sistema d’assegurament i sense MGO.</div><div style=""padding: 5px 0;""><b>D)</b> Amb el motor aturat, assegurat amb el sistema MGO i mantenint les mans lliures.</div></div></div>","<div style=""text-align: left; font-family: -apple-system, sans-serif;""><div style=""font-weight: bold; font-size: 16px; color: #10b981; margin-bottom: 8px;"">✓ Resposta Correcta: D</div><div style=""font-size: 14px; margin-bottom: 12px; padding: 10px; background: rgba(16,185,129,0.1); border-radius: 6px; border-left: 4px solid #10b981;"">D) Amb el motor aturat, assegurat amb el sistema MGO i mantenint les mans lliures.</div><hr style=""border: 0; border-top: 1px solid #ddd; margin: 12px 0;""><div style=""font-size: 13px; color: #444; line-height: 1.4;""><b style=""color: #111;"">Explicació:</b> El moviment pels trams combina immobilització de l’AEA, assegurament amb MGO i mans lliures per mantenir una progressió segura.</div></div>","T33_-_Intervencio_basica_en_rescat_urba","21201"
"<div style=""text-align: left; font-family: -apple-system, sans-serif;""><div style=""font-size: 11px; color: #888; margin-bottom: 6px;"">[T33 - Intervenció bàsica en rescat urbà] Pregunta 130</div><div style=""font-weight: bold; font-size: 16px; margin-bottom: 14px; line-height: 1.4;"">Com pot actuar el pistó en un ascensor hidràulic?</div><div style=""font-size: 14px; line-height: 1.6;""><div style=""padding: 5px 0;""><b>A)</b> Actuar directament sota la cabina o indirectament mitjançant politges, però no mitjançant palanques.</div><div style=""padding: 5px 0;""><b>B)</b> Sobre les guies de cabina, que es desplacen verticalment juntament amb el pistó.</div><div style=""padding: 5px 0;""><b>C)</b> Directament sobre la politja d’adherència o indirectament sobre el limitador de velocitat.</div><div style=""padding: 5px 0;""><b>D)</b> De forma directa sota la cabina o de forma indirecta mitjançant politges o palanques.</div></div></div>","<div style=""text-align: left; font-family: -apple-system, sans-serif;""><div style=""font-weight: bold; font-size: 16px; color: #10b981; margin-bottom: 8px;"">✓ Resposta Correcta: D</div><div style=""font-size: 14px; margin-bottom: 12px; padding: 10px; background: rgba(16,185,129,0.1); border-radius: 6px; border-left: 4px solid #10b981;"">D) De forma directa sota la cabina o de forma indirecta mitjançant politges o palanques.</div><hr style=""border: 0; border-top: 1px solid #ddd; margin: 12px 0;""><div style=""font-size: 13px; color: #444; line-height: 1.4;""><b style=""color: #111;"">Explicació:</b> La transmissió pot ser directa o indirecta segons com el pistó transfereixi el moviment a la cabina.</div></div>","T33_-_Intervencio_basica_en_rescat_urba","21224"
"<div style=""text-align: left; font-family: -apple-system, sans-serif;""><div style=""font-size: 11px; color: #888; margin-bottom: 6px;"">[T33 - Intervenció bàsica en rescat urbà] Pregunta 131</div><div style=""font-weight: bold; font-size: 16px; margin-bottom: 14px; line-height: 1.4;"">Com es mou manualment la cabina en la maniobra de rescat d’un ascensor electromecànic d’adherència?</div><div style=""font-size: 14px; line-height: 1.6;""><div style=""padding: 5px 0;""><b>A)</b> Desbloquejant el fre motor i girant el volant fins a fer coincidir la cabina amb una planta transitable.</div><div style=""padding: 5px 0;""><b>B)</b> Obrint la vàlvula de descàrrega perquè la cabina baixi lentament per efecte hidràulic.</div><div style=""padding: 5px 0;""><b>C)</b> Alliberant els cables de la politja perquè el contrapès situï la cabina a la planta més propera.</div><div style=""padding: 5px 0;""><b>D)</b> Accionant els dos polsadors d’emergència perquè el motor porti la cabina a planta.</div></div></div>","<div style=""text-align: left; font-family: -apple-system, sans-serif;""><div style=""font-weight: bold; font-size: 16px; color: #10b981; margin-bottom: 8px;"">✓ Resposta Correcta: A</div><div style=""font-size: 14px; margin-bottom: 12px; padding: 10px; background: rgba(16,185,129,0.1); border-radius: 6px; border-left: 4px solid #10b981;"">A) Desbloquejant el fre motor i girant el volant fins a fer coincidir la cabina amb una planta transitable.</div><hr style=""border: 0; border-top: 1px solid #ddd; margin: 12px 0;""><div style=""font-size: 13px; color: #444; line-height: 1.4;""><b style=""color: #111;"">Explicació:</b> El moviment manual es fa sobre el sistema motor-fre i es controla amb el volant fins al nivell d’evacuació.</div></div>","T33_-_Intervencio_basica_en_rescat_urba","21235"
"<div style=""text-align: left; font-family: -apple-system, sans-serif;""><div style=""font-size: 11px; color: #888; margin-bottom: 6px;"">[T33 - Intervenció bàsica en rescat urbà] Pregunta 132</div><div style=""font-weight: bold; font-size: 16px; margin-bottom: 14px; line-height: 1.4;"">Què integra un sistema de protecció individual contra caigudes?</div><div style=""font-size: 14px; line-height: 1.6;""><div style=""padding: 5px 0;""><b>A)</b> Dos punts d’ancoratge de fortuna i una escala manual recolzada a l’estructura.</div><div style=""padding: 5px 0;""><b>B)</b> Un dispositiu de subjecció del cos i un sistema de connexió fixat a un punt d’ancoratge segur.</div><div style=""padding: 5px 0;""><b>C)</b> Un dispositiu de frenada i una corda de topall sense connexió a l’arnès.</div><div style=""padding: 5px 0;""><b>D)</b> Una politja simple i una corda principal destinades a redirigir la càrrega.</div></div></div>","<div style=""text-align: left; font-family: -apple-system, sans-serif;""><div style=""font-weight: bold; font-size: 16px; color: #10b981; margin-bottom: 8px;"">✓ Resposta Correcta: B</div><div style=""font-size: 14px; margin-bottom: 12px; padding: 10px; background: rgba(16,185,129,0.1); border-radius: 6px; border-left: 4px solid #10b981;"">B) Un dispositiu de subjecció del cos i un sistema de connexió fixat a un punt d’ancoratge segur.</div><hr style=""border: 0; border-top: 1px solid #ddd; margin: 12px 0;""><div style=""font-size: 13px; color: #444; line-height: 1.4;""><b style=""color: #111;"">Explicació:</b> La protecció individual contra caigudes combina la subjecció de l’usuari amb una connexió segura a un ancoratge.</div></div>","T33_-_Intervencio_basica_en_rescat_urba","21186"
"<div style=""text-align: left; font-family: -apple-system, sans-serif;""><div style=""font-size: 11px; color: #888; margin-bottom: 6px;"">[T33 - Intervenció bàsica en rescat urbà] Pregunta 133</div><div style=""font-weight: bold; font-size: 16px; margin-bottom: 14px; line-height: 1.4;"">Quina diferència hi ha entre un motor geared i un motor gearless en ascensors d’adherència?</div><div style=""font-size: 14px; line-height: 1.6;""><div style=""padding: 5px 0;""><b>A)</b> El geared no necessita politja, mentre que el gearless necessita una politja d’adherència.</div><div style=""padding: 5px 0;""><b>B)</b> El geared s’instal·la dins la cabina, mentre que el gearless s’instal·la al contrapès.</div><div style=""padding: 5px 0;""><b>C)</b> El geared treballa amb pistó hidràulic, mentre que el gearless treballa amb cables d’acer.</div><div style=""padding: 5px 0;""><b>D)</b> El geared incorpora reductor, mentre que el gearless funciona sense reductor.</div></div></div>","<div style=""text-align: left; font-family: -apple-system, sans-serif;""><div style=""font-weight: bold; font-size: 16px; color: #10b981; margin-bottom: 8px;"">✓ Resposta Correcta: D</div><div style=""font-size: 14px; margin-bottom: 12px; padding: 10px; background: rgba(16,185,129,0.1); border-radius: 6px; border-left: 4px solid #10b981;"">D) El geared incorpora reductor, mentre que el gearless funciona sense reductor.</div><hr style=""border: 0; border-top: 1px solid #ddd; margin: 12px 0;""><div style=""font-size: 13px; color: #444; line-height: 1.4;""><b style=""color: #111;"">Explicació:</b> La diferència tècnica és la presència o absència del reductor entre el motor i el sistema de tracció.</div></div>","T33_-_Intervencio_basica_en_rescat_urba","21217"
"<div style=""text-align: left; font-family: -apple-system, sans-serif;""><div style=""font-size: 11px; color: #888; margin-bottom: 6px;"">[T33 - Intervenció bàsica en rescat urbà] Pregunta 134</div><div style=""font-weight: bold; font-size: 16px; margin-bottom: 14px; line-height: 1.4;"">Quin criteri ha de conciliar seguretat i eficàcia en les intervencions en alçada?</div><div style=""font-size: 14px; line-height: 1.6;""><div style=""padding: 5px 0;""><b>A)</b> Aplicar el procediment amb flexibilitat, prioritzant la rapidesa de l’evacuació quan entri en conflicte amb alguna mesura preventiva.</div><div style=""padding: 5px 0;""><b>B)</b> Reduir algunes mesures de protecció quan l’evacuació pugui completar-se amb més rapidesa.</div><div style=""padding: 5px 0;""><b>C)</b> Aplicar el procediment amb flexibilitat i sentit comú, prioritzant la missió de salvament sense oposar seguretat i eficàcia.</div><div style=""padding: 5px 0;""><b>D)</b> Aplicar totes les mesures preventives de manera rígida encara que impedeixin assolir la finalitat del salvament.</div></div></div>","<div style=""text-align: left; font-family: -apple-system, sans-serif;""><div style=""font-weight: bold; font-size: 16px; color: #10b981; margin-bottom: 8px;"">✓ Resposta Correcta: C</div><div style=""font-size: 14px; margin-bottom: 12px; padding: 10px; background: rgba(16,185,129,0.1); border-radius: 6px; border-left: 4px solid #10b981;"">C) Aplicar el procediment amb flexibilitat i sentit comú, prioritzant la missió de salvament sense oposar seguretat i eficàcia.</div><hr style=""border: 0; border-top: 1px solid #ddd; margin: 12px 0;""><div style=""font-size: 13px; color: #444; line-height: 1.4;""><b style=""color: #111;"">Explicació:</b> La seguretat no s’ha de plantejar com un obstacle a l’eficàcia, sinó integrar-se amb flexibilitat en la missió de salvament.</div></div>","T33_-_Intervencio_basica_en_rescat_urba","21123"
"<div style=""text-align: left; font-family: -apple-system, sans-serif;""><div style=""font-size: 11px; color: #888; margin-bottom: 6px;"">[T33 - Intervenció bàsica en rescat urbà] Pregunta 135</div><div style=""font-weight: bold; font-size: 16px; margin-bottom: 14px; line-height: 1.4;"">Quin equip s’utilitza per ascendir per una corda fixa?</div><div style=""font-size: 14px; line-height: 1.6;""><div style=""padding: 5px 0;""><b>A)</b> Un sistema d’ascens amb bloquejadors de puny, pedal i arnès sobre una corda prèviament instal·lada.</div><div style=""padding: 5px 0;""><b>B)</b> Bloquejadors de puny i arnès, però sense pedal de progressió.</div><div style=""padding: 5px 0;""><b>C)</b> Una cistella d’autoescala i un sistema de gruatge lleuger amb triangle de rescat.</div><div style=""padding: 5px 0;""><b>D)</b> Un dispositiu de frenada, una politja simple i una corda secundària de topall.</div></div></div>","<div style=""text-align: left; font-family: -apple-system, sans-serif;""><div style=""font-weight: bold; font-size: 16px; color: #10b981; margin-bottom: 8px;"">✓ Resposta Correcta: A</div><div style=""font-size: 14px; margin-bottom: 12px; padding: 10px; background: rgba(16,185,129,0.1); border-radius: 6px; border-left: 4px solid #10b981;"">A) Un sistema d’ascens amb bloquejadors de puny, pedal i arnès sobre una corda prèviament instal·lada.</div><hr style=""border: 0; border-top: 1px solid #ddd; margin: 12px 0;""><div style=""font-size: 13px; color: #444; line-height: 1.4;""><b style=""color: #111;"">Explicació:</b> Els bloquejadors, el pedal i l’arnès permeten progressar cap amunt sobre una corda fixa.</div></div>","T33_-_Intervencio_basica_en_rescat_urba","21162"
"<div style=""text-align: left; font-family: -apple-system, sans-serif;""><div style=""font-size: 11px; color: #888; margin-bottom: 6px;"">[T33 - Intervenció bàsica en rescat urbà] Pregunta 136</div><div style=""font-weight: bold; font-size: 16px; margin-bottom: 14px; line-height: 1.4;"">Quantes grans tipologies de rescat urbà es diferencien dins l’estructura operativa?</div><div style=""font-size: 14px; line-height: 1.6;""><div style=""padding: 5px 0;""><b>A)</b> Quatre grans tipologies.</div><div style=""padding: 5px 0;""><b>B)</b> Tres grans tipologies.</div><div style=""padding: 5px 0;""><b>C)</b> Cinc grans tipologies.</div><div style=""padding: 5px 0;""><b>D)</b> Dues grans tipologies.</div></div></div>","<div style=""text-align: left; font-family: -apple-system, sans-serif;""><div style=""font-weight: bold; font-size: 16px; color: #10b981; margin-bottom: 8px;"">✓ Resposta Correcta: B</div><div style=""font-size: 14px; margin-bottom: 12px; padding: 10px; background: rgba(16,185,129,0.1); border-radius: 6px; border-left: 4px solid #10b981;"">B) Tres grans tipologies.</div><hr style=""border: 0; border-top: 1px solid #ddd; margin: 12px 0;""><div style=""font-size: 13px; color: #444; line-height: 1.4;""><b style=""color: #111;"">Explicació:</b> L’estructura operativa agrupa el rescat urbà en tres grans tipologies que es poden presentar de manera combinada.</div></div>","T33_-_Intervencio_basica_en_rescat_urba","21114"
"<div style=""text-align: left; font-family: -apple-system, sans-serif;""><div style=""font-size: 11px; color: #888; margin-bottom: 6px;"">[T33 - Intervenció bàsica en rescat urbà] Pregunta 137</div><div style=""font-weight: bold; font-size: 16px; margin-bottom: 14px; line-height: 1.4;"">Quina diferència hi ha entre el vuit simple i el vuit resseguit en aquestes maniobres?</div><div style=""font-size: 14px; line-height: 1.6;""><div style=""padding: 5px 0;""><b>A)</b> El simple s’utilitza en ancoratges provisionals; el resseguit funciona com a nus autoblocant de seguretat.</div><div style=""padding: 5px 0;""><b>B)</b> El simple fixa la corda a l’arnès; el resseguit s’utilitza com a topall en un descensor o una politja.</div><div style=""padding: 5px 0;""><b>C)</b> El simple és autoblocant en ascensos; el resseguit és ajustable en ancoratges provisionals.</div><div style=""padding: 5px 0;""><b>D)</b> El simple actua com a topall; el resseguit serveix per assegurar la corda a l’arnès o a un punt fix.</div></div></div>","<div style=""text-align: left; font-family: -apple-system, sans-serif;""><div style=""font-weight: bold; font-size: 16px; color: #10b981; margin-bottom: 8px;"">✓ Resposta Correcta: D</div><div style=""font-size: 14px; margin-bottom: 12px; padding: 10px; background: rgba(16,185,129,0.1); border-radius: 6px; border-left: 4px solid #10b981;"">D) El simple actua com a topall; el resseguit serveix per assegurar la corda a l’arnès o a un punt fix.</div><hr style=""border: 0; border-top: 1px solid #ddd; margin: 12px 0;""><div style=""font-size: 13px; color: #444; line-height: 1.4;""><b style=""color: #111;"">Explicació:</b> Tots dos són nusos de vuit, però la seva funció operativa és diferent: topall en el simple i ancoratge en el resseguit.</div></div>","T33_-_Intervencio_basica_en_rescat_urba","21141"
"<div style=""text-align: left; font-family: -apple-system, sans-serif;""><div style=""font-size: 11px; color: #888; margin-bottom: 6px;"">[T33 - Intervenció bàsica en rescat urbà] Pregunta 138</div><div style=""font-weight: bold; font-size: 16px; margin-bottom: 14px; line-height: 1.4;"">Quines dues homologacions de corda utilitzen els Bombers de la Generalitat en aquest àmbit?</div><div style=""font-size: 14px; line-height: 1.6;""><div style=""padding: 5px 0;""><b>A)</b> Categoria de corda semiestàtica i categoria de corda dinàmica simple.</div><div style=""padding: 5px 0;""><b>B)</b> Categoria de corda de suspensió i categoria de corda de tracció simple.</div><div style=""padding: 5px 0;""><b>C)</b> Categoria de corda estàtica rígida i categoria de corda dinàmica doble.</div><div style=""padding: 5px 0;""><b>D)</b> Categoria de corda principal i categoria de corda secundària homologada.</div></div></div>","<div style=""text-align: left; font-family: -apple-system, sans-serif;""><div style=""font-weight: bold; font-size: 16px; color: #10b981; margin-bottom: 8px;"">✓ Resposta Correcta: A</div><div style=""font-size: 14px; margin-bottom: 12px; padding: 10px; background: rgba(16,185,129,0.1); border-radius: 6px; border-left: 4px solid #10b981;"">A) Categoria de corda semiestàtica i categoria de corda dinàmica simple.</div><hr style=""border: 0; border-top: 1px solid #ddd; margin: 12px 0;""><div style=""font-size: 13px; color: #444; line-height: 1.4;""><b style=""color: #111;"">Explicació:</b> Les dues categories indicades són la semiestàtica i la dinàmica simple, aquesta última apta per absorbir una caiguda.</div></div>","T33_-_Intervencio_basica_en_rescat_urba","21134"
"<div style=""text-align: left; font-family: -apple-system, sans-serif;""><div style=""font-size: 11px; color: #888; margin-bottom: 6px;"">[T33 - Intervenció bàsica en rescat urbà] Pregunta 139</div><div style=""font-weight: bold; font-size: 16px; margin-bottom: 14px; line-height: 1.4;"">En quin ús destaca el nus ballestrinca o pardal?</div><div style=""font-size: 14px; line-height: 1.6;""><div style=""padding: 5px 0;""><b>A)</b> En la funció autoblocant de seguretat durant l’ascens per corda fixa.</div><div style=""padding: 5px 0;""><b>B)</b> En connexions ràpides a punts d’ancoratge provisionals, però sense possibilitat d’ajustar la connexió.</div><div style=""padding: 5px 0;""><b>C)</b> En connexions ràpides i ajustables a punts d’ancoratge provisionals.</div><div style=""padding: 5px 0;""><b>D)</b> En la creació d’un topall per impedir que la corda surti d’un descensor.</div></div></div>","<div style=""text-align: left; font-family: -apple-system, sans-serif;""><div style=""font-weight: bold; font-size: 16px; color: #10b981; margin-bottom: 8px;"">✓ Resposta Correcta: C</div><div style=""font-size: 14px; margin-bottom: 12px; padding: 10px; background: rgba(16,185,129,0.1); border-radius: 6px; border-left: 4px solid #10b981;"">C) En connexions ràpides i ajustables a punts d’ancoratge provisionals.</div><hr style=""border: 0; border-top: 1px solid #ddd; margin: 12px 0;""><div style=""font-size: 13px; color: #444; line-height: 1.4;""><b style=""color: #111;"">Explicació:</b> El ballestrinca permet ajustar amb rapidesa una connexió sobre un ancoratge provisional.</div></div>","T33_-_Intervencio_basica_en_rescat_urba","21139"
"<div style=""text-align: left; font-family: -apple-system, sans-serif;""><div style=""font-size: 11px; color: #888; margin-bottom: 6px;"">[T33 - Intervenció bàsica en rescat urbà] Pregunta 140</div><div style=""font-weight: bold; font-size: 16px; margin-bottom: 14px; line-height: 1.4;"">On se situen habitualment el motor i la bomba d’un ascensor hidràulic?</div><div style=""font-size: 14px; line-height: 1.6;""><div style=""padding: 5px 0;""><b>A)</b> Dins de la cabina, integrats amb el quadre de maniobres i el fre.</div><div style=""padding: 5px 0;""><b>B)</b> En un armari tècnic a la planta baixa, sovint en una sala annexa al recinte.</div><div style=""padding: 5px 0;""><b>C)</b> Al fossat, connectats directament a les guies i al limitador de velocitat.</div><div style=""padding: 5px 0;""><b>D)</b> En un armari tècnic de planta baixa integrat al mateix recinte de l’ascensor.</div></div></div>","<div style=""text-align: left; font-family: -apple-system, sans-serif;""><div style=""font-weight: bold; font-size: 16px; color: #10b981; margin-bottom: 8px;"">✓ Resposta Correcta: B</div><div style=""font-size: 14px; margin-bottom: 12px; padding: 10px; background: rgba(16,185,129,0.1); border-radius: 6px; border-left: 4px solid #10b981;"">B) En un armari tècnic a la planta baixa, sovint en una sala annexa al recinte.</div><hr style=""border: 0; border-top: 1px solid #ddd; margin: 12px 0;""><div style=""font-size: 13px; color: #444; line-height: 1.4;""><b style=""color: #111;"">Explicació:</b> La central hidràulica se situa habitualment en un espai tècnic de planta baixa pròxim al recinte de l’ascensor.</div></div>","T33_-_Intervencio_basica_en_rescat_urba","21223"
"<div style=""text-align: left; font-family: -apple-system, sans-serif;""><div style=""font-size: 11px; color: #888; margin-bottom: 6px;"">[T33 - Intervenció bàsica en rescat urbà] Pregunta 141</div><div style=""font-weight: bold; font-size: 16px; margin-bottom: 14px; line-height: 1.4;"">On s’accedeix per realitzar la maniobra manual d’un ascensor electromecànic d’adherència tradicional?</div><div style=""font-size: 14px; line-height: 1.6;""><div style=""padding: 5px 0;""><b>A)</b> Al fossat de l’ascensor.</div><div style=""padding: 5px 0;""><b>B)</b> A l’armari de control electrònic.</div><div style=""padding: 5px 0;""><b>C)</b> A l’armari tècnic de planta baixa.</div><div style=""padding: 5px 0;""><b>D)</b> A la cambra de màquines.</div></div></div>","<div style=""text-align: left; font-family: -apple-system, sans-serif;""><div style=""font-weight: bold; font-size: 16px; color: #10b981; margin-bottom: 8px;"">✓ Resposta Correcta: D</div><div style=""font-size: 14px; margin-bottom: 12px; padding: 10px; background: rgba(16,185,129,0.1); border-radius: 6px; border-left: 4px solid #10b981;"">D) A la cambra de màquines.</div><hr style=""border: 0; border-top: 1px solid #ddd; margin: 12px 0;""><div style=""font-size: 13px; color: #444; line-height: 1.4;""><b style=""color: #111;"">Explicació:</b> La maniobra tradicional de desbloqueig del fre i gir del volant es fa des de la cambra de màquines.</div></div>","T33_-_Intervencio_basica_en_rescat_urba","21236"
"<div style=""text-align: left; font-family: -apple-system, sans-serif;""><div style=""font-size: 11px; color: #888; margin-bottom: 6px;"">[T33 - Intervenció bàsica en rescat urbà] Pregunta 142</div><div style=""font-weight: bold; font-size: 16px; margin-bottom: 14px; line-height: 1.4;"">Quina conseqüència té un tall de subministrament elèctric en un ascensor electromecànic d’adherència?</div><div style=""font-size: 14px; line-height: 1.6;""><div style=""padding: 5px 0;""><b>A)</b> La politja queda desembragada i els cables deixen de sostenir la cabina fins que torna el corrent.</div><div style=""padding: 5px 0;""><b>B)</b> La cabina descendeix automàticament fins a la planta inferior per l’acció del contrapès.</div><div style=""padding: 5px 0;""><b>C)</b> La cabina queda lliure i pot moure’s manualment sense actuar sobre cap sistema de frenada.</div><div style=""padding: 5px 0;""><b>D)</b> La cabina queda bloquejada pel fre del motor i cal desbloquejar-lo manualment des de la cambra de màquines.</div></div></div>","<div style=""text-align: left; font-family: -apple-system, sans-serif;""><div style=""font-weight: bold; font-size: 16px; color: #10b981; margin-bottom: 8px;"">✓ Resposta Correcta: D</div><div style=""font-size: 14px; margin-bottom: 12px; padding: 10px; background: rgba(16,185,129,0.1); border-radius: 6px; border-left: 4px solid #10b981;"">D) La cabina queda bloquejada pel fre del motor i cal desbloquejar-lo manualment des de la cambra de màquines.</div><hr style=""border: 0; border-top: 1px solid #ddd; margin: 12px 0;""><div style=""font-size: 13px; color: #444; line-height: 1.4;""><b style=""color: #111;"">Explicació:</b> En absència d’alimentació, el fre immobilitza la cabina i la maniobra de rescat requereix alliberar-lo de manera controlada.</div></div>","T33_-_Intervencio_basica_en_rescat_urba","21220"
"<div style=""text-align: left; font-family: -apple-system, sans-serif;""><div style=""font-size: 11px; color: #888; margin-bottom: 6px;"">[T33 - Intervenció bàsica en rescat urbà] Pregunta 143</div><div style=""font-weight: bold; font-size: 16px; margin-bottom: 14px; line-height: 1.4;"">Quin és l’objectiu de la inspecció prèvia dels elements de l’ascensor?</div><div style=""font-size: 14px; line-height: 1.6;""><div style=""padding: 5px 0;""><b>A)</b> Detectar anomalies que podrien agreujar la situació i aplicar mesures correctores abans de continuar.</div><div style=""padding: 5px 0;""><b>B)</b> Detectar anomalies que podrien agreujar la situació, però deixar les mesures correctores per després de l’extracció.</div><div style=""padding: 5px 0;""><b>C)</b> Comprovar si la maniobra pot executar-se sense tallar el subministrament elèctric.</div><div style=""padding: 5px 0;""><b>D)</b> Decidir si es pot obrir una porta de planta abans de localitzar la cabina.</div></div></div>","<div style=""text-align: left; font-family: -apple-system, sans-serif;""><div style=""font-weight: bold; font-size: 16px; color: #10b981; margin-bottom: 8px;"">✓ Resposta Correcta: A</div><div style=""font-size: 14px; margin-bottom: 12px; padding: 10px; background: rgba(16,185,129,0.1); border-radius: 6px; border-left: 4px solid #10b981;"">A) Detectar anomalies que podrien agreujar la situació i aplicar mesures correctores abans de continuar.</div><hr style=""border: 0; border-top: 1px solid #ddd; margin: 12px 0;""><div style=""font-size: 13px; color: #444; line-height: 1.4;""><b style=""color: #111;"">Explicació:</b> La revisió prèvia permet identificar riscos afegits abans que la maniobra els faci més crítics.</div></div>","T33_-_Intervencio_basica_en_rescat_urba","21247"
"<div style=""text-align: left; font-family: -apple-system, sans-serif;""><div style=""font-size: 11px; color: #888; margin-bottom: 6px;"">[T33 - Intervenció bàsica en rescat urbà] Pregunta 144</div><div style=""font-weight: bold; font-size: 16px; margin-bottom: 14px; line-height: 1.4;"">Quin és l’objectiu de la maniobra amb escala de ganxos o escala colissa?</div><div style=""font-size: 14px; line-height: 1.6;""><div style=""padding: 5px 0;""><b>A)</b> Permetre l’accés o l’evacuació en alçada, especialment en espais estrets, patis interiors o façanes sense accés amb autoescala.</div><div style=""padding: 5px 0;""><b>B)</b> Permetre el descens controlat per corda quan hi ha un punt superior d’ancoratge fiable.</div><div style=""padding: 5px 0;""><b>C)</b> Permetre l’accés en alçada amb escala de ganxos o colissa, però no utilitzar-les per a l’evacuació.</div><div style=""padding: 5px 0;""><b>D)</b> Permetre l’elevació de lliteres mitjançant un sistema de politges amb avantatge mecànic.</div></div></div>","<div style=""text-align: left; font-family: -apple-system, sans-serif;""><div style=""font-weight: bold; font-size: 16px; color: #10b981; margin-bottom: 8px;"">✓ Resposta Correcta: A</div><div style=""font-size: 14px; margin-bottom: 12px; padding: 10px; background: rgba(16,185,129,0.1); border-radius: 6px; border-left: 4px solid #10b981;"">A) Permetre l’accés o l’evacuació en alçada, especialment en espais estrets, patis interiors o façanes sense accés amb autoescala.</div><hr style=""border: 0; border-top: 1px solid #ddd; margin: 12px 0;""><div style=""font-size: 13px; color: #444; line-height: 1.4;""><b style=""color: #111;"">Explicació:</b> Aquestes escales són una alternativa d’accés o evacuació quan l’espai o la façana dificulten l’ús de l’autoescala.</div></div>","T33_-_Intervencio_basica_en_rescat_urba","21177"